# cl_TT                  cl_TE                    cl_EE
2.000049879618485420e+03 3.739474232745243931e+00 3.793033672401471823e-02
1.819757209440960878e+03 4.843779708597236500e+00 6.701062939585693268e-02
1.667306820746900257e+03 5.097945269116485711e+00 8.211219003241371217e-02
1.551708536798362275e+03 4.843499606521254108e+00 8.049482169338230408e-02
1.466050085052292161e+03 4.345270163034540722e+00 6.667171334870089505e-02
1.402865371085781817e+03 3.770960572335102068e+00 4.804124033921655657e-02
1.356129550139041612e+03 3.218281920132683549e+00 3.106057917153437833e-02
1.322393645422075906e+03 2.736967392049046488e+00 1.923929309062203524e-02
1.298354910153423816e+03 2.348140024242819202e+00 1.301785206186253235e-02
1.281590572861596456e+03 2.060934830180821908e+00 1.084700508281547307e-02
1.271300204982035666e+03 1.873342063704084515e+00 1.059039230384675213e-02
1.266019057807550780e+03 1.773200732955436232e+00 1.058482253740588436e-02
1.263957258639920155e+03 1.742062958404428707e+00 1.007836103337010972e-02
1.264551691737231522e+03 1.762399203475409681e+00 9.117848928189354815e-03
1.267975768701458946e+03 1.820155623360798280e+00 8.144453671746033213e-03
1.273974919910402832e+03 1.900596064490405412e+00 7.593365628854809729e-03
1.280518990885074800e+03 1.988211841430936655e+00 7.664883044665899391e-03
1.291077637982455826e+03 2.080625467425447184e+00 8.318315884557199794e-03
1.302075888798249707e+03 2.164760072025115889e+00 9.341210588551097579e-03
1.313542277247189077e+03 2.240247568590107097e+00 1.056028252702970703e-02
1.326024952063094815e+03 2.307471060170806165e+00 1.185564726409982055e-02
1.339387934093957711e+03 2.368770491540524770e+00 1.326400338259245242e-02
1.353557759524959010e+03 2.423294714541356587e+00 1.486816150182633696e-02
1.368262167734071454e+03 2.471873812890150734e+00 1.675246509548760851e-02
1.383626757289666784e+03 2.517781161851378791e+00 1.898451198958778577e-02
1.399586510721520426e+03 2.561301134492525389e+00 2.154993905585652139e-02
1.415937100890548436e+03 2.606930083582778668e+00 2.442862285666243249e-02
1.432871634892643897e+03 2.647638148683639781e+00 2.758952558511887712e-02
1.450043242405520232e+03 2.685912521777369832e+00 3.098934310754773019e-02
1.467893255236136838e+03 2.719398092027360381e+00 3.466373402030487050e-02
1.486073290920134014e+03 2.745433122029103945e+00 3.861679276128045929e-02
1.504398305838856004e+03 2.764637119194081283e+00 4.287073180341040290e-02
1.523353420860181359e+03 2.768553067122704991e+00 4.743117098269198501e-02
1.542254969414686684e+03 2.762974585843817721e+00 5.229091787159894505e-02
1.561556746408644130e+03 2.741262467020370686e+00 5.744425298537064739e-02
1.581344189757689264e+03 2.703710908820935899e+00 6.288299772200738047e-02
1.601412080406147425e+03 2.649955736444864929e+00 6.860885472009013719e-02
1.621674454069821650e+03 2.578946757914758248e+00 7.463956120303986974e-02
1.642089670860105343e+03 2.490940359601360843e+00 8.099072099208119713e-02
1.662745528137381825e+03 2.387885914973266743e+00 8.769407413629276560e-02
1.683666073472566268e+03 2.271459890201652954e+00 9.476380125475908356e-02
1.704890881136382404e+03 2.141699123010240680e+00 1.022063724827386028e-01
1.726455410974134793e+03 1.998434255392021797e+00 1.100249065037531837e-01
1.748285968062120219e+03 1.841977456804008151e+00 1.182176569790599069e-01
1.770289336009073850e+03 1.672457887570553581e+00 1.267777576514424187e-01
1.792430017788309215e+03 1.488814411822867667e+00 1.356961864748660873e-01
1.814721242076550652e+03 1.289780134200257278e+00 1.449675596982893389e-01
1.837234830761825606e+03 1.074272896020038504e+00 1.545957474336677184e-01
1.860032785689129241e+03 8.416514182184243742e-01 1.645847247130277358e-01
1.883105706832571286e+03 5.920727380279887653e-01 1.749360878513146200e-01
1.906385651117728003e+03 3.262246629773612461e-01 1.856491501881970818e-01
1.929829155085025604e+03 4.425708346179354352e-02 1.967243827142972912e-01
1.953450408658243532e+03 -2.542016714577675085e-01 2.081607274232755156e-01
1.977322819959812932e+03 -5.699239514913417848e-01 2.199545962349283290e-01
2.001446180506875862e+03 -9.033508753717832684e-01 2.321054656910124525e-01
2.025773692688570918e+03 -1.254430364685485966e+00 2.446140875215513377e-01
2.050284883427658770e+03 -1.622739960838458506e+00 2.574774620749607501e-01
2.075008283678455882e+03 -2.007596549980553036e+00 2.706885288387194111e-01
2.099970969496682756e+03 -2.408355659114540082e+00 2.842402272936985774e-01
2.125184988174805312e+03 -2.824485586985645558e+00 2.981259775033773818e-01
2.150622101912553262e+03 -3.255578035192323139e+00 3.123391766277139880e-01
2.176253765628698602e+03 -3.701287746443766569e+00 3.268744018595178824e-01
2.202081207193130922e+03 -4.161448105599263592e+00 3.417230471926496205e-01
2.228127845729291494e+03 -4.636016286540873388e+00 3.568763328220441178e-01
2.254419193443673976e+03 -5.125013010031731042e+00 3.723242399779155276e-01
2.280961923512555586e+03 -5.628641272317367772e+00 3.880550955945007985e-01
2.307768973106611156e+03 -6.147306366909777608e+00 4.040578513621843615e-01
2.334839126235392541e+03 -6.681498704718320525e+00 4.203235043073677013e-01
2.362178083924255588e+03 -7.231699265615295857e+00 4.368429917103958116e-01
2.389785641793329887e+03 -7.798141807468289777e+00 4.536073115533072464e-01
2.417628569898552996e+03 -8.379861935678897922e+00 4.706079247856426728e-01
2.445665076278048673e+03 -8.975348833017992689e+00 4.878360851999157255e-01
2.473838056446359587e+03 -9.583204681516965806e+00 5.052808072423413677e-01
2.502132323950237605e+03 -1.020219870198064349e+01 5.229337481962867962e-01
2.530656436128721452e+03 -1.083237712714549517e+01 5.407841805552648928e-01
2.559497106883383367e+03 -1.147386792999967930e+01 5.588123302793503999e-01
2.588688317427720904e+03 -1.212658268659662220e+01 5.769921580597673350e-01
2.618242578817866615e+03 -1.279015178716196210e+01 5.953006317873051900e-01
2.648085438006281038e+03 -1.346346893596468064e+01 6.137160255701294975e-01
2.678116466327599937e+03 -1.414560026265278125e+01 6.322173416667186130e-01
2.708339288965286414e+03 -1.483625135249948457e+01 6.507923814580655053e-01
2.738773279965546863e+03 -1.553560907239236322e+01 6.694307573470970052e-01
2.769441131238206708e+03 -1.624358016983504527e+01 6.881234061827532500e-01
2.800356418697247136e+03 -1.696026298850086889e+01 7.068588959948337580e-01
2.831541896478270701e+03 -1.768557834763503678e+01 7.256252434206852397e-01
2.862996883060670825e+03 -1.841876025225683122e+01 7.444044434248612285e-01
2.894706020107423683e+03 -1.915888837592108729e+01 7.631750511857758879e-01
2.926656936685861638e+03 -1.990497893752745640e+01 7.819176411785365710e-01
2.958837476625328236e+03 -2.065615198531872210e+01 8.006111697141193861e-01
2.991240049884756900e+03 -2.141151633482692063e+01 8.192359644717917000e-01
3.023864306026613122e+03 -2.217056049322240341e+01 8.377744451190115571e-01
3.056717313429433489e+03 -2.293269119839171211e+01 8.562082546736371480e-01
3.089795878806815836e+03 -2.369736142365007581e+01 8.745196038667980565e-01
3.123105023306939984e+03 -2.446402418985601201e+01 8.926898855049625325e-01
3.156638047157336132e+03 -2.523209269652415188e+01 9.107008706529857722e-01
3.190393048181374979e+03 -2.600093989365830183e+01 9.285363949455978094e-01
3.224374155611620608e+03 -2.676993878513190239e+01 9.461796958710614325e-01
3.258579163369079652e+03 -2.753859970980692395e+01 9.636079835473861932e-01
3.292999763557578262e+03 -2.830620224470294843e+01 9.808093472439469718e-01
3.327631096940815496e+03 -2.907209699245185064e+01 9.977617406232489605e-01
3.362469238358280109e+03 -2.983566259409714050e+01 1.014446420837842311e+00
3.397507411863108246e+03 -3.059613857309570406e+01 1.030847844784506862e+00
3.432738843137023650e+03 -3.135290468189669610e+01 1.046953374395108272e+00
3.468151005804984834e+03 -3.210529946312744443e+01 1.062741327728726981e+00
3.503746961596363235e+03 -3.285255676159395222e+01 1.078197399514644550e+00
3.539517536721550641e+03 -3.359407421313120068e+01 1.093299130091681892e+00
3.575454288765487036e+03 -3.432924223336893021e+01 1.108033006765438255e+00
3.611556990408524598e+03 -3.505723840547581460e+01 1.122388869823398583e+00
3.647820159085033538e+03 -3.577753280159355143e+01 1.136343092915214070e+00
3.684236939522793364e+03 -3.648937965516853410e+01 1.149876777869930589e+00
3.720800109365628487e+03 -3.719212133274774601e+01 1.162987800345898437e+00
3.757509679505653367e+03 -3.788511531090284734e+01 1.175661527750720081e+00
3.794360122410175336e+03 -3.856753912384947824e+01 1.187869918387916224e+00
3.831336584085449886e+03 -3.923863885970632026e+01 1.199610909925933333e+00
3.868437618355208087e+03 -3.989795335146873612e+01 1.210874090555902560e+00
3.905655916691320272e+03 -4.054476028488520711e+01 1.221650791378212864e+00
3.942983294367034432e+03 -4.117835498878817191e+01 1.231925887484051296e+00
3.980406574180312418e+03 -4.179815422875983444e+01 1.241691397263226193e+00
4.017925197581954308e+03 -4.240343599877855496e+01 1.250938072527335576e+00
4.055530393135386021e+03 -4.299350771895882417e+01 1.259652852563442726e+00
4.093210163240804377e+03 -4.356779131948654538e+01 1.267832457523553558e+00
4.130961503493841519e+03 -4.412562670508957297e+01 1.275464617642357412e+00
4.168771147372772248e+03 -4.466633340198615798e+01 1.282545273507682548e+00
4.206634042121654602e+03 -4.518932778450527366e+01 1.289062945900187662e+00
4.244546006377188860e+03 -4.569394420514612420e+01 1.295012795420051210e+00
4.282491719310450208e+03 -4.617951430708898641e+01 1.300384132948670057e+00
4.320464380171045377e+03 -4.664544891817588734e+01 1.305177018653272736e+00
4.358460574623759385e+03 -4.709113757249178178e+01 1.309385442263059307e+00
4.396466662377481953e+03 -4.751595507713616939e+01 1.313006364058977304e+00
4.434476073418153646e+03 -4.791932201420732440e+01 1.316039414221169990e+00
4.472478608219621492e+03 -4.830067814323169273e+01 1.318478479214659327e+00
4.510464782553180157e+03 -4.865936257699675593e+01 1.320328046271532108e+00
4.548420738298165816e+03 -4.899488059340075807e+01 1.321592248036614903e+00
4.586332402659679246e+03 -4.930673543876795861e+01 1.322274789295541542e+00
4.624195130559476638e+03 -4.959439244076711617e+01 1.322376179903773874e+00
4.661996671079760745e+03 -4.985736310524320913e+01 1.321909750772810588e+00
4.699720736706154639e+03 -5.009509709658971843e+01 1.320876443140708734e+00
4.737362467803892287e+03 -5.030712987790938939e+01 1.319279339144559859e+00
4.774904436433916089e+03 -5.049298365061196847e+01 1.317130575356704414e+00
4.812336924990578154e+03 -5.065207036904367754e+01 1.314431504965175579e+00
4.849635740242721113e+03 -5.078399935888606365e+01 1.311194994421328142e+00
4.886784325803703723e+03 -5.088818799515433966e+01 1.307435413029574223e+00
4.923766843747377607e+03 -5.096418133368913317e+01 1.303158916108751786e+00
4.960565420198136962e+03 -5.101148245032029394e+01 1.298375798630183597e+00
4.997162182029774158e+03 -5.102955770793932544e+01 1.293098194911586507e+00
5.033532687482663277e+03 -5.101800494944797038e+01 1.287338238089650755e+00
5.069678111310040549e+03 -5.097645105849554170e+01 1.281108059871758131e+00
5.105583748810882753e+03 -5.090452300205632241e+01 1.274426752372490146e+00
5.141246047953752168e+03 -5.080199099463455070e+01 1.267314460887958960e+00
5.176656477007900321e+03 -5.066843381252758149e+01 1.259777462751984656e+00
5.211819522519562270e+03 -5.050326297507206874e+01 1.251840359262878843e+00
5.246716251828561326e+03 -5.030634159037634134e+01 1.243516945209282021e+00
5.281357454379501178e+03 -5.007769936526145216e+01 1.234850221949576055e+00
5.315729916595683790e+03 -4.981712267096899893e+01 1.225851482446766783e+00
5.349825917224953628e+03 -4.952445283828487987e+01 1.216553025464682580e+00
5.383625726471895177e+03 -4.919942218422736602e+01 1.206980036356981811e+00
5.417123443226458221e+03 -4.884191845632679474e+01 1.197160296900543042e+00
5.450310175578204507e+03 -4.845163560457550034e+01 1.187129031483445507e+00
5.483169071803476982e+03 -4.802852593253819435e+01 1.176900456032800912e+00
5.515698477291960444e+03 -4.757234548597494950e+01 1.166507754119114892e+00
5.547886569678486921e+03 -4.708301332910562564e+01 1.155984103747083713e+00
5.579727461128713912e+03 -4.656045769222984632e+01 1.145362677020995257e+00
5.611215266683612754e+03 -4.600470455122059832e+01 1.134676639806807108e+00
5.642344104305537257e+03 -4.541564047302495055e+01 1.123956477017312494e+00
5.673105224248340164e+03 -4.479320547046107492e+01 1.113233065123747423e+00
5.703493934043602167e+03 -4.413737023936575810e+01 1.102544499487097873e+00
5.733507342034309659e+03 -4.344812235541309775e+01 1.091923917586308912e+00
5.763130462697091389e+03 -4.272543645557642122e+01 1.081404448936353679e+00
5.792361084661032692e+03 -4.196940587206166384e+01 1.071026526382054866e+00
5.821193656655550512e+03 -4.118009559986064971e+01 1.060827740568977884e+00
5.849618348474356026e+03 -4.035748615916754289e+01 1.050845323010957122e+00
5.877625056861838857e+03 -3.950164019600907750e+01 1.041119912941163905e+00
5.905208790745680744e+03 -3.861261365900514164e+01 1.031684594834559654e+00
5.932367076935531259e+03 -3.769051946325384250e+01 1.022581717661612544e+00
5.959088816140256313e+03 -3.673554093104633012e+01 1.013856475200692220e+00
5.985368126890597523e+03 -3.574782237570026666e+01 1.005554582246144912e+00
6.011199463517647928e+03 -3.472753329933183863e+01 9.977174452561835549e-01
6.036569069096503881e+03 -3.367492530848138443e+01 9.903945130902745975e-01
6.061471831471802943e+03 -3.259005117478471192e+01 9.836404124995882237e-01
6.085895807476103073e+03 -3.147321659255187143e+01 9.774981282179820985e-01
6.109836673969602998e+03 -3.032461889590455684e+01 9.720128406693304690e-01
6.133287913794341875e+03 -2.914456136502675321e+01 9.672399940453697553e-01
6.156234797863340646e+03 -2.793327344353029673e+01 9.632296875128731894e-01
6.178674185510933057e+03 -2.669108425985591992e+01 9.600327111124663526e-01
6.200598975018668170e+03 -2.541835122841173344e+01 9.576983693199516701e-01
6.221993852309876274e+03 -2.411522192261115194e+01 9.562783837673308751e-01
6.242849668875801399e+03 -2.278202879031491079e+01 9.558234341080495966e-01
6.263172875911915980e+03 -2.141927676546917780e+01 9.563862357536280223e-01
6.282936949658779668e+03 -2.002676239824955573e+01 9.580328904411079538e-01
6.302149378191760661e+03 -1.860536487507919645e+01 9.608085196226479052e-01
6.320813088191818679e+03 -1.715558779190528327e+01 9.647639761926266599e-01
6.338925553263225993e+03 -1.567786082575190321e+01 9.699521061739045935e-01
6.356467114121504892e+03 -1.417256897031521135e+01 9.764257403761935628e-01
6.373448966815772110e+03 -1.264026410578613735e+01 9.842380346465440244e-01
6.389856108450556349e+03 -1.108128926877638953e+01 9.934437947609523478e-01
6.405677167788951010e+03 -9.496245345083403677e+00 1.004096110429623767e+00
6.420894687998489644e+03 -7.885477565529490640e+00 1.016249181214165853e+00
6.435506787365879973e+03 -6.249563601942605295e+00 1.029956753417750503e+00
6.449491678063577638e+03 -4.588998880726258278e+00 1.045272743877144306e+00
6.462849870188578279e+03 -2.904236100871135040e+00 1.062250862996084733e+00
6.475566188607247568e+03 -1.195865151158446382e+00 1.080947199116701674e+00
6.487644221727183321e+03 5.353692087968788815e-01 1.101416748326110362e+00
6.499096710819541840e+03 2.288761453811700708e+00 1.123714829715181995e+00
6.509914994357068281e+03 4.063594561485963652e+00 1.147897971202030520e+00
6.520108463376544933e+03 5.859151622081371968e+00 1.174021204396087370e+00
6.529684251730785036e+03 7.674711555039799293e+00 1.202139523824543588e+00
6.538644125578672174e+03 9.509555910843902282e+00 1.232309350057936959e+00
6.546990299011700699e+03 1.136294817351189934e+01 1.264582771757251978e+00
6.554712693567632414e+03 1.323413219457296996e+01 1.299016293134117594e+00
6.561801905207770687e+03 1.512233522371712091e+01 1.335665694407109916e+00
6.568256013785504365e+03 1.702684052668254111e+01 1.374578882029464655e+00
6.574068431444707130e+03 1.894687269490906445e+01 1.415813082585309690e+00
6.579229221319884346e+03 2.088168312613237276e+01 1.459422477247293681e+00
6.583738567912752842e+03 2.283044095075268487e+01 1.505454925731016358e+00
6.587586799235967192e+03 2.479243705539101583e+01 1.553968786048535611e+00
6.590772321778206788e+03 2.676680028056744831e+01 1.605011562718559492e+00
6.593301235045583780e+03 2.875275742982074334e+01 1.658634351655339900e+00
6.595173793559017213e+03 3.074939639389761226e+01 1.714881278430224532e+00
6.596382039074169370e+03 3.275596008288665217e+01 1.773810236829203246e+00
6.596928515359208177e+03 3.477158347847816344e+01 1.835472555692634788e+00
6.596812890481920476e+03 3.679541275007115075e+01 1.899909557331989962e+00
6.596039881550493192e+03 3.882661010962953441e+01 1.967174229217260706e+00
6.594601938818149392e+03 4.086433798837477127e+01 2.037315491000709855e+00
6.592503180092909133e+03 4.290768880624247572e+01 2.110367012197134962e+00
6.589749711836671850e+03 4.495581746768578313e+01 2.186382120794253314e+00
6.586332809578412707e+03 4.700781292163278380e+01 2.265409108774298463e+00
6.582235262570650775e+03 4.906281167142844168e+01 2.347536595707318430e+00
6.577483914468950388e+03 5.111996172171337349e+01 2.432768273823648020e+00
6.572064733679531855e+03 5.317826772535363489e+01 2.521146850930406025e+00
6.565996774892680151e+03 5.523682128768764699e+01 2.612698237267259582e+00
6.559272054067624595e+03 5.729477700808460128e+01 2.707468127332826935e+00
6.551895518888941297e+03 5.935119593915406000e+01 2.805491604898597391e+00
6.543865265892690331e+03 6.140507042218546019e+01 2.906820214224816734e+00
6.535182508104529916e+03 6.345564792401580689e+01 3.011485523150154719e+00
6.525857869135774308e+03 6.550188827721312634e+01 3.119520844442766005e+00
6.515889446984196184e+03 6.754291582999299237e+01 3.230963794467942574e+00
6.505279633487361934e+03 6.957791210593767062e+01 3.345848061274438567e+00
6.494040218266107331e+03 7.160592962398141026e+01 3.464206166048629409e+00
6.482172237940879313e+03 7.362610923687297770e+01 3.586063757667815821e+00
6.469676715904133744e+03 7.563750990700849286e+01 3.711462917944564399e+00
6.456564073366323100e+03 7.763922598431301481e+01 3.840429295137961052e+00
6.442833774636806083e+03 7.963041077131144618e+01 3.972990874002068740e+00
6.428489976389940239e+03 8.161003789768301431e+01 4.109175242335060929e+00
6.413529797866136505e+03 8.357713993137991793e+01 4.248999431096694757e+00
6.397955632631893423e+03 8.553081022738341233e+01 4.392491797327589431e+00
6.381773399455600156e+03 8.747001724072457307e+01 4.539675620721942195e+00
6.364980784125970786e+03 8.939381191338473798e+01 4.690570056128501086e+00
6.347577064362246347e+03 9.130127652423949769e+01 4.845195451079981730e+00
6.329571858271214296e+03 9.319155442496527542e+01 5.003574280041246602e+00
6.310976267553564867e+03 9.506360725174906179e+01 5.165714234938795890e+00
6.291801024642302764e+03 9.691715481761825401e+01 5.331622162587271951e+00
6.272064221427825942e+03 9.875070333638399234e+01 5.501295950551082115e+00
6.251773936487938954e+03 1.005638208316750024e+02 5.674729995944254313e+00
6.230946506941996631e+03 1.023555223311085314e+02 5.851921426611002452e+00
6.209594506800172894e+03 1.041251990301161214e+02 6.032867372010664475e+00
6.187725831961134645e+03 1.058715345071917113e+02 6.217559087579406452e+00
6.165342301826124640e+03 1.075946061415726120e+02 6.405979618217638283e+00
6.142450056004383441e+03 1.092925673400266930e+02 6.598116336766798540e+00
6.119063443395429204e+03 1.109641654080611772e+02 6.793951903593117514e+00
6.095185037641329473e+03 1.126097905430476942e+02 6.993474093587837892e+00
6.070814696402903792e+03 1.142273611747706354e+02 7.196672043215491144e+00
6.045959326798913935e+03 1.158171537502842909e+02 7.403520787406991488e+00
6.020641295112479384e+03 1.173769300272807357e+02 7.614007942741590540e+00
5.994853832812847941e+03 1.189070616927344304e+02 7.828120466583574633e+00
5.968619094239234983e+03 1.204053964645330836e+02 8.045862424160215909e+00
5.941939385347490315e+03 1.218730020393520022e+02 8.267177386557076346e+00
5.914831176817253436e+03 1.233075769482269948e+02 8.492031703688624589e+00
5.887315934220766394e+03 1.247095428765627787e+02 8.720405753379294467e+00
5.859394476646747535e+03 1.260772574985686134e+02 8.952272711670742567e+00
5.831075831867660781e+03 1.274100195875693657e+02 9.187603375384549409e+00
5.802375844086536745e+03 1.287080746088043952e+02 9.426356304861071678e+00
5.773307175613113941e+03 1.299699984094818035e+02 9.668499876985951147e+00
5.743873196650804857e+03 1.311954742066034498e+02 9.914008201630094774e+00
5.714089737551557846e+03 1.323835621119926031e+02 1.016283641893865664e+01
5.683968269333679928e+03 1.335333223611521873e+02 1.041495561666048353e+01
5.653513326723893442e+03 1.346440526836819629e+02 1.067032868680097657e+01
5.622738157199389207e+03 1.357156152699873815e+02 1.092891546654122159e+01
5.591656089729950509e+03 1.367475957866017779e+02 1.119067296068639017e+01
5.560282063369030766e+03 1.377387586534829325e+02 1.145555429213690601e+01
5.528619008622775254e+03 1.386886264939736577e+02 1.172352334657227324e+01
5.496681421219567710e+03 1.395969877493557476e+02 1.199453281189605214e+01
5.464486014644571696e+03 1.404627205357871560e+02 1.226854716379446586e+01
5.432036820026897658e+03 1.412857397892713323e+02 1.254548361635005094e+01
5.399341484262507947e+03 1.420655010428054084e+02 1.282530580039151502e+01
5.366415797809439937e+03 1.428010391456386685e+02 1.310800861307796517e+01
5.333266875281210559e+03 1.434919146360291506e+02 1.339346607395156497e+01
5.299903533658938613e+03 1.441378856976812699e+02 1.368165141182907796e+01
5.266332097856662585e+03 1.447375407906473299e+02 1.397250053488956389e+01
5.232567091351372255e+03 1.452906172798323610e+02 1.426594925033344374e+01
5.198622067291674284e+03 1.457972679036537897e+02 1.456194401063100230e+01
5.164504786337936821e+03 1.462568240864763993e+02 1.486040234415361105e+01
5.130228522030232853e+03 1.466688988089905763e+02 1.516135209775922199e+01
5.095809049384760328e+03 1.470333553589075848e+02 1.546464277957725564e+01
5.061256235231329811e+03 1.473500570406634722e+02 1.577026794676744004e+01
5.026583938298226713e+03 1.476188671683881068e+02 1.607818353464146099e+01
4.991807930290717195e+03 1.478390191044319408e+02 1.638830723290515579e+01
4.956930990357839619e+03 1.480102240218502629e+02 1.670062172398702671e+01
4.921972930431506029e+03 1.481323452199104622e+02 1.701499109682279354e+01
4.886943760171416216e+03 1.482052459776905380e+02 1.733139074236493116e+01
4.851851388623265848e+03 1.482288059482394544e+02 1.764974211355827194e+01
4.816697073948672369e+03 1.482029703567049808e+02 1.796986175116089157e+01
4.781511599980593928e+03 1.481259557885340996e+02 1.829178042189722220e+01
4.746290475499612512e+03 1.479986632418443264e+02 1.861531789178556551e+01
4.711056810091208717e+03 1.478210776214946236e+02 1.894041747570468814e+01
4.675818660270808323e+03 1.475931603259871849e+02 1.926688918038462006e+01
4.640579204709247279e+03 1.473148726748953266e+02 1.959463352831800975e+01
4.605361109977737215e+03 1.469862789376339265e+02 1.992365352981833837e+01
4.570174294830318104e+03 1.466078966373939352e+02 2.025370956231751052e+01
4.535032621783574541e+03 1.461790273764505912e+02 2.058475153146043368e+01
4.499938383112553311e+03 1.456997939924616503e+02 2.091667963437411970e+01
4.464905714612687007e+03 1.451707774419895998e+02 2.124942177925023046e+01
4.429955285014221772e+03 1.445917371965025779e+02 2.158280200129006232e+01
4.395084978095376755e+03 1.439622736672923509e+02 2.191670443240903765e+01
4.360315508842057170e+03 1.432831489332500610e+02 2.225101324762520250e+01
4.325649929420834269e+03 1.425546047717389797e+02 2.258563867229711875e+01
4.291104565500191711e+03 1.417763588794372822e+02 2.292051717087892726e+01
4.256686066808757460e+03 1.409485741637365095e+02 2.325550311666491865e+01
4.222407939495488790e+03 1.400710464639612951e+02 2.359043258325754877e+01
4.188278860013632766e+03 1.391448755351505611e+02 2.392522382368174405e+01
4.154311084791157555e+03 1.381701912022927843e+02 2.425976980630657920e+01
4.120513746180964517e+03 1.371464825692461886e+02 2.459395041121482706e+01
4.086895445992283385e+03 1.360741126755054324e+02 2.492769059179306268e+01
4.053464526489883610e+03 1.349538742749858784e+02 2.526083321117719294e+01
4.020230369495339346e+03 1.337860189267395015e+02 2.559327006129483451e+01
3.987209653949123549e+03 1.325706156763287424e+02 2.592487470558624452e+01
3.954409536230466983e+03 1.313079480431680679e+02 2.625554687737933435e+01
3.921835611330132451e+03 1.299989647736016423e+02 2.658520193999627423e+01
3.889496532353143266e+03 1.286436808057394785e+02 2.691372469106421406e+01
3.857406298169158163e+03 1.272428559844529445e+02 2.724099997292942632e+01
3.825576028067815969e+03 1.257969413916686960e+02 2.756696812290453025e+01
3.794008624798892470e+03 1.243058933682129066e+02 2.789142200477482803e+01
3.762710649803208071e+03 1.227696679427561719e+02 2.821426437829647327e+01
3.731690741107124268e+03 1.211894476057051833e+02 2.853539909631047067e+01
3.700951203556246583e+03 1.195648921252775949e+02 2.885464792038486337e+01
3.670499178519700308e+03 1.178964601264148797e+02 2.917194631508124658e+01
3.640343295228803527e+03 1.161842357639785916e+02 2.948712514739999335e+01
3.610485261061025540e+03 1.144288653090105043e+02 2.980012781962427582e+01
3.580932797900193691e+03 1.126303929610908767e+02 3.011070627908279462e+01
3.551701838561502427e+03 1.107909658687474348e+02 3.041895104141854844e+01
3.522797902646866987e+03 1.089096448639690351e+02 3.072466375087935830e+01
3.494239092820818314e+03 1.069877826397799083e+02 3.102778978424357348e+01
3.466028065954536942e+03 1.050265414134011621e+02 3.132824955538169220e+01
3.438166085594958076e+03 1.030260738950443056e+02 3.162593519068500925e+01
3.410662627015568887e+03 1.009883911475666736e+02 3.192079504912214105e+01
3.383531133294890878e+03 9.891285506253971960e+01 3.221265569980311483e+01
3.356766692206837433e+03 9.680021837971263210e+01 3.250147030092946920e+01
3.330377910165750109e+03 9.465123344560024066e+01 3.278712444956459393e+01
3.304371742754284242e+03 9.246648722028434975e+01 3.306948728096691781e+01
3.278748777533408884e+03 9.024629876968408837e+01 3.334840121741960672e+01
3.253511823417063169e+03 8.799156361453648856e+01 3.362380923712673564e+01
3.228668142428219653e+03 8.570216695178136490e+01 3.389558470323184736e+01
3.204224267611294181e+03 8.337987030079959538e+01 3.416359853737883867e+01
3.180187371215732583e+03 8.102551211684347265e+01 3.442774800798774493e+01
3.156557220687437166e+03 7.864004085454185144e+01 3.468795599829585541e+01
3.133347436438121804e+03 7.622450834625037430e+01 3.494409352725627116e+01
3.110558107123716582e+03 7.377990160440130296e+01 3.519606384658701614e+01
3.088195500126905245e+03 7.130721377932977134e+01 3.544374987761619877e+01
3.066261283566152088e+03 6.880750336843588855e+01 3.568708706779830209e+01
3.044764745397085335e+03 6.628170227010105009e+01 3.592595852422340386e+01
3.023707570236176252e+03 6.373082004182101912e+01 3.616027526854556129e+01
3.003092204049408338e+03 6.115586012498744850e+01 3.638993506076076301e+01
2.982923163446112085e+03 5.855779903099003292e+01 3.661483247342785319e+01
2.963203298171053575e+03 5.593768523359855038e+01 3.683494143111272479e+01
2.943932725480325644e+03 5.329642306722175960e+01 3.705013319113344750e+01
2.925115085667622225e+03 5.063501911469664662e+01 3.726027903167761224e+01
2.906760082733569561e+03 4.795444525750774289e+01 3.746530208167462206e+01
2.888861285514227802e+03 4.525564172382226502e+01 3.766510003552480157e+01
2.871426655289449627e+03 4.253963045288485745e+01 3.785954422653387752e+01
2.854462378737764993e+03 3.980739965561725313e+01 3.804856372358075589e+01
2.837964187106040754e+03 3.705985498433273051e+01 3.823211006239136367e+01
2.821938095186750616e+03 3.429800446991333729e+01 3.840994985503662917e+01
2.806387465675287785e+03 3.152289277394875100e+01 3.858217579630166227e+01
2.791307451220423900e+03 2.873562970760101010e+01 3.874865211668663534e+01
2.776698501296183167e+03 2.593720419337922323e+01 3.890930511997498797e+01
2.762569282370250676e+03 2.312878794949644856e+01 3.906415589034374847e+01
2.748922385883890456e+03 2.031136992031046162e+01 3.921309327279006851e+01
2.735744850929682798e+03 1.748605934224391945e+01 3.935613553835359824e+01
2.723051599997579615e+03 1.465391747888523888e+01 3.949310526345725947e+01
2.710843195148030645e+03 1.181601663705030880e+01 3.962396404129617622e+01
2.699115201254243402e+03 8.973396415736662135e+00 3.974870405424081099e+01
2.687856117353784157e+03 6.127090733675974121e+00 3.986721071169210973e+01
2.677080136564339227e+03 3.278059920378473269e+00 3.997949787412171929e+01
2.666775151172859751e+03 4.272857334228912785e-01 4.008543696047611604e+01
2.656942907566060057e+03 -2.424139009144326007e+00 4.018493802222977251e+01
2.647583670808287479e+03 -5.275249845020288042e+00 4.027805360955806435e+01
2.638694536956561933e+03 -8.125035675843184535e+00 4.036462536094679621e+01
2.630281524479967175e+03 -1.097252076896940132e+01 4.044464746654395526e+01
2.622340446885092661e+03 -1.381670446951669540e+01 4.051805348958259145e+01
2.614873064341005374e+03 -1.665660332439655988e+01 4.058486452426364366e+01
2.607878673792491554e+03 -1.949123179271714079e+01 4.064494570747139335e+01
2.601353685072491317e+03 -2.231960096978891883e+01 4.069832870308152906e+01
2.595299865553206018e+03 -2.514072330841078795e+01 4.074498798920288323e+01
2.589712875695792718e+03 -2.795359693822687319e+01 4.078482538939528723e+01
2.584584954589704921e+03 -3.075727938354818036e+01 4.081785734755677453e+01
2.579917876144300863e+03 -3.355077834778849422e+01 4.084409219478971664e+01
2.575709772888037151e+03 -3.633305136060214124e+01 4.086340113349256598e+01
2.571950565864785858e+03 -3.910314376957959581e+01 4.087580892694590773e+01
2.568642144729379652e+03 -4.186006089769472283e+01 4.088134596647877572e+01
2.565776931993681046e+03 -4.460293787703244561e+01 4.087992568686072303e+01
2.563351017188446349e+03 -4.733085625952429609e+01 4.087155013529442016e+01
2.561367360226288383e+03 -5.004282674910611917e+01 4.085623700489765753e+01
2.559818548879216905e+03 -5.273782325899171752e+01 4.083402475133134146e+01
2.558692155454803469e+03 -5.541482446709441945e+01 4.080498375186063953e+01
2.557993609613413810e+03 -5.807286933366126647e+01 4.076908006807103391e+01
2.557712506679517446e+03 -6.071083479558001272e+01 4.072638595189154387e+01
2.557847833674287813e+03 -6.332774409707342045e+01 4.067693969966450851e+01
2.558390815472696886e+03 -6.592254309732737738e+01 4.062073134478745828e+01
2.559344032274540496e+03 -6.849423144496198290e+01 4.055775087362244591e+01
2.560697535965460702e+03 -7.104178744063547413e+01 4.048811212808177373e+01
2.562442306435138107e+03 -7.356410747734152267e+01 4.041177359498991706e+01
2.564584127517412071e+03 -7.606020366305016012e+01 4.032871081564233151e+01
2.567111292439420140e+03 -7.852911689938711959e+01 4.023904925378155184e+01
2.570015378280775167e+03 -8.096988828147578943e+01 4.014279937359524553e+01
2.573296178672215319e+03 -8.338184615244537667e+01 4.004002261232366777e+01
2.576932212149639781e+03 -8.576413145907025637e+01 3.993086248425298379e+01
2.580942985884580594e+03 -8.811541334390896907e+01 3.981533543085149063e+01
2.585295507924638514e+03 -9.043526514710501374e+01 3.969347188141524185e+01
2.589988210007386897e+03 -9.272295507814030202e+01 3.956537482215194501e+01
2.595020284261649977e+03 -9.497783123112944281e+01 3.943124494512376543e+01
2.600379129974703119e+03 -9.719907753650109328e+01 3.929100989946005029e+01
2.606068934718961827e+03 -9.938578108796505717e+01 3.914475031443285502e+01
2.612071585277465147e+03 -1.015372521097785210e+02 3.899257614139866490e+01
2.618392737380625476e+03 -1.036525783966261258e+02 3.883444175192157388e+01
2.625025046683463643e+03 -1.057310257536960165e+02 3.867046229199602436e+01
2.631961173508416323e+03 -1.077717969659004353e+02 3.850066486522769793e+01
2.639195886752228489e+03 -1.097740948444750586e+02 3.832515662092495745e+01
2.646725273512092372e+03 -1.117371912155347360e+02 3.814394936599968844e+01
2.654536487965887773e+03 -1.136604794914718752e+02 3.795713696688382299e+01
2.662619517606119189e+03 -1.155432695794925166e+02 3.776481456885251475e+01
2.670964808429509958e+03 -1.173848668254838401e+02 3.756702852680421501e+01
2.679566897791155952e+03 -1.191845665248497994e+02 3.736389682999420359e+01
2.688413745907076645e+03 -1.209417790620433379e+02 3.715545525263497950e+01
2.697498054055174180e+03 -1.226558673955382233e+02 3.694179646524798244e+01
2.706812528905252293e+03 -1.243263413652500446e+02 3.672303901573752682e+01
2.716357623310153940e+03 -1.259527683282904320e+02 3.649924848327500371e+01
2.726129889157235539e+03 -1.275346317942690462e+02 3.627053263307236364e+01
2.736118295069073156e+03 -1.290714972852015592e+02 3.603691701059548080e+01
2.746320028537742928e+03 -1.305629231371366927e+02 3.579852331100993723e+01
2.756735840333276883e+03 -1.320083854019778187e+02 3.555544021567191493e+01
2.767351930973890831e+03 -1.334073748711496705e+02 3.530775250545356414e+01
2.778160154386969680e+03 -1.347593633335863217e+02 3.505555769989467763e+01
2.789150788043210923e+03 -1.360638451435241905e+02 3.479892353919699843e+01
2.800314009501279997e+03 -1.373202877755372526e+02 3.453791767453254380e+01
2.811642577710343630e+03 -1.385281890957096493e+02 3.427260766746046983e+01
2.823123423084907699e+03 -1.396869538808920481e+02 3.400311932222337674e+01
2.834741296714568307e+03 -1.407962444696725015e+02 3.372953989603479386e+01
2.846505857600909621e+03 -1.418558223324104119e+02 3.345193667854984909e+01
2.858395401558510912e+03 -1.428647422400178471e+02 3.317037686791486806e+01
2.870424987229540420e+03 -1.438245306080422665e+02 3.288505993924218984e+01
2.882571381740335710e+03 -1.447338874086778731e+02 3.259608854248441645e+01
2.894850480549074291e+03 -1.455931011709952827e+02 3.230358752983875803e+01
2.907234391121676708e+03 -1.464020629403261751e+02 3.200776532004274344e+01
2.919733976563334181e+03 -1.471613228092044494e+02 3.170876430206734398e+01
2.932333556877146293e+03 -1.478691656859946306e+02 3.140680521157814198e+01
2.945015467427202111e+03 -1.485268480472373653e+02 3.110202266456171216e+01
2.957777025125905766e+03 -1.491342973920452550e+02 3.079455164467886519e+01
2.970600717547082240e+03 -1.496912460100574833e+02 3.048453563662065591e+01
2.983470948075196247e+03 -1.501969871404609762e+02 3.017219060020078913e+01
2.996383937385751778e+03 -1.506524705944356981e+02 2.985770934262895082e+01
3.009324878275853280e+03 -1.510565747281225413e+02 2.954116078655289712e+01
3.022290755707908374e+03 -1.514107386743721406e+02 2.922271135290118949e+01
3.035273826513827316e+03 -1.517136878741794703e+02 2.890262196635828928e+01
3.048268748091196812e+03 -1.519660299447070315e+02 2.858100857103458736e+01
3.061264424320362650e+03 -1.521681586162858366e+02 2.825799026187007001e+01
3.074265077876745636e+03 -1.523202051884145192e+02 2.793381591180400036e+01
3.087261664915825349e+03 -1.524225406626298991e+02 2.760864584346983008e+01
3.100242288368833670e+03 -1.524748179155388641e+02 2.728261349244118250e+01
3.113204003928747170e+03 -1.524774670684078330e+02 2.695583936705665451e+01
3.126128861563320243e+03 -1.524306430491779452e+02 2.662857413289148312e+01
3.139013481911739291e+03 -1.523345492946522484e+02 2.630093855744206266e+01
3.151840370874409473e+03 -1.521893536427283493e+02 2.597311233722442481e+01
3.164603148913529367e+03 -1.519952524148045541e+02 2.564522999469057041e+01
3.177296670998015998e+03 -1.517524496273572083e+02 2.531742596666906309e+01
3.189907541043602578e+03 -1.514611893503643785e+02 2.498991655188996930e+01
3.202434870181368296e+03 -1.511218326984117084e+02 2.466282461834433093e+01
3.214871747045096981e+03 -1.507346953258874294e+02 2.433630360373192048e+01
3.227210050722890173e+03 -1.503001507680784812e+02 2.401055423255373000e+01
3.239448322290340002e+03 -1.498184921273539771e+02 2.368566170355791556e+01
3.251585102739569265e+03 -1.492901210281206090e+02 2.336178136447210818e+01
3.263613657887889076e+03 -1.487152922836110633e+02 2.303912725382093640e+01
3.275524511275963960e+03 -1.480944512773994006e+02 2.271785861984014332e+01
3.287313853953326088e+03 -1.474279121511199833e+02 2.239805250032000217e+01
3.298968498524175175e+03 -1.467160468669612783e+02 2.207987964209867826e+01
3.310483071328301776e+03 -1.459592913593687911e+02 2.176349318293101476e+01
3.321849856025361987e+03 -1.451580183643625048e+02 2.144902661967380908e+01
3.333059375419858497e+03 -1.443125178428434765e+02 2.113667790783717138e+01
3.344102152165880852e+03 -1.434232629379017396e+02 2.082652759741950632e+01
3.354975554151769302e+03 -1.424907671837212604e+02 2.051876571750868194e+01
3.365671079278001798e+03 -1.415154026225492316e+02 2.021346483606389199e+01
3.376186487710569509e+03 -1.404978830199052311e+02 1.991089508643326411e+01
3.386527593609105224e+03 -1.394386476012829519e+02 1.961105567693345364e+01
3.396673282756604294e+03 -1.383377382146032346e+02 1.931424842994488955e+01
3.406634074015473288e+03 -1.371961849850058286e+02 1.902052447544576097e+01
3.416400488890736597e+03 -1.360145716451477256e+02 1.873001555899989867e+01
3.425965421846523441e+03 -1.347934149278578957e+02 1.844283931939284216e+01
3.435338508820126663e+03 -1.335332833913667798e+02 1.815911958334962506e+01
3.444500154309068876e+03 -1.322346279772977198e+02 1.787897309897668663e+01
3.453459410654274507e+03 -1.308980356044354778e+02 1.760251932765384453e+01
3.462201933081243169e+03 -1.295240609707751389e+02 1.732988780852915411e+01
3.470726171529785006e+03 -1.281132306900095443e+02 1.706119903625519640e+01
3.479030228089523462e+03 -1.266664791930192138e+02 1.679659376708208285e+01
3.487109952323623020e+03 -1.251848017259983692e+02 1.653622397348875239e+01
3.494955340964804236e+03 -1.236690881124147268e+02 1.628023112058053101e+01
3.502561505280537858e+03 -1.221203715744456417e+02 1.602876593530056937e+01
3.509926212870785093e+03 -1.205396024999097619e+02 1.578196548965616408e+01
3.517040291259917012e+03 -1.189277369506831690e+02 1.553997504142313879e+01
3.523903474676244514e+03 -1.172857687006969201e+02 1.530293859707106918e+01
3.530505754699945555e+03 -1.156146268436561115e+02 1.507099039905570592e+01
3.536847738832442246e+03 -1.139153219159261852e+02 1.484425759155707603e+01
3.542928525708091001e+03 -1.121888338372190788e+02 1.462286208053076741e+01
3.548745811749906807e+03 -1.104360955214513638e+02 1.440692610729741396e+01
3.554301249655442007e+03 -1.086580800550111405e+02 1.419657194356680385e+01
3.559589146639897535e+03 -1.068558030882635990e+02 1.399192574093528485e+01
3.564607500651423834e+03 -1.050301809098920529e+02 1.379310460327017829e+01
3.569359024104060154e+03 -1.031822600819629230e+02 1.360021863728756486e+01
3.573834987798296879e+03 -1.013130549950646895e+02 1.341338777494051904e+01
3.578037785287292536e+03 -9.942365959524161667e+01 1.323271772038687466e+01
3.581965521209788221e+03 -9.751501820143437271e+01 1.305831316267347120e+01
3.585608162623412227e+03 -9.558821401177220878e+01 1.289028422130194329e+01
3.588972768225656637e+03 -9.364422741325678601e+01 1.272874672439923494e+01
3.592049771693026742e+03 -9.168418118699835873e+01 1.257380114845846641e+01
3.594845476098741528e+03 -8.970897785013993087e+01 1.242554161819168179e+01
3.597355024621523626e+03 -8.771961160018382486e+01 1.228406856449957907e+01
3.599581333288656879e+03 -8.571712792652139967e+01 1.214946471990489663e+01
3.601510342349904931e+03 -8.370243812222679480e+01 1.202182160000983124e+01
3.603158355615692926e+03 -8.167649489846176891e+01 1.190124029920534632e+01
3.604519089169706149e+03 -7.964033251747684972e+01 1.178780186683754039e+01
3.605582475060586148e+03 -7.759487054909992310e+01 1.168159181988297313e+01
3.606359738837151326e+03 -7.554110626574822618e+01 1.158272252395905078e+01
3.606845604298492617e+03 -7.348011721906313198e+01 1.149133773659456459e+01
3.607035639773336698e+03 -7.141262223395298747e+01 1.140741518369402385e+01
3.606935167428570821e+03 -6.933953948324170824e+01 1.133100547365942745e+01
3.606542112704952160e+03 -6.726176140199972053e+01 1.126213956391085524e+01
3.605854396053763139e+03 -6.518021377076684075e+01 1.120101342827919488e+01
3.604872361473607270e+03 -6.309579829763509906e+01 1.114753384861574759e+01
3.603604311420925569e+03 -6.100944856926753346e+01 1.110189138704149414e+01
3.602038544192536847e+03 -5.892209685088523941e+01 1.106404453766326945e+01
3.600187191213534334e+03 -5.683467325370984469e+01 1.103408006450082013e+01
3.598052165849334870e+03 -5.474810100000792090e+01 1.101206480289656042e+01
3.595625536579487743e+03 -5.266331872222332322e+01 1.099802743657392945e+01
3.592912364387508660e+03 -5.058123487563586451e+01 1.099203101526741300e+01
3.589921639206517739e+03 -4.850273747689178094e+01 1.099410829432100023e+01
3.586643555312297849e+03 -4.642870381358648757e+01 1.100431854911280993e+01
3.583081018990501889e+03 -4.435990818213225140e+01 1.102269861777171123e+01
3.579238249720439399e+03 -4.229722521995538642e+01 1.104927224051749768e+01
3.575115648351004438e+03 -4.024142798776848196e+01 1.108406764658136368e+01
3.570709315122111548e+03 -3.819332836313016344e+01 1.112714537249731173e+01
3.566029369409062383e+03 -3.615380960819244649e+01 1.117850794302788842e+01
3.561069787861599707e+03 -3.412358460640669477e+01 1.123820337605806152e+01
3.555829231617193727e+03 -3.210342003244712572e+01 1.130627175185104782e+01
3.550318312885469368e+03 -3.009438579346979026e+01 1.138262490265197080e+01
3.544535093925981528e+03 -2.809754232562402976e+01 1.146723787028849273e+01
3.538480195875815298e+03 -2.611389328438499291e+01 1.156012949019964431e+01
3.532155831494826543e+03 -2.414447476151839211e+01 1.166120387152968441e+01
3.525566276289961024e+03 -2.219037400368477719e+01 1.177043729917377135e+01
3.518718679097717086e+03 -2.025249334324212214e+01 1.188775698403324554e+01
3.511614652386788293e+03 -1.833184896976533906e+01 1.201314728636819495e+01
3.504253320459782572e+03 -1.642932709729130991e+01 1.214658508341101495e+01
3.496651579825442695e+03 -1.454578147764413565e+01 1.228796523489513248e+01
3.488801991845331486e+03 -1.268214782989757694e+01 1.243728423116320592e+01
3.480719225190046927e+03 -1.083938067849186382e+01 1.259445024185953166e+01
3.472400385812633886e+03 -9.018434412898375996e+00 1.275940271377625912e+01
3.463849984818678422e+03 -7.220061992427449837e+00 1.293216335487332458e+01
3.455075143803568608e+03 -5.445184271269186915e+00 1.311255986873604762e+01
3.446082981262033172e+03 -3.694755335572680099e+00 1.330059986241761472e+01
3.436873313360450084e+03 -1.969656212313910970e+00 1.349617251677014984e+01
3.427444428800157311e+03 -2.709673416995356243e-01 1.369925664195570825e+01
3.417810060941959364e+03 1.400094045076695215e+00 1.390990048644989230e+01
3.407971106117467116e+03 3.043262878613945066e+00 1.412778641810952251e+01
3.397927306578362732e+03 4.657685080954253820e+00 1.435301063863959214e+01
3.387686615075611371e+03 6.242710337267034504e+00 1.458544865602079632e+01
3.377259951566241398e+03 7.797555479687950708e+00 1.482498660690959547e+01
3.366636583412928758e+03 9.321494515245579038e+00 1.507158045722661299e+01
3.355835312552718733e+03 1.081376247263650292e+01 1.532517190560846743e+01
3.344855209821546396e+03 1.227367667520654138e+01 1.558565341249529901e+01
3.333697176665811185e+03 1.370043628937531643e+01 1.585296304488064933e+01
3.322366264568625411e+03 1.509346737887723400e+01 1.612699748568649483e+01
3.310865987341707296e+03 1.645213597895430624e+01 1.640769117521824683e+01
3.299206591670592843e+03 1.777580794801712472e+01 1.669494502356998922e+01
3.287387131664831941e+03 1.906382275836921991e+01 1.698868984878016164e+01
3.275409473104461995e+03 2.031555014164610640e+01 1.728880263965731601e+01
3.263280680044993005e+03 2.153042530608812299e+01 1.759522077015834185e+01
3.251004604923740317e+03 2.270782926977884841e+01 1.790788564739898447e+01
3.238587095181083441e+03 2.384728705726641351e+01 1.822666263542884835e+01
3.226028818787324326e+03 2.494835940277708630e+01 1.855147351231198272e+01
3.213335552689264659e+03 2.601053699323625068e+01 1.888223401220870201e+01
3.200514434740932757e+03 2.703330335665958017e+01 1.921886230195410050e+01
3.187561021068400805e+03 2.801622050191447855e+01 1.956123646417548656e+01
3.174486732814662446e+03 2.895885564214855634e+01 1.990927859565168134e+01
3.161292872724643985e+03 2.986072027829159481e+01 2.026294726826517234e+01
3.147984767432877106e+03 3.072140013861462648e+01 2.062210564968575710e+01
3.134572481722139855e+03 3.154057769417484636e+01 2.098665177428817685e+01
3.121047520735768103e+03 3.231783155360951554e+01 2.135649298367899007e+01
3.107425047595303568e+03 3.305273659999969738e+01 2.173145464348051448e+01
3.093702741936805523e+03 3.374489373406359505e+01 2.211150267580009299e+01
3.079880833975896621e+03 3.439396095031757739e+01 2.249656158663548311e+01
3.065978233730666943e+03 3.499967785845412038e+01 2.288651088824282454e+01
3.051981055929685681e+03 3.556180414412299484e+01 2.328123025109582755e+01
3.037908659545641513e+03 3.608022590802743679e+01 2.368066298818108351e+01
3.023759852580204097e+03 3.655468597193899427e+01 2.408475139785968011e+01
3.009541543832640855e+03 3.698516566851622400e+01 2.449336649769885454e+01
2.995256748771509137e+03 3.737156552502793261e+01 2.490615348166959464e+01
2.980914531898036785e+03 3.771383518794355183e+01 2.532308198416936662e+01
2.966532166568280445e+03 3.801185920544980945e+01 2.574394607579912631e+01
2.952106106688159343e+03 3.826525803198909870e+01 2.616835122277181824e+01
2.937638569280493357e+03 3.847399759726150137e+01 2.659628803597394864e+01
2.923145437970030798e+03 3.863837189393338178e+01 2.702747876257169324e+01
2.908629308033363486e+03 3.875834295009396158e+01 2.746176389918313276e+01
2.894098335091406625e+03 3.883392773200302628e+01 2.789885514182287096e+01
2.879550719627981380e+03 3.886502138854524446e+01 2.833859622496570196e+01
2.865006031989571511e+03 3.885168260658439010e+01 2.878077440599504655e+01
2.850456018327643505e+03 3.879407472322490236e+01 2.922524450304939947e+01
2.835915266329019232e+03 3.869222941255167569e+01 2.967181143191689330e+01
2.821385662344725006e+03 3.854621487011296921e+01 3.012018300157930994e+01
2.806873211190172242e+03 3.835615974497801517e+01 3.057029236795711924e+01
2.792389056643652111e+03 3.812208091405493349e+01 3.102185713644040987e+01
2.777931966015982653e+03 3.784415744633091805e+01 3.147470171649126414e+01
2.763511832003802283e+03 3.752253739670923949e+01 3.192868244019710389e+01
2.749135699239768201e+03 3.715736897366154778e+01 3.238358012069749492e+01
2.734805439137432131e+03 3.674883058531693081e+01 3.283923957358143042e+01
2.720526159930638187e+03 3.629709008749041033e+01 3.329545364579787048e+01
2.706304312370600655e+03 3.580230977209375709e+01 3.375205562740771370e+01
2.692145394659847170e+03 3.526466681372059497e+01 3.420885038983216475e+01
2.678051635490333865e+03 3.468437471614848278e+01 3.466565968796343356e+01
2.664032977746408960e+03 3.406168620518287327e+01 3.512230040775566664e+01
2.650090018499222424e+03 3.339686392296669482e+01 3.557862495809693115e+01
2.636227068312042775e+03 3.269016763347494248e+01 3.603436575196804625e+01
2.622456206155994096e+03 3.194184901185114356e+01 3.648935767721621204e+01
2.608774488352054505e+03 3.115221173759079321e+01 3.694344169287779067e+01
2.595185773490459724e+03 3.032145374208654687e+01 3.739639469322911935e+01
2.581694743718545396e+03 2.944993738107785219e+01 3.784809770077391988e+01
2.568314061620501434e+03 2.853794335561649831e+01 3.829838019854433639e+01
2.555039254115392851e+03 2.758581449225784610e+01 3.874713125240985789e+01
2.541873527193406971e+03 2.659390749677353938e+01 3.919423058190832165e+01
2.528826769230112404e+03 2.556249602042496250e+01 3.963953572491463717e+01
2.515902687438203884e+03 2.449189431336325384e+01 4.008290430399224391e+01
2.503109535608729857e+03 2.338243404387682389e+01 4.052413023181316021e+01
2.490437481375589869e+03 2.223457746019997927e+01 4.096318838050649447e+01
2.477899455909330300e+03 2.104854384785969401e+01 4.139989379975376949e+01
2.465499438721416936e+03 1.982485013882886449e+01 4.183409392475888211e+01
2.453239313261182360e+03 1.856377822077885043e+01 4.226557510765128711e+01
2.441120965477128721e+03 1.726572213982825588e+01 4.269426244656295921e+01
2.429149753733819580e+03 1.593092235832577863e+01 4.311984928200764244e+01
2.417333357798192537e+03 1.455982072510637693e+01 4.354223548486893947e+01
2.405664934410001024e+03 1.315299010274561553e+01 4.396139783415659252e+01
2.394153680240118774e+03 1.171082674805744084e+01 4.437712878304521524e+01
2.382800581342298301e+03 1.023366211926927960e+01 4.478935769010137591e+01
2.371601743080562755e+03 8.721908873594985678e+00 4.519795401948121594e+01
2.360567088318254719e+03 7.176034743424814621e+00 4.560283022056618307e+01
2.349702191291087274e+03 5.596509892291840593e+00 4.600377019458746020e+01
2.339000504445174101e+03 3.984114380459018445e+00 4.640061944453280063e+01
2.328475227467606146e+03 2.339820255312527575e+00 4.679330257680567939e+01
2.318123288216518631e+03 6.645165027566389826e-01 4.718160086351247173e+01
2.307947543436122942e+03 -1.040899441785381407e+00 4.756530496731925695e+01
2.297950852947465137e+03 -2.775458536397486853e+00 4.794432777055491357e+01
2.288138759923116140e+03 -4.538306773187328780e+00 4.831847150054670692e+01
2.278516394419761127e+03 -6.328435109199513242e+00 4.868756715583030825e+01
2.269081681107938493e+03 -8.144968949613266673e+00 4.905149714291526664e+01
2.259834222936709921e+03 -9.986953278698594616e+00 4.941007848272642633e+01
2.250779274134481511e+03 -1.185334801626180123e+01 4.976310253653356597e+01
2.241924762158667363e+03 -1.374325052494930333e+01 5.011045169029119251e+01
2.233265551020164821e+03 -1.565564330964549811e+01 5.045193115449993115e+01
2.224800562068469844e+03 -1.758954714665782859e+01 5.078738456524023803e+01
2.216536933196628524e+03 -1.954401467905618617e+01 5.111664690473082828e+01
2.208481125080279526e+03 -2.151816428615694576e+01 5.143957353504791286e+01
2.200626744759394114e+03 -2.351116514853137218e+01 5.175612689637447517e+01
2.192975172616019336e+03 -2.552187783487849515e+01 5.206617260344973630e+01
2.185532289626819875e+03 -2.754986093610449416e+01 5.236966374791167311e+01
2.178300998391892335e+03 -2.959455287047152439e+01 5.266643353918507842e+01
2.171284204630258046e+03 -3.165451581375517875e+01 5.295642086381683811e+01
2.164479192593883454e+03 -3.372861631557204731e+01 5.323961186462641848e+01
2.157886678034511988e+03 -3.581654306572491464e+01 5.351579407384828357e+01
2.151509576251051385e+03 -3.791760344255799708e+01 5.378486958880938573e+01
2.145350805831325033e+03 -4.003090558712449365e+01 5.404673830684646418e+01
2.139406878933514236e+03 -4.215491741455065267e+01 5.430134611582701609e+01
2.133685915819973616e+03 -4.428926804743598211e+01 5.454852278259671294e+01
2.128171653116251036e+03 -4.643250909192252607e+01 5.478806977268984468e+01
2.122884963433156827e+03 -4.858434962071937235e+01 5.502006841505797041e+01
2.117809664852371952e+03 -5.074326412915443996e+01 5.524428094826826907e+01
2.112961601611448714e+03 -5.290904158056666517e+01 5.546065014280733152e+01
2.108332903298415658e+03 -5.508042422282075279e+01 5.566900693963392399e+01
2.103923010297525707e+03 -5.725680756344153366e+01 5.586933492929095024e+01
2.099727143666185384e+03 -5.943745397347772297e+01 5.606155667121876007e+01
2.095755528271616640e+03 -6.162205576247900041e+01 5.624569104374452877e+01
2.092008291069796087e+03 -6.380850280994764745e+01 5.642156706847963221e+01
2.088471188351417368e+03 -6.599717254952931000e+01 5.658920302695140947e+01
2.085163219106548240e+03 -6.818664737403335607e+01 5.674850628792944462e+01
2.082067904573210399e+03 -7.037684628228365114e+01 5.689945637638156484e+01
2.079189952247608744e+03 -7.256716995269354697e+01 5.704187709865195188e+01
2.076534584861800340e+03 -7.475590355483727478e+01 5.717587310676307766e+01
2.074092999840800076e+03 -7.694334491116362074e+01 5.730128678762812200e+01
2.071870508308258195e+03 -7.912838144294981646e+01 5.741807829379422401e+01
2.069868066841894233e+03 -8.130983405791235441e+01 5.752618249022692964e+01
2.068075470655478512e+03 -8.348735351249094094e+01 5.762553328986842871e+01
2.066500838252425183e+03 -8.566035106095189633e+01 5.771611243879443975e+01
2.065140976561479874e+03 -8.782843899145123601e+01 5.779779933125245606e+01
2.063989470214080029e+03 -8.999040860501899886e+01 5.787050620422830605e+01
2.063049344302976806e+03 -9.214527902050961927e+01 5.793419231033381323e+01
2.062319937241030857e+03 -9.429260466729415668e+01 5.798885366404443431e+01
2.061799862592501995e+03 -9.643221012182516461e+01 5.803446187189967276e+01
2.061486605596075606e+03 -9.856321885539432515e+01 5.807106947802886765e+01
2.061377711921235004e+03 -1.006843557644223779e+02 5.809872866781121559e+01
2.061474469149499782e+03 -1.027950931760186393e+02 5.811751369898317421e+01
2.061773497016601141e+03 -1.048944362490655777e+02 5.812751136595446866e+01
2.062272947985590235e+03 -1.069810559953046578e+02 5.812874141494991420e+01
2.062969061254364988e+03 -1.090546368775952288e+02 5.812122340910563167e+01
2.063860393942517476e+03 -1.111138748630443445e+02 5.810502935266205071e+01
2.064948263746312023e+03 -1.131582773821566263e+02 5.808014942702033778e+01
2.066217028593479881e+03 -1.151858573329100182e+02 5.804669211594529088e+01
2.067673224406024474e+03 -1.171966086977391228e+02 5.800460250566784737e+01
2.069316077854150080e+03 -1.191897939939901505e+02 5.795398077419709182e+01
2.071132669341643123e+03 -1.211634605536468143e+02 5.789481835184229652e+01
2.073127633421482187e+03 -1.231174105469403912e+02 5.782724648897081465e+01
2.075297067468223759e+03 -1.250499281605654005e+02 5.775117806826638400e+01
2.077627480684620423e+03 -1.269616166082936672e+02 5.766681219820728899e+01
2.080132321029489503e+03 -1.288507410204676660e+02 5.757419611223684086e+01
2.082792865909508691e+03 -1.307166164066849774e+02 5.747327494183630137e+01
2.085616127712045909e+03 -1.325587160110442824e+02 5.736420834826100901e+01
2.088596838851909979e+03 -1.343747830830775740e+02 5.724694724931098477e+01
2.091727433510228366e+03 -1.361645011701255044e+02 5.712166576740705892e+01
2.095001843872903919e+03 -1.379288042012919959e+02 5.698845744147075010e+01
2.098421468107871533e+03 -1.396663631157779832e+02 5.684734637877204477e+01
2.101985759599418088e+03 -1.413759461507782760e+02 5.669842885428074197e+01
2.105682434833699517e+03 -1.430570255470574637e+02 5.654180092414178205e+01
2.109511539606939550e+03 -1.447092100586218351e+02 5.637754474904846802e+01
2.113468038739518761e+03 -1.463323039896027353e+02 5.620569141057493567e+01
2.117551595029935470e+03 -1.479247033868266783e+02 5.602631870093042465e+01
2.121757575237564652e+03 -1.494864854750525751e+02 5.583946118310984730e+01
2.126085258719149351e+03 -1.510171210727739890e+02 5.564521380480579893e+01
2.130528064726314369e+03 -1.525158457507708931e+02 5.544364779984278613e+01
2.135079416802027481e+03 -1.539815824187803344e+02 5.523480294844515015e+01
2.139738225832680200e+03 -1.554143491062474141e+02 5.501874610958795131e+01
2.144508082315481715e+03 -1.568140434123006344e+02 5.479552053956278002e+01
2.149382422019511978e+03 -1.581794710139927815e+02 5.456525140456303546e+01
2.154354684580213871e+03 -1.595105690101621292e+02 5.432804586712760653e+01
2.159428893615677225e+03 -1.608068053512128017e+02 5.408398766394235224e+01
2.164607655739997426e+03 -1.620683921014043278e+02 5.383313842533251403e+01
2.169884243016357232e+03 -1.632948319238885517e+02 5.357558750373918599e+01
2.175256011187649165e+03 -1.644852224714575186e+02 5.331146447486473505e+01
2.180720729680832846e+03 -1.656394001384136061e+02 5.304082476091370779e+01
2.186275368373841502e+03 -1.667568302147307975e+02 5.276371553185257568e+01
2.191918095824731154e+03 -1.678374478460604280e+02 5.248019568912661725e+01
2.197640594964082993e+03 -1.688800486110618806e+02 5.219030803173014021e+01
2.203438513015379158e+03 -1.698845313433622266e+02 5.189416591384090793e+01
2.209313340550407247e+03 -1.708503742881817971e+02 5.159183500556792978e+01
2.215255591828453362e+03 -1.717767868222024106e+02 5.128327138378276828e+01
2.221267786605150377e+03 -1.726632303918110267e+02 5.096863306818988804e+01
2.227335912503627242e+03 -1.735103421784259012e+02 5.064805346899814964e+01
2.233467812418572066e+03 -1.743179699376829319e+02 5.032156229558396632e+01
2.239655433108157013e+03 -1.750855815952067758e+02 4.998925465314042782e+01
2.245888252290304990e+03 -1.758126789455255903e+02 4.965139656645408905e+01
2.252170137914045881e+03 -1.765001051343460006e+02 4.930815821248360464e+01
2.258487069214857911e+03 -1.771475997457222888e+02 4.895975119851741653e+01
2.264835687182584024e+03 -1.777546708356765350e+02 4.860639845992848507e+01
2.271221806062729229e+03 -1.783222768745137046e+02 4.824832272653386411e+01
2.277636687401065501e+03 -1.788491879471179686e+02 4.788567876957461067e+01
2.284076010795427464e+03 -1.793357443326093801e+02 4.751872885525310863e+01
2.290540850511978988e+03 -1.797815901283395590e+02 4.714757852368757085e+01
2.297022982863315974e+03 -1.801883890012009886e+02 4.677251148457621355e+01
2.303526566720933715e+03 -1.805550039017218467e+02 4.639360531485890249e+01
2.310037156369063268e+03 -1.808815373003645561e+02 4.601108155724293880e+01
2.316557737234599244e+03 -1.811670489783975313e+02 4.562514954603555850e+01
2.323073647307101055e+03 -1.814122228854596983e+02 4.523595027601049878e+01
2.329580275602469101e+03 -1.816159157423966803e+02 4.484364050320525052e+01
2.336065539970902137e+03 -1.817779837111212942e+02 4.444842312225498659e+01
2.342532065265987967e+03 -1.818987324087141531e+02 4.405045845643618208e+01
2.348968234464733541e+03 -1.819771460624122881e+02 4.364996695579749542e+01
2.355366117000124632e+03 -1.820141729383022948e+02 4.324714510237713228e+01
2.361730030399518000e+03 -1.820097932095465580e+02 4.284218435325370677e+01
2.368050845305359417e+03 -1.819653205203927939e+02 4.243535710388596982e+01
2.374329231693808651e+03 -1.818803355179622940e+02 4.202688313855195901e+01
2.380558928280464897e+03 -1.817556159057087939e+02 4.161695043565138263e+01
2.386735166299276443e+03 -1.815917891753934441e+02 4.120576551744778016e+01
2.392855636750762187e+03 -1.813888801226561327e+02 4.079352115645477994e+01
2.398923197594329395e+03 -1.811467005998312914e+02 4.038031372063642266e+01
2.404932494143115491e+03 -1.808655504192145713e+02 3.996628207072882333e+01
2.410882397716433388e+03 -1.805453294543249854e+02 3.955156492886107600e+01
2.416770837056179516e+03 -1.801854550426150468e+02 3.913630088264125106e+01
2.422592930871114277e+03 -1.797864239946395912e+02 3.872058300093480909e+01
2.428352011704778306e+03 -1.793482292870897652e+02 3.830446944270256893e+01
2.434039900118915284e+03 -1.788705362043334617e+02 3.788821550184744780e+01
2.439654542429037974e+03 -1.783541388171937001e+02 3.747194340155427739e+01
2.445186581375658534e+03 -1.777985217999018062e+02 3.705589697640034785e+01
2.450624100048710716e+03 -1.772045688226895663e+02 3.664023380224099924e+01
2.455963394618040638e+03 -1.765713028855344646e+02 3.622512580544288596e+01
2.461203061309069653e+03 -1.759001432291073854e+02 3.581079082619410059e+01
2.466335586444700311e+03 -1.751907159691845663e+02 3.539738551885476880e+01
2.471357852820643529e+03 -1.744429531183917277e+02 3.498504736769438495e+01
2.476268453936548212e+03 -1.736579080914045505e+02 3.457391377241051345e+01
2.481079378107967841e+03 -1.728359442570500448e+02 3.416398809259172964e+01
2.485784567706795315e+03 -1.719775281010452659e+02 3.375545405869733173e+01
2.490388776040915218e+03 -1.710830989601437295e+02 3.334838720670752110e+01
2.494898607937247107e+03 -1.701530857475057985e+02 3.294284447580438524e+01
2.499311702711365797e+03 -1.691878487779831346e+02 3.253907517830756291e+01
2.503616625706165905e+03 -1.681873316674612511e+02 3.213721297428261181e+01
2.507815188947998195e+03 -1.671514356402963415e+02 3.173728000160851082e+01
2.511897954429089623e+03 -1.660801039749895267e+02 3.133935230449266385e+01
2.515855481670857444e+03 -1.649732704095082738e+02 3.094369349478363063e+01
2.519679363862208447e+03 -1.638307854110479695e+02 3.055031115059448510e+01
2.523366708362036661e+03 -1.626525552599050570e+02 3.015941083472232975e+01
2.526909766910337567e+03 -1.614391477743043026e+02 2.977112962527591833e+01
2.530313733507652614e+03 -1.601917131184765992e+02 2.938566745119570456e+01
2.533581977585870845e+03 -1.589115281871682441e+02 2.900317852376969441e+01
2.536713687275160282e+03 -1.575998687716289908e+02 2.862383865169114472e+01
2.539711832821286862e+03 -1.562579652871410474e+02 2.824774793377148541e+01
2.542578398415680113e+03 -1.548870033068227201e+02 2.787509843490047245e+01
2.545321365318055541e+03 -1.534882573347454127e+02 2.750605222739556055e+01
2.547937889882901345e+03 -1.520625862272565314e+02 2.714076944818729231e+01
2.550422125541978403e+03 -1.506104384744823790e+02 2.677936595262831077e+01
2.552763203852637162e+03 -1.491322340591877662e+02 2.642205798403806938e+01
2.554957035972757694e+03 -1.476282668898550980e+02 2.606902790077704424e+01
2.556998015879836203e+03 -1.460989582363834245e+02 2.572041184462424823e+01
2.558871030313402571e+03 -1.445446591133908214e+02 2.537638384423136628e+01
2.560573156037850822e+03 -1.429657915746879553e+02 2.503712049988233446e+01
2.562109538847761996e+03 -1.413630620488273166e+02 2.470275810034593178e+01
2.563472200719019838e+03 -1.397374714497139223e+02 2.437338926224525792e+01
2.564669644264200997e+03 -1.380900648393163408e+02 2.404911592222196148e+01
2.565707225254377590e+03 -1.364219258663476637e+02 2.373002690704030471e+01
2.566583962070406869e+03 -1.347340859192567848e+02 2.341622822579744678e+01
2.567299820654117866e+03 -1.330275869718796571e+02 2.310780493680809755e+01
2.567867967629152645e+03 -1.313034737156717142e+02 2.280481359642256223e+01
2.568276247256334955e+03 -1.295624302616476768e+02 2.250742187165519326e+01
2.568526437797355356e+03 -1.278051470358161481e+02 2.221578937993674074e+01
2.568607888905485197e+03 -1.260321728062960034e+02 2.193011257626619326e+01
2.568520070344207852e+03 -1.242441016394464555e+02 2.165048596393044988e+01
2.568255407385263879e+03 -1.224415193507867912e+02 2.137709333247272880e+01
2.567802958506135383e+03 -1.206250138757106640e+02 2.111008688759566354e+01
2.567171963642962055e+03 -1.187951567729947442e+02 2.084967139604987807e+01
2.566354748872835444e+03 -1.169524819678573948e+02 2.059578763894813846e+01
2.565354601416435344e+03 -1.150975116773964544e+02 2.034854647742962541e+01
2.564169278249230501e+03 -1.132307666514939228e+02 2.010793943798923777e+01
2.562816321907722795e+03 -1.113529643763680923e+02 1.987408772153489167e+01
2.561278519031112410e+03 -1.094646638212233967e+02 1.964706112600334365e+01
2.559577968101461011e+03 -1.075661475243771292e+02 1.942668682315445494e+01
2.557711707705902882e+03 -1.056580418395111991e+02 1.921316322895377482e+01
2.555676771696197648e+03 -1.037411927503892315e+02 1.900649475351170636e+01
2.553471256095197987e+03 -1.018164562741533246e+02 1.880687903097396330e+01
2.551097675981766770e+03 -9.988475731517780787e+01 1.861437485959334381e+01
2.548549412156397466e+03 -9.794700558773497789e+01 1.842908499720265070e+01
2.545834546294225220e+03 -9.600407777102795137e+01 1.825124287943487644e+01
2.542943923026267385e+03 -9.405690313634235622e+01 1.808086470985569960e+01
2.539878643958457360e+03 -9.210608188360853887e+01 1.791806969787882764e+01
2.536642764749674825e+03 -9.015186271669600160e+01 1.776291755573506848e+01
2.533224568750776143e+03 -8.819432727320977961e+01 1.761544378134707500e+01
2.529629063069040512e+03 -8.623370367725578944e+01 1.747565468179834980e+01
2.525855582672548735e+03 -8.427006395477575040e+01 1.734363890246319073e+01
2.521899149717953151e+03 -8.230359616622570229e+01 1.721944623776550998e+01
2.517764755999382032e+03 -8.033440287828894100e+01 1.710304159356272180e+01
2.513450543310540070e+03 -7.836285322947055931e+01 1.699445168822897756e+01
2.508956548506318541e+03 -7.638955972199255484e+01 1.689372038586299851e+01
2.504289304077939960e+03 -7.441550638894442216e+01 1.680086545006624732e+01
2.499451177838782769e+03 -7.244176903816277502e+01 1.671581132671123626e+01
2.494444330625976363e+03 -7.046947132915907730e+01 1.663848269022783555e+01
2.489280319789167152e+03 -6.849966886739129279e+01 1.656884848544199684e+01
2.483958536618479229e+03 -6.653342037361736061e+01 1.650691402589094281e+01
2.478480467288948148e+03 -6.457177716188198247e+01 1.645263689896596304e+01
2.472845497441627231e+03 -6.261574367884513492e+01 1.640599265264963691e+01
2.467059500725366433e+03 -6.066630258079964477e+01 1.636703921416846441e+01
2.461120673931264719e+03 -5.872451582879297405e+01 1.633570148076377748e+01
2.455024894091935039e+03 -5.679133048136698392e+01 1.631204890558352005e+01
2.448776246125332818e+03 -5.486779379779312649e+01 1.629607528285490758e+01
2.442375074473321547e+03 -5.295484095180270856e+01 1.628770748163414339e+01
2.435819674869610026e+03 -5.105316069769941123e+01 1.628699603759724113e+01
2.429121070875283749e+03 -4.916332273178883128e+01 1.629390134637042209e+01
2.422267329153899482e+03 -4.728574902362832688e+01 1.630828542581287977e+01
2.415274490611675901e+03 -4.542110289753211561e+01 1.633019879599252278e+01
2.408137057452991030e+03 -4.356981986035484766e+01 1.635959086748717795e+01
2.400859583623271647e+03 -4.173250763025129828e+01 1.639639008694503630e+01
2.393440999833777369e+03 -3.990965306522502942e+01 1.644059865286957489e+01
2.385893722014551713e+03 -3.810240564093065530e+01 1.649203887739398766e+01
2.378202297079275468e+03 -3.631131430835254292e+01 1.655084198467337941e+01
2.370387467586473122e+03 -3.453650851070881345e+01 1.661676597714197001e+01
2.362440865625059359e+03 -3.277869603178211833e+01 1.668981378863400522e+01
2.354368742202874273e+03 -3.103850279500273857e+01 1.676990649499699515e+01
2.346176245282729724e+03 -2.931650581656882792e+01 1.685692721853931175e+01
2.337861597785626145e+03 -2.761339495359913343e+01 1.695091519476722652e+01
2.329425997611312596e+03 -2.592972594718603219e+01 1.705170061186040442e+01
2.320880318581090251e+03 -2.426608864327936033e+01 1.715934129177928469e+01
2.312222767771372219e+03 -2.262314342133510436e+01 1.727376872234446736e+01
2.303453626153160712e+03 -2.100140863201454522e+01 1.739491467297675342e+01
2.294576832505927086e+03 -1.940152183866746327e+01 1.752275670141754205e+01
2.285595521963177816e+03 -1.782409636127504271e+01 1.765728862094774243e+01
2.276515912291146378e+03 -1.626963720193743157e+01 1.779836273961683801e+01
2.267333896896265742e+03 -1.473857153763562344e+01 1.794602076885703568e+01
2.258052610075728353e+03 -1.323134801296340157e+01 1.810026441766900618e+01
2.248673481573152003e+03 -1.174836626966992981e+01 1.826097954185132721e+01
2.239202697104369690e+03 -1.029002653610137763e+01 1.842813441302750022e+01
2.229642788669199945e+03 -8.856729648871166205e+00 1.860174322448529338e+01
2.219991916142043920e+03 -7.448915530520538120e+00 1.878174353600211788e+01
2.210248235257590295e+03 -6.066985631283123404e+00 1.896807059258092920e+01
2.200418374162382406e+03 -4.711262566480710845e+00 1.916073942225204263e+01
2.190503211583980374e+03 -3.382158332557925196e+00 1.935963229381539108e+01
2.180497505127264048e+03 -2.079972059014548513e+00 1.956470950114383456e+01
2.170409049331390634e+03 -8.050612317723971900e-01 1.977592225553784644e+01
2.160241968714669838e+03 4.421887766845508660e-01 1.999322680324901214e+01
2.149989177030064184e+03 1.661451703589500672e+00 2.021653514376914984e+01
2.139657035049876868e+03 2.852562979648062935e+00 2.044581191234069806e+01
2.129254091930509276e+03 4.015323025883357211e+00 2.068107403519614707e+01
2.118769063210731929e+03 5.149599514570903480e+00 2.092228061675200834e+01
2.108214499161214917e+03 6.255238804823567200e+00 2.116928487757891375e+01
2.097589963157980947e+03 7.332171893149539876e+00 2.142201016655353030e+01
2.086900985871677676e+03 8.380168705172970078e+00 2.168021863991708287e+01
2.076156335048786787e+03 9.399081561302189414e+00 2.194382192366491680e+01
2.065357986014615562e+03 1.038872245297572938e+01 2.221257090087755515e+01
2.054506684532727377e+03 1.134882032206515312e+01 2.248624974797512266e+01
2.043603174156953173e+03 1.227916469768178587e+01 2.276472502117589869e+01
2.032662954043142008e+03 1.317947872412137933e+01 2.304779807633410371e+01
2.021681834148726011e+03 1.404903961628161646e+01 2.333528556332689519e+01
2.010666910239961908e+03 1.488789766367944090e+01 2.362686595353628149e+01
1.999618373627756682e+03 1.569612165042974894e+01 2.392249542213764713e+01
1.988537694116507510e+03 1.647351931784056589e+01 2.422191177111377058e+01
1.977432689556292644e+03 1.722002439183173550e+01 2.452505283439729311e+01
1.966305219293186155e+03 1.793545043802835082e+01 2.483171496073560292e+01
1.955161381230777579e+03 1.861973452523634265e+01 2.514168146995415398e+01
1.943998449058011829e+03 1.927273054469837632e+01 2.545472979992492313e+01
1.932828033172789219e+03 1.989426071228940529e+01 2.577082876867051553e+01
1.921646669329500128e+03 2.048427218205577560e+01 2.608971452768340882e+01
1.910460990242429034e+03 2.104273213044206159e+01 2.641122666017508891e+01
1.899274026149656493e+03 2.156961960526753330e+01 2.673527697600001218e+01
1.888089513177428216e+03 2.206484838049332353e+01 2.706168827375024222e+01
1.876908252456000355e+03 2.252844142551336404e+01 2.739028471699340272e+01
1.865738315924134895e+03 2.296039164847711689e+01 2.772090007158104896e+01
1.854575498945994468e+03 2.336060870078747342e+01 2.805348044167760335e+01
1.843427097319841096e+03 2.372908333964331717e+01 2.838782432134032518e+01
1.832299414889754871e+03 2.406582019011602469e+01 2.872373037231623627e+01
1.821188834644212193e+03 2.437074325554404197e+01 2.906107101918796332e+01
1.810099952827297329e+03 2.464383258526321541e+01 2.939972806297737407e+01
1.799033361279771498e+03 2.488506501682519456e+01 2.973954136482446486e+01
1.787994569081705777e+03 2.509444918124279766e+01 3.008034769139892362e+01
1.776986934874668350e+03 2.527196221914824292e+01 3.042199112018797535e+01
1.766012484089608961e+03 2.541761561046200413e+01 3.076435138683225290e+01
1.755070238376417137e+03 2.553156537995453945e+01 3.110735693668696911e+01
1.744163008716325976e+03 2.561401060362538118e+01 3.145086685642454682e+01
1.733299532794987954e+03 2.566506702421013841e+01 3.179483860014792285e+01
1.722477655491858741e+03 2.568482151236730360e+01 3.213909488111450941e+01
1.711701366748283590e+03 2.567347258912903030e+01 3.248358141490219708e+01
1.700973566546571647e+03 2.563120665848597568e+01 3.282822221177615063e+01
1.690294977506606074e+03 2.555800606453333401e+01 3.317283746658361565e+01
1.679666323009511416e+03 2.545391711582093563e+01 3.351741460413802542e+01
1.669088327289695371e+03 2.531902060865473203e+01 3.386173757956944996e+01
1.658568339872373826e+03 2.515339611569644873e+01 3.420572559500385523e+01
1.648101462932516824e+03 2.495705377778530476e+01 3.454927151007904484e+01
1.637694440458908957e+03 2.473006071230425462e+01 3.489225629048898014e+01
1.627348805055810544e+03 2.447242067980117142e+01 3.523448883598810966e+01
1.617057877154917151e+03 2.418427636282910242e+01 3.557606644678577368e+01
1.606833308761468516e+03 2.386554359900974376e+01 3.591658499484160671e+01
1.596673091193235678e+03 2.351646487978925393e+01 3.625613317785196443e+01
1.586583870348525579e+03 2.313722363784318503e+01 3.659474523359996567e+01
1.576552647017253548e+03 2.272801932599705665e+01 3.693218040911698807e+01
1.566588422388392473e+03 2.228888789802319081e+01 3.726849636939324029e+01
1.556698865114514092e+03 2.182047738976637064e+01 3.760339190329957404e+01
1.546879530252899258e+03 2.132321741098459356e+01 3.793685205148132411e+01
1.537134188540879677e+03 2.079773494480405915e+01 3.826864649212344460e+01
1.527469583230055832e+03 2.024454637741990126e+01 3.859856764124890560e+01
1.517881865084123774e+03 1.966419391825246876e+01 3.892660474656184988e+01
1.508373260532985114e+03 1.905722465768485563e+01 3.925248967778127707e+01
1.498948335235121931e+03 1.842417725749241697e+01 3.957615467311899238e+01
1.489612272318802070e+03 1.776556247388020893e+01 3.989735538883220300e+01
1.480362018327709848e+03 1.708186578412485090e+01 4.021595714462810633e+01
1.471202736235393559e+03 1.637355836440311307e+01 4.053182523156694828e+01
1.462138440196207057e+03 1.564110490417963106e+01 4.084476247032769436e+01
1.453166674699747546e+03 1.488497335987483439e+01 4.115460645513587679e+01
1.444289686612208016e+03 1.410565867521190242e+01 4.146120698104707714e+01
1.435509726132238711e+03 1.330360906680217425e+01 4.176433707367098691e+01
1.426832953832597468e+03 1.247934099554611898e+01 4.206394196239606487e+01
1.418257334393543715e+03 1.163346039984058145e+01 4.235984371476993005e+01
1.409786292246270023e+03 1.076657985342153445e+01 4.265191888873333426e+01
1.401420143080416892e+03 9.879250349019265798e+00 4.294010275699855583e+01
1.393159197064770296e+03 8.972056954984296340e+00 4.322426008126600294e+01
1.385008855225546768e+03 8.045585696284687671e+00 4.350420665050902613e+01
1.376971393739872838e+03 7.100409855714882035e+00 4.377982856425877145e+01
1.369043811877096914e+03 6.137236665770759991e+00 4.405107047215454230e+01
1.361231331316930891e+03 5.156662789010082015e+00 4.431776737210416428e+01
1.353527237230823630e+03 4.159321201534853074e+00 4.457976008591030137e+01
1.345941267424284206e+03 3.145890813292997912e+00 4.483691275387033670e+01
1.338467489077169375e+03 2.117049614297036531e+00 4.508908939230274626e+01
1.331110956686853115e+03 1.073412070596242884e+00 4.533615388781863942e+01
1.323862617529627187e+03 1.557422107594134963e-02 4.557796999163951313e+01
1.316735367887054053e+03 -1.056068403298639158e+00 4.581453441389236048e+01
1.309720152401048381e+03 -2.141299000418305010e+00 4.604587096255274048e+01
1.302824399376985639e+03 -3.239995377057680592e+00 4.627200329347178354e+01
1.296051206906146717e+03 -4.351828512558204132e+00 4.649295490491297045e+01
1.289388248467762196e+03 -5.476576399007841545e+00 4.670881456243017027e+01
1.282855234472027860e+03 -6.613682871049670453e+00 4.691933151714158612e+01
1.276436142177166175e+03 -7.763319662362728302e+00 4.712473296805601564e+01
1.270134517003736619e+03 -8.925125475667767816e+00 4.732480721993061223e+01
1.263964757584474910e+03 -1.009861526678118082e+01 4.751940061984225139e+01
1.257910132496169808e+03 -1.128351131763823290e+01 4.770824471837436676e+01
1.251986656063288137e+03 -1.247946629705679378e+01 4.789123400957490873e+01
1.246193920617594813e+03 -1.368611961752114858e+01 4.806803125658515796e+01
1.240523007126308585e+03 -1.490306077610147639e+01 4.823851378185911187e+01
1.234982528512467525e+03 -1.612987303685444473e+01 4.840258748241316056e+01
1.229572889281643711e+03 -1.736591038595842562e+01 4.856015174826193004e+01
1.224290627517623989e+03 -1.861058773724110438e+01 4.871135975379321081e+01
1.219133398098911812e+03 -1.986327313635183600e+01 4.885614315856606282e+01
1.214097815432407970e+03 -2.112329898950100926e+01 4.899457725864387214e+01
1.209188514382589119e+03 -2.239007894390095998e+01 4.912671018195222672e+01
1.204398628899147525e+03 -2.366295801251138542e+01 4.925258327277283144e+01
1.199733993699358507e+03 -2.494171713688431780e+01 4.937213641566835776e+01
1.195187536889466173e+03 -2.622642308395988664e+01 4.948531604444956145e+01
1.190768018361997065e+03 -2.751677894801736102e+01 4.959209551265579563e+01
1.186474290951312696e+03 -2.881249218722193461e+01 4.969241730259636114e+01
1.182303521061745414e+03 -3.011330991340360441e+01 4.978625963621983175e+01
1.178256742833383896e+03 -3.141889627120416151e+01 4.987359939369610373e+01
1.174336782916536549e+03 -3.272888573737288453e+01 4.995437883038407989e+01
1.170543115426673467e+03 -3.404257935212274333e+01 5.002857680902432946e+01
1.166875424851058824e+03 -3.535891694030198806e+01 5.009626638128261789e+01
1.163328527065468506e+03 -3.667685472862295626e+01 5.015748783817742407e+01
1.159893063857422021e+03 -3.799532890444418598e+01 5.021227038859232294e+01
1.156578518859125325e+03 -3.931329986097352247e+01 5.026067198561626270e+01
1.153380465923065003e+03 -4.062975513232806435e+01 5.030275030507969802e+01
1.150290150930576374e+03 -4.194362527216726022e+01 5.033844865905427213e+01
1.147312938799175527e+03 -4.325428978154973692e+01 5.036784083187801286e+01
1.144446239358000639e+03 -4.456129751506776415e+01 5.039075898639730866e+01
1.141683626550593999e+03 -4.586400852759790325e+01 5.040719069986116807e+01
1.139038147364863107e+03 -4.716250984228785370e+01 5.041706243985809266e+01
1.136500694712261065e+03 -4.845586835571782558e+01 5.042020296997945650e+01
1.134070604011523756e+03 -4.974428759413743251e+01 5.041670272357926308e+01
1.131749486123127554e+03 -5.102678239667048388e+01 5.040634334013981288e+01
1.129538956755972549e+03 -5.230290713616296472e+01 5.038922294025204707e+01
1.127433462823369155e+03 -5.357140312596117582e+01 5.036553633120293938e+01
1.125434820391678613e+03 -5.483300569467161978e+01 5.033531318518258502e+01
1.123536000491021014e+03 -5.608707968727135551e+01 5.029873608179857314e+01
1.121738637866163117e+03 -5.733251445914708455e+01 5.025580399180935842e+01
1.120044371922287610e+03 -5.856893772629240402e+01 5.020678619230963591e+01
1.118452798873054462e+03 -5.979607934491900778e+01 5.015172573148036861e+01
1.116953193457461339e+03 -6.101412419227883532e+01 5.009059542193718784e+01
1.115552393047801388e+03 -6.222189744771571185e+01 5.002338193815851497e+01
1.114245650795568963e+03 -6.341870780832547183e+01 4.995012153084038431e+01
1.113032819661875919e+03 -6.460506134458007921e+01 4.987078610250013355e+01
1.111911559529835586e+03 -6.577938157841580846e+01 4.978536730526047194e+01
1.110887155052508206e+03 -6.694173435594916555e+01 4.969389458950080041e+01
1.109955661923577964e+03 -6.809214927461447076e+01 4.959636292518751333e+01
1.109116165109605163e+03 -6.922940240101226550e+01 4.949277128695354122e+01
1.108365121235739252e+03 -7.035412790507822933e+01 4.938309360126159930e+01
1.107701230920897615e+03 -7.146494350119266414e+01 4.926740055671211138e+01
1.107124534565765998e+03 -7.256210912335950525e+01 4.914566193091628321e+01
1.106634606650439082e+03 -7.364549927706821109e+01 4.901788099329755966e+01
1.106231414700029745e+03 -7.471420550881997258e+01 4.888410709045243863e+01
1.105913836474022673e+03 -7.576827409020245341e+01 4.874435154903942191e+01
1.105679368418933109e+03 -7.680732620187531268e+01 4.859862262621408036e+01
1.105529097371774014e+03 -7.783098243910573899e+01 4.844692712521093370e+01
1.105461785532454996e+03 -7.883929887395670733e+01 4.828932024194277517e+01
1.105473496465090193e+03 -7.983178516820503035e+01 4.812583886215102780e+01
1.105564177103988868e+03 -8.080820899766656851e+01 4.795649790935424051e+01
1.105733669816847168e+03 -8.176849516447560973e+01 4.778134465256103880e+01
1.105985977200776460e+03 -8.271174643305431573e+01 4.760037460999551229e+01
1.106314820726001926e+03 -8.363838041990163674e+01 4.741355429843113001e+01
1.106722515869285644e+03 -8.454850878543372517e+01 4.722096071875576939e+01
1.107201255723161466e+03 -8.544115880374816641e+01 4.702262850021584484e+01
1.107758686417041645e+03 -8.631685039482648847e+01 4.681863849154024138e+01
1.108385934700306279e+03 -8.717426311964099739e+01 4.660921684693530409e+01
1.109079218440379464e+03 -8.801384930931537554e+01 4.639443752650441155e+01
1.109838145233043178e+03 -8.883543386836359446e+01 4.617445381006557881e+01
1.110662325323728510e+03 -8.963854141826475086e+01 4.594944864864099543e+01
1.111544458930974088e+03 -9.042338697966810912e+01 4.571953559719968752e+01
1.112483253002801348e+03 -9.118816249403475638e+01 4.548481689719970689e+01
1.113478325216164194e+03 -9.193443909051929097e+01 4.524539452590631328e+01
1.114521355436744898e+03 -9.266091578784737237e+01 4.500154143037711663e+01
1.115611345960826839e+03 -9.336695250277809066e+01 4.475337997917031174e+01
1.116748660191297859e+03 -9.405325201495519138e+01 4.450091068433122388e+01
1.117932262507624728e+03 -9.472000188626384443e+01 4.424438160394864639e+01
1.119154622262878775e+03 -9.536617513189261786e+01 4.398390202674961103e+01
1.120415369619325475e+03 -9.599257509145994050e+01 4.371964204194858183e+01
1.121714136506569048e+03 -9.659829055098533956e+01 4.345171438100957317e+01
1.123049109395019286e+03 -9.718400504417742525e+01 4.318028473215128571e+01
1.124415193108762196e+03 -9.774875872775528762e+01 4.290546928550122630e+01
1.125816362123165845e+03 -9.829286546656283008e+01 4.262741094751356030e+01
1.127244237308593711e+03 -9.881643446159755229e+01 4.234618993171162060e+01
1.128697137728435564e+03 -9.931919894616525823e+01 4.206199870066470936e+01
1.130178595520793124e+03 -9.980098384195892436e+01 4.177485595517085670e+01
1.131677325139155300e+03 -1.002612827070923487e+02 4.148485893283591253e+01
1.133197719147525731e+03 -1.007003593455851984e+02 4.119221001373794877e+01
1.134735456633780814e+03 -1.011177625123451236e+02 4.089700745703013496e+01
1.136293361630936033e+03 -1.015139255700748606e+02 4.059931718958794278e+01
1.137861865078245273e+03 -1.018885803889528177e+02 4.029922511432046406e+01
1.139444219268458710e+03 -1.022416219645006095e+02 3.999687302998668770e+01
1.141036680123897213e+03 -1.025730323580116448e+02 3.969235844689412573e+01
1.142638855809297183e+03 -1.028827524828807896e+02 3.938581869018692316e+01
1.144249647379467660e+03 -1.031707238562508024e+02 3.907734719563674730e+01
1.145865842485809480e+03 -1.034369250451964177e+02 3.876704862471175517e+01
1.147485930642832727e+03 -1.036812416863092494e+02 3.845496236287193170e+01
1.149111110665359320e+03 -1.039037288508784229e+02 3.814121612227487645e+01
1.150739086982261824e+03 -1.041043032647196469e+02 3.782596718813032766e+01
1.152366666808384025e+03 -1.042829053214219641e+02 3.750920843482099798e+01
1.153993497734209313e+03 -1.044395878502427024e+02 3.719109070733833278e+01
1.155619227046890273e+03 -1.045742354148326427e+02 3.687164772476447894e+01
1.157243501632730613e+03 -1.046867732588760020e+02 3.655098812826094701e+01
1.158860006084117686e+03 -1.047772897059454920e+02 3.622922837543011809e+01
1.160466527058650399e+03 -1.048456050938935249e+02 3.590634109699379195e+01
1.162069064028274170e+03 -1.048917633335924506e+02 3.558251581112206452e+01
1.163662177189348768e+03 -1.049156937707250421e+02 3.525774642448127594e+01
1.165244239692510064e+03 -1.049173480384694841e+02 3.493210302807194267e+01
1.166821837209577780e+03 -1.048966892899171768e+02 3.460575046429573831e+01
1.168381209705459241e+03 -1.048536794986179643e+02 3.427865004923368986e+01
1.169920634549080887e+03 -1.047884261787551168e+02 3.395088341099152984e+01
1.171453569709557769e+03 -1.047008021604459884e+02 3.362261837111841345e+01
1.172972336680157923e+03 -1.045909459207621666e+02 3.329394219343875960e+01
1.174471061110262553e+03 -1.044588429288352387e+02 3.296480593375846979e+01
1.175962422511296381e+03 -1.043046671284763249e+02 3.263524876038858480e+01
1.177431591626514546e+03 -1.041287578247872432e+02 3.230545260705145694e+01
1.178883818255524375e+03 -1.039313967017842373e+02 3.197560590992843998e+01
1.180316136842691321e+03 -1.037129901326117789e+02 3.164582775556568706e+01
1.181721799750313266e+03 -1.034738760045741799e+02 3.131623720731964866e+01
1.183105462094731593e+03 -1.032143743433953205e+02 3.098697005248018144e+01
1.184463563365171240e+03 -1.029347967418267302e+02 3.065820679556494355e+01
1.185790527306412741e+03 -1.026355760944596511e+02 3.033006646839432818e+01
1.187090413547022990e+03 -1.023169883134424083e+02 3.000266810491899605e+01
1.188356606592244134e+03 -1.019793903602477911e+02 2.967615533987618548e+01
1.189584650146936383e+03 -1.016231937000427337e+02 2.935067429202367961e+01
1.190782634762351790e+03 -1.012487802136568007e+02 2.902632090351439587e+01
1.191941965660098049e+03 -1.008564790719607203e+02 2.870326397072031099e+01
1.193062463912813200e+03 -1.004466508444149611e+02 2.838162263226636739e+01
1.194141283531552062e+03 -1.000196683874056305e+02 2.806151606634872309e+01
1.195181091770096373e+03 -9.957589413837605719e+01 2.774306349687976336e+01
1.196180172709913904e+03 -9.911565666009182962e+01 2.742638419960004015e+01
1.197132777882988194e+03 -9.863924013157148352e+01 2.711159750815498271e+01
1.198037619773304641e+03 -9.814700987877174043e+01 2.679878056171540024e+01
1.198896568355923819e+03 -9.763927972292455593e+01 2.648801687694259499e+01
1.199707895323293997e+03 -9.711633680440917260e+01 2.617947218148766453e+01
1.200469869111100707e+03 -9.657854944819762011e+01 2.587324997859268549e+01
1.201185765839060196e+03 -9.602621684694432247e+01 2.556943991903119695e+01
1.201846242603678547e+03 -9.545962921779073440e+01 2.526816180928990363e+01
1.202455137602647028e+03 -9.487910396677239078e+01 2.496942748357827213e+01
1.203009940505988425e+03 -9.428501360212236193e+01 2.467342060309984930e+01
1.203512477719321851e+03 -9.367758003852382842e+01 2.438018978745520826e+01
1.203963021743236141e+03 -9.305719738891296799e+01 2.408987470360771610e+01
1.204359816683068857e+03 -9.242415424185179518e+01 2.380249022146347926e+01
1.204701102976406901e+03 -9.177868349338858422e+01 2.351818803474573727e+01
1.204985117351656754e+03 -9.112108302998692011e+01 2.323703730953319280e+01
1.205216870394687476e+03 -9.045152873787435510e+01 2.295907863219309419e+01
1.205388660727372553e+03 -8.977031039769644849e+01 2.268442247173960524e+01
1.205505036873870267e+03 -8.907773788153535577e+01 2.241318987940701746e+01
1.205564871096758907e+03 -8.837397297346004166e+01 2.214535473115818220e+01
1.205557474124941791e+03 -8.765950179156750721e+01 2.188119364356976604e+01
1.205489285945958272e+03 -8.693439581605890965e+01 2.162062767130649021e+01
1.205359723956982180e+03 -8.619886791510293733e+01 2.136373643783473852e+01
1.205173564613554845e+03 -8.545307122789162690e+01 2.111062011809902828e+01
1.204922831647349994e+03 -8.469724035738346402e+01 2.086120622699222693e+01
1.204612624203236464e+03 -8.393164675422632115e+01 2.061573271155731746e+01
1.204241136028074379e+03 -8.315639355866447602e+01 2.037417477510463115e+01
1.203806556807315246e+03 -8.237176182116670020e+01 2.013658994977264527e+01
1.203307072145621532e+03 -8.157791731737381724e+01 1.990308400654698673e+01
1.202742764568493612e+03 -8.077498113204339347e+01 1.967368078424596334e+01
1.202117731375173435e+03 -7.996312237184426408e+01 1.944838511327222008e+01
1.201427852224540629e+03 -7.914248555603757040e+01 1.922732043399979673e+01
1.200670748673926937e+03 -7.831323334706809192e+01 1.901056060512654255e+01
1.199852561577300094e+03 -7.747551117593364722e+01 1.879809602084246123e+01
1.198966316959667438e+03 -7.662946313253304709e+01 1.858997061021254638e+01
1.198013347039588552e+03 -7.577528078877868722e+01 1.838625567776798064e+01
1.196997030737675459e+03 -7.491346473534511574e+01 1.818699208170595938e+01
1.195916097465864368e+03 -7.404460015714630572e+01 1.799219185924585318e+01
1.194769272419226354e+03 -7.316926327786454465e+01 1.780184817665121599e+01
1.193555276567323062e+03 -7.228803479304450263e+01 1.761597851285249305e+01
1.192276886851183235e+03 -7.140148481392252222e+01 1.743464492023191426e+01
1.190936576491358664e+03 -7.051014697733236858e+01 1.725783355663912033e+01
1.189533053737522323e+03 -6.961453237709888242e+01 1.708556844151393861e+01
1.188060373514438425e+03 -6.871514145291864395e+01 1.691787385193572391e+01
1.186528599797498373e+03 -6.781246913754503680e+01 1.675472587218384035e+01
1.184935271464325069e+03 -6.690701835299027778e+01 1.659616996494157348e+01
1.183278759125541001e+03 -6.599927908250958808e+01 1.644225899168754523e+01
1.181565766959919983e+03 -6.508974909758875071e+01 1.629290960625286999e+01
1.179791733841605264e+03 -6.417889435235223061e+01 1.614815599086070463e+01
1.177953147798729560e+03 -6.326715813858532300e+01 1.600804593570152434e+01
1.176054706109146537e+03 -6.235498747620719229e+01 1.587260560454618918e+01
1.174103095914496635e+03 -6.144281264064768777e+01 1.574173705343574170e+01
1.172092168748202994e+03 -6.053114827705569212e+01 1.561556329134919174e+01
1.170019180790540531e+03 -5.962031983695480619e+01 1.549400719460466469e+01
1.167889597495739736e+03 -5.871088012612833751e+01 1.537713996381911485e+01
1.165703084506183814e+03 -5.780308009736347685e+01 1.526492926592770871e+01
1.163458290580723769e+03 -5.689740814336880703e+01 1.515732280469692661e+01
1.161161257406327877e+03 -5.599416346217142149e+01 1.505449048961470204e+01
1.158803125612773556e+03 -5.509421107878625179e+01 1.495628602344448588e+01
1.156390361290556712e+03 -5.419748928243616604e+01 1.486283653921326753e+01
1.153922247819827817e+03 -5.330428294606701201e+01 1.477395591331155700e+01
1.151404676425543812e+03 -5.241501088342420900e+01 1.468986877574001149e+01
1.148835320724326948e+03 -5.152990269791614963e+01 1.461040226670939468e+01
1.146207076293001137e+03 -5.064935434667182790e+01 1.453564357506752103e+01
1.143526576073411434e+03 -4.977352746997858191e+01 1.446555620348521032e+01
1.140797370807689276e+03 -4.890278419039999847e+01 1.440017069927903748e+01
1.138013521771953265e+03 -4.803746954882619491e+01 1.433951791073229565e+01
1.135181649971088291e+03 -4.717784674530243905e+01 1.428359035399121169e+01
1.132301988619725989e+03 -4.632416099970692613e+01 1.423232297463376206e+01
1.129366396302450767e+03 -4.547672916965262147e+01 1.418578121251087332e+01
1.126384458572450512e+03 -4.463577981769849146e+01 1.414394215505254060e+01
1.123354763853008308e+03 -4.380162402135782429e+01 1.410681098949245538e+01
1.120272983722474009e+03 -4.297450973778403949e+01 1.407436933137690538e+01
1.117142119624388670e+03 -4.215466774566885277e+01 1.404661904368456149e+01
1.113964966425966622e+03 -4.134242539132186778e+01 1.402357932522448891e+01
1.110737058242790226e+03 -4.053789783037372985e+01 1.400525884476731520e+01
1.107462525676790392e+03 -3.974132798601312544e+01 1.399164206088385498e+01
1.104139479452317573e+03 -3.895284668740590917e+01 1.398276540639966470e+01
1.100770244946072808e+03 -3.817258401000933787e+01 1.397862406596093088e+01
1.097353939427385512e+03 -3.740078474878612269e+01 1.397920991139973701e+01
1.093892653625297953e+03 -3.663752244951722759e+01 1.398456747622572927e+01
1.090389621033134063e+03 -3.588295240596040259e+01 1.399471866727123093e+01
1.086841657498921222e+03 -3.513726648117861373e+01 1.400966769223855479e+01
1.083244365733949053e+03 -3.440064504424337599e+01 1.402939973666361340e+01
1.079601558998037945e+03 -3.367314047937831845e+01 1.405397619582934610e+01
1.075920078504127559e+03 -3.295501650698646756e+01 1.408327520435842750e+01
1.072190907987873970e+03 -3.224646170354947117e+01 1.411727645382262608e+01
1.068421672386437649e+03 -3.154780172454380249e+01 1.415588207209813199e+01
1.064610471755349408e+03 -3.085926769100258227e+01 1.419899021035101683e+01
1.060762013269759791e+03 -3.018109502352265849e+01 1.424639392958334128e+01
1.056878089642593977e+03 -2.951347306919887359e+01 1.429810907401699538e+01
1.052958920298340217e+03 -2.885664262512668188e+01 1.435394888935936741e+01
1.049004722343532421e+03 -2.821079059223813346e+01 1.441380868373359370e+01
1.045022745850859110e+03 -2.757609284936111393e+01 1.447767794868673263e+01
1.041013989271610626e+03 -2.695272605001044042e+01 1.454541162846426872e+01
1.036971235482919155e+03 -2.634094191359695714e+01 1.461684921199448084e+01
1.032903098391382855e+03 -2.574142004182577992e+01 1.469193008164823588e+01
1.028809202756633795e+03 -2.515377171928890832e+01 1.477047657898039112e+01
1.024696590742666331e+03 -2.457822698779303039e+01 1.485254607310238484e+01
1.020559017542348329e+03 -2.401495933701575680e+01 1.493792242301436168e+01
1.016402740212877916e+03 -2.346415034005355338e+01 1.502657728294643569e+01
1.012223473065068902e+03 -2.292597772378688958e+01 1.511830677084442520e+01
1.008031955264189378e+03 -2.240058723488221304e+01 1.521311244151461572e+01
1.003817058763636396e+03 -2.188809265086569411e+01 1.531094898890362010e+01
9.995869966215584554e+02 -2.138858285504079859e+01 1.541163089145062592e+01
9.953460560123571668e+02 -2.090215156150682319e+01 1.551516038680382614e+01
9.910907303956956866e+02 -2.042889687601361359e+01 1.562149675999581255e+01
9.868268744617673747e+02 -1.996890381568713480e+01 1.573050588856252574e+01
9.825546795887822782e+02 -1.952227766609180293e+01 1.584211048456936233e+01
9.782743362357604155e+02 -1.908911557372881163e+01 1.595628841685587851e+01
9.739830902469850571e+02 -1.866951384651369139e+01 1.607297596315209631e+01
9.696856735011757564e+02 -1.826357157190244251e+01 1.619204433095116968e+01
9.653863077052504877e+02 -1.787139020878174378e+01 1.631349073349768375e+01
9.610787919490196600e+02 -1.749307376144323101e+01 1.643714918283621884e+01
9.567718898073608216e+02 -1.712872518065856653e+01 1.656298085661351749e+01
9.524618625875544922e+02 -1.677844006539326216e+01 1.669098999541679618e+01
9.481491222184864682e+02 -1.644230273862532243e+01 1.682105736985460354e+01
9.438332361220402618e+02 -1.612037694074995287e+01 1.695307658372826154e+01
9.395199148900820774e+02 -1.581272698384128361e+01 1.708705238905503521e+01
9.352112471841527395e+02 -1.551941807939263285e+01 1.722294259475869893e+01
9.309043076950140403e+02 -1.524050654160748941e+01 1.736067209705070979e+01
9.265992816173262554e+02 -1.497608033044247655e+01 1.750021697235720808e+01
9.222963541674898806e+02 -1.472616113583280040e+01 1.764147660031591869e+01
9.180012061887064192e+02 -1.449088207144800577e+01 1.778440605222043658e+01
9.137106567136503372e+02 -1.427022022476077723e+01 1.792895404990623121e+01
9.094221735201787169e+02 -1.406429623488048897e+01 1.807510507231609154e+01
9.051418337200703945e+02 -1.387313441817938475e+01 1.822286501398947678e+01
9.008696759809226933e+02 -1.369682776785134237e+01 1.837211427476912107e+01
8.966054250156624903e+02 -1.353544028667186261e+01 1.852289294731455982e+01
8.923492681076552344e+02 -1.338895489237100733e+01 1.867508724143872101e+01
8.881013931087106812e+02 -1.325754820077304608e+01 1.882861184704633928e+01
8.838626950929865416e+02 -1.314122033255568134e+01 1.898360500345332014e+01
8.796334387629731282e+02 -1.304008916063376056e+01 1.913979785411086709e+01
8.754141058798662698e+02 -1.295415518271921229e+01 1.929730668335216492e+01
8.712062076840976488e+02 -1.288360342432652139e+01 1.945598676853425602e+01
8.670085543267603043e+02 -1.282827567699765581e+01 1.961577323208036816e+01
8.628229583208317308e+02 -1.278805611811558407e+01 1.977665541354596712e+01
8.586501050019047625e+02 -1.276270662417083557e+01 1.993847399686813304e+01
8.544919189210866080e+02 -1.275197999370884183e+01 2.010118341715669743e+01
8.503490454700764758e+02 -1.275557207995408149e+01 2.026456422506602806e+01
8.462230930702634168e+02 -1.277326190013029183e+01 2.042858725801106345e+01
8.421163539456247236e+02 -1.280486361854795874e+01 2.059314125832204923e+01
8.380289143407867414e+02 -1.285010001531229129e+01 2.075808676800809494e+01
8.339621060902634326e+02 -1.290875950433798636e+01 2.092338883820044870e+01
8.299174815110205827e+02 -1.298056024164208111e+01 2.108890851465779193e+01
8.258962231208689673e+02 -1.306539350213888540e+01 2.125446186725638853e+01
8.218985533956263225e+02 -1.316294742463983880e+01 2.142000810787833487e+01
8.179263030161162078e+02 -1.327304641158111664e+01 2.158542431799417827e+01
8.139801012015487913e+02 -1.339546344999787841e+01 2.175059467549785808e+01
8.100611407112666029e+02 -1.353000420071255228e+01 2.191540908559916545e+01
8.061698357415199325e+02 -1.367645640693160658e+01 2.207974672548322914e+01
8.023075325899924337e+02 -1.383462265412032544e+01 2.224353023027235565e+01
7.984752037248193801e+02 -1.400428969988223216e+01 2.240669203240069862e+01
7.946733980489174201e+02 -1.418527271722028438e+01 2.256917962179918646e+01
7.909026667324272921e+02 -1.437738325471121748e+01 2.273082042778611367e+01
7.871648678161047883e+02 -1.458041445125953040e+01 2.289160610748658087e+01
7.834602355283278712e+02 -1.479417074773586549e+01 2.305146530297049878e+01
7.797892935939304380e+02 -1.501844811283662118e+01 2.321026983832736335e+01
7.761532189001816278e+02 -1.525310890827364396e+01 2.336797361302478748e+01
7.725525749500825441e+02 -1.549796501629119305e+01 2.352445858789527477e+01
7.689873949138413991e+02 -1.575274702774623492e+01 2.367965557845738900e+01
7.654591038035396195e+02 -1.601738053831514819e+01 2.383349380796937567e+01
7.619681599723533054e+02 -1.629166270269167072e+01 2.398587750701453913e+01
7.585149280602333874e+02 -1.657535887678343300e+01 2.413671081823661524e+01
7.550999854390696555e+02 -1.686843964183788458e+01 2.428595894139484557e+01
7.517239124203052825e+02 -1.717061785140555230e+01 2.443360599893435747e+01
7.483872923055945421e+02 -1.748184720754098009e+01 2.457950585622332795e+01
7.450907114353276484e+02 -1.780202355841084483e+01 2.472375023431465380e+01
7.418347592349567776e+02 -1.813094821471226581e+01 2.486613826017828188e+01
7.386200282590677944e+02 -1.846848299752736366e+01 2.500676791561506107e+01
7.354463849536726912e+02 -1.881457256302083181e+01 2.514549138087993541e+01
7.323155798543607489e+02 -1.916894197486896445e+01 2.528224932137191772e+01
7.292287323836208088e+02 -1.953143179717048739e+01 2.541698536313599988e+01
7.261839503344172044e+02 -1.990208520859174257e+01 2.554968020800886563e+01
7.231825142874197354e+02 -2.028077658011745399e+01 2.568030385932296866e+01
7.202243192332412036e+02 -2.066738936222579071e+01 2.580870419451009212e+01
7.173099806665204596e+02 -2.106187932288508335e+01 2.593492323207196293e+01
7.144399936310945805e+02 -2.146417804837522780e+01 2.605886332998892740e+01
7.116141787149418860e+02 -2.187411081635426058e+01 2.618045537708013626e+01
7.088326861552433229e+02 -2.229165141851171228e+01 2.629972912142657648e+01
7.060965814119684865e+02 -2.271680149891669132e+01 2.641660468781089222e+01
7.034054930790412072e+02 -2.314945966084937368e+01 2.653104368583928974e+01
7.007593418451497200e+02 -2.358958494687002627e+01 2.664296980648168045e+01
6.981594043329482702e+02 -2.403711272361211115e+01 2.675238868969173112e+01
6.956049815173209936e+02 -2.449194894140596190e+01 2.685928342040640970e+01
6.930964216953526602e+02 -2.495404347663071576e+01 2.696355972490415809e+01
6.906339831616601259e+02 -2.542309366266126602e+01 2.706522213681876110e+01
6.882173260794868384e+02 -2.589864416382357604e+01 2.716423948593100590e+01
6.858465395947102934e+02 -2.638026840675004792e+01 2.726057478382154287e+01
6.835206899026745759e+02 -2.686755562570841960e+01 2.735419600385957750e+01
6.812400470950257159e+02 -2.736015231099732858e+01 2.744505832590567351e+01
6.790045342213063577e+02 -2.785758089246399294e+01 2.753314455605794819e+01
6.768137051996337732e+02 -2.835949113188613424e+01 2.761842815381195493e+01
6.746670085160578765e+02 -2.886551131108643631e+01 2.770087124700452108e+01
6.725645411521486494e+02 -2.937521598481183815e+01 2.778043462779157835e+01
6.705060046241192140e+02 -2.988824881550491952e+01 2.785708433711430843e+01
6.684911238642233684e+02 -3.040425371823661038e+01 2.793078419095223808e+01
6.665192042731741822e+02 -3.092282319943477731e+01 2.800148842860093623e+01
6.645905922858200938e+02 -3.144357505671388253e+01 2.806923318737387163e+01
6.627047677323074595e+02 -3.196632055600869293e+01 2.813402536319582481e+01
6.608616263897883982e+02 -3.249077235816519504e+01 2.819578947478177611e+01
6.590609253310932445e+02 -3.301657535990013059e+01 2.825454614387484398e+01
6.573040619674212621e+02 -3.354349751157802473e+01 2.831023418723399843e+01
6.555847539533324380e+02 -3.407128089406846527e+01 2.836300842249567111e+01
6.539115440829506269e+02 -3.459958555427613902e+01 2.841269812777624182e+01
6.522806607370979464e+02 -3.512819152323616834e+01 2.845938032141010154e+01
6.506921881674418273e+02 -3.565683523866250937e+01 2.850305728165219676e+01
6.491473002986213032e+02 -3.618517104637847837e+01 2.854356676012315575e+01
6.476398509119878781e+02 -3.671306411880546960e+01 2.858102138701740458e+01
6.461706144250942998e+02 -3.723990043411511408e+01 2.861539169793720561e+01
6.447410758097126973e+02 -3.776544729263015654e+01 2.864658008696229174e+01
6.433588825099998303e+02 -3.828972947208792021e+01 2.867459267723551619e+01
6.420112311034428103e+02 -3.881241274992001422e+01 2.869947502620505020e+01
6.407064557189752350e+02 -3.933337417358003307e+01 2.872114321839522333e+01
6.394436073258449369e+02 -3.985240856255349939e+01 2.873964515797359809e+01
6.382129277789703110e+02 -4.036925387142493804e+01 2.875495903890182703e+01
6.370272582124987366e+02 -4.088371540407752036e+01 2.876704813390490756e+01
6.358797874578109486e+02 -4.139559831342970142e+01 2.877585978098959885e+01
6.347692814131704608e+02 -4.190472616211314261e+01 2.878149455552892633e+01
6.337027153126160783e+02 -4.241096337283147477e+01 2.878388849403316385e+01
6.326685056008346919e+02 -4.291411453046679014e+01 2.878297063383232057e+01
6.316765643898385179e+02 -4.341400846108879819e+01 2.877883573237514625e+01
6.307227388529132668e+02 -4.391052944807314162e+01 2.877137905441567867e+01
6.298054137478953862e+02 -4.440353311540015113e+01 2.876062842306206235e+01
6.289238704392082582e+02 -4.489282302568895489e+01 2.874658997174774910e+01
6.280841241465240046e+02 -4.537826707994893383e+01 2.872922241927055964e+01
6.272839794448044586e+02 -4.585975999677374659e+01 2.870847779215321438e+01
6.265202794275172664e+02 -4.633714062423053548e+01 2.868438266719553198e+01
6.257904417173995171e+02 -4.681021496267003101e+01 2.865690799268432087e+01
6.250997418984052274e+02 -4.727886539908328700e+01 2.862598786121490235e+01
6.244486045358938782e+02 -4.774296539219400159e+01 2.859160463656071727e+01
6.238310613849544097e+02 -4.820232403730835102e+01 2.855376027450102328e+01
6.232483617714750608e+02 -4.865686821402685780e+01 2.851239430297063038e+01
6.227065599613846416e+02 -4.910655847156745324e+01 2.846752812162531043e+01
6.222049304162146655e+02 -4.955140488685540845e+01 2.841916503050812182e+01
6.217364960337923776e+02 -4.999126796046682131e+01 2.836729373547392896e+01
6.213041970167977297e+02 -5.042604492081485290e+01 2.831196609353859373e+01
6.209048361421286018e+02 -5.085554646581248051e+01 2.825324955630570400e+01
6.205419266797761111e+02 -5.127956771805712322e+01 2.819126915668561040e+01
6.202114909533792115e+02 -5.169798539889145417e+01 2.812605240563392783e+01
6.199116556326972614e+02 -5.211051075928376974e+01 2.805770934533264693e+01
6.196487631195093400e+02 -5.251699043878211626e+01 2.798625913082755901e+01
6.194110957282729260e+02 -5.291718845587557496e+01 2.791175346595827733e+01
6.191961235165683775e+02 -5.331097457523743088e+01 2.783432594242251668e+01
6.190107840957683720e+02 -5.369803414951372389e+01 2.775391358110477213e+01
6.188559149651090365e+02 -5.407830655366906569e+01 2.767070780148907616e+01
6.187167879560107622e+02 -5.445147074332030002e+01 2.758471353591728459e+01
6.186068198642502693e+02 -5.481734001613602913e+01 2.749601671708893846e+01
6.185119655263956702e+02 -5.517582809834699020e+01 2.740467523006830319e+01
6.184464833957491692e+02 -5.552694858659214106e+01 2.731073872897939125e+01
6.183964589329606270e+02 -5.587045987431716298e+01 2.721426437871688364e+01
6.183689909639089137e+02 -5.620638470207014592e+01 2.711525419746194032e+01
6.183629663686356253e+02 -5.653453180981013304e+01 2.701384114428413241e+01
6.183716595674920882e+02 -5.685472222519486962e+01 2.691008881918072149e+01
6.183950638537141913e+02 -5.716685839112424361e+01 2.680403068210624085e+01
6.184348662385490343e+02 -5.747085646210466336e+01 2.669563724852186937e+01
6.184934139581858972e+02 -5.776649876771403314e+01 2.658505627019568962e+01
6.185630094902298879e+02 -5.805372989831999320e+01 2.647225269475277898e+01
6.186505607146485772e+02 -5.833241155371472786e+01 2.635732360801184626e+01
6.187474651609970806e+02 -5.860242163558940121e+01 2.624030072368937638e+01
6.188563928912076335e+02 -5.886369651341860276e+01 2.612127287456883806e+01
6.189750682724288708e+02 -5.911613024692051965e+01 2.600025053059934521e+01
6.191053780445375878e+02 -5.935974095476891677e+01 2.587726477735810704e+01
6.192458334313224668e+02 -5.959437941982949383e+01 2.575236225735379492e+01
6.193975375755211417e+02 -5.982001662878420944e+01 2.562561534045019584e+01
6.195597882830618346e+02 -6.003660470321995746e+01 2.549704160330878011e+01
6.197329048259016417e+02 -6.024402813176372717e+01 2.536670206560919993e+01
6.199129234899299945e+02 -6.044220635119346952e+01 2.523461709601787106e+01
6.200998504246722405e+02 -6.063112912284496048e+01 2.510080964179380913e+01
6.202936921871042841e+02 -6.081062778480936259e+01 2.496534021655444846e+01
6.204990923734745820e+02 -6.098063617732563557e+01 2.482817643943967312e+01
6.207095764122057062e+02 -6.114104373168934359e+01 2.468941148236178762e+01
6.209242050803910615e+02 -6.129179439173393007e+01 2.454906456328891906e+01
6.211457775577064240e+02 -6.143286864139380299e+01 2.440713974606631709e+01
6.213688795962676750e+02 -6.156410976515570610e+01 2.426364256555492105e+01
6.215967378951849014e+02 -6.168542065435659794e+01 2.411860864538427052e+01
6.218315628184153638e+02 -6.179686761895590053e+01 2.397203932092965672e+01
6.220733618391270738e+02 -6.189825963435477973e+01 2.382397387684253331e+01
6.223159352470065642e+02 -6.198961484590032001e+01 2.367447153710168806e+01
6.225640795062989810e+02 -6.207078491906523254e+01 2.352352737160769891e+01
6.228126194336759909e+02 -6.214175409110221437e+01 2.337112019469284263e+01
6.230671360131677829e+02 -6.220241234968933242e+01 2.321722870892299184e+01
6.233216681469658624e+02 -6.225276423766938905e+01 2.306197135324665481e+01
6.235825811044148850e+02 -6.229269016737028153e+01 2.290527131131863214e+01
6.238431276414612512e+02 -6.232220080853753785e+01 2.274710065403531445e+01
6.241016444320300707e+02 -6.234106140269314977e+01 2.258767648678372097e+01
6.243658624237895083e+02 -6.234958865185662091e+01 2.242700414330485259e+01
6.246346116376445252e+02 -6.234780613646679370e+01 2.226506449882447214e+01
6.248996421734032083e+02 -6.233592497645709329e+01 2.210200086494833371e+01
6.251599789902666089e+02 -6.231401929779818261e+01 2.193788372337747816e+01
6.254157803330111847e+02 -6.228224450387806144e+01 2.177279482881867168e+01
6.256714257630341081e+02 -6.224078406029934740e+01 2.160687139906252696e+01
6.259194470197821829e+02 -6.218965050984630238e+01 2.144018372553507135e+01
6.261605883399266759e+02 -6.212901981460909440e+01 2.127280204619072990e+01
6.263980485144794557e+02 -6.205909700812640040e+01 2.110479655051604198e+01
6.266249449634335633e+02 -6.197990831839870651e+01 2.093625854041303924e+01
6.268426074504251346e+02 -6.189171763652876024e+01 2.076729205816042878e+01
6.270555617010087417e+02 -6.179457799439677501e+01 2.059793716911162065e+01
6.272601186673422262e+02 -6.168867981817950863e+01 2.042829000223741787e+01
6.274501759683120099e+02 -6.157415957833147502e+01 2.025839842283998848e+01
6.276278433677400699e+02 -6.145115292223264447e+01 2.008838163711952518e+01
6.277968560779823974e+02 -6.131976174630965915e+01 1.991827670300372333e+01
6.279562239560542594e+02 -6.118003989603661807e+01 1.974814322360078123e+01
6.281049553508330519e+02 -6.103211412900655830e+01 1.957809449200641083e+01
6.282381748631858045e+02 -6.087611938575407322e+01 1.940812284625491557e+01
6.283550274293137363e+02 -6.071210711352224365e+01 1.923830107011463397e+01
6.284582590386013408e+02 -6.054021346933303960e+01 1.906877401339422917e+01
6.285468715383190101e+02 -6.036051454912314540e+01 1.889952227274023855e+01
6.286198650354397159e+02 -6.017311931422280935e+01 1.873059556416282945e+01
6.286762378517063325e+02 -5.997813918694923530e+01 1.856209549028685402e+01
6.287149864792545486e+02 -5.977562176427006335e+01 1.839404155057725632e+01
6.287351055368337711e+02 -5.956561389818828189e+01 1.822652883284910530e+01
6.287410402355056931e+02 -5.934832528014634079e+01 1.805959863649179553e+01
6.287285009404974971e+02 -5.912375937660261371e+01 1.789324101333277284e+01
6.287001493511343142e+02 -5.889203431992312687e+01 1.772762141932470215e+01
6.286509066317155430e+02 -5.865323359366516343e+01 1.756266846177669905e+01
6.285779778486071336e+02 -5.840733809178389180e+01 1.739852390036518415e+01
6.284932134115246072e+02 -5.815450324599933651e+01 1.723516117992578600e+01
6.283851071100411900e+02 -5.789473240408037213e+01 1.707268939272197272e+01
6.282502557160829610e+02 -5.762812317214976332e+01 1.691105451933098536e+01
6.281016807837298757e+02 -5.735472609009602252e+01 1.675044781266425176e+01
6.279255139249432887e+02 -5.707465330516555468e+01 1.659073943004009877e+01
6.277343536471911420e+02 -5.678780185571280015e+01 1.643213048271037735e+01
6.275192682344012383e+02 -5.649453242117741070e+01 1.627462480261272404e+01
6.272804170879011281e+02 -5.619465456025148598e+01 1.611814719969217435e+01
6.270237074720769215e+02 -5.588818149085948050e+01 1.596289480646397685e+01
6.267416283746970294e+02 -5.557518406368770769e+01 1.580873697451681537e+01
6.264392193314147335e+02 -5.525567557376989214e+01 1.565585699145279719e+01
6.261097495366379917e+02 -5.492967115495356012e+01 1.550413241563486544e+01
6.257601905238491327e+02 -5.459716343850678300e+01 1.535368780001004652e+01
6.253928391741468431e+02 -5.425816804203594046e+01 1.520453027163653204e+01
6.249976248979171487e+02 -5.391268364653810607e+01 1.505669661003065940e+01
6.245817289559323626e+02 -5.356070566008005329e+01 1.491015695312322897e+01
6.241366458789279932e+02 -5.320224646825712966e+01 1.476502066712317429e+01
6.236726664316806819e+02 -5.283728744876442818e+01 1.462127983741641657e+01
6.231849435281152410e+02 -5.246586813393822979e+01 1.447895368464647881e+01
6.226687047544791085e+02 -5.208822982422168479e+01 1.433806807577111186e+01
6.221300603799753617e+02 -5.170466915201295421e+01 1.419863293174540608e+01
6.215674103898836620e+02 -5.131548711136887420e+01 1.406074834767039050e+01
6.209802865257041731e+02 -5.092098252473123665e+01 1.392438354489602226e+01
6.203684525407331876e+02 -5.052144444917914257e+01 1.378956658032185167e+01
6.197321971963086753e+02 -5.011715594341746538e+01 1.365638625159873598e+01
6.190717677363211351e+02 -4.970837155158014298e+01 1.352480638111196143e+01
6.183869972723830415e+02 -4.929534139852779617e+01 1.339487319110005181e+01
6.176777956353969330e+02 -4.887832231179402953e+01 1.326662115619636495e+01
6.169443620907323975e+02 -4.845756789338187787e+01 1.314006360698178177e+01
6.161865415968555908e+02 -4.803333497234083893e+01 1.301523738249302475e+01
6.154051552124506088e+02 -4.760586542160504564e+01 1.289214631076218076e+01
6.145996095895997087e+02 -4.717540166850010763e+01 1.277084530948473606e+01
6.137697240287940303e+02 -4.674216002965860639e+01 1.265131301173400047e+01
6.129161341780159091e+02 -4.630636214480860957e+01 1.253363812744106909e+01
6.120383370413760531e+02 -4.586823389826644615e+01 1.241775840162842925e+01
6.111359468938040891e+02 -4.542799863966715890e+01 1.230375329195061518e+01
6.102093966167051349e+02 -4.498589168106803271e+01 1.219166667060581055e+01
6.092586840404037503e+02 -4.454204549710655670e+01 1.208144102099124773e+01
6.082836293746652245e+02 -4.409676308290297442e+01 1.197313082994820377e+01
6.072840501070985511e+02 -4.365012899268771207e+01 1.186675522978850061e+01
6.062618181690683059e+02 -4.320231055101780271e+01 1.176238856567066726e+01
6.052156240601988202e+02 -4.275342764288698305e+01 1.165997591950350909e+01
6.041465736256387800e+02 -4.230373542101366979e+01 1.155951580377383436e+01
6.030553111595392011e+02 -4.185331050018845644e+01 1.146116654609843621e+01
6.019407637006344203e+02 -4.140268066506944677e+01 1.136489103686955993e+01
6.008037486587641069e+02 -4.095166123125340363e+01 1.127066216505370733e+01
5.996447451935983963e+02 -4.050036214677584923e+01 1.117849302996764926e+01
5.984629082896029786e+02 -4.004890940235818420e+01 1.108845499518801958e+01
5.972587332842556407e+02 -3.959754330160122748e+01 1.100049533661999490e+01
5.960320111239551579e+02 -3.914630557601040550e+01 1.091470190892265890e+01
5.947825301891542722e+02 -3.869533403986628883e+01 1.083112103326020836e+01
5.935102351161485785e+02 -3.824485142174452790e+01 1.074964812637136014e+01
5.922155325035145097e+02 -3.779490547759071006e+01 1.067035385808405046e+01
5.908984012144529743e+02 -3.734560636736026851e+01 1.059326659629426892e+01
5.895589859126745296e+02 -3.689704257180257230e+01 1.051845352796730282e+01
5.881967353725257226e+02 -3.644929173642970710e+01 1.044589992741093276e+01
5.868122247395220938e+02 -3.600246742246569909e+01 1.037558624091881221e+01
5.854054735952465762e+02 -3.555663052274460512e+01 1.030757443554819197e+01
5.839760412528222560e+02 -3.511196327514737447e+01 1.024187418752234535e+01
5.825238640309163429e+02 -3.466849642511127172e+01 1.017852698048261750e+01
5.810489105273397854e+02 -3.422629444137275811e+01 1.011752247222085010e+01
5.795514805357619252e+02 -3.378543310069752437e+01 1.005885270386903407e+01
5.780309064033253890e+02 -3.334598119444399345e+01 1.000261364876427272e+01
5.764873395803498397e+02 -3.290805043372415639e+01 9.948776669316837129e+00
5.749200947358707481e+02 -3.247171136544805137e+01 9.897314012707729702e+00
5.733294891612421225e+02 -3.203699600979370388e+01 9.848323645849269781e+00
5.717158656183331686e+02 -3.160393664833969751e+01 9.801796087429520909e+00
5.700786436718029790e+02 -3.117251855120709791e+01 9.757771831400749107e+00
5.684177248378703098e+02 -3.074286658118890969e+01 9.716263695450578552e+00
5.667346535589523455e+02 -3.031509158715881824e+01 9.677247603351506910e+00
5.650295796294892625e+02 -2.988937286105110402e+01 9.640639576407492584e+00
5.633037765090814446e+02 -2.946586073796076732e+01 9.606467277152773931e+00
5.615572330325105668e+02 -2.904471292751623324e+01 9.574605286045493102e+00
5.597913758373348401e+02 -2.862611056496390205e+01 9.545013309693057835e+00
5.580072534853641173e+02 -2.821023515270114501e+01 9.517714597495192663e+00
5.562042700060487732e+02 -2.779720558307363731e+01 9.492669626074132339e+00
5.543840820930901145e+02 -2.738718891057179050e+01 9.469756952759352586e+00
5.525469460074961034e+02 -2.698036781340780976e+01 9.448973960883998657e+00
5.506934073846758793e+02 -2.657685650748498674e+01 9.430275881982867148e+00
5.488241231304281200e+02 -2.617682918406336867e+01 9.413606865659746248e+00
5.469404765674784130e+02 -2.578032419627467320e+01 9.398984076092411044e+00
5.450418445238320828e+02 -2.538765809920761285e+01 9.386349266179296436e+00
5.431299406247097750e+02 -2.499900369889136442e+01 9.375556001198747325e+00
5.412049421578576585e+02 -2.461432450299580310e+01 9.366722977840641562e+00
5.392674983394676929e+02 -2.423365874156889532e+01 9.359789008977912772e+00
5.373182569809957840e+02 -2.385717606776916355e+01 9.354644314889236867e+00
5.353577615539559247e+02 -2.348493385865761596e+01 9.351363932571519655e+00
5.333859780847744787e+02 -2.311713832246357114e+01 9.349837996408250973e+00
5.314036926834093038e+02 -2.275372775376421686e+01 9.350078435113058362e+00
5.294118641197165971e+02 -2.239492216107623079e+01 9.352047609373084214e+00
5.274102564121898240e+02 -2.204076828784486963e+01 9.355753906966237210e+00
5.254003088520214533e+02 -2.169135533788569603e+01 9.361143882104649094e+00
5.233817195275655649e+02 -2.134675716511573285e+01 9.368164275577527178e+00
5.213552072467593916e+02 -2.100711630736945068e+01 9.376810088948234423e+00
5.193205858531640615e+02 -2.067251561223907785e+01 9.387110769368606000e+00
5.172790137396685850e+02 -2.034306295950585408e+01 9.398961394191672980e+00
5.152305277873067553e+02 -2.001877004878317834e+01 9.412369279151542756e+00
5.131754347269420578e+02 -1.969976880100073657e+01 9.427314844188822818e+00
5.111142791437591200e+02 -1.938617670157604067e+01 9.443754814924725238e+00
5.090467215335130504e+02 -1.907805163096335832e+01 9.461734418887742137e+00
5.069738181636203080e+02 -1.877544453027610771e+01 9.481159401182420510e+00
5.048958032960849209e+02 -1.847841040659028877e+01 9.502057545397933680e+00
5.028125062783132080e+02 -1.818700034221600248e+01 9.524454246563511362e+00
5.007246292425084562e+02 -1.790127249902645801e+01 9.548298119838699805e+00
4.986326913007817438e+02 -1.762127655122746006e+01 9.573629193295905893e+00
4.965369961878081426e+02 -1.734707064631988516e+01 9.600413949094914301e+00
4.944371818878531144e+02 -1.707872321508844138e+01 9.628620390042478050e+00
4.923338192508331872e+02 -1.681630236804314649e+01 9.658277894063891367e+00
4.902272687604081511e+02 -1.655987973588193540e+01 9.689415978385557793e+00
4.881173568066315056e+02 -1.630953315211039012e+01 9.721953406776583151e+00
4.860039095395673030e+02 -1.606533210301408943e+01 9.755931842998327497e+00
4.838867529141884347e+02 -1.582734812344752839e+01 9.791283262206560423e+00
4.817669394019815741e+02 -1.559566776218665218e+01 9.828061359665037244e+00
4.796439992579932436e+02 -1.537034402745726247e+01 9.866249876343067271e+00
4.775176089884511157e+02 -1.515143678820022366e+01 9.905798919329079411e+00
4.753882664326002896e+02 -1.493901233157467878e+01 9.946793154098855894e+00
4.732559071078965189e+02 -1.473312970587333837e+01 9.989204887175736403e+00
4.711203567287120677e+02 -1.453385300882087172e+01 1.003305570522042878e+01
4.689823041301041258e+02 -1.434121413327174643e+01 1.007829013218309733e+01
4.668419775110105547e+02 -1.415521999950986576e+01 1.012484004174117302e+01
4.647009477612371597e+02 -1.397580189636902759e+01 1.017264133702751572e+01
4.625591405193659966e+02 -1.380284044996514581e+01 1.022161802160550792e+01
4.604165725405768512e+02 -1.363626626340832715e+01 1.027178952141370694e+01
4.582752064584976779e+02 -1.347601710312924617e+01 1.032303700096591292e+01
4.561348593620716088e+02 -1.332202426012120178e+01 1.037531323498525815e+01
4.539958514522808173e+02 -1.317422095895329548e+01 1.042855850645937821e+01
4.518603357504541123e+02 -1.303254931350105039e+01 1.048267462620061607e+01
4.497271869978325753e+02 -1.289695867634934956e+01 1.053766176985483582e+01
4.475976430700786750e+02 -1.276739722748491701e+01 1.059339281899975482e+01
4.454723252645051161e+02 -1.264380968847231657e+01 1.064980197214739732e+01
4.433518555023863428e+02 -1.252615637826302653e+01 1.070691321502567384e+01
4.412366129224536735e+02 -1.241439705411502636e+01 1.076459245868669434e+01
4.391269452532323498e+02 -1.230843631058005450e+01 1.082282052827639340e+01
4.370237128489612246e+02 -1.220824442664511089e+01 1.088149883427032449e+01
4.349270411603360458e+02 -1.211379077969602669e+01 1.094058072817777294e+01
4.328375558580664801e+02 -1.202497443418979195e+01 1.100005179338039696e+01
4.307558834880594532e+02 -1.194175037276411722e+01 1.105994562038084261e+01
4.286826515129131963e+02 -1.186403466448848043e+01 1.112018746030224570e+01
4.266181075019898685e+02 -1.179180596799048963e+01 1.118068469302397538e+01
4.245624796333981976e+02 -1.172495736978076231e+01 1.124147097881511392e+01
4.225163983670083780e+02 -1.166346472822802305e+01 1.130253798218099348e+01
4.204804952434441248e+02 -1.160734269524328255e+01 1.136379524365499094e+01
4.184549435573824212e+02 -1.155651467686440625e+01 1.142516204918148048e+01
4.164400544058886453e+02 -1.151093202996134224e+01 1.148663982284706542e+01
4.144359641877427975e+02 -1.147061127398522018e+01 1.154816253537459936e+01
4.124430256988470660e+02 -1.143546588960680488e+01 1.160975900933709681e+01
4.104618764819205126e+02 -1.140556842344458666e+01 1.167127415731170004e+01
4.084925978849643116e+02 -1.138081880232260623e+01 1.173275546658398838e+01
4.065356055415634273e+02 -1.136122629882286006e+01 1.179416607729006117e+01
4.045909442885289309e+02 -1.134671157519882634e+01 1.185543895332109798e+01
4.026590718375439337e+02 -1.133731930932522047e+01 1.191658916895370446e+01
4.007406326874331626e+02 -1.133302314540959443e+01 1.197765030219174420e+01
3.988349615226371725e+02 -1.133376415677208016e+01 1.203845920159366933e+01
3.969431282866855213e+02 -1.133948397751836445e+01 1.209907897406150923e+01
3.950651939690690710e+02 -1.135033326951047350e+01 1.215948427799242815e+01
3.932010075428577807e+02 -1.136613801087301745e+01 1.221955691204468764e+01
3.913511537830939915e+02 -1.138704821472801321e+01 1.227939016108267367e+01
3.895160263590751697e+02 -1.141288307340418484e+01 1.233883409732510827e+01
3.876954061473390993e+02 -1.144374295009656173e+01 1.239792416627067340e+01
3.858902031077917059e+02 -1.147963210267724676e+01 1.245663870452891508e+01
3.840995427834602083e+02 -1.152063526047597009e+01 1.251487147341753747e+01
3.823234633196721006e+02 -1.156665388092326019e+01 1.257272678058967053e+01
3.805631018014058782e+02 -1.161783115967539004e+01 1.263020490677385155e+01
3.788177767783386116e+02 -1.167407234769752833e+01 1.268714977236634311e+01
3.770880062332822718e+02 -1.173548505867327307e+01 1.274365957694136142e+01
3.753736566553043872e+02 -1.180212696548275275e+01 1.279975030490127175e+01
3.736747840387078554e+02 -1.187392236076318497e+01 1.285537448476245537e+01
3.719918531129433177e+02 -1.195098020453865217e+01 1.291050528376843332e+01
3.703249642119733380e+02 -1.203332366239436979e+01 1.296517215976604476e+01
3.686743064989445884e+02 -1.212072261733934830e+01 1.301934291114145914e+01
3.670394942209996998e+02 -1.221301526361229683e+01 1.307289774644530667e+01
3.654209289658499529e+02 -1.231006157734513273e+01 1.312585606378821801e+01
3.638184983362676803e+02 -1.241159767657822677e+01 1.317823924298975236e+01
3.622324169397405740e+02 -1.251744219049108153e+01 1.322991790607954599e+01
3.606626887424887968e+02 -1.262742731672138774e+01 1.328087110780213109e+01
3.591091341502130945e+02 -1.274137632933961051e+01 1.333110494200814244e+01
3.575724504344036632e+02 -1.285915658866069933e+01 1.338063609112901098e+01
3.560521262322236566e+02 -1.298059543195820709e+01 1.342939755867144136e+01
3.545485735293856919e+02 -1.310548069896066714e+01 1.347732222749475106e+01
3.530618850407082618e+02 -1.323368909866866794e+01 1.352443141774188184e+01
3.515912857631544171e+02 -1.336512317757254564e+01 1.357072562072839794e+01
3.501376454061495451e+02 -1.349955542630496375e+01 1.361618554729384734e+01
3.487009699401395437e+02 -1.363684518406338775e+01 1.366072340504960891e+01
3.472814098881745508e+02 -1.377688992945130053e+01 1.370434765729042148e+01
3.458785966896282957e+02 -1.391955935077421636e+01 1.374709665714515872e+01
3.444927633948536254e+02 -1.406472337440939491e+01 1.378887042642278438e+01
3.431234669324422839e+02 -1.421219413225940542e+01 1.382969467896284321e+01
3.417716227007311431e+02 -1.436194176929387645e+01 1.386954147331039522e+01
3.404368953584304904e+02 -1.451381135951278800e+01 1.390840429181975679e+01
3.391190438694235354e+02 -1.466759348965804755e+01 1.394623078605181909e+01
3.378179918066670098e+02 -1.482327654111323945e+01 1.398295219535362044e+01
3.365343430675630430e+02 -1.498075629114531182e+01 1.401870311305246730e+01
3.352681289075709401e+02 -1.513983419881876991e+01 1.405330600077368075e+01
3.340185611908021315e+02 -1.530044501267715518e+01 1.408674657675417663e+01
3.327862440954583008e+02 -1.546246671004380602e+01 1.411910936027110708e+01
3.315713663196386278e+02 -1.562568806723460035e+01 1.415023845644850731e+01
3.303737029935331293e+02 -1.579008203275456346e+01 1.418022875479609013e+01
3.291931550811834768e+02 -1.595572750107301907e+01 1.420902468365024163e+01
3.280303176185350367e+02 -1.612243810419205303e+01 1.423663639595451258e+01
3.268845150396644499e+02 -1.629023693050496746e+01 1.426307388041547597e+01
3.257563798523803484e+02 -1.645906499157354830e+01 1.428834696021258388e+01
3.246459887163943563e+02 -1.662880757138504251e+01 1.431243893071588680e+01
3.235536357879444154e+02 -1.679941698026634356e+01 1.433524436638561106e+01
3.224781794236145629e+02 -1.697082844519887956e+01 1.435683565268646156e+01
3.214205625119980141e+02 -1.714295227706922020e+01 1.437718380083405378e+01
3.203812892197863107e+02 -1.731579996033153179e+01 1.439620054158557139e+01
3.193590583047549671e+02 -1.748927783756698773e+01 1.441392886418826791e+01
3.183549300596474723e+02 -1.766327770538943298e+01 1.443029723104965356e+01
3.173688623154006905e+02 -1.783783142052224946e+01 1.444528777299731104e+01
3.164008147162467139e+02 -1.801283992329222627e+01 1.445893118243123610e+01
3.154507487088761195e+02 -1.818831707853518864e+01 1.447115540040359605e+01
3.145189556261656207e+02 -1.836427690549174230e+01 1.448195381209520249e+01
3.136058544839835918e+02 -1.854062602827745465e+01 1.449131003568247067e+01
3.127110447152729193e+02 -1.871735311569188198e+01 1.449921825543933629e+01
3.118344671029359461e+02 -1.889445147395936786e+01 1.450569143471659928e+01
3.109768936529474672e+02 -1.907187282315286581e+01 1.451065778687363306e+01
3.101378193817716351e+02 -1.924965400840210350e+01 1.451408174734175205e+01
3.093178439176699044e+02 -1.942772849032590088e+01 1.451597920078241621e+01
3.085164514568252798e+02 -1.960605121327733613e+01 1.451635181154025034e+01
3.077336076376857363e+02 -1.978452551190141051e+01 1.451511684944812153e+01
3.069690569047599524e+02 -1.996301948251916514e+01 1.451236953573205390e+01
3.062213574899322452e+02 -2.014132586605312625e+01 1.450811394856850889e+01
3.054907013007386354e+02 -2.031939935596039248e+01 1.450235185823744466e+01
3.047769277027340422e+02 -2.049707207679016818e+01 1.449519276570285697e+01
3.040794015001828257e+02 -2.067425569731223334e+01 1.448653649651557629e+01
3.033974890749355495e+02 -2.085080662624030978e+01 1.447649677170452520e+01
3.027311808944033373e+02 -2.102672804178257948e+01 1.446516204340869649e+01
3.020800059946958527e+02 -2.120188399794968248e+01 1.445239210448861655e+01
3.014439971461723644e+02 -2.137615661425902402e+01 1.443839577828883947e+01
3.008219657084582082e+02 -2.154950989183115340e+01 1.442305682744499151e+01
3.002138859807357676e+02 -2.172170928610423957e+01 1.440639697340743730e+01
2.996192143767373182e+02 -2.189277804711363729e+01 1.438854003772081747e+01
2.990388082753135564e+02 -2.206254947222998197e+01 1.436939568636130282e+01
2.984703530916594900e+02 -2.223075000672641721e+01 1.434910006747300493e+01
2.979148881452496198e+02 -2.239749555610643839e+01 1.432753984139913506e+01
2.973711457560105487e+02 -2.256270508309082956e+01 1.430476330487889491e+01
2.968393097506852314e+02 -2.272626482157303585e+01 1.428081377620484638e+01
2.963194695967850407e+02 -2.288802635252959305e+01 1.425567139688664575e+01
2.958111251138052467e+02 -2.304807727159244735e+01 1.422938675634346595e+01
2.953141940451576488e+02 -2.320624372888067910e+01 1.420199679519733138e+01
2.948275705797511250e+02 -2.336244911116476075e+01 1.417347160852635746e+01
2.943516185921886290e+02 -2.351667624214078955e+01 1.414379854522558233e+01
2.938865555958262235e+02 -2.366875342309571550e+01 1.411300818019052983e+01
2.934312352150849392e+02 -2.381872721177599672e+01 1.408111281304059936e+01
2.929865216885671089e+02 -2.396645505630599970e+01 1.404817235132290776e+01
2.925512580315731839e+02 -2.411193302494700319e+01 1.401415173093478295e+01
2.921256540752731894e+02 -2.425510279188031149e+01 1.397909877774260501e+01
2.917100493636826286e+02 -2.439583980364135130e+01 1.394296071382760083e+01
2.913031697729163056e+02 -2.453414939826985375e+01 1.390575542420172006e+01
2.909055437071070855e+02 -2.466990665727649912e+01 1.386751786073571147e+01
2.905171185191190943e+02 -2.480308035606364214e+01 1.382823662778259077e+01
2.901372303118513969e+02 -2.493363884556331911e+01 1.378790502323441736e+01
2.897660784665419555e+02 -2.506147203702991888e+01 1.374657583772426506e+01
2.894034533172649617e+02 -2.518650997362248489e+01 1.370417802111190397e+01
2.890491830440171839e+02 -2.530871401000750609e+01 1.366072252198330261e+01
2.887030198553075024e+02 -2.542801546433205928e+01 1.361625739635914911e+01
2.883648322383323830e+02 -2.554433362577218602e+01 1.357073685557609899e+01
2.880343341104440356e+02 -2.565765164966818546e+01 1.352414598756527653e+01
2.877124497430306178e+02 -2.576796415447535793e+01 1.347653245858213999e+01
2.873988756941274119e+02 -2.587518315837414562e+01 1.342789106449290237e+01
2.870933059319940526e+02 -2.597935690658676577e+01 1.337818905084291465e+01
2.867959440140846255e+02 -2.608038288106331848e+01 1.332745021320603662e+01
2.865069937618461609e+02 -2.617823998207167335e+01 1.327566309662137023e+01
2.862266592227294950e+02 -2.627285005202350732e+01 1.322279459173372018e+01
2.859545190384768034e+02 -2.636428297677371546e+01 1.316887403527222666e+01
2.856906210989465649e+02 -2.645233838211223443e+01 1.311381922121654142e+01
2.854345050565923998e+02 -2.653700309612634456e+01 1.305771599131061045e+01
2.851876272196844297e+02 -2.661824975465710352e+01 1.300048579815805994e+01
2.849481770883891727e+02 -2.669605050656126366e+01 1.294216598322857692e+01
2.847163589715561898e+02 -2.677027918183419786e+01 1.288270993002628373e+01
2.844925740041798008e+02 -2.684117511848614512e+01 1.282229006653347447e+01
2.842736548232750806e+02 -2.690849529762335379e+01 1.276091420980835522e+01
2.840619777608323488e+02 -2.697247995239512974e+01 1.269856279709843960e+01
2.838557338651410191e+02 -2.703308910205900162e+01 1.263533798633355687e+01
2.836552619015058667e+02 -2.709041491308552807e+01 1.257126761899790779e+01
2.834600791163668418e+02 -2.714441438104532622e+01 1.250637945321549793e+01
2.832691178234671838e+02 -2.719512613198753215e+01 1.244071299736079972e+01
2.830821314650017939e+02 -2.724261524783251431e+01 1.237434843666513551e+01
2.828992218911867553e+02 -2.728681019563470400e+01 1.230726463759202893e+01
2.827193795577146034e+02 -2.732784344238534047e+01 1.223953378778012890e+01
2.825422191495612765e+02 -2.736567927446909110e+01 1.217115427464960575e+01
2.823675714801196932e+02 -2.740032031918777378e+01 1.210222758107201813e+01
2.821953801248271247e+02 -2.743175738988679768e+01 1.203273477884614984e+01
2.820247127156228544e+02 -2.746004278421871803e+01 1.196271910102282199e+01
2.818554578418598453e+02 -2.748520169807414604e+01 1.189221821768842169e+01
2.816874401252943017e+02 -2.750729875595114748e+01 1.182125921817771541e+01
2.815204140295151660e+02 -2.752625830202640600e+01 1.174987543379270605e+01
2.813545922578308591e+02 -2.754216845462245900e+01 1.167810320701063631e+01
2.811891383955709216e+02 -2.755506879561611200e+01 1.160596594814961158e+01
2.810240368742951205e+02 -2.756493131298937982e+01 1.153349375281336719e+01
2.808593067254829521e+02 -2.757177735439434940e+01 1.146071773301498276e+01
2.806945578225875693e+02 -2.757562860686486417e+01 1.138766083566356180e+01
2.805293994687796157e+02 -2.757654083237849818e+01 1.131434986640818607e+01
2.803634403749238686e+02 -2.757444197664301200e+01 1.124080256300715419e+01
2.801967602654592611e+02 -2.756933105102135428e+01 1.116703907657036510e+01
2.800287858078967247e+02 -2.756125649439002601e+01 1.109308613848377512e+01
2.798598547384536914e+02 -2.755018413901713359e+01 1.101896535281947109e+01
2.796890545594686159e+02 -2.753615636861402649e+01 1.094470070512387849e+01
2.795165878156105350e+02 -2.751910430093371218e+01 1.087030787795123388e+01
2.793425230896393145e+02 -2.749905405186071405e+01 1.079580321095779816e+01
2.791658749123903362e+02 -2.747598298540376049e+01 1.072120535733258428e+01
2.789872718108654226e+02 -2.744994735564698374e+01 1.064653296740014454e+01
2.788060336065684623e+02 -2.742085290931778374e+01 1.057179840510212188e+01
2.786222566872000357e+02 -2.738881234673745269e+01 1.049702527280570941e+01
2.784356755403343868e+02 -2.735366534419152984e+01 1.042222688951014575e+01
2.782465775218021804e+02 -2.731545926065642149e+01 1.034740703200514922e+01
2.780539489127310731e+02 -2.727421597885041393e+01 1.027258956293612968e+01
2.778587663904180545e+02 -2.722980214216630301e+01 1.019777939253206789e+01
2.776606476086026873e+02 -2.718238123907147497e+01 1.012299609385040178e+01
2.774581582151340626e+02 -2.713179828846947572e+01 1.004828992250333641e+01
2.772527957351164218e+02 -2.707814045185366680e+01 9.973621872945232170e+00
2.770440917168444912e+02 -2.702120256899670281e+01 9.899003340568896192e+00
2.768310837626542593e+02 -2.696105835490662628e+01 9.824449858417628079e+00
2.766147637344624286e+02 -2.689764738659374643e+01 9.749952277626929842e+00
2.763946010622183849e+02 -2.683096671689397184e+01 9.675525842786534270e+00
2.761698067019651717e+02 -2.676094498487634965e+01 9.601171066264546639e+00
2.759410907303902150e+02 -2.668751045698877888e+01 9.526906898723064288e+00
2.757077795494239467e+02 -2.661062708512970332e+01 9.452725687658876552e+00
2.754704528624809541e+02 -2.653037194993478565e+01 9.378638135950222221e+00
2.752285013034043004e+02 -2.644677420316362415e+01 9.304664195964845064e+00
2.749823332144114261e+02 -2.635989495532807325e+01 9.230835434870813927e+00
2.747314442666932450e+02 -2.626997016718291889e+01 9.157168734157393075e+00
2.744764008770632699e+02 -2.617705461841586256e+01 9.083694536338461134e+00
2.742167215175513775e+02 -2.608128126004357838e+01 9.010435129560768530e+00
2.739522409940205421e+02 -2.598277001724090951e+01 8.937411003293147971e+00
2.736832768263907951e+02 -2.588161776760590271e+01 8.864644178718306122e+00
2.734097882514838602e+02 -2.577792357776409204e+01 8.792155668301647964e+00
2.731312883239542089e+02 -2.567178758167111852e+01 8.719967235792166704e+00
2.728476848809266357e+02 -2.556330508123745204e+01 8.648096464257768901e+00
2.725588740885640391e+02 -2.545257930901320265e+01 8.576565168152582075e+00
2.722648002111708934e+02 -2.533970837269628973e+01 8.505394742284748233e+00
2.719653173019690939e+02 -2.522477823596500102e+01 8.434602996342238868e+00
2.716604060063579595e+02 -2.510786638907725177e+01 8.364203072978421361e+00
2.713498782236281954e+02 -2.498905668635065780e+01 8.294219756239337826e+00
2.710337509444694319e+02 -2.486843374637370729e+01 8.224671717711185437e+00
2.707123274638294674e+02 -2.474607373797801202e+01 8.155574417780670160e+00
2.703853563961285431e+02 -2.462204992036070550e+01 8.086946086366236131e+00
2.700529092059434788e+02 -2.449644678936137154e+01 8.018805043454170445e+00
2.697146922972411858e+02 -2.436932950786030005e+01 7.951169701011391311e+00
2.693708134365616047e+02 -2.424076078576871041e+01 7.884052443897685336e+00
2.690209368131885412e+02 -2.411080503380395967e+01 7.817470173645509668e+00
2.686652064964879969e+02 -2.397952647556375538e+01 7.751409021535465627e+00
2.683039154497247409e+02 -2.384698244608203765e+01 7.685961766744932255e+00
2.679359739423405244e+02 -2.371324261493204233e+01 7.621098486543004036e+00
2.675614890397149566e+02 -2.357836450724224875e+01 7.556787334881587270e+00
2.671814791799859563e+02 -2.344238176910659988e+01 7.493072301319227968e+00
2.667947513873512548e+02 -2.330539947442070314e+01 7.430086946251674540e+00
2.664015209292966233e+02 -2.316749136836558520e+01 7.367664739857463729e+00
2.660021498348241948e+02 -2.302859743551760374e+01 7.305914607361300384e+00
2.655967898145044614e+02 -2.288876401780992254e+01 7.244881600622341544e+00
2.651844595389063670e+02 -2.274802828155336698e+01 7.184537265996855382e+00
2.647666232112253510e+02 -2.260641400863350015e+01 7.124863743670046823e+00
2.643422048635094370e+02 -2.246395185708042064e+01 7.065900535740437860e+00
2.639113376512146942e+02 -2.232066951928308640e+01 7.007648344666874252e+00
2.634736594029454864e+02 -2.217658473278435238e+01 6.950190412222529979e+00
2.630294446207501551e+02 -2.203172426220977798e+01 6.893455354964080684e+00
2.625785605608149922e+02 -2.188610650499364141e+01 6.837495588038471794e+00
2.621203433625708499e+02 -2.173975733265543298e+01 6.782341388504010027e+00
2.616551386400904562e+02 -2.159269099290893124e+01 6.727989461690872197e+00
2.611823976978146220e+02 -2.144491646427364984e+01 6.674466402124089370e+00
2.607026272649820271e+02 -2.129643471851892045e+01 6.621773086075169346e+00
2.602152922965271955e+02 -2.114724890372326271e+01 6.569902319428786441e+00
2.597204979470357102e+02 -2.099736036228190983e+01 6.518875198758530942e+00
2.592182890537667959e+02 -2.084677524831817053e+01 6.468769201803010738e+00
2.587080450997549406e+02 -2.069549252648597815e+01 6.419513384574687009e+00
2.581900278305915322e+02 -2.054350993760111521e+01 6.371157026426021552e+00
2.576644977940626404e+02 -2.039082570676953310e+01 6.323754107292666404e+00
2.571304577388021926e+02 -2.023742585607659450e+01 6.277278239328075493e+00
2.565880210178445395e+02 -2.008331987035361266e+01 6.231742185513770238e+00
2.560375547061573798e+02 -1.992858929882852692e+01 6.187130035837093089e+00
2.554790737045030937e+02 -1.977334168916769741e+01 6.143434598526557266e+00
2.549132397081916679e+02 -1.961767448029896244e+01 6.100631469164736309e+00
2.543396792598342984e+02 -1.946167301360610580e+01 6.058769343234283511e+00
2.537590583195057548e+02 -1.930541734774978835e+01 6.017739329452670205e+00
2.531717244322379372e+02 -1.914897385668918162e+01 5.977604773579623831e+00
2.525781090669842683e+02 -1.899242714085209727e+01 5.938321514442888471e+00
2.519776773739892803e+02 -1.883585307438465151e+01 5.899933853784784965e+00
2.513713265462547497e+02 -1.867932146025134799e+01 5.862363532582602232e+00
2.507586080379898306e+02 -1.852290857130197210e+01 5.825603412302823969e+00
2.501411891452620466e+02 -1.836668593487982903e+01 5.789679871335489558e+00
2.495172810585330581e+02 -1.821071700147533079e+01 5.754619418503162720e+00
2.488884899700055371e+02 -1.805506408868714630e+01 5.720309957459892125e+00
2.482549294168505014e+02 -1.789980393117119206e+01 5.686831904658308900e+00
2.476164466932312394e+02 -1.774500053113074571e+01 5.654219037510951118e+00
2.469730243132541716e+02 -1.759078108485080350e+01 5.622267750461494629e+00
2.463245687276130980e+02 -1.743720734024063290e+01 5.591147758894143394e+00
2.456722911818824286e+02 -1.728427463815706133e+01 5.560813106070965794e+00
2.450159664882086190e+02 -1.713202431138376980e+01 5.531217894678887248e+00
2.443549001500449549e+02 -1.698051811228051022e+01 5.502389665377810601e+00
2.436903214314633033e+02 -1.682980372128853475e+01 5.474345298201678034e+00
2.430219434868524786e+02 -1.667993029772862101e+01 5.447045164682710272e+00
2.423492457490262382e+02 -1.653095248176647658e+01 5.420517183631266001e+00
2.416731702577932879e+02 -1.638291858362893905e+01 5.394756046338832434e+00
2.409933124693427260e+02 -1.623587340759889841e+01 5.369685492411254479e+00
2.403104949297582493e+02 -1.608985379928549264e+01 5.345372780406032476e+00
2.396242035332627722e+02 -1.594490649514447078e+01 5.321811279638462011e+00
2.389348302276272307e+02 -1.580107270965958932e+01 5.299036112468306747e+00
2.382422097134196690e+02 -1.565839390148977017e+01 5.276968568658577219e+00
2.375461759079398121e+02 -1.551691177874939065e+01 5.255665873698884383e+00
2.368471702906811629e+02 -1.537666830416559982e+01 5.235115424468354206e+00
2.361456573379725228e+02 -1.523770246219122981e+01 5.215267607176651055e+00
2.354410104343882040e+02 -1.510004872253792563e+01 5.196208862176043830e+00
2.347330605632684524e+02 -1.496374908525931957e+01 5.177924558947223588e+00
2.340220207071720040e+02 -1.482885077105694549e+01 5.160367511473994639e+00
2.333085222348508410e+02 -1.469538501949835485e+01 5.143527529363598028e+00
2.325919300714820395e+02 -1.456339246751657157e+01 5.127472163209922940e+00
2.318722354423267689e+02 -1.443290653456062067e+01 5.112186937647364537e+00
2.311494860293371119e+02 -1.430394854598046983e+01 5.097667588909072123e+00
2.304236690236285767e+02 -1.417654693305554581e+01 5.083944012221779829e+00
2.296949124293733178e+02 -1.405073042634440128e+01 5.070996162355401182e+00
2.289635625599510149e+02 -1.392651765781215012e+01 5.058825978639695187e+00
2.282291674722093830e+02 -1.380393812460810921e+01 5.047463666202327559e+00
2.274913100928034169e+02 -1.368302390099197652e+01 5.036939530380680985e+00
2.267503942807339001e+02 -1.356379337156401910e+01 5.027283975126166204e+00
2.260064476615150397e+02 -1.344627874054941508e+01 5.018467641631361609e+00
2.252592943763714004e+02 -1.333051862577236690e+01 5.010502776629135013e+00
2.245087582363957779e+02 -1.321654558933557944e+01 5.003356284515654728e+00
2.237546627525170209e+02 -1.310439088033952260e+01 4.997110271858735686e+00
2.229975796052477222e+02 -1.299407354630370470e+01 4.991732693367625373e+00
2.222363999223957762e+02 -1.288560261920001793e+01 4.987205677014697969e+00
2.214726364944080785e+02 -1.277896947770108937e+01 4.983442631373987908e+00
2.207059353344870942e+02 -1.267414204908318176e+01 4.980569314886425403e+00
2.199375506636312139e+02 -1.257123939246673672e+01 4.978331721054360059e+00
2.191668793492389398e+02 -1.247008177087377057e+01 4.976869145598381117e+00
2.183947051835615696e+02 -1.237075186819929584e+01 4.976104981978642705e+00
2.176205482760936718e+02 -1.227325878696685990e+01 4.976024681876239697e+00
2.168448413654343483e+02 -1.217749335944524880e+01 4.976613772536933489e+00
2.160689942555641210e+02 -1.208354879401475657e+01 4.977846760963026362e+00
2.152919147789625356e+02 -1.199142345489894090e+01 4.979642204340406053e+00
2.145140033255148637e+02 -1.190101186373493647e+01 4.982000864687209152e+00
2.137359722382382472e+02 -1.181235617964807716e+01 4.984954759163191973e+00
2.129574596283593451e+02 -1.172550526574531560e+01 4.988428536952727477e+00
2.121789250895249666e+02 -1.164038738156815178e+01 4.992408137746543240e+00
2.114009635850879363e+02 -1.155706318771133212e+01 4.996856691745386492e+00
2.106232725823507792e+02 -1.147547909545441946e+01 5.001754590422839541e+00
2.098461031335967846e+02 -1.139563546302530916e+01 5.007141108850786893e+00
2.090699941181068766e+02 -1.131755347210233431e+01 5.012957116967448279e+00
2.082950771020724119e+02 -1.124119258918209852e+01 5.019226295893486345e+00
2.075209810144445726e+02 -1.116659561023188196e+01 5.025872638060441489e+00
2.067484131831957370e+02 -1.109374535957521779e+01 5.032893347398458950e+00
2.059772598971251512e+02 -1.102263392578230317e+01 5.040304462610372127e+00
2.052081294019308473e+02 -1.095324876284514914e+01 5.048137026312948805e+00
2.044408513596745820e+02 -1.088561927348508718e+01 5.056297330903830378e+00
2.036749740644342808e+02 -1.081977521054714764e+01 5.064776710161686957e+00
2.029115530733695039e+02 -1.075565774980121780e+01 5.073597417528098674e+00
2.021502515639733133e+02 -1.069332270089663517e+01 5.082746034046076389e+00
2.013911724114300625e+02 -1.063276764938269459e+01 5.092160786394170913e+00
2.006348689030488117e+02 -1.057396409660531056e+01 5.101848853936028050e+00
1.998810734213191438e+02 -1.051694352852280900e+01 5.111824772359102376e+00
1.991292402338687566e+02 -1.046173777324581877e+01 5.122129525505274117e+00
1.983805112965094111e+02 -1.040837899922875565e+01 5.132661296276935126e+00
1.976344188681133005e+02 -1.035684150995073338e+01 5.143421106320744229e+00
1.968914219429591412e+02 -1.030713814267795136e+01 5.154415739012770281e+00
1.961513376216089739e+02 -1.025930207471390077e+01 5.165631991208483598e+00
1.954142635891190025e+02 -1.021330272308463094e+01 5.177120769051409610e+00
1.946804588679543428e+02 -1.016922586393062922e+01 5.188816963947308736e+00
1.939495028498460840e+02 -1.012704979887829815e+01 5.200763281434309881e+00
1.932215537499599805e+02 -1.008686880640469496e+01 5.212886784937124318e+00
1.924968722684829174e+02 -1.004865398176143110e+01 5.225238050843043602e+00
1.917757196874773058e+02 -1.001236028134307610e+01 5.237810212475829452e+00
1.910586274907406619e+02 -9.978121421074968467e+00 5.250561594942058541e+00
1.903441314741630492e+02 -9.945859649829138505e+00 5.263500833711860949e+00
1.896331697143366455e+02 -9.915690735659008936e+00 5.276621588022535114e+00
1.889259311863944504e+02 -9.887585825241808735e+00 5.289918204208052366e+00
1.882219729027760877e+02 -9.861642887091372600e+00 5.303438846804207074e+00
1.875214458677351388e+02 -9.837830118883585939e+00 5.317113005360855738e+00
1.868239476614135128e+02 -9.816198147743246949e+00 5.330980977800095388e+00
1.861298978869446046e+02 -9.796834047804322765e+00 5.344980086006712483e+00
1.854398595480533345e+02 -9.779692461011467941e+00 5.359156476034327987e+00
1.847529466104123230e+02 -9.764729183333875184e+00 5.373498384217534785e+00
1.840695050809134159e+02 -9.751919678580685868e+00 5.388030169348070331e+00
1.833898816859235126e+02 -9.741157549696358942e+00 5.402694036175603287e+00
1.827141724766144932e+02 -9.732355097168674973e+00 5.417425455408657164e+00
1.820421949685974994e+02 -9.725535774388761823e+00 5.432269937764844236e+00
1.813742981197212885e+02 -9.720559025623442650e+00 5.447243902479558031e+00
1.807105213626209661e+02 -9.717337487012075670e+00 5.462312636072664596e+00
1.800507434051114899e+02 -9.715864799362805115e+00 5.477408403843092799e+00
1.793953155474935670e+02 -9.716038771603162871e+00 5.492521125723472508e+00
1.787438515346064491e+02 -9.717827568992827736e+00 5.507702503814229544e+00
1.780966560842685169e+02 -9.721147593769419615e+00 5.522878816262853263e+00
1.774540526403781655e+02 -9.725957219386200947e+00 5.538016701047922652e+00
1.768152204224925015e+02 -9.732175718533005337e+00 5.553118607636761794e+00
1.761810562477284350e+02 -9.739767356062984049e+00 5.568194349378696728e+00
1.755516505744949995e+02 -9.748685284273427953e+00 5.583195635015096414e+00
1.749262441062082019e+02 -9.758898123469828434e+00 5.598153336348927311e+00
1.743059129518339034e+02 -9.770355519420480306e+00 5.612990076556827468e+00
1.736899884748063130e+02 -9.783030426974876903e+00 5.627773482037851771e+00
1.730786087637792718e+02 -9.796814380140673961e+00 5.642490548547873352e+00
1.724723708799962480e+02 -9.811774115813692632e+00 5.657082415788143415e+00
1.718704663638500278e+02 -9.827778507714491241e+00 5.671513796254637363e+00
1.712734686318611637e+02 -9.844769716639305557e+00 5.685809821237870487e+00
1.706819186718331594e+02 -9.862811611866220574e+00 5.699952830143837801e+00
1.700948930891310340e+02 -9.881792772468843467e+00 5.713971767331569751e+00
1.695124812082426047e+02 -9.901687343152440590e+00 5.727778569137858433e+00
1.689350495358396529e+02 -9.922497247880233573e+00 5.741325814717974652e+00
1.683622626797951511e+02 -9.944154275529825782e+00 5.754788731254190104e+00
1.677951323813076101e+02 -9.966652726731533463e+00 5.767938636631676275e+00
1.672326034135560349e+02 -9.989994964916707687e+00 5.780944530584005925e+00
1.666758037402636887e+02 -1.001407751093935872e+01 5.793689365857289886e+00
1.661242322923854715e+02 -1.003900117026628713e+01 5.806159323032711761e+00
1.655775726037435049e+02 -1.006469828469863081e+01 5.818461962329439352e+00
1.650367663680365240e+02 -1.009117172311118615e+01 5.830488859700397875e+00
1.645008768627638176e+02 -1.011842446621117908e+01 5.842223399355339630e+00
1.639708470649049730e+02 -1.014645960069064046e+01 5.853754628947613448e+00
1.634462516389415043e+02 -1.017526664353441390e+01 5.864993466825357160e+00
1.629269788945634900e+02 -1.020479996906770559e+01 5.875952496285868243e+00
1.624138570063440739e+02 -1.023510792766403377e+01 5.886567933165163247e+00
1.619064636020988814e+02 -1.026613335754717937e+01 5.896904971013153585e+00
1.614043772900654119e+02 -1.029790130859518982e+01 5.906889927736672874e+00
1.609078821832135304e+02 -1.033042509920749374e+01 5.916566344375381092e+00
1.604176916407418503e+02 -1.036364983770846493e+01 5.925926788206328233e+00
1.599331542410741633e+02 -1.039765736092578940e+01 5.934881706374747878e+00
1.594550827041427397e+02 -1.043240064535623013e+01 5.943452972982195881e+00
1.589825720901347950e+02 -1.046791484962783869e+01 5.951701306793824919e+00
1.585162057268382512e+02 -1.050421741225215833e+01 5.959556372450089512e+00
1.580562109926117103e+02 -1.054130258355719540e+01 5.966971401050654933e+00
1.576024318924046952e+02 -1.057918001512836170e+01 5.973989360498375589e+00
1.571552932266947664e+02 -1.061789104926217142e+01 5.980613946327815178e+00
1.567143599721381975e+02 -1.065746174191386864e+01 5.986810465215637755e+00
1.562798010508267055e+02 -1.069778498037775094e+01 5.992554863301277734e+00
1.558517419212825814e+02 -1.073882098599090718e+01 5.997915833714052347e+00
1.554298385229551798e+02 -1.078051803731275093e+01 6.002844018171400009e+00
1.550134163240778662e+02 -1.082284027618998401e+01 6.007353445868802488e+00
1.546028209383753165e+02 -1.086568107375875059e+01 6.011480809045921525e+00
1.541979244086307119e+02 -1.090898122496401612e+01 6.015204296588651189e+00
1.537986036200400690e+02 -1.095268110035774001e+01 6.018556898960994772e+00
1.534044205511654582e+02 -1.099669576062942511e+01 6.021483091708891955e+00
1.530152929593054978e+02 -1.104099904897263684e+01 6.023998256174701638e+00
1.526307451551894871e+02 -1.108552534552787527e+01 6.026099615886968408e+00
1.522513631420763431e+02 -1.113025233475155495e+01 6.027827653450892775e+00
1.518767881852590449e+02 -1.117511037543709307e+01 6.029175485848074167e+00
1.515063529612185391e+02 -1.122008097133452686e+01 6.030187340325410261e+00
1.511414498142240461e+02 -1.126515906900234043e+01 6.030783595700435207e+00
1.507802883660367854e+02 -1.131026895447623204e+01 6.031002644897846210e+00
1.504242278704168712e+02 -1.135539782006874532e+01 6.030901946637503563e+00
1.500720070297607833e+02 -1.140052859201775526e+01 6.030391009867815733e+00
1.497243206930445751e+02 -1.144543281522216915e+01 6.029600149579043666e+00
1.493813969688894758e+02 -1.149026567414170330e+01 6.028386657521281222e+00
1.490419554922952727e+02 -1.153500938705421675e+01 6.026852111909571263e+00
1.487068571030992246e+02 -1.157951415506953907e+01 6.024960545111828658e+00
1.483760414324065664e+02 -1.162378429628940424e+01 6.022706742731596563e+00
1.480484067191225108e+02 -1.166785810257568734e+01 6.020097021492161637e+00
1.477247568259642492e+02 -1.171159723001060726e+01 6.017125373698582358e+00
1.474050748792110710e+02 -1.175499560931238996e+01 6.013790727247244838e+00
1.470888813006125133e+02 -1.179804704950183591e+01 6.010089077376615130e+00
1.467765184552211224e+02 -1.184072536827260613e+01 6.006026797345021428e+00
1.464682775230242555e+02 -1.188298760124146547e+01 6.001599774965509226e+00
1.461631757436253167e+02 -1.192485975563383960e+01 5.996801656764803923e+00
1.458616160806644473e+02 -1.196628069009589979e+01 5.991640827334616226e+00
1.455639918985696966e+02 -1.200721582124874764e+01 5.986112029471183149e+00
1.452699447831369355e+02 -1.204763732112452246e+01 5.980209228178501313e+00
1.449793053491007413e+02 -1.208752326769402252e+01 5.973919367228281097e+00
1.446920915346714480e+02 -1.212684041464610729e+01 5.967240878030168005e+00
1.444085417552307717e+02 -1.216559935025176387e+01 5.960170749077175145e+00
1.441283781495032486e+02 -1.220374467616716885e+01 5.952700008656376163e+00
1.438513548074388950e+02 -1.224126976159504387e+01 5.944820229875726447e+00
1.435776486431478531e+02 -1.227812790483725713e+01 5.936523057647280943e+00
1.433077771349538807e+02 -1.231431094451190233e+01 5.927807796700932386e+00
1.430414368539873919e+02 -1.234981054076679818e+01 5.918669130979869131e+00
1.427789238187721423e+02 -1.238461817188352398e+01 5.909098183710538521e+00
1.425202048286031413e+02 -1.241867582250272584e+01 5.899085997135222748e+00
1.422646298131280957e+02 -1.245204823927141646e+01 5.888623533322396852e+00
1.420131461210010002e+02 -1.248472697701926393e+01 5.877712321857900157e+00
1.417658537011618591e+02 -1.251667777944134663e+01 5.866337122580556063e+00
1.415226752152299809e+02 -1.254783400776929980e+01 5.854489775757387271e+00
1.412831725652452519e+02 -1.257822405672697030e+01 5.842151211755878037e+00
1.410479192114786713e+02 -1.260779604482271843e+01 5.829308187631134786e+00
1.408166096848950133e+02 -1.263652276097104910e+01 5.815957507843668495e+00
1.405891944611054782e+02 -1.266446090958451265e+01 5.802083525120059981e+00
1.403655678851093853e+02 -1.269148917580849023e+01 5.787701018816855836e+00
1.401462619416519999e+02 -1.271772417713438763e+01 5.772825855557835339e+00
1.399297942085084969e+02 -1.274304365357618352e+01 5.757486887949423426e+00
1.397173188745893526e+02 -1.276757949314707119e+01 5.741692894491984944e+00
1.395072082733017851e+02 -1.279125835496632213e+01 5.725464820612883976e+00
1.393005922899703535e+02 -1.281399212383451136e+01 5.708843725719538575e+00
1.390961313828701691e+02 -1.283594895099269095e+01 5.691819133955640986e+00
1.388950156312554043e+02 -1.285699410750299521e+01 5.674412112596405322e+00
1.386957374566505337e+02 -1.287726241866714005e+01 5.656631435256862517e+00
1.384989427549566017e+02 -1.289667314745685012e+01 5.638503203591586299e+00
1.383049079392025362e+02 -1.291518228696447146e+01 5.620029227917340720e+00
1.381123024412435427e+02 -1.293289202416701222e+01 5.601230185883285806e+00
1.379217724529413545e+02 -1.294970573937225922e+01 5.582118482855947583e+00
1.377334179687717608e+02 -1.296570945014921783e+01 5.562701894936845193e+00
1.375462869848770424e+02 -1.298080159984572113e+01 5.542996355544928200e+00
1.373611635153214650e+02 -1.299503826337283030e+01 5.523017102947291868e+00
1.371770904511590743e+02 -1.300841724114068398e+01 5.502766730016067420e+00
1.369938924820463626e+02 -1.302093609595872437e+01 5.482256386360422340e+00
1.368121769348372538e+02 -1.303256412915567175e+01 5.461497364176420177e+00
1.366315863418829792e+02 -1.304327822612384757e+01 5.440505338780224243e+00
1.364518084290163813e+02 -1.305309150715138244e+01 5.419282705265166200e+00
1.362724406193674724e+02 -1.306198822970745610e+01 5.397837163241165470e+00
1.360938544131855679e+02 -1.307000905690263615e+01 5.376179482700985446e+00
1.359158490274598989e+02 -1.307711227614950467e+01 5.354318451792846822e+00
1.357386722370889629e+02 -1.308329320054075673e+01 5.332259596355760856e+00
1.355621679560354664e+02 -1.308854411880239965e+01 5.310008957885613334e+00
1.353861799383240623e+02 -1.309286771385761305e+01 5.287579156524498281e+00
1.352105517626667961e+02 -1.309629363040771644e+01 5.264970916163082215e+00
1.350351268174296990e+02 -1.309876913748254879e+01 5.242195771322396780e+00
1.348607405858727191e+02 -1.310030797370863098e+01 5.219250169810994322e+00
1.346862605812032143e+02 -1.310088159637913563e+01 5.196141036011753478e+00
1.345118014077963267e+02 -1.310045757550429357e+01 5.172873496917088865e+00
1.343382539564288152e+02 -1.309902987357409998e+01 5.149444659272139901e+00
1.341645381753906747e+02 -1.309659221479804891e+01 5.125863093791687142e+00
1.339906754558958824e+02 -1.309313808583777572e+01 5.102129998556882207e+00
1.338166952615387686e+02 -1.308859934426093119e+01 5.078248535969166255e+00
1.336424389601890255e+02 -1.308301554252819976e+01 5.054217386002712864e+00
1.334684007920322699e+02 -1.307639431397683083e+01 5.030033523549040986e+00
1.332945504063110320e+02 -1.306859364208073160e+01 5.005700629709401106e+00
1.331200357696590402e+02 -1.305972247129926878e+01 4.981223654298171155e+00
1.329460314291792145e+02 -1.304971960722750168e+01 4.956593286856537439e+00
1.327717854470780310e+02 -1.303852599739801477e+01 4.931813040397438286e+00
1.325969848793120889e+02 -1.302617676766952748e+01 4.906899105994241950e+00
1.324221797802318008e+02 -1.301264080905409237e+01 4.881837038907585580e+00
1.322466473074815667e+02 -1.299786477969103871e+01 4.856623624466661404e+00
1.320709600049043217e+02 -1.298182359250331253e+01 4.831254356706968345e+00
1.318949556716559925e+02 -1.296449106846596244e+01 4.805713513134080905e+00
1.317184716969975398e+02 -1.294583579411594165e+01 4.780011818664271495e+00
1.315414713166731531e+02 -1.292583625168731132e+01 4.754144826874215468e+00
1.313642867785319197e+02 -1.290446404410831427e+01 4.728104420001166375e+00
1.311863778898368196e+02 -1.288174992781414296e+01 4.701899796844930535e+00
1.310083577736839118e+02 -1.285775157934575574e+01 4.675554922268164937e+00
1.308293967261180910e+02 -1.283251206428912994e+01 4.649073192866110205e+00
1.306505272394676922e+02 -1.280607944762628492e+01 4.622469944425301236e+00
1.304708709336463812e+02 -1.277849159143389102e+01 4.595760514554806164e+00
1.302909886826833770e+02 -1.274980024939209322e+01 4.568957607453195457e+00
1.301103933089747784e+02 -1.272004026312975178e+01 4.542071384448380655e+00
1.299290281438674128e+02 -1.268924371580832400e+01 4.515114167995990080e+00
1.297468060925451994e+02 -1.265745307079988180e+01 4.488093300141878572e+00
1.295640505064696129e+02 -1.262469553727859228e+01 4.461019553730976028e+00
1.293804292350482683e+02 -1.259100928104799699e+01 4.433908307356126954e+00
1.291957265441765230e+02 -1.255643111281671409e+01 4.406767322536488507e+00
1.290100888237962238e+02 -1.252099403403358302e+01 4.379603989727494984e+00
1.288231810872717631e+02 -1.248471884689206135e+01 4.352429519925114398e+00
1.286353453592535914e+02 -1.244763498354605957e+01 4.325255733045982431e+00
1.284464302984834774e+02 -1.240976973143317963e+01 4.298088881003725881e+00
1.282560139454832608e+02 -1.237114816834142594e+01 4.270942786546748415e+00
1.280651394022983425e+02 -1.233179842647277802e+01 4.243820987742888740e+00
1.278725574897695054e+02 -1.229174328597627586e+01 4.216730508879905415e+00
1.276788349051952309e+02 -1.225100253799452332e+01 4.189686883030935505e+00
1.274838848505436886e+02 -1.220960139789400145e+01 4.162694504956646391e+00
1.272878009246650635e+02 -1.216755580930233904e+01 4.135758699320140508e+00
1.270905267564173187e+02 -1.212487708623788230e+01 4.108887056926194603e+00
1.268911840263308761e+02 -1.208159490616414367e+01 4.082087196040163235e+00
1.266906189326061849e+02 -1.203772524738429439e+01 4.055366763598801327e+00
1.264882036366665830e+02 -1.199328555858641643e+01 4.028739998871921024e+00
1.262842250129943551e+02 -1.194827433165906960e+01 4.002202350646437701e+00
1.260785255053713598e+02 -1.190270701669509990e+01 3.975773344713423807e+00
1.258715558514485053e+02 -1.185659497116448335e+01 3.949448183537700441e+00
1.256631179874986941e+02 -1.180993386738760087e+01 3.923233335764489293e+00
1.254521687549402742e+02 -1.176277877019113483e+01 3.897152393866735842e+00
1.252399691737058589e+02 -1.171511920848808153e+01 3.871209793667967691e+00
1.250262846072838414e+02 -1.166693288749970669e+01 3.845393558189157623e+00
1.248108474890076280e+02 -1.161822099548376741e+01 3.819724860573775249e+00
1.245934796813876773e+02 -1.156897730321482065e+01 3.794198364747976004e+00
1.243744946483034823e+02 -1.151919767472166889e+01 3.768826833826244282e+00
1.241532091562596491e+02 -1.146888822569559707e+01 3.743607485237074872e+00
1.239305096200778991e+02 -1.141804010148582904e+01 3.718558516371038181e+00
1.237054921052470036e+02 -1.136665635908021166e+01 3.693673743594121373e+00
1.234780733778100910e+02 -1.131473054201914152e+01 3.668959005628599002e+00
1.232485752119014393e+02 -1.126225344100770620e+01 3.644430277881006930e+00
1.230169523306552293e+02 -1.120921362178055780e+01 3.620084376476420562e+00
1.227832388462327629e+02 -1.115560039847980711e+01 3.595929649559976848e+00
1.225468924523453040e+02 -1.110140330419098831e+01 3.571971825843330173e+00
1.223081538112490136e+02 -1.104661098570984024e+01 3.548214196453694846e+00
1.220670535706351103e+02 -1.099121120754455738e+01 3.524662195658329722e+00
1.218234662261538261e+02 -1.093518857657624288e+01 3.501319606802945295e+00
1.215773491750282744e+02 -1.087852249145743677e+01 3.478198477647311826e+00
1.213285690848650802e+02 -1.082119059461879118e+01 3.455300877168514972e+00
1.210768098773137496e+02 -1.076318223945906638e+01 3.432629386468713406e+00
1.208227243854702664e+02 -1.070453242602257049e+01 3.410190209408417772e+00
1.205657731166801767e+02 -1.064528752982272408e+01 3.387980621721023322e+00
1.203063681790986976e+02 -1.058549292944332976e+01 3.365992864955325459e+00
1.200446069801538869e+02 -1.052519179250537640e+01 3.344225959451141872e+00
1.197805355189691028e+02 -1.046442359580138337e+01 3.322684315237550035e+00
1.195143350469586210e+02 -1.040322848750310136e+01 3.301364184575725336e+00
1.192458867713943960e+02 -1.034164600791769750e+01 3.280258881544867666e+00
1.189750713024591988e+02 -1.027971564761288370e+01 3.259367192307252914e+00
1.187023298263693221e+02 -1.021747740780515734e+01 3.238690562002131568e+00
1.184277627024136734e+02 -1.015496837983743461e+01 3.218224685364796223e+00
1.181512487851789359e+02 -1.009221914450842483e+01 3.197975114329196789e+00
1.178726663565264801e+02 -1.002925475231157648e+01 3.177932883455845126e+00
1.175925328151992204e+02 -9.966100448543876666e+00 3.158109223258614762e+00
1.173102084149290079e+02 -9.902781811750717367e+00 3.138495532297150614e+00
1.170268048599960764e+02 -9.839322396525137293e+00 3.119104729650544083e+00
1.167417059412150877e+02 -9.775748898509428741e+00 3.099926762372063660e+00
1.164554218523584126e+02 -9.712084958294314063e+00 3.080969057189922644e+00
1.161678914729742047e+02 -9.648356773961817012e+00 3.062226849965249631e+00
1.158790916161486280e+02 -9.584641426678230047e+00 3.043699101517299610e+00
1.155888289212678330e+02 -9.520928611914456496e+00 3.025396039082458799e+00
1.152969956493047192e+02 -9.457225050456765203e+00 3.007306252107900146e+00
1.150041929407624224e+02 -9.393556377866060458e+00 2.989438504556788168e+00
1.147102000886044380e+02 -9.329946842575131072e+00 2.971787988240914391e+00
1.144144256118319163e+02 -9.266419833967480812e+00 2.954357041625933267e+00
1.141179472264271908e+02 -9.202991770311415465e+00 2.937149387995863226e+00
1.138201382433443882e+02 -9.139678071747068699e+00 2.920172464298854909e+00
1.135213275936717849e+02 -9.076494138426113523e+00 2.903422490965195113e+00
1.132209661760308563e+02 -9.013455467874004867e+00 2.886903962810341451e+00
1.129197253149191624e+02 -8.950576990752868056e+00 2.870623321652094884e+00
1.126175842681720525e+02 -8.887875233944475539e+00 2.854579864674439360e+00
1.123138089877265458e+02 -8.825365298829717986e+00 2.838779369989964607e+00
1.120093316087131257e+02 -8.763060972564460371e+00 2.823224739178276099e+00
1.117037305684782638e+02 -8.700977516193411532e+00 2.807920420609579359e+00
1.113966897062556569e+02 -8.639129949997926161e+00 2.792863851571715017e+00
1.110885490996933100e+02 -8.577532061341402780e+00 2.778065655150567359e+00
1.107788270753658821e+02 -8.516199737025768712e+00 2.763523311921745051e+00
1.104676919886428408e+02 -8.455147024113896848e+00 2.749244284953143325e+00
1.101558380032749938e+02 -8.394383609816694403e+00 2.735231758967826998e+00
1.098427234059611095e+02 -8.333917187745203847e+00 2.721493049877585779e+00
1.095278384242480030e+02 -8.273749931885687303e+00 2.708035209399057397e+00
1.092114942768716332e+02 -8.213890543699662317e+00 2.694866063503530196e+00
1.088938910067541883e+02 -8.154345763663153335e+00 2.681992388173863873e+00
1.085748926802912422e+02 -8.095123757429382394e+00 2.669422518128670152e+00
1.082543630303440665e+02 -8.036223954621206644e+00 2.657162952221559848e+00
1.079321654653002440e+02 -7.977657999288615187e+00 2.645222532440510754e+00
1.076087076819116533e+02 -7.919432376433424459e+00 2.633607478950025005e+00
1.072835257243625051e+02 -7.861551611394175687e+00 2.622327139366726012e+00
1.069562642235070200e+02 -7.804034395532633006e+00 2.611393292060244065e+00
1.066273888747534357e+02 -7.746885788892549307e+00 2.600805700981101864e+00
1.062963536373123929e+02 -7.690111540481164631e+00 2.590569034957094896e+00
1.059636866858334656e+02 -7.633720451092051107e+00 2.580676998126146149e+00
1.056296080566062869e+02 -7.577721730544078937e+00 2.571119700708986766e+00
1.052935161902272796e+02 -7.522117893405695810e+00 2.561887306246691587e+00
1.049560928481315045e+02 -7.466917400274944328e+00 2.552970031036760901e+00
1.046174984779676436e+02 -7.412115416133296719e+00 2.544343718267623178e+00
1.042778128579713979e+02 -7.357727854312993365e+00 2.536019698204861506e+00
1.039365849757959381e+02 -7.303783905724724690e+00 2.527959510273540378e+00
1.035951909486908420e+02 -7.250252255991449069e+00 2.520166370325371830e+00
1.032529438511303397e+02 -7.197146269801435459e+00 2.512639808899923111e+00
1.029098461562602154e+02 -7.144461705991633771e+00 2.505370346000256987e+00
1.025654636447277568e+02 -7.092208965769089879e+00 2.498349511978085413e+00
1.022211310176200811e+02 -7.040397432997949956e+00 2.491573623358382061e+00
1.018762606377216997e+02 -6.989028420514549644e+00 2.485028034985087064e+00
1.015310861019680004e+02 -6.938101375161447315e+00 2.478711473097713114e+00
1.011859633789409258e+02 -6.887630046492996705e+00 2.472619214989812519e+00
1.008401447261422135e+02 -6.837615351027653610e+00 2.466735986035508699e+00
1.004944559118115421e+02 -6.788070155102485792e+00 2.461056908777218055e+00
1.001483060777959793e+02 -6.738994513893282523e+00 2.455579559546577251e+00
9.980261707247964864e+01 -6.690399995121761201e+00 2.450288961707442592e+00
9.945666523908604972e+01 -6.642292860528431930e+00 2.445186662340088635e+00
9.911060436718908306e+01 -6.594674796826115681e+00 2.440263672020622554e+00
9.876517955173164864e+01 -6.547554707334866109e+00 2.435514162364598167e+00
9.841999882945223987e+01 -6.500940070977578422e+00 2.430937239968113950e+00
9.807478883411330628e+01 -6.454839707511938585e+00 2.426528535748373017e+00
9.772993889793909261e+01 -6.409258088921825802e+00 2.422290344685511521e+00
9.738556797308271484e+01 -6.364199843516517241e+00 2.418222294040532461e+00
9.704179177648947530e+01 -6.319669756536597127e+00 2.414324013799324931e+00
9.669857231763288041e+01 -6.275681368593649445e+00 2.410593630938115961e+00
9.635573293177377252e+01 -6.232242329051572938e+00 2.407032413977982177e+00
9.601321531293815781e+01 -6.189359262739149159e+00 2.403632294437316741e+00
9.567176244487775705e+01 -6.147050492354215301e+00 2.400397934115800602e+00
9.533051416812014622e+01 -6.105322376601272971e+00 2.397322297425493964e+00
9.498978406909080263e+01 -6.064188475181981453e+00 2.394401901645450970e+00
9.465015891747754040e+01 -6.023654287448525935e+00 2.391644240316690428e+00
9.431115019912289199e+01 -5.983740542384468064e+00 2.389039816073289746e+00
9.397262203148429194e+01 -5.944454028167348802e+00 2.386583864426907731e+00
9.363465346479807749e+01 -5.905817362614413035e+00 2.384288074006313263e+00
9.329732369529379810e+01 -5.867836081873631038e+00 2.382155538201140121e+00
9.296071207328562025e+01 -5.830521775726224654e+00 2.380179405675340032e+00
9.262489811099301562e+01 -5.793902619535463927e+00 2.378364598037919553e+00
9.228996149009651617e+01 -5.757982269603673764e+00 2.376711933964590351e+00
9.195598206904071503e+01 -5.722781015025028672e+00 2.375228133842648859e+00
9.162231556067351335e+01 -5.688314969549630895e+00 2.373906421909357523e+00
9.128899679120908672e+01 -5.654598607513519504e+00 2.372752339476073224e+00
9.095701947838875867e+01 -5.621645582868356250e+00 2.371757228124522499e+00
9.062483728119249804e+01 -5.589480997895475589e+00 2.370923627224843067e+00
9.029395445641844731e+01 -5.558135049630047675e+00 2.370266135617603798e+00
8.996372998087386463e+01 -5.527618226847119232e+00 2.369784533182910380e+00
8.963414586771573056e+01 -5.497960848491985963e+00 2.369479606764764767e+00
8.930473306224286034e+01 -5.469171964741721403e+00 2.369356695657136580e+00
8.897630332360152750e+01 -5.441233362004817664e+00 2.369409824674958198e+00
8.864886066294619127e+01 -5.414119997554123209e+00 2.369628657262639049e+00
8.832176576847770377e+01 -5.387809857662150037e+00 2.370018618529340149e+00
8.799497181634104948e+01 -5.362270571831000865e+00 2.370568715923188297e+00
8.766959403866987088e+01 -5.337475959310279627e+00 2.371264560764658746e+00
8.734523055801527391e+01 -5.313414185000917556e+00 2.372105692149035772e+00
8.702178851319568764e+01 -5.290061327013380499e+00 2.373079305553925877e+00
8.669890581970425103e+01 -5.267356134537436674e+00 2.374183381664969783e+00
8.637704201914294799e+01 -5.245308838961762810e+00 2.375403740681847786e+00
8.605653272454338776e+01 -5.223916924269308204e+00 2.376738239421870347e+00
8.573707557959278347e+01 -5.203174875242737585e+00 2.378173175646824067e+00
8.541883542513564009e+01 -5.183008130561701954e+00 2.379696143994325386e+00
8.510197739810134010e+01 -5.163431719695076971e+00 2.381308158153588650e+00
8.478627323435102880e+01 -5.144421435575728729e+00 2.382998420542827844e+00
8.447150028836601621e+01 -5.125953734390639838e+00 2.384764558446784921e+00
8.415825757751426295e+01 -5.108044041755075426e+00 2.386606298228399314e+00
8.384615543025996942e+01 -5.090662653015732175e+00 2.388508612850062995e+00
8.353517375492616281e+01 -5.073792298996913530e+00 2.390475360168048624e+00
8.322578945188080013e+01 -5.057448786016604636e+00 2.392498981098805544e+00
8.291816988064115890e+01 -5.041596896095055236e+00 2.394571761504666441e+00
8.261195163494670624e+01 -5.026172508157668695e+00 2.396684066041899541e+00
8.230705177068088574e+01 -5.011221767553186268e+00 2.398837361716577021e+00
8.200306831887621684e+01 -4.996784098606488200e+00 2.401023526090284133e+00
8.170113828347240315e+01 -4.982757907154944377e+00 2.403233386848393049e+00
8.140059573570071905e+01 -4.969182253183155318e+00 2.405459879113835076e+00
8.110189445931584373e+01 -4.956028088866482051e+00 2.407702219825741619e+00
8.080470826841363419e+01 -4.943361757638440324e+00 2.409961339149905513e+00
8.050907417605063188e+01 -4.931079727080709851e+00 2.412218099724941389e+00
8.021516279177133413e+01 -4.919245047415085281e+00 2.414490642889136840e+00
7.992314511252267550e+01 -4.907813395052285976e+00 2.416761445286179644e+00
7.963246513285487538e+01 -4.896867235810836938e+00 2.419036427347181384e+00
7.934400371861426038e+01 -4.886344124382371312e+00 2.421307432442582286e+00
7.905724648128163778e+01 -4.876157878836401949e+00 2.423576995304083770e+00
7.877228881236857205e+01 -4.866501628751946917e+00 2.425838527280119283e+00
7.848924063956143016e+01 -4.857183940075876727e+00 2.428086083003246909e+00
7.820763906651117736e+01 -4.848357981700262442e+00 2.430325990607447029e+00
7.792825498223717773e+01 -4.839981772802452120e+00 2.432545035374729991e+00
7.765070484368615666e+01 -4.832116708221773749e+00 2.434742751051647502e+00
7.737554027643525956e+01 -4.824648657602169877e+00 2.436913269341977717e+00
7.710181660075585341e+01 -4.817627842933767113e+00 2.439054077825949296e+00
7.683033022088865494e+01 -4.811142241864758695e+00 2.441157066337807713e+00
7.656085614215704993e+01 -4.805089760195897064e+00 2.443228913390789625e+00
7.629306784939461750e+01 -4.799597061057955472e+00 2.445255016638563372e+00
7.602810891797318504e+01 -4.794561779724742401e+00 2.447241617390237156e+00
7.576478890169568103e+01 -4.790084805559265746e+00 2.449184125609999541e+00
7.550380822193021402e+01 -4.786132288553094583e+00 2.451075449156477237e+00
7.524504638313933924e+01 -4.782722717412411839e+00 2.452918179893426753e+00
7.498819847619876100e+01 -4.779874644362790193e+00 2.454704821751702681e+00
7.473378137557880052e+01 -4.777640470809069839e+00 2.456434609757165877e+00
7.448204605591274685e+01 -4.776039239663417035e+00 2.458105740105103187e+00
7.423229488578031976e+01 -4.774968010393046747e+00 2.459716116041228418e+00
7.398460904421753526e+01 -4.774434627176950663e+00 2.461264883832114059e+00
7.373946364780645979e+01 -4.774485192343864703e+00 2.462755668292248679e+00
7.349651288536408344e+01 -4.775001586744048510e+00 2.464185676758770871e+00
7.325550132400385905e+01 -4.775974859930793848e+00 2.465552028218727987e+00
7.301652001491197552e+01 -4.777391946938990053e+00 2.466860901303717046e+00
7.277966042234558586e+01 -4.779191383539584059e+00 2.468105281309079135e+00
7.254449987828922985e+01 -4.781393879001380576e+00 2.469282276986761726e+00
7.231139727986494847e+01 -4.783995479405980689e+00 2.470394709046099369e+00
7.208013942909579441e+01 -4.786910128919870999e+00 2.471439828090355117e+00
7.185059110687700468e+01 -4.790141695627356810e+00 2.472423841498165853e+00
7.162343883582394710e+01 -4.793680428478180211e+00 2.473339697798190517e+00
7.139774013051763291e+01 -4.797495735143388451e+00 2.474192432725580204e+00
7.117388272436821239e+01 -4.801620277308958684e+00 2.474980072922785546e+00
7.095145905816232812e+01 -4.805973288326297777e+00 2.475710261503110132e+00
7.073110553295630609e+01 -4.810511220388474563e+00 2.476373455265220791e+00
7.051233680782949875e+01 -4.815341795357956478e+00 2.476983819547414534e+00
7.029586852268583641e+01 -4.820381601460694831e+00 2.477524363477296543e+00
7.008040707276651915e+01 -4.825593014573157369e+00 2.478010038795837477e+00
6.986668117380334309e+01 -4.831003142688426344e+00 2.478422545084284057e+00
6.965480932987647122e+01 -4.836498123383732306e+00 2.478771539177431649e+00
6.944486685857094699e+01 -4.842151453025565822e+00 2.479043886481864689e+00
6.923621558877543691e+01 -4.847932642227926969e+00 2.479248614922326066e+00
6.902895325622334610e+01 -4.853819773911740576e+00 2.479379145549411412e+00
6.882328331562692370e+01 -4.859851979002932865e+00 2.479425917970838888e+00
6.861973077755395423e+01 -4.865986243293255242e+00 2.479400935184674193e+00
6.841722484930265580e+01 -4.872155267367501708e+00 2.479288113282297257e+00
6.821650195417807083e+01 -4.878455998946164662e+00 2.479095969391162502e+00
6.801747746524550564e+01 -4.884839488996487233e+00 2.478822929000265241e+00
6.781985633087522558e+01 -4.891235695767353064e+00 2.478459093083006159e+00
6.762409380344639942e+01 -4.897694189970725809e+00 2.478006486715647938e+00
6.742973112487801757e+01 -4.904240236381596674e+00 2.477462239261807753e+00
6.723686874100425825e+01 -4.910816936342613737e+00 2.476820134688412889e+00
6.704588943623978992e+01 -4.917398048931516996e+00 2.476078813263785872e+00
6.685679086890320377e+01 -4.924022692262584933e+00 2.475228156020048420e+00
6.666903481939588971e+01 -4.930644201977717245e+00 2.474268365415690063e+00
6.648284265894643852e+01 -4.937277861903465848e+00 2.473192010136262997e+00
6.629823562234439294e+01 -4.943928895255634615e+00 2.472000833711785361e+00
6.611573729618299922e+01 -4.950570556301314262e+00 2.470688934816977600e+00
6.593505017509332333e+01 -4.957211700478780791e+00 2.469245939235775733e+00
6.575589458244709817e+01 -4.963855864012987951e+00 2.467673839951900927e+00
6.557837335451014837e+01 -4.970523582846714916e+00 2.465969061451232847e+00
6.540304829727809022e+01 -4.977160642677249669e+00 2.464121695485957719e+00
6.522938941971459315e+01 -4.983766914117563118e+00 2.462134789799315548e+00
6.505788876622267480e+01 -4.990421763513547937e+00 2.459997899501656260e+00
6.488818317269613090e+01 -4.997070603726875504e+00 2.457709093249971222e+00
6.472092219471601027e+01 -5.003709412031736470e+00 2.455256273996459626e+00
6.455558611011264247e+01 -5.010275628526843938e+00 2.452633430369508094e+00
6.439240548004478626e+01 -5.016888255908692251e+00 2.449830326144341708e+00
6.423107040924971045e+01 -5.023457064000204753e+00 2.446852418600709900e+00
6.407199502958910386e+01 -5.030030465059261324e+00 2.443696082414500648e+00
6.391467074962914552e+01 -5.036539379079104428e+00 2.440365275776049447e+00
6.375956653195426327e+01 -5.043061256363910339e+00 2.436873793751949790e+00
6.360677034054726420e+01 -5.049515097941222663e+00 2.433230112327945616e+00
6.345485473176797342e+01 -5.055920560157403543e+00 2.429427511733170508e+00
6.330503314352434785e+01 -5.062247326203387132e+00 2.425485639647146474e+00
6.315740346781871750e+01 -5.068602925887288890e+00 2.421405612015604891e+00
6.301036949635591355e+01 -5.074796870503360147e+00 2.417199770413431370e+00
6.286535590229370030e+01 -5.080939607271780289e+00 2.412874559930241691e+00
6.272168736000326561e+01 -5.087007855310782922e+00 2.408424310935515233e+00
6.257992022725527903e+01 -5.093035374967968210e+00 2.403856650160754782e+00
6.243876882810271667e+01 -5.098982593073638547e+00 2.399182938932175713e+00
6.229947381144312857e+01 -5.104820699851988941e+00 2.394391409555862271e+00
6.216119621383067795e+01 -5.110577318040260053e+00 2.389501078184133931e+00
6.202354039202189284e+01 -5.116221485781384359e+00 2.384510716305551004e+00
6.188757079890878998e+01 -5.121761395303276565e+00 2.379420733627477524e+00
6.175282287355765476e+01 -5.127201412426052762e+00 2.374237848804270357e+00
6.161944184639714450e+01 -5.132531454373636670e+00 2.368964614096357835e+00
6.148646644552438545e+01 -5.137737661136689837e+00 2.363598432966375285e+00
6.135441610210445873e+01 -5.142814296965034337e+00 2.358149022997697575e+00
6.122325450015448922e+01 -5.147755784767438669e+00 2.352617607140883305e+00
6.109323054773225437e+01 -5.152551434727301150e+00 2.347005036256786692e+00
6.096419558102355296e+01 -5.157197750091290445e+00 2.341307893089967340e+00
6.083548325957714553e+01 -5.161692660082826123e+00 2.335532669165583552e+00
6.070785933436487625e+01 -5.166036667904545077e+00 2.329682385965289981e+00
6.058136233943337601e+01 -5.170221029391181666e+00 2.323759095008075981e+00
6.045515469982377965e+01 -5.174236906681838555e+00 2.317761534669138701e+00
6.032960757997403789e+01 -5.178083425672821427e+00 2.311688104350169137e+00
6.020544359685780478e+01 -5.181759143505094478e+00 2.305545152747109139e+00
6.008174269194493178e+01 -5.185250516722252456e+00 2.299330158964860260e+00
5.995871283196411383e+01 -5.188544928492462738e+00 2.293042620739803805e+00
5.983647749675492378e+01 -5.191637879526196819e+00 2.286683995376828982e+00
5.971520132661395053e+01 -5.194522966846075285e+00 2.280247502370894352e+00
5.959460896526552176e+01 -5.197185477283444044e+00 2.273738951013196896e+00
5.947440323758606695e+01 -5.199618596185437980e+00 2.267156350232732542e+00
5.935510829085901463e+01 -5.201809441432662773e+00 2.260495443521624015e+00
5.923633090997274309e+01 -5.203751788682614787e+00 2.253754370923788830e+00
5.911783269587493095e+01 -5.205437767186309905e+00 2.246931251846742139e+00
5.900081536355462930e+01 -5.206851194685428119e+00 2.240024185792070188e+00
5.888365414914316176e+01 -5.207993115056146927e+00 2.233031253082421674e+00
5.876785628589437493e+01 -5.208843049148176974e+00 2.225950515584207423e+00
5.865240229734629906e+01 -5.209395004569247867e+00 2.218786794459971290e+00
5.853774452955895669e+01 -5.209632664283194714e+00 2.211525214053834620e+00
5.842393144578761621e+01 -5.209551864088175499e+00 2.204169259545845083e+00
5.831019006254456372e+01 -5.209127938645742972e+00 2.196710211493845044e+00
5.819787051516307486e+01 -5.208357191170730260e+00 2.189154562563936590e+00
5.808554511645085228e+01 -5.207233045942513350e+00 2.181502593341031471e+00
5.797459500497812712e+01 -5.205726268671079460e+00 2.173733153109946858e+00
5.786366898926668512e+01 -5.203825880356733435e+00 2.165844903987220071e+00
5.775404706801408850e+01 -5.201525021870589072e+00 2.157842889316838875e+00
5.764494801622180375e+01 -5.198831301629796009e+00 2.149721616074706798e+00
5.753640103942283446e+01 -5.195762957670974735e+00 2.141495518840392354e+00
5.742880419954630611e+01 -5.192332932650737476e+00 2.133167118358007652e+00
5.732159438393919970e+01 -5.188560581259728188e+00 2.124743730730354496e+00
5.721509086248218523e+01 -5.184461360311891198e+00 2.116230150652638198e+00
5.710901843045864013e+01 -5.180042589955635712e+00 2.107635010731764069e+00
5.700396067151732638e+01 -5.175318749058205547e+00 2.098954718678957665e+00
5.689895814163941168e+01 -5.170300240330184316e+00 2.090204338321429933e+00
5.679470961868196355e+01 -5.165003212528205268e+00 2.081382186062345596e+00
5.669104916130184080e+01 -5.159431038963125715e+00 2.072494353120604593e+00
5.658750135428834227e+01 -5.153599326618436116e+00 2.063547945764638403e+00
5.648458389968280358e+01 -5.147515375483587619e+00 2.054546844922945592e+00
5.638173859881402450e+01 -5.141185120747684856e+00 2.045489838598287147e+00
5.627922844839026340e+01 -5.134618951933724418e+00 2.036386561959975250e+00
5.617736497053935807e+01 -5.127827167187938961e+00 2.027241809122196869e+00
5.607563817897201375e+01 -5.120811854793741347e+00 2.018056405190958635e+00
5.597399335501332018e+01 -5.113584121783650183e+00 2.008831768782265659e+00
5.587268265814467583e+01 -5.106152222601835433e+00 1.999576838374879317e+00
5.577160158659160771e+01 -5.098519360650217713e+00 1.990291253145746619e+00
5.567112995600874115e+01 -5.090690544875455359e+00 1.980977602551011740e+00
5.557045233725320799e+01 -5.082667525664303021e+00 1.971644819445654395e+00
5.546995524424850998e+01 -5.074457205636538681e+00 1.962291360899678594e+00
5.536950686609758776e+01 -5.066063749486389156e+00 1.952915557313175121e+00
5.526932614733298266e+01 -5.057483025342837557e+00 1.943529582312613524e+00
5.516894406935547579e+01 -5.048720084572591027e+00 1.934127079269487126e+00
5.506865775291337428e+01 -5.039778257107410120e+00 1.924717018320887929e+00
5.496854120202046090e+01 -5.030658798460559744e+00 1.915297692864230239e+00
5.486848840575842701e+01 -5.021356470465233812e+00 1.905874832666991425e+00
5.476773203608748730e+01 -5.011870966849617304e+00 1.896444150667650819e+00
5.466740630925892219e+01 -5.002203310968643457e+00 1.887012165677785847e+00
5.456760732284413962e+01 -4.992354451199493504e+00 1.877587818105663331e+00
5.446678828712542497e+01 -4.982310861641208177e+00 1.868158450489370459e+00
5.436693711129700546e+01 -4.972086896215860641e+00 1.858738544062651599e+00
5.426652252188005576e+01 -4.961687510813194812e+00 1.849329032215766278e+00
5.416549028673833277e+01 -4.951099371724617448e+00 1.839925183412665755e+00
5.406511986675330661e+01 -4.940303191041234498e+00 1.830533507217265488e+00
5.396400144897029350e+01 -4.929297986897631212e+00 1.821147686568657553e+00
5.386325069401978283e+01 -4.918071032589635294e+00 1.811769623278723484e+00
5.376161440285135029e+01 -4.906628447438243334e+00 1.802407146565359719e+00
5.366018500187892215e+01 -4.894959860275560182e+00 1.793059878346384695e+00
5.355835990697664784e+01 -4.883046103373144931e+00 1.783722310713340642e+00
5.345665856877066346e+01 -4.870883914634497103e+00 1.774397156338005876e+00
5.335477885941701004e+01 -4.858461269842403674e+00 1.765089555607449512e+00
5.325202254654291778e+01 -4.845774004051238038e+00 1.755796739410793617e+00
5.314874488057674284e+01 -4.832806115808660152e+00 1.746523079336459228e+00
5.304568358837978792e+01 -4.819544068115074964e+00 1.737266608694121528e+00
5.294192697782169432e+01 -4.805979767038700778e+00 1.728030932088494565e+00
5.283772812810718023e+01 -4.792099240707590191e+00 1.718811974533652087e+00
5.273351643102916597e+01 -4.777884474087865208e+00 1.709613884797332339e+00
5.262843691877129970e+01 -4.763329643606016184e+00 1.700439135593690088e+00
5.252297342530391688e+01 -4.748447084721989064e+00 1.691284348490755818e+00
5.241700268337043411e+01 -4.733254815428045603e+00 1.682150687628485963e+00
5.231087566269999201e+01 -4.717770807626314067e+00 1.673043223284412351e+00
5.220453074236418445e+01 -4.702012988494717050e+00 1.663958890718524986e+00
5.209747737287478486e+01 -4.685999241859856390e+00 1.654900003795738206e+00
5.199019652688340187e+01 -4.669742926712523889e+00 1.645865881069525472e+00
5.188282546147185315e+01 -4.653258506264543293e+00 1.636855755201719331e+00
5.177498728231759628e+01 -4.636563742610854355e+00 1.627874012135920090e+00
5.166661899460232377e+01 -4.619671288342556359e+00 1.618916839317113388e+00
5.155818412704933706e+01 -4.602601350266240843e+00 1.609988030234748235e+00
5.144932798592584078e+01 -4.585363205728543612e+00 1.601091428406236306e+00
5.134031713738392000e+01 -4.567964100500711666e+00 1.592222680255026335e+00
5.123130350228266394e+01 -4.550419461866538562e+00 1.583380949353585532e+00
5.112222269009354392e+01 -4.532734740557709863e+00 1.574573630108128119e+00
5.101238508538072125e+01 -4.514930178628126178e+00 1.565797599789825911e+00
5.090285774976086230e+01 -4.496999065066946244e+00 1.557059109904459726e+00
5.079318629234435178e+01 -4.478966657905467663e+00 1.548354289409745954e+00
5.068318733294989187e+01 -4.460839088406327591e+00 1.539690212662475854e+00
5.057279510890527519e+01 -4.442617749466162280e+00 1.531062261983569206e+00
5.046266668175793768e+01 -4.424318474557404457e+00 1.522471105297818150e+00
5.035279475750215283e+01 -4.405943795679229780e+00 1.513925644288644179e+00
5.024240897428212804e+01 -4.387533113348238700e+00 1.505412911075750815e+00
5.013210740792878539e+01 -4.369072142845748630e+00 1.496948495570344262e+00
5.002113858545301639e+01 -4.350555167140751855e+00 1.488525916831486828e+00
4.991023691068098600e+01 -4.331991493232988155e+00 1.480141068777439894e+00
4.979984244999845799e+01 -4.313389436457323534e+00 1.471808626002707232e+00
4.968863693346632004e+01 -4.294751442179092216e+00 1.463523351250579640e+00
4.957728539732531914e+01 -4.276084042683793385e+00 1.455288243353359157e+00
4.946597920361480760e+01 -4.257383613736769767e+00 1.447108260806656332e+00
4.935445274595794274e+01 -4.238659422729972981e+00 1.438976102941182056e+00
4.924279934865353425e+01 -4.219916810833785448e+00 1.430903614196257889e+00
4.913093464168922253e+01 -4.201153323414296814e+00 1.422888812278029436e+00
4.901887918834319890e+01 -4.182375870651293681e+00 1.414934394028091624e+00
4.890655997701548330e+01 -4.163585702390933285e+00 1.407036294093233719e+00
4.879401285378686026e+01 -4.144784072786652729e+00 1.399204096917585849e+00
4.868119749358753978e+01 -4.125972242049376071e+00 1.391434543530363666e+00
4.856809272446214010e+01 -4.107154617681195496e+00 1.383729473422741441e+00
4.845466176761960497e+01 -4.088333822883222446e+00 1.376094086434610730e+00
4.834091447596124169e+01 -4.069503129231353711e+00 1.368534756449220513e+00
4.822678595704832816e+01 -4.050667006334224496e+00 1.361049668607361651e+00
4.811228235347552840e+01 -4.031823181769054187e+00 1.353640593329748176e+00
4.799740850355760813e+01 -4.012969541256222072e+00 1.346317511076076112e+00
4.788205640123275231e+01 -3.994110518164827983e+00 1.339081792792572889e+00
4.776624514912323605e+01 -3.975239465432583774e+00 1.331931947933726157e+00
4.764996956983033272e+01 -3.956359176728197813e+00 1.324879434255152200e+00
4.753320724428807864e+01 -3.937464364910980397e+00 1.317922724932380163e+00
4.741581364193320525e+01 -3.918555740797947884e+00 1.311063180782914950e+00
4.729782157299185030e+01 -3.899632187982254194e+00 1.304310932063980077e+00
4.717923478070841981e+01 -3.880687180027811323e+00 1.297670638969033563e+00
4.705994010546775996e+01 -3.861721330249607842e+00 1.291137354145129423e+00
4.693998201799238501e+01 -3.842743287930522111e+00 1.284709928601787787e+00
4.681940242623658577e+01 -3.823757069642630402e+00 1.278390078517585682e+00
4.669828657000083183e+01 -3.804764790881603798e+00 1.272173264567356687e+00
4.657667216232985652e+01 -3.785775077057304649e+00 1.266046758439874464e+00
4.645458137645843522e+01 -3.766791456325846443e+00 1.260016333541665423e+00
4.633210494547869729e+01 -3.747823017054606076e+00 1.254078083140730104e+00
4.620920365061409285e+01 -3.728865902049061987e+00 1.248232893506324714e+00
4.608596433875372611e+01 -3.709928911148471897e+00 1.242468103740135943e+00
4.596250241904835576e+01 -3.691017061103095909e+00 1.236783566434255244e+00
4.583882966169743867e+01 -3.672142155821638276e+00 1.231169507817198472e+00
4.571489753718189775e+01 -3.653301694664006227e+00 1.225639615681178407e+00
4.559086294769918624e+01 -3.634497513112512124e+00 1.220181049254122074e+00
4.546661116149532234e+01 -3.615726533782219310e+00 1.214795788701768631e+00
4.534223329460285612e+01 -3.597004296727319250e+00 1.209484826315329054e+00
4.521775028268375962e+01 -3.578326573789834875e+00 1.204242171029105801e+00
4.509318294506390856e+01 -3.559697394256988279e+00 1.199063258032933454e+00
4.496856798452694193e+01 -3.541124245957551153e+00 1.193950158725486821e+00
4.484395228109656983e+01 -3.522607215343132037e+00 1.188901374604584671e+00
4.471925574250073510e+01 -3.504157128113476904e+00 1.183908964315079082e+00
4.459457891134887575e+01 -3.485769511546583210e+00 1.178978705477716327e+00
4.446995067327337381e+01 -3.467456098557050392e+00 1.174104740388449253e+00
4.434530827998440117e+01 -3.449216934838727600e+00 1.169286395402777234e+00
4.422072418316946596e+01 -3.431057430186008173e+00 1.164525557365728492e+00
4.409621833793188017e+01 -3.412978510527809206e+00 1.159820310649732455e+00
4.397177890078236828e+01 -3.394988066496785084e+00 1.155173083222566399e+00
4.384744645641369942e+01 -3.377089190139236585e+00 1.150582286899010098e+00
4.372325851347684988e+01 -3.359285022356435668e+00 1.146052882270339079e+00
4.359914949386404714e+01 -3.341578753267204327e+00 1.141581918172945409e+00
4.347517845328155772e+01 -3.323973622570774111e+00 1.137171933196384321e+00
4.335136195549023341e+01 -3.306477071503976184e+00 1.132821692719508722e+00
4.322763917667921874e+01 -3.289096109368974563e+00 1.128532882683199068e+00
4.310404010593178015e+01 -3.271829582658055013e+00 1.124304413714177331e+00
4.298056931832443439e+01 -3.254682396824382540e+00 1.120138688427532392e+00
4.285721516040288037e+01 -3.237666062333185657e+00 1.116033191372552524e+00
4.273399672770766244e+01 -3.220776742445974339e+00 1.111987478091116976e+00
4.261087977212550015e+01 -3.204028646874209407e+00 1.108004006463972457e+00
4.248785837795404063e+01 -3.187421849492032333e+00 1.104085252261960415e+00
4.236495150629779971e+01 -3.170961185162403329e+00 1.100227986965445215e+00
4.224205972092050132e+01 -3.154658428442227880e+00 1.096444458674012301e+00
4.211934730200218269e+01 -3.138519293669441268e+00 1.092728771663612930e+00
4.199663189055248580e+01 -3.122541336467303807e+00 1.089086368379916792e+00
4.187400208517649247e+01 -3.106746489616420526e+00 1.085521320009946056e+00
4.175150301737011205e+01 -3.091129265631473277e+00 1.082029500414731338e+00
4.162894654900656377e+01 -3.075698363115977330e+00 1.078619284762253328e+00
4.150646581464526008e+01 -3.060472986390954997e+00 1.075287107074960113e+00
4.138394833349975244e+01 -3.045444149826880054e+00 1.072042158517483967e+00
4.126142587440876497e+01 -3.030627814262066178e+00 1.068877651475943713e+00
4.113887011594354703e+01 -3.016025406470295600e+00 1.065793049003711079e+00
4.101624553610602675e+01 -3.001646196837288727e+00 1.062803711826864728e+00
4.089357266749009057e+01 -2.987499547388010157e+00 1.059904920261231842e+00
4.077083909665241634e+01 -2.973582717761240168e+00 1.057105366174675876e+00
4.064809140265391108e+01 -2.959888946526195053e+00 1.054387902241416652e+00
4.052528621878020942e+01 -2.946405796447451042e+00 1.051760820713852462e+00
4.040257969719490916e+01 -2.933127672078711168e+00 1.049217433614401118e+00
4.027986411849843051e+01 -2.920047410510187014e+00 1.046749373617552603e+00
4.015726903072771847e+01 -2.907155179164559566e+00 1.044363791961593568e+00
4.003480145583210970e+01 -2.894449544267057473e+00 1.042053447447385928e+00
3.991239963290209403e+01 -2.881919367539783838e+00 1.039811773913957405e+00
3.979017099134812696e+01 -2.869559373452976292e+00 1.037639947045380984e+00
3.966804744113773751e+01 -2.857361739789094024e+00 1.035527194319256772e+00
3.954612102569642929e+01 -2.845318921023435976e+00 1.033478757978463669e+00
3.942437969786335117e+01 -2.833430850936743184e+00 1.031489471913436873e+00
3.930281150299255444e+01 -2.821689315806541476e+00 1.029554179283303617e+00
3.918143855259753394e+01 -2.810088145797950077e+00 1.027671129215653290e+00
3.906032925735613048e+01 -2.798623290800957175e+00 1.025839606091924594e+00
3.893947633474877534e+01 -2.787293288217196352e+00 1.024058268219555146e+00
3.881886777234898744e+01 -2.776097466380647028e+00 1.022322037266533146e+00
3.869853046445524569e+01 -2.765031490299059147e+00 1.020630326423187961e+00
3.857845306100414007e+01 -2.754085625084999212e+00 1.018985303667218734e+00
3.845871581508180981e+01 -2.743262159353570429e+00 1.017377291315277654e+00
3.833932480212577332e+01 -2.732561574311551666e+00 1.015807488762554334e+00
3.822018882306834087e+01 -2.721981366133257918e+00 1.014276904663886647e+00
3.810142333591407038e+01 -2.711514867285668817e+00 1.012785617079283718e+00
3.798299005071712742e+01 -2.701165846533188475e+00 1.011325842588309820e+00
3.786488461415219575e+01 -2.690929438242339433e+00 1.009890044124650998e+00
3.774717661206502584e+01 -2.680804960963206529e+00 1.008490407417292012e+00
3.762981676422956667e+01 -2.670796323606532852e+00 1.007116171700332519e+00
3.751283743684879113e+01 -2.660901350045749236e+00 1.005770818302209602e+00
3.739624513453421173e+01 -2.651128734020815614e+00 1.004452637011001404e+00
3.728002971510822761e+01 -2.641477503425303297e+00 1.003163106363106349e+00
3.716424848758078525e+01 -2.631950518023790320e+00 1.001898452614878643e+00
3.704890240120972322e+01 -2.622545046156348203e+00 1.000660550953727856e+00
3.693405291302408244e+01 -2.613271576817954411e+00 9.994452383681142749e-01
3.681955081125748563e+01 -2.604127787611087097e+00 9.982621080566445038e-01
3.670561392945153756e+01 -2.595115521896020017e+00 9.971046522679966051e-01
3.659209231310718735e+01 -2.586237089221817165e+00 9.959602824879661975e-01
3.647910073173731860e+01 -2.577494298590745192e+00 9.948417571766381418e-01
3.636649677715144691e+01 -2.568911628216544063e+00 9.937447041216039834e-01
3.625441413559829584e+01 -2.560473957000094725e+00 9.926720879005159759e-01
3.614284378153528365e+01 -2.552198697829883844e+00 9.916247274632512543e-01
3.603177680324586163e+01 -2.544086277457988210e+00 9.905920874999027959e-01
3.592121905211295285e+01 -2.536153015702139246e+00 9.895785930716655132e-01
3.581120879631249920e+01 -2.528398937640622179e+00 9.885902360716952719e-01
3.570169444750852250e+01 -2.520836819199590906e+00 9.876176524846949079e-01
3.559272719427977449e+01 -2.513475366127283284e+00 9.866658487731410077e-01
3.548432120962677061e+01 -2.506315893000509387e+00 9.857390417439145791e-01
3.537652399688794702e+01 -2.499373729600314231e+00 9.848290356373684551e-01
3.526930104706713109e+01 -2.492661882050392297e+00 9.839387727340240808e-01
3.516264939542268309e+01 -2.486185781038563025e+00 9.830711911751177645e-01
3.505662585478778936e+01 -2.479956453654524662e+00 9.822229715867477617e-01
3.495121626952439442e+01 -2.473962627882871246e+00 9.813930205341089286e-01
3.484640843364581997e+01 -2.468193946867923927e+00 9.805889166303685123e-01
3.474215165596164212e+01 -2.462640081074188192e+00 9.798008406320135588e-01
3.463845649868421361e+01 -2.457290727306545186e+00 9.790298556838895605e-01
3.453532825276025164e+01 -2.452131591193247750e+00 9.782777401280623453e-01
3.443272385166298477e+01 -2.447157041028163338e+00 9.775386893703308377e-01
3.433062456576895016e+01 -2.442350835968814859e+00 9.768189100801988323e-01
3.422906402209465426e+01 -2.437701745508353834e+00 9.761097882077239829e-01
3.412795974232694363e+01 -2.433206016833880270e+00 9.754130644171931097e-01
3.402734718477380937e+01 -2.428853488175965580e+00 9.747315550718304022e-01
3.392714476076469055e+01 -2.424628824890991297e+00 9.740590113582421328e-01
3.382742765231687798e+01 -2.420530062414040451e+00 9.733945671458932303e-01
3.372817904996192340e+01 -2.416557549717437414e+00 9.727455615986494442e-01
3.362940075476586799e+01 -2.412703442677564869e+00 9.721044060663923680e-01
3.353101981787417429e+01 -2.408957683342463962e+00 9.714747396570357907e-01
3.343316972943131304e+01 -2.405316409547069600e+00 9.708601298602428376e-01
3.333573919584282663e+01 -2.401777620412641312e+00 9.702559214339770977e-01
3.323879756598453383e+01 -2.398339334822762847e+00 9.696623729047902929e-01
3.314226936855027361e+01 -2.394986062040772801e+00 9.690744172878998919e-01
3.304625055055912242e+01 -2.391720708725376454e+00 9.684996470083030440e-01
3.295058262484077716e+01 -2.388535055513790084e+00 9.679262851559472525e-01
3.285544054921925294e+01 -2.385419182729680010e+00 9.673620250906302953e-01
3.276063935224586032e+01 -2.382357743091701785e+00 9.668013195462845655e-01
3.266629620437934989e+01 -2.379354182357090952e+00 9.662384792827195534e-01
3.257231981866104320e+01 -2.376414223684337745e+00 9.656822030572093096e-01
3.247875866360664077e+01 -2.373529446607903548e+00 9.651260972565269824e-01
3.238566137397211975e+01 -2.370704250724180451e+00 9.645655701214602695e-01
3.229304366220486600e+01 -2.367931039734294529e+00 9.640080336615931555e-01
3.220077893574437411e+01 -2.365213466861785907e+00 9.634483587186826181e-01
3.210901684516515076e+01 -2.362544759437367414e+00 9.628866267116977795e-01
3.201769708602001430e+01 -2.359927823578776174e+00 9.623180770091841474e-01
3.192687375229603930e+01 -2.357356709289665009e+00 9.617442621409004744e-01
3.183643930277884593e+01 -2.354833574375446048e+00 9.611646378436196070e-01
3.174647805098106446e+01 -2.352351009379001656e+00 9.605727144191704703e-01
3.165698449939181458e+01 -2.349912312567257633e+00 9.599669433314886868e-01
3.156798196893755559e+01 -2.347518513267114137e+00 9.593514972737123836e-01
3.147944048562724007e+01 -2.345161153974562041e+00 9.587198479755238978e-01
3.139136087534275887e+01 -2.342847349504557197e+00 9.580715856756291116e-01
3.130379361648795467e+01 -2.340575782451255638e+00 9.574064038963960854e-01
3.121675473858312344e+01 -2.338351632394100044e+00 9.567200926360842628e-01
3.113028790796131773e+01 -2.336175570449011474e+00 9.560147955761952865e-01
3.104440864058415528e+01 -2.334050836704458121e+00 9.552839177800336312e-01
3.095912900698816017e+01 -2.331980086167395605e+00 9.545289451986898044e-01
3.087453786167528236e+01 -2.329968857982055219e+00 9.537465593451270873e-01
3.079059764267821819e+01 -2.328020923225197603e+00 9.529354264447551515e-01
3.070729207631783098e+01 -2.326132246193055142e+00 9.520956587510414071e-01
3.062472094467485917e+01 -2.324309432893753691e+00 9.512205924111265531e-01
3.054291540994037746e+01 -2.322554900842458192e+00 9.503085782978656360e-01
3.046184696681957860e+01 -2.320874789080227707e+00 9.493609417647025372e-01
3.038153097994932494e+01 -2.319260588911890686e+00 9.483689752942561224e-01
3.030196710016206296e+01 -2.317716140519156198e+00 9.473389132206324614e-01
3.022314462898494369e+01 -2.316232683829664740e+00 9.462733707085162482e-01
3.014499285643180571e+01 -2.314810668917636427e+00 9.451705420392690904e-01
3.006748315350712630e+01 -2.313450351743187472e+00 9.440348137416946228e-01
2.999060508349917953e+01 -2.312137361177574846e+00 9.428659661741614073e-01
2.991434829173782717e+01 -2.310873881350907766e+00 9.416621509868682294e-01
2.983863455015936594e+01 -2.309659540839592573e+00 9.404418915394410217e-01
2.976351332128196958e+01 -2.308485737904539370e+00 9.391854130708648940e-01
2.968898277671810959e+01 -2.307357202209736613e+00 9.379099002443724853e-01
2.961488518511271906e+01 -2.306265533026118142e+00 9.366153469300634304e-01
2.954130933064733000e+01 -2.305193130725375017e+00 9.352955998618068811e-01
2.946812588877885020e+01 -2.304152145348881131e+00 9.339613151401479074e-01
2.939534239764540047e+01 -2.303142738809400125e+00 9.326027337770352865e-01
2.932301444392984635e+01 -2.302155143355346656e+00 9.312259110745443325e-01
2.925106153046902335e+01 -2.301182373625713762e+00 9.298359509545374157e-01
2.917948536246359481e+01 -2.300235252417898391e+00 9.284308633313935744e-01
2.910831665263082257e+01 -2.299305249062553180e+00 9.270086440907396863e-01
2.903744660506174924e+01 -2.298388960426126726e+00 9.255688012785268093e-01
2.896697445964407081e+01 -2.297481624743431095e+00 9.241173200711194635e-01
2.889684905315708008e+01 -2.296591572474968146e+00 9.226563342999964945e-01
2.882709895763348484e+01 -2.295710916730855811e+00 9.211799970029239670e-01
2.875765787976221333e+01 -2.294837635119099772e+00 9.196919405341861253e-01
2.868854172697269078e+01 -2.293969666858467260e+00 9.181925852039585223e-01
2.861976749091801864e+01 -2.293104912229642967e+00 9.166824395143720050e-01
2.855127496399346043e+01 -2.292238331988675437e+00 9.151571720488865802e-01
2.848308613937247458e+01 -2.291362826683564613e+00 9.136226719517173134e-01
2.841520642838014865e+01 -2.290479470603568490e+00 9.120782294039070370e-01
2.834761659944305734e+01 -2.289587044644839420e+00 9.105171613156474164e-01
2.828027748994341906e+01 -2.288678919033177994e+00 9.089409848022861338e-01
2.821321412687167296e+01 -2.287752756481938210e+00 9.073516540229565885e-01
2.814641370714415913e+01 -2.286806180677151357e+00 9.057469744037043302e-01
2.807988358548481500e+01 -2.285836776765097333e+00 9.041290125244207943e-01
2.801363223673726921e+01 -2.284837621457970869e+00 9.024946240481043214e-01
2.794763086542358010e+01 -2.283812207831283470e+00 9.008428918821780318e-01
2.788185398954024663e+01 -2.282749728470952366e+00 8.991698609152626309e-01
2.781636488534217477e+01 -2.281648866420718402e+00 8.974804331597956430e-01
2.775115795448961720e+01 -2.280512548079160595e+00 8.957726047164871197e-01
2.768625384772352049e+01 -2.279327239183011944e+00 8.940360745410235177e-01
2.762161161243061258e+01 -2.278096835224939110e+00 8.922774739544163669e-01
2.755725986001680283e+01 -2.276811298091391045e+00 8.904988400207390908e-01
2.749327070711981591e+01 -2.275476031701000323e+00 8.886857707160061848e-01
2.742952920615071122e+01 -2.274079367977039468e+00 8.868448476353206766e-01
2.736618872102147293e+01 -2.272615356992963243e+00 8.849768942863673882e-01
2.730315036643761317e+01 -2.271087819149474107e+00 8.830795548434728914e-01
2.724045069855892720e+01 -2.269488284538315970e+00 8.811368100285563720e-01
2.717809182488471720e+01 -2.267805875874700394e+00 8.791653579540538166e-01
2.711606593590116887e+01 -2.266036910554403150e+00 8.771507676163931011e-01
2.705443939923692298e+01 -2.264185896562404654e+00 8.750894332448226898e-01
2.699308671552903149e+01 -2.262238927080969297e+00 8.729916717051964259e-01
2.693211604072920906e+01 -2.260198965191531517e+00 8.708440078743031609e-01
2.687156664159992658e+01 -2.258063858750854802e+00 8.686550091491306302e-01
2.681140139069477613e+01 -2.255840821567947518e+00 8.664211893000115516e-01
2.675163626504345515e+01 -2.253536080041985024e+00 8.641516072061490306e-01
2.669218118520579353e+01 -2.251149956395162910e+00 8.618423773974583924e-01
2.663312444945442792e+01 -2.248690967494981763e+00 8.594964576037563697e-01
2.657442121508696076e+01 -2.246168040974820812e+00 8.571167959565804129e-01
2.651604415871385712e+01 -2.243573009478502023e+00 8.547063311941783814e-01
2.645800908809964369e+01 -2.240923159257312225e+00 8.522679928711356379e-01
2.640027111149581174e+01 -2.238215408184810240e+00 8.498047015724513598e-01
2.634280873091714525e+01 -2.235447808848993745e+00 8.473170271741203852e-01
2.628563178807347001e+01 -2.232630342964846637e+00 8.448023940094742112e-01
2.622869529998171956e+01 -2.229764747992832419e+00 8.422664316176539101e-01
2.617198355253388797e+01 -2.226852160760135479e+00 8.397112516680285133e-01
2.611550038072845936e+01 -2.223892904055952968e+00 8.371362072765256013e-01
2.605923390482286806e+01 -2.220895300511675163e+00 8.345469107457558211e-01
2.600318393456993959e+01 -2.217858260311309948e+00 8.319372311502863937e-01
2.594734240891938626e+01 -2.214780667552198601e+00 8.293100254895103829e-01
2.589170509751233595e+01 -2.211669203436112507e+00 8.266720561575278126e-01
2.583626774400170589e+01 -2.208522295918324829e+00 8.240218581682774435e-01
2.578097901633522326e+01 -2.205339927357227836e+00 8.213591487422877702e-01
2.572584830147791024e+01 -2.202127895336872143e+00 8.186902749151160341e-01
2.567089644959902017e+01 -2.198884931730728187e+00 8.160086668910098151e-01
2.561607784249216735e+01 -2.195604839496248406e+00 8.133157908248341839e-01
2.556139768749889996e+01 -2.192298621294411554e+00 8.106173879588988163e-01
2.550683752482500566e+01 -2.188957232315165591e+00 8.079056945826802449e-01
2.545235150794652057e+01 -2.185582615061183898e+00 8.051894106161133768e-01
2.539795050052920189e+01 -2.182177985680267884e+00 8.024703332049545335e-01
2.534366867023950221e+01 -2.178741840345298275e+00 7.997432400762415350e-01
2.528941867567442259e+01 -2.175266558973678599e+00 7.970029047994117155e-01
2.523532489006066371e+01 -2.171755065000165796e+00 7.942629002746770528e-01
2.518132302381884813e+01 -2.168207269208497490e+00 7.915161879857163241e-01
2.512735318360234160e+01 -2.164621480419121724e+00 7.887628339118818444e-01
2.507350609801357777e+01 -2.160995957558619729e+00 7.860124712306397754e-01
2.501975457096764544e+01 -2.157321855771741514e+00 7.832476791247184877e-01
2.496612453443938762e+01 -2.153603812569989007e+00 7.804834227701987759e-01
2.491249924350059430e+01 -2.149834274767659981e+00 7.777090828465631489e-01
2.485889382240602785e+01 -2.146029849585784799e+00 7.749375052472473602e-01
2.480535368429040588e+01 -2.142161367850266895e+00 7.721598536484512998e-01
2.475183197099266508e+01 -2.138233579062995382e+00 7.693720849564605890e-01
2.469829779942260828e+01 -2.134237961446514564e+00 7.665833722740637013e-01
2.464483455834650982e+01 -2.130177374085326036e+00 7.637884574167422835e-01
2.459133890747494178e+01 -2.126037151929078384e+00 7.609832758399630581e-01
2.453784388770380431e+01 -2.121818871215821467e+00 7.581705843127825029e-01
2.448436660137561915e+01 -2.117507353433592421e+00 7.553531387687020260e-01
2.443087762820855602e+01 -2.113102012830161858e+00 7.525301270158319955e-01
2.437739002161699275e+01 -2.108602507679376181e+00 7.496942095480362278e-01
2.432387816709340100e+01 -2.103992512994583564e+00 7.468518055150386026e-01
2.427035107517219004e+01 -2.099266243407813981e+00 7.440000247967490932e-01
2.421678694273821719e+01 -2.094421451256375466e+00 7.411390530786090558e-01
2.416319293332925255e+01 -2.089447630635352215e+00 7.382666216049738050e-01
2.410956201363813634e+01 -2.084352174463686147e+00 7.353836662803696633e-01
2.405590826716336394e+01 -2.079139980384984820e+00 7.324894540723834169e-01
2.400219712977277453e+01 -2.073822617575754368e+00 7.295881121880256615e-01
2.394842948803889016e+01 -2.068406745927229284e+00 7.266802184431307987e-01
2.389468831097680734e+01 -2.062896112633573864e+00 7.237656315408101948e-01
2.384094150360978048e+01 -2.057295746287656879e+00 7.208445391254156842e-01
2.378715951480326751e+01 -2.051610908550030921e+00 7.179171952134086876e-01
2.373342450477514731e+01 -2.045849342587119146e+00 7.149833979285933339e-01
2.367973644410170664e+01 -2.040012256893953158e+00 7.120437972474632504e-01
2.362606039346251308e+01 -2.034109054814752238e+00 7.091025305013197721e-01
2.357245984401208361e+01 -2.028145518698409422e+00 7.061538883639741915e-01
2.351890646528472217e+01 -2.022121551327525246e+00 7.032064607255402722e-01
2.346533813926704326e+01 -2.016042024351864193e+00 7.002538413405934303e-01
2.341188508540857072e+01 -2.009912014776700229e+00 6.973036914204547854e-01
2.335846710108020474e+01 -2.003735912669099228e+00 6.943476471257067351e-01
2.330506570678546296e+01 -1.997517154103256143e+00 6.913953381861176473e-01
2.325172569509492249e+01 -1.991259361672044648e+00 6.884364438127311692e-01
2.319849178593577577e+01 -1.984966350112280287e+00 6.854825629009960730e-01
2.314527872983655143e+01 -1.978639988280088913e+00 6.825279130533727923e-01
2.309210456771129927e+01 -1.972283030722779884e+00 6.795740072635571005e-01
2.303901378344209405e+01 -1.965897125583590865e+00 6.766250147124281966e-01
2.298597994028283864e+01 -1.959485118888893540e+00 6.736709413385153500e-01
2.293303997506957259e+01 -1.953048595748848593e+00 6.707290491990253178e-01
2.288009384065998120e+01 -1.946594158865430080e+00 6.677824122917414007e-01
2.282719472533233684e+01 -1.940130877925019037e+00 6.648492981250387901e-01
2.277443436238673868e+01 -1.933646600799689530e+00 6.619116016137436276e-01
2.272164162618130945e+01 -1.927144218256020114e+00 6.589870055284418049e-01
2.266893217973303720e+01 -1.920624334532910593e+00 6.560645082259931593e-01
2.261631885893693195e+01 -1.914087052093957908e+00 6.531433851021116732e-01
2.256365377107664827e+01 -1.907533758906316601e+00 6.502377531041452219e-01
2.251104636027434580e+01 -1.900965173672520159e+00 6.473334633686388395e-01
2.245849145829751947e+01 -1.894381862432568120e+00 6.444411361101716196e-01
2.240588252579072304e+01 -1.887783940952063144e+00 6.415613693744283141e-01
2.235334261797450139e+01 -1.881171951275737442e+00 6.386863828232169915e-01
2.230077647736872137e+01 -1.874545840556649301e+00 6.358204152522510810e-01
2.224817085917237236e+01 -1.867905560250544994e+00 6.329653084193930246e-01
2.219551654361728055e+01 -1.861251324470892365e+00 6.301198960620382206e-01
2.214280766701456216e+01 -1.854583051323933418e+00 6.272884361242170304e-01
2.209009748952798446e+01 -1.847898493225170524e+00 6.244722011113502669e-01
2.203728354479761364e+01 -1.841195351330929375e+00 6.216674452826029817e-01
2.198440810591742434e+01 -1.834471416802033739e+00 6.188771993038900687e-01
2.193144170212174160e+01 -1.827724411516261194e+00 6.161066039850704446e-01
2.187837933406765956e+01 -1.820952377984117909e+00 6.133519349594842573e-01
2.182522387140037168e+01 -1.814152419938253713e+00 6.106174224097301595e-01
2.177198185078977843e+01 -1.807322841281941095e+00 6.079028817087406278e-01
2.171860046532256305e+01 -1.800461057773447671e+00 6.052096922860124018e-01
2.166501762368962147e+01 -1.793564194362663677e+00 6.025410696044537495e-01
2.161127476505886591e+01 -1.786629702794608976e+00 5.998980861723771651e-01
2.155731411843899892e+01 -1.779655509901462818e+00 5.972801259027006315e-01
2.150317779951951636e+01 -1.772639949518016067e+00 5.946882095518570832e-01
2.144880668350203123e+01 -1.765585371089201994e+00 5.921243906195470252e-01
2.139426321539818332e+01 -1.758496361137818598e+00 5.895791826949253744e-01
2.133959387476932434e+01 -1.751374530865596579e+00 5.870611217287011740e-01
2.128474014536651637e+01 -1.744223066709223779e+00 5.845641142413706692e-01
2.122974527288369373e+01 -1.737045554727163044e+00 5.820860176868878355e-01
2.117462682034074106e+01 -1.729843465876697017e+00 5.796347959119774185e-01
2.111945064606462452e+01 -1.722619694100990362e+00 5.772005333668764893e-01
2.106423023921101745e+01 -1.715377552757655355e+00 5.747822906358726058e-01
2.100889688716873493e+01 -1.708118943744059592e+00 5.723817279950090819e-01
2.095351310685704149e+01 -1.700844810332103663e+00 5.700005142540445213e-01
2.089808631353938040e+01 -1.693560365240221799e+00 5.676330162627226672e-01
2.084270912821721566e+01 -1.686274592655075288e+00 5.652795466404056945e-01
2.078731658053361997e+01 -1.678977331854936139e+00 5.629410915886361444e-01
2.073188648221001174e+01 -1.671680942430632033e+00 5.606131041970908724e-01
2.067648582834589277e+01 -1.664381212935518661e+00 5.582966286077301055e-01
2.062105185451215661e+01 -1.657080399480498123e+00 5.559879583255368241e-01
2.056565424073214388e+01 -1.649775707861754537e+00 5.537006166098915605e-01
2.051030563043665111e+01 -1.642475732208891204e+00 5.514228181629006187e-01
2.045504268214980925e+01 -1.635175533295145867e+00 5.491563081387219603e-01
2.039977104430403898e+01 -1.627875109771940387e+00 5.469011912595385105e-01
2.034457728734415127e+01 -1.620584335099689799e+00 5.446549021542231861e-01
2.028940314986622084e+01 -1.613292426399959512e+00 5.424251866851060866e-01
2.023437727415777587e+01 -1.606011768490292368e+00 5.402093477501022090e-01
2.017938799414719853e+01 -1.598737411976035361e+00 5.380028728321990528e-01
2.012443530470633846e+01 -1.591469675925148319e+00 5.358130698653568169e-01
2.006954746199780715e+01 -1.584214012034146135e+00 5.336313597067616765e-01
2.001477439906218692e+01 -1.576971551261810323e+00 5.314595525946830268e-01
1.996008391206563815e+01 -1.569743774915820955e+00 5.293026857099646376e-01
1.990542996792658315e+01 -1.562528038174271883e+00 5.271603560987324633e-01
1.985084866723746089e+01 -1.555328304163015707e+00 5.250255862888992819e-01
1.979634400565963404e+01 -1.548147369820546349e+00 5.229040255686095984e-01
1.974191587547407423e+01 -1.540984470275565510e+00 5.208015358972918341e-01
1.968756041479548813e+01 -1.533839438716391612e+00 5.187115727723882186e-01
1.963324139102459043e+01 -1.526719200042352620e+00 5.166331562371371255e-01
1.957900470013268901e+01 -1.519622506852532862e+00 5.145715819166237770e-01
1.952483468304322756e+01 -1.512549520796187430e+00 5.125287287210456011e-01
1.947070097024543500e+01 -1.505503677472662005e+00 5.105014972358395964e-01
1.941660349457497148e+01 -1.498483278724274337e+00 5.084941277506905832e-01
1.936254217320171378e+01 -1.491494597693631796e+00 5.065057818021412306e-01
1.930851690484842464e+01 -1.484538087923303662e+00 5.045359247733548491e-01
1.925446985850197734e+01 -1.477615141266584997e+00 5.025864719000817660e-01
1.920049972875279209e+01 -1.470729449708434888e+00 5.006533784362128259e-01
1.914652014883910525e+01 -1.463878596184570835e+00 4.987490469031789497e-01
1.909249776343146721e+01 -1.457071083900663311e+00 4.968660094863624477e-01
1.903849789372704393e+01 -1.450299117730519560e+00 4.950098433551261001e-01
1.898439786785736771e+01 -1.443577582284834016e+00 4.931837640874326412e-01
1.893031496917331324e+01 -1.436898681194195282e+00 4.913897293247356801e-01
1.887619483827394617e+01 -1.430271830678061740e+00 4.896297036819907689e-01
1.882203031131945181e+01 -1.423701774120795793e+00 4.878983175712204301e-01
1.876777417556709082e+01 -1.417176475550066206e+00 4.862021544060766143e-01
1.871351562284853998e+01 -1.410709828521753417e+00 4.845405590774454763e-01
1.865918830680298157e+01 -1.404287117966753762e+00 4.829069049945061698e-01
1.860481929384264532e+01 -1.397920680639071156e+00 4.813128448796976655e-01
1.855043559490781746e+01 -1.391595405147670217e+00 4.797425497665541716e-01
1.849606416433753964e+01 -1.385311554055632000e+00 4.781966245191903164e-01
1.844170616249896000e+01 -1.379073777324895111e+00 4.766843868246966598e-01
1.838728740901050784e+01 -1.372876261496554395e+00 4.751926889309406876e-01
1.833294464743705277e+01 -1.366721250798238252e+00 4.737246332894795575e-01
1.827862442972737966e+01 -1.360599503027236645e+00 4.722762805167232680e-01
1.822431469111802116e+01 -1.354520146709630612e+00 4.708559064724813781e-01
1.817007685070339562e+01 -1.348474491652856821e+00 4.694539579275784913e-01
1.811588194094759885e+01 -1.342461254683314564e+00 4.680682819078718637e-01
1.806172986093147159e+01 -1.336485176830464194e+00 4.667054073206786113e-01
1.800765261176694665e+01 -1.330541008344383824e+00 4.653586575701465500e-01
1.795368427921303933e+01 -1.324631928590413121e+00 4.640265225016151907e-01
1.789977320386585191e+01 -1.318751010146381075e+00 4.627107479806006896e-01
1.784596822192952459e+01 -1.312905623978478209e+00 4.614144075644275866e-01
1.779224455636096991e+01 -1.307092206960648539e+00 4.601323674272113085e-01
1.773867026196126062e+01 -1.301309415537127867e+00 4.588628020466337665e-01
1.768519088490145919e+01 -1.295556468396380723e+00 4.576082141922561131e-01
1.763179924038651336e+01 -1.289833564457457227e+00 4.563671301135959757e-01
1.757855743643859014e+01 -1.284142747188139255e+00 4.551380817564237291e-01
1.752539920033741794e+01 -1.278484519223008542e+00 4.539196066361424475e-01
1.747238318957977299e+01 -1.272856509470836617e+00 4.527150677452407290e-01
1.741949529954872489e+01 -1.267259963403623013e+00 4.515159815521210818e-01
1.736670565294319246e+01 -1.261696893080098691e+00 4.503309301112609631e-01
1.731404048124991490e+01 -1.256161074021229451e+00 4.491554789009821191e-01
1.726152603927940632e+01 -1.250666071115915656e+00 4.479889722808724772e-01
1.720918861167740133e+01 -1.245200265544405216e+00 4.468321938299216756e-01
1.715693456382684445e+01 -1.239774708590601904e+00 4.456837158735668658e-01
1.710481573711022563e+01 -1.234381576660887880e+00 4.445483090990035580e-01
1.705287481286789131e+01 -1.229029472060636508e+00 4.434197907323123578e-01
1.700107239253139113e+01 -1.223720313207607990e+00 4.423084881338299468e-01
1.694942266231090500e+01 -1.218453141437830789e+00 4.412018923432096118e-01
1.689795221804738645e+01 -1.213226984575717537e+00 4.401104776956653031e-01
1.684661597264869570e+01 -1.208040859676521528e+00 4.390273472560433654e-01
1.679543421738249265e+01 -1.202908519675032206e+00 4.379578256982347706e-01
1.674444915168400527e+01 -1.197816989301881740e+00 4.368991466354043562e-01
1.669359753312073735e+01 -1.192775609734498810e+00 4.358506595107766168e-01
1.664283537811347102e+01 -1.187785536579206491e+00 4.348052854999115424e-01
1.659232098448415726e+01 -1.182847240837580527e+00 4.337762104293774179e-01
1.654193970071874986e+01 -1.177973931873516733e+00 4.327620449798028623e-01
1.649171882090662677e+01 -1.173164649605870968e+00 4.317614016909560037e-01
1.644167256558791834e+01 -1.168419770931803603e+00 4.307728947594514080e-01
1.639176339838674323e+01 -1.163744882564830663e+00 4.297951398400149947e-01
1.634201892103525466e+01 -1.159140806050059869e+00 4.288301739739672769e-01
1.629244777576002789e+01 -1.154614702641752144e+00 4.278869305374580767e-01
1.624301862634132121e+01 -1.150171667772430961e+00 4.269581138332875780e-01
1.619378237474182214e+01 -1.145813222206021553e+00 4.260423434532938369e-01
1.614474670413348178e+01 -1.141542504471112940e+00 4.251430146596946180e-01
1.609583031434635814e+01 -1.137355961746715050e+00 4.242629398173690114e-01
1.604710208175351127e+01 -1.133250431382350154e+00 4.233920767582912692e-01
1.599851832352067049e+01 -1.129216670545353240e+00 4.225388557307994120e-01
1.595011783484740597e+01 -1.125253733931988576e+00 4.217002381508743181e-01
1.590184476208515463e+01 -1.121354740881912004e+00 4.208703610288034858e-01
1.585371679457892746e+01 -1.117517415364469802e+00 4.200595854827226527e-01
1.580579989380491668e+01 -1.113735678230910686e+00 4.192613701540209292e-01
1.575803730532096303e+01 -1.110007501217800563e+00 4.184731562333708355e-01
1.571037854693858549e+01 -1.106334566630689631e+00 4.177002876291869282e-01
1.566289288949689507e+01 -1.102710413109210474e+00 4.169436493985896885e-01
1.561559216519354010e+01 -1.099129744806760289e+00 4.161959122744562922e-01
1.556842100260334050e+01 -1.095595549514561506e+00 4.154560846771273575e-01
1.552142501676917163e+01 -1.092098910183976423e+00 4.147345541099918265e-01
1.547455197009497141e+01 -1.088637797464353518e+00 4.140184609395458071e-01
1.542782962842614936e+01 -1.085213131397776642e+00 4.133137121292595473e-01
1.538130675778180922e+01 -1.081823319571257658e+00 4.126247719273562486e-01
1.533489169088875137e+01 -1.078466832409283427e+00 4.119431272127013210e-01
1.528862992943017751e+01 -1.075136171947236319e+00 4.112641070620758343e-01
1.524256440357807207e+01 -1.071828132986664572e+00 4.105974776017227157e-01
1.519659170516807833e+01 -1.068554198076600237e+00 4.099373257226391898e-01
1.515084119579834265e+01 -1.065309239536619046e+00 4.092928003775316292e-01
1.510522568755125938e+01 -1.062083974868403891e+00 4.086499946903565106e-01
1.505975003803631473e+01 -1.058890191521807411e+00 4.080112156704118198e-01
1.501443924096863469e+01 -1.055721115863922144e+00 4.073889972706458140e-01
1.496924425145602378e+01 -1.052574973827450133e+00 4.067670734092244111e-01
1.492426183508878346e+01 -1.049450391469985089e+00 4.061491731513444114e-01
1.487950815669369753e+01 -1.046345694883148658e+00 4.055405428270347779e-01
1.483480140096469313e+01 -1.043268402207014223e+00 4.049322373321888047e-01
1.479036142897056116e+01 -1.040216660996776676e+00 4.043353175239370323e-01
1.474601082405490260e+01 -1.037184229846141115e+00 4.037400246506784862e-01
1.470184309480541529e+01 -1.034182593406252515e+00 4.031448121425743047e-01
1.465786959248149657e+01 -1.031205327424554730e+00 4.025536493171910091e-01
1.461405040069126393e+01 -1.028257786790462314e+00 4.019653794513904366e-01
1.457042771886449373e+01 -1.025340574317042952e+00 4.013835764855736010e-01
1.452702901446608585e+01 -1.022456670124040734e+00 4.008035993925571638e-01
1.448376653003210635e+01 -1.019601130343099626e+00 4.002211253007584846e-01
1.444076575833078202e+01 -1.016780744146327686e+00 3.996424928034137403e-01
1.439793722128501230e+01 -1.013999735679814718e+00 3.990620277004059413e-01
1.435535712000582720e+01 -1.011256794609026066e+00 3.984850367841701879e-01
1.431294822574177417e+01 -1.008553482334283657e+00 3.979109881634699253e-01
1.427076644142702300e+01 -1.005890179672787488e+00 3.973322652830250656e-01
1.422885048902521810e+01 -1.003267343012957946e+00 3.967527741599889968e-01
1.418718006107244101e+01 -1.000692477894371768e+00 3.961718018378556638e-01
1.414574294074575356e+01 -9.981677171870203535e-01 3.955854080174786569e-01
1.410452280872249808e+01 -9.956916499069645710e-01 3.949991047344315054e-01
1.406358552243393589e+01 -9.932627644923633925e-01 3.944101669507309449e-01
1.402295034893633030e+01 -9.908873330208337604e-01 3.938158670590877208e-01
1.398260700432859949e+01 -9.885670808223578909e-01 3.932179635080119695e-01
1.394253370216385868e+01 -9.863095178978322775e-01 3.926123702227386492e-01
1.390272021693625959e+01 -9.841083512242095876e-01 3.919983373188349884e-01
1.386322252936477817e+01 -9.819665330765523503e-01 3.913772691861531206e-01
1.382401662081512406e+01 -9.798796806194886022e-01 3.907531420559361424e-01
1.378507840082043145e+01 -9.778433305305057610e-01 3.901272017339844633e-01
1.374640934736983944e+01 -9.758637358054252919e-01 3.894981433503121315e-01
1.370795241513344465e+01 -9.739260087818103484e-01 3.888646581920928713e-01
1.366975030664786850e+01 -9.720308446544286829e-01 3.882254335323825911e-01
1.363175989546746258e+01 -9.701867401711443684e-01 3.875854078326255725e-01
1.359403197214041192e+01 -9.683763595753427378e-01 3.869448253819318118e-01
1.355644932469644637e+01 -9.666026762771344760e-01 3.863023603914508830e-01
1.351912756150565365e+01 -9.648672817742625085e-01 3.856635266283743313e-01
1.348194772045348699e+01 -9.631565046779264616e-01 3.850209249275937107e-01
1.344489664246424709e+01 -9.614836647062463548e-01 3.843796713918439800e-01
1.340805086247562095e+01 -9.598279076617459715e-01 3.837316096335844362e-01
1.337140002810918205e+01 -9.581910907662871679e-01 3.830915529754877480e-01
1.333488214787863768e+01 -9.565789980196054421e-01 3.824497735245026564e-01
1.329843785324979422e+01 -9.549846631463397850e-01 3.818123331465841375e-01
1.326220692089398767e+01 -9.534085713163599207e-01 3.811770745410141270e-01
1.322612230352673635e+01 -9.518512413927553428e-01 3.805375659703721380e-01
1.319017556908559463e+01 -9.503120490468301984e-01 3.799049153834825332e-01
1.315433142837175673e+01 -9.487849586574803595e-01 3.792724782084122004e-01
1.311869086413469354e+01 -9.472706226837743770e-01 3.786437305839193690e-01
1.308315043140492939e+01 -9.457679764978852432e-01 3.780145724112356498e-01
1.304775481884299815e+01 -9.442737034192704160e-01 3.773917644323541709e-01
1.301249274693249980e+01 -9.427923202341145226e-01 3.767665187996657727e-01
1.297741062025181868e+01 -9.413167026534684512e-01 3.761463739216510671e-01
1.294239991041011884e+01 -9.398449076097382671e-01 3.755270041730462416e-01
1.290757014927720547e+01 -9.383804780987652361e-01 3.749094935728594091e-01
1.287286667174558019e+01 -9.369194492472728841e-01 3.742932385544232576e-01
1.283825933028021815e+01 -9.354629970496000091e-01 3.736802522795358850e-01
1.280381265465760876e+01 -9.340056871675128658e-01 3.730630796670039162e-01
1.276948633340031947e+01 -9.325469587464942922e-01 3.724482863245409670e-01
1.273532222536103653e+01 -9.310930367813254893e-01 3.718349634979770668e-01
1.270128712767536605e+01 -9.296373673722159170e-01 3.712175613252410300e-01
1.266739032629440764e+01 -9.281775911170052629e-01 3.705987378116957220e-01
1.263366703355126397e+01 -9.267196268210372567e-01 3.699807126837065807e-01
1.260008682857248274e+01 -9.252641096580876967e-01 3.693620061765847118e-01
1.256665425396355751e+01 -9.238047361448724626e-01 3.687368891168289475e-01
1.253337382831539060e+01 -9.223401669855703089e-01 3.681074622401284691e-01
1.250030111991233461e+01 -9.208722149991448447e-01 3.674744795198464642e-01
1.246736160702515939e+01 -9.194080386801549709e-01 3.668356271818928316e-01
1.243461937313405485e+01 -9.179355405306570681e-01 3.661905007411309643e-01
1.240206818300327463e+01 -9.164610715959435883e-01 3.655380550330783462e-01
1.236963213434027331e+01 -9.149849240086065372e-01 3.648779552125697712e-01
1.233747884259979877e+01 -9.135071220868946629e-01 3.642084600710887576e-01
1.230547578350012650e+01 -9.120233377619963999e-01 3.635291319264416510e-01
1.227371059445899171e+01 -9.105404747551411049e-01 3.628387521127202087e-01
1.224221399928279475e+01 -9.090551397999061534e-01 3.621364591202960725e-01
1.221092111053195595e+01 -9.075681197064031647e-01 3.614208342386529549e-01
1.217982623688890875e+01 -9.060813180103075570e-01 3.606917553339241689e-01
1.214907525432215785e+01 -9.045897270498461928e-01 3.599474872444796691e-01
1.211851496144565132e+01 -9.031040348654549854e-01 3.591902489142465571e-01
1.208826133981648177e+01 -9.016138604959814673e-01 3.584208253335707250e-01
1.205816747442678682e+01 -9.001302665336140540e-01 3.576387839072533992e-01
1.202829794858923407e+01 -8.986504831828601159e-01 3.568449856725424696e-01
1.199869264079576858e+01 -8.971839947886987021e-01 3.560414392960549179e-01
1.196921612087785469e+01 -8.957216701116074153e-01 3.552275771934222393e-01
1.193997649975663577e+01 -8.942728707640273944e-01 3.544048079900409265e-01
1.191090588210548340e+01 -8.928346725932213568e-01 3.535738573764017900e-01
1.188203634716937529e+01 -8.914090618870462723e-01 3.527354485566969733e-01
1.185330772565085589e+01 -8.899933199586183008e-01 3.518903022773808287e-01
1.182476411803736482e+01 -8.885928429171491283e-01 3.510389370116822061e-01
1.179638939319621116e+01 -8.872123607879085494e-01 3.501819252809374450e-01
1.176816738665690565e+01 -8.858462054541191844e-01 3.493206275867831723e-01
1.174008191027000514e+01 -8.844977223505799957e-01 3.484546688591088071e-01
1.171214459693423215e+01 -8.831622130892889944e-01 3.475847575258738109e-01
1.168435981871384932e+01 -8.818446175412395505e-01 3.467115994571334237e-01
1.165666296624489817e+01 -8.805396985741260618e-01 3.458352626973323352e-01
1.162907158336827429e+01 -8.792522361860999336e-01 3.449561933048496676e-01
1.160161400542947163e+01 -8.779830050142481968e-01 3.440752650777835209e-01
1.157427412148824608e+01 -8.767217383304887202e-01 3.431923225086233598e-01
1.154703587085673533e+01 -8.754747988819869819e-01 3.423080576055856916e-01
1.151988325345258524e+01 -8.742442070077774963e-01 3.414223278324277078e-01
1.149280033981254334e+01 -8.730241860397051079e-01 3.405350863127541983e-01
1.146581678139806471e+01 -8.718134383383243646e-01 3.396470155962951210e-01
1.143894952677269039e+01 -8.706140694622340748e-01 3.387583202234332735e-01
1.141218291362981674e+01 -8.694182433427828371e-01 3.378693684277745413e-01
1.138550138510550980e+01 -8.682324823097868904e-01 3.369798045124505204e-01
1.135894284904794205e+01 -8.670534411503205696e-01 3.360897604610881273e-01
1.133240620610084726e+01 -8.658725473227321112e-01 3.351993476851428677e-01
1.130600230012902507e+01 -8.646951478098665600e-01 3.343078523241726496e-01
1.127960112740602838e+01 -8.635133836146048347e-01 3.334161047884450224e-01
1.125331445140603215e+01 -8.623314744527694753e-01 3.325237231997085763e-01
1.122711531140362951e+01 -8.611403868424624131e-01 3.316303841098627303e-01
1.120097398879069672e+01 -8.599390273577379729e-01 3.307365811622951512e-01
1.117487594131166695e+01 -8.587293360855962066e-01 3.298409413295685932e-01
1.114887581462112287e+01 -8.575063816385196658e-01 3.289444570489860609e-01
1.112289746421186898e+01 -8.562641638038969161e-01 3.280457202932480221e-01
1.109699252650839263e+01 -8.550040317511987675e-01 3.271451419024198337e-01
1.107115021476332473e+01 -8.537222041179624021e-01 3.262432552352125814e-01
1.104542896983043931e+01 -8.524220883670605708e-01 3.253404391922475325e-01
1.101974460470959549e+01 -8.510953984727099852e-01 3.244337701624924186e-01
1.099408995778072118e+01 -8.497431720351076301e-01 3.235243969253527307e-01
1.096852306785686793e+01 -8.483535097997274566e-01 3.226106893252473906e-01
1.094304086829798983e+01 -8.469289345104491495e-01 3.216925509741399569e-01
1.091767274343397531e+01 -8.454695752364218553e-01 3.207702052318887054e-01
1.089230253453518138e+01 -8.439664314835431114e-01 3.198421274888549881e-01
1.086704448303536985e+01 -8.424254241520050535e-01 3.189081047343387265e-01
1.084188524264248876e+01 -8.408352647000308933e-01 3.179679202852482289e-01
1.081681148178748764e+01 -8.391929787841883037e-01 3.170211510609680094e-01
