# cl_TT                  cl_TE                    cl_EE
3.327631564947318452e+02 9.266793645754644038e-01 8.690229344719463747e-03
3.341830058401731094e+02 1.427638678010865858e+00 2.229285075388558190e-02
3.295312700757770017e+02 1.772398268160725321e+00 3.931326944620684716e-02
3.244485167398151475e+02 1.969444436905834372e+00 5.632657530197791168e-02
3.200743312911267253e+02 2.047890102196129547e+00 7.014412778673322080e-02
3.167808361648979485e+02 2.038262345012387122e+00 7.856631893778731612e-02
3.145481301364529827e+02 1.970047879920773681e+00 8.069334285358112369e-02
3.133623789841951748e+02 1.865248713932590841e+00 7.688653746048704218e-02
3.130049296235812335e+02 1.741935844752279250e+00 6.842574943518019148e-02
3.135372658457623629e+02 1.608593202966641655e+00 5.712797066310013050e-02
3.154198834626196231e+02 1.472609335541511300e+00 4.493519062308540951e-02
3.176222910439789189e+02 1.328956591284987665e+00 3.354426623993830153e-02
3.202582879327746355e+02 1.196112788245601299e+00 2.411519994994845706e-02
3.230914802286218901e+02 1.075369510924364169e+00 1.721994334700566176e-02
3.268547240818360251e+02 9.743716819731118584e-01 1.291379469456927810e-02
3.313689565439324838e+02 8.906229428113681124e-01 1.078863015713983804e-02
3.358583329262331176e+02 8.215279075327476255e-01 1.031082566096933571e-02
3.413470692607680803e+02 7.720197214992240431e-01 1.083436896478332315e-02
3.464089580730420721e+02 7.386387090882282624e-01 1.171795176143543629e-02
3.517064867940377439e+02 7.237428348107536324e-01 1.253190405422275298e-02
3.571933049509671605e+02 7.254535568621747199e-01 1.298042757545205851e-02
3.624674508757867670e+02 7.426542449752221442e-01 1.301928769524233337e-02
3.678548782066500280e+02 7.737811777058359874e-01 1.270534200210956567e-02
3.735243432517618771e+02 8.102633354825032885e-01 1.221734433435520822e-02
3.790093447591086715e+02 8.540264279442242312e-01 1.176742061421232402e-02
3.846685954034347787e+02 9.030336557371922979e-01 1.155465688446260901e-02
3.902949609160879731e+02 9.496427158089916221e-01 1.172510873158003585e-02
3.958983205604620252e+02 9.969897677666597069e-01 1.232447307043252512e-02
4.017560023078852396e+02 1.036237451080112448e+00 1.335326981788201479e-02
4.071930255636040670e+02 1.073862209558858360e+00 1.472253324198199639e-02
4.129349395927931141e+02 1.101449585386799379e+00 1.634697193563350651e-02
4.184842381100772286e+02 1.120093745316502964e+00 1.807804299962903830e-02
4.238855489729115789e+02 1.134054250300919886e+00 1.983552572133366956e-02
4.298117449729908230e+02 1.133769807669614327e+00 2.153849311441218689e-02
4.354134363714561573e+02 1.128596619483399399e+00 2.315149700234324370e-02
4.410797005871748979e+02 1.113451644780734107e+00 2.471244029484872748e-02
4.467797961786234850e+02 1.091563341069244686e+00 2.625186520378221602e-02
4.524622948312104995e+02 1.064238851316950729e+00 2.784489911979590865e-02
4.581393090447030545e+02 1.031283602691939638e+00 2.958043401621511873e-02
4.637988767753091679e+02 9.929059301638972768e-01 3.153372810902960871e-02
4.694441619127607623e+02 9.508589006666239296e-01 3.372498540943295875e-02
4.750691104406922705e+02 9.068825013806801616e-01 3.616047906191199174e-02
4.807048103656948683e+02 8.611122105555507611e-01 3.884432776241490692e-02
4.863972066256139328e+02 8.133789586989532694e-01 4.177782722248214731e-02
4.920983852378503798e+02 7.638566802201618433e-01 4.495579194176824861e-02
4.977935551949473734e+02 7.122341939783313203e-01 4.835884896542660960e-02
5.034632066759718327e+02 6.580604795133861984e-01 5.195720713937296981e-02
5.091026866000369751e+02 6.009588135816833487e-01 5.572033234245168942e-02
5.147741970255201522e+02 5.406913964666322236e-01 5.962883286805085309e-02
5.205421968431083997e+02 4.771561451463166570e-01 6.366992213298594550e-02
5.263538904639617613e+02 4.105917528335401023e-01 6.785277732392014371e-02
5.321364539727002239e+02 3.411121906179881980e-01 7.218872378972190917e-02
5.378690616774583759e+02 2.679722782662409264e-01 7.668982970067177163e-02
5.435457443059108300e+02 1.900572119981540631e-01 8.136964890951529916e-02
5.492779191277601285e+02 1.057224791975550221e-01 8.622995140637394751e-02
5.551711361122387416e+02 1.376956023165902716e-02 9.125211370264818544e-02
5.611883394150337381e+02 -8.620931095562060775e-02 9.641464252237785804e-02
5.672479026165690357e+02 -1.943344143545364111e-01 1.016967875412515127e-01
5.733350539341859076e+02 -3.103100340382830002e-01 1.070703702305127319e-01
5.794604477573934673e+02 -4.337591977418896461e-01 1.125134345658728441e-01
5.856250195366851585e+02 -5.643364923369913466e-01 1.180289140520262153e-01
5.918402741294460156e+02 -7.017192465390226230e-01 1.236267075870859516e-01
5.981028590482353593e+02 -8.455773549640408504e-01 1.293159714869040744e-01
6.044317061905120454e+02 -9.956401339423248675e-01 1.351080908521357371e-01
6.108605303421095414e+02 -1.151762213584474059e+00 1.410069053997296817e-01
6.173781829748990049e+02 -1.313460089477096027e+00 1.470128144807344994e-01
6.239585850292049827e+02 -1.480160150184933743e+00 1.531223862907363231e-01
6.305682283915728021e+02 -1.651318495295478250e+00 1.593344179162681229e-01
6.371884609486077125e+02 -1.826584359816354031e+00 1.656484496911519444e-01
6.438033253044070534e+02 -2.005829456806980993e+00 1.720671626927870734e-01
6.505116419265810919e+02 -2.189644563148045009e+00 1.785961428274172036e-01
6.574074976809265536e+02 -2.378582942929263755e+00 1.852404026225323297e-01
6.644809818909313890e+02 -2.572128178951517352e+00 1.919990124441364465e-01
6.717147549180892838e+02 -2.769429580130326585e+00 1.988703003689942794e-01
6.790512761835312858e+02 -2.969700367462624335e+00 2.058471655598133609e-01
6.863762000270113504e+02 -3.171874561958853533e+00 2.129126751940921825e-01
6.936909752775213747e+02 -3.376042065711470919e+00 2.200452104257804298e-01
7.010564771023861113e+02 -3.582589919729298522e+00 2.272238959002196301e-01
7.085112951999265078e+02 -3.792053737725836537e+00 2.344278569481248742e-01
7.160935692569757975e+02 -4.004762600368658276e+00 2.416393167373040440e-01
7.238173550245386423e+02 -4.220962272465301979e+00 2.488543733423632387e-01
7.316591165933039065e+02 -4.441063404967398931e+00 2.560707370647359871e-01
7.396176028904648092e+02 -4.665179523873820955e+00 2.632868618459257015e-01
7.476841343332064298e+02 -4.893795582644770548e+00 2.705004596282571394e-01
7.558545310392628380e+02 -5.126850528788541084e+00 2.777108712497196041e-01
7.640980421964007974e+02 -5.363807774911205861e+00 2.849120652001597698e-01
7.723958451530075990e+02 -5.603956147079818706e+00 2.920981532598063701e-01
7.807588307174875126e+02 -5.846658768614305224e+00 2.992632481740959416e-01
7.891904614597400496e+02 -6.091427344600793603e+00 3.063970066770560496e-01
7.977013844090776047e+02 -6.337626214599021424e+00 3.134929341317083118e-01
8.062938422417453239e+02 -6.585218745773285143e+00 3.205428421492962365e-01
8.149846905395008889e+02 -6.833946658397407781e+00 3.275386768620693334e-01
8.237685001360898696e+02 -7.083848825790952652e+00 3.344746140393592970e-01
8.326621272597545840e+02 -7.334667007419947815e+00 3.413418592749331015e-01
8.416601434694409818e+02 -7.586217267547401555e+00 3.481331050304658503e-01
8.507645490899559491e+02 -7.838315692883850438e+00 3.548403021605919805e-01
8.599847732423606885e+02 -8.090778393752611208e+00 3.614546599444136699e-01
8.693005321191843677e+02 -8.343347221761776566e+00 3.679688746198196969e-01
8.787286841590611175e+02 -8.595764054487005978e+00 3.743778722464374820e-01
8.882638032629533882e+02 -8.847770796653911418e+00 3.806736088868828971e-01
8.979078922091558752e+02 -9.099332231826064543e+00 3.868406136209048274e-01
9.076480976123162918e+02 -9.349893188554222689e+00 3.928857019687447272e-01
9.174864233300002070e+02 -9.599344227072364788e+00 3.987859774590573614e-01
9.274174454133692507e+02 -9.847353088923101794e+00 4.045408300975950611e-01
9.374357404548386512e+02 -1.009351326509008295e+01 4.101422229803733388e-01
9.475358855815982224e+02 -1.033764113110969340e+01 4.155895490046740970e-01
9.577050300951971167e+02 -1.057940453062925457e+01 4.208673458253974764e-01
9.679526088589108213e+02 -1.081839705994384815e+01 4.259750092592440307e-01
9.782657721793813153e+02 -1.105443520299889038e+01 4.308970798827990167e-01
9.886394344035056747e+02 -1.128726643739127589e+01 4.356329586767247464e-01
9.990772795430183351e+02 -1.151643638545452042e+01 4.401820570608270256e-01
1.009575898902345330e+03 -1.174186736591596869e+01 4.445289334332071518e-01
1.020131884186610591e+03 -1.196318460407987772e+01 4.486655759520353226e-01
1.030741827473526428e+03 -1.218016193354567633e+01 4.525988308607172272e-01
1.041409749534401953e+03 -1.239257322983304910e+01 4.563206890560912998e-01
1.052132243103671044e+03 -1.260011812743183590e+01 4.598157144016670195e-01
1.062898472848616166e+03 -1.280249630377493197e+01 4.630907570866673040e-01
1.073712460389942180e+03 -1.299955604662764586e+01 4.661378118262478054e-01
1.084570799221380412e+03 -1.319099712037246341e+01 4.689563028579255000e-01
1.095470083031228114e+03 -1.337651933321597753e+01 4.715382271806011771e-01
1.106399477324740701e+03 -1.355597110430017160e+01 4.738830111885357632e-01
1.117363004449253594e+03 -1.372905232970080114e+01 4.759900822484329219e-01
1.128357258519921970e+03 -1.389546294934097226e+01 4.778514402702680464e-01
1.139371405398688466e+03 -1.405505151380362783e+01 4.794739426733595766e-01
1.150409467726799448e+03 -1.420759233352964124e+01 4.808495908945871200e-01
1.161460611508699913e+03 -1.435278547842125008e+01 4.819852436927477002e-01
1.172521431151057186e+03 -1.449047962785110677e+01 4.828729036453347501e-01
1.183595949454691890e+03 -1.462044921955534704e+01 4.835194304419518918e-01
1.194673332559602841e+03 -1.474239444893446738e+01 4.839168273703764456e-01
1.205743159857215687e+03 -1.485616569252135832e+01 4.840715513666254410e-01
1.216818948680908761e+03 -1.496154537785355387e+01 4.839884464930563901e-01
1.227884916226704945e+03 -1.505839182822235323e+01 4.836570968096238210e-01
1.238947564805637057e+03 -1.514641483733513461e+01 4.830967995771198176e-01
1.249998540109400210e+03 -1.522562136917283659e+01 4.822897099699474666e-01
1.261044344632549382e+03 -1.529564700522965559e+01 4.812476960902072887e-01
1.272076624296936416e+03 -1.535635021121983179e+01 4.799677687249922498e-01
1.283094453532023863e+03 -1.540766376868933030e+01 4.784617946034702696e-01
1.294089478607910905e+03 -1.544944620656293566e+01 4.767267828500380000e-01
1.305075631073648765e+03 -1.548155608314023723e+01 4.747671698877297675e-01
1.316037129346336769e+03 -1.550392626803905927e+01 4.726022476392578442e-01
1.326973048856759078e+03 -1.551634109008277385e+01 4.702215932757919936e-01
1.337889893746232474e+03 -1.551880775316792160e+01 4.676370675194173043e-01
1.348771883515358240e+03 -1.551118491707388358e+01 4.648605294413986622e-01
1.359625523177528294e+03 -1.549325697926110657e+01 4.618889796130083991e-01
1.370427604861090686e+03 -1.546510549065959061e+01 4.587417017082270343e-01
1.381177206316467618e+03 -1.542644060240934145e+01 4.554305489555739994e-01
1.391865977571574376e+03 -1.537726961563904737e+01 4.519599439930848117e-01
1.402485569339072981e+03 -1.531745127870697587e+01 4.483417354258256160e-01
1.413027633073519610e+03 -1.524684435246755498e+01 4.445877693353715299e-01
1.423476084049964129e+03 -1.516543013496205461e+01 4.407087633187133924e-01
1.433843317287348782e+03 -1.507308577094146607e+01 4.367109288836521497e-01
1.444119135035341287e+03 -1.496966237194080485e+01 4.326067771393838912e-01
1.454308197206516070e+03 -1.485515962221033348e+01 4.284088161429522312e-01
1.464407736376391767e+03 -1.472935435957282202e+01 4.241146940764969897e-01
1.474429842882321736e+03 -1.459224627484307035e+01 4.197443408805476839e-01
1.484356894767061249e+03 -1.444368649275760497e+01 4.152953980390889366e-01
1.494200984622355463e+03 -1.428360042096501203e+01 4.107952169224454164e-01
1.503951921174909558e+03 -1.411191346504863908e+01 4.062414318817083037e-01
1.513606942720886309e+03 -1.392862531059834730e+01 4.016539586014483687e-01
1.523148432104106860e+03 -1.373358707131695766e+01 3.970452806049489802e-01
1.532573630141155263e+03 -1.352687270519176366e+01 3.924278775157195587e-01
1.541879778939881817e+03 -1.330825902868053667e+01 3.878290816741838398e-01
1.551049265212586761e+03 -1.307789426698107782e+01 3.832465079573559863e-01
1.560086762035455649e+03 -1.283562950129773128e+01 3.787000521567671640e-01
1.568982087099857154e+03 -1.258153865218747747e+01 3.742096058587573992e-01
1.577732487759908281e+03 -1.231562134441540302e+01 3.697950563799996537e-01
1.586335212673264778e+03 -1.203810003986366439e+01 3.654762867077884225e-01
1.594787511786364576e+03 -1.174897433544507663e+01 3.612731754444982735e-01
1.603086636313937561e+03 -1.144831809606695217e+01 3.571981684060940299e-01
1.611222410362597202e+03 -1.113620517010299515e+01 3.532785636253781281e-01
1.619206944300143959e+03 -1.081278367188546952e+01 3.495342262576791037e-01
1.627022636266759491e+03 -1.047812741369969736e+01 3.459850168906350998e-01
1.634666742234300500e+03 -1.013238447179264590e+01 3.426507915072177779e-01
1.642143947608938788e+03 -9.775851468876950889e+00 3.395662581520330070e-01
1.649444233539712968e+03 -9.408584806424812541e+00 3.367425609997809488e-01
1.656565616146343245e+03 -9.030645750095915858e+00 3.342080279813436916e-01
1.663498835525734876e+03 -8.642152476256683258e+00 3.319748514516138171e-01
1.670249489328234404e+03 -8.243148853093318351e+00 3.300552190137428510e-01
1.676815747640281188e+03 -7.833827290017296718e+00 3.284761701957432667e-01
1.683188352915116411e+03 -7.414380169518878461e+00 3.272573113776728881e-01
1.689372904951999999e+03 -6.984925562478199623e+00 3.264182441207341689e-01
1.695367575772167356e+03 -6.545655793933179645e+00 3.259711367968833873e-01
1.701163109544246026e+03 -6.096837441786757239e+00 3.259430096201704763e-01
1.706765107559621811e+03 -5.638439917941187929e+00 3.263608779277143435e-01
1.712164314755746773e+03 -5.170878301905126762e+00 3.272368954607681180e-01
1.717366333041639109e+03 -4.694270504282365586e+00 3.285913822329865064e-01
1.722369336172284420e+03 -4.208957249731525074e+00 3.304543101829745533e-01
1.727164069674936400e+03 -3.715130657821829718e+00 3.328467322817805218e-01
1.731756135827777371e+03 -3.213131375335610329e+00 3.357926678767412798e-01
1.736143708539108729e+03 -2.703300007478935729e+00 3.393139028301173088e-01
1.740317533279767758e+03 -2.185754265512616978e+00 3.434351893489392404e-01
1.744275783718911271e+03 -1.660834665829020507e+00 3.481797889598077234e-01
1.748031490012790073e+03 -1.129030244435925479e+00 3.535731866701995463e-01
1.751575396995581741e+03 -5.906071373569669047e-01 3.596408624505732510e-01
1.754913105876613145e+03 -4.605427948916492736e-02 3.664082912227706879e-01
1.758050217489982515e+03 5.042880151338799966e-01 3.739024285204244347e-01
1.760992332249034234e+03 1.060005205121042460e+00 3.821487391408739942e-01
1.763722765054672209e+03 1.620757091072114964e+00 3.911726828098612274e-01
1.766261972061111692e+03 2.185980683962115645e+00 4.009997141787568498e-01
1.768599919282269866e+03 2.755468167166278626e+00 4.116555530179201727e-01
1.770730895686660915e+03 3.328872272619949335e+00 4.231558522737866035e-01
1.772633556754759184e+03 3.906275193138484703e+00 4.355157871891516819e-01
1.774316270773599854e+03 4.487462058347350791e+00 4.487497851234329427e-01
1.775750263672482106e+03 5.072292354726185337e+00 4.628730112409041308e-01
1.776943902518078630e+03 5.660699928139990789e+00 4.778991400295600211e-01
1.777883268709545973e+03 6.252611274506774564e+00 4.938440695063783803e-01
1.778561871380943330e+03 6.847730120138943555e+00 5.107222070793270285e-01
1.779010360807705638e+03 7.445827129868699323e+00 5.285472124268811855e-01
1.779214816563161776e+03 8.046650769266294745e+00 5.473349688905210231e-01
1.779183602683527397e+03 8.649958506076169229e+00 5.671006121957665735e-01
1.778932510983292786e+03 9.255494527463415722e+00 5.878570448522216774e-01
1.778462476023136105e+03 9.863012027282071159e+00 6.096201360784790912e-01
1.777781860181711636e+03 1.047225835150073436e+01 6.324050077170824125e-01
1.776891596978169218e+03 1.108295271517493674e+01 6.562193488197279878e-01
1.775777762746467715e+03 1.169480700373659232e+01 6.810864436447251480e-01
1.774441290062023882e+03 1.230751091807684716e+01 7.070139727093598392e-01
1.772883111067535765e+03 1.292086568649780709e+01 7.340096124605089978e-01
1.771096729149228850e+03 1.353449436055377042e+01 7.620958921225901017e-01
1.769075647313360150e+03 1.414818352050766315e+01 7.912804804568088768e-01
1.766828224912244877e+03 1.476149700229801986e+01 8.215710426346406470e-01
1.764340535917385978e+03 1.537429588306301653e+01 8.529900971244782637e-01
1.761620939043758653e+03 1.598606993044342950e+01 8.855378741398562958e-01
1.758677792719834088e+03 1.659660615474272305e+01 9.192294576034589770e-01
1.755512026755701754e+03 1.720539454135070301e+01 9.540650719724588225e-01
1.752117142358659066e+03 1.781222231900814634e+01 9.900672242295216474e-01
1.748501497196417176e+03 1.841665397533077098e+01 1.027243562384775544e+00
1.744666020355376531e+03 1.901832839065421510e+01 1.065594304092374101e+00
1.740619069046399318e+03 1.961688455415800902e+01 1.105134521980942086e+00
1.736354143555359087e+03 2.021196156328207394e+01 1.145871858895225914e+00
1.731879600641255365e+03 2.080312433943083050e+01 1.187799099850749718e+00
1.727203796828446684e+03 2.139001219397543707e+01 1.230931314102348129e+00
1.722320231694395034e+03 2.197219026003882902e+01 1.275276142072171659e+00
1.717229832904082286e+03 2.254922377458364124e+01 1.320833795689973833e+00
1.711948384539282188e+03 2.312082664380193009e+01 1.367611915444773008e+00
1.706461956971472546e+03 2.368649002379165935e+01 1.415618142395954626e+00
1.700793761983906052e+03 2.424577945256533340e+01 1.464837833493503938e+00
1.694937297584682710e+03 2.479833484786515996e+01 1.515278632059260389e+00
1.688900918069224190e+03 2.534372193779705640e+01 1.566933326423900930e+00
1.682685548926305046e+03 2.588135797479918310e+01 1.619816992073624728e+00
1.676292115141115119e+03 2.641103171747146661e+01 1.673922421950888362e+00
1.669736397844863177e+03 2.693216059271325591e+01 1.729242411913150868e+00
1.663019320859456457e+03 2.744431067726405615e+01 1.785777189496324802e+00
1.656141807340601417e+03 2.794719669459834321e+01 1.843519557631354111e+00
1.649119636418152595e+03 2.844031059419020835e+01 1.902469751765178296e+00
1.641961158082903012e+03 2.892329296569700503e+01 1.962605726882516777e+00
1.634659864771915636e+03 2.939571018502873656e+01 2.023935156381940104e+00
1.627238961404144675e+03 2.985705441084219203e+01 2.086450862399176653e+00
1.619691938511517492e+03 3.030704071497496344e+01 2.150130816231547115e+00
1.612034570623208992e+03 3.074516137779567160e+01 2.214982708862721417e+00
1.604259333688889683e+03 3.117086514941665953e+01 2.280971524348229362e+00
1.596369509539754290e+03 3.158394647365478392e+01 2.348106821487145002e+00
1.588359937994621987e+03 3.198408197311242063e+01 2.416377738033556266e+00
1.580240314253556107e+03 3.237087403103915761e+01 2.485788276390493934e+00
1.571990618733404744e+03 3.274414792158851384e+01 2.556320162262974538e+00
1.563620543809194487e+03 3.310358038856085017e+01 2.627977415157451091e+00
1.555132352005092116e+03 3.344907105918967005e+01 2.700749207021614140e+00
1.546535732640366632e+03 3.378007388892060447e+01 2.774617290978284245e+00
1.537832945078033617e+03 3.409752852881348417e+01 2.849585715101530692e+00
1.529041103728812232e+03 3.439970044578329578e+01 2.925636252681809157e+00
1.520155036257527627e+03 3.468782646522132040e+01 3.002758115983972687e+00
1.511191853647025482e+03 3.496091492230795694e+01 3.080940528244346499e+00
1.502153808414415380e+03 3.521945983368705413e+01 3.160172724007768608e+00
1.493043151284395435e+03 3.546246955398129330e+01 3.240436521103505552e+00
1.483854702817382531e+03 3.569118094760205651e+01 3.321706320960754244e+00
1.474590710094129008e+03 3.590385954033104099e+01 3.403963965612958997e+00
1.465260846705725271e+03 3.610025652630053372e+01 3.487183881289892096e+00
1.455859927698813863e+03 3.628160876489765485e+01 3.571347935398898610e+00
1.446382766278073632e+03 3.644618176759271222e+01 3.656438008443525511e+00
1.436831602164500737e+03 3.659521237519027892e+01 3.742421137579979629e+00
1.427223529959645930e+03 3.672696607475110397e+01 3.829279230263219258e+00
1.417545929064025131e+03 3.684267967698227864e+01 3.916986779429088905e+00
1.407823318855041407e+03 3.694136146831672107e+01 4.005496007015049820e+00
1.398043075215754925e+03 3.702424821837812630e+01 4.094796290971495445e+00
1.388214857373539644e+03 3.708960533217612010e+01 4.184847310307016954e+00
1.378355751241372445e+03 3.713866952772620778e+01 4.275623615376058950e+00
1.368460556063456352e+03 3.717044898833832889e+01 4.367092343002775934e+00
1.358531497867370945e+03 3.718469470021751277e+01 4.459220644994873695e+00
1.348578229519365550e+03 3.718264328501966531e+01 4.551960831595686763e+00
1.338610402433181662e+03 3.716330282227988846e+01 4.645272656676890932e+00
1.328622809931992151e+03 3.712716702210621378e+01 4.739130746220383550e+00
1.318625100714748442e+03 3.707398671768070386e+01 4.833480028338025036e+00
1.308626922223520523e+03 3.700351269786008856e+01 4.928287731835002461e+00
1.298623064012833083e+03 3.691549570474344932e+01 5.023513672911023242e+00
1.288623171222041265e+03 3.681042926624884615e+01 5.119110255251872132e+00
1.278629459596995048e+03 3.668880685861659430e+01 5.215037326814935703e+00
1.268659000613789203e+03 3.655037906888179577e+01 5.311232466501898841e+00
1.258706579800574900e+03 3.639415359233415614e+01 5.407662982676866292e+00
1.248774410211241502e+03 3.622210940505865295e+01 5.504273914772314313e+00
1.238879560847483162e+03 3.603251124607581346e+01 5.601017746739542780e+00
1.229024243328319699e+03 3.582659512987610384e+01 5.697861835440574119e+00
1.219203240309103876e+03 3.560411133351880153e+01 5.794662128727193995e+00
1.209426190598901258e+03 3.536555289889079035e+01 5.891482584527696353e+00
1.199702732524056728e+03 3.510992712474688915e+01 5.988238610052610156e+00
1.190027647288891558e+03 3.483846973887922616e+01 6.084771345307649071e+00
1.180410572434655478e+03 3.455093071996352450e+01 6.181144797106066235e+00
1.170846288492986105e+03 3.424631712948119144e+01 6.277200138048402600e+00
1.161351860787843179e+03 3.392586444864261352e+01 6.372927124021805945e+00
1.151929497730968706e+03 3.359006523503668973e+01 6.468241243671188023e+00
1.142581407564931624e+03 3.323866911930880264e+01 6.563058001872421166e+00
1.133316860567719004e+03 3.287211243717966624e+01 6.657448667852410296e+00
1.124143662184595769e+03 3.249060728704365175e+01 6.751216117587177656e+00
1.115061823259083667e+03 3.209430963037068096e+01 6.844467558306752686e+00
1.106078782942424823e+03 3.168337532277249835e+01 6.937161646262243409e+00
1.097201980363976190e+03 3.125721727535422545e+01 7.029257053656171372e+00
1.088423997947053067e+03 3.081599112109821093e+01 7.120786752060426217e+00
1.079759703172347827e+03 3.035985237613806476e+01 7.211635161813612527e+00
1.071209106834840895e+03 2.988895643603144237e+01 7.301835285924889618e+00
1.062772219748663247e+03 2.940345857201575797e+01 7.391345859448771982e+00
1.054441624397640226e+03 2.890351392725683510e+01 7.480051349355608892e+00
1.046239616684076282e+03 2.838779184305068171e+01 7.568059088399388123e+00
1.038151350771053103e+03 2.785793286523966117e+01 7.655253573947659262e+00
1.030191694226610934e+03 2.731334889532933374e+01 7.741667885325139054e+00
1.022360657911922090e+03 2.675419452691762601e+01 7.827186549620879674e+00
1.014650824319336721e+03 2.618062420704842097e+01 7.911768391998013072e+00
1.007077060959729465e+03 2.559279223265189529e+01 7.995520818983329114e+00
9.996393785965474308e+02 2.499159558208365439e+01 8.078254117223478303e+00
9.923452162812675397e+02 2.437644540665034043e+01 8.160001437757484766e+00
9.851871562871950800e+02 2.374749553238380528e+01 8.240721661744467852e+00
9.781652091450526996e+02 2.310564245685112894e+01 8.320447967189487315e+00
9.713016703290585383e+02 2.245103967603714779e+01 8.399064978138651938e+00
9.645742650914330625e+02 2.178309768141175695e+01 8.476531614871007037e+00
9.580052886537705490e+02 2.110271246221751795e+01 8.552806810061900578e+00
9.515798943446895919e+02 2.041077983278866625e+01 8.627849508429466852e+00
9.453129487449294857e+02 1.970670976003709285e+01 8.701692949864428428e+00
9.391970332312572509e+02 1.899139770126452831e+01 8.774296102032492328e+00
9.332395857265601080e+02 1.826425326196002175e+01 8.845543659961959904e+00
9.274406156514507984e+02 1.752617153399148719e+01 8.915394612616124093e+00
9.218001322806859434e+02 1.677879025887310505e+01 8.983882242440248689e+00
9.163255731036637144e+02 1.602077565114101176e+01 9.050891274381003271e+00
9.110095187882443497e+02 1.525302224224270375e+01 9.116455009402621101e+00
9.058594066008256505e+02 1.447568153937041835e+01 9.180532473465577326e+00
9.008678170290876324e+02 1.369039052969253412e+01 9.243008416992230636e+00
8.960421872115136921e+02 1.289655750461097128e+01 9.303916164820019929e+00
8.913899542702635017e+02 1.209507623449723823e+01 9.363140481617248767e+00
8.869036986489243191e+02 1.128609746345791542e+01 9.420714705299250369e+00
8.825834292063718749e+02 1.047125741448057568e+01 9.476597895907847402e+00
8.784291549144319333e+02 9.649963614608973117e+00 9.530749118481915971e+00
8.744483132607397238e+02 8.823851905621340919e+00 9.583127442407148422e+00
8.706409136053974862e+02 7.993072269659807993e+00 9.633766224250434718e+00
8.669995372424886000e+02 7.157774500256930850e+00 9.682475973064397223e+00
8.635241941662276304e+02 6.318108203531231482e+00 9.729290050700534209e+00
8.602148947902213649e+02 5.475708469646519028e+00 9.774167537081101642e+00
8.570642216702799487e+02 4.629981699304609677e+00 9.816993229466106641e+00
8.540721862812048357e+02 3.781819780690474975e+00 9.857800492213302235e+00
8.512388007456681862e+02 2.931371586412959473e+00 9.896474122007163032e+00
8.485566495655433528e+02 2.079528645759035399e+00 9.933047481095043096e+00
8.460257464060077837e+02 1.226439477028436809e+00 9.967331078989404958e+00
8.436535341807260693e+02 3.744809301914225896e-01 9.999506839691393978e+00
8.414326000873965086e+02 -4.769416555648350875e-01 1.002945954936239659e+01
8.393710302415688602e+02 -1.326292111020302977e+00 1.005722648589340373e+01
8.374720481506203669e+02 -2.173167295707192803e+00 1.008278635568259141e+01
8.357320913628489052e+02 -3.018004573039646754e+00 1.010612178820084672e+01
8.341550271079872800e+02 -3.859012959687344146e+00 1.012728968929013007e+01
8.327521523817628122e+02 -4.697372967340554872e+00 1.014619838981653466e+01
8.315124806276274967e+02 -5.532779589039306778e+00 1.016290477883732635e+01
8.304398835684427240e+02 -6.364927965600149840e+00 1.017739145224814834e+01
8.295382345836393370e+02 -7.193513381899059311e+00 1.018964099543912383e+01
8.288039804334175642e+02 -8.018974098093435643e+00 1.019956169894537723e+01
8.282335696798052140e+02 -8.840262840665694455e+00 1.020721040810886748e+01
8.278308811036785073e+02 -9.658858107606208776e+00 1.021256967172683972e+01
8.275923670666222733e+02 -1.047334146871427940e+01 1.021562202471349146e+01
8.275293386192885237e+02 -1.128355743766363162e+01 1.021634998726301191e+01
8.276233954524476530e+02 -1.208927636483067758e+01 1.021481034752023476e+01
8.278932810964658984e+02 -1.289012014961792296e+01 1.021098559374977377e+01
8.283280278107198455e+02 -1.368571080324208289e+01 1.020485819701955776e+01
8.289315267210187130e+02 -1.447581901148299721e+01 1.019648489389231649e+01
8.297002427988754789e+02 -1.525999271287929027e+01 1.018577383511580337e+01
8.306306432357794165e+02 -1.603792851191541757e+01 1.017293028584505699e+01
8.317340541616520113e+02 -1.680939739116198339e+01 1.015771378983526141e+01
8.329920905552273780e+02 -1.757394757287802278e+01 1.014040385420311097e+01
8.344160830518715102e+02 -1.833135021560811140e+01 1.012075997963286866e+01
8.359950794916755967e+02 -1.908122799222160282e+01 1.009898734516231578e+01
8.377329866646758774e+02 -1.982320365243852578e+01 1.007506825592728994e+01
8.396188568981089020e+02 -2.055712286882529582e+01 1.004898499294989556e+01
8.416566014401536222e+02 -2.128253424773126667e+01 1.002071981243409127e+01
8.438501337368842314e+02 -2.199920930922365514e+01 9.990329228578426424e+00
8.461810843539681173e+02 -2.270684534845538849e+01 9.957795445897302145e+00
8.486607993961481498e+02 -2.340506543100028836e+01 9.923100642065412202e+00
8.512857703691121287e+02 -2.409356695514708946e+01 9.886301250778934957e+00
8.540450624891030884e+02 -2.477212164713827391e+01 9.847453677628411839e+00
8.569425996894087803e+02 -2.544035270584738484e+01 9.806391448984070891e+00
8.599748795221541968e+02 -2.609788336491057237e+01 9.763393762928485486e+00
8.631309731080583560e+02 -2.674426260428791124e+01 9.718368370157358882e+00
8.664073817843634515e+02 -2.737918799576812035e+01 9.671371557943279740e+00
8.698080370503789709e+02 -2.800213428038208718e+01 9.622533866097899846e+00
8.733294438111092859e+02 -2.861279906426861430e+01 9.571837235947768363e+00
8.769532519701683668e+02 -2.921073139593376311e+01 9.519412143846444962e+00
8.806833981236964064e+02 -2.979555461144737549e+01 9.465240466685591159e+00
8.845163921019823192e+02 -3.036689204554340904e+01 9.409378331942711782e+00
8.884487452627356561e+02 -3.092436702613391120e+01 9.351881833738174166e+00
8.924621137344379349e+02 -3.146760286873125523e+01 9.292732748911674889e+00
8.965678684629423287e+02 -3.199629715427952803e+01 9.232061387128196017e+00
9.007476683562071003e+02 -3.251014743988567801e+01 9.169849456486076633e+00
9.049980303345404309e+02 -3.300870268595245705e+01 9.106078630160007847e+00
9.093154725811897379e+02 -3.349166781258040970e+01 9.040953396566145273e+00
9.136890861458464315e+02 -3.395868084300650480e+01 8.974381074522364443e+00
9.181228199520854787e+02 -3.440943175105970653e+01 8.906491797463413462e+00
9.226057673562418131e+02 -3.484357331471700547e+01 8.837267095646355486e+00
9.271344511614241810e+02 -3.526077756523432782e+01 8.766911313401141825e+00
9.317064877815698765e+02 -3.566075765151791899e+01 8.695324088838004783e+00
9.363164365041465089e+02 -3.604335573104198431e+01 8.622597731543006461e+00
9.409673785224883886e+02 -3.640847735090445525e+01 8.548816978471025507e+00
9.456623960161610967e+02 -3.675598043018573691e+01 8.473917962294610362e+00
9.503897154323777841e+02 -3.708576736477738223e+01 8.397911061752740380e+00
9.551524208726965526e+02 -3.739780730566005928e+01 8.320955185015444400e+00
9.599535973819158698e+02 -3.769186873147161521e+01 8.242986352054700205e+00
9.647889025907998075e+02 -3.796786857410402405e+01 8.163940545056739495e+00
9.696465667124718948e+02 -3.822572364480108575e+01 8.084050842358353250e+00
9.745445342932761150e+02 -3.846527634373580895e+01 8.003253150374902702e+00
9.794561807128767441e+02 -3.868666607059012819e+01 7.921557621082993883e+00
9.843994523925712201e+02 -3.888973494960050914e+01 7.839048652012600371e+00
9.893700116507746998e+02 -3.907462209065295156e+01 7.755736319256917533e+00
9.943635217635915069e+02 -3.924124359786145533e+01 7.671704944514615043e+00
9.993682186261240759e+02 -3.938966398020952653e+01 7.587038811647770942e+00
1.004402052516642357e+03 -3.951994757771904432e+01 7.501673599760404265e+00
1.009445832958219285e+03 -3.963193570417400480e+01 7.415767800818069411e+00
1.014510083885421864e+03 -3.972576662493892741e+01 7.329331302266192338e+00
1.019583045207137388e+03 -3.980135556582427370e+01 7.242373954190036045e+00
1.024675242922356119e+03 -3.985876612407634667e+01 7.154905569494039774e+00
1.029774919032224489e+03 -3.989798741145381200e+01 7.067084491110827926e+00
1.034877744953440015e+03 -3.991893404793037092e+01 6.978846174717745043e+00
1.039994249879308427e+03 -3.992166900603546509e+01 6.890200323001213434e+00
1.045112679037286171e+03 -3.990625503782440120e+01 6.801305169439051390e+00
1.050228707096361177e+03 -3.987275466900645426e+01 6.712170344596493976e+00
1.055345438170613079e+03 -3.982152732724662059e+01 6.622879726965563485e+00
1.060443692418593173e+03 -3.975270935211354839e+01 6.533591443323779835e+00
1.065541432842162521e+03 -3.966651112373827459e+01 6.444389302114438500e+00
1.070612053426710190e+03 -3.956321705765510188e+01 6.355282793859103663e+00
1.075658662632465621e+03 -3.944288846583305030e+01 6.266355658602324574e+00
1.080684369977875349e+03 -3.930588353644267841e+01 6.177840169881529064e+00
1.085677429318819122e+03 -3.915241162830537291e+01 6.089671434207127199e+00
1.090648380574719113e+03 -3.898253326657859219e+01 6.001933092600801878e+00
1.095578051246630366e+03 -3.879660583968239251e+01 5.914783037644465225e+00
1.100476983183949187e+03 -3.859468932742166913e+01 5.828156280050081683e+00
1.105340862442405751e+03 -3.837706628188036007e+01 5.742210650283186446e+00
1.110165375938811394e+03 -3.814394469002566979e+01 5.656955381687575724e+00
1.114946211400060747e+03 -3.789553225406405801e+01 5.572548245161231151e+00
1.119686485657191270e+03 -3.763203638853556043e+01 5.488998415841336076e+00
1.124374459533339859e+03 -3.735388706815702875e+01 5.406389324335535207e+00
1.129005822828228247e+03 -3.706136540788615008e+01 5.324878657474872767e+00
1.133568837546600889e+03 -3.675482651124579547e+01 5.244475508587986390e+00
1.138066622873324604e+03 -3.643447661787153891e+01 5.165337512322016877e+00
1.142487441692405582e+03 -3.610074451931555473e+01 5.087547994974523036e+00
1.146826985553705299e+03 -3.575398442356084416e+01 5.011115975361959407e+00
1.151080946234924113e+03 -3.539455023727784777e+01 4.936273299726560815e+00
1.155245015650456025e+03 -3.502309269881410358e+01 4.863028941646664549e+00
1.159329742457740167e+03 -3.464003939287750455e+01 4.791540420502787612e+00
1.163323390209267018e+03 -3.424589188396342365e+01 4.721890951951617232e+00
1.167221650654659925e+03 -3.384122571598275186e+01 4.654089448935102347e+00
1.171028177253844888e+03 -3.342646294352155678e+01 4.588353874109468933e+00
1.174748757566336053e+03 -3.300163542716769882e+01 4.524624192041552639e+00
1.178367427256325527e+03 -3.256677010544990480e+01 4.462975135663136861e+00
1.181890506477335521e+03 -3.212181932981706467e+01 4.403407139496662737e+00
1.185309458018100713e+03 -3.166680943224034550e+01 4.345920624299203006e+00
1.188623172251090864e+03 -3.120169215898146575e+01 4.290515998228748629e+00
1.191830538681157350e+03 -3.072649323854099279e+01 4.237193658035159238e+00
1.194923017495768363e+03 -3.024108953225869456e+01 4.186028273777151476e+00
1.197892067817791030e+03 -2.974572902009774467e+01 4.137020223055105639e+00
1.200758861011517183e+03 -2.924065938455291302e+01 4.090169875773701058e+00
1.203499997088096961e+03 -2.872531089369241997e+01 4.045477595423745854e+00
1.206144073170042020e+03 -2.820208486149938309e+01 4.003092307389961135e+00
1.208667686502663855e+03 -2.766966813450094520e+01 3.963014366263753363e+00
1.211099431276551968e+03 -2.712897577395919058e+01 3.925244124190292450e+00
1.213415901647402507e+03 -2.658017971789547929e+01 3.889856215731340328e+00
1.215638260217234802e+03 -2.602419445339558735e+01 3.856850992238025189e+00
1.217757954464735349e+03 -2.546044851391880215e+01 3.826303090250079197e+00
1.219766430084197054e+03 -2.488985582190895229e+01 3.798212865900352231e+00
1.221669987629216848e+03 -2.431258718635680083e+01 3.772580679841424534e+00
1.223460069060285832e+03 -2.372881314058799163e+01 3.749406898682885014e+00
1.225128114399357628e+03 -2.313796111012701573e+01 3.728766179943455938e+00
1.226680418389946681e+03 -2.254168675581246717e+01 3.710733190009183780e+00
1.228108417061256660e+03 -2.193867413176531045e+01 3.695234038599167103e+00
1.229418401099806260e+03 -2.133132120388625808e+01 3.682269130752536590e+00
1.230609230774728530e+03 -2.071831150301006375e+01 3.671987451818021775e+00
1.231687192619618372e+03 -2.010055680864414995e+01 3.664389434937520118e+00
1.232643714368283554e+03 -1.947896864756954116e+01 3.659401246047205625e+00
1.233492506697450153e+03 -1.885371546263311160e+01 3.657171919390151960e+00
1.234239849821942471e+03 -1.822600542076928321e+01 3.657701941509027499e+00
1.234869736794836854e+03 -1.759541221102112729e+01 3.661066103260218085e+00
1.235403300314285616e+03 -1.696284638890455554e+01 3.667116367310476743e+00
1.235817100879452028e+03 -1.632877257677081317e+01 3.676076137662389609e+00
1.236124838655457097e+03 -1.569372945290882093e+01 3.687871709634813477e+00
1.236317926686721648e+03 -1.505825547279542675e+01 3.702577972376979165e+00
1.236387775965825767e+03 -1.442281459051764259e+01 3.720195559854922784e+00
1.236348080504727022e+03 -1.378801911438223016e+01 3.740725135841506788e+00
1.236190247255688973e+03 -1.315433257818942536e+01 3.764167395396205595e+00
1.235913109536239062e+03 -1.252244116421519315e+01 3.790671633340787938e+00
1.235530355404496049e+03 -1.189303085836423257e+01 3.820090044704654186e+00
1.235033385933686986e+03 -1.126671317252207238e+01 3.852571994193547678e+00
1.234428456989438928e+03 -1.064424800111518543e+01 3.888118316610373881e+00
1.233721822555183508e+03 -1.002617220985222879e+01 3.926655601779373672e+00
1.232919734757528886e+03 -9.413319626699049536e+00 3.968259046459779782e+00
1.232021015540456119e+03 -8.806152497019542835e+00 4.013003888730493962e+00
1.231024485038729381e+03 -8.205578608974214205e+00 4.060891125859327211e+00
1.229936389949671820e+03 -7.612134182072117561e+00 4.111847515655763452e+00
1.228748118501988301e+03 -7.026578142479180222e+00 4.165948428311032181e+00
1.227465913874081707e+03 -6.449669280007674921e+00 4.223194997201863643e+00
1.226088589158114473e+03 -5.882091972317906148e+00 4.283588403681857670e+00
1.224614955722315926e+03 -5.324456192828327161e+00 4.347204161849322013e+00
1.223043326509469807e+03 -4.777472576384025338e+00 4.413965865290046864e+00
1.221377454261289813e+03 -4.241363347698864139e+00 4.483932110330921539e+00
1.219613164952577335e+03 -3.716079992222191208e+00 4.557009575190233974e+00
1.217753711201806254e+03 -3.201945325809971710e+00 4.633327842641964622e+00
1.215809772267213248e+03 -2.698984952086687983e+00 4.712719416630960723e+00
1.213769740638515259e+03 -2.207298689020903648e+00 4.795239707893951042e+00
1.211644292127784638e+03 -1.726986294657367971e+00 4.880884757723258360e+00
1.209429244104305326e+03 -1.258221760017880442e+00 4.969635809110610758e+00
1.207120412178018341e+03 -8.011047516496044851e-01 5.061459307757613324e+00
1.204735895230209962e+03 -3.558091883294135505e-01 5.156329188104455952e+00
1.202256648588622511e+03 7.763959960839209029e-02 5.254212017574102944e+00
1.199700767504461282e+03 4.990677263012379683e-01 5.355074425833327822e+00
1.197056631972300920e+03 9.083013072878632910e-01 5.458897962369357870e+00
1.194327476801678586e+03 1.305315016334739120e+00 5.565649383929811123e+00
1.191516534884932980e+03 1.689934941156375325e+00 5.675288083678098339e+00
1.188627037164131480e+03 2.061912856568929531e+00 5.787788377012955898e+00
1.185654784246700956e+03 2.421223348085153937e+00 5.903102360549044469e+00
1.182595574720890454e+03 2.767618100430570660e+00 6.021204482912881240e+00
1.179460061821215959e+03 3.100923021044255101e+00 6.142046975297958511e+00
1.176236611642306798e+03 3.421038229542058939e+00 6.265589565483957735e+00
1.172935873206064343e+03 3.727715196658188290e+00 6.391799478416232638e+00
1.169553636677072973e+03 4.020853867703212181e+00 6.520629151695272796e+00
1.166085690031188506e+03 4.300279801516691869e+00 6.652031092778018184e+00
1.162550104076236721e+03 4.565744159952359382e+00 6.785943022738115893e+00
1.158935233972493279e+03 4.817146547908722098e+00 6.922310161737152079e+00
1.155259146009615733e+03 5.054312152394979663e+00 7.061070372704058684e+00
1.151517619132931486e+03 5.277066015669711341e+00 7.202169018374519283e+00
1.147713858325966157e+03 5.485158741448970865e+00 7.345551533238427133e+00
1.143851066245586708e+03 5.678563618712892058e+00 7.491148567095465616e+00
1.139939871561852442e+03 5.856882343579237649e+00 7.638890841969943502e+00
1.135968615551151061e+03 6.020013560826829035e+00 7.788724008983385794e+00
1.131955350546910722e+03 6.167558585993901055e+00 7.940564078382846169e+00
1.127895841491895908e+03 6.299489947145658242e+00 8.094341989729445075e+00
1.123785850998332762e+03 6.415408540229852186e+00 8.249988755242002370e+00
1.119643424413544153e+03 6.515212171123437201e+00 8.407442888148267457e+00
1.115456891388758777e+03 6.598501278287921323e+00 8.566620689241382536e+00
1.111244292707471459e+03 6.665247475125036125e+00 8.727438531844486036e+00
1.107001381865924031e+03 6.715199272954230025e+00 8.889820290030684191e+00
1.102738766862509237e+03 6.748104922687053531e+00 9.053667625047735257e+00
1.098444768490590832e+03 6.763860973173716040e+00 9.218897126850473356e+00
1.094144847190455266e+03 6.762289412215670481e+00 9.385432885486947541e+00
1.089834747952811540e+03 6.743137658268035572e+00 9.553176777388944885e+00
1.085510213781216635e+03 6.706279117783795485e+00 9.722038178419326826e+00
1.081189270809780510e+03 6.651542325233218200e+00 9.891926535122651742e+00
1.076875086624179858e+03 6.578807503921396460e+00 1.006272165087941595e+01
1.072563398689271025e+03 6.487947131641274900e+00 1.023434054056763998e+01
1.068264799482019953e+03 6.378818504969724579e+00 1.040666314652365898e+01
1.063982451527448347e+03 6.251308302207079670e+00 1.057952490960880176e+01
1.059719515839775568e+03 6.105263492749463339e+00 1.075298418918887577e+01
1.055479152017134993e+03 5.940561899637041066e+00 1.092672799443788634e+01
1.051278410680568868e+03 5.757075374111495059e+00 1.110083010154245464e+01
1.047100770394729125e+03 5.554797039863418995e+00 1.127512835011651227e+01
1.042958457652707239e+03 5.333747463750955653e+00 1.144962449469176846e+01
1.038856269590456577e+03 5.093961698682955230e+00 1.162432035394586372e+01
1.034784145744274838e+03 4.835452136029291914e+00 1.179914352628803087e+01
1.030739453210546571e+03 4.558238213367440395e+00 1.197409595590495535e+01
1.026741843456051356e+03 4.262413264162889348e+00 1.214910536474917180e+01
1.022773825626099097e+03 3.947966232072536386e+00 1.232417381849011839e+01
1.018840193456549741e+03 3.615115941595194560e+00 1.249922915840768134e+01
1.014938311982246546e+03 3.263932247276950971e+00 1.267427356724863863e+01
1.011080402696173792e+03 2.894484595962078632e+00 1.284916071752325273e+01
1.007248973554899180e+03 2.507064872723845372e+00 1.302396718777501405e+01
1.003456245885639078e+03 2.101593128444563696e+00 1.319854676027594564e+01
9.997070127377926383e+02 1.678286127115133919e+00 1.337290183720291559e+01
9.959837822825707008e+02 1.237360207779216514e+00 1.354696058874779219e+01
9.922987763618693862e+02 7.790312806653355571e-01 1.372072551869404222e+01
9.886567888308175043e+02 3.033662564931205452e-01 1.389397632893306600e+01
9.850477572976967622e+02 -1.893455395223599402e-01 1.406678990246285998e+01
9.814764766112369898e+02 -6.988895050061555425e-01 1.423909460080988332e+01
9.779403138920504261e+02 -1.225051480061239761e+00 1.441074454592441967e+01
9.744440653110149242e+02 -1.767692033723377465e+00 1.458174246903775817e+01
9.709925278124594570e+02 -2.326375049209493451e+00 1.475194257495943262e+01
9.675830708327769116e+02 -2.900961994503312713e+00 1.492134767435264031e+01
9.642130647148934486e+02 -3.491017656701408622e+00 1.508988633145131431e+01
9.609021658185471324e+02 -4.096181561687624928e+00 1.525741286224462456e+01
9.576328897731359575e+02 -4.716167976085593239e+00 1.542393018313014963e+01
9.544248950304103118e+02 -5.350691625494018666e+00 1.558929267501131477e+01
9.512681277578471963e+02 -5.999467696004034067e+00 1.575342903187557830e+01
9.481673919813052862e+02 -6.661988984982150086e+00 1.591634225882926401e+01
9.451274929213656151e+02 -7.337971603142994681e+00 1.607781253608794003e+01
9.421532370260366633e+02 -8.027132124859651441e+00 1.623784291795845292e+01
9.392420036492818554e+02 -8.729113305232919728e+00 1.639628791326151003e+01
9.363911734263639346e+02 -9.443484080409605852e+00 1.655307633374375342e+01
9.336129849960226466e+02 -1.016996241814821111e+01 1.670821129195310917e+01
9.309048216180327699e+02 -1.090811818359987662e+01 1.686139878157398542e+01
9.282640678894499615e+02 -1.165759598933273367e+01 1.701271622677144180e+01
9.256955381081373844e+02 -1.241781806055759141e+01 1.716201821196809618e+01
9.232114762839140667e+02 -1.318835565158855161e+01 1.730915933012574115e+01
9.207944143966938100e+02 -1.396870619398919366e+01 1.745406846400056367e+01
9.184640275567323897e+02 -1.475844186193086394e+01 1.759667450037377279e+01
9.162177072096123993e+02 -1.555698671973178904e+01 1.773683204426420446e+01
9.140528461933421340e+02 -1.636398813710435363e+01 1.787446998363233774e+01
9.119742670947057377e+02 -1.717879680205486892e+01 1.800944292005978298e+01
9.099793655549763116e+02 -1.800083813549153433e+01 1.814167973342612683e+01
9.080803953273720026e+02 -1.882953800449126192e+01 1.827103501256481977e+01
9.062747548836023270e+02 -1.966432271873913962e+01 1.839743761992001581e+01
9.045598441231009019e+02 -2.050469331013759344e+01 1.852074212218607485e+01
9.029404927335158391e+02 -2.134992839456793945e+01 1.864080307144902804e+01
9.014215318525173188e+02 -2.219952986833990849e+01 1.875762356982677304e+01
9.000003657316989347e+02 -2.305277720227322646e+01 1.887098384958989783e+01
8.986888260306866414e+02 -2.390905538094855842e+01 1.898083209176991204e+01
8.974673094152839212e+02 -2.476809589558102331e+01 1.908711978367444928e+01
8.963603534012819409e+02 -2.562995859015845568e+01 1.918989207314222512e+01
8.953479269494206392e+02 -2.649448086019042137e+01 1.928911979571847368e+01
8.944322856455456758e+02 -2.736157478013536348e+01 1.938477375580716355e+01
8.936231150311899682e+02 -2.823107852948414020e+01 1.947689900783167971e+01
8.929078172369179356e+02 -2.910297923603181403e+01 1.956554057040048633e+01
8.922960811214408068e+02 -2.997704155081015287e+01 1.965059485698196440e+01
8.917901689115168438e+02 -3.085303049072651405e+01 1.973210680760746172e+01
8.913700595455787834e+02 -3.173085999739299368e+01 1.981004703607149864e+01
8.910603038732714367e+02 -3.261037007814300637e+01 1.988431182765584637e+01
8.908408845027786356e+02 -3.349140108076548472e+01 1.995502027088115327e+01
8.907140710062981270e+02 -3.437371940095012945e+01 2.002214283775531811e+01
8.906969916257309023e+02 -3.525701747295993016e+01 2.008564994855976948e+01
8.907622065291179752e+02 -3.614098804354070893e+01 2.014551196965258839e+01
8.909342764245939179e+02 -3.702517559506735267e+01 2.020177349479731177e+01
8.912006224200717952e+02 -3.790934775296225467e+01 2.025447905951105554e+01
8.915635245393722244e+02 -3.879304957435164170e+01 2.030367313894086578e+01
8.920178367372215007e+02 -3.967597495502605653e+01 2.034917729525918872e+01
8.925658436665300997e+02 -4.055774376816844295e+01 2.039118444361493232e+01
8.932172607458380753e+02 -4.143805042039437581e+01 2.042966458207355984e+01
8.939595208260537902e+02 -4.231644099009081827e+01 2.046443907310970545e+01
8.947874876591009752e+02 -4.319253606659282951e+01 2.049570062614607480e+01
8.957108843153191629e+02 -4.406603073868767950e+01 2.052334474408442588e+01
8.967245798487235788e+02 -4.493654601596061582e+01 2.054741542240736152e+01
8.978308744127125465e+02 -4.580362881700401090e+01 2.056780801328907060e+01
8.990172142725683671e+02 -4.666697480800424813e+01 2.058456635776121146e+01
9.003007619681020515e+02 -4.752613125669252980e+01 2.059765993339730628e+01
9.016615412200417268e+02 -4.838049702019866061e+01 2.060713241954645980e+01
9.031092921380379721e+02 -4.922961966681853596e+01 2.061302741209729916e+01
9.046389011716523783e+02 -5.007304689668104913e+01 2.061516557127556482e+01
9.062452578597396950e+02 -5.091017796233982295e+01 2.061373888800869025e+01
9.079381115758702663e+02 -5.174063507381693228e+01 2.060864213078810536e+01
9.097049298177371384e+02 -5.256381768506341245e+01 2.059984426160779591e+01
9.115480399945081444e+02 -5.337915504529613742e+01 2.058746271793475557e+01
9.134697727575963881e+02 -5.418609875803775822e+01 2.057139199370735128e+01
9.154650336766258079e+02 -5.498405591332411291e+01 2.055174933890470967e+01
9.175287316106299613e+02 -5.577243364514275470e+01 2.052842905713073662e+01
9.196632070738029370e+02 -5.655066140380466777e+01 2.050154820527333399e+01
9.218633755449197906e+02 -5.731814785882455254e+01 2.047100089117987665e+01
9.241315841720665958e+02 -5.807429574292952168e+01 2.043690397340959919e+01
9.264553267203492624e+02 -5.881844241256732175e+01 2.039915135900395882e+01
9.288518136660553637e+02 -5.954991926202534103e+01 2.035785970333566297e+01
9.312936886810061878e+02 -6.026804428240875211e+01 2.031299699147973570e+01
9.337981688166383947e+02 -6.097215027671497012e+01 2.026445682065021003e+01
9.363601893271290919e+02 -6.166156999049545107e+01 2.021235553319556288e+01
9.389672603396713839e+02 -6.233555438738697063e+01 2.015666079812389100e+01
9.416217518695276567e+02 -6.299356234217986383e+01 2.009734017719875965e+01
9.443186087282900871e+02 -6.363469607363431635e+01 2.003450969108915558e+01
9.470676355285332875e+02 -6.425835482676633603e+01 1.996813668455926560e+01
9.498494273161441015e+02 -6.486384772752464301e+01 1.989833710531583932e+01
9.526688703208704965e+02 -6.545108945942654088e+01 1.982515308955804301e+01
9.555313544912571615e+02 -6.602020169601850341e+01 1.974862680810517901e+01
9.584348442956355711e+02 -6.657123166976616346e+01 1.966880032024376490e+01
9.613847353549451782e+02 -6.710422644318691709e+01 1.958564128971321949e+01
9.643641409706704053e+02 -6.761908432951187820e+01 1.949934011826424651e+01
9.673858905025155082e+02 -6.811600058140587066e+01 1.940986424425370771e+01
9.704479591901637150e+02 -6.859479882718876809e+01 1.931725527632627504e+01
9.735483247747582709e+02 -6.905559961014219539e+01 1.922148042614417918e+01
9.766849674179836711e+02 -6.949837467532070434e+01 1.912265535869304856e+01
9.798558696196246274e+02 -6.992309552442624465e+01 1.902074705813486943e+01
9.830664444842434477e+02 -7.032980768722569564e+01 1.891579667824358069e+01
9.863072505861005084e+02 -7.071840785900593573e+01 1.880791954239919050e+01
9.895837052854426474e+02 -7.108886673909441356e+01 1.869708229314109005e+01
9.928937995930272109e+02 -7.144122901892518485e+01 1.858340002630616539e+01
9.962280980857257191e+02 -7.177546480315696442e+01 1.846691344071721730e+01
9.995920238735576504e+02 -7.209146959785631736e+01 1.834773740545257326e+01
1.002991001816460084e+03 -7.238921286575103409e+01 1.822583810967188001e+01
1.006408173392107869e+03 -7.266873801454799775e+01 1.810125591352656826e+01
1.009856395067803987e+03 -7.292993953481870051e+01 1.797417963213499448e+01
1.013326239770697839e+03 -7.317278583898060162e+01 1.784464940211530504e+01
1.016815710212814110e+03 -7.339731924985849787e+01 1.771263096570116602e+01
1.020322810467091244e+03 -7.360335885533000067e+01 1.757831280543569719e+01
1.023845545896104340e+03 -7.379102048160072513e+01 1.744173472741364250e+01
1.027389351433613456e+03 -7.396012241405158250e+01 1.730293642911193785e+01
1.030944806467809485e+03 -7.411063108723978132e+01 1.716203178378859562e+01
1.034509919828827151e+03 -7.424258679050997500e+01 1.701913455794744934e+01
1.038075273027840694e+03 -7.435573223973263168e+01 1.687420984537105539e+01
1.041653733600498072e+03 -7.445003255121969232e+01 1.672737120223904839e+01
1.045235884950690661e+03 -7.452545238077317435e+01 1.657873208130164500e+01
1.048812311349363881e+03 -7.458173306290240134e+01 1.642825726612308301e+01
1.052381026235543686e+03 -7.461891258524644854e+01 1.627613428991187305e+01
1.055947472169734510e+03 -7.463680559415321625e+01 1.612232773589251877e+01
1.059509664089296166e+03 -7.463552336949697974e+01 1.596702493977553949e+01
1.063050760916409672e+03 -7.461502811417936698e+01 1.581041314077278948e+01
1.066576207269691849e+03 -7.457491009436569129e+01 1.565253091618219017e+01
1.070084020025505652e+03 -7.451602186752440105e+01 1.549363960055627665e+01
1.073572216632249138e+03 -7.443832405209209924e+01 1.533370330290608763e+01
1.077038815075872890e+03 -7.434103388598146012e+01 1.517298317650710970e+01
1.080474405496374175e+03 -7.422411088841241167e+01 1.501166600323626810e+01
1.083877006855991567e+03 -7.408825685198381450e+01 1.484971562847896109e+01
1.087244638557318467e+03 -7.393343016499775899e+01 1.468731866411747866e+01
1.090575320412047176e+03 -7.375958863917382757e+01 1.452458735655489086e+01
1.093859644259542847e+03 -7.356594666763983525e+01 1.436170815581304794e+01
1.097103058986200267e+03 -7.335320372336049388e+01 1.419871886717605669e+01
1.100281300392034382e+03 -7.312057301274023757e+01 1.403565722040295505e+01
1.103414674660460605e+03 -7.286875280978570402e+01 1.387285800600080243e+01
1.106478918121468041e+03 -7.259695511043773308e+01 1.371028452601931846e+01
1.109486909069161811e+03 -7.230587696748303017e+01 1.354812286444087377e+01
1.112421812572646331e+03 -7.199547198067871534e+01 1.338655903909403477e+01
1.115282508475492250e+03 -7.166570852465829944e+01 1.322568216265361052e+01
1.118063880114272479e+03 -7.131661593678582278e+01 1.306549105475669492e+01
1.120776525515784442e+03 -7.094898115673913708e+01 1.290611048548017159e+01
1.123423614363673096e+03 -7.056136198595467590e+01 1.274744231840886322e+01
1.125986031249286725e+03 -7.015528693005471439e+01 1.258961121430654195e+01
1.128489230772362589e+03 -6.973005535135185085e+01 1.243259321630200809e+01
1.130914097283425235e+03 -6.928645164208523965e+01 1.227651288663848028e+01
1.133263799978280986e+03 -6.882525955291586683e+01 1.212119760843749106e+01
1.135548936136540078e+03 -6.834503368683350288e+01 1.196692042354070651e+01
1.137757817656376346e+03 -6.784729934375161520e+01 1.181358291683551265e+01
1.139893612738241700e+03 -6.733209551021541017e+01 1.166123520366041966e+01
1.141966917463817254e+03 -6.679871769472323706e+01 1.150992736572117181e+01
1.143958613970733268e+03 -6.624794643353465062e+01 1.135963517054110206e+01
1.145879297177384842e+03 -6.567981878676357610e+01 1.121048292495149390e+01
1.147732132951450694e+03 -6.509511401002858122e+01 1.106244634409306649e+01
1.149505429676489484e+03 -6.449386788643187174e+01 1.091550112145941931e+01
1.151202351567032110e+03 -6.387537272901293051e+01 1.076969721546339542e+01
1.152826061879603230e+03 -6.324040588869637958e+01 1.062508456902229348e+01
1.154372294471635769e+03 -6.258900125250394808e+01 1.048178739617035227e+01
1.155844210409017705e+03 -6.192267775232429017e+01 1.033978133468193050e+01
1.157237541170781242e+03 -6.124072519388337810e+01 1.019926486673377219e+01
1.158555445253210792e+03 -6.054391843635873016e+01 1.006021362105733985e+01
1.159801079721926271e+03 -5.983303172720416541e+01 9.922826077137074208e+00
1.160970171762999371e+03 -5.910809587237716300e+01 9.787152150895378711e+00
1.162065875284187996e+03 -5.836914107698473941e+01 9.653241764907949829e+00
1.163083914114879235e+03 -5.761768262131440110e+01 9.521144851625040317e+00
1.164027438607084605e+03 -5.685300669204017510e+01 9.390985640104744903e+00
1.164899597186100209e+03 -5.607662739904492355e+01 9.262739808744013814e+00
1.165681251201442365e+03 -5.528708693724873058e+01 9.136605906035759617e+00
1.166390401631659188e+03 -5.448664110915864001e+01 9.012485369300328841e+00
1.167022762186641557e+03 -5.367531665230509930e+01 8.890576795957239042e+00
1.167566615914271097e+03 -5.285239691722984645e+01 8.770855962260274197e+00
1.168032528509769236e+03 -5.201939321581561160e+01 8.653521527564278060e+00
1.168416206475319086e+03 -5.117558781964771697e+01 8.538475053056895803e+00
1.168705925384046395e+03 -5.032323381397285544e+01 8.425989556525843582e+00
1.168919671548159386e+03 -4.946161242654581969e+01 8.316115247577446468e+00
1.169038286787056450e+03 -4.859149004707946062e+01 8.208828097872119756e+00
1.169072323503655753e+03 -4.771363256673924980e+01 8.104326978354761124e+00
1.169017474510963211e+03 -4.682806255289835207e+01 8.002662244950842663e+00
1.168869429664857989e+03 -4.593480209417004545e+01 7.903958592268574002e+00
1.168623875800792348e+03 -4.503610131570918185e+01 7.808340773275279645e+00
1.168283925025346207e+03 -4.413198137950016076e+01 7.715859318955949675e+00
1.167852686312028936e+03 -4.322246300007385145e+01 7.626639108459525751e+00
1.167318408751706556e+03 -4.230830929037167465e+01 7.540805088715798021e+00
1.166684194909499183e+03 -4.139028293775055545e+01 7.458482277530858795e+00
1.165945715734961823e+03 -4.046988905022204364e+01 7.379721483154098038e+00
1.165106067228582788e+03 -3.954640382774547902e+01 7.304647874324652790e+00
1.164160913712357114e+03 -3.862133158394496490e+01 7.233312416277613899e+00
1.163113344506409703e+03 -3.769543341774500789e+01 7.165840440727937022e+00
1.161959017209608646e+03 -3.676947006029564591e+01 7.102357365312490067e+00
1.160693897138389502e+03 -3.584333502447289987e+01 7.042892517573614342e+00
1.159315190625223750e+03 -3.491716820454055181e+01 6.987462018567787148e+00
1.157835268406958676e+03 -3.399247080615202066e+01 6.935985904954735659e+00
1.156251641121253670e+03 -3.306777237625747290e+01 6.888458594209883046e+00
1.154561816011367910e+03 -3.214383066094879382e+01 6.844948887364905588e+00
1.152763296934545679e+03 -3.122066027817571765e+01 6.805377121193735945e+00
1.150875869425017299e+03 -3.029827556573064484e+01 6.769812304866791308e+00
1.148889602258113200e+03 -2.937817626440056884e+01 6.738100705031596860e+00
1.146809417570974347e+03 -2.845889052105971118e+01 6.710385832870210621e+00
1.144632805834084365e+03 -2.754117474722584191e+01 6.686588462066371363e+00
1.142364682576813721e+03 -2.662504229247962684e+01 6.666703765243119584e+00
1.140002531714442966e+03 -2.571050629314507674e+01 6.650652749326348534e+00
1.137551262278338527e+03 -2.479832252110537283e+01 6.638430824857557866e+00
1.135000923396727103e+03 -2.388701805762771357e+01 6.629959241233960299e+00
1.132356417728744191e+03 -2.297809115259543233e+01 6.625307939396678947e+00
1.129622644798198735e+03 -2.207081139352152022e+01 6.624398419935492832e+00
1.126789644328233180e+03 -2.116519105996682981e+01 6.627078028638389462e+00
1.123869738028328811e+03 -2.026124230296126782e+01 6.633491375981965810e+00
1.120845531178602641e+03 -1.936046282962577436e+01 6.643634638023674377e+00
1.117736767818110820e+03 -1.846286457776841772e+01 6.657429841739558540e+00
1.114533475628383258e+03 -1.756845940075170986e+01 6.674873433791169042e+00
1.111233107719924192e+03 -1.667725908242832844e+01 6.696036282212865842e+00
1.107847971016942893e+03 -1.579076102224274969e+01 6.720840827515950799e+00
1.104368084539588608e+03 -1.490897691029400107e+01 6.749283934730958556e+00
1.100798321187477995e+03 -1.403191841265706152e+01 6.781362611362182768e+00
1.097150979420349131e+03 -1.316108285680724777e+01 6.817074008766081050e+00
1.093423498236669730e+03 -1.229573907196859572e+01 6.856341139947585539e+00
1.089620742252078799e+03 -1.143738441483045243e+01 6.899161447783746404e+00
1.085747573375045704e+03 -1.058528777505174112e+01 6.945458239156496738e+00
1.081801422480674773e+03 -9.741689436171148131e+00 6.995303536516446208e+00
1.077794574483596534e+03 -8.905858411217128179e+00 7.048546661344764708e+00
1.073717026606924037e+03 -8.078549468734703254e+00 7.105185652557674203e+00
1.069581058502021961e+03 -7.259031808621412729e+00 7.165218700310849620e+00
1.065376662163374021e+03 -6.448803253239258737e+00 7.228569863223304637e+00
1.061108683694353203e+03 -5.647133253293500132e+00 7.295163352523208466e+00
1.056767109918971073e+03 -4.854034243993890385e+00 7.364997816110448348e+00
1.052364210144226718e+03 -4.071004496163777908e+00 7.437997772028414722e+00
1.047897394418431077e+03 -3.296571122186409575e+00 7.514162175862475479e+00
1.043356641889665070e+03 -2.532975607327692558e+00 7.593490137547688867e+00
1.038761642564052636e+03 -1.779488310599342871e+00 7.675906638093500156e+00
1.034102370509795492e+03 -1.039093996050562296e+00 7.761485380235385811e+00
1.029391082314192090e+03 -3.110634985513749950e-01 7.850225937988774660e+00
1.024625175337122528e+03 4.031035800199674890e-01 7.942128040130429056e+00
1.019809472766253521e+03 1.102650194947896400e+00 8.037117286592620147e+00
1.014941366920974360e+03 1.786076172772240511e+00 8.135267998785305821e+00
1.010033104307837448e+03 2.454109535615480731e+00 8.236431801816715748e+00
1.005089500575040347e+03 3.105249475358516253e+00 8.340534758155124351e+00
1.000107940518480063e+03 3.739480513203095047e+00 8.447503083697224469e+00
9.951006631396821831e+02 4.356043979160287627e+00 8.557263147258442615e+00
9.900650482533853847e+02 4.955666501828358328e+00 8.669741469983023308e+00
9.850053854005802805e+02 5.536236581672216772e+00 8.784794416092937652e+00
9.799313254167889227e+02 6.099148051965764594e+00 8.902294400404480612e+00
9.748297154896182519e+02 6.644442258129623191e+00 9.022415096746824403e+00
9.697096854253591118e+02 7.171417279584762383e+00 9.144958910611585168e+00
9.645580775673871585e+02 7.681599255463207321e+00 9.270099813192539173e+00
9.593691602201242858e+02 8.173542525266791259e+00 9.397714788799902408e+00
9.541446276752844824e+02 8.649515130162450660e+00 9.527829534734383543e+00
9.488861718913782397e+02 9.107327614027200369e+00 9.660469893063936553e+00
9.435880541769142837e+02 9.548504195306069420e+00 9.795587565825844223e+00
9.382519619282356871e+02 9.973082908695538151e+00 9.933134397157161288e+00
9.328795803206351138e+02 1.038020986030995196e+01 1.007306237184606879e+01
9.274874490543827505e+02 1.076999630269054009e+01 1.021517504680199906e+01
9.220698206532719041e+02 1.114225580302109897e+01 1.035949896696724970e+01
9.166358022700172796e+02 1.149687564872162682e+01 1.050591224612785624e+01
9.111944990442982544e+02 1.183374255236078554e+01 1.065429313216640317e+01
9.057475858154805337e+02 1.215274264041498853e+01 1.080466857223953525e+01
9.002893071900140285e+02 1.245413285989389607e+01 1.095691707686532190e+01
8.948213343137218772e+02 1.273846668431438367e+01 1.111099156845329716e+01
8.893379082474280040e+02 1.300607411903155963e+01 1.126677081224729449e+01
8.838332683975871760e+02 1.325728454197519213e+01 1.142435654820889646e+01
8.783016526008007077e+02 1.349250097776936386e+01 1.158355350429919639e+01
8.727447255625859270e+02 1.371220008874482765e+01 1.174438937872167088e+01
8.671567222492313931e+02 1.391663503234329546e+01 1.190674342006142616e+01
8.615467330345480832e+02 1.410553831892954868e+01 1.207056927537123237e+01
8.559238470988052541e+02 1.427849322153939937e+01 1.223574642067208096e+01
8.502897241811209597e+02 1.443508233553801645e+01 1.240222872539128574e+01
8.446534513855469868e+02 1.457488757169593008e+01 1.256982159921599695e+01
8.390166865888278380e+02 1.469763871669559485e+01 1.273847912339276256e+01
8.333959436017960343e+02 1.480284200954983120e+01 1.290808119743855187e+01
8.277928788810957030e+02 1.489022583697908075e+01 1.307858210329398396e+01
8.222091483441735136e+02 1.496018642922224906e+01 1.324978765189447572e+01
8.166389791349472489e+02 1.501297073673980442e+01 1.342165231419004812e+01
8.110765980910836106e+02 1.504912212689517403e+01 1.359413065108220842e+01
8.055310885622758406e+02 1.506903467904193583e+01 1.376710302679635944e+01
7.999892487771869583e+02 1.507302746456461051e+01 1.394044988919325689e+01
7.944453053627070176e+02 1.506164167786170438e+01 1.411412605001577880e+01
7.889083418121796285e+02 1.503504636573290654e+01 1.428801211456464415e+01
7.833874419022516804e+02 1.499326127572595801e+01 1.446198876181946957e+01
7.778694047585134967e+02 1.493593400389882220e+01 1.463586245749425174e+01
7.723856001228474497e+02 1.486293426153689978e+01 1.480951401754120589e+01
7.669302566141653870e+02 1.477390817326026706e+01 1.498275003758724822e+01
7.615124602917271659e+02 1.466872397758225155e+01 1.515545145632490787e+01
7.561338697137449572e+02 1.454710060935863680e+01 1.532742498483962024e+01
7.508184294452530594e+02 1.440883055067065222e+01 1.549847738639293482e+01
7.455455150099709272e+02 1.425415124912280795e+01 1.566856403965875622e+01
7.403316448441775037e+02 1.408309885256156058e+01 1.583756608439995972e+01
7.351636252423755877e+02 1.389596134003140016e+01 1.600543898461273429e+01
7.300505489035408573e+02 1.369288482119770478e+01 1.617198967411611932e+01
7.249866532707893612e+02 1.347406519015940951e+01 1.633717368661936931e+01
7.199661773190535996e+02 1.323968127305752596e+01 1.650087230123483550e+01
7.150048756999428861e+02 1.298993604671509949e+01 1.666306836269837532e+01
7.100931357519770017e+02 1.272508372009733257e+01 1.682355663149939673e+01
7.052354322947483070e+02 1.244538780354442586e+01 1.698238199263722947e+01
7.004288136385789585e+02 1.215111109658434785e+01 1.713944077678073796e+01
6.956926150526091988e+02 1.184251569252999126e+01 1.729470360665487760e+01
6.910090320257628491e+02 1.151990012517675055e+01 1.744814110939838869e+01
6.863974038281201047e+02 1.118351766223922894e+01 1.759957534540324176e+01
6.818547867637475974e+02 1.083354659757654304e+01 1.774912550516156884e+01
6.773782392723019257e+02 1.046994169014429055e+01 1.789668792057112157e+01
6.729648219760142638e+02 1.009265702078368854e+01 1.804238176176740538e+01
6.686190260731608532e+02 9.701571715319060374e+00 1.818617761542597933e+01
6.643304883269178163e+02 9.296564234972708007e+00 1.832804604758329603e+01
6.601111328527504156e+02 8.877586667086164951e+00 1.846818044996444641e+01
6.559506010497617581e+02 8.444441882131876298e+00 1.860647705129379759e+01
6.518459650314437113e+02 7.997229242542020167e+00 1.874298061414923566e+01
6.478091560027775131e+02 7.536344610811174682e+00 1.887766158030845176e+01
6.438223941829087380e+02 7.062554641384831910e+00 1.901049035012308863e+01
6.398901872786102558e+02 6.576253954298187487e+00 1.914136299490901294e+01
6.360170454530259576e+02 6.078207979137404848e+00 1.927024981986829033e+01
6.321926246426850184e+02 5.568884412720723986e+00 1.939719536003366684e+01
6.284214399742713795e+02 5.048973213081745293e+00 1.952202124223353508e+01
6.247080090784044160e+02 4.519015191680082033e+00 1.964469759861285425e+01
6.210419954021708691e+02 3.979179172869702352e+00 1.976512021217052961e+01
6.174353499724020367e+02 3.429781988640348889e+00 1.988333336335089285e+01
6.138851696556857860e+02 2.870917071572589574e+00 1.999923269215960175e+01
6.103959822198443135e+02 2.302900166560030826e+00 2.011271376133908717e+01
6.069648896438558268e+02 1.725749357234155346e+00 2.022367205258580825e+01
6.036112815291816105e+02 1.139853628661092744e+00 2.033207724631950342e+01
6.003174083082038806e+02 5.453043272209426862e-01 2.043789893449890371e+01
5.970952364072089722e+02 -5.758484324854180186e-02 2.054103233349119151e+01
5.939344498058538875e+02 -6.685749436148687996e-01 2.064144684750459291e+01
5.908470201505075465e+02 -1.287353220381147745e+00 2.073918606507358220e+01
5.878226366653717605e+02 -1.913755943914499102e+00 2.083407062159337286e+01
5.848584195670009649e+02 -2.547396978442844073e+00 2.092621818044275983e+01
5.819589200788249173e+02 -3.188113470370772085e+00 2.101552344513447679e+01
5.791212637462529074e+02 -3.835520134359375000e+00 2.110188100655417642e+01
5.763425788036859103e+02 -4.489009240218167385e+00 2.118533390676203609e+01
5.736348528929661370e+02 -5.147899166601066945e+00 2.126577650184540857e+01
5.709803629810363645e+02 -5.811360103997412985e+00 2.134302874235115866e+01
5.683985305325672925e+02 -6.478859742044441816e+00 2.141713330429348261e+01
5.658790663792721034e+02 -7.149568987612122228e+00 2.148798416870813455e+01
5.634265408441174259e+02 -7.822881935234668127e+00 2.155547518579359689e+01
5.610380987143694256e+02 -8.498044435324114687e+00 2.161957435561991403e+01
5.587257443171425848e+02 -9.174451213720733023e+00 2.168002669139569605e+01
5.564717714435911375e+02 -9.851571573547996508e+00 2.173694848483618003e+01
5.542956185276311771e+02 -1.052865224637965724e+01 2.179008446855775460e+01
5.521870135208010879e+02 -1.120516307825426594e+01 2.183940208158928797e+01
5.501505440213535394e+02 -1.188049988048992489e+01 2.188479433292543419e+01
5.481908006016667514e+02 -1.255398441433738022e+01 2.192607979916225958e+01
5.463049484860374605e+02 -1.322508722597200048e+01 2.196329975621521058e+01
5.444899010063123796e+02 -1.389325590947856703e+01 2.199621986905936666e+01
5.427564115623067664e+02 -1.455843989603980937e+01 2.202498948703415138e+01
5.411001250158445828e+02 -1.522086276691620199e+01 2.204963091132301045e+01
5.395166893403950326e+02 -1.588052540710526017e+01 2.207016628348037557e+01
5.380091839969471721e+02 -1.653757740655188613e+01 2.208661758350380921e+01
5.365732632579787378e+02 -1.719216847669714809e+01 2.209915519498444425e+01
5.352194412813007602e+02 -1.784437415039011654e+01 2.210765220231076000e+01
5.339359503802959352e+02 -1.849412148166619474e+01 2.211220437347854428e+01
5.327258827948267026e+02 -1.914141187940751365e+01 2.211298159145218278e+01
5.315849056580849492e+02 -1.978617252336913168e+01 2.210993071859507708e+01
5.305161177124334699e+02 -2.042833063059776322e+01 2.210307272919455457e+01
5.295226209720096904e+02 -2.106781343824030728e+01 2.209250270805158323e+01
5.286000923826636608e+02 -2.170454818625171001e+01 2.207831556564346087e+01
5.277442121795313597e+02 -2.233853638351328286e+01 2.206045746985958544e+01
5.269506638913185270e+02 -2.296963093985696958e+01 2.203902297882888561e+01
5.262299910418909121e+02 -2.359768471552727220e+01 2.201410647280907540e+01
5.255704553967686934e+02 -2.422269907057772542e+01 2.198557930265135596e+01
5.249677503583934595e+02 -2.484437814619171547e+01 2.195360977336853736e+01
5.244324293070641261e+02 -2.546272311499339835e+01 2.191814315874760766e+01
5.239601921869362968e+02 -2.607758646228907295e+01 2.187927311807266406e+01
5.235393138395174901e+02 -2.668882053530598242e+01 2.183694456140659668e+01
5.231803573840963963e+02 -2.729605467490753767e+01 2.179125078297516183e+01
5.228864607923239873e+02 -2.789906661532986831e+01 2.174228489361949102e+01
5.226384801594242617e+02 -2.849748533241008275e+01 2.169006553683583149e+01
5.224544164740455017e+02 -2.909101387635930891e+01 2.163453688840353095e+01
5.223225604300188252e+02 -2.967920650356180801e+01 2.157586579011018202e+01
5.222460624880741307e+02 -3.026184007644892660e+01 2.151399604854016090e+01
5.222280761318203304e+02 -3.083854262841764537e+01 2.144909413598291792e+01
5.222643294703303809e+02 -3.140901619685316959e+01 2.138110348940227112e+01
5.223505535376734770e+02 -3.197303680574328411e+01 2.131004164452322414e+01
5.224824822387704444e+02 -3.253030588140202894e+01 2.123600023600248221e+01
5.226707089924544789e+02 -3.308059880233389549e+01 2.115899643068917513e+01
5.229035449196408081e+02 -3.362354203173077849e+01 2.107912149499205157e+01
5.231841605310154364e+02 -3.415898451815137804e+01 2.099624366132950115e+01
5.235083006099334852e+02 -3.468655197785045630e+01 2.091052811320604832e+01
5.238717124937061271e+02 -3.520594401232735038e+01 2.082191700135433621e+01
5.242775743524895233e+02 -3.571671124156711841e+01 2.073057514551092240e+01
5.247216384152271758e+02 -3.621855242202537539e+01 2.063651861776729035e+01
5.252070875946222941e+02 -3.671101729683562809e+01 2.053976331054190041e+01
5.257222503591119676e+02 -3.719372943079231675e+01 2.044025065414938780e+01
5.262777424053198274e+02 -3.766638619510070640e+01 2.033821903549006294e+01
5.268618964764738166e+02 -3.812853590190862008e+01 2.023360953131311746e+01
5.274779040325189499e+02 -3.857972635665596783e+01 2.012643732711906353e+01
5.281215301174070191e+02 -3.901943056023662848e+01 2.001686600215940004e+01
5.287959699770458428e+02 -3.944726954550471021e+01 1.990491039703136877e+01
5.294895639256294544e+02 -3.986271522961235547e+01 1.979065946589799907e+01
5.302129390138262579e+02 -4.026523896772464184e+01 1.967405342780100952e+01
5.309544388442809577e+02 -4.065438582360777531e+01 1.955532946960397922e+01
5.317098368898932677e+02 -4.102977455710270505e+01 1.943450176351045755e+01
5.324897647618133760e+02 -4.139072619448673862e+01 1.931158431971419986e+01
5.332830095306106841e+02 -4.173705421850985431e+01 1.918658370343546693e+01
5.340875445085601996e+02 -4.206876095626540746e+01 1.905962574864248538e+01
5.349092117077899502e+02 -4.238619260216149343e+01 1.893068028213934539e+01
5.357389975568465843e+02 -4.268947185625773955e+01 1.879979126184936433e+01
5.365901745745452445e+02 -4.297886933180787850e+01 1.866692821247541900e+01
5.374537311924374308e+02 -4.325458069523904214e+01 1.853213479527109087e+01
5.383355134315035002e+02 -4.351680094060461812e+01 1.839545452740324194e+01
5.392265114281459546e+02 -4.376550153049641523e+01 1.825700506841696225e+01
5.401325727638010221e+02 -4.400072752194837022e+01 1.811675537278558323e+01
5.410595456947119146e+02 -4.422259755880848076e+01 1.797489711057377093e+01
5.419984223833970418e+02 -4.443122958108931186e+01 1.783132468616121002e+01
5.429550522333254321e+02 -4.462659225129930007e+01 1.768622950959187889e+01
5.439278567735443630e+02 -4.480872779877130796e+01 1.753965429897386130e+01
5.449152579459912431e+02 -4.497790058097319132e+01 1.739156736747912291e+01
5.459156780442019681e+02 -4.513422566078546083e+01 1.724215976093069003e+01
5.469275396536172593e+02 -4.527781736877938101e+01 1.709132527693873982e+01
5.479566939436704160e+02 -4.540878929897022687e+01 1.693918045314520882e+01
5.489941355603268676e+02 -4.552732858855102194e+01 1.678576743701103524e+01
5.500457159717386730e+02 -4.563354734759192866e+01 1.663112827318256137e+01
5.511098583634060333e+02 -4.572763122321855889e+01 1.647523062391627136e+01
5.521775575852393558e+02 -4.580961654674112538e+01 1.631833919057818960e+01
5.532546651503965904e+02 -4.587953889875332436e+01 1.616034716616442068e+01
5.543396041335188329e+02 -4.593758167468161702e+01 1.600137050741660616e+01
5.554382258209782322e+02 -4.598377894976260194e+01 1.584159937196116985e+01
5.565340962602501804e+02 -4.601808976196782908e+01 1.568092670498609564e+01
5.576330663122660098e+02 -4.604076952936534894e+01 1.551961679499404845e+01
5.587409865518507104e+02 -4.605170149886392750e+01 1.535756244304563545e+01
5.598488505186021484e+02 -4.605113958191327583e+01 1.519502780208646620e+01
5.609550797190670437e+02 -4.603908437415694266e+01 1.503205411325954444e+01
5.620655235780716339e+02 -4.601566943110832142e+01 1.486860827726918721e+01
5.631711743390716265e+02 -4.598099784628688980e+01 1.470502855977798795e+01
5.642704520656375280e+02 -4.593516453847938408e+01 1.454120747728059193e+01
5.653617762414527306e+02 -4.587826368265875487e+01 1.437740892004869053e+01
5.664509940702027961e+02 -4.581041174078660561e+01 1.421359960503842146e+01
5.675290953737541031e+02 -4.573175117924268562e+01 1.404989478134469572e+01
5.685944975910166477e+02 -4.564243561570631158e+01 1.388640966764160467e+01
5.696530457251642474e+02 -4.554262982305562701e+01 1.372325945663092384e+01
5.706957272391281322e+02 -4.543249116269902288e+01 1.356041075248554328e+01
5.717209570515586847e+02 -4.531217627459554365e+01 1.339812727631020906e+01
5.727271491307088809e+02 -4.518178165524687984e+01 1.323630131905914986e+01
5.737127164374531958e+02 -4.504156651327905081e+01 1.307512229749053567e+01
5.746834992174248100e+02 -4.489147736037237024e+01 1.291477962457779327e+01
5.756230515407708026e+02 -4.473160857458643136e+01 1.275523986341040406e+01
5.765446396935349185e+02 -4.456190527221604469e+01 1.259676671610450605e+01
5.774318153141972516e+02 -4.438253473141908501e+01 1.243947532716363646e+01
5.782904137829156070e+02 -4.419344069755978666e+01 1.228348085484020835e+01
5.791188407570226673e+02 -4.399471480731695294e+01 1.212882419196846406e+01
5.799155004568599452e+02 -4.378637374500419099e+01 1.197569482078448111e+01
5.806713672502783083e+02 -4.356828496612290280e+01 1.182428225020951373e+01
5.813922706374141853e+02 -4.334053812215395851e+01 1.167462745310735528e+01
5.820623789409607980e+02 -4.310307139482343786e+01 1.152681737421525554e+01
5.826980742151729373e+02 -4.285581330366071029e+01 1.138082561041266594e+01
5.832866488521269730e+02 -4.259868948109650688e+01 1.123659745533434240e+01
5.838376784577499166e+02 -4.233169921983501638e+01 1.109407825032906203e+01
5.843384516826771460e+02 -4.205484119771334406e+01 1.095321338857505999e+01
5.848059686064889320e+02 -4.176833633678459279e+01 1.081409688616819054e+01
5.852275138685090496e+02 -4.147255352860509703e+01 1.067682281916685838e+01
5.856126550528421149e+02 -4.116793535973642548e+01 1.054148532760826562e+01
5.859635292213367848e+02 -4.085470098695640928e+01 1.040817861949004453e+01
5.862674144981647260e+02 -4.053321756421072308e+01 1.027707125821933154e+01
5.865413001072071211e+02 -4.020377740176498804e+01 1.014810903251353658e+01
5.867724595071870226e+02 -3.986682082659492465e+01 1.002146066128985780e+01
5.869630204317431890e+02 -3.952256477498237075e+01 9.896997812985381060e+00
5.871299648296303531e+02 -3.917107708635532504e+01 9.774666526869765448e+00
5.872531303549814083e+02 -3.881264793137060565e+01 9.654264366299859290e+00
5.873494938138111365e+02 -3.844749268870958758e+01 9.535811839955755431e+00
5.874211726584385360e+02 -3.807582623962608892e+01 9.419032421007623057e+00
5.874554249359844107e+02 -3.769778869573198676e+01 9.303872535277529110e+00
5.874617909906127124e+02 -3.731359397753679730e+01 9.190352997838424187e+00
5.874423800161540612e+02 -3.692315840871948041e+01 9.078346166068950396e+00
5.873918700125008172e+02 -3.652647214567808476e+01 8.968170211193857710e+00
5.873123644453964971e+02 -3.612352490632018487e+01 8.859772003233734594e+00
5.871911071579842201e+02 -3.571415741560907975e+01 8.753321382458228328e+00
5.870450524377059764e+02 -3.529843283588810010e+01 8.648914028764220774e+00
5.868540098326402585e+02 -3.487619107893963388e+01 8.546720032022804503e+00
5.866349276258467853e+02 -3.444749452033769188e+01 8.446761044866368806e+00
5.863750376582689796e+02 -3.401307371406463176e+01 8.349058852939402087e+00
5.860764254087334848e+02 -3.357351028784975711e+01 8.253635378094237751e+00
5.857560299758192741e+02 -3.312953409130899018e+01 8.160512681535085022e+00
5.853936456113503937e+02 -3.268187464333210812e+01 8.069638683406367363e+00
5.850062052115059714e+02 -3.223133543023791958e+01 7.981110016336113944e+00
5.845809251565181057e+02 -3.177849678667436351e+01 7.894874894405051968e+00
5.841347321079215362e+02 -3.132408732829533804e+01 7.810955966574717024e+00
5.836548362050459673e+02 -3.086816684864696470e+01 7.729376036044774523e+00
5.831507295184328541e+02 -3.041072060284566803e+01 7.650306630055283996e+00
5.826096159530937939e+02 -2.995180789047929437e+01 7.573770868609154938e+00
5.820261246572633809e+02 -2.949141350472934064e+01 7.499866317644999114e+00
5.814171667335357370e+02 -2.902959631572619159e+01 7.428690708130681664e+00
5.807699368005191900e+02 -2.856641500361115860e+01 7.360341938587675159e+00
5.800790547601242224e+02 -2.810185379180308729e+01 7.294769510536321278e+00
5.793539941663495938e+02 -2.763649101548395848e+01 7.232145948382105338e+00
5.785893688451656089e+02 -2.717090487072450244e+01 7.172272533690290608e+00
5.777797896180919679e+02 -2.670545058129271254e+01 7.115247858921555313e+00
5.769421493780624814e+02 -2.624137466866479684e+01 7.061022128546056820e+00
5.760636246646585050e+02 -2.577858646456695979e+01 7.009471444588395883e+00
5.751462457942973288e+02 -2.531848090181647848e+01 6.960769226093353801e+00
5.741920401899557191e+02 -2.486096719208156713e+01 6.914717659465059008e+00
5.732030324127593985e+02 -2.440669734891446296e+01 6.871490535259458632e+00
5.721738158445213003e+02 -2.395558053574134050e+01 6.831336115845218160e+00
5.711064094220625975e+02 -2.350975442406716809e+01 6.794354286468125004e+00
5.699956020470272051e+02 -2.306901687673468615e+01 6.760699936922339504e+00
5.688444125486621488e+02 -2.263272049695084576e+01 6.730301701489402433e+00
5.676560581426565477e+02 -2.220084945573775315e+01 6.703366072135077403e+00
5.664337533918996996e+02 -2.177338799983999351e+01 6.679876885452105562e+00
5.651658535426436174e+02 -2.135106330491381144e+01 6.659743890708986314e+00
5.638629963125692939e+02 -2.093311698857328551e+01 6.642877034284510707e+00
5.625209601763903038e+02 -2.051879079849999954e+01 6.629260743989020987e+00
5.611429494533844036e+02 -2.010955513549790652e+01 6.618805362763181321e+00
5.597247376435121851e+02 -1.970390922619966645e+01 6.611421432767920159e+00
5.582769525145369016e+02 -1.930183815098196121e+01 6.607093979356699620e+00
5.567953627370764025e+02 -1.890481286159617014e+01 6.605733944421516846e+00
5.552831629710315156e+02 -1.851059035347240567e+01 6.607326753629065408e+00
5.537361172003438696e+02 -1.812138486830460593e+01 6.611709466023961923e+00
5.521574154683059987e+02 -1.773569672589982460e+01 6.618942191530762464e+00
5.505428172114056906e+02 -1.735351218627586078e+01 6.628936673309385519e+00
5.489029363439494773e+02 -1.697630346636642429e+01 6.641604854506129030e+00
5.472260995402301660e+02 -1.660257174634399036e+01 6.656933161380416131e+00
5.455303447192527528e+02 -1.623304703102116520e+01 6.674908219304550805e+00
5.437965659250660337e+02 -1.586771682571684394e+01 6.695442568642073766e+00
5.420427968614834526e+02 -1.550656898697460484e+01 6.718523231012605734e+00
5.402573557717659014e+02 -1.514959173797132586e+01 6.744063141426275720e+00
5.384508439220751370e+02 -1.479751651865490913e+01 6.772123997811194229e+00
5.366115755315342994e+02 -1.444958949547579330e+01 6.802619125904936226e+00
5.347501479052318700e+02 -1.410654291597808729e+01 6.835536328546224283e+00
5.328622997145149611e+02 -1.376836661789157645e+01 6.870863600840728225e+00
5.309586244296776840e+02 -1.343430804296726144e+01 6.908514845212391897e+00
5.290274286006552984e+02 -1.310584359057453518e+01 6.948404153347133239e+00
5.270793019908348924e+02 -1.278296445572942730e+01 6.990594371528117357e+00
5.251025475083559968e+02 -1.246491947692375213e+01 7.034999964846973874e+00
5.231151796912695318e+02 -1.215318648867636497e+01 7.081535582323403410e+00
5.211054979396787985e+02 -1.184627248845310277e+01 7.130264621919928381e+00
5.190766566522331686e+02 -1.154565632860338553e+01 7.181027810936919664e+00
5.170318085615982682e+02 -1.125133171758625217e+01 7.233814621332737005e+00
5.149741047715205013e+02 -1.096329290103581222e+01 7.288614700428950322e+00
5.128992664448503547e+02 -1.068227750744041948e+01 7.345343585023266009e+00
5.108104415436369550e+02 -1.040679521833614807e+01 7.403916982415269743e+00
5.087107765198981042e+02 -1.013907045844104715e+01 7.464250767840338696e+00
5.065959880079118989e+02 -9.878356890006674718e+00 7.526409548821729523e+00
5.044692195688750758e+02 -9.624651597164051609e+00 7.590309528423905938e+00
5.023336133865001898e+02 -9.378695094792158571e+00 7.655792785937196143e+00
5.001923103146329481e+02 -9.141228502011513157e+00 7.722924407991794027e+00
4.980410215764431996e+02 -8.911507880306709595e+00 7.791621068073748546e+00
4.958828855162414015e+02 -8.691018416481536946e+00 7.861873873988434624e+00
4.937210393024592463e+02 -8.479017420000348082e+00 7.933599797741708315e+00
4.915586189828155170e+02 -8.276991340295067445e+00 8.006790239364017125e+00
4.893913311911848041e+02 -8.084198763442090652e+00 8.081362456660290405e+00
4.872297382574133735e+02 -7.901384593787665445e+00 8.157308128908214329e+00
4.850695448673191663e+02 -7.729294390076828947e+00 8.234470502985121954e+00
4.829064548260993774e+02 -7.567931536289305150e+00 8.312915807458455930e+00
4.807584561738543698e+02 -7.418042917236475020e+00 8.392487548095013850e+00
4.786060587418569412e+02 -7.278790193659909313e+00 8.473038036738660850e+00
4.764655705984415590e+02 -7.151163307095660393e+00 8.554677283933951770e+00
4.743232500916821550e+02 -7.033824149542466486e+00 8.637375532098465314e+00
4.721950684312620865e+02 -6.927515235997484311e+00 8.721103136963026969e+00
4.700672829595000053e+02 -6.831791234375045541e+00 8.805756280359517518e+00
4.679410073272226782e+02 -6.746356072285211170e+00 8.891379816978316697e+00
4.658247832191141811e+02 -6.671062940473138525e+00 8.977944420072420328e+00
4.637048670294003614e+02 -6.605765728960985683e+00 9.065420861135061514e+00
4.615972283912304874e+02 -6.550244746400488260e+00 9.153854289542611156e+00
4.594881234530975007e+02 -6.504355289641651439e+00 9.243141378154467347e+00
4.573860934096445590e+02 -6.467953362502343317e+00 9.333327453399029139e+00
4.552848228299375819e+02 -6.440747110743158643e+00 9.424235073807352592e+00
4.531928531382887400e+02 -6.422816808271682554e+00 9.515984010548315553e+00
4.511038692932087315e+02 -6.413797740006693893e+00 9.608545542404355544e+00
4.490189849180603119e+02 -6.413623037998101850e+00 9.701742451736434347e+00
4.469393140304887311e+02 -6.422226548212407238e+00 9.795694721439613062e+00
4.448659711217073891e+02 -6.439319980518385833e+00 9.890225262840402820e+00
4.428000712352084065e+02 -6.464764326387182791e+00 9.985379896109494169e+00
4.407353016944809383e+02 -6.498569858770534502e+00 1.008113021212609972e+01
4.386727788805673640e+02 -6.540376147148451835e+00 1.017729928482990864e+01
4.366210483080481595e+02 -6.590194891801528065e+00 1.027400736807174653e+01
4.345737996490405521e+02 -6.647815654716580980e+00 1.037107762341148209e+01
4.325321518573213098e+02 -6.713102992195202567e+00 1.046848181693419200e+01
4.305046532401706258e+02 -6.785922169618466171e+00 1.056626603153313049e+01
4.284775681275619945e+02 -6.866139159377397938e+00 1.066425352867055842e+01
4.264520186918209674e+02 -6.953769205467102310e+00 1.076241616164747406e+01
4.244439850141366151e+02 -7.048679686719358628e+00 1.086072580434325019e+01
4.224471633978303657e+02 -7.150887247703776595e+00 1.095915434694887125e+01
4.204552514815330824e+02 -7.260186377750598830e+00 1.105759940818738229e+01
4.184842333501990197e+02 -7.376595108140109325e+00 1.115595861453019033e+01
4.165203811413859967e+02 -7.500057873902323813e+00 1.125420387940550171e+01
4.145722535527498280e+02 -7.630371225755050446e+00 1.135230711539511006e+01
4.126409824944635716e+02 -7.767480959182052835e+00 1.145016594642597063e+01
4.107202731402828704e+02 -7.911259258617767465e+00 1.154767798696292047e+01
4.088186890269928426e+02 -8.061578975263513414e+00 1.164474083769652779e+01
4.069373670499871309e+02 -8.218239337517793786e+00 1.174132636473267866e+01
4.050700175072397542e+02 -8.381263078536740352e+00 1.183733212827549153e+01
4.032252091916894301e+02 -8.550450728385765586e+00 1.193265566182030391e+01
4.014040843798289302e+02 -8.725677740832217921e+00 1.202719446784853474e+01
3.995929305185385942e+02 -8.906894485744155432e+00 1.212092029703135765e+01
3.978151787117290041e+02 -9.094051957603639380e+00 1.221365629343155490e+01
3.960571202506021677e+02 -9.287027483638716774e+00 1.230537412423323396e+01
3.943273334463665947e+02 -9.485698998581531427e+00 1.239597112496646325e+01
3.926195419077357656e+02 -9.690019319050527713e+00 1.248534457875660841e+01
3.909423279688034540e+02 -9.899867567053428630e+00 1.257339171208820083e+01
3.892968476633980117e+02 -1.011519772713301002e+01 1.266000969058809211e+01
3.876842590987693029e+02 -1.033581578563869385e+01 1.274509561483057318e+01
3.860982941272158087e+02 -1.056160257065776698e+01 1.282854651616674246e+01
3.845475434172687983e+02 -1.079251374109073147e+01 1.291018506907842678e+01
3.830331714220461663e+02 -1.102835692487855113e+01 1.298990815406921939e+01
3.815558823564078921e+02 -1.126902111089256309e+01 1.306771297291074774e+01
3.801145330407926508e+02 -1.151449629595339985e+01 1.314355255207260953e+01
3.787149484402423809e+02 -1.176463096315122314e+01 1.321748023123713800e+01
3.773406706693383512e+02 -1.201934836683789420e+01 1.328954925650090679e+01
3.760049574581470324e+02 -1.227857223629761663e+01 1.335966420944519406e+01
3.746987837140170541e+02 -1.254230104614298824e+01 1.342802670427286671e+01
3.734279832858325676e+02 -1.281031086893117887e+01 1.349454111595954053e+01
3.721909639258162201e+02 -1.308267534605299787e+01 1.355933456099432810e+01
3.709861356519721767e+02 -1.335924568934534129e+01 1.362231119264310664e+01
3.698119107600001030e+02 -1.363987351750058608e+01 1.368359789829957585e+01
3.686667038350053076e+02 -1.392448512525678694e+01 1.374317287836944601e+01
3.675563601133162592e+02 -1.421285861837748143e+01 1.380101420973554838e+01
3.664718704432187906e+02 -1.450492103296305579e+01 1.385717412578656926e+01
3.654190846973967268e+02 -1.480059975357545632e+01 1.391170472950953396e+01
3.643964267336186253e+02 -1.509967393120560430e+01 1.396450942315132338e+01
3.633948944061897919e+02 -1.540207160211311255e+01 1.401571432247154547e+01
3.624203446281865126e+02 -1.570757253851754420e+01 1.406522255254441944e+01
3.614712083322211242e+02 -1.601610536719568856e+01 1.411308566216692917e+01
3.605533471824799108e+02 -1.632745041995880086e+01 1.415935505383062853e+01
3.596577685355172775e+02 -1.664146256856144390e+01 1.420385913027427982e+01
3.587903388527688548e+02 -1.695807120903042886e+01 1.424679755964934813e+01
3.579494986612496632e+02 -1.727698311192477121e+01 1.428807272123045280e+01
3.571336909151307282e+02 -1.759812810757469492e+01 1.432766112025015204e+01
3.563413610068869843e+02 -1.792132479451094440e+01 1.436561338531216059e+01
3.555709567781963187e+02 -1.824631766538538002e+01 1.440190569889237970e+01
3.548283568807594861e+02 -1.857292565813570207e+01 1.443643979493912255e+01
3.541120140859605954e+02 -1.890092328654275988e+01 1.446926580707645904e+01
3.534129552945179853e+02 -1.923012233625680167e+01 1.450043369939198179e+01
3.527444949465350419e+02 -1.956030499384107912e+01 1.452984469732265715e+01
3.520976649283416577e+02 -1.989126840110087713e+01 1.455747413615225305e+01
3.514709279810209637e+02 -2.022278006925029104e+01 1.458329717559874794e+01
3.508701777070094749e+02 -2.055458529157972336e+01 1.460736308150758944e+01
3.502938818751571830e+02 -2.088645986911669894e+01 1.462957237363634277e+01
3.497405107753834272e+02 -2.121815363960178402e+01 1.464997395805882086e+01
3.492085372218123211e+02 -2.154943131792324351e+01 1.466839370814920684e+01
3.486964365545262012e+02 -2.188005019565092013e+01 1.468495444769878766e+01
3.482101149900731230e+02 -2.220975641152746149e+01 1.469955596510076035e+01
3.477480529196180896e+02 -2.253824333746001329e+01 1.471217214616546087e+01
3.473087332561357812e+02 -2.286521173300124232e+01 1.472277668952621177e+01
3.468832130792922044e+02 -2.319034001688719471e+01 1.473134310565060190e+01
3.464922653799192176e+02 -2.351331396547542596e+01 1.473777043245202911e+01
3.461195238989977838e+02 -2.383382669788341346e+01 1.474210608501376996e+01
3.457709099188161304e+02 -2.415154894782972761e+01 1.474432300440025756e+01
3.454523471992301893e+02 -2.446617361908397825e+01 1.474424537357504050e+01
3.451549052619666895e+02 -2.477734148742068498e+01 1.474192003443515731e+01
3.448770844239090820e+02 -2.508468575628705821e+01 1.473731935342368615e+01
3.446248157773303546e+02 -2.538784689918113102e+01 1.473041550475499051e+01
3.444040328175306627e+02 -2.568644293204090445e+01 1.472103190323206157e+01
3.442058147178668719e+02 -2.598019568110278144e+01 1.470928890518269228e+01
3.440286713536547722e+02 -2.626858906480931566e+01 1.469500954045881080e+01
3.438784108152381691e+02 -2.655149648952544439e+01 1.467825575348225620e+01
3.437528853027700393e+02 -2.682878998935724368e+01 1.465900575517994398e+01
3.436498168156851420e+02 -2.710073105895769174e+01 1.463725382106407302e+01
3.435743579244453372e+02 -2.736735808713800822e+01 1.461321688573277200e+01
3.435168066813177461e+02 -2.762885776099347268e+01 1.458674027534892303e+01
3.434823199807030392e+02 -2.788526791863020193e+01 1.455804054325756880e+01
3.434686284655887789e+02 -2.813670038653486927e+01 1.452696263564600621e+01
3.434808931831989298e+02 -2.838334096656443251e+01 1.449379701084832384e+01
3.435168488376842220e+02 -2.862515228905643028e+01 1.445838823818351138e+01
3.435668037414467335e+02 -2.886231950109743494e+01 1.442087783393896139e+01
3.436359248154589636e+02 -2.909473026939542706e+01 1.438125856140346492e+01
3.437293808366850953e+02 -2.932249475232761426e+01 1.433959728251148924e+01
3.438374856839822655e+02 -2.954572273710742891e+01 1.429596067556544092e+01
3.439654116841042537e+02 -2.976444934410545784e+01 1.425041523654770792e+01
3.441183328549403200e+02 -2.997863501482647308e+01 1.420287871351418829e+01
3.442791397973777521e+02 -3.018838835055333902e+01 1.415349152559101498e+01
3.444604380886736976e+02 -3.039366896663807793e+01 1.410224534703140442e+01
3.446599781217336727e+02 -3.059451033148159027e+01 1.404920595937672267e+01
3.448755117456856851e+02 -3.079101975518363332e+01 1.399436468618869434e+01
3.450973638551456020e+02 -3.098300696086493389e+01 1.393778696187438904e+01
3.453455740805663936e+02 -3.117072690871887630e+01 1.387946376658340597e+01
3.455956132245618733e+02 -3.135398838320809745e+01 1.381953447869889295e+01
3.458675234035957260e+02 -3.153274825051883568e+01 1.375791545938925431e+01
3.461442061339166685e+02 -3.170703716470911715e+01 1.369474575576723296e+01
3.464382774226244237e+02 -3.187658814007169283e+01 1.363001568560062715e+01
3.467400692549884980e+02 -3.204143080926337461e+01 1.356378969012134483e+01
3.470547712851404185e+02 -3.220151999614450489e+01 1.349605776939943880e+01
3.473801457252496334e+02 -3.235658713937789344e+01 1.342695833530633998e+01
3.477213839865370346e+02 -3.250666026781149753e+01 1.335648108003634782e+01
3.480688215697233545e+02 -3.265161829059926646e+01 1.328468982922041874e+01
3.484202230577466821e+02 -3.279141383912433838e+01 1.321157397760147489e+01
3.487807820585781542e+02 -3.292577612469405324e+01 1.313727134229488769e+01
3.491556927987022618e+02 -3.305480519856335064e+01 1.306162246459844312e+01
3.495278650170688479e+02 -3.317822910922095048e+01 1.298483916441033337e+01
3.499099223625626109e+02 -3.329607244653924170e+01 1.290691027517425660e+01
3.502922038890297927e+02 -3.340813635020941064e+01 1.282789878092267521e+01
3.506799057543821050e+02 -3.351429563703744918e+01 1.274771896886954714e+01
3.510707961187975457e+02 -3.361435022756689506e+01 1.266658213359114882e+01
3.514626434450200918e+02 -3.370817370706044613e+01 1.258440231223592143e+01
3.518532164495020993e+02 -3.379556475282810624e+01 1.250124198883197124e+01
3.522477124048751875e+02 -3.387632141242600170e+01 1.241723781413802463e+01
3.526439003927222871e+02 -3.395024109872209550e+01 1.233237775854871465e+01
3.530321212578675159e+02 -3.401719486883941101e+01 1.224664968256995223e+01
3.534175726143895986e+02 -3.407705313647479528e+01 1.216018990735001992e+01
3.537980237510566326e+02 -3.412947767429782431e+01 1.207291180074704506e+01
3.541786722888757026e+02 -3.417431531310877091e+01 1.198502576547836362e+01
3.545498590881899759e+02 -3.421135280326729600e+01 1.189644497478222540e+01
3.549167816082502895e+02 -3.424038366722614768e+01 1.180730536066474912e+01
3.552697804654397373e+02 -3.426120076895910671e+01 1.171751991665992243e+01
3.556214811443142594e+02 -3.427356659873608180e+01 1.162722440266294832e+01
3.559550548286910612e+02 -3.427729134369489117e+01 1.153654602729309531e+01
3.562769947817544107e+02 -3.427246710280551412e+01 1.144535518831713894e+01
3.565940532886098708e+02 -3.425926338365045609e+01 1.135373659056568663e+01
3.568981255944307804e+02 -3.423786388689519100e+01 1.126177487038274450e+01
3.571959632667979463e+02 -3.420842193634737782e+01 1.116940603262006171e+01
3.574868891063383103e+02 -3.417111990631130425e+01 1.107664030517269538e+01
3.577702254583230683e+02 -3.412612985227162454e+01 1.098348785953076856e+01
3.580452941739006292e+02 -3.407361782066070788e+01 1.089010738186228799e+01
3.583039882208786935e+02 -3.401375425025256050e+01 1.079628609259438932e+01
3.585679133957404474e+02 -3.394670506022040257e+01 1.070225686905799911e+01
3.588141047815751108e+02 -3.387264428077878620e+01 1.060788113109302522e+01
3.590567385608601967e+02 -3.379173697078742578e+01 1.051316882971164901e+01
3.592951335232965562e+02 -3.370415348334925199e+01 1.041820416775202318e+01
3.595211793751482787e+02 -3.361004124159446604e+01 1.032307132053965759e+01
3.597416217485484253e+02 -3.350954702758839687e+01 1.022763158954901463e+01
3.599483487584963086e+02 -3.340277984477211959e+01 1.013196910759011260e+01
3.601555327115225964e+02 -3.328987777763330058e+01 1.003616799247261326e+01
3.603550599610142626e+02 -3.317095599809216822e+01 9.940238067672364508e+00
3.605462442644491148e+02 -3.304612905570068193e+01 9.844189149997925270e+00
3.607283983887984959e+02 -3.291555545319504716e+01 9.748105337249569402e+00
3.609008340656185396e+02 -3.277927422853544925e+01 9.651922161858408344e+00
3.610702902958581149e+02 -3.263753180834834922e+01 9.555723729030779268e+00
3.612286482531745833e+02 -3.249027688641818656e+01 9.459519870360630023e+00
3.613744734532787106e+02 -3.233775469828559324e+01 9.363394714937607333e+00
3.615145013772195171e+02 -3.217998704356924122e+01 9.267432409928712644e+00
3.616458093836990884e+02 -3.201714371057088471e+01 9.171568557636426533e+00
3.617677020221447606e+02 -3.184931963310573622e+01 9.075961637051303654e+00
3.618794824801472032e+02 -3.167653489807797840e+01 8.980547306851905276e+00
3.619804525359055560e+02 -3.149903188729664194e+01 8.885335543402934633e+00
3.620706553457283690e+02 -3.131682958448957876e+01 8.790559211719461530e+00
3.621493897265959845e+02 -3.113009500106122829e+01 8.696005517873127033e+00
3.622159529440432379e+02 -3.093884605053755976e+01 8.601907414918656514e+00
3.622696406653777217e+02 -3.074324869123460857e+01 8.508275055233960771e+00
3.623097469133791151e+02 -3.054331980110442402e+01 8.415044361352292057e+00
3.623363068556239455e+02 -3.033922432079313225e+01 8.322374163762511046e+00
3.623478682544365483e+02 -3.013105241236822707e+01 8.230274787148392335e+00
3.623444627628671242e+02 -2.991889375223775360e+01 8.138905188110806321e+00
3.623246345414446523e+02 -2.970276325724176303e+01 8.048201541326221786e+00
3.622876687212083766e+02 -2.948274966142450282e+01 7.958322944190350690e+00
3.622343341979131992e+02 -2.925901552597067834e+01 7.869354286393312137e+00
3.621624265824074769e+02 -2.903157439880000013e+01 7.781306253459943534e+00
3.620712251727729836e+02 -2.880058795884141531e+01 7.694338180751686629e+00
3.619600072478449420e+02 -2.856599460894425846e+01 7.608535206406592977e+00
3.618287908674901701e+02 -2.832810375447838069e+01 7.523833991236076990e+00
3.616746206645262305e+02 -2.808685297904318645e+01 7.440394139587576561e+00
3.614982533288732043e+02 -2.784240232337330667e+01 7.358301068634561126e+00
3.612974720632298613e+02 -2.759483716236360351e+01 7.277566011625246745e+00
3.610722864012039395e+02 -2.734424249975391064e+01 7.198348871586678577e+00
3.608204751722431638e+02 -2.709077726295909727e+01 7.120586806955531145e+00
3.605413006540320566e+02 -2.683445146403241210e+01 7.044514219184681458e+00
3.602343604567655575e+02 -2.657548945138943708e+01 6.970046366081121825e+00
3.598998573943549104e+02 -2.631378540483995820e+01 6.897381551278088274e+00
3.595383295791473302e+02 -2.604959643120205470e+01 6.826324657158401976e+00
3.591503128335860993e+02 -2.578280791870253452e+01 6.756829253909975463e+00
3.587385691841118955e+02 -2.551360210065728396e+01 6.688997602328560887e+00
3.583014013371241049e+02 -2.524193808324240251e+01 6.622709239047540386e+00
3.578408238577945895e+02 -2.496792327542373613e+01 6.557918113228658363e+00
3.573573633207665239e+02 -2.469166483449437521e+01 6.494652589180239133e+00
3.568515439783813576e+02 -2.441319539523709992e+01 6.432792598404048157e+00
3.563231449260989052e+02 -2.413247308270852187e+01 6.372366776094751550e+00
3.557741714452604924e+02 -2.384975294265129619e+01 6.313329613055826073e+00
3.552043979977625554e+02 -2.356499268648529366e+01 6.255635741558033480e+00
3.546143395730759948e+02 -2.327822412193859947e+01 6.199239937626907171e+00
3.540045088621602076e+02 -2.298970173327349897e+01 6.144171406762918508e+00
3.533754162683419509e+02 -2.269930842658491699e+01 6.090459502585513718e+00
3.527275699200435497e+02 -2.240729837823583637e+01 6.037985161902290621e+00
3.520614756852663163e+02 -2.211377706383632358e+01 5.986926607724439187e+00
3.513776371877293627e+02 -2.181877555532225088e+01 5.937090799669661578e+00
3.506765558245579086e+02 -2.152239910160957592e+01 5.888656270836227336e+00
3.499579879503877464e+02 -2.122482714230964262e+01 5.841504578051862850e+00
3.492231734028990786e+02 -2.092609047099519159e+01 5.795666004581049080e+00
3.484726070194157046e+02 -2.062636838303446396e+01 5.751170994732003550e+00
3.477052958246552521e+02 -2.032576583894989497e+01 5.707975871884505281e+00
3.469224732296134448e+02 -2.002438776182030722e+01 5.666111406942149209e+00
3.461238848810690456e+02 -1.972233905120495834e+01 5.625459969187964759e+00
3.453100171920443131e+02 -1.941979888058531145e+01 5.586126945074449068e+00
3.444813545328117925e+02 -1.911694642780725673e+01 5.548069321901910378e+00
3.436376364224359463e+02 -1.881381232201625053e+01 5.511244255926421864e+00
3.427786003907988288e+02 -1.851057579159304822e+01 5.475757640378777324e+00
3.419054676759803328e+02 -1.820749039455184715e+01 5.441566972378304889e+00
3.410179719117281252e+02 -1.790466118189808498e+01 5.408704204273171001e+00
3.401151019901993777e+02 -1.760226756195504905e+01 5.377127177376069156e+00
3.391988162648686398e+02 -1.730048903062358789e+01 5.346868189617063116e+00
3.382680998981018092e+02 -1.699943090157423953e+01 5.318033996097680571e+00
3.373226790639780575e+02 -1.669927288686826827e+01 5.290508675540587902e+00
3.363637638108739338e+02 -1.640034339398691543e+01 5.264399331669284976e+00
3.353903339137094122e+02 -1.610274812174566605e+01 5.239664675964722740e+00
3.344035959112382557e+02 -1.580674149112280880e+01 5.216412161848366758e+00
3.334025261227698138e+02 -1.551242952444422585e+01 5.194526567246571247e+00
3.323868420148526752e+02 -1.522014127595936372e+01 5.174189979088307467e+00
3.313577450625730876e+02 -1.493005742725055818e+01 5.155213241666328550e+00
3.303142066003890136e+02 -1.464228458350584638e+01 5.137853074951663324e+00
3.292566820228994402e+02 -1.435722670364108033e+01 5.121920672254052675e+00
3.281841394700853130e+02 -1.407499084471899131e+01 5.107598818343711322e+00
3.270977740274867642e+02 -1.379583287522451407e+01 5.094773337426995674e+00
3.259965507408481926e+02 -1.352000892013236388e+01 5.083553077066708781e+00
3.248809188158100483e+02 -1.324777537278403905e+01 5.073898489977411330e+00
3.237498403021907620e+02 -1.297931462305887429e+01 5.065844483746653637e+00
3.226045042933577065e+02 -1.271488363584235159e+01 5.059500419955130113e+00
3.214438699402385282e+02 -1.245496252927670255e+01 5.054901546199555007e+00
3.202684688670661330e+02 -1.219973556372685053e+01 5.051996083528936587e+00
3.190784413399283039e+02 -1.194909403995653996e+01 5.050829341298042507e+00
3.178762429817105613e+02 -1.170300483981558948e+01 5.051285316414436899e+00
3.166546712196844169e+02 -1.146136090709263655e+01 5.053545304522666370e+00
3.154258358762089642e+02 -1.122398125758989806e+01 5.057345063562193488e+00
3.141840174425408918e+02 -1.099083383945779246e+01 5.062791930793001605e+00
3.129309234951564918e+02 -1.076181269226368542e+01 5.069844836692953827e+00
3.116682603714637025e+02 -1.053673795631417676e+01 5.078314303291227461e+00
3.103903048460817899e+02 -1.031565301573115967e+01 5.088308143436822917e+00
3.090987608585174371e+02 -1.009830452274201740e+01 5.099785757959220511e+00
3.077953311908095770e+02 -9.884662390745168281e+00 5.112632417270344121e+00
3.064891458464674088e+02 -9.674696952089478330e+00 5.126807826394815137e+00
3.051670486790194445e+02 -9.468230399094755612e+00 5.142346122922949014e+00
3.038381675239885453e+02 -9.265308209327359990e+00 5.159133024386026278e+00
3.025042008293523281e+02 -9.065902019091357289e+00 5.177202960080720118e+00
3.011519893377939070e+02 -8.869909630667594413e+00 5.196516218309835899e+00
2.997980862217913796e+02 -8.677303586296549298e+00 5.217033227568896869e+00
2.984367586665866838e+02 -8.488056891392663061e+00 5.238640270665565701e+00
2.970622729568208911e+02 -8.302143021001660017e+00 5.261446616291484801e+00
2.956911795643601977e+02 -8.119610209501706422e+00 5.285413099013613447e+00
2.943028863845858041e+02 -7.940432889539563277e+00 5.310352116722041771e+00
2.929139422784047611e+02 -7.764585981218348643e+00 5.336447612541341812e+00
2.915186103109904252e+02 -7.592119181030705377e+00 5.363512237147390671e+00
2.901185811947403295e+02 -7.423082683533873904e+00 5.391581614079183460e+00
2.887081166319440513e+02 -7.257452902773115611e+00 5.420617202972510817e+00
2.872963344098841958e+02 -7.095206760460366802e+00 5.450654863762361302e+00
2.858849233955914428e+02 -6.936470257406440076e+00 5.481507719826010927e+00
2.844681435824631990e+02 -6.781221343691110626e+00 5.513286139610960923e+00
2.830476828384484520e+02 -6.629512773104877077e+00 5.545877749187015482e+00
2.816178002542438321e+02 -6.481249256330828601e+00 5.579318846789236730e+00
2.801950395939350074e+02 -6.336633165405332058e+00 5.613422982298384767e+00
2.787662308937668172e+02 -6.195570268901014366e+00 5.648300938715404840e+00
2.773330606149594360e+02 -6.058115435902514001e+00 5.683840744566607484e+00
2.758972149952414270e+02 -5.924398355223299717e+00 5.720004804803364706e+00
2.744678084517560706e+02 -5.794549254381417214e+00 5.756829897660450612e+00
2.730390985834987418e+02 -5.668773185339006204e+00 5.794278604479210948e+00
2.716053429254328648e+02 -5.547052892488728126e+00 5.832313590009599480e+00
2.701756557029330565e+02 -5.429668798926105211e+00 5.870897599182185012e+00
2.687442944849472042e+02 -5.316679023445479046e+00 5.909993453854004208e+00
2.673203736392671885e+02 -5.208216515821249004e+00 5.949638333031920467e+00
2.658981509857988499e+02 -5.104489057836129717e+00 5.989720919062134108e+00
2.644793129014651640e+02 -5.005482130055328938e+00 6.030278528314523712e+00
2.630729743741328548e+02 -4.911404613380981665e+00 6.071199973825469165e+00
2.616659656551985904e+02 -4.822317371832599342e+00 6.112448412437563761e+00
2.602599740639713559e+02 -4.738430386602485278e+00 6.154061341412546682e+00
2.588641156899934117e+02 -4.659731338339542006e+00 6.195853461015816244e+00
2.574800787444424373e+02 -4.586505591212389987e+00 6.237936655611096448e+00
2.560946952610096901e+02 -4.518741924182805292e+00 6.280200005703958865e+00
2.547245112476546751e+02 -4.456801081567554057e+00 6.322606918497497119e+00
2.533563599338914401e+02 -4.400821503802500700e+00 6.365120840921506762e+00
2.520065945552849769e+02 -4.350956546756989063e+00 6.407712509380226962e+00
2.506610794013445229e+02 -4.306971889827388544e+00 6.450381705946815813e+00
2.493277705103232620e+02 -4.268870974626858938e+00 6.493061211668647026e+00
2.480071963785138394e+02 -4.236434931435906215e+00 6.535832400331503145e+00
2.466924580034556413e+02 -4.209445427193203138e+00 6.578702384429555572e+00
2.453840856262253851e+02 -4.187758946217035039e+00 6.621678295137956027e+00
2.440826104215116743e+02 -4.171306787159459795e+00 6.664618711771982618e+00
2.427959928866830239e+02 -4.159797925684722841e+00 6.707679359261374152e+00
2.415099094780635482e+02 -4.153164711906653039e+00 6.750718836586306004e+00
2.402397510983944358e+02 -4.151265732534620057e+00 6.793818597748919608e+00
2.389711963289604739e+02 -4.153885806763487842e+00 6.836911530714282037e+00
2.377122099138755118e+02 -4.161033115907481594e+00 6.880079087874909405e+00
2.364559010397748580e+02 -4.172419214241737784e+00 6.923254148497829163e+00
2.352102367661739777e+02 -4.188201859122250958e+00 6.966443865693388915e+00
2.339683286522561616e+02 -4.208093603788310766e+00 7.009581095877420509e+00
2.327381461841137025e+02 -4.232104626959136695e+00 7.052747245753614003e+00
2.315128033984730678e+02 -4.260097026132129372e+00 7.095875134787751115e+00
2.303002723069390072e+02 -4.292081945650052965e+00 7.138971842210801277e+00
2.290936695168037716e+02 -4.327773869490254555e+00 7.182044420025186504e+00
2.278935413022183525e+02 -4.367259166342024379e+00 7.225025606026239444e+00
2.267004352730327525e+02 -4.410401814895417161e+00 7.267922387348257907e+00
2.255149003926125033e+02 -4.456991963913622179e+00 7.310741713522346252e+00
2.243449153447002686e+02 -4.507043059073266633e+00 7.353341926052976874e+00
2.231761751478834128e+02 -4.560346134547629937e+00 7.395878456037944026e+00
2.220166612714965026e+02 -4.616915506393070245e+00 7.438209552778915601e+00
2.208669282480268237e+02 -4.676691630689387758e+00 7.480341981454622591e+00
2.197201036855991845e+02 -4.739466811972596894e+00 7.522208169301474179e+00
2.185841733303697936e+02 -4.805182328971394412e+00 7.563814769338750743e+00
2.174596960266508461e+02 -4.873928426131622693e+00 7.605094090118067029e+00
2.163472320773472859e+02 -4.945424320427903808e+00 7.646052659519317451e+00
2.152399149032797254e+02 -5.019761027529868969e+00 7.686696938077797192e+00
2.141457361029668505e+02 -5.096732801240261956e+00 7.726959032352120005e+00
2.130578320601927658e+02 -5.176357108799961360e+00 7.766770975340208771e+00
2.119841973531738688e+02 -5.258503203997889841e+00 7.806064723437843078e+00
2.109179713613975764e+02 -5.343189251646059290e+00 7.844920720449432672e+00
2.098671516741898131e+02 -5.430285183885531275e+00 7.883196477130567814e+00
2.088248806970717624e+02 -5.519809824371226803e+00 7.920823702304309322e+00
2.077917307097093271e+02 -5.611559460801397670e+00 7.957882583523198328e+00
2.067757038730015040e+02 -5.705627819352622865e+00 7.994304650273857504e+00
2.057773755356013226e+02 -5.801811786460771003e+00 8.029947054751030322e+00
2.047898942409042888e+02 -5.900131383031609111e+00 8.064815419695255727e+00
2.038138384345348015e+02 -6.000458336521273139e+00 8.098840985275916893e+00
2.028497881211048082e+02 -6.102738920945046885e+00 8.131954890046220186e+00
2.019057532215095705e+02 -6.206993946294756093e+00 8.164162451961642475e+00
2.009748885292716523e+02 -6.313021613870254178e+00 8.195394598955720866e+00
2.000577787684364637e+02 -6.420768923065154787e+00 8.225582150089596922e+00
1.991624386007655971e+02 -6.530331660579436814e+00 8.254655813266492004e+00
1.982820275822161875e+02 -6.641434405061152901e+00 8.282546183014718011e+00
1.974171352209411907e+02 -6.754247634747102325e+00 8.309258021842932607e+00
1.965757809845358679e+02 -6.868570598009226202e+00 8.334647407655893403e+00
1.957583108371323704e+02 -6.984431378938777080e+00 8.358736504923259147e+00
1.949566569376884502e+02 -7.101807177919846836e+00 8.381469346228787032e+00
1.941699346563741813e+02 -7.220681158559292712e+00 8.402956046927782197e+00
1.934046893510659402e+02 -7.341036628145804599e+00 8.423232313688597372e+00
1.926600396735101128e+02 -7.462782743120961904e+00 8.442259442779622702e+00
1.919351059259732040e+02 -7.585828781552713451e+00 8.460147168937968587e+00
1.912290100673148743e+02 -7.710232699113727328e+00 8.476930813297640199e+00
1.905334473684216903e+02 -7.835903984052243310e+00 8.492496998397450980e+00
1.898549714681842886e+02 -7.962752213190114503e+00 8.507029347781147166e+00
1.891927093274500180e+02 -8.090835607937314933e+00 8.520562783642427362e+00
1.885457895833796442e+02 -8.219989605809830735e+00 8.532983525559718174e+00
1.879133425528859220e+02 -8.350272550499806101e+00 8.544400506818067953e+00
1.872945002353320660e+02 -8.481594263446888604e+00 8.554848239283099787e+00
1.866883963144191227e+02 -8.613864599959212498e+00 8.564286812359123147e+00
1.860941661591878642e+02 -8.746993438365125328e+00 8.572824742528711184e+00
1.855183751743162759e+02 -8.881113519711396620e+00 8.580421838448380356e+00
1.849527337483956444e+02 -9.015986168976048987e+00 8.587037767132423838e+00
1.844038106528649053e+02 -9.151669835868830205e+00 8.592854903712064285e+00
1.838633196377951720e+02 -9.288074383142392421e+00 8.597684062739363142e+00
1.833304044782110793e+02 -9.425035359471923613e+00 8.601707332607984924e+00
1.828190673186452955e+02 -9.562611122896134574e+00 8.604809523497726431e+00
1.823135985646249537e+02 -9.700637129289894744e+00 8.607098151429832811e+00
1.818131469757940692e+02 -9.839097339423716448e+00 8.608457736860060550e+00
1.813317196561306162e+02 -9.977901358065492943e+00 8.609069788873892293e+00
1.808536119412249263e+02 -1.011703299065969652e+01 8.608744253410936409e+00
1.803928341875896706e+02 -1.025625309905944960e+01 8.607662348105369787e+00
1.799411133067288802e+02 -1.039561957585692298e+01 8.605708010646967665e+00
1.794976061504515314e+02 -1.053496734975250604e+01 8.602839316244656587e+00
1.790688994936691358e+02 -1.067419065282786939e+01 8.599237044649552075e+00
1.786467249649261078e+02 -1.081323558223936132e+01 8.594710412219523477e+00
1.782376724271688602e+02 -1.095198866509138291e+01 8.589439907094773119e+00
1.778334765550125951e+02 -1.109034370380255830e+01 8.583234454389026880e+00
1.774407302125281092e+02 -1.122816462465898724e+01 8.576199967993286322e+00
1.770660277280715604e+02 -1.136534489501488565e+01 8.568293649906838283e+00
1.766936798174418755e+02 -1.150176294368783836e+01 8.559546841155086128e+00
1.763377120081533747e+02 -1.163728215155775025e+01 8.549842171756331766e+00
1.759824378086207162e+02 -1.177180284072377958e+01 8.539284978772162304e+00
1.756418854800554925e+02 -1.190518055346751503e+01 8.527831889396132681e+00
1.753152279036343657e+02 -1.203728546998604543e+01 8.515439388622946026e+00
1.749904967231250055e+02 -1.216796748619660740e+01 8.502138103477809850e+00
1.746780098874127702e+02 -1.229707774712766799e+01 8.487809953298274479e+00
1.743754583697005387e+02 -1.242446863822369885e+01 8.472559568098224858e+00
1.740827628324353782e+02 -1.255000120513460793e+01 8.456342871968882235e+00
1.737991022507621892e+02 -1.267351914606851970e+01 8.439041367556450624e+00
1.735251423803683224e+02 -1.279486886006072588e+01 8.420759271108842370e+00
1.732608072144767561e+02 -1.291388161080629615e+01 8.401452096061127861e+00
1.730067646153503063e+02 -1.303035123363762082e+01 8.381000937697068665e+00
1.727621977701489016e+02 -1.314410098286552753e+01 8.359509608378910883e+00
1.725277764915282717e+02 -1.325493895403229594e+01 8.336858937812840153e+00
1.723034286727200595e+02 -1.336268036148811866e+01 8.313078191902150138e+00
1.720890127224584489e+02 -1.346719428059793344e+01 8.288132318027122025e+00
1.718855921147639663e+02 -1.356854388913929021e+01 8.262026513167892716e+00
1.716911894184660810e+02 -1.366686106855894600e+01 8.234850225766864540e+00
1.715060564620569608e+02 -1.376223279257793486e+01 8.206544212413396266e+00
1.713304457883894543e+02 -1.385477540415281794e+01 8.177271956993756419e+00
1.711631249445740082e+02 -1.394459746738474415e+01 8.146899687869172624e+00
1.710036049472552122e+02 -1.403180718973596086e+01 8.115590647649048250e+00
1.708521402431386207e+02 -1.411652727280713471e+01 8.083359393986254915e+00
1.707082429998637565e+02 -1.419875376797411093e+01 8.050146084946410596e+00
1.705714259024101693e+02 -1.427871263171016203e+01 8.016039331437958992e+00
1.704412021149997258e+02 -1.435633230745091460e+01 7.981053348682369375e+00
1.703193137486436513e+02 -1.443168942156798806e+01 7.945276525251077970e+00
1.702037891440378417e+02 -1.450478592804933697e+01 7.908648574643425633e+00
1.700956283505445867e+02 -1.457577195442669904e+01 7.871183387932084941e+00
1.699950889155243487e+02 -1.464457437991776345e+01 7.833043319455032183e+00
1.699009430144969883e+02 -1.471134253233298139e+01 7.794167771542930723e+00
1.698134487571813338e+02 -1.477607676669386905e+01 7.754570330818434165e+00
1.697328644841549306e+02 -1.483877702860968917e+01 7.714264487031035067e+00
1.696579630642964105e+02 -1.489944285089122467e+01 7.673337918943789582e+00
1.695890032031643955e+02 -1.495822191741265605e+01 7.631729646255568156e+00
1.695255009069880998e+02 -1.501503864269991873e+01 7.589527166084872434e+00
1.694669722875361515e+02 -1.506989130328576110e+01 7.546817888481231584e+00
1.694129335327271235e+02 -1.512292631880145422e+01 7.503466288475271639e+00
1.693636437130115553e+02 -1.517406683229771858e+01 7.459559609690617599e+00
1.693186190834046556e+02 -1.522330984233145834e+01 7.415110732968652307e+00
1.692781187263136360e+02 -1.527065191778253883e+01 7.370206746044341450e+00
1.692409160199032101e+02 -1.531601491291191230e+01 7.324860379246334929e+00
1.692072699522604466e+02 -1.535946881666961517e+01 7.279010008234550355e+00
1.691774394259942937e+02 -1.540086033422101863e+01 7.232742507275842669e+00
1.691501975633755990e+02 -1.544033287073913563e+01 7.186070401533370955e+00
1.691258030221188733e+02 -1.547780654639596776e+01 7.139006153392736032e+00
1.691030286314065734e+02 -1.551320104661031785e+01 7.091636448812850269e+00
1.690828755435311166e+02 -1.554650990551961875e+01 7.043825066187136663e+00
1.690641162006005516e+02 -1.557765193917014912e+01 6.995732863752958330e+00
1.690462656517774178e+02 -1.560661981294051159e+01 6.947372081487297457e+00
1.690295815306507166e+02 -1.563340575867757387e+01 6.898680627536606380e+00
1.690120926926843481e+02 -1.565792729204906841e+01 6.849670648163851183e+00
1.689955418730891097e+02 -1.568010149711468770e+01 6.800502814205599655e+00
1.689787001493431262e+02 -1.569984502760463485e+01 6.751040623022267262e+00
1.689610810940835677e+02 -1.571699982490221359e+01 6.701444669491808170e+00
1.689421979178237905e+02 -1.573163025374181601e+01 6.651652664472574195e+00
1.689230491166737238e+02 -1.574350311957898896e+01 6.601750855300644538e+00
1.689016614397485796e+02 -1.575260765519124107e+01 6.551676894767323844e+00
1.688790325467754201e+02 -1.575878410544131647e+01 6.501591261619821260e+00
1.688531883051140312e+02 -1.576194658024924244e+01 6.451357279030696112e+00
1.688251254469620619e+02 -1.576200877373982756e+01 6.401061102099312450e+00
1.687943545359679547e+02 -1.575888396707455286e+01 6.350788870323406776e+00
1.687588999437312509e+02 -1.575241074795961005e+01 6.300552427069058936e+00
1.687197568361737865e+02 -1.574250158083684070e+01 6.250289322534811731e+00
1.686756913042978852e+02 -1.572906852673941813e+01 6.200085667213366847e+00
1.686263407148963722e+02 -1.571199371814259216e+01 6.149947867449525596e+00
1.685718579557853616e+02 -1.569141219414048471e+01 6.099860661240863458e+00
1.685132671409751595e+02 -1.566735478931695269e+01 6.049877655286326927e+00
1.684493632103818186e+02 -1.564007480044933018e+01 5.999978177757026465e+00
1.683811689145024388e+02 -1.560960228966853691e+01 5.950067281177559231e+00
1.683089634486060788e+02 -1.557611550630221409e+01 5.900272879298462669e+00
1.682330252618421298e+02 -1.553964375734819470e+01 5.850574332426243807e+00
1.681536320311531085e+02 -1.550036454611865366e+01 5.800876733747030833e+00
1.680710606350527598e+02 -1.545830644301278411e+01 5.751308046135421570e+00
1.679848442922894094e+02 -1.541372050795815696e+01 5.701773403914787153e+00
1.678952582055438256e+02 -1.536648602746391745e+01 5.652326533120525021e+00
1.678033195350873825e+02 -1.531685335486129951e+01 5.602946903717773708e+00
1.677078160324080329e+02 -1.526484964763955077e+01 5.553688299305094667e+00
1.676105058592394244e+02 -1.521057600695046830e+01 5.504530252780813093e+00
1.675101748814055043e+02 -1.515405891623462864e+01 5.455452332488527567e+00
1.674078364882968231e+02 -1.509547309749519783e+01 5.406434144831091970e+00
1.673022745573466068e+02 -1.503484438318747429e+01 5.357603903859646799e+00
1.671945004392013061e+02 -1.497234685625991801e+01 5.308867016314585463e+00
1.670847815931060723e+02 -1.490793143880240379e+01 5.260203218157651683e+00
1.669718987279036639e+02 -1.484169731584738372e+01 5.211740860564415101e+00
1.668576027888163651e+02 -1.477378794488110891e+01 5.163311211366643505e+00
1.667399294195344339e+02 -1.470424992372781148e+01 5.115117008998661063e+00
1.666198844555063658e+02 -1.463312956576402613e+01 5.067063913364755479e+00
1.664977297277003174e+02 -1.456045804999936166e+01 5.019131925706881603e+00
1.663729830423804117e+02 -1.448628856972688972e+01 4.971449674427078413e+00
1.662451609968613866e+02 -1.441064434108628767e+01 4.923997283361543076e+00
1.661152646313073831e+02 -1.433358546534422651e+01 4.876754941033106583e+00
1.659828080714556791e+02 -1.425512722428046963e+01 4.829851469866649261e+00
1.658480470176490940e+02 -1.417532922773780513e+01 4.783192910849239254e+00
1.657097502249018248e+02 -1.409423599427215557e+01 4.736833943176869788e+00
1.655689136643975132e+02 -1.401189924375758089e+01 4.690829319344788750e+00
1.654250463360098138e+02 -1.392837047668936279e+01 4.645233867203055311e+00
1.652776559273090697e+02 -1.384370841028312071e+01 4.599953924966914798e+00
1.651262488038625804e+02 -1.375795670126513848e+01 4.555118760703654068e+00
1.649703300009023508e+02 -1.367116623885252302e+01 4.510634873250310761e+00
1.648108888864321671e+02 -1.358340258111728005e+01 4.466631695119090750e+00
1.646466849805638049e+02 -1.349468653627862125e+01 4.423090176832189968e+00
1.644772192914886659e+02 -1.340505731185055360e+01 4.379991355730404656e+00
1.643027343127627660e+02 -1.331455618051325551e+01 4.337464924737172822e+00
1.641227283519519631e+02 -1.322321534589693215e+01 4.295492100062432428e+00
1.639366983657491232e+02 -1.313107280765364493e+01 4.254128473377920550e+00
1.637448827964749967e+02 -1.303815379901049454e+01 4.213355446433148188e+00
1.635460330698369944e+02 -1.294450793700173108e+01 4.173228799633839081e+00
1.633403849391954452e+02 -1.285015500403993371e+01 4.133804410064447765e+00
1.631274299859505561e+02 -1.275512952658709587e+01 4.095063969461547160e+00
1.629059156262622992e+02 -1.265945849870962370e+01 4.057137836147124865e+00
1.626768164590822607e+02 -1.256317624741516426e+01 4.020007902393693655e+00
1.624388772651002739e+02 -1.246630958461333805e+01 3.983730446255196789e+00
1.621908415220228790e+02 -1.236888524414639789e+01 3.948361849335554119e+00
1.619344227559302851e+02 -1.227093731883318561e+01 3.913884314504012085e+00
1.616670467391832062e+02 -1.217250501539773566e+01 3.880415392213122594e+00
1.613897914615797049e+02 -1.207361847350385631e+01 3.847870871537958593e+00
1.611031613615199376e+02 -1.197429810742148426e+01 3.816153324294502269e+00
1.608076596399312166e+02 -1.187457172518835691e+01 3.785388281897726248e+00
1.605037882757962109e+02 -1.177449682233316075e+01 3.755404251784359992e+00
1.601913052072975745e+02 -1.167405659362262682e+01 3.726252702813044326e+00
1.598714528536302169e+02 -1.157323422518702039e+01 3.697836648576181329e+00
1.595439867921324719e+02 -1.147218375516552591e+01 3.670133498672802475e+00
1.592094042810126382e+02 -1.137076209619118927e+01 3.643120775911984577e+00
1.588682014423217197e+02 -1.126912331191714856e+01 3.616850400461192994e+00
1.585208732802274199e+02 -1.116712435745294840e+01 3.591374406929110030e+00
1.581679136994924875e+02 -1.106491935578572772e+01 3.566522094382422292e+00
1.578090726890669089e+02 -1.096243962160340324e+01 3.542345727823790646e+00
1.574448420108277276e+02 -1.085969080358018601e+01 3.518897688085539599e+00
1.570757123832555351e+02 -1.075675289258179568e+01 3.496156188666367015e+00
1.567021735000897706e+02 -1.065370594629322376e+01 3.474025276008235519e+00
1.563239712138589539e+02 -1.055048153026461399e+01 3.452483396715951169e+00
1.559415932243357759e+02 -1.044715985988828599e+01 3.431583397709087269e+00
1.555547834266988900e+02 -1.034382124127296443e+01 3.411229675803889805e+00
1.551640275995589775e+02 -1.024039751202587567e+01 3.391549595252620897e+00
1.547698105876431498e+02 -1.013711774995922710e+01 3.372299219687858063e+00
1.543718734841799574e+02 -1.003383972915988132e+01 3.353680430551960079e+00
1.539706993180397205e+02 -9.930718479001287236e+00 3.335598091911920804e+00
1.535660274004349048e+02 -9.827686307009342315e+00 3.318031467749815722e+00
1.531583390113708845e+02 -9.724898507151891636e+00 3.301034221679192804e+00
1.527481145806644349e+02 -9.622361949488798416e+00 3.284660133097927037e+00
1.523343480335807669e+02 -9.520083654224981373e+00 3.268740246275275929e+00
1.519182609812936278e+02 -9.418070798641421604e+00 3.253402854403906641e+00
1.514995885607552850e+02 -9.316553574414294658e+00 3.238627798059761531e+00
1.510780651194186532e+02 -9.215390926285015993e+00 3.224320748120637070e+00
1.506541670646311388e+02 -9.114813393651699513e+00 3.210610339133947999e+00
1.502276272076806549e+02 -9.014754565487711702e+00 3.197402467602113774e+00
1.497981776126714806e+02 -8.915371071172884854e+00 3.184751708738775555e+00
1.493670352802198238e+02 -8.816671169165955391e+00 3.172638465149271170e+00
1.489331879858064553e+02 -8.718811887069165323e+00 3.160968965963685928e+00
1.484963656332319601e+02 -8.621727610038499634e+00 3.149872399926064936e+00
1.480577831029207800e+02 -8.525650071090957738e+00 3.139403780410658928e+00
1.476164260900496288e+02 -8.430514088739984757e+00 3.129395377391325450e+00
1.471727652929522208e+02 -8.336477557032933916e+00 3.119976700882565623e+00
1.467265279214045393e+02 -8.243698600426991874e+00 3.111203082300934675e+00
1.462774405451457653e+02 -8.152112728527599828e+00 3.103055673290275429e+00
1.458259719425919627e+02 -8.061878542210788368e+00 3.095515728002134814e+00
1.453718474447237270e+02 -7.973154888083543668e+00 3.088638885329835659e+00
1.449155346193780645e+02 -7.885952296306249387e+00 3.082480884092622553e+00
1.444560147807779913e+02 -7.800355835786316305e+00 3.076948994673419424e+00
1.439937543446504549e+02 -7.716599402224735726e+00 3.072024868126456809e+00
1.435284763386382565e+02 -7.634694305004471104e+00 3.067913101741150061e+00
1.430599032533294519e+02 -7.554726405457494742e+00 3.064446969540782995e+00
1.425884998938522301e+02 -7.476856120977029896e+00 3.061682688782374484e+00
1.421132448919792921e+02 -7.401169861979144393e+00 3.059602284388909244e+00
1.416346576048466659e+02 -7.327791360630348194e+00 3.058328581462042894e+00
1.411534790857871826e+02 -7.256695664725401507e+00 3.057804500440739925e+00
1.406682769761216605e+02 -7.187746584001334149e+00 3.057965191645282577e+00
1.401813326645485631e+02 -7.120808219112346293e+00 3.058745889982324329e+00
1.396912129576406016e+02 -7.055893531859551260e+00 3.060230480222716043e+00
1.391979699465486533e+02 -6.992941497757035663e+00 3.062354361234143951e+00
1.387031410293251383e+02 -6.931742825450858625e+00 3.065127294702270522e+00
1.382060347589217884e+02 -6.872311376999895138e+00 3.068410552809031966e+00
1.377074450422344682e+02 -6.814587036480198812e+00 3.072288333904260149e+00
1.372066798247134329e+02 -6.758509995946759830e+00 3.076770626629304672e+00
1.367045324559513233e+02 -6.704020757736888214e+00 3.081718924523672243e+00
1.362003103758281100e+02 -6.650985853114032231e+00 3.087217641623477782e+00
1.356955493166132385e+02 -6.599494978266370993e+00 3.093202693012599980e+00
1.351895563204929829e+02 -6.549415295121533198e+00 3.099684343372736794e+00
1.346823811080110431e+02 -6.500614283524218884e+00 3.106598638000858781e+00
1.341740732720033975e+02 -6.453182593253290911e+00 3.113881684315046527e+00
1.336654251421548167e+02 -6.407062627857657233e+00 3.121692500347339028e+00
1.331564861449982118e+02 -6.362122829345033814e+00 3.129818744691910126e+00
1.326465628344224115e+02 -6.318380529713042648e+00 3.138270982477175952e+00
1.321364474276523708e+02 -6.275779101301997009e+00 3.147134116297712669e+00
1.316261893314072893e+02 -6.234336524496344900e+00 3.156270250126908206e+00
1.311158380084194164e+02 -6.193996821251696261e+00 3.165764388241308680e+00
1.306054430091109566e+02 -6.154852905969815602e+00 3.175553015604997142e+00
1.300957968384061871e+02 -6.116775168188530287e+00 3.185646946262369994e+00
1.295862064824728748e+02 -6.079857173634107603e+00 3.196057037710264837e+00
1.290774647805892812e+02 -6.044118530083379959e+00 3.206794188762676967e+00
1.285696219517047609e+02 -6.009504887070856505e+00 3.217869337406463082e+00
1.280634712959121657e+02 -5.976036502435768227e+00 3.229144891643880744e+00
1.275575778854762774e+02 -5.943733958197005229e+00 3.240706144845167280e+00
1.270527356057356769e+02 -5.912543876263937292e+00 3.252564139572110324e+00
1.265504815153499436e+02 -5.882561767993399471e+00 3.264581381903317592e+00
1.260486388659120820e+02 -5.853809182568896929e+00 3.276843256769489177e+00
1.255487454813517729e+02 -5.826159422222473516e+00 3.289286608259511802e+00
1.250508539412307556e+02 -5.799783241813097234e+00 3.301848304440640369e+00
1.245550172785100642e+02 -5.774628862712336996e+00 3.314613802176049617e+00
1.240612890064488880e+02 -5.750719105058753833e+00 3.327520010925542504e+00
1.235697231446231967e+02 -5.728225669347296822e+00 3.340503857560256584e+00
1.230811170790313867e+02 -5.707097716847788327e+00 3.353650851177018666e+00
1.225955259161353155e+02 -5.687359001391580904e+00 3.366823663395771771e+00
1.221122625059155808e+02 -5.669107866995608980e+00 3.380182110688317643e+00
1.216321259689243135e+02 -5.652368678330810248e+00 3.393588884171673925e+00
1.211559160471014280e+02 -5.637166101549503594e+00 3.407055248439316841e+00
1.206822046184248904e+02 -5.623673668468596176e+00 3.420518188873692633e+00
1.202132783956741946e+02 -5.611768072588722234e+00 3.434063259978246574e+00
1.197469677585393981e+02 -5.601623434006250513e+00 3.447627449197336436e+00
1.192855607901181969e+02 -5.593265595151084568e+00 3.461073458254874335e+00
1.188283749416732746e+02 -5.586794967909903598e+00 3.474561118509972069e+00
1.183747283865535707e+02 -5.582163679600260942e+00 3.487953120788028549e+00
1.179261685379160980e+02 -5.579621270335570316e+00 3.501260714255574058e+00
1.174827578850896828e+02 -5.579120421226400950e+00 3.514569420787243992e+00
1.170444810792602652e+02 -5.580804998202118838e+00 3.527671089007155203e+00
1.166110091585634194e+02 -5.584542820096865867e+00 3.540742864724250705e+00
1.161826781754464264e+02 -5.590392882388730555e+00 3.553816783297118587e+00
1.157590821284876483e+02 -5.598191588711827649e+00 3.566702010374613874e+00
1.153405586386140982e+02 -5.607849880488327443e+00 3.579653391349503444e+00
1.149259604492606854e+02 -5.619353232439719292e+00 3.592480047274683397e+00
1.145156267708258753e+02 -5.632464513980677268e+00 3.605213924347937304e+00
1.141091547791326661e+02 -5.647243969036099820e+00 3.617961224886148575e+00
1.137076281232816797e+02 -5.663529226722067378e+00 3.630605271312457916e+00
1.133091599175845374e+02 -5.681232430456452320e+00 3.643252205187347936e+00
1.129148354232217315e+02 -5.700340232964950182e+00 3.655785284229521981e+00
1.125235122039656375e+02 -5.720765224190637710e+00 3.668236297885189234e+00
1.121355343017156940e+02 -5.742420209623136707e+00 3.680636998401626947e+00
1.117512465664386951e+02 -5.765143921537782212e+00 3.692944815426057126e+00
1.113702518207865495e+02 -5.789072431168218458e+00 3.705191421135806795e+00
1.109928965295081440e+02 -5.814044875268285395e+00 3.717408444885721863e+00
1.106180422935262726e+02 -5.839974868131296404e+00 3.729553187881343934e+00
1.102460371890445288e+02 -5.866924779527351141e+00 3.741582904883799188e+00
1.098779729314476441e+02 -5.894660028054855339e+00 3.753529085942411747e+00
1.095119706990841735e+02 -5.923317626963942040e+00 3.765348887648518161e+00
1.091498666474366388e+02 -5.952737626872861121e+00 3.777147981931399556e+00
1.087905263929348081e+02 -5.982908810962928037e+00 3.788809136864833338e+00
1.084335591872620768e+02 -6.013894405600317405e+00 3.800437916032739061e+00
1.080808035867742802e+02 -6.045460656895225604e+00 3.811916975897285287e+00
1.077303847718963965e+02 -6.077745376246796560e+00 3.823277481727961558e+00
1.073826572271828184e+02 -6.110589382796882241e+00 3.834476255544970513e+00
1.070387190714192513e+02 -6.143982198378273196e+00 3.845618625112861011e+00
1.066974407179893518e+02 -6.177913474403194272e+00 3.856512721447826308e+00
1.063591790507995114e+02 -6.212372985720135965e+00 3.867338028899414137e+00
1.060242917553713085e+02 -6.247202057432187594e+00 3.877976832225110027e+00
1.056923944853072612e+02 -6.282464976202644991e+00 3.888385632738533992e+00
1.053638465341777106e+02 -6.318077566508386589e+00 3.898595146984562998e+00
1.050382651676454770e+02 -6.354030034889389000e+00 3.908636021952140105e+00
1.047160112960150542e+02 -6.390238396664806864e+00 3.918390266825539925e+00
1.043967038069847462e+02 -6.426767320144038287e+00 3.927888385792229542e+00
1.040821909088255950e+02 -6.463607269808335332e+00 3.937160809878049061e+00
1.037713502885316643e+02 -6.500674499988615018e+00 3.946163612327854064e+00
1.034645461255010588e+02 -6.538108182545156133e+00 3.954852791034705106e+00
1.031621434251828759e+02 -6.575750416014983557e+00 3.963258551013167263e+00
1.028645080228913145e+02 -6.613666203792535114e+00 3.971336736409790014e+00
1.025720065876853226e+02 -6.651772030281840387e+00 3.979043113066232262e+00
1.022842637912324477e+02 -6.690207272078269263e+00 3.986407651127984675e+00
1.020016479816998611e+02 -6.728739923625899344e+00 3.993311673689122543e+00
1.017237855174324181e+02 -6.767435142428343653e+00 3.999859273503420631e+00
1.014525321106058584e+02 -6.806283825238852891e+00 4.005931611214696986e+00
1.011860301503370181e+02 -6.845276885282945756e+00 4.011558332161655471e+00
1.009253942209101211e+02 -6.884256678994185918e+00 4.016620431707438321e+00
1.006717397642980956e+02 -6.923436984296274410e+00 4.021221672139088987e+00
1.004232117422387489e+02 -6.962585875867084440e+00 4.025242881087132574e+00
1.001824129881457139e+02 -7.001842837487830984e+00 4.028639085017737820e+00
9.994812217072181681e+01 -7.041124471535889384e+00 4.031448994925588281e+00
9.972090391802139209e+01 -7.080495861362221532e+00 4.033674897395430392e+00
9.950047003364259979e+01 -7.119873480238151586e+00 4.035328479240950728e+00
9.928579034786943680e+01 -7.159248052177821009e+00 4.036421341014709618e+00
9.907657838584658805e+01 -7.198684545956446357e+00 4.037039280231000227e+00
9.887329136482405545e+01 -7.238025035166876897e+00 4.037119440625914102e+00
9.867490168539751494e+01 -7.277408676854779657e+00 4.036747445982047822e+00
9.848112543192594615e+01 -7.316751721172950695e+00 4.035860265979891004e+00
9.829167953183710438e+01 -7.356044639619785386e+00 4.034587920217253654e+00
9.810702458393805614e+01 -7.395203552322429097e+00 4.032874632300528894e+00
9.792613634555318924e+01 -7.434293072894526233e+00 4.030746250453467461e+00
9.774873422871806383e+01 -7.473229168841247549e+00 4.028228535709476255e+00
9.757528129018963625e+01 -7.512150573554239763e+00 4.025332305301003721e+00
9.740475571526465615e+01 -7.550898796346215747e+00 4.022068289494277415e+00
9.723836498067913681e+01 -7.589463818090283809e+00 4.018461988467834978e+00
9.707508883111906073e+01 -7.627984085918625645e+00 4.014523959132787922e+00
9.691465060488010863e+01 -7.666300806982964566e+00 4.010257243747010314e+00
9.675751721834387808e+01 -7.704477927826268946e+00 4.005687083622064826e+00
9.660341347934611633e+01 -7.742430711805257104e+00 4.000816349369065605e+00
9.645206490459538884e+01 -7.780222868118348956e+00 3.995655254687731528e+00
9.630319770107779220e+01 -7.817843696400814224e+00 3.990213928444223512e+00
9.615653874651950161e+01 -7.855133798411427115e+00 3.984487558438107424e+00
9.601255840398007990e+01 -7.892156490822374693e+00 3.978486105309387622e+00
9.587024199550879189e+01 -7.928900666576607748e+00 3.972219446382005970e+00
9.573080395522316621e+01 -7.965280790346642270e+00 3.965689947894704748e+00
9.559248796137595150e+01 -8.001359744593834478e+00 3.958907322319061617e+00
9.545650959315402417e+01 -8.036977407701940024e+00 3.951866343961989436e+00
9.532259929655822361e+01 -8.072196350734040848e+00 3.944569134704607460e+00
9.518974519496417486e+01 -8.106930415758759167e+00 3.937017736374326837e+00
9.505916440434391745e+01 -8.141241845797299703e+00 3.929214111500601625e+00
9.492984599790310085e+01 -8.174969863347197219e+00 3.921152715753130735e+00
9.480226515574243251e+01 -8.208250651036514967e+00 3.912842783812988667e+00
9.467615463414934140e+01 -8.240848796339440341e+00 3.904278616823258385e+00
9.455199040993019821e+01 -8.272825839439285289e+00 3.895447011621413491e+00
9.442876314961459627e+01 -8.304168852159746095e+00 3.886356975052265295e+00
9.430769235893876612e+01 -8.334716151010459484e+00 3.876995154807512112e+00
9.418851218223902322e+01 -8.364602994854974938e+00 3.867355553796242518e+00
9.407021421223288371e+01 -8.393593030147199485e+00 3.857439531142198508e+00
9.395401880518699045e+01 -8.421821122821882000e+00 3.847233518157435306e+00
9.383966088124671501e+01 -8.449050520242503026e+00 3.836731304443979251e+00
9.372613273536759948e+01 -8.475341399804799281e+00 3.825934038970644657e+00
9.361465535383922543e+01 -8.500605165111609907e+00 3.814813089423827019e+00
9.350496421616024634e+01 -8.524827293779702941e+00 3.803369470136376496e+00
9.339605210769344978e+01 -8.547918767844294052e+00 3.791581844786815925e+00
9.328914043807441203e+01 -8.569790354781993358e+00 3.779458526025700316e+00
9.318322221009115935e+01 -8.590352605142740572e+00 3.766970621521063212e+00
9.307951900962108027e+01 -8.609664417298866113e+00 3.754111461980717657e+00
9.297702397605544888e+01 -8.627635901292103782e+00 3.740859460643374490e+00
9.287695879383555564e+01 -8.644028376803959191e+00 3.727215256293903156e+00
9.277831666451544379e+01 -8.658974355757681707e+00 3.713149716096717956e+00
9.268228014503586110e+01 -8.672326172278415513e+00 3.698661932608147573e+00
9.258838949170781518e+01 -8.684145803522547169e+00 3.683767503465961379e+00
9.249614577977702368e+01 -8.694519607953761664e+00 3.668480540970740389e+00
9.240579287893584137e+01 -8.703503998855476098e+00 3.652822532896706331e+00
9.231757460466785403e+01 -8.711147728045967042e+00 3.636807487175309550e+00
9.223099187038276625e+01 -8.717514169711146010e+00 3.620456789998280911e+00
9.214554551036054875e+01 -8.722651605903802619e+00 3.603784350537727388e+00
9.206147910342301088e+01 -8.726615510613539684e+00 3.586804030734565885e+00
9.197829329221542594e+01 -8.729468548905201075e+00 3.569537075104104229e+00
9.189623144323108761e+01 -8.731258291126421156e+00 3.551997255507554740e+00
9.181479396732878229e+01 -8.732024640636337764e+00 3.534198300990536890e+00
9.173422398088881380e+01 -8.731799833304688008e+00 3.516146470936802437e+00
9.165402162735429670e+01 -8.730630722182686654e+00 3.497870269988461178e+00
9.157442973929354935e+01 -8.728556492193611405e+00 3.479375879478458167e+00
9.149569099575107600e+01 -8.725608659995684135e+00 3.460676872379711444e+00
9.141730507989454679e+01 -8.721818502316772026e+00 3.441786786516671359e+00
9.133951434196987407e+01 -8.717231912761224777e+00 3.422719126140201684e+00
9.126181812232258039e+01 -8.711864831936408038e+00 3.403487363514886344e+00
9.118445841461849000e+01 -8.705740389553735525e+00 3.384097512167951738e+00
9.110693418900088147e+01 -8.698881476549768621e+00 3.364562985200088452e+00
9.102948705531676410e+01 -8.691310745678851646e+00 3.344860026804777231e+00
9.095235842117649838e+01 -8.683043183876607785e+00 3.325091137604352820e+00
9.087430381483561348e+01 -8.674108398144849019e+00 3.305202798980115819e+00
9.079556421801625277e+01 -8.664520903104753202e+00 3.285163755126161433e+00
9.071712322333877410e+01 -8.654272693720159282e+00 3.265017013156399361e+00
9.063773568636391076e+01 -8.643377816591229390e+00 3.244879844766386245e+00
9.055764189249805440e+01 -8.631820372812383013e+00 3.224572370388388620e+00
9.047708187832124338e+01 -8.619599089500264100e+00 3.204211828883749114e+00
9.039629542252579597e+01 -8.606719892985490006e+00 3.183841161706588707e+00
9.031403636633520193e+01 -8.593181053768361721e+00 3.163429014582983090e+00
9.023202961362814278e+01 -8.578965759937867475e+00 3.142944022694472039e+00
9.014902844019744066e+01 -8.564064404102985861e+00 3.122429095862547577e+00
9.006527149283253664e+01 -8.548467157032941799e+00 3.101852853225449902e+00
8.998025427264235532e+01 -8.532149113055268685e+00 3.081332475426270090e+00
8.989421479296923678e+01 -8.515100005661601301e+00 3.060762288778795970e+00
8.980739073169921483e+01 -8.497294496415895182e+00 3.040185184454924805e+00
8.971853374803224312e+01 -8.478721890766832914e+00 3.019644053150134066e+00
8.962862364393021153e+01 -8.459356427158436276e+00 2.999107503245768580e+00
8.953641133981841449e+01 -8.439172136339937680e+00 2.978618429472115192e+00
8.944287587014672170e+01 -8.418127987370281673e+00 2.958145447553569340e+00
8.934751019327211452e+01 -8.396190175466989203e+00 2.937731462854727305e+00
8.924980684615447046e+01 -8.373317268194316654e+00 2.917270821503837208e+00
8.915074359873976562e+01 -8.349475065140499197e+00 2.896955013027396220e+00
8.904906926290621527e+01 -8.324629172629657958e+00 2.876678403937306783e+00
8.894501785145669714e+01 -8.298730150166182540e+00 2.856409656836972566e+00
8.883882289179213387e+01 -8.271743227060619930e+00 2.836266015502693527e+00
8.873071740955593611e+01 -8.243618592330740569e+00 2.816216172436826426e+00
8.861870540719046119e+01 -8.214298826428420242e+00 2.796228837419085345e+00
8.850450452782645527e+01 -8.183741189738508837e+00 2.776347022537503317e+00
8.838686052387602388e+01 -8.151887912694894212e+00 2.756539476693007806e+00
8.826605265450699278e+01 -8.118725657169489907e+00 2.736847355053344533e+00
8.814255320980348074e+01 -8.084300469831092073e+00 2.717229956394718648e+00
8.801539661544103410e+01 -8.048680551088532198e+00 2.697793272178718116e+00
8.788584518956899672e+01 -8.011926514449637438e+00 2.678346186002670493e+00
8.775367495324105960e+01 -7.974083961990033664e+00 2.659069026523271262e+00
8.761940412160872427e+01 -7.935228058325695777e+00 2.639845017311019504e+00
8.748206458559539556e+01 -7.895411536081782700e+00 2.620780262719679676e+00
8.734291607446685646e+01 -7.854686984910860481e+00 2.601758048197603479e+00
8.720098913388383721e+01 -7.813114283854780240e+00 2.582810259100229544e+00
8.705828496009546313e+01 -7.770745748697786226e+00 2.563968814958229370e+00
8.691234703957685781e+01 -7.727626136059375206e+00 2.545265670723099838e+00
8.676517516013485931e+01 -7.683800075874433588e+00 2.526584250979928559e+00
8.661653988745106858e+01 -7.639326932258314606e+00 2.508030868649182121e+00
8.646621106292468539e+01 -7.594251094302932437e+00 2.489637592137225575e+00
8.631395779747393249e+01 -7.548616837004638036e+00 2.471213679462706647e+00
8.615954846639618836e+01 -7.502468325519924264e+00 2.452939847378474258e+00
8.600423637535887167e+01 -7.455849619447288745e+00 2.434774004423849725e+00
8.584778841733316312e+01 -7.408782392082733814e+00 2.416674102474479557e+00
8.568922790575412307e+01 -7.361310504850004932e+00 2.398672421257145526e+00
8.552980591385808395e+01 -7.313462869898674334e+00 2.380801285829431180e+00
8.536928709989066988e+01 -7.265268311172942362e+00 2.363018784029118358e+00
8.520669254354933742e+01 -7.216762997147465164e+00 2.345357334400901106e+00
8.504327108856615780e+01 -7.167975588528120667e+00 2.327849403585251942e+00
8.487804233608100901e+01 -7.118934671017521865e+00 2.310378940174656393e+00
8.471225365932475881e+01 -7.069653903042418364e+00 2.293052793057154037e+00
8.454492319897538266e+01 -7.020161733593640818e+00 2.275829294704872385e+00
8.437655404471975373e+01 -6.970479121623886165e+00 2.258815395955144023e+00
8.420690573750013641e+01 -6.920626968854728389e+00 2.241895249239372223e+00
8.403573711269109481e+01 -6.870626124240142296e+00 2.225101626807292288e+00
8.386280630902822963e+01 -6.820497388435295960e+00 2.208541637906860089e+00
8.368935644830212084e+01 -6.770261518269457213e+00 2.192025311924912234e+00
8.351440147052905161e+01 -6.719931802871000670e+00 2.175734150533882527e+00
8.333769748493298835e+01 -6.669521496494151158e+00 2.159626860267213289e+00
8.315899994632016501e+01 -6.619058679695543290e+00 2.143736487096249643e+00
8.297880650195017438e+01 -6.568563978757785193e+00 2.127947566461291906e+00
8.279761416873324720e+01 -6.518035713459855884e+00 2.112367541294574380e+00
8.261369084068130064e+01 -6.467509328345192543e+00 2.097029628492852016e+00
8.242827514684024948e+01 -6.416975685328452528e+00 2.081892819372321846e+00
8.224037661903263086e+01 -6.366440494949033635e+00 2.066990447101065165e+00
8.205048987999020937e+01 -6.315909464112062111e+00 2.052355903596748909e+00
8.185836615130746452e+01 -6.265388300518390352e+00 2.037948356397175420e+00
8.166449893647448732e+01 -6.214867860380649311e+00 2.023801316011454965e+00
8.146789552867647899e+01 -6.164361294575674499e+00 2.009948352736841137e+00
8.126830552857252599e+01 -6.113874339627316523e+00 1.996423096951418508e+00
8.106622085677371103e+01 -6.063397893720791743e+00 1.983259239380237515e+00
8.086139009599168048e+01 -6.012945162797007193e+00 1.970416247832457168e+00
8.065356133793449089e+01 -5.962529379821262410e+00 1.957927934419620764e+00
8.044248219480697060e+01 -5.912156380726624860e+00 1.945753888737573822e+00
8.022789981040185125e+01 -5.861832037029655496e+00 1.934002328534547344e+00
8.001030370577409201e+01 -5.811554831715109337e+00 1.922632965835431529e+00
7.978802699664855425e+01 -5.761339527065115540e+00 1.911673448899422478e+00
7.956266389026687591e+01 -5.711191591154019420e+00 1.901051569323109147e+00
7.933365220741556811e+01 -5.661095637897648913e+00 1.890911622079204601e+00
7.910191501889339349e+01 -5.611162619570134957e+00 1.881026546183137249e+00
7.886688931356336241e+01 -5.561243556636166652e+00 1.871540759720295322e+00
7.862949734608837105e+01 -5.511449526268036081e+00 1.862375891801656858e+00
7.838917530396101085e+01 -5.461817390535712136e+00 1.853527916522696106e+00
7.814610181921474918e+01 -5.412235516804769553e+00 1.844992869383007772e+00
7.790194080961317979e+01 -5.362815199095809504e+00 1.836766847181510620e+00
7.765538447421700141e+01 -5.313593527865227095e+00 1.828771724382125097e+00
7.740661030883410376e+01 -5.264459110234832373e+00 1.821003719959778389e+00
7.715653827591228264e+01 -5.215449207672712362e+00 1.813533397214214027e+00
7.690460230404089259e+01 -5.166675456097830299e+00 1.806282813048909919e+00
7.665097879730333830e+01 -5.118026735410927230e+00 1.799248368237557294e+00
7.639658663930303817e+01 -5.069614873981794112e+00 1.792426523653039894e+00
7.614085869191360700e+01 -5.021403234538238891e+00 1.785739516468763499e+00
7.588397030403092458e+01 -4.973355284499311857e+00 1.779332493844846486e+00
7.562609648013207675e+01 -4.925583166233343135e+00 1.773053528059104433e+00
7.536815471884752071e+01 -4.877976282721157020e+00 1.767047884147820991e+00
7.510883367643104691e+01 -4.830647001667592200e+00 1.761163751478826089e+00
7.484905018055799530e+01 -4.783559241004474494e+00 1.755472227834379062e+00
7.458897789401326861e+01 -4.736751322330937874e+00 1.749895901436435031e+00
7.432804731867500436e+01 -4.690187406756971100e+00 1.744580267969426224e+00
7.406791713985106185e+01 -4.643906064671406320e+00 1.739448029048079603e+00
7.380653155062447013e+01 -4.597945994915331624e+00 1.734421942180560894e+00
7.354480577198509650e+01 -4.552346027370205661e+00 1.729573387201999157e+00
7.328365471804862352e+01 -4.506996558451805690e+00 1.724899515168738517e+00
7.302176449676041159e+01 -4.462085254534489565e+00 1.720397531235992705e+00
7.276004942632823713e+01 -4.417502786249872138e+00 1.715990410504236285e+00
7.249868070194892766e+01 -4.373288531729605744e+00 1.711749747849703240e+00
7.223708640321576979e+01 -4.329482011736793368e+00 1.707672906714263750e+00
7.197469433716179310e+01 -4.286122891710790306e+00 1.703831585382752811e+00
7.171316055199164907e+01 -4.243250983720354697e+00 1.700074682220553912e+00
7.145116950122259425e+01 -4.200831964822847375e+00 1.696473995911977672e+00
7.118963389885144011e+01 -4.158905945839400431e+00 1.693027090650023325e+00
7.092798055490675324e+01 -4.117513189531655904e+00 1.689731578815437452e+00
7.066637889189316013e+01 -4.076619828687892522e+00 1.686659403633309129e+00
7.040499812182457617e+01 -4.036340718129148186e+00 1.683733987797749299e+00
7.014326442394194316e+01 -3.996642302108522227e+00 1.681027366592783068e+00
6.988134662817755327e+01 -3.957639749641923999e+00 1.678463052972724912e+00
6.961941339419729502e+01 -3.919299821731105915e+00 1.676113170642622885e+00
6.935763322609916770e+01 -3.881589439514969264e+00 1.673975602602141066e+00
6.909617448771359705e+01 -3.844698535837643316e+00 1.672048273681011610e+00
6.883371974842158636e+01 -3.808520071706907206e+00 1.670329149554391934e+00
6.857117997467825887e+01 -3.773170021703943000e+00 1.668816235741387821e+00
6.830872320679759468e+01 -3.738615957280868596e+00 1.667507576587572427e+00
6.804577457627701165e+01 -3.704974181499382180e+00 1.666475537734783297e+00
6.778250199356027395e+01 -3.672212595669342772e+00 1.665643954566528917e+00
6.751833049603425252e+01 -3.640373550426105442e+00 1.665085265157333128e+00
6.725342793640190564e+01 -3.609573846222553062e+00 1.664723375189344434e+00
6.698873358819240309e+01 -3.579766024838191285e+00 1.664626337359007113e+00
6.672307258526522844e+01 -3.550913645029972976e+00 1.664770139219109213e+00
6.645678435480820667e+01 -3.523038857994917006e+00 1.665200629631217843e+00
6.619020837912606225e+01 -3.496089698956597491e+00 1.665889404162620879e+00
6.592368421440983184e+01 -3.469940087285493746e+00 1.666733803961603755e+00
6.565680867437492907e+01 -3.444686960557850064e+00 1.667779765132377134e+00
6.538992151880385961e+01 -3.420278857021699981e+00 1.669073250590460855e+00
6.512336263677849502e+01 -3.396515915505661898e+00 1.670585965414231433e+00
6.485672922961497022e+01 -3.373569859776287760e+00 1.672289639195924771e+00
6.459036149851399955e+01 -3.351241163284510716e+00 1.674081741382866584e+00
6.432459982671961995e+01 -3.329627600392018216e+00 1.676082614127001325e+00
6.405829912617885213e+01 -3.308604261490061926e+00 1.678264053608575113e+00
6.379328586387664046e+01 -3.288194970081637525e+00 1.680523592372027419e+00
6.352841539724529696e+01 -3.268349431776880643e+00 1.682907348664762326e+00
6.326328616427966267e+01 -3.249017517232207553e+00 1.685387174759481521e+00
6.299972536791697308e+01 -3.230223545023196419e+00 1.688009222788069641e+00
6.273658914449496393e+01 -3.211917713943868158e+00 1.690671093062748431e+00
6.247347675178210125e+01 -3.194124669249814197e+00 1.693493250417433815e+00
6.221221625117883747e+01 -3.176794934825156513e+00 1.696299038519905267e+00
6.195092183889332205e+01 -3.159953479293307943e+00 1.699283230225277386e+00
6.169067937175105953e+01 -3.143476864548732763e+00 1.702343474886270913e+00
6.143183220185267857e+01 -3.127538945744595011e+00 1.705451714700771060e+00
6.117323835052513914e+01 -3.111942318676095276e+00 1.708579900047124012e+00
6.091598469161616691e+01 -3.096712586639231102e+00 1.711774271827592786e+00
6.066041561876296839e+01 -3.081949792197228533e+00 1.715006793307958688e+00
6.040539021694591781e+01 -3.067531281874356086e+00 1.718323715971095567e+00
6.015125360839280688e+01 -3.053483122304443853e+00 1.721622727862495816e+00
5.989835128758005567e+01 -3.039831531793875552e+00 1.724875802955602389e+00
5.964628629053063236e+01 -3.026528595318888293e+00 1.728277767019816835e+00
5.939614770351393247e+01 -3.013600829961841754e+00 1.731577744966609433e+00
5.914679649088168389e+01 -3.001074899771758897e+00 1.734970561754030971e+00
5.889932250755192200e+01 -2.988977614058755616e+00 1.738353906242546598e+00
5.865333032563301430e+01 -2.977335925620074875e+00 1.741699747595031766e+00
5.840842490568106626e+01 -2.966102645395340964e+00 1.745128617673813665e+00
5.816569726746294577e+01 -2.955305007561265018e+00 1.748538192430071136e+00
5.792401031509853482e+01 -2.944970384051195822e+00 1.751900424823529701e+00
5.768445584708365459e+01 -2.935126282509885165e+00 1.755335827242774149e+00
5.744664038069426226e+01 -2.925800344181471946e+00 1.758742052919085364e+00
5.721017082127620057e+01 -2.916946058229159533e+00 1.762165312374128545e+00
5.697614013129769006e+01 -2.908665609999632196e+00 1.765503238354472870e+00
5.674415598906838909e+01 -2.900912744705722801e+00 1.768876302298238334e+00
5.651382645747709432e+01 -2.893715615563599908e+00 1.772182112284352629e+00
5.628475998260003621e+01 -2.887176781360452082e+00 1.775466829519800838e+00
5.605879389735480345e+01 -2.881176069951902008e+00 1.778776600320268075e+00
5.583405173989800829e+01 -2.875890560227705617e+00 1.782008988102147473e+00
5.561237160253853062e+01 -2.871274594985405937e+00 1.785135822898856306e+00
5.539262061528375369e+01 -2.867356912275893066e+00 1.788277483884342933e+00
5.517440911988532548e+01 -2.864240642685425442e+00 1.791405764396833300e+00
5.495957633899553230e+01 -2.861880456058761624e+00 1.794418154488201189e+00
5.474624769529426516e+01 -2.860379692690475206e+00 1.797360690492002977e+00
5.453623406249746353e+01 -2.859677537279419646e+00 1.800280210052428664e+00
5.432825895353192891e+01 -2.859873366021286500e+00 1.803152536589078370e+00
5.412250282728453499e+01 -2.860828110151342418e+00 1.805954293025701318e+00
5.391914651783046963e+01 -2.862477076133001841e+00 1.808662077950634162e+00
5.371837123522030311e+01 -2.864829942629766535e+00 1.811401031757697844e+00
5.351961573157528562e+01 -2.867822190438401364e+00 1.813999134783575107e+00
5.332231913756987751e+01 -2.871463666401009363e+00 1.816581474497199089e+00
5.312740663427405963e+01 -2.875615729776684226e+00 1.819124543671617689e+00
5.293431811517500307e+01 -2.880288383105390704e+00 1.821604806593797976e+00
5.274323669369226764e+01 -2.885417418532268297e+00 1.824072981790314518e+00
5.255360303587194437e+01 -2.890938698122683892e+00 1.826431190761898193e+00
5.236560103346411665e+01 -2.896862434161076472e+00 1.828730091254729739e+00
5.217867213716287011e+01 -2.903124618929081358e+00 1.830946026033982044e+00
5.199374386520477742e+01 -2.909735588483346902e+00 1.833129589189878228e+00
5.181025846699607484e+01 -2.916631452415921810e+00 1.835257058454273560e+00
5.162765859706018290e+01 -2.923822657620106735e+00 1.837378961548062906e+00
5.144761582414339074e+01 -2.931319701547063783e+00 1.839397225037259886e+00
5.126808795513959183e+01 -2.939058845463327074e+00 1.841362307728056535e+00
5.109074738951783701e+01 -2.947050678219454323e+00 1.843324633068689211e+00
5.091429560828376566e+01 -2.955305829517313132e+00 1.845186021573300694e+00
5.073966302330650535e+01 -2.963686399683381101e+00 1.847071107785639210e+00
5.056703764128844369e+01 -2.972277373970466652e+00 1.848837068636210557e+00
5.039512223268290114e+01 -2.981089485349996071e+00 1.850586179105881968e+00
5.022484851058734989e+01 -2.989984927827033179e+00 1.852279537532004916e+00
5.005640579419045366e+01 -2.998974487284848500e+00 1.853907917206292888e+00
4.988849817702780598e+01 -3.008143254835980773e+00 1.855476909239426320e+00
4.972205870507542613e+01 -3.017353489686355861e+00 1.856977208748303632e+00
4.955727803926291841e+01 -3.026616033544168527e+00 1.858406899518109556e+00
4.939360445768939911e+01 -3.035941740534743083e+00 1.859756596936297024e+00
4.923122952745218583e+01 -3.045341474145178307e+00 1.861031732700917152e+00
4.907108810595117632e+01 -3.054751820692528597e+00 1.862230269450469100e+00
4.891188700158406277e+01 -3.064257936828892692e+00 1.863335272117222274e+00
4.875381914912557590e+01 -3.073796412556688118e+00 1.864359477755143990e+00
4.859782077438794801e+01 -3.083378118790036204e+00 1.865293296837293946e+00
4.844334288823760915e+01 -3.092939637432764677e+00 1.866134526428539386e+00
4.829057979014688584e+01 -3.102566108998428884e+00 1.866866064928889957e+00
4.813898339598880938e+01 -3.112119812240442318e+00 1.867478196940550284e+00
4.798949174031164233e+01 -3.121760145842442213e+00 1.867976021456434710e+00
4.784155763278459972e+01 -3.131349357601624472e+00 1.868342309968913151e+00
4.769537715915935649e+01 -3.140972526180223490e+00 1.868574648102590885e+00
4.755040400644767118e+01 -3.150566140857667730e+00 1.868655722116061124e+00
4.740757796256774981e+01 -3.160140949333284155e+00 1.868583032226643903e+00
4.726709640519332822e+01 -3.169707671549783612e+00 1.868354035854330020e+00
4.712841429504195645e+01 -3.179276997049590658e+00 1.867958719236369580e+00
4.699247267361835156e+01 -3.188859582361720957e+00 1.867387025762587971e+00
4.685872731518331591e+01 -3.198391764916298730e+00 1.866628855980184687e+00
4.672663438829647475e+01 -3.208032694501842919e+00 1.865674067618200427e+00
4.659787895183522721e+01 -3.217718629727512436e+00 1.864527332331732845e+00
4.647191793526991432e+01 -3.227460069540375454e+00 1.863163565663142895e+00
4.634895146870471905e+01 -3.237193183757449688e+00 1.861579925575275185e+00
4.622838868247637123e+01 -3.247000188415557265e+00 1.859755414573970533e+00
4.611093064178342615e+01 -3.256804791184165548e+00 1.857700537949716457e+00
4.599574455482720481e+01 -3.266602457673684956e+00 1.855437359191189017e+00
4.588274078611597417e+01 -3.276462881816981199e+00 1.852965614613970580e+00
4.577183000954498482e+01 -3.286232849546637969e+00 1.850299855283096040e+00
4.566366603128937385e+01 -3.296056221030345235e+00 1.847447162150858357e+00
4.555667443738222744e+01 -3.305779660399858155e+00 1.844429431313155510e+00
4.545225242642384700e+01 -3.315546901551547965e+00 1.841246232480767464e+00
4.534882611681867814e+01 -3.325278761441341935e+00 1.837904522619544290e+00
4.524779321436238888e+01 -3.334895988437673431e+00 1.834426074556372299e+00
4.514758031942414362e+01 -3.344542110707798166e+00 1.830810335500037578e+00
4.504958559456910905e+01 -3.354063449613503334e+00 1.827071569080807256e+00
4.495223607186537151e+01 -3.363603385679822644e+00 1.823209142253851223e+00
4.485618748569158498e+01 -3.373082372062353063e+00 1.819244667370909951e+00
4.476209575546121044e+01 -3.382420783077282778e+00 1.815170004064847520e+00
4.466838846855091560e+01 -3.391761762770097555e+00 1.810999258053407779e+00
4.457572187869380542e+01 -3.400951238499262175e+00 1.806739068105939428e+00
4.448475238942088339e+01 -3.410132187098814605e+00 1.802388606426661877e+00
4.439390803780481320e+01 -3.419150365043755802e+00 1.797954435753906122e+00
4.430458832878414199e+01 -3.428074291197182877e+00 1.793450509774261459e+00
4.421596437949087033e+01 -3.436898111075808782e+00 1.788868460151005646e+00
4.412720741420239534e+01 -3.445615878675332144e+00 1.784214738720008242e+00
4.403971725968472839e+01 -3.454221554842216602e+00 1.779488332898723657e+00
4.395266532571493912e+01 -3.462634722193749237e+00 1.774703051211721894e+00
4.386670877129383683e+01 -3.470923434100033678e+00 1.769857810379334540e+00
4.378027632102916300e+01 -3.479007079202478536e+00 1.764944064172390359e+00
4.369476810224323771e+01 -3.486953514007718358e+00 1.759975517332297734e+00
4.360935579215293245e+01 -3.494756211020839665e+00 1.754943556003148109e+00
4.352469678576948553e+01 -3.502334257444736476e+00 1.749861818381199141e+00
4.344070568400939436e+01 -3.509755204446943555e+00 1.744714196825259522e+00
4.335729712230688193e+01 -3.516937931970235631e+00 1.739514265234811896e+00
4.327438576458799702e+01 -3.523949781626074973e+00 1.734260709538399059e+00
4.319188629761588061e+01 -3.530783705134445061e+00 1.728944756647298409e+00
4.310971342568744546e+01 -3.537358263336299657e+00 1.723579888473222965e+00
4.302926753570979201e+01 -3.543740475779847632e+00 1.718142415756038766e+00
4.294823484735753993e+01 -3.549848685856276997e+00 1.712645762208658384e+00
4.286801575893482408e+01 -3.555675410520983792e+00 1.707081038369847148e+00
4.278926783309013615e+01 -3.561213056073685657e+00 1.701439327321731421e+00
4.271042012285342793e+01 -3.566453917509898375e+00 1.695726542068818565e+00
4.263213017806705807e+01 -3.571390177942411981e+00 1.689933712826646950e+00
4.255431270172768876e+01 -3.575939624590014354e+00 1.684059272773122951e+00
4.247688238158347218e+01 -3.580168498846417080e+00 1.678094202058935114e+00
4.240049672182922080e+01 -3.584068645404311138e+00 1.672029456878646014e+00
4.232507036979191639e+01 -3.587483228454373840e+00 1.665863398551217900e+00
4.224977511270045483e+01 -3.590552432471409539e+00 1.659594365908975799e+00
4.217601121455773239e+01 -3.593193477537364622e+00 1.653205819344679917e+00
4.210295040273524592e+01 -3.595353183158961574e+00 1.646696054967970779e+00
4.203050720475970081e+01 -3.597052538346344974e+00 1.640063348667564647e+00
4.195933894491443539e+01 -3.598252991352890895e+00 1.633283671829941941e+00
4.188861723565403139e+01 -3.598923304937826639e+00 1.626362690566627300e+00
4.181897596378928483e+01 -3.599049129467786656e+00 1.619294457762387784e+00
4.175021273080356110e+01 -3.598654293583548380e+00 1.612071197967032576e+00
4.168210173469098123e+01 -3.597764657374218356e+00 1.604718094181337484e+00
4.161441711603629301e+01 -3.596420824865230070e+00 1.597245457180870742e+00
4.154767578863765465e+01 -3.594641002690005305e+00 1.589656154663276588e+00
4.148090892980063416e+01 -3.592443285621695903e+00 1.581953040397997778e+00
4.141537615059282018e+01 -3.589867942161369285e+00 1.574161240078346014e+00
4.134936564555091820e+01 -3.586932845028873107e+00 1.566276153672302218e+00
4.128487970253436146e+01 -3.583670613559405194e+00 1.558308026327207996e+00
4.122020634684881202e+01 -3.580091472648951001e+00 1.550267092472548791e+00
4.115660485058857176e+01 -3.576227823601940692e+00 1.542163576622658905e+00
4.109310588132635189e+01 -3.572104531524207705e+00 1.534000265828150411e+00
4.103022567085648120e+01 -3.567716641112097076e+00 1.525787367176443476e+00
4.096699466847343274e+01 -3.563103661038979464e+00 1.517527651889184703e+00
4.090467170924797102e+01 -3.558260424678710176e+00 1.509223884467752796e+00
4.084228699681287367e+01 -3.553211374575177661e+00 1.500886251835665153e+00
4.078035627122494589e+01 -3.547965993347024227e+00 1.492524935776888384e+00
4.071790946141984335e+01 -3.542548518132071056e+00 1.484135257019856935e+00
4.065620485273040430e+01 -3.536960799915392251e+00 1.475727389418632018e+00
4.059352923396489388e+01 -3.531204589693770490e+00 1.467304075677458686e+00
4.053188340476793883e+01 -3.525296396322668446e+00 1.458875484821413160e+00
4.046955381741464208e+01 -3.519237774293378251e+00 1.450436927910340623e+00
4.040705524898851309e+01 -3.513037609992237797e+00 1.442006000548904376e+00
4.034564512326992514e+01 -3.506704694587881477e+00 1.433570585187643909e+00
4.028286649251402451e+01 -3.500240296946785623e+00 1.425140850321132691e+00
4.022071921467084366e+01 -3.493645593276223593e+00 1.416726966177110247e+00
4.015823159512685692e+01 -3.486929096793604188e+00 1.408324248749051932e+00
4.009591738892208213e+01 -3.480084374020336657e+00 1.399935445573002646e+00
4.003354728784711369e+01 -3.473104902851622100e+00 1.391563308096360529e+00
3.997014891274872639e+01 -3.466006359000782133e+00 1.383210592389554572e+00
3.990697814609753635e+01 -3.458782047315151154e+00 1.374880059850393632e+00
3.984306211449587209e+01 -3.451432616617676086e+00 1.366581906251078671e+00
3.977891335667700190e+01 -3.443936347769683159e+00 1.358304049026415328e+00
3.971430131154789933e+01 -3.436293725258808163e+00 1.350064126407061860e+00
3.964973798162380092e+01 -3.428497725307102062e+00 1.341850071291266211e+00
3.958499225665422472e+01 -3.420526389052461091e+00 1.333664682012277947e+00
3.951908990761184981e+01 -3.412372537503700620e+00 1.325518194646071901e+00
3.945328492111384833e+01 -3.404021488066400369e+00 1.317413426960905465e+00
3.938734531897024027e+01 -3.395465912842578593e+00 1.309338350709136289e+00
3.932103882327523081e+01 -3.386690983551842837e+00 1.301310662362678450e+00
3.925413285183107348e+01 -3.377674373175900691e+00 1.293318356936867142e+00
3.918713734899267109e+01 -3.368393685976037499e+00 1.285371727059847258e+00
3.911907627681803490e+01 -3.358841315883780876e+00 1.277458793480480415e+00
3.905120178683309007e+01 -3.348989534967932613e+00 1.269597304121138803e+00
3.898253720694227553e+01 -3.338826894087167929e+00 1.261775307868319151e+00
3.891284837901425675e+01 -3.328331482588555268e+00 1.253988296907956990e+00
3.884264365679479880e+01 -3.317479101275609743e+00 1.246254064001337758e+00
3.877168823419612664e+01 -3.306242521379090249e+00 1.238560704599952267e+00
3.870048981411185451e+01 -3.294595200561111881e+00 1.230911187504688975e+00
3.862807010252772244e+01 -3.282511284767113846e+00 1.223308498713890913e+00
3.855495070059345153e+01 -3.269974950342796838e+00 1.215748087972931879e+00
3.848096825667085596e+01 -3.257012883668296332e+00 1.208232349086180601e+00
3.840671647967331381e+01 -3.243661805340465332e+00 1.200756140654920978e+00
3.833130308240978223e+01 -3.229952446356263884e+00 1.193321768927472437e+00
3.825606395787414016e+01 -3.215912595698444232e+00 1.185938988299156449e+00
3.817936333559362794e+01 -3.201570147941634747e+00 1.178587860050522851e+00
3.810253646369534408e+01 -3.186953476672024888e+00 1.171285607978424848e+00
3.802543260095012556e+01 -3.172090545106516668e+00 1.164027192061716454e+00
3.794715785430008026e+01 -3.157009650966767111e+00 1.156815022318668618e+00
3.786904652175176267e+01 -3.141737125746579817e+00 1.149636674200957609e+00
3.779020408529048325e+01 -3.126297262500121299e+00 1.142502030777641897e+00
3.771122138932057766e+01 -3.110710089423082358e+00 1.135413569754574414e+00
3.763194613913671560e+01 -3.094999320286978328e+00 1.128366363882118195e+00
3.755222573970510780e+01 -3.079185671035057581e+00 1.121355509700124431e+00
3.747190729960899347e+01 -3.063291318913997419e+00 1.114383556269473941e+00
3.739158047018742081e+01 -3.047338418934003368e+00 1.107453077189475499e+00
3.731109177974662572e+01 -3.031345391830797542e+00 1.100559242601143461e+00
3.723028747297357199e+01 -3.015323954868094347e+00 1.093712104577087230e+00
3.714901351543102948e+01 -2.999281352488491592e+00 1.086899455694668726e+00
3.706785843316529849e+01 -2.983226301141274739e+00 1.080138827797122891e+00
3.698592481228180873e+01 -2.967167505759721102e+00 1.073418065485574058e+00
3.690454347877039254e+01 -2.951111433401126583e+00 1.066754753199420369e+00
3.682281649308809079e+01 -2.935068258068092462e+00 1.060136788676787400e+00
3.674133133003193308e+01 -2.919044434493217377e+00 1.053574381652620628e+00
3.665993237841184538e+01 -2.903049385781217850e+00 1.047062912337379359e+00
3.657846378080844119e+01 -2.887090305680692026e+00 1.040605216681156131e+00
3.649676943827682152e+01 -2.871175874864153599e+00 1.034211586570376262e+00
3.641469301500995925e+01 -2.855314034513994237e+00 1.027870056606510207e+00
3.633282077797392873e+01 -2.839513474067904664e+00 1.021590974370382154e+00
3.625099593140583920e+01 -2.823781404771323000e+00 1.015369858816652870e+00
3.616831862129032515e+01 -2.808125270236251136e+00 1.009209685453191563e+00
3.608611727985682194e+01 -2.792545171541048532e+00 1.003113458102330657e+00
3.600349161974128975e+01 -2.777040109038761528e+00 9.970916373455379622e-01
3.592102681333238934e+01 -2.761608875728970069e+00 9.911398555500458007e-01
3.583782215679789829e+01 -2.746250802036483751e+00 9.852612019800873755e-01
3.575446241421362004e+01 -2.730963677789648436e+00 9.794662228405690563e-01
3.567153215144386991e+01 -2.715747616850137103e+00 9.737506362533174809e-01
3.558738723489715738e+01 -2.700601790496421906e+00 9.681250456686861794e-01
3.550335468043358844e+01 -2.685523166430749953e+00 9.625852264589159768e-01
3.541927564685030205e+01 -2.670509481913561967e+00 9.571492676478643435e-01
3.533424827444817140e+01 -2.655560731194817503e+00 9.517981450716994640e-01
3.524885619355780619e+01 -2.640672481725975462e+00 9.465574331791550833e-01
3.516294002283046893e+01 -2.625844047038097706e+00 9.414155931111491959e-01
3.507559737252357479e+01 -2.611074031388916694e+00 9.363833994206054445e-01
3.498815418781241249e+01 -2.596358102879467999e+00 9.314642265750172623e-01
3.490045057680995200e+01 -2.581686766534414534e+00 9.266614771963662678e-01
3.481158364867766863e+01 -2.567052051366216503e+00 9.219860102876632491e-01
3.472139318670973296e+01 -2.552434883691953260e+00 9.174412843957063801e-01
3.463046165132546861e+01 -2.537836287679780867e+00 9.130382141623235581e-01
3.453862851297777325e+01 -2.523238759366149164e+00 9.087803134624697909e-01
3.444576393292024363e+01 -2.508642675743729011e+00 9.046759607275842718e-01
3.435186129454836390e+01 -2.494038094705327335e+00 9.007157684485640470e-01
3.425694467789514164e+01 -2.479447814494029068e+00 8.968952132934689958e-01
3.416178085477136506e+01 -2.464872396433583912e+00 8.932023704057765467e-01
3.406565078662856649e+01 -2.450319879585720173e+00 8.896327698896040470e-01
3.396857813259789083e+01 -2.435813210321053024e+00 8.861819682346977478e-01
3.387132925249025561e+01 -2.421353101753189740e+00 8.828306913821183377e-01
3.377318470476728862e+01 -2.406947748290324984e+00 8.795745478826952901e-01
3.367491058974284357e+01 -2.392605398401209449e+00 8.764091719456739149e-01
3.357653004767470151e+01 -2.378334355697301561e+00 8.733302231798734105e-01
3.347732326200559072e+01 -2.364135551631250554e+00 8.703333863271760507e-01
3.337805596776204453e+01 -2.350017403213050748e+00 8.674143709886175113e-01
3.327875094989472871e+01 -2.335973528942369537e+00 8.645540546428871487e-01
3.317943088181807099e+01 -2.322019891510597844e+00 8.617704808102119030e-01
3.307937549400651278e+01 -2.308157656968730098e+00 8.590445752553159675e-01
3.298009291782896213e+01 -2.294380623965195820e+00 8.563721441381682009e-01
3.288086267925335449e+01 -2.280704938003510485e+00 8.537564453563544209e-01
3.278170704292584503e+01 -2.267124522166539258e+00 8.511933315310242776e-01
3.268190534623058596e+01 -2.253648219663070051e+00 8.486786780374642181e-01
3.258296534363353203e+01 -2.240284937892282890e+00 8.462158110295717739e-01
3.248416620091394691e+01 -2.227036220828290780e+00 8.437932220573791664e-01
3.238552983978632227e+01 -2.213896249725045617e+00 8.414142811302302016e-01
3.228782094256466451e+01 -2.200881557192055915e+00 8.390823796724720118e-01
3.218957561686989521e+01 -2.187986457737742363e+00 8.367860734730563355e-01
3.209230124575606169e+01 -2.175227618485763514e+00 8.345213673802884813e-01
3.199453381260444118e+01 -2.162599489658088459e+00 8.322991432898404485e-01
3.189778058655905824e+01 -2.150111446880615063e+00 8.301005896747397639e-01
3.180132028272664968e+01 -2.137772935006423847e+00 8.279366280124422772e-01
3.170443157276254453e+01 -2.125578611908325311e+00 8.258033423018754648e-01
3.160862159558860895e+01 -2.113538062341691059e+00 8.236968353759231976e-01
3.151316895301325971e+01 -2.101653513324196254e+00 8.216206568567928636e-01
3.141809505572293659e+01 -2.089934691234860420e+00 8.195783744040748831e-01
3.132267845923819038e+01 -2.078383965480002260e+00 8.175661449557817262e-01
3.122842621012732778e+01 -2.067003777177022883e+00 8.156024277135635048e-01
3.113387400704404229e+01 -2.055796639454888108e+00 8.136759852678998595e-01
3.104052888722993941e+01 -2.044765137721026527e+00 8.118053099697724040e-01
3.094692655269789228e+01 -2.033926786594352443e+00 8.099791966910143692e-01
3.085383122185971061e+01 -2.023276888352126157e+00 8.082161691811486914e-01
3.076052146091258166e+01 -2.012825674844010759e+00 8.064976244626453905e-01
3.066850436552246251e+01 -2.002590879269047441e+00 8.048495442236502928e-01
3.057557288721633171e+01 -1.992568022865862876e+00 8.032533541475890271e-01
3.048323419024632486e+01 -1.982774985068662010e+00 8.017202069409139487e-01
3.039150981303604482e+01 -1.973207433423422419e+00 8.002612684501010376e-01
3.029967850982113120e+01 -1.963890822019958016e+00 7.988654321217456555e-01
3.020776192729400478e+01 -1.954820964632481672e+00 7.975364602576995310e-01
3.011578177613864682e+01 -1.946023461426245493e+00 7.962929835122087852e-01
3.002375983753988109e+01 -1.937494272021978103e+00 7.951387869815312870e-01
2.993171796962786146e+01 -1.929244285425322225e+00 7.940702380385152859e-01
2.983967811384177082e+01 -1.921299319816325069e+00 7.930985708618311092e-01
2.974766230119799459e+01 -1.913655552198748833e+00 7.922276008580718676e-01
2.965571088447900294e+01 -1.906326269369464255e+00 7.914662291085741153e-01
2.956319438733492078e+01 -1.899296412607520912e+00 7.907991016173665511e-01
2.947024450212907354e+01 -1.892545747243259857e+00 7.902233773351486912e-01
2.937773586964206274e+01 -1.886068966150471704e+00 7.897362226351509751e-01
2.928431474453785910e+01 -1.879838547554196326e+00 7.893125257141385687e-01
2.919159884592227527e+01 -1.873849324653866777e+00 7.889568944931920624e-01
2.909897751735537952e+01 -1.868073915006218222e+00 7.886590859632333084e-01
2.900658307193049268e+01 -1.862507290074544741e+00 7.884088623310460120e-01
2.891380512698341221e+01 -1.857129632889183535e+00 7.882034188142451603e-01
2.882151911369562924e+01 -1.851928622474484420e+00 7.880399547356058410e-01
2.872985777630713145e+01 -1.846892004840040347e+00 7.879082446178642396e-01
2.863821117615421130e+01 -1.842015020638468448e+00 7.878203510309442770e-01
2.854596953047482089e+01 -1.837278119388886521e+00 7.877734822888049493e-01
2.845475172099979844e+01 -1.832669243769671885e+00 7.877499919000500173e-01
2.836394828704895232e+01 -1.828176400478716657e+00 7.877619481232682741e-01
2.827369276860279257e+01 -1.823832229514987358e+00 7.877917066227785314e-01
2.818337603894703491e+01 -1.819535722923103060e+00 7.878513367328718875e-01
2.809313197713773391e+01 -1.815349357925479579e+00 7.879231941232538450e-01
2.800383747013679780e+01 -1.811224247057753978e+00 7.880119187240344214e-01
2.791488390959379728e+01 -1.807260129495863232e+00 7.881147208043918218e-01
2.782640569850135748e+01 -1.803333952586688049e+00 7.882139521089259748e-01
2.773853741747782564e+01 -1.799471288379364875e+00 7.883142471030268883e-01
2.765141382580742757e+01 -1.795697765616226516e+00 7.884202374242262890e-01
2.756442702719409255e+01 -1.791964785204019028e+00 7.885142663420491305e-01
2.747771214033703302e+01 -1.788298086171883350e+00 7.886158150794662092e-01
2.739214729921212310e+01 -1.784723461101971775e+00 7.887146471893610178e-01
2.730638231301944430e+01 -1.781192471541193756e+00 7.888005214938669241e-01
2.722129567615851897e+01 -1.777731013902833723e+00 7.888929050334885229e-01
2.713702322774419073e+01 -1.774365034843891742e+00 7.889741174731722539e-01
2.705370098605162710e+01 -1.771046246626595044e+00 7.890487574728454190e-01
2.697072231273077492e+01 -1.767726409470237403e+00 7.891065605151076356e-01
2.688822358193045048e+01 -1.764505897391503320e+00 7.891595402459355979e-01
2.680559850917386555e+01 -1.761410846519297468e+00 7.891974179731090500e-01
2.672446949025260565e+01 -1.758318870402461265e+00 7.892173356776627235e-01
2.664348775473210296e+01 -1.755330476320940525e+00 7.892164272844729433e-01
2.656353320971115650e+01 -1.752397646561405287e+00 7.891992466436154041e-01
2.648400026320495826e+01 -1.749620971205511522e+00 7.891703388213938686e-01
2.640502632766937197e+01 -1.746878229386233938e+00 7.891119547007148238e-01
2.632674898338560965e+01 -1.744270089063218787e+00 7.890509057941915705e-01
2.624930597684897648e+01 -1.741748688262513278e+00 7.889694237113237252e-01
2.617209238412990757e+01 -1.739414767831300335e+00 7.888794433402859241e-01
2.609598911435016078e+01 -1.737220536165786200e+00 7.887780324343396376e-01
2.602039156801693665e+01 -1.735118234947520266e+00 7.886771047091490905e-01
2.594543814058125974e+01 -1.733282988376165790e+00 7.885662777957936909e-01
2.587126738596197129e+01 -1.731518533869333965e+00 7.884425863534707535e-01
2.579727518014997756e+01 -1.730000055802094705e+00 7.883179101386597054e-01
2.572434322500698300e+01 -1.728679916196757649e+00 7.881818319793960637e-01
2.565186770699604679e+01 -1.727659070940830155e+00 7.880387792583151141e-01
2.558073063623068677e+01 -1.726815650975713323e+00 7.878857385995471363e-01
2.550958567042735581e+01 -1.726176378507014553e+00 7.877271123122087104e-01
2.543930965304413405e+01 -1.725909454032675816e+00 7.875521591685902267e-01
2.537001485886188235e+01 -1.725783235518756342e+00 7.873787425008161867e-01
2.530032257214254798e+01 -1.726004690613743175e+00 7.871872965630085650e-01
2.523256840268842893e+01 -1.726335104971035594e+00 7.869879553635956704e-01
2.516463110037971163e+01 -1.726907199461017450e+00 7.867834106785795978e-01
2.509736090539023934e+01 -1.727630860834131532e+00 7.865614834691656565e-01
2.503086537317989269e+01 -1.728490274412920025e+00 7.863322654041238202e-01
2.496450937475919929e+01 -1.729469639270944104e+00 7.860909768825370403e-01
2.489840076714546058e+01 -1.730553166913961105e+00 7.858328235112358451e-01
2.483339039390283176e+01 -1.731799363464011643e+00 7.855678525849720817e-01
2.476884358073196069e+01 -1.733118177834251261e+00 7.852838111175927116e-01
2.470412580629759347e+01 -1.734419567417749386e+00 7.849907157287265846e-01
2.464008837315691025e+01 -1.735836347280597769e+00 7.846762823303015111e-01
2.457683990364876436e+01 -1.737352771337689505e+00 7.843579243693399317e-01
2.451374634092802651e+01 -1.738804531044082280e+00 7.840158974698571148e-01
2.445091662010279876e+01 -1.740324455105277224e+00 7.836601543826728911e-01
2.438845983433125753e+01 -1.741822523659433797e+00 7.832932030354380348e-01
2.432648523595790735e+01 -1.743283000992389198e+00 7.829026779876843145e-01
2.426435940261951885e+01 -1.744764434248657681e+00 7.824910536415271567e-01
2.420293474342404494e+01 -1.746251085144082227e+00 7.820607873557507972e-01
2.414157815990549594e+01 -1.747652928691117546e+00 7.816068909155108324e-01
2.408039955208271010e+01 -1.749028502439873956e+00 7.811392154088494522e-01
2.402025181934946474e+01 -1.750362054713266113e+00 7.806453093076690664e-01
2.395975952114806162e+01 -1.751637826862150416e+00 7.801349884084550768e-01
2.389977588775412798e+01 -1.752914335531200241e+00 7.796031939278450507e-01
2.383966864562530930e+01 -1.754101520926324653e+00 7.790597057587272944e-01
2.378029135779254943e+01 -1.755183596109606947e+00 7.784920005829719658e-01
2.372101208384761151e+01 -1.756293329302347939e+00 7.779172501967288600e-01
2.366268471990731825e+01 -1.757340625187116423e+00 7.773154662419314853e-01
2.360393482311033608e+01 -1.758309657747217036e+00 7.767037836034198506e-01
2.354561662112920928e+01 -1.759258869111559376e+00 7.760621768125970377e-01
2.348784167115618260e+01 -1.760098117908462267e+00 7.754003151179976738e-01
2.343072169372356939e+01 -1.760885812153759167e+00 7.747055639646048819e-01
2.337362573617091854e+01 -1.761606057639217848e+00 7.739875550398012116e-01
2.331666584087302851e+01 -1.762242940349140863e+00 7.732410444804247440e-01
2.325995420807010206e+01 -1.762854808895943926e+00 7.724533411957867912e-01
2.320434602841845617e+01 -1.763425706467498522e+00 7.716414486065520384e-01
2.314846814008219056e+01 -1.763865369799524352e+00 7.707852094954008582e-01
2.309317603573903099e+01 -1.764306362178249987e+00 7.698941611778711280e-01
2.303858251900020093e+01 -1.764732654941399970e+00 7.689703937856100513e-01
2.298405770059738273e+01 -1.765053910015221605e+00 7.680011219668909650e-01
2.293045749931681598e+01 -1.765328329477928504e+00 7.669883983546362805e-01
2.287715229743773548e+01 -1.765614087632347839e+00 7.659342569494707043e-01
2.282425544103560355e+01 -1.765895046602766749e+00 7.648258565191968783e-01
2.277188039988709889e+01 -1.766080755456266971e+00 7.636726224664693863e-01
2.272088359714147643e+01 -1.766303583356197748e+00 7.624542485097441924e-01
2.266989306360024514e+01 -1.766473017712564486e+00 7.611801236340486332e-01
2.261976544199908545e+01 -1.766647080882135068e+00 7.598373338038095781e-01
2.256987180578800078e+01 -1.766809478870451811e+00 7.584278038940575062e-01
2.252106899293233155e+01 -1.767018167568243703e+00 7.569534411849443423e-01
2.247345285474566268e+01 -1.767179724212457170e+00 7.554027773806878399e-01
2.242630353041712965e+01 -1.767412432319451110e+00 7.537777494137219980e-01
2.237962582914409992e+01 -1.767608911820407913e+00 7.520966325014031284e-01
2.233342462786514560e+01 -1.767884596678514830e+00 7.503554001338470503e-01
2.228844769936119619e+01 -1.768057749709921467e+00 7.485574377357183673e-01
2.224321436519393913e+01 -1.768243729962912347e+00 7.467209712881289763e-01
2.219921533391188007e+01 -1.768483574585011819e+00 7.448344975088588837e-01
2.215497001390503584e+01 -1.768669714720379371e+00 7.429162109450879736e-01
2.211196918671421585e+01 -1.768843108939559317e+00 7.409545774702962495e-01
2.206873232002558893e+01 -1.768896108669018252e+00 7.389603330419654004e-01
2.202600740615561392e+01 -1.769018158665134344e+00 7.369293422624345613e-01
2.198305678038088473e+01 -1.769027244969903601e+00 7.348797404472930950e-01
2.194062845466642742e+01 -1.769038445930758874e+00 7.327999354947266619e-01
2.189798477139469668e+01 -1.768943947199304034e+00 7.306931783111652035e-01
2.185587373752113649e+01 -1.768858742281280261e+00 7.285701347870693345e-01
2.181430051380560542e+01 -1.768674931075194801e+00 7.264340294233678774e-01
2.177178457436720649e+01 -1.768433136957138441e+00 7.242732173080536073e-01
2.172981671170740015e+01 -1.768099655864104225e+00 7.221057545435050073e-01
2.168840202174524023e+01 -1.767789306411014838e+00 7.199274001185157479e-01
2.164605989933005148e+01 -1.767319728503887966e+00 7.177413296302616041e-01
2.160428104424485340e+01 -1.766805651006925881e+00 7.155507072512620192e-01
2.156232761223652972e+01 -1.766213190393453925e+00 7.133512576919237569e-01
2.152094738670536600e+01 -1.765582700938714833e+00 7.111461232086314643e-01
2.147865960050914680e+01 -1.764880207419529334e+00 7.089458639055270517e-01
2.143695477843408170e+01 -1.764071688341335209e+00 7.067313162787373093e-01
2.139509488968216289e+01 -1.763197359185248114e+00 7.045204486571892133e-01
2.135234185097116466e+01 -1.762223105168282178e+00 7.023089346819932910e-01
2.131018602999100153e+01 -1.761159334633451756e+00 7.000924386310667380e-01
2.126788923398235553e+01 -1.760016408755839867e+00 6.978740440354981311e-01
2.122619888392528154e+01 -1.758789784671518142e+00 6.956568255875797968e-01
2.118363383879876949e+01 -1.757467443679782582e+00 6.934289926907006851e-01
2.114094140541807931e+01 -1.756044747818501284e+00 6.912010314532139876e-01
2.109812599830627633e+01 -1.754524439762554566e+00 6.889685631721104153e-01
2.105519197495212680e+01 -1.752894357695615524e+00 6.867346296113664428e-01
2.101288647130609277e+01 -1.751157148658198492e+00 6.844874081717241543e-01
2.096972806236291120e+01 -1.749307983469359895e+00 6.822299255055600531e-01
2.092646377317874240e+01 -1.747356841775450809e+00 6.799652010242099864e-01
2.088384057481845701e+01 -1.745298798673401874e+00 6.776888187499838789e-01
2.084111971545295106e+01 -1.743128881462331359e+00 6.754037842141001891e-01
2.079756239165049081e+01 -1.740842069721679986e+00 6.730982395991920164e-01
2.075465825475487236e+01 -1.738448152117601619e+00 6.707751773302307319e-01
2.071241123709352649e+01 -1.735942013135685746e+00 6.684375835614534411e-01
2.066933955330780037e+01 -1.733311061593255875e+00 6.660735816616204508e-01
2.062693271179843535e+01 -1.730550087530377867e+00 6.636861458000753444e-01
2.058445167077916338e+01 -1.727661262429166955e+00 6.612708160812499347e-01
2.054264301453261865e+01 -1.724639282761243786e+00 6.588156987311247770e-01
2.050076761431301975e+01 -1.721471370264576972e+00 6.563311796868267489e-01
2.045882913426710203e+01 -1.718159557299925533e+00 6.538053546868635157e-01
2.041757403209587451e+01 -1.714690973784019690e+00 6.512337428679259022e-01
2.037626305443118113e+01 -1.711067560953239974e+00 6.486118586154515642e-01
2.033488691453280239e+01 -1.707286451900481783e+00 6.459368422369224927e-01
2.029487064448759881e+01 -1.703347967583855427e+00 6.432123515750348686e-01
2.025391223251315509e+01 -1.699277335083133389e+00 6.404436708292519098e-01
2.021416663522848012e+01 -1.695070024423404043e+00 6.376360803188961812e-01
2.017407459147437621e+01 -1.690743747525120799e+00 6.348022850720216326e-01
2.013430530129405582e+01 -1.686301316976242637e+00 6.319327016728605306e-01
2.009478508429153010e+01 -1.681760359981049557e+00 6.290400286219898218e-01
2.005469737776300221e+01 -1.677116177180014045e+00 6.261221048545312362e-01
2.001545407459967763e+01 -1.672378884994693449e+00 6.231841950714824829e-01
1.997549567558879602e+01 -1.667565987892466683e+00 6.202389900316128690e-01
1.993623396676800752e+01 -1.662672665620600121e+00 6.172768934540316943e-01
1.989610933606576992e+01 -1.657708915611830092e+00 6.143031640845254548e-01
1.985653345003937531e+01 -1.652684696955787347e+00 6.113304876720841996e-01
1.981668940494970954e+01 -1.647602502737242069e+00 6.083492639060041896e-01
1.977650306284004955e+01 -1.642472217440296811e+00 6.053721768667135184e-01
1.973664304726409569e+01 -1.637296260965469763e+00 6.023970536346191507e-01
1.969629223371081039e+01 -1.632084446060156235e+00 5.994291497111861045e-01
1.965611908500144622e+01 -1.626846550709628803e+00 5.964662926985324631e-01
1.961530630631141037e+01 -1.621577462187465901e+00 5.935211677391728502e-01
1.957526501527162210e+01 -1.616286891215974464e+00 5.905767478117026625e-01
1.953443489165571734e+01 -1.610969659331737525e+00 5.876531492875011198e-01
1.949348401733642433e+01 -1.605642841409169463e+00 5.847407771891721673e-01
1.945308036594552448e+01 -1.600293767985785154e+00 5.818448957079001005e-01
1.941166329252266820e+01 -1.594932024494364109e+00 5.789633435725232147e-01
1.937064337343959863e+01 -1.589559738644528153e+00 5.761088195228993847e-01
1.932920255603606563e+01 -1.584171581206662571e+00 5.732643126324902250e-01
1.928726549362971099e+01 -1.578769623496523833e+00 5.704425295345034730e-01
1.924549954056088197e+01 -1.573355909808410669e+00 5.676413247432968712e-01
1.920382907735926636e+01 -1.567932458197138113e+00 5.648659861252804948e-01
1.916143550616696345e+01 -1.562486404557294817e+00 5.621069502641905524e-01
1.911898575147784385e+01 -1.557034573501646868e+00 5.593695162724607872e-01
1.907640375100056573e+01 -1.551564052332813359e+00 5.566589894940607852e-01
1.903361328692668764e+01 -1.546076761914578990e+00 5.539658251987743531e-01
1.899128081753313069e+01 -1.540567172386936523e+00 5.512953423680589937e-01
1.894784413402058121e+01 -1.535029732277993997e+00 5.486528673680958201e-01
1.890471220301301969e+01 -1.529466297611412173e+00 5.460288776101680508e-01
1.886106531911481810e+01 -1.523871275958877947e+00 5.434212869483782127e-01
1.881756927819459690e+01 -1.518231627188821653e+00 5.408428743616664480e-01
1.877340403588674178e+01 -1.512549149261952497e+00 5.382767141678825862e-01
1.872923504674873740e+01 -1.506818193921676929e+00 5.357356031240015914e-01
1.868498475870815057e+01 -1.501033095782148941e+00 5.332100622543520796e-01
1.864057544808125755e+01 -1.495180744713139775e+00 5.307054788627272313e-01
1.859518638501513976e+01 -1.489255443273484358e+00 5.282123933724504061e-01
1.855022517452781372e+01 -1.483251479092130065e+00 5.257362129480078750e-01
1.850561358279195545e+01 -1.477163125598512927e+00 5.232823549943003139e-01
1.845978753900428515e+01 -1.470969786052361394e+00 5.208339622844148087e-01
1.841489698287930210e+01 -1.464680564376037442e+00 5.184039015683782337e-01
1.836937751715255729e+01 -1.458267410734483738e+00 5.159827652569767276e-01
1.832315025592599156e+01 -1.451731977421995889e+00 5.135685849367462863e-01
1.827762182823370196e+01 -1.445053621147841971e+00 5.111668314628520227e-01
1.823122890227189785e+01 -1.438231103879872519e+00 5.087685657059486388e-01
1.818538546120865007e+01 -1.431266555242449723e+00 5.063740308318150918e-01
1.813853553625508752e+01 -1.424188939965727707e+00 5.039913451555579904e-01
1.809209436130555915e+01 -1.417012358540538974e+00 5.016212097277521487e-01
1.804524853289562714e+01 -1.409736047982276252e+00 4.992569083287564657e-01
1.799867019067508522e+01 -1.402381524353157882e+00 4.968991641462338071e-01
1.795228851785921975e+01 -1.394955441789917705e+00 4.945561397360555000e-01
1.790528974689520325e+01 -1.387479306691736136e+00 4.922211519174630734e-01
1.785760283527971382e+01 -1.379959765114671111e+00 4.899023851063281088e-01
1.781064230641313628e+01 -1.372403460276324871e+00 4.875931778341326406e-01
1.776359408032584852e+01 -1.364824461719003956e+00 4.853017360580049733e-01
1.771564398458689382e+01 -1.357236837781038208e+00 4.830214196594839748e-01
1.766894910018097420e+01 -1.349639799726585210e+00 4.807530273871639670e-01
1.762120941694015386e+01 -1.342047415985181402e+00 4.785047967423673998e-01
1.757383902436835399e+01 -1.334466327947398945e+00 4.762701188094551341e-01
1.752602343682237418e+01 -1.326903179169067970e+00 4.740498231845728383e-01
1.747843377381564167e+01 -1.319364616231789578e+00 4.718447495020531290e-01
1.743099825988698370e+01 -1.311857289609370758e+00 4.696631756614444986e-01
1.738364506430502132e+01 -1.304387854539367897e+00 4.674911043050779536e-01
1.733555947043025469e+01 -1.296962971898398598e+00 4.653442611516021010e-01
1.728815521988556370e+01 -1.289581880730050756e+00 4.632086680804703427e-01
1.724061750613793720e+01 -1.282251255824985892e+00 4.610926414762865910e-01
1.719287431797316756e+01 -1.274977780250307058e+00 4.589970787277863895e-01
1.714485360747278975e+01 -1.267760717877551402e+00 4.569154581364011092e-01
1.709722612765663285e+01 -1.260614199308671468e+00 4.548561238852655286e-01
1.704917692963218911e+01 -1.253530080995291396e+00 4.528200009173839469e-01
1.700137670452118854e+01 -1.246507659503978571e+00 4.508005948761110160e-01
1.695375327981177449e+01 -1.239553672372167847e+00 4.487988487583883801e-01
1.690623445541400116e+01 -1.232660013903539742e+00 4.468231428802518224e-01
1.685800516927394810e+01 -1.225840877753539004e+00 4.448670098049588573e-01
1.681047883773167939e+01 -1.219073330948013734e+00 4.429388477363647714e-01
1.676284034526016953e+01 -1.212379026541112736e+00 4.410322071240538877e-01
1.671501738410171711e+01 -1.205749920900754280e+00 4.391555040840733892e-01
1.666693761844628341e+01 -1.199177987878359941e+00 4.373023070312660465e-01
1.661927151834919059e+01 -1.192670076257526190e+00 4.354736217763569561e-01
1.657194668828786277e+01 -1.186218197078614534e+00 4.336778915851001170e-01
1.652414786551136316e+01 -1.179821809391060849e+00 4.319012838483661798e-01
1.647654542323678228e+01 -1.173487820929538961e+00 4.301596886161979105e-01
1.642832402847559337e+01 -1.167200875362268020e+00 4.284467202386623152e-01
1.638015397989850896e+01 -1.160960494663276998e+00 4.267560025184329864e-01
1.633270553542448056e+01 -1.154766223004009218e+00 4.251034538713515110e-01
1.628442040469547791e+01 -1.148610198964717499e+00 4.234827173414708046e-01
1.623596875672503614e+01 -1.142492012765697451e+00 4.218948741238637279e-01
1.618764929479542047e+01 -1.136396421715730742e+00 4.203484436901935850e-01
1.613909211995746773e+01 -1.130323064079991058e+00 4.188296705154460620e-01
1.609044726464348685e+01 -1.124271602814119753e+00 4.173545226578777023e-01
1.604156757181326753e+01 -1.118226869265764201e+00 4.159166934342921063e-01
1.599252867728297645e+01 -1.112188576945032370e+00 4.145247432952419708e-01
1.594318330669504036e+01 -1.106149036811098885e+00 4.131649581929398019e-01
1.589360697472582373e+01 -1.100100585927892283e+00 4.118533481456199685e-01
1.584373743209023289e+01 -1.094037899509144207e+00 4.105828532654361429e-01
1.579363011300508113e+01 -1.087964926474747740e+00 4.093506703798479029e-01
1.574327696893639228e+01 -1.081895382702888986e+00 4.081532116370645835e-01
1.569274416884953816e+01 -1.075828154394505409e+00 4.069943285492245710e-01
1.564209781538395028e+01 -1.069762154932778042e+00 4.058704553451338848e-01
1.559125537789352123e+01 -1.063718610067142301e+00 4.047706090067110796e-01
1.554043139389198736e+01 -1.057681631220460883e+00 4.036986743379464837e-01
1.548954320186216727e+01 -1.051672499078297074e+00 4.026585472630432871e-01
1.543858236000631479e+01 -1.045690236852912847e+00 4.016392781038083393e-01
1.538768893140188254e+01 -1.039733895381268036e+00 4.006373565864487785e-01
1.533685435206343683e+01 -1.033817409855883884e+00 3.996641401250797809e-01
1.528614428393957958e+01 -1.027932458088957501e+00 3.987012836299390628e-01
1.523540148380651793e+01 -1.022093030616421538e+00 3.977527378446911177e-01
1.518484007459714213e+01 -1.016298288938429106e+00 3.968224641566018285e-01
1.513445128108497428e+01 -1.010547422202627166e+00 3.959070060824397830e-01
1.508415200097302922e+01 -1.004847075530483025e+00 3.949954890795718820e-01
1.503400765984698140e+01 -9.992039216382919697e-01 3.940919053830719276e-01
1.498400936545414019e+01 -9.936172324551862944e-01 3.932002570670026231e-01
1.493422247981139961e+01 -9.880863074406025515e-01 3.923171274318910662e-01
1.488463805759286274e+01 -9.826179019024630090e-01 3.914316807190393321e-01
1.483524713528515093e+01 -9.772113702667583057e-01 3.905553752033751880e-01
1.478611502057077942e+01 -9.718735227520405306e-01 3.896848211124045447e-01
1.473715844789641594e+01 -9.665963402977817420e-01 3.888240653269400826e-01
1.468844271871714824e+01 -9.613866879507029228e-01 3.879623059613136471e-01
1.464003314084789764e+01 -9.562440298068454192e-01 3.871036053778920683e-01
1.459184646789823425e+01 -9.511678573627763145e-01 3.862446047340203359e-01
1.454387375626465229e+01 -9.461651178754889591e-01 3.853968086164934470e-01
1.449625465512269784e+01 -9.412353576810505995e-01 3.845494428618737581e-01
1.444883171186731552e+01 -9.363707222230558402e-01 3.837065958692283396e-01
1.440167036301149928e+01 -9.315856694916448966e-01 3.828723614531167607e-01
1.435476180644458033e+01 -9.268723999694000737e-01 3.820434100409914602e-01
1.430809729105176231e+01 -9.222305700885591317e-01 3.812164165674813976e-01
1.426166812264297512e+01 -9.176672922955327882e-01 3.803954883673684173e-01
1.421553995316046759e+01 -9.131748500721663664e-01 3.795847363690268428e-01
1.416955565211617518e+01 -9.087678397653289331e-01 3.787734179408088764e-01
1.412378101276488351e+01 -9.044311722187071689e-01 3.779730781947402973e-01
1.407828190643575006e+01 -9.001794996621689249e-01 3.771804077954747925e-01
1.403290143651807220e+01 -8.960052173493679994e-01 3.763920992309470193e-01
1.398770564359936408e+01 -8.919156053988731570e-01 3.756197030951128890e-01
1.394268637518685594e+01 -8.879031154815557603e-01 3.748524859330147896e-01
1.389783557253213431e+01 -8.839750843062371688e-01 3.741094283049369307e-01
1.385307099002591791e+01 -8.801314486482201271e-01 3.733723692643288739e-01
1.380853333166957064e+01 -8.763721737705935100e-01 3.726677178603413632e-01
1.376406626857468574e+01 -8.726972534852834862e-01 3.719773126055303525e-01
1.371966214154642749e+01 -8.691067102014269352e-01 3.713201330217875129e-01
1.367538767869971927e+01 -8.656005949588454484e-01 3.706854442047983200e-01
1.363116114562293113e+01 -8.621864157943691653e-01 3.700847950170759737e-01
1.358690091261284572e+01 -8.588642810378589454e-01 3.695148761033554274e-01
1.354267402147775812e+01 -8.556268992865274647e-01 3.689798047339447051e-01
1.349839905090643732e+01 -8.524818644059287687e-01 3.684836962733892829e-01
1.345407794746618180e+01 -8.494355700157775191e-01 3.680221549154717442e-01
1.340974868523692720e+01 -8.464672381219973119e-01 3.675938879748975596e-01
1.336538403599360336e+01 -8.435920319961756064e-01 3.671965197158972294e-01
1.332103115258870218e+01 -8.407880012433326389e-01 3.668276720363519150e-01
1.327673728303170186e+01 -8.380555084030469892e-01 3.664775360664614401e-01
1.323240120078508220e+01 -8.353949436628759218e-01 3.661585855428037828e-01
1.318829318633342851e+01 -8.327992962359009876e-01 3.658535783527147034e-01
1.314416362198851651e+01 -8.302541540514282170e-01 3.655675550039332311e-01
1.310020867407471279e+01 -8.277748451590783985e-01 3.652981252617823471e-01
1.305647602141574914e+01 -8.253395821910474162e-01 3.650354682060005795e-01
1.301279056822869684e+01 -8.229488887401431585e-01 3.647846173551286819e-01
1.296934870846743060e+01 -8.206107421969514037e-01 3.645357473541152582e-01
1.292604977058751103e+01 -8.183034314980893731e-01 3.642938874766641910e-01
1.288294171484933948e+01 -8.160349833904658734e-01 3.640492083362423803e-01
1.283999827913617686e+01 -8.137985917555005111e-01 3.637993070571947651e-01
1.279726754235765362e+01 -8.115874736999446615e-01 3.635492074010807650e-01
1.275479763745349082e+01 -8.094022972627541446e-01 3.632890748458376118e-01
1.271256246453805083e+01 -8.072437523892561639e-01 3.630313584681122419e-01
1.267061025472512981e+01 -8.051125502254176114e-01 3.627587926212254010e-01
1.262884071664255536e+01 -8.030019940339210294e-01 3.624838238631392096e-01
1.258745073469929387e+01 -8.009128351354363184e-01 3.622040409747240841e-01
1.254626581507035965e+01 -7.988458437762803177e-01 3.619096034212129775e-01
1.250540863500471644e+01 -7.967943799759750201e-01 3.616129548535241267e-01
1.246492762339612881e+01 -7.947666777587412135e-01 3.613116814442625113e-01
1.242464839217643835e+01 -7.927561309192703298e-01 3.609959403100298503e-01
1.238476800306310999e+01 -7.907635772295332766e-01 3.606781729673607662e-01
1.234511213160144649e+01 -7.887898692372170562e-01 3.603411069169230041e-01
1.230580361810221213e+01 -7.868284450602281987e-01 3.599971824608373949e-01
1.226681676639359608e+01 -7.848876125816243166e-01 3.596439825944131030e-01
1.222812591094653989e+01 -7.829682635460575302e-01 3.592790896764930242e-01
1.218970541734612389e+01 -7.810638727132199755e-01 3.589000853748376407e-01
1.215160396661124587e+01 -7.791827820719825493e-01 3.585119789364778486e-01
1.211387027284652618e+01 -7.773184866156755968e-01 3.581123503813473663e-01
1.207640451771738554e+01 -7.754867752859734287e-01 3.577062070706137353e-01
1.203925548625118935e+01 -7.736811600834658798e-01 3.572836984972792562e-01
1.200239771841468439e+01 -7.719100170530626137e-01 3.568572578524296657e-01
1.196580579497513241e+01 -7.701594437920271652e-01 3.564244600629125070e-01
1.192960290711513416e+01 -7.684526855387165956e-01 3.559754499051149823e-01
1.189368944175640941e+01 -7.667832793368555278e-01 3.555226551448383288e-01
1.185796583510328972e+01 -7.651596234853549339e-01 3.550636445014301312e-01
1.182262970985979500e+01 -7.635752635192532001e-01 3.546034123916242398e-01
1.178750732705512760e+01 -7.620460333778618089e-01 3.541320935512281554e-01
1.175264785752136909e+01 -7.605654847563987353e-01 3.536472477392649250e-01
1.171810053492073322e+01 -7.591420283473784281e-01 3.531687160748986365e-01
1.168376609231946794e+01 -7.577840766677831352e-01 3.526791938569079354e-01
1.164969389978731407e+01 -7.564926152742340593e-01 3.521910853247907647e-01
1.161585911745630106e+01 -7.552834874167142498e-01 3.517019331559294582e-01
1.158223698253303446e+01 -7.541576802776740474e-01 3.512167031074101553e-01
1.154887709622117420e+01 -7.531236096991494877e-01 3.507329269016844497e-01
1.151575486001441462e+01 -7.521822631937059578e-01 3.502555585110637137e-01
1.148292025632931868e+01 -7.513465675360607721e-01 3.497816762076815800e-01
1.145020134890663321e+01 -7.506029235258624421e-01 3.493214446997609524e-01
1.141779792212969191e+01 -7.499496708089108399e-01 3.488697238282001956e-01
1.138553843802566767e+01 -7.493777198652451510e-01 3.484139373552661012e-01
1.135354859003364503e+01 -7.488631235182513501e-01 3.479637859821267387e-01
1.132165703694339065e+01 -7.484190752680116576e-01 3.475141052291690902e-01
1.128998967256690023e+01 -7.480141973391566390e-01 3.470671501362350697e-01
1.125852392604948804e+01 -7.476542524501467168e-01 3.466251665823578132e-01
1.122723732986045064e+01 -7.473227169403943160e-01 3.461755342782625866e-01
1.119610752042541790e+01 -7.470253508099896633e-01 3.457204798858062866e-01
1.116518652189814098e+01 -7.467456275618109540e-01 3.452696484137750543e-01
1.113437789555250923e+01 -7.464818758984770319e-01 3.448103895926105111e-01
1.110373387331815032e+01 -7.462324229657789632e-01 3.443448994328446866e-01
1.107323250642371271e+01 -7.459807375906292171e-01 3.438827917151421887e-01
1.104292623117964034e+01 -7.457251436118527144e-01 3.434113844639650193e-01
1.101279330038303783e+01 -7.454713914470284530e-01 3.429328416091180221e-01
1.098273778136696954e+01 -7.452029445930771212e-01 3.424493162318403838e-01
1.095288668770992757e+01 -7.449255496100666285e-01 3.419629505484577670e-01
1.092314427558324041e+01 -7.446300942303948345e-01 3.414610192307269698e-01
1.089363774180740663e+01 -7.443148922450595339e-01 3.409604995654577642e-01
1.086419723607261290e+01 -7.439782549612706797e-01 3.404560730979147576e-01
1.083495012541346725e+01 -7.436184909807806998e-01 3.399349824638607243e-01
1.080580100588570680e+01 -7.432339059461163799e-01 3.394141733079412138e-01
1.077687739953843860e+01 -7.428153739031680969e-01 3.388808676832743561e-01
1.074800976564273469e+01 -7.423760503800386212e-01 3.383371343875895554e-01
1.071932576427387929e+01 -7.418919452269673309e-01 3.377924608790009442e-01
1.069080455070259994e+01 -7.413762057241616299e-01 3.372266118202302820e-01
1.066235105417733031e+01 -7.408271176985350426e-01 3.366564845536450523e-01
1.063409310711708144e+01 -7.402429617558466957e-01 3.360766826469765989e-01
1.060586145571014960e+01 -7.396145844260502145e-01 3.354818013141246391e-01
1.057785830651688919e+01 -7.389551110243169907e-01 3.348738561550652637e-01
1.054998877002145186e+01 -7.382702316761780015e-01 3.342622835620965849e-01
1.052230655674539683e+01 -7.375582007112366778e-01 3.336342277387434052e-01
1.049471683838999425e+01 -7.368172643768038377e-01 3.329991112314495405e-01
1.046742194408583515e+01 -7.360530885236336029e-01 3.323589219659411897e-01
1.044025280421505464e+01 -7.352713295659313308e-01 3.317082136883947596e-01
1.041333749741491310e+01 -7.344776337696260482e-01 3.310489631073931238e-01
1.038658126170299134e+01 -7.336627798212940199e-01 3.303757136319783183e-01
1.036011219131959571e+01 -7.328398198337910951e-01 3.296978608545949041e-01
1.033376124824415676e+01 -7.320069368382859931e-01 3.290025112223137760e-01
1.030773080997790636e+01 -7.311623007207777025e-01 3.282990525479519417e-01
1.028185183102250022e+01 -7.303114958057239647e-01 3.275820126523640852e-01
1.025625239116548393e+01 -7.294600917406410812e-01 3.268459164394412197e-01
1.023083770799793513e+01 -7.286136427371761037e-01 3.261001429492089709e-01
1.020566155174529044e+01 -7.277702584726452040e-01 3.253392122848754453e-01
1.018077767587177007e+01 -7.269428884078467101e-01 3.245576426143526594e-01
1.015623981498747774e+01 -7.261296076731607041e-01 3.237648071424758522e-01
1.013187883254852473e+01 -7.253433297811386904e-01 3.229552209505349714e-01
1.010789698738658693e+01 -7.245820925659753886e-01 3.221308262545408141e-01
1.008419938099626911e+01 -7.238587709583167440e-01 3.212861358778882348e-01
1.006090723937509956e+01 -7.231694794317482522e-01 3.204234723409215002e-01
1.003781782255114408e+01 -7.225176341651435852e-01 3.195466863664127577e-01
1.001501879763402769e+01 -7.218898898303299783e-01 3.186525818391441889e-01
9.992449239534845873e+00 -7.212803077524553297e-01 3.177379619318742021e-01
9.970122481683901583e+00 -7.206977838576053008e-01 3.168144857961439076e-01
9.947977549480910398e+00 -7.201140498725104866e-01 3.158789551151097719e-01
9.925953444481718790e+00 -7.195453848853683443e-01 3.149281707221257554e-01
9.904063428796522572e+00 -7.189709032594316929e-01 3.139737891848515261e-01
9.882320742675343439e+00 -7.184068379618862021e-01 3.130051809044065991e-01
9.860664322265924042e+00 -7.178322569487224358e-01 3.120340000358892696e-01
9.839181651532586059e+00 -7.172633466160713844e-01 3.110570425267963346e-01
9.817737346283950117e+00 -7.166791283084622544e-01 3.100711025801113907e-01
9.796418856834661071e+00 -7.160957418933490137e-01 3.090878290929141015e-01
9.775239335725046885e+00 -7.154995907414553047e-01 3.080965836216055243e-01
9.754063356008124686e+00 -7.148993403705929950e-01 3.071090101811538853e-01
9.732904047085424892e+00 -7.142739202433838752e-01 3.061218931762298423e-01
9.711848813043097550e+00 -7.136393792244082324e-01 3.051320137720525683e-01
9.690836483973404469e+00 -7.129820307855505579e-01 3.041435779065080336e-01
9.669805884775840354e+00 -7.123104518650733574e-01 3.031607875968196919e-01
9.648770120401774619e+00 -7.116034848692441850e-01 3.021729838949874791e-01
9.627742294018792890e+00 -7.108770933204912046e-01 3.011917882975005956e-01
9.606735508582353589e+00 -7.101175072390850662e-01 3.002139606590338849e-01
9.585688584791210332e+00 -7.093332221625959777e-01 2.992362555681423175e-01
9.564614629418539238e+00 -7.085252863414959190e-01 2.982628503866097125e-01
9.543526752988370276e+00 -7.076798730094767675e-01 2.972904882556488548e-01
9.522438070792063058e+00 -7.068054227740455664e-01 2.963159061740071598e-01
9.501287420227274794e+00 -7.059029308681903370e-01 2.953581198011127618e-01
9.480162211960236007e+00 -7.049659478111044431e-01 2.943915680849691907e-01
9.459075579876801143e+00 -7.040028651222427492e-01 2.934352532760796106e-01
9.437892097834632565e+00 -7.030072025804434688e-01 2.924858856197032342e-01
9.416773480722598677e+00 -7.019724655762065169e-01 2.915327399369757599e-01
9.395584316270898739e+00 -7.009070024501498075e-01 2.905873689448726371e-01
9.374337765679429779e+00 -6.998117200611103650e-01 2.896390331140049623e-01
9.353121279511244168e+00 -6.986800843808819161e-01 2.886918424211159517e-01
9.331873746364735212e+00 -6.975055494103125087e-01 2.877498996930537567e-01
9.310608342347514110e+00 -6.963038427623932103e-01 2.868098723451729115e-01
9.289412529833873222e+00 -6.950683960554298046e-01 2.858684208650009717e-01
9.268150922009628090e+00 -6.938000587670138941e-01 2.849221989906211561e-01
9.246985265749403382e+00 -6.924922419416540409e-01 2.839752822840143076e-01
9.225854455273001520e+00 -6.911606319515998242e-01 2.830317400482392776e-01
9.204845947656300709e+00 -6.897986207045730955e-01 2.820807789375222030e-01
9.183898626655736308e+00 -6.884070193010773941e-01 2.811264567109147405e-01
9.163025650899422558e+00 -6.869866298861950771e-01 2.801653975744404224e-01
9.142314451433328770e+00 -6.855382457959935394e-01 2.792016493127649768e-01
9.121703878637292817e+00 -6.840626516479685337e-01 2.782243987054612289e-01
9.101207050048961023e+00 -6.825531950251996216e-01 2.772376854282497805e-01
9.080911347588726201e+00 -6.810106431557785278e-01 2.762455458828230181e-01
9.060755564202571222e+00 -6.794431828373271864e-01 2.752371570535606660e-01
9.040827034964253883e+00 -6.778441352582385004e-01 2.742091221387635835e-01
9.020990216614285018e+00 -6.762142408696578677e-01 2.731654711506450450e-01
9.001474303360303963e+00 -6.745546162858917505e-01 2.721035017066700257e-01
8.982036157629231354e+00 -6.728679104442149006e-01 2.710232986357012930e-01
8.962871656869708659e+00 -6.711571478621285447e-01 2.699330723330298221e-01
8.943805221329963473e+00 -6.694179144614673671e-01 2.688261774697507933e-01
8.924884079179301821e+00 -6.676680705886262057e-01 2.677108270283713454e-01
8.906006846156092394e+00 -6.658883238043110664e-01 2.665803795301020518e-01
8.887294940315388914e+00 -6.640965119559681940e-01 2.654504814034871485e-01
8.868646878337807848e+00 -6.622956042793493037e-01 2.643144974850576423e-01
8.850109690468896062e+00 -6.604737009411365545e-01 2.631657966524831860e-01
8.831581784051797612e+00 -6.586486026784562631e-01 2.620200374338376714e-01
8.813110075208076211e+00 -6.568083835361870904e-01 2.608780267868427982e-01
8.794741419642589264e+00 -6.549708172158912323e-01 2.597257205974583538e-01
8.776299760095591651e+00 -6.531239498346628203e-01 2.585787942443616427e-01
8.757980392480909870e+00 -6.512706696074828105e-01 2.574380729214172936e-01
8.739607129146124365e+00 -6.494212781039708782e-01 2.563043887200432969e-01
8.721226565351669180e+00 -6.475712048368557072e-01 2.551637242656334403e-01
8.702810943900043839e+00 -6.457158636396779228e-01 2.540392114588218564e-01
8.684332437462455090e+00 -6.438580807376597104e-01 2.529168482130618734e-01
8.665837431094333354e+00 -6.420080945171360298e-01 2.517974970952023828e-01
8.647223670932483230e+00 -6.401538419476102693e-01 2.506894571116438653e-01
8.628537397603057713e+00 -6.383055285645147237e-01 2.495861787406302157e-01
8.609824778808704338e+00 -6.364584866612962299e-01 2.484959773624532131e-01
8.591057625611835391e+00 -6.346154603492504265e-01 2.474123198339505669e-01
8.572281959418022623e+00 -6.327791772852601193e-01 2.463435378115498287e-01
8.553395161637080690e+00 -6.309449204706764069e-01 2.452831142199230485e-01
8.534517391551407428e+00 -6.291153851741060343e-01 2.442319681212085924e-01
8.515620169342446033e+00 -6.273006792282983524e-01 2.431910261338540435e-01
8.496674943813237846e+00 -6.254811816507122035e-01 2.421612221544999499e-01
8.477727376781260205e+00 -6.236743982428016864e-01 2.411434970351953311e-01
8.458748777130596253e+00 -6.218755353095853922e-01 2.401387982190446024e-01
8.439710385531403958e+00 -6.200723569549063674e-01 2.391480793373679525e-01
8.420657659311748588e+00 -6.182748991484194878e-01 2.381648714221245022e-01
8.401561706966161225e+00 -6.164783287092996389e-01 2.371901391382837676e-01
8.382393573307531653e+00 -6.146852291572774130e-01 2.362322802893799811e-01
8.363198524745714124e+00 -6.128833165240429315e-01 2.352774119001186937e-01
8.343947484175998852e+00 -6.110825820241621020e-01 2.343413681346057653e-01
8.324685599985128803e+00 -6.092781512758909113e-01 2.334102729485131034e-01
8.305383681144832053e+00 -6.074651420209784547e-01 2.324851096375457615e-01
8.286086766402366521e+00 -6.056386651850993452e-01 2.315668635818281806e-01
8.266765559537843089e+00 -6.038086826738178203e-01 2.306639500439602308e-01
8.247464998697168426e+00 -6.019554383949058396e-01 2.297625002241807657e-01
8.228081408267472696e+00 -6.000888862054111206e-01 2.288709308313227331e-01
8.208733918816308872e+00 -5.982041209693025330e-01 2.279902301696961064e-01
8.189393052038836274e+00 -5.962962364238600932e-01 2.271065293001051921e-01
8.170029290243919107e+00 -5.943528979944424639e-01 2.262282433303865747e-01
8.150687362348520537e+00 -5.923914857020179392e-01 2.253563575864084567e-01
8.131337679363930704e+00 -5.903848118010641688e-01 2.244769988707154829e-01
8.111950620377909260e+00 -5.883428337486824589e-01 2.236060052139026422e-01
8.092570818514467135e+00 -5.862606568380859251e-01 2.227369271173572085e-01
8.073242879855222043e+00 -5.841333919458973067e-01 2.218633123464007206e-01
8.053861445700951194e+00 -5.819505244427919388e-01 2.209790906255152121e-01
8.034612776571778525e+00 -5.797235889724795532e-01 2.201020132415124897e-01
8.015384605788614891e+00 -5.774584965122021574e-01 2.192204997880971840e-01
7.996138932285570711e+00 -5.751611672891132621e-01 2.183378233245615585e-01
7.976986306214810085e+00 -5.728375315365659137e-01 2.174646820427193761e-01
7.957888696945109253e+00 -5.704861018252032068e-01 2.165820575916323210e-01
7.938882345475581026e+00 -5.681202587162653694e-01 2.157080703646602204e-01
7.919854915723130162e+00 -5.657385378804798970e-01 2.148311245403811409e-01
7.900842630208280148e+00 -5.633543439333492664e-01 2.139619067850653256e-01
7.881881704598985294e+00 -5.609588090302897179e-01 2.130962448081259175e-01
7.862934065623004898e+00 -5.585653632252336465e-01 2.122299644234620919e-01
7.843961635844586056e+00 -5.561725928860976609e-01 2.113737466624619477e-01
7.825074901797218985e+00 -5.537939541722531889e-01 2.105234148342284561e-01
7.806161497446930220e+00 -5.514206312701507295e-01 2.096747917327146105e-01
7.787257622524169420e+00 -5.490661063935441399e-01 2.088311285351326374e-01
7.768399476177874519e+00 -5.467215894947684562e-01 2.079956770372981267e-01
7.749548973968576782e+00 -5.443931597458223637e-01 2.071716902719626385e-01
7.730742315203465331e+00 -5.420943368385842120e-01 2.063475664545403876e-01
7.711941416094285628e+00 -5.398163671593997348e-01 2.055339914032759119e-01
7.693182476757803201e+00 -5.375579366957804472e-01 2.047267974741074636e-01
7.674427414039215911e+00 -5.353325988280013270e-01 2.039292493090371916e-01
7.655712428179905160e+00 -5.331316319613377264e-01 2.031371878389865437e-01
7.636999435312189277e+00 -5.309611806093808006e-01 2.023538876873078318e-01
7.618324633804320456e+00 -5.288199696314385134e-01 2.015752011660552068e-01
7.599649936440414422e+00 -5.267067318345939331e-01 2.008044156608821129e-01
7.580937252958618089e+00 -5.246350638975185721e-01 2.000448259468011469e-01
7.562222772446232533e+00 -5.225888554723139290e-01 1.992923064797000321e-01
7.543616962097789980e+00 -5.205817151782328178e-01 1.985501687084641198e-01
7.524933148334269184e+00 -5.185975429884444043e-01 1.978143049504594853e-01
7.506281783338874192e+00 -5.166499562265306489e-01 1.970880456269265002e-01
7.487699025955333987e+00 -5.147302903237792604e-01 1.963673030512383122e-01
7.469146740005335516e+00 -5.128373114521239673e-01 1.956554285672360283e-01
7.450586776028791824e+00 -5.109772157877308096e-01 1.949557845815257651e-01
7.432129536460275965e+00 -5.091458007736382463e-01 1.942568881862607455e-01
7.413662556236723766e+00 -5.073366356557760248e-01 1.935769815211541012e-01
7.395147634892008881e+00 -5.055514605793803851e-01 1.928971768158999345e-01
7.376769401627207401e+00 -5.037883006966334953e-01 1.922357400189991794e-01
7.358341045353708587e+00 -5.020459227135986024e-01 1.915738073512835982e-01
7.339898580791497373e+00 -5.003216059966698603e-01 1.909296687927141967e-01
7.321477996073352479e+00 -4.986133707690522110e-01 1.902844844915821676e-01
7.303115250908346567e+00 -4.969192350517654400e-01 1.896565681059355357e-01
7.284697707810463108e+00 -4.952349860231001211e-01 1.890345314178104308e-01
7.266261264431328470e+00 -4.935578941498609540e-01 1.884218541297512095e-01
7.247841784985535440e+00 -4.918837418972705766e-01 1.878220267894201712e-01
7.229400815304470207e+00 -4.902097952144309767e-01 1.872236936465124790e-01
7.210974148541921203e+00 -4.885318324355065744e-01 1.866452222466353505e-01
7.192448973529003808e+00 -4.868471159567847595e-01 1.860678477098312300e-01
7.173861007825369285e+00 -4.851514213281147847e-01 1.855099556060092192e-01
7.155320213453240541e+00 -4.834382949417332376e-01 1.849527977719735150e-01
7.136639378831694636e+00 -4.817049973260564277e-01 1.844147750848539602e-01
7.117932122472719669e+00 -4.799480219764806210e-01 1.838844311607781834e-01
7.099252683391375385e+00 -4.781689642408865071e-01 1.833571421659971612e-01
7.080436146245948414e+00 -4.763723682463520959e-01 1.828504238062337861e-01
7.061614690268907424e+00 -4.745620385086654069e-01 1.823446540350269762e-01
7.042846172440412111e+00 -4.727417837565145997e-01 1.818499273210471834e-01
7.023965561443858974e+00 -4.709146751411634746e-01 1.813689120003720290e-01
7.005179206925838287e+00 -4.690845329985021128e-01 1.808894210252244839e-01
6.986396289495997891e+00 -4.672544423098078381e-01 1.804141244665096733e-01
6.967600240044941273e+00 -4.654274966972867245e-01 1.799456919246073261e-01
6.948848741831281650e+00 -4.636067996049099693e-01 1.794793633072125083e-01
6.930050882339347851e+00 -4.617962083247185157e-01 1.790178046819111135e-01
6.911412856931645976e+00 -4.599973638487095395e-01 1.785636791087473196e-01
6.892769420227954136e+00 -4.582104348860200904e-01 1.781122175104188909e-01
6.874178157280717905e+00 -4.564378332007199557e-01 1.776586462869001182e-01
6.855696636463907367e+00 -4.546790148993538616e-01 1.772130433304480446e-01
6.837233846090577494e+00 -4.529371670389811255e-01 1.767706239950231351e-01
6.818921615756918797e+00 -4.512117803201214916e-01 1.763265972284010497e-01
6.800668919348390240e+00 -4.495045927510358807e-01 1.758910217704130752e-01
6.782607580244490286e+00 -4.478173620583537073e-01 1.754516639699000013e-01
6.764572291135904081e+00 -4.461503808559291739e-01 1.750185675286386744e-01
6.746620602997078997e+00 -4.445047059038362836e-01 1.745869114699604152e-01
6.728810079126956722e+00 -4.428814159346792234e-01 1.741592949894162357e-01
6.711049732757683017e+00 -4.412823550508868098e-01 1.737308806360852720e-01
6.693471449216309210e+00 -4.397079046764602039e-01 1.733042509781110574e-01
6.675910006061847923e+00 -4.381584695735017965e-01 1.728819803011243106e-01
6.658497345733419337e+00 -4.366359637439790609e-01 1.724517780399852374e-01
6.641216879104944404e+00 -4.351378678628737284e-01 1.720310590952521534e-01
6.623977773466313224e+00 -4.336654004563134102e-01 1.716075173271354171e-01
6.606837807385934624e+00 -4.322190607620635672e-01 1.711836960318620648e-01
6.589780524401762207e+00 -4.307971428074687803e-01 1.707695600420220949e-01
6.572863804036602531e+00 -4.294001920456226307e-01 1.703527828483639983e-01
6.556071298582935469e+00 -4.280287763558366931e-01 1.699358889417351415e-01
6.539312436642266135e+00 -4.266819997611560611e-01 1.695213977662178018e-01
6.522645276891445576e+00 -4.253582445367873888e-01 1.691118244302530771e-01
6.506053660525884297e+00 -4.240603702190028912e-01 1.687022521189155133e-01
6.489595780880646814e+00 -4.227912556545591616e-01 1.682951896018599069e-01
6.473181335180264284e+00 -4.215367127570885941e-01 1.678931437284626738e-01
6.456794376922716516e+00 -4.203122839853193904e-01 1.674911919535648219e-01
6.440493317355467262e+00 -4.191112426808656366e-01 1.670918399368066243e-01
6.424188076026728034e+00 -4.179343051855139990e-01 1.666901657559241301e-01
6.407937215423142874e+00 -4.167747727933780455e-01 1.663035342283498697e-01
6.391725090647837781e+00 -4.156408154008816025e-01 1.659195993785126388e-01
6.375610416161372918e+00 -4.145257566624054313e-01 1.655408754485259148e-01
6.359429131053845552e+00 -4.134229292156594293e-01 1.651698810886683966e-01
6.343314382390098594e+00 -4.123479582375968455e-01 1.648017118715737195e-01
6.327102255565683286e+00 -4.112793331391328411e-01 1.644463261727790448e-01
6.311000323760477926e+00 -4.102326895680686869e-01 1.641062609072729273e-01
6.294844810409955471e+00 -4.092013811232930731e-01 1.637692039162585711e-01
6.278620570798155498e+00 -4.081787629491589464e-01 1.634525647482928390e-01
6.262312521725064585e+00 -4.071730470189757756e-01 1.631440484724968054e-01
6.245984608241765379e+00 -4.061776596267103745e-01 1.628457920660303093e-01
6.229645293405554618e+00 -4.052011702604159105e-01 1.625582054057941317e-01
6.213233493056448786e+00 -4.042299318429539157e-01 1.622887027806762250e-01
6.196762451185400700e+00 -4.032725774260961793e-01 1.620224240489814005e-01
6.180319734976041701e+00 -4.023228773829993776e-01 1.617593765991825472e-01
6.163844379112150662e+00 -4.013894518541272216e-01 1.615070071157066467e-01
6.147424014415324045e+00 -4.004586281499052935e-01 1.612653448985921223e-01
6.130997728317197470e+00 -3.995390101223905699e-01 1.610195734358744191e-01
6.114578909747446112e+00 -3.986317641566126668e-01 1.607771719791903364e-01
6.098255243458010177e+00 -3.977306186903787899e-01 1.605382018688150114e-01
6.081965853830037183e+00 -3.968367205659244501e-01 1.603027345125697112e-01
6.065724149733679127e+00 -3.959512064651539154e-01 1.600634225685202416e-01
6.049543535463872246e+00 -3.950677744810417447e-01 1.598277844354862864e-01
6.033437405312676027e+00 -3.941949692265537819e-01 1.595884902020854312e-01
6.017419138323546690e+00 -3.933264686280625311e-01 1.593456459618286802e-01
6.001427809772471811e+00 -3.924633693047732130e-01 1.590993646465511946e-01
5.985625320436892771e+00 -3.916067586784071630e-01 1.588423367848915135e-01
5.969876407657023876e+00 -3.907502872101541458e-01 1.585895429433099024e-01
5.954194342292334241e+00 -3.899024541603429150e-01 1.583262542529174921e-01
5.938666641563435711e+00 -3.890494666617065889e-01 1.580600297857630843e-01
5.923157931827079281e+00 -3.882072391034911418e-01 1.577910020326651341e-01
5.907829930353666548e+00 -3.873619673612866965e-01 1.575193040952471146e-01
5.892621458576090987e+00 -3.865221283706656852e-01 1.572450684996582471e-01
5.877545574399404060e+00 -3.856887679276577718e-01 1.569609976415159425e-01
5.862541004052443050e+00 -3.848480736085480580e-01 1.566746476229455287e-01
5.847694992027357763e+00 -3.840159461981629274e-01 1.563861419890424098e-01
5.832946167091707323e+00 -3.831785742589713384e-01 1.560881705260659946e-01
5.818307393417348372e+00 -3.823518623353502899e-01 1.557957014815382901e-01
5.803791488303241763e+00 -3.815220055719717451e-01 1.554939819624924224e-01
5.789411224003904621e+00 -3.806900612399385930e-01 1.551831069275547981e-01
5.775179330155393309e+00 -3.798645218015902492e-01 1.548780181277638335e-01
5.760959929782541344e+00 -3.790390312515819482e-01 1.545639330052704374e-01
5.746914243896203978e+00 -3.782220998723526129e-01 1.542483422135853544e-01
5.732980611106573754e+00 -3.773999637865247947e-01 1.539238670114462804e-01
5.719097342783069138e+00 -3.765885846481170640e-01 1.536054002436224031e-01
5.705351295202155448e+00 -3.757816523531192221e-01 1.532855355605853009e-01
5.691680741133693822e+00 -3.749728711630731515e-01 1.529568518885785211e-01
5.678098226357455758e+00 -3.741782457274080986e-01 1.526341980035821333e-01
5.664542009034579273e+00 -3.733840834909030182e-01 1.523101220618861829e-01
5.651173200411801822e+00 -3.726064222327490905e-01 1.519845847460052357e-01
5.637781503760889379e+00 -3.718316038698366022e-01 1.516575307755030355e-01
5.624528056571648449e+00 -3.710682733742388106e-01 1.513363172366695153e-01
5.611276886347170034e+00 -3.703250940413672088e-01 1.510208569810465307e-01
5.598114902527223435e+00 -3.695884626057495681e-01 1.507036188444049185e-01
5.585054769909088890e+00 -3.688745077020552099e-01 1.503919130356557166e-01
5.571960632536001157e+00 -3.681696629121587461e-01 1.500856065417565943e-01
5.558919538495211476e+00 -3.674900932539483245e-01 1.497845520483984394e-01
5.545944313022333816e+00 -3.668296962535823047e-01 1.494885886214915027e-01
5.532899281876463071e+00 -3.661972430589828797e-01 1.491975424950583995e-01
5.519945978931196429e+00 -3.655866642414510315e-01 1.489186563100862726e-01
5.506950677132811833e+00 -3.650057470053756914e-01 1.486365649450803461e-01
5.493935473600648933e+00 -3.644508033189569618e-01 1.483717881338131594e-01
5.480924349622354974e+00 -3.639097143807188961e-01 1.481073833651038452e-01
5.467941382647105719e+00 -3.634000862243544350e-01 1.478486856541642303e-01
5.455010750453170409e+00 -3.628949647043667182e-01 1.475935954197117039e-01
5.442008167670292273e+00 -3.624119740699703329e-01 1.473400081621792646e-01
5.429032306136035935e+00 -3.619316033776499575e-01 1.470932441810226532e-01
5.416107663008244977e+00 -3.614640598155136608e-01 1.468437649189362482e-01
5.403184562133469981e+00 -3.610046966940570479e-01 1.466043161243666126e-01
5.390287721639608343e+00 -3.605488681735044554e-01 1.463579308155932845e-01
5.377441970220129264e+00 -3.600919272401904014e-01 1.461173574910572814e-01
5.364597962603052217e+00 -3.596292236480818083e-01 1.458730630664667738e-01
5.351780744705501469e+00 -3.591709585422215856e-01 1.456303759833880995e-01
5.339015467458247066e+00 -3.587050406283193160e-01 1.453872024724117140e-01
5.326253099814827863e+00 -3.582342258594681805e-01 1.451414561622990373e-01
5.313444707964078972e+00 -3.577538303524037122e-01 1.448836309223122398e-01
5.300764300767150772e+00 -3.572591567531214207e-01 1.446265153785460944e-01
5.288088839417209641e+00 -3.567603490177282954e-01 1.443680521904979197e-01
5.275443931914399087e+00 -3.562526771729944142e-01 1.441061956821347023e-01
5.262855258845354101e+00 -3.557313922756216162e-01 1.438389126661745177e-01
5.250274282038141394e+00 -3.551991531336006758e-01 1.435641831538845559e-01
5.237726803152247257e+00 -3.546511681035634522e-01 1.432800009431502986e-01
5.225238671248824573e+00 -3.540900504296717877e-01 1.429992307788129358e-01
5.212761489914758961e+00 -3.535183886846970380e-01 1.427124669276999547e-01
5.200321174518609979e+00 -3.529313173757889777e-01 1.424177467680329545e-01
5.188017942161211593e+00 -3.523313727756858249e-01 1.421131224865210263e-01
5.175654883892343072e+00 -3.517136355367840306e-01 1.418115176830713198e-01
5.163406505823352255e+00 -3.510880152477648397e-01 1.414961570295104332e-01
5.151150167140371217e+00 -3.504421083854485364e-01 1.411725643379694584e-01
5.138986054189897068e+00 -3.497857683213823621e-01 1.408537053348857260e-01
5.126865752654501840e+00 -3.491139636802373380e-01 1.405154168946961823e-01
5.114740804454538825e+00 -3.484290637061249196e-01 1.401781180925403270e-01
5.102711264946034220e+00 -3.477334104332685527e-01 1.398399541217181241e-01
5.090802842989423205e+00 -3.470218910598436568e-01 1.394916519401602217e-01
5.078892608491160310e+00 -3.463042239220291973e-01 1.391388041507274909e-01
5.067006118008248627e+00 -3.455826745602193495e-01 1.387870110224808662e-01
5.055243123469558952e+00 -3.448520570223218007e-01 1.384344507638614885e-01
5.043554714596083954e+00 -3.441145920449424911e-01 1.380718780582773364e-01
5.031891879607623075e+00 -3.433799087009614670e-01 1.377049075740373607e-01
5.020354066767666268e+00 -3.426353328010421362e-01 1.373465840088908818e-01
5.008817762307117505e+00 -3.418904589390681648e-01 1.369728103318354206e-01
4.997382187823301791e+00 -3.411474391617226321e-01 1.366040579410955913e-01
4.986072163645637545e+00 -3.404084134999904032e-01 1.362385097929217637e-01
4.974763823736561896e+00 -3.396755122439188979e-01 1.358669153732697255e-01
4.963556032662967077e+00 -3.389434299424533004e-01 1.354874456741724797e-01
4.952473252119840907e+00 -3.382142845106094198e-01 1.351131198392624411e-01
4.941391259045947670e+00 -3.375050480229756511e-01 1.347346617419070414e-01
4.930482849342431528e+00 -3.368104074223253197e-01 1.343650684648958482e-01
4.919623573633219671e+00 -3.361250520260237185e-01 1.339876102900996457e-01
4.908837443118862609e+00 -3.354659610076122789e-01 1.336078276688889288e-01
4.898146555438159133e+00 -3.348267850856050942e-01 1.332386996402049051e-01
4.887491379019449411e+00 -3.342044104593069331e-01 1.328635803196946130e-01
4.876959050408135710e+00 -3.336021128230464150e-01 1.324881166546209854e-01
4.866562345464388706e+00 -3.330083250333165656e-01 1.321179358221113154e-01
4.856091121887510020e+00 -3.324263525065080938e-01 1.317437876250575624e-01
4.845780881022357711e+00 -3.318520900192409306e-01 1.313786854880089339e-01
4.835421376787383707e+00 -3.312740233962591652e-01 1.310133357570737178e-01
4.825099462243893633e+00 -3.307029444192823298e-01 1.306458506664087693e-01
4.814827684119545204e+00 -3.301273820380197788e-01 1.302817480739713041e-01
4.804544295235525730e+00 -3.295507452245959867e-01 1.299190946717362627e-01
4.794261834224070817e+00 -3.289690388040462099e-01 1.295633627753043637e-01
4.784067138416413734e+00 -3.283857208032541775e-01 1.292125738929263690e-01
4.773749939279453791e+00 -3.277894178068156972e-01 1.288572991759104613e-01
4.763545710335256977e+00 -3.271836385153943927e-01 1.285103734499616901e-01
4.753244277852548549e+00 -3.265719169480977846e-01 1.281623259215111665e-01
4.743006951803866222e+00 -3.259503837370923973e-01 1.278185229103521725e-01
4.732697986362571996e+00 -3.253151938635331364e-01 1.274843122986463462e-01
4.722330292409940178e+00 -3.246699541348100904e-01 1.271501681412154083e-01
4.711991164882457284e+00 -3.240034370052394808e-01 1.268139771801008453e-01
4.701619442360416734e+00 -3.233267209478598025e-01 1.264884688019356218e-01
4.691228366810777040e+00 -3.226360470799670699e-01 1.261566466760687677e-01
4.680757024854884207e+00 -3.219351023559974267e-01 1.258312174164420705e-01
4.670218921988376515e+00 -3.212127324352722080e-01 1.255100224469536674e-01
4.659701988649979754e+00 -3.204726527907920675e-01 1.251908967615515123e-01
4.649145734556858756e+00 -3.197185895209702089e-01 1.248716710610793534e-01
4.638564102757985808e+00 -3.189468483324683357e-01 1.245576023017563594e-01
4.627896904816798163e+00 -3.181685967633747225e-01 1.242390908870395355e-01
4.617158388594868157e+00 -3.173652911132734400e-01 1.239213963383193062e-01
4.606437237581822330e+00 -3.165555285074240777e-01 1.236023545231126758e-01
4.595673718241018335e+00 -3.157281885595468185e-01 1.232872366255528124e-01
4.584882526877459341e+00 -3.148870002147576841e-01 1.229738946886418521e-01
4.574078500999266161e+00 -3.140431100919844898e-01 1.226601921617333918e-01
4.563202329191949680e+00 -3.131779374016751549e-01 1.223440060340489632e-01
4.552343393537420901e+00 -3.123025974190556386e-01 1.220232288865067682e-01
4.541442626085182788e+00 -3.114281847827140570e-01 1.217031991947338104e-01
4.530589631961039032e+00 -3.105360568479805239e-01 1.213818464653201729e-01
4.519651259631181972e+00 -3.096372573243475479e-01 1.210571212906511041e-01
4.508791571947297072e+00 -3.087353714667780413e-01 1.207344252562653902e-01
4.497877563490225938e+00 -3.078190948006331862e-01 1.204043272854093405e-01
4.486924845881196333e+00 -3.069068004561557594e-01 1.200722782603710487e-01
4.476023347616016501e+00 -3.059796814308904933e-01 1.197288986548660505e-01
4.465188729555072733e+00 -3.050486033614788761e-01 1.193871211211407490e-01
4.454362366704368803e+00 -3.041169606184993546e-01 1.190376210177028493e-01
4.443485612921232786e+00 -3.031806743996694475e-01 1.186859585755625501e-01
4.432722632191369527e+00 -3.022430477894014200e-01 1.183302940421971094e-01
4.422014678100214091e+00 -3.013073360503980558e-01 1.179613876518541410e-01
4.411377208202591937e+00 -3.003767455636565664e-01 1.175923127698682014e-01
4.400751297411160223e+00 -2.994470047293144033e-01 1.172138853067659636e-01
4.390300752597569911e+00 -2.985212202403597082e-01 1.168318047584907121e-01
4.379892109029536407e+00 -2.976024486364857724e-01 1.164369398706939229e-01
