# cl_TT                  cl_TE                    cl_EE
2.985120662321572240e+02 8.156347363743801093e-01 1.459026822498713481e-02
2.771092533052049021e+02 1.351261391615175889e+00 3.816296279318582424e-02
2.573413785750233274e+02 1.723891591424027814e+00 6.844654412558949519e-02
2.412448032212074338e+02 1.936326083386363583e+00 1.001101316579781630e-01
2.283155493317072455e+02 2.020060154000494990e+00 1.277994089429431435e-01
2.179312004420436040e+02 2.008569294182338982e+00 1.473634217293748327e-01
2.095336735897523681e+02 1.934586448586768093e+00 1.565054740933010669e-01
2.028107334692990662e+02 1.823106013669500758e+00 1.549090632469715401e-01
1.974503389466157159e+02 1.692603632962438764e+00 1.438460329322046316e-01
1.933809227164094580e+02 1.550533666405121691e+00 1.257673449882960037e-01
1.908188731484766265e+02 1.399576158802280368e+00 1.037816946749233887e-01
1.888952744461221300e+02 1.237911446592319331e+00 8.101082452935524925e-02
1.876500948064204408e+02 1.082873693914765179e+00 5.996838609863396757e-02
1.869217794597122406e+02 9.343410935371451176e-01 4.235020947128702307e-02
1.871014243679845208e+02 7.986358765952957794e-01 2.905304810293683759e-02
1.879876833024279961e+02 6.734839260010112572e-01 2.010298615700512048e-02
1.889007908624856498e+02 5.572902905170138421e-01 1.519117315119735724e-02
1.909537714740190211e+02 4.573536696823132242e-01 1.342938562894596677e-02
1.927791984295650423e+02 3.727042448321683521e-01 1.377343191537654978e-02
1.949855002183499266e+02 3.073219326761699732e-01 1.521505466669133451e-02
1.974580141151331532e+02 2.609368358553903477e-01 1.685506943044868741e-02
1.997822927597403861e+02 2.348556487838288631e-01 1.812236378633506201e-02
2.022868037097830438e+02 2.298124819353516979e-01 1.862784927603214694e-02
2.051469893509519409e+02 2.382175057100657800e-01 1.835155198368582444e-02
2.078995088081528024e+02 2.624498878967656545e-01 1.741624900569573378e-02
2.108879606037403107e+02 3.001320140755017740e-01 1.612197464253296159e-02
2.138847100013851730e+02 3.429949956997738192e-01 1.478573329781213488e-02
2.168758656307372519e+02 3.931996131606328437e-01 1.371387547663157312e-02
2.201283134589361623e+02 4.407989615919469251e-01 1.316705149984450339e-02
2.230132162430408584e+02 4.909720909415423162e-01 1.322462810404877523e-02
2.262971633099333246e+02 5.338467211876272156e-01 1.392015519202804974e-02
2.294466906647140263e+02 5.686053524776450985e-01 1.511776402837183321e-02
2.324648708560721104e+02 5.978557735869505230e-01 1.669459348053772135e-02
2.360376295249250518e+02 6.118783631625150932e-01 1.841198448911172611e-02
2.393354966054740487e+02 6.199997182209794344e-01 2.004647838083310069e-02
2.427403291130727894e+02 6.161286668161555236e-01 2.144194504083610231e-02
2.462104338225750269e+02 6.024812234765919428e-01 2.245413207131003244e-02
2.496956459441633172e+02 5.803133904243267249e-01 2.306634796010096494e-02
2.532123950794313316e+02 5.496197701655486378e-01 2.329640987718494330e-02
2.567511936508450958e+02 5.108803081596172690e-01 2.318285726438944205e-02
2.603103104488754980e+02 4.664494604896395336e-01 2.284659879242613087e-02
2.638769537799717568e+02 4.187510384647213924e-01 2.242896828028738063e-02
2.674754737485177429e+02 3.686043315532985809e-01 2.206914530116419956e-02
2.711450772020294835e+02 3.165240686020978633e-01 2.190348663682350691e-02
2.748322488304487479e+02 2.634335422755809120e-01 2.204081342978290309e-02
2.785211438379017750e+02 2.100332078871603170e-01 2.249154110173430879e-02
2.821923354635727037e+02 1.569492416287316117e-01 2.323461242208700595e-02
2.858412536691315040e+02 1.048821045893675863e-01 2.424822733229071645e-02
2.895301835844236962e+02 5.467116931067417251e-02 2.552172831250817953e-02
2.933224521544766503e+02 7.116677550052690100e-03 2.704103192005698209e-02
2.971592715954395203e+02 -3.733970692240634603e-02 2.877389395790391075e-02
3.009606108746781388e+02 -7.855588926118950432e-02 3.068018730816036987e-02
3.046984374009155658e+02 -1.172489366671269490e-01 3.272052772542653754e-02
3.083595752661499318e+02 -1.545055501889438243e-01 3.485701667725370212e-02
3.120499526507546761e+02 -1.919890775227368340e-01 3.705370113732239096e-02
3.158764997380014847e+02 -2.311045945990627126e-01 3.930915202552349996e-02
3.198052585273887303e+02 -2.725133605965879280e-01 4.163279979732660563e-02
3.237577008730002035e+02 -3.165891569599772470e-01 4.403481780370997051e-02
3.277221537310157373e+02 -3.632897769953269962e-01 4.651795110947391787e-02
3.317113801470084127e+02 -4.126188661140717806e-01 4.908020725247455585e-02
3.357244624330954252e+02 -4.651200404320048887e-01 5.170064346468302569e-02
3.397700622793837510e+02 -5.214867651478509725e-01 5.435432229027294809e-02
3.438419846036044305e+02 -5.824050767337328738e-01 5.701556351060868555e-02
3.479563192979662745e+02 -6.486204381068620961e-01 5.966091548513309528e-02
3.521443986778061230e+02 -7.207954535666375451e-01 6.226391101742512896e-02
3.563945280846470496e+02 -7.984218904018670626e-01 6.481276252855548703e-02
3.606805418759144004e+02 -8.806932351342575682e-01 6.729638105796115211e-02
3.649688459701074521e+02 -9.668326873467801841e-01 6.970590622140501735e-02
3.692407028958767796e+02 -1.056256583381494973e+00 7.203322053942372294e-02
3.734796660593542583e+02 -1.148649408154634566e+00 7.428150231597765996e-02
3.777824495538943665e+02 -1.244597389885149452e+00 7.648945592748992994e-02
3.822406299998083909e+02 -1.344694913080384469e+00 7.870336735410282669e-02
3.868417870230165363e+02 -1.448466679412413471e+00 8.096357995656387752e-02
3.915660718097121276e+02 -1.555103114380093077e+00 8.330969431869103548e-02
3.963532030941606195e+02 -1.663740093597494418e+00 8.577006586543928224e-02
4.010851669713895831e+02 -1.772760453181607465e+00 8.833995457819322772e-02
4.057595124455640985e+02 -1.881584446843809211e+00 9.100411810899869391e-02
4.104332152449625823e+02 -1.989929461880934003e+00 9.374805699211322119e-02
4.151409659735064679e+02 -2.097661452183199327e+00 9.655727180662594666e-02
4.199180145985787931e+02 -2.204569238729561675e+00 9.941863149435352376e-02
4.247795637023975246e+02 -2.310875947080255788e+00 1.023259639884222111e-01
4.297042334902891412e+02 -2.417098987472303229e+00 1.052729799114427156e-01
4.346929291664413881e+02 -2.523458635874431533e+00 1.082541327596272390e-01
4.397391275392857892e+02 -2.630546585578930507e+00 1.112631332322722433e-01
4.448402675289348167e+02 -2.738507731279285373e+00 1.142950520171392148e-01
4.499650665241378533e+02 -2.847408294245798999e+00 1.173385142814633991e-01
4.550936323896198132e+02 -2.957239114875954478e+00 1.203820195130737569e-01
4.602357863735891783e+02 -3.068065317308935391e+00 1.234140672423340718e-01
4.653939213638471983e+02 -3.180100593075752435e+00 1.264187000348616086e-01
4.705778911645737708e+02 -3.293306709769952434e+00 1.293859059122187960e-01
4.757902515098782601e+02 -3.407826273802634365e+00 1.323123693716615201e-01
4.810484474152235066e+02 -3.523475684524618678e+00 1.351970062007251949e-01
4.863476388644996291e+02 -3.640368476442514822e+00 1.380409607562610164e-01
4.917052709185840627e+02 -3.758321051429502457e+00 1.408424061258382320e-01
4.971165036206870695e+02 -3.877224096483983473e+00 1.436010011453074386e-01
5.025839254039397588e+02 -3.996968300487777626e+00 1.463156619016418858e-01
5.081175530976857999e+02 -4.117444354480302771e+00 1.489845617416921397e-01
5.136976901821884667e+02 -4.238468668442667564e+00 1.516073597865431055e-01
5.193417819464519880e+02 -4.359857655097669316e+00 1.541859437763799801e-01
5.250449886913870614e+02 -4.481427730216834604e+00 1.567192302356563149e-01
5.308098991355368526e+02 -4.603218163442772237e+00 1.591987074736862795e-01
5.366242453685795226e+02 -4.724748243585044527e+00 1.616381489967436969e-01
5.424906162560949952e+02 -4.845982964477722810e+00 1.640216150676337692e-01
5.484041723920665845e+02 -4.966664473783948708e+00 1.663554511689251392e-01
5.543600744518639658e+02 -5.086460640328061444e+00 1.686385746135032060e-01
5.603534831944390362e+02 -5.205262188430451964e+00 1.708773312565396163e-01
5.663721311137312568e+02 -5.322811280715472826e+00 1.730632104560664575e-01
5.724260358407900640e+02 -5.438775801927524078e+00 1.752025584850208095e-01
5.785029300428527677e+02 -5.553046493245580528e+00 1.772868651409049701e-01
5.845985111236346938e+02 -5.665461228698640994e+00 1.793214075634762539e-01
5.907180501205607470e+02 -5.775720678837186206e+00 1.813071847633848099e-01
5.968599261056101568e+02 -5.883918348619420868e+00 1.832292697108545421e-01
6.030225182348950739e+02 -5.989850616001580086e+00 1.850801639877702465e-01
6.092042057467679115e+02 -6.093462433177757376e+00 1.868672261449091931e-01
6.154107963097537777e+02 -6.194698759777359953e+00 1.885829583068222015e-01
6.216406693193456476e+02 -6.293430279540847216e+00 1.902124345267198202e-01
6.278847758949332274e+02 -6.389527683974424832e+00 1.917630141909220653e-01
6.341489239271727456e+02 -6.483010239479602532e+00 1.932272002696080182e-01
6.404314930235661905e+02 -6.573748653438769907e+00 1.946049243681332863e-01
6.467308628548136085e+02 -6.661613641285377696e+00 1.958886900255482344e-01
6.530379848004699852e+02 -6.746624493542890733e+00 1.970784294125199620e-01
6.593586669954573836e+02 -6.828651941816579196e+00 1.981740749768342025e-01
6.656912892749770663e+02 -6.907566725767612326e+00 1.991681310871743771e-01
6.720268031701268683e+02 -6.983388160054047056e+00 2.000679590761797189e-01
6.783710169542571293e+02 -7.056061283726269728e+00 2.008660638299668288e-01
6.847148822376364024e+02 -7.125456860096846867e+00 2.015698071778652956e-01
6.910567790139456292e+02 -7.191594227085341018e+00 2.021716944783801539e-01
6.974025156561758649e+02 -7.254418446516286423e+00 2.026790880054020749e-01
7.037430438619538791e+02 -7.313800303893526866e+00 2.030844935306668486e-01
7.100697058365125258e+02 -7.369740872364875628e+00 2.033943164240181178e-01
7.163976907984731497e+02 -7.422093803068118945e+00 2.036111330855552293e-01
7.227128650665388250e+02 -7.470768750688296933e+00 2.037217060711528083e-01
7.290233800223269327e+02 -7.515526808902333933e+00 2.037425114534830717e-01
7.353225303567481888e+02 -7.556426211036137097e+00 2.036528836453874169e-01
7.416184674690470047e+02 -7.593153778163533651e+00 2.034618705264596150e-01
7.479044860642825370e+02 -7.625619186729883481e+00 2.031636633146741699e-01
7.541813092030237158e+02 -7.653806401135464732e+00 2.027673099394289580e-01
7.604422316002796833e+02 -7.677625106306226854e+00 2.022670016116723812e-01
7.667028330264323586e+02 -7.696984990762620882e+00 2.016643578450027230e-01
7.729489798559255860e+02 -7.711870029681771932e+00 2.009758547755564340e-01
7.791813951697293987e+02 -7.722115633946324387e+00 2.001882550296824326e-01
7.854082304065675544e+02 -7.727780067212934867e+00 1.993106061446117405e-01
7.916153519639256047e+02 -7.728773027958633968e+00 1.983519554862802348e-01
7.978109113020576615e+02 -7.724929932548354472e+00 1.973064935175730672e-01
8.039733464952673785e+02 -7.716383332321499644e+00 1.961906955183986279e-01
8.101033806871564593e+02 -7.702894361655968858e+00 1.950136081538477451e-01
8.161943086936095142e+02 -7.684521289092364427e+00 1.937768494438752986e-01
8.222394253574639151e+02 -7.661173815938941090e+00 1.924894654341425260e-01
8.282320255533657019e+02 -7.632761642917434308e+00 1.911605018169328651e-01
8.341578484010269676e+02 -7.599307187785920625e+00 1.897967981601694776e-01
8.400318366969036106e+02 -7.560689470884214280e+00 1.883963706513624992e-01
8.458465207935357739e+02 -7.516751661992227440e+00 1.869624576517541770e-01
8.516092877987100564e+02 -7.467485496130054301e+00 1.854982970650892737e-01
8.573200965311579012e+02 -7.412659855825812549e+00 1.839922696145975811e-01
8.629937625779268728e+02 -7.352266471944193249e+00 1.824550405733484926e-01
8.686153881996696100e+02 -7.286148506021763893e+00 1.808749896435808691e-01
8.741997891395172928e+02 -7.214223400657624907e+00 1.792702093910796268e-01
8.797394961782711107e+02 -7.136408595929700560e+00 1.776290784277335666e-01
8.852344685423361170e+02 -7.052695812851953683e+00 1.759622598497429247e-01
8.906698088598575396e+02 -6.962928202857527893e+00 1.742729878250793007e-01
8.960454765685195753e+02 -6.867171765337030998e+00 1.725644959342099438e-01
9.013614312216833468e+02 -6.765195363181655708e+00 1.708548738630661923e-01
9.066027757943418237e+02 -6.657139274399490603e+00 1.691324972960252526e-01
9.117768984405721540e+02 -6.542846640718959605e+00 1.674080263641305744e-01
9.168763307481990523e+02 -6.422383452262436343e+00 1.656921205927610607e-01
9.219010327951289128e+02 -6.295741413720574720e+00 1.639954389019095959e-01
9.268509648043030893e+02 -6.163135078572206105e+00 1.623286396083015726e-01
9.317260871484777454e+02 -6.024556148302595560e+00 1.607023804292205538e-01
9.365263603545600972e+02 -5.880070606666677691e+00 1.591198901377141872e-01
9.412443167572054108e+02 -5.729744436456921441e+00 1.575992536202931171e-01
9.458947739031304991e+02 -5.573717903289844067e+00 1.561511268345232850e-01
9.504628361021441378e+02 -5.412056988895000309e+00 1.547861651688177964e-01
9.549484645308557447e+02 -5.244901958420466137e+00 1.535150234530911484e-01
9.593590488840352464e+02 -5.072541644238159009e+00 1.523632126708121259e-01
9.636870053315656151e+02 -4.895002896482799848e+00 1.513317351340412731e-01
9.679317105896619751e+02 -4.712230320608052025e+00 1.504349853397562164e-01
9.720849962000580717e+02 -4.524203674422341948e+00 1.496702774898800437e-01
9.761535505731862941e+02 -4.330828433606060734e+00 1.490349252912578082e-01
9.801366339359411768e+02 -4.132158642473631183e+00 1.485410986695739621e-01
9.840260783295506144e+02 -3.928248347201263702e+00 1.481935387318734365e-01
9.878285726575934405e+02 -3.719077312531340329e+00 1.479969861296843714e-01
9.915433776319084700e+02 -3.504699588954950595e+00 1.479487527210751330e-01
9.951623257686736679e+02 -3.285243512856095727e+00 1.480610066329564878e-01
9.986921064346576031e+02 -3.060540289106993050e+00 1.483459155712301691e-01
1.002124552441198603e+03 -2.830866826161033245e+00 1.488007901297922486e-01
1.005466353439651812e+03 -2.596202901053077827e+00 1.494311116846013532e-01
1.008716770864616933e+03 -2.356751143896929968e+00 1.502520180705740338e-01
1.011867637927458304e+03 -2.112565620305171699e+00 1.512697327112775270e-01
1.014925644660168928e+03 -1.863848965281818870e+00 1.524934499829695422e-01
1.017890052857352657e+03 -1.610803816048727910e+00 1.539301353712696496e-01
1.020752696068624573e+03 -1.353409961316914156e+00 1.555897253163354144e-01
1.023512836291222811e+03 -1.091870042027034193e+00 1.574806702007184867e-01
1.026184592312118866e+03 -8.265352675185009268e-01 1.596136485205190969e-01
1.028759797948420783e+03 -5.575339976346558313e-01 1.619993383742847903e-01
1.031245143790125894e+03 -2.852174433020505662e-01 1.646484174548971391e-01
1.033647320491006212e+03 -9.788248529476377066e-03 1.675730487094749255e-01
1.035973018759912975e+03 2.684766596244198555e-01 1.707839089870451244e-01
1.038206644301344113e+03 5.493746386457507569e-01 1.742916746943890538e-01
1.040369744608737165e+03 8.324801971927011657e-01 1.781070217798769451e-01
1.042452957689032473e+03 1.117734114009934610e+00 1.822427694220430106e-01
1.044449565461635757e+03 1.404982288274174262e+00 1.867091686041706666e-01
1.046336797043082242e+03 1.694511174239599294e+00 1.915178706635149719e-01
1.048121594954940065e+03 1.986310096799990044e+00 1.966797835618528389e-01
1.049773759963624116e+03 2.280442669831753477e+00 2.022065575313359009e-01
1.051300234575184277e+03 2.577046797051564031e+00 2.081083565440751959e-01
1.052685676225916040e+03 2.876252961043806788e+00 2.143975724609698819e-01
1.053922170676262112e+03 3.177968802001336357e+00 2.210851108295644463e-01
1.055038945405075992e+03 3.482168824295941878e+00 2.281811336915395838e-01
1.056020657750483224e+03 3.788805257193617937e+00 2.356980308949951086e-01
1.056874250056138408e+03 4.097839254846096679e+00 2.436474487265272160e-01
1.057614092965123064e+03 4.409218612157277839e+00 2.520388042135732753e-01
1.058239700364008741e+03 4.722900050742440570e+00 2.608844849424756807e-01
1.058758014428835622e+03 5.038834363121848625e+00 2.701961348570345867e-01
1.059168548920263675e+03 5.356944128544260053e+00 2.799779687179621002e-01
1.059455960829402784e+03 5.677144513216568988e+00 2.902497999646645455e-01
1.059619763775311412e+03 5.999328414421583489e+00 3.010158416218011168e-01
1.059659471301412850e+03 6.323500171604822917e+00 3.122803058142407662e-01
1.059567168522563406e+03 6.649485861456146729e+00 3.240622604491166792e-01
1.059334940473026563e+03 6.977275002716770480e+00 3.363659157987739512e-01
1.058969728805066325e+03 7.306634282611429221e+00 3.491954811878223430e-01
1.058456190036155704e+03 7.637627541956312882e+00 3.625700216830530787e-01
1.057801265649277184e+03 7.969947224168383748e+00 3.764863163346934827e-01
1.057011897041287966e+03 8.303582927257442847e+00 3.909559999234417105e-01
1.056087597172074084e+03 8.638227136210188561e+00 4.059758495587457161e-01
1.055020450564223665e+03 8.973869491346031069e+00 4.215649264329883739e-01
1.053817398353685576e+03 9.310276804064704592e+00 4.377274340769889971e-01
1.052477953239119188e+03 9.647290191048840668e+00 4.544601467209290480e-01
1.051009056182690756e+03 9.984750790879974858e+00 4.717746943598627452e-01
1.049402791359727189e+03 1.032249976408203906e+01 4.896752777218489894e-01
1.047666099560253770e+03 1.066030400958699431e+01 5.081512399407824843e-01
1.045805921489095908e+03 1.099800473163236170e+01 5.272142083349817820e-01
1.043814341066005454e+03 1.133536887257400139e+01 5.468683810377678034e-01
1.041690870477071030e+03 1.167216339613232634e+01 5.671105270332793546e-01
1.039449878525578924e+03 1.200830385406881007e+01 5.879448428969862306e-01
1.037076020531070526e+03 1.234348296827452351e+01 6.093755244895803225e-01
1.034591093482080396e+03 1.267746776431324562e+01 6.313844819544024434e-01
1.031987180884224017e+03 1.301009957088968783e+01 6.539759098710195007e-01
1.029271222861925935e+03 1.334114545225096649e+01 6.771391455598491094e-01
1.026442731107704503e+03 1.367022392403272590e+01 7.008858108928610609e-01
1.023501217232277213e+03 1.399732493707152514e+01 7.252052422549526423e-01
1.020461049464692792e+03 1.432206704162544142e+01 7.500867756607634274e-01
1.017321739250744827e+03 1.464421737109265642e+01 7.755271751739737374e-01
1.014082797952625697e+03 1.496369164117318284e+01 8.015157762785364293e-01
1.010758593548326076e+03 1.528018273148396489e+01 8.280493426533593881e-01
1.007356065579521101e+03 1.559353210217040520e+01 8.551023528476410229e-01
1.003867296799658675e+03 1.590350694247501018e+01 8.826789988108117990e-01
1.000314083273547340e+03 1.620980016979635607e+01 9.107686158707625212e-01
9.966885075731337338e+02 1.651232756274689706e+01 9.393456828147905835e-01
9.930049372267668559e+02 1.681078205918031898e+01 9.684143920729373356e-01
9.892542454046299554e+02 1.710478206607754359e+01 9.979406089327336193e-01
9.854373250360549719e+02 1.739416782412048335e+01 1.027952311379112249e+00
9.815464313863867574e+02 1.767863075772621784e+01 1.058461435470357426e+00
9.775886763144943643e+02 1.795778801379015022e+01 1.089494774536552635e+00
9.735414581675195222e+02 1.823147959479780056e+01 1.121056837509601944e+00
9.694118885789038131e+02 1.849939694044199712e+01 1.153174419104884052e+00
9.651996507129796328e+02 1.876145434429806613e+01 1.185859458148735168e+00
9.609118559611566752e+02 1.901712040150160021e+01 1.219116466005725430e+00
9.565481872369566645e+02 1.926734937905508005e+01 1.252972240054637698e+00
9.521231840221914808e+02 1.951042133897525588e+01 1.287431293659692777e+00
9.476291006110570834e+02 1.974758768381930096e+01 1.322505569641700962e+00
9.430804762069225262e+02 1.997787131089786072e+01 1.358207011995184565e+00
9.384769931663372518e+02 2.020178078684254430e+01 1.394547565952758195e+00
9.338183336948054603e+02 2.041833900700486026e+01 1.431531749696035805e+00
9.290967514918366987e+02 2.062879737013829384e+01 1.469156654413450891e+00
9.243119284468265278e+02 2.083143593283937989e+01 1.507426801055022469e+00
9.194709746345375834e+02 2.102602041937360156e+01 1.546339283682519827e+00
9.145661432599507634e+02 2.121380222141107907e+01 1.585898626216871721e+00
9.095896873545448216e+02 2.139306138767138776e+01 1.626109354131029194e+00
9.045412881225162209e+02 2.156504930397703390e+01 1.666961137788747216e+00
8.994354832872159022e+02 2.172804601296364169e+01 1.708458505881018663e+00
8.942570969860900050e+02 2.188330289424521879e+01 1.750598560406896986e+00
8.890280949196512665e+02 2.202984281925715138e+01 1.793356120000811460e+00
8.837333008459947905e+02 2.216891716147380365e+01 1.836743146758642586e+00
8.783798233801347806e+02 2.229880595134773813e+01 1.880741891105913277e+00
8.729821992911952293e+02 2.242076055666687040e+01 1.925349461916241234e+00
8.675326800994496352e+02 2.253380383757548699e+01 1.970555541474168670e+00
8.620309454757500589e+02 2.263770148690474571e+01 2.016349813835795146e+00
8.564841032403335248e+02 2.273370486545810110e+01 2.062707108135670708e+00
8.508992610117895765e+02 2.282083682717177098e+01 2.109609683642119204e+00
8.452686695061818227e+02 2.289960589454512530e+01 2.157054658109530454e+00
8.395994359380790684e+02 2.296977775388569043e+01 2.205009437676522133e+00
8.338986673205122315e+02 2.303111809066333393e+01 2.253463715315326965e+00
8.281586137653358719e+02 2.308339258984323550e+01 2.302399757426630611e+00
8.223863818855113550e+02 2.312710977124206480e+01 2.351792403833746992e+00
8.165816497460330083e+02 2.316277815482666824e+01 2.401623924476321115e+00
8.107589519167664776e+02 2.319016342600020764e+01 2.451854306001308714e+00
8.049105377236699042e+02 2.320828843589470480e+01 2.502473250206182165e+00
7.990360846526258456e+02 2.321914737676553742e+01 2.553448175578210577e+00
7.931501267028950224e+02 2.322102026700708066e+01 2.604753930686420471e+00
7.872523409896537032e+02 2.321515846658499527e+01 2.656380222523010204e+00
7.813349760980952396e+02 2.320132766705570049e+01 2.708205334540679132e+00
7.754051371383371816e+02 2.318003639676847527e+01 2.760315545705751106e+00
7.694699290493437047e+02 2.315030751587122637e+01 2.812648569679469635e+00
7.635215999030996272e+02 2.311339239146663971e+01 2.865067838315053628e+00
7.575672543105064278e+02 2.306905672246519146e+01 2.917659635663651052e+00
7.515991400254756627e+02 2.301632337453230903e+01 2.970287396956956538e+00
7.456317897014282607e+02 2.295644372005255818e+01 3.022963126119126098e+00
7.396648791454501861e+02 2.288992629783378874e+01 3.075624545260670306e+00
7.336980840242860040e+02 2.281653681284971569e+01 3.128209378184455325e+00
7.277384877022057026e+02 2.273668318643853326e+01 3.180810816355703174e+00
7.217930913424547725e+02 2.265037086229973085e+01 3.233252514772903652e+00
7.158614471165944906e+02 2.255750466464498771e+01 3.285662163120290469e+00
7.099505354286377496e+02 2.245798941722329189e+01 3.338018885806292690e+00
7.040673365704216167e+02 2.235098710772804864e+01 3.390301808983674725e+00
6.982039740266737908e+02 2.223640255721988623e+01 3.442564344069518167e+00
6.923748562317520054e+02 2.211414058441706487e+01 3.494711337257510930e+00
6.865795348237696771e+02 2.198410600495611078e+01 3.546796203549939630e+00
6.808175613503583463e+02 2.184620363060058779e+01 3.598798076274293933e+00
6.750810589235233010e+02 2.170033826840134239e+01 3.650621807109311501e+00
6.693918639758461495e+02 2.154492904976195433e+01 3.702395100122845673e+00
6.637346711130008998e+02 2.138136643966335271e+01 3.754022810786303843e+00
6.581238882705854394e+02 2.120881239052751255e+01 3.805558363518005027e+00
6.525590666169983933e+02 2.102717168132428327e+01 3.856906617705165186e+00
6.470323289078502285e+02 2.083634908152676601e+01 3.908046718244286399e+00
6.415580828909173761e+02 2.063624935007040406e+01 3.959106379077146798e+00
6.361358795586160113e+02 2.042752006932085962e+01 4.009916182209631863e+00
6.307726982022593347e+02 2.020932313893153420e+01 4.060529562263074155e+00
6.254606613645869402e+02 1.998156327984597169e+01 4.110925672497753425e+00
6.201993198935880400e+02 1.974488803322616093e+01 4.161157951850801062e+00
6.150105096458511298e+02 1.949920208933681920e+01 4.211131274460590213e+00
6.098714963369649240e+02 1.924366728649193803e+01 4.260824800204808582e+00
6.048041157469760947e+02 1.897893111509358732e+01 4.310217691226859493e+00
5.997930618699152774e+02 1.870564104656832072e+01 4.359289111962748819e+00
5.948527420681549529e+02 1.842295886233182145e+01 4.408092512668084773e+00
5.899752786226150647e+02 1.813153199293657281e+01 4.456607062434886579e+00
5.851676504858407952e+02 1.783052217705709808e+01 4.504737649210349026e+00
5.804294082329587354e+02 1.752057680071769141e+01 4.552463446817253789e+00
5.757601024135437910e+02 1.720308606144134700e+01 4.599837914965673846e+00
5.711667119034116240e+02 1.687646879234920760e+01 4.646765948753251330e+00
5.666413588553579075e+02 1.654137230661354963e+01 4.693301012678702477e+00
5.621910221016291871e+02 1.619770105669272908e+01 4.739422290133317617e+00
5.578078237543761588e+02 1.584684513880053558e+01 4.785034683395255506e+00
5.534987426081388548e+02 1.548796611723712502e+01 4.830191664126303408e+00
5.492707574408657365e+02 1.512171119903379690e+01 4.874798139346077974e+00
5.451159903150033870e+02 1.474798472846201314e+01 4.918907585420838835e+00
5.410339916299265042e+02 1.436817669175866818e+01 4.962499197529408157e+00
5.370243117734768248e+02 1.398144854171725626e+01 5.005552173133509974e+00
5.330939294741331196e+02 1.358919020761972263e+01 5.048045711939968427e+00
5.292423951025931501e+02 1.319130591995952351e+01 5.090033299359759233e+00
5.254618306740185290e+02 1.278769988040361483e+01 5.131345572448812398e+00
5.217517865509751118e+02 1.237827626176803975e+01 5.172036020868178596e+00
5.181118130958310530e+02 1.196442487810471711e+01 5.212083852813517382e+00
5.145340323233730260e+02 1.154530700967243462e+01 5.251393994949022037e+00
5.110179946044096368e+02 1.112156957821447456e+01 5.290019942843407819e+00
5.075632503188653004e+02 1.069311664208978208e+01 5.327866626883033696e+00
5.041619215091357091e+02 1.026059506657988152e+01 5.364987546199872170e+00
5.008135585844398747e+02 9.823908854142127112e+00 5.401213351072014390e+00
4.975251403249534405e+02 9.385190484856657633e+00 5.436746110851876423e+00
4.942887888354421762e+02 8.943601071636951616e+00 5.471490762347413828e+00
4.911125507353137323e+02 8.500444558710434251e+00 5.505497723555909495e+00
4.880013154659470729e+02 8.055939440624392489e+00 5.538730781510007084e+00
4.849536119427111771e+02 7.609475704068466406e+00 5.571150637213917456e+00
4.819753974765037015e+02 7.162671815588425694e+00 5.602792276214993983e+00
4.790800577794287278e+02 6.714174876927057056e+00 5.633542117981647834e+00
4.762586935696955379e+02 6.264117635702499243e+00 5.663435149796040236e+00
4.735172623289929561e+02 5.812632815894471783e+00 5.692432076127009744e+00
4.708617216083125072e+02 5.359853118384334536e+00 5.720493602011023526e+00
4.682906006842067086e+02 4.905168386469370922e+00 5.747506149426493849e+00
4.658024289157114595e+02 4.449454111472458173e+00 5.773504707676966774e+00
4.634031641014157117e+02 3.991060124133078091e+00 5.798449982758354437e+00
4.610913357859037660e+02 3.531233290803607261e+00 5.822302680735782054e+00
4.588803303175477026e+02 3.069957637807508632e+00 5.845023507617754355e+00
4.567538207541226143e+02 2.607291454963698296e+00 5.866647452733079859e+00
4.547326220222279858e+02 2.143441579547061160e+00 5.887135221600885870e+00
4.528078357722282590e+02 1.678614829717366641e+00 5.906447519309041994e+00
4.509854204869464525e+02 1.212869437922397653e+00 5.924619333893808459e+00
4.492639064380763898e+02 7.464864687906102025e-01 5.941537085711035004e+00
4.476418240435416465e+02 2.795984019700787360e-01 5.957384328331664314e+00
4.461325605750221257e+02 -1.877365840476681036e-01 5.971898913399365405e+00
4.447197900633780705e+02 -6.552374776266948198e-01 5.985338676047921247e+00
4.434169001074324683e+02 -1.122846134741062762e+00 5.997441465753733603e+00
4.422149934288536883e+02 -1.590355861232076284e+00 6.008390831758544159e+00
4.411200296298514445e+02 -2.057559979612505252e+00 6.018147471440070007e+00
4.401231117984164598e+02 -2.524474679401556010e+00 6.026672080715691493e+00
4.392301999153395400e+02 -2.990819032461911053e+00 6.033925353941869574e+00
4.384472541594756194e+02 -3.456534977396695574e+00 6.039942267319253766e+00
4.377579498624972416e+02 -3.921490185441867560e+00 6.044683511793723873e+00
4.371756759658616147e+02 -4.385478060388954269e+00 6.048109776468211685e+00
4.366989649242290170e+02 -4.848366305530370290e+00 6.050256032017990115e+00
4.363189210603217134e+02 -5.310096923614098685e+00 6.051157247104290704e+00
4.360415056199527726e+02 -5.770463366302117869e+00 6.050625537786288533e+00
4.358652517252274947e+02 -6.229259101148919342e+00 6.048918718966309171e+00
4.357812643781492170e+02 -6.686203328076273600e+00 6.045923185788285359e+00
4.357880771643800699e+02 -7.141163829858290235e+00 6.041673898084226835e+00
4.358916522561498255e+02 -7.593785554582299646e+00 6.036280096803687378e+00
4.360905237143157365e+02 -8.043936316629444860e+00 6.029702453440973997e+00
4.363683691403189755e+02 -8.491335379115660942e+00 6.022050203982534100e+00
4.367311514292946981e+02 -8.935776304336696896e+00 6.013284014836760782e+00
4.371774053705877350e+02 -9.377052670182877137e+00 6.003438833283561316e+00
4.377056659991838501e+02 -9.814958070032540505e+00 5.992549603915949596e+00
4.382996118960585363e+02 -1.024928611261750611e+01 5.980576985083488673e+00
4.389726352902154645e+02 -1.067990470535965741e+01 5.967630199347347286e+00
4.397084152569120192e+02 -1.110668177066745876e+01 5.953669899419166356e+00
4.405054878190966292e+02 -1.152933667869190515e+01 5.938656735116145668e+00
4.413623892465656127e+02 -1.194774480940633943e+01 5.922774203819504812e+00
4.422702277051115516e+02 -1.236171470177475484e+01 5.905908665908623512e+00
4.432349683064236388e+02 -1.277110690698514261e+01 5.888169329230635185e+00
4.442477197060136973e+02 -1.317574484782744015e+01 5.869516831540265933e+00
4.453070191526804251e+02 -1.357547127368620465e+01 5.850134657964701113e+00
4.464124468036304165e+02 -1.397011338345047626e+01 5.829897598886238264e+00
4.475603253731128461e+02 -1.435940048028303551e+01 5.808857061755510642e+00
4.487554488305977429e+02 -1.474306860070216274e+01 5.787052893191368064e+00
4.500026113817577311e+02 -1.512080625026827718e+01 5.764376369478450890e+00
4.512917507659331022e+02 -1.549234651439415167e+01 5.740793047024481233e+00
4.526276616550020435e+02 -1.585748934261028076e+01 5.716417045811486908e+00
4.540151389506799546e+02 -1.621583412711903094e+01 5.691139631831052093e+00
4.554515494320111202e+02 -1.656712883436940231e+01 5.664852067538395985e+00
4.569268317530738273e+02 -1.691112143711679039e+01 5.637742745807740263e+00
4.584606381919090268e+02 -1.724748562993910994e+01 5.609702921856428937e+00
4.600280511456966792e+02 -1.757619224572433581e+01 5.580698130700347370e+00
4.616487233314329615e+02 -1.789691498658481095e+01 5.550768187095548534e+00
4.633200226313803114e+02 -1.820962469077402091e+01 5.519878618473706311e+00
4.650393171415446432e+02 -1.851406934703174656e+01 5.488069231886430366e+00
4.667965468191936225e+02 -1.881014551092896170e+01 5.455379830440981515e+00
4.686113652319199332e+02 -1.909774973666876718e+01 5.421701646232587990e+00
4.704662844032605449e+02 -1.937655572536273496e+01 5.387148757793379872e+00
4.723735299628719417e+02 -1.964653430831432956e+01 5.351686672515670651e+00
4.743230426927665917e+02 -1.990743346125402269e+01 5.315280893592231770e+00
4.763270486268628474e+02 -2.015914972059561450e+01 5.277896919951238885e+00
4.783754889475961249e+02 -2.040150533166843161e+01 5.239648813196110311e+00
4.804657333850868213e+02 -2.063424824745756325e+01 5.200427780027956359e+00
4.826100085656204328e+02 -2.085727497785680740e+01 5.160199306190892621e+00
4.847982562586709605e+02 -2.107048202141898585e+01 5.119077439910422633e+00
4.870278467762224182e+02 -2.127376586412554715e+01 5.077027657820263329e+00
4.893035789711237271e+02 -2.146732011218508163e+01 5.034089715407704446e+00
4.916079668344711422e+02 -2.165111550632720849e+01 4.990377646953023216e+00
4.939606662960046037e+02 -2.182519705465124460e+01 4.945931198465521206e+00
4.963367633697559427e+02 -2.198968403149574158e+01 4.900715827626599186e+00
4.987410576549394250e+02 -2.214447284233265734e+01 4.854771270740148026e+00
5.011783489333179205e+02 -2.228975700722696729e+01 4.808285826183027467e+00
5.036385804670313746e+02 -2.242558145880465759e+01 4.761150653340908256e+00
5.061339807481226103e+02 -2.255184254127943078e+01 4.713405473577333638e+00
5.086470650449941786e+02 -2.266873371054045805e+01 4.665164286688708195e+00
5.111900622025339089e+02 -2.277615126525308042e+01 4.616318236855524226e+00
5.137603445386371277e+02 -2.287421433054675290e+01 4.566981313622558325e+00
5.163552845426212343e+02 -2.296296772322640223e+01 4.517118934355864646e+00
5.189722548730022709e+02 -2.304245623454803393e+01 4.466845078226681309e+00
5.216160567053833574e+02 -2.311272462954401874e+01 4.416125152180076618e+00
5.242766346791803471e+02 -2.317404049690836132e+01 4.364998841425993703e+00
5.269513619456769220e+02 -2.322652283091375480e+01 4.313580109427902265e+00
5.296301834646435509e+02 -2.327036488140011627e+01 4.261834347389167554e+00
5.323179010520112797e+02 -2.330561130279808779e+01 4.209875508262395982e+00
5.350044599755851777e+02 -2.333252957122159543e+01 4.157743256246764219e+00
5.376872340022935077e+02 -2.335131285008462854e+01 4.105402966798529008e+00
5.403635970442113603e+02 -2.336215427327543992e+01 4.053042860657265045e+00
5.430309231546009414e+02 -2.336554407888079155e+01 4.000628302852852869e+00
5.457014432242176554e+02 -2.336174962442231617e+01 3.948273220245865911e+00
5.483651032256240114e+02 -2.335111252065715703e+01 3.896017251053756514e+00
5.510192776095120735e+02 -2.333404863140226837e+01 3.843825744890413620e+00
5.536688946029250928e+02 -2.331079494227975957e+01 3.791879571137834137e+00
5.563193837632733221e+02 -2.328109586828556843e+01 3.740107440931228489e+00
5.589540150127553488e+02 -2.324466551301114592e+01 3.688579301779388864e+00
5.615783434310779967e+02 -2.320114366566610897e+01 3.637290812803308793e+00
5.641830674983444851e+02 -2.315024436802212904e+01 3.586237628306621517e+00
5.667663141397189293e+02 -2.309160734735847242e+01 3.535415397848921337e+00
5.693262103688823572e+02 -2.302494658342532219e+01 3.484819766324317669e+00
5.718534549312888657e+02 -2.294982745789865675e+01 3.434520657547539990e+00
5.743387466477305452e+02 -2.286618673886031416e+01 3.384513707337473587e+00
5.768024978084815757e+02 -2.277396116324510800e+01 3.334794547112882146e+00
5.792205506637797043e+02 -2.267227031826595507e+01 3.285358803990158449e+00
5.816207459699135143e+02 -2.256320509998444734e+01 3.236350667890385058e+00
5.839789260784335738e+02 -2.244514219801581945e+01 3.187765757635486530e+00
5.863229318322515837e+02 -2.231868677564347081e+01 3.139599688063267724e+00
5.886286056546487089e+02 -2.218370112961521201e+01 3.091922353643574706e+00
5.909163600949589181e+02 -2.204079036006919878e+01 3.044729361590419625e+00
5.931768943184483760e+02 -2.188907386531282739e+01 2.998090598987276589e+00
5.954009074996622530e+02 -2.172915668175265225e+01 2.952001665905324757e+00
5.975939555152494904e+02 -2.156090097862460553e+01 2.906458159031974464e+00
5.997467375352986210e+02 -2.138416889279821831e+01 2.861455671799373768e+00
6.018499527161892502e+02 -2.119807969350481258e+01 2.817064078017739615e+00
6.039091568934896941e+02 -2.100398112216431912e+01 2.773353248505761925e+00
6.059150491734103525e+02 -2.080024954691115369e+01 2.730244484220408996e+00
6.078731853263353742e+02 -2.058897547749470647e+01 2.687733366900918242e+00
6.097816927286967257e+02 -2.036853521468067996e+01 2.645964042709298525e+00
6.116461270562078880e+02 -2.013953353007970293e+01 2.604932088359678488e+00
6.134571872259690508e+02 -1.990257516067971721e+01 2.564558794761325089e+00
6.152278571407132404e+02 -1.965752197340979635e+01 2.524988301170207450e+00
6.169636922809455655e+02 -1.940527576877239468e+01 2.486216177818941553e+00
6.186479629977459354e+02 -1.914510407431201600e+01 2.448312276567544910e+00
6.203010813082414643e+02 -1.887761148426347191e+01 2.411123597037330590e+00
6.218988890365028510e+02 -1.860295685503288254e+01 2.374868554775413809e+00
6.234543696601240299e+02 -1.832137328925253072e+01 2.339468429877218369e+00
6.249582215022426226e+02 -1.803309385181595559e+01 2.304993068146921065e+00
6.264011427764968403e+02 -1.773827728591713182e+01 2.271438030735813740e+00
6.277961166321763358e+02 -1.743723086310789938e+01 2.238798877791008834e+00
6.291338410473181284e+02 -1.713011324885037112e+01 2.207071168602018130e+00
6.304124422244848347e+02 -1.681730591960842602e+01 2.176399028752635356e+00
6.316449029359885117e+02 -1.649919031194044550e+01 2.146629449253194988e+00
6.328219207677904024e+02 -1.617607353862235442e+01 2.117906554708154143e+00
6.339490498660800313e+02 -1.584841123881029290e+01 2.090225902449080131e+00
6.350318442322666215e+02 -1.551643616021729777e+01 2.063508766185554233e+00
6.360758577186418279e+02 -1.518067814335802268e+01 2.037824986661509019e+00
6.370792156739270240e+02 -1.484129556979545228e+01 2.013244404799606091e+00
6.380400432894715550e+02 -1.449889248048351398e+01 1.989762578348649447e+00
6.389638939455687705e+02 -1.415370145710422634e+01 1.967300782034134610e+00
6.398414641568932666e+02 -1.380617789000501894e+01 1.945928858216975144e+00
6.406783069697810333e+02 -1.345677712766481804e+01 1.925642366537965167e+00
6.414725469078539390e+02 -1.310588019322366726e+01 1.906436867573072291e+00
6.422223083187126349e+02 -1.275379378457648194e+01 1.888382206489575887e+00
6.429249886595474663e+02 -1.240097055865487974e+01 1.871406431277288007e+00
6.435825067112609759e+02 -1.204755573148677605e+01 1.855613232666529777e+00
6.441886260072196819e+02 -1.169346906113620932e+01 1.840964504522315748e+00
6.447445382412387289e+02 -1.133900168246315765e+01 1.827644992930401946e+00
6.452588632641783306e+02 -1.098414755602697923e+01 1.815542311838569400e+00
6.457179356795320473e+02 -1.062897488609365304e+01 1.804766927734074100e+00
6.461303749414890945e+02 -1.027355183769684288e+01 1.795369882495237768e+00
6.464899436002215225e+02 -9.918020820772316171e+00 1.787387363655221106e+00
6.467904039988702607e+02 -9.562449923852209821e+00 1.780840704565463062e+00
6.470478033207364206e+02 -9.206981481835477155e+00 1.775758669611007257e+00
6.472410467836610906e+02 -8.851609226310248602e+00 1.772162597675705831e+00
6.473861811388400156e+02 -8.496475420456070182e+00 1.770073830659259384e+00
6.474695395148164607e+02 -8.141722292991268262e+00 1.769528570345512808e+00
6.474923115151583488e+02 -7.787343472177481019e+00 1.770548165170217292e+00
6.474556865140518767e+02 -7.433481120893585370e+00 1.773146538740898448e+00
6.473608536523279327e+02 -7.080351654248005389e+00 1.777352475058011416e+00
6.472015734831626332e+02 -6.727948606730857151e+00 1.783172476934741457e+00
6.469716063182121388e+02 -6.376488334434696093e+00 1.790635336270079314e+00
6.466795689239316971e+02 -6.026112882289763384e+00 1.799747564119311916e+00
6.463117927660898658e+02 -5.676889985344572231e+00 1.810523104267234729e+00
6.458768941069877201e+02 -5.329035920584990649e+00 1.822983333400449268e+00
6.453686322498870140e+02 -4.982618374262362870e+00 1.837134776228796174e+00
6.447807662351675617e+02 -4.637779293761288280e+00 1.852983962357771741e+00
6.441293398867228461e+02 -4.294734888977257192e+00 1.870522569759432985e+00
6.434006833558574954e+02 -3.953552783199901555e+00 1.889749709993875149e+00
6.426108399189587317e+02 -3.614374865019641003e+00 1.910657071678542485e+00
6.417535675214550110e+02 -3.277343006228343736e+00 1.933243777357404714e+00
6.408300521745803735e+02 -2.942673346724716144e+00 1.957508955318031818e+00
6.398414796009640213e+02 -2.610359161902628955e+00 1.983436883056814093e+00
6.387964635808248204e+02 -2.280765132060941003e+00 2.011011844143356875e+00
6.376813325470214977e+02 -1.953958792258398525e+00 2.040232985082806483e+00
6.365121280330072295e+02 -1.630304801695043437e+00 2.071069745373864457e+00
6.352826062174314075e+02 -1.309796393531767134e+00 2.103506427767249054e+00
6.339865229714404222e+02 -9.927982112349248434e-01 2.137527341719368312e+00
6.326399189061722836e+02 -6.793777583481790394e-01 2.173124231893718949e+00
6.312291209179855969e+02 -3.698996677791377419e-01 2.210266564907778619e+00
6.297701689876872706e+02 -6.435715151369023057e-02 2.248923814528177800e+00
6.282568177262833160e+02 2.370337301589520163e-01 2.289072890161631069e+00
6.266976781240124410e+02 5.340569179816844203e-01 2.330668423590741334e+00
6.250790757971986977e+02 8.266449195967420227e-01 2.373679910857917186e+00
6.234244777886788142e+02 1.114655957935301922e+00 2.418084284043466425e+00
6.217276374143222029e+02 1.397873970149910550e+00 2.463836197988433785e+00
6.199823076631663525e+02 1.676209172038913620e+00 2.510897743814791028e+00
6.182045262476740390e+02 1.949527204993334317e+00 2.559231020689502589e+00
6.163954738523761989e+02 2.217745703586964101e+00 2.608768422532870446e+00
6.145489024844196138e+02 2.480774867844376175e+00 2.659479493275003659e+00
6.126734205250105560e+02 2.738510033992525461e+00 2.711296643452275390e+00
6.107702076797803556e+02 2.990876243694226222e+00 2.764107721950673557e+00
6.088404433305605608e+02 3.237759159551011123e+00 2.818023436702957074e+00
6.068853065373409663e+02 3.479075633616679486e+00 2.872783086751235615e+00
6.049200923556072667e+02 3.714675906135162631e+00 2.928512504151998819e+00
6.029274205810665990e+02 3.944287910563589516e+00 2.985100822933983267e+00
6.009188837114213584e+02 4.167606394604554509e+00 3.042600859769728050e+00
5.988986455842500618e+02 4.384340949994942171e+00 3.101065440227431580e+00
5.968560130307762392e+02 4.594178870030281914e+00 3.160473115322562698e+00
5.947877209310171338e+02 4.796814862250035283e+00 3.220876728571216763e+00
5.927127889190653605e+02 4.992017902879632985e+00 3.282254849027710364e+00
5.906130945862327053e+02 5.179452955716405960e+00 3.344660338326462590e+00
5.884928002885396836e+02 5.359015247181676322e+00 3.408071783708131353e+00
5.863486397515354156e+02 5.530451419744525587e+00 3.472542065050113536e+00
5.841922031271757305e+02 5.693508098205800394e+00 3.537975504378907399e+00
5.820053668987360425e+02 5.848154739474097141e+00 3.604499283396906506e+00
5.797997206894984856e+02 5.993989363800801939e+00 3.672017742476173741e+00
5.775794255184199528e+02 6.130907105541425928e+00 3.740583798174300867e+00
5.753263571067735711e+02 6.258803078365730244e+00 3.810176092724865793e+00
5.730521043372311851e+02 6.377572374456757842e+00 3.880847561035109194e+00
5.707608275101098343e+02 6.486961496681791672e+00 3.952428296663403451e+00
5.684418300007532707e+02 6.586939775255848062e+00 4.025045536319058037e+00
5.660992716682841319e+02 6.677402232856229247e+00 4.098677958824609391e+00
5.637298838126822602e+02 6.758243867221943368e+00 4.173229968590578487e+00
5.613378258831735366e+02 6.829285366719575201e+00 4.248754546090402151e+00
5.589272571359015274e+02 6.890644526895115973e+00 4.325156113813003245e+00
5.564949082916023144e+02 6.942141981463963774e+00 4.402487670230642358e+00
5.540375098937633993e+02 6.983895469311840465e+00 4.480727939244592228e+00
5.515740773672313253e+02 7.015948415934533777e+00 4.559781370133742406e+00
5.490864842240109738e+02 7.038269932362377190e+00 4.639700988006148386e+00
5.465937455734663217e+02 7.050829097560657566e+00 4.720391259728641487e+00
5.440851629776727805e+02 7.053594957302443902e+00 4.801830944369488208e+00
5.415648945603784341e+02 7.046759373525861569e+00 4.884073093129232213e+00
5.390370983138309384e+02 7.030291322147768085e+00 4.966947915257162727e+00
5.365059321059364947e+02 7.004159742381671272e+00 5.050508478988569472e+00
5.339681253369971046e+02 6.968407819034867501e+00 5.134659293950155856e+00
5.314204072967631873e+02 6.923152981290652264e+00 5.219379161581318982e+00
5.288743638715411635e+02 6.868364050973709389e+00 5.304721175043646042e+00
5.263267241495971120e+02 6.804158375327411079e+00 5.390441301613753566e+00
5.237742171278582646e+02 6.730578975271645170e+00 5.476666934106908968e+00
5.212210000681544670e+02 6.647891678180219976e+00 5.563302622753982796e+00
5.186786585030007473e+02 6.556213699141747675e+00 5.650252925601686016e+00
5.161290644899214612e+02 6.455736490250912674e+00 5.737496691903608337e+00
5.135912317690748523e+02 6.346577172401623557e+00 5.825012778502032695e+00
5.110618889664328890e+02 6.229001384611607683e+00 5.912705766205506031e+00
5.085377646495165891e+02 6.103051865350080263e+00 6.000554526669647615e+00
5.060230156824634946e+02 5.969068435922885385e+00 6.088463655263693042e+00
5.035143705301760519e+02 5.827316581859389721e+00 6.176412037942693445e+00
5.010234143135692193e+02 5.678061735350242500e+00 6.264304284105395304e+00
4.985468754129351510e+02 5.521569274222552615e+00 6.352119293457769267e+00
4.960814821726927448e+02 5.358030237456513412e+00 6.439761688862125411e+00
4.936313912557820913e+02 5.187858458262070371e+00 6.527136099689326620e+00
4.912007592974918566e+02 5.011244862181788662e+00 6.614295728669072005e+00
4.887863145592168621e+02 4.828603167278206598e+00 6.701070934218201991e+00
4.863995795527713994e+02 4.640243452266316737e+00 6.787447866719289458e+00
4.840221136516040588e+02 4.446135697536573339e+00 6.873367274634162527e+00
4.816799838885160057e+02 4.245923392267640928e+00 6.958851414547124747e+00
4.793546871870829591e+02 4.039472815449192566e+00 7.043848265053113344e+00
4.770500055179610968e+02 3.826575901356856768e+00 7.128305810078596316e+00
4.747771492025211160e+02 3.607098806110391909e+00 7.212246322198045512e+00
4.725250435160805296e+02 3.380759056788928962e+00 7.295692078940917646e+00
4.703048987937547736e+02 3.147496968636565917e+00 7.378516795591747446e+00
4.681204970339504712e+02 2.907252794318674560e+00 7.460742759000882351e+00
4.659533352025156887e+02 2.659818156751578400e+00 7.542317976873367691e+00
4.638294803898204464e+02 2.405058899515307491e+00 7.623116177561101381e+00
4.617304296127778116e+02 2.142840803326259369e+00 7.703233943860752220e+00
4.596599649723282255e+02 1.873103869583797376e+00 7.782619295285106098e+00
4.576367253086449978e+02 1.595862320482003938e+00 7.861220254847858691e+00
4.556347794048203355e+02 1.311130315684855496e+00 7.938984848839499620e+00
4.536801945460514389e+02 1.019070519572971678e+00 8.015935390101867952e+00
4.517618963228221673e+02 7.196226840345852915e-01 8.092094194293990128e+00
4.498836670890925120e+02 4.129493498432693088e-01 8.167483579656900972e+00
4.480418609182447085e+02 9.906442956470500050e-02 8.241903016267469795e+00
4.462402603105430217e+02 -2.219439414631503849e-01 8.315523393816508957e+00
4.444900762003442196e+02 -5.500619716120079827e-01 8.388292753343675301e+00
4.427802345625653970e+02 -8.851273618857832259e-01 8.460010570491977688e+00
4.411070898213984037e+02 -1.227052155814647216e+00 8.530847739774451099e+00
4.394818532085066636e+02 -1.575822738801800016e+00 8.600678022798218691e+00
4.379008793702031994e+02 -1.931351270429050748e+00 8.669523749023628767e+00
4.363679514265853072e+02 -2.293475683734973902e+00 8.737258681496157919e+00
4.348719959293703141e+02 -2.662182534972029835e+00 8.803905150596241569e+00
4.334316529721581333e+02 -3.037309868821170600e+00 8.869411203269786270e+00
4.320284210470990729e+02 -3.418547217595369947e+00 8.933799169769500281e+00
4.306735122062033838e+02 -3.805732734435571363e+00 8.997091379887304896e+00
4.293632819690112115e+02 -4.198704625477621910e+00 9.059087312180528428e+00
4.280940860323510719e+02 -4.597152582008635413e+00 9.119957861724497405e+00
4.268771369801634705e+02 -5.000989197133510089e+00 9.179576788321895719e+00
4.257013625416043396e+02 -5.409904263909592892e+00 9.237892133746431256e+00
4.245705473516617872e+02 -5.823617338403534127e+00 9.295000504976124844e+00
4.234884762599926944e+02 -6.241870310490480023e+00 9.350775656411373760e+00
4.224515059899637208e+02 -6.664360547854911054e+00 9.405314190620501336e+00
4.214559934981080005e+02 -7.090785465250945663e+00 9.458489857055489836e+00
4.205057243334661621e+02 -7.520864808719386119e+00 9.510399252798084291e+00
4.195970559460409959e+02 -7.954297570331689826e+00 9.560916121276445523e+00
4.187337743960769672e+02 -8.390776844076187402e+00 9.610137053012545394e+00
4.179048093118863108e+02 -8.829930398253068802e+00 9.657935784340436314e+00
4.171288039997025976e+02 -9.271380101485233283e+00 9.704408898155664431e+00
4.163798319492710789e+02 -9.714734493589034514e+00 9.749504406138344237e+00
4.156765370446599377e+02 -1.015961701253841198e+01 9.793096031992684303e+00
4.150152784195117874e+02 -1.060565113700933892e+01 9.835280345195489105e+00
4.143849871647177565e+02 -1.105237867378323635e+01 9.876005343223900113e+00
4.137894513859815220e+02 -1.149954946267310518e+01 9.915219018302344978e+00
4.132250311595224730e+02 -1.194655682117996953e+01 9.953017924151540186e+00
4.127029435888773605e+02 -1.239309123859780115e+01 9.989350041724431861e+00
4.122052611458944966e+02 -1.283868824477277037e+01 1.002430246969916716e+01
4.117386154382344898e+02 -1.328322910536966184e+01 1.005785024392647209e+01
4.113102068529047983e+02 -1.372673725920220456e+01 1.008995895048039415e+01
4.109198077735348988e+02 -1.416916189653346869e+01 1.012059416867866624e+01
4.105746192847993825e+02 -1.461045224186851499e+01 1.014964718733791216e+01
4.102595577748886626e+02 -1.505040898623336787e+01 1.017723213854393904e+01
4.099892533902848868e+02 -1.548912998746527059e+01 1.020324029639971286e+01
4.097634799368366316e+02 -1.592634171795362974e+01 1.022763721080109356e+01
4.095820115823929086e+02 -1.636206781541122979e+01 1.025031414020034326e+01
4.094446228584984624e+02 -1.679618338109024123e+01 1.027131090188500018e+01
4.093510886616591051e+02 -1.722856354599755946e+01 1.029051873774224291e+01
4.093086126044411230e+02 -1.765915775358383755e+01 1.030790316454365119e+01
4.093095419651622251e+02 -1.808776690839603063e+01 1.032350397372553807e+01
4.093610810889472305e+02 -1.851426622571543845e+01 1.033721238066489612e+01
4.094630063366562922e+02 -1.893860523065609414e+01 1.034906815847598871e+01
4.096076660842101091e+02 -1.936065919022337667e+01 1.035903678729259880e+01
4.098022657723327029e+02 -1.978022911234056380e+01 1.036715802106611761e+01
4.100540112047284538e+02 -2.019719031184092017e+01 1.037332303685439250e+01
4.103478234957214568e+02 -2.061149240941336558e+01 1.037749728512899239e+01
4.106983375201278363e+02 -2.102293647999758619e+01 1.037979477308091880e+01
4.110979034593861456e+02 -2.143139790214935303e+01 1.038018093041736378e+01
4.115463002002237545e+02 -2.183682635685235240e+01 1.037854689267453168e+01
4.120433069818797662e+02 -2.223894869227319049e+01 1.037500663504166099e+01
4.125887033934137094e+02 -2.263778890699626345e+01 1.036952555466631942e+01
4.131896977211255262e+02 -2.303307388067301176e+01 1.036206903748106178e+01
4.138386418948596202e+02 -2.342467907365837121e+01 1.035267674153151063e+01
4.145353165357200282e+02 -2.381255424208182347e+01 1.034138831330352559e+01
4.152720742524711000e+02 -2.419635201886126552e+01 1.032809482055207795e+01
4.160635530393936392e+02 -2.457594789670066149e+01 1.031283588614934565e+01
4.169021061716215399e+02 -2.495121737601765943e+01 1.029565112092225831e+01
4.177800872527287197e+02 -2.532181311282766956e+01 1.027643155649460205e+01
4.186972785618332296e+02 -2.568768490161133400e+01 1.025529106265128654e+01
4.196608910504918981e+02 -2.604855968910748842e+01 1.023212064617990791e+01
4.206707076391414262e+02 -2.640446155710398912e+01 1.020703415174739170e+01
4.217116548638617246e+02 -2.675526601966171469e+01 1.018014541125912409e+01
4.227909446247129495e+02 -2.710047717081462082e+01 1.015141967672600032e+01
4.239083607819101189e+02 -2.744086191980398581e+01 1.012104503765433705e+01
4.250636875033446245e+02 -2.777629576766027242e+01 1.008891243641145508e+01
4.262567092619538016e+02 -2.810591137234118619e+01 1.005520993613459524e+01
4.274797824829439605e+02 -2.842958421689717241e+01 1.002005130311320613e+01
4.287326922418658910e+02 -2.874793260757316915e+01 9.983327439685000471e+00
4.300152239120415629e+02 -2.906083200185067383e+01 9.945152085158245114e+00
4.313271631623414351e+02 -2.936815784155913178e+01 9.905564681715651076e+00
4.326608676047975450e+02 -2.966904271593585918e+01 9.864678941339898088e+00
4.340235518433027551e+02 -2.996410486478855262e+01 9.822459995233529639e+00
4.353927173701333118e+02 -3.025247683648965236e+01 9.778872960758475230e+00
4.367904360665272065e+02 -3.053477682618158440e+01 9.734180075387701692e+00
4.381942099978091960e+02 -3.081013733379714381e+01 9.688272145131788804e+00
4.396186832642988520e+02 -3.107917650229875761e+01 9.641262812515645209e+00
4.410487868472229707e+02 -3.134176961076576262e+01 9.593265706035326801e+00
4.424848680935300536e+02 -3.159775504557464743e+01 9.544303154535210609e+00
4.439220838187240474e+02 -3.184682371251713207e+01 9.494329464412809116e+00
4.453710072002429570e+02 -3.208937245617919132e+01 9.443430492890213301e+00
4.468347833395693556e+02 -3.232356958016444537e+01 9.391469232590916150e+00
4.482942725596490163e+02 -3.255055469059908546e+01 9.338531512560038550e+00
4.497749055549414265e+02 -3.276923884932914177e+01 9.284554580765554732e+00
4.512575431860843196e+02 -3.298001874746302775e+01 9.229624238130567093e+00
4.527453316296412709e+02 -3.318329103378658829e+01 9.173529137549399692e+00
4.542488456749160264e+02 -3.337722380820245149e+01 9.116503618952481958e+00
4.557563753200602719e+02 -3.356295646547035716e+01 9.058410590827511655e+00
4.572710675201997219e+02 -3.374014268367488256e+01 8.999261514794619998e+00
4.588034978338097858e+02 -3.390769325792173561e+01 8.939067838667883237e+00
4.603345286678243156e+02 -3.406600460413802978e+01 8.877766713028409029e+00
4.618747360757061529e+02 -3.421473025277754942e+01 8.815443841816289705e+00
4.634272680019618633e+02 -3.435426651770551132e+01 8.752036348414103273e+00
4.649804159273386972e+02 -3.448426682503821894e+01 8.687481342754304947e+00
4.665373282649404132e+02 -3.460364171208698281e+01 8.621790204933052593e+00
4.681011536544996261e+02 -3.471278733143035566e+01 8.554974301827879657e+00
4.696676126065472090e+02 -3.481135694488922638e+01 8.487119270729143850e+00
4.712398541969753296e+02 -3.490048942770312124e+01 8.418162168970264148e+00
4.728135993602390386e+02 -3.497909509255628535e+01 8.348262891586413659e+00
4.743919975831894931e+02 -3.504756986390219708e+01 8.277358470454416306e+00
4.759781985478000479e+02 -3.510630960715908344e+01 8.205608775470903282e+00
4.775679237735263882e+02 -3.515496729297491640e+01 8.133025097211238119e+00
4.791643233100660382e+02 -3.519319583158413423e+01 8.059618714114103355e+00
4.807631190287707454e+02 -3.522213374222926774e+01 7.985400892668994111e+00
4.823674613147233003e+02 -3.524069097744439460e+01 7.910457171114012809e+00
4.839805007077420669e+02 -3.525000593264847737e+01 7.834724509131261172e+00
4.855831028425805584e+02 -3.524824560044521604e+01 7.758362705569636475e+00
4.871932752415842742e+02 -3.523729108535258803e+01 7.681234414144854306e+00
4.888067405030841428e+02 -3.521679492313360527e+01 7.603499411684008003e+00
4.904117929920360552e+02 -3.518566675040108294e+01 7.525094613839368840e+00
4.920190122309433036e+02 -3.514504464429364106e+01 7.446179776341317336e+00
4.936241211383260747e+02 -3.509383811192022051e+01 7.366617510725099294e+00
4.952154143685216923e+02 -3.503392793514591119e+01 7.286641836103737724e+00
4.968109000523397185e+02 -3.496422349001645813e+01 7.206263911404259481e+00
4.983914446341074722e+02 -3.488511975654419217e+01 7.125420602634736866e+00
4.999676280131255339e+02 -3.479701164830338200e+01 7.044271617161558474e+00
5.015351734313217662e+02 -3.469955117705801229e+01 6.962828086469527555e+00
5.030898041628854571e+02 -3.459239028744511302e+01 6.881175416946852863e+00
5.046272435034066461e+02 -3.447740936171223325e+01 6.799399006664858192e+00
5.061506431093055198e+02 -3.435426020923272716e+01 6.717509962162127479e+00
5.076631546368333261e+02 -3.422259457124748394e+01 6.635593665740477043e+00
5.091530730309227124e+02 -3.408280695555740891e+01 6.553735492257374062e+00
5.106235499156670699e+02 -3.393529180116613020e+01 6.472020809424665622e+00
5.120703085332075943e+02 -3.378118631297218855e+01 6.390460694608385062e+00
5.134965004340554060e+02 -3.361939912133584585e+01 6.309140502139412021e+00
5.148978487666206547e+02 -3.345106729189555494e+01 6.228071296617271102e+00
5.162775049679809172e+02 -3.327658498513464025e+01 6.147338420226892808e+00
5.176311920538959157e+02 -3.309634629107330284e+01 6.067027209550640343e+00
5.189546453767530920e+02 -3.290990066027040939e+01 5.987141610708479611e+00
5.202436498673537244e+02 -3.271713337261853383e+01 5.907731441659264782e+00
5.215088594761025433e+02 -3.251931357297079472e+01 5.828765130540624284e+00
5.227460713468198037e+02 -3.231473899431392738e+01 5.750285384672082500e+00
5.239510825092829691e+02 -3.210393580263193769e+01 5.672409190880709495e+00
5.251196898715986663e+02 -3.188668725650380864e+01 5.595104965321040957e+00
5.262699752636731318e+02 -3.166277654183808821e+01 5.518489687814104983e+00
5.273903069785163780e+02 -3.143347244164613130e+01 5.442457484665464307e+00
5.284839098671424154e+02 -3.119707232563208876e+01 5.367199613514624268e+00
5.295465802815519964e+02 -3.095410199512641825e+01 5.292684479150724819e+00
5.305815427693023594e+02 -3.070434434276668156e+01 5.218954767856908816e+00
5.315845933673847412e+02 -3.044758218732745902e+01 5.145978880740750938e+00
5.325589562974233786e+02 -3.018434110857793584e+01 5.073799501075651364e+00
5.334929989099100567e+02 -2.991291810704479204e+01 5.002385027633258652e+00
5.343899450804674416e+02 -2.963458144908342007e+01 4.931852425529081430e+00
5.352530185048699423e+02 -2.934837082163517152e+01 4.862170092551462375e+00
5.360705859943019504e+02 -2.905406867229915946e+01 4.793232143003827161e+00
5.368532992225784710e+02 -2.875145737432077198e+01 4.725229825557446084e+00
5.375820962705525972e+02 -2.844180489670005940e+01 4.658205822577462740e+00
5.382750567746905972e+02 -2.812489346419792824e+01 4.592128533966890913e+00
5.389205467712778272e+02 -2.780050522754224218e+01 4.527040644513712131e+00
5.395143604442308742e+02 -2.746842226363659734e+01 4.463059124233398123e+00
5.400671484719931641e+02 -2.712991224587441863e+01 4.400152378204430725e+00
5.405672762729747092e+02 -2.678475710435967727e+01 4.338363097419217773e+00
5.410179657535111346e+02 -2.643273869633725681e+01 4.277733975625354290e+00
5.414298669543150027e+02 -2.607512447668404576e+01 4.218307709669782746e+00
5.417987729963872425e+02 -2.571095332328754424e+01 4.160052716340685741e+00
5.421279051283605668e+02 -2.534149254776349025e+01 4.103011699717176164e+00
5.424204843727482057e+02 -2.496578088593855327e+01 4.047153084509157672e+00
5.426723031720732706e+02 -2.458582834372375103e+01 3.992593866909867284e+00
5.428940104358520102e+02 -2.420067351767987063e+01 3.939228197428556122e+00
5.430739697854080532e+02 -2.381084060599951613e+01 3.887098798748102269e+00
5.432228296512494126e+02 -2.341536806930658088e+01 3.836248399065240289e+00
5.433289531672371595e+02 -2.301552280674775730e+01 3.786645448933076974e+00
5.433955599172800248e+02 -2.261034314687563196e+01 3.738258405108498383e+00
5.434110125295386524e+02 -2.219961018884799486e+01 3.691130014399285120e+00
5.433859584226380548e+02 -2.178459063861747680e+01 3.645228747003349312e+00
5.433161880491162492e+02 -2.136357980001024259e+01 3.600597363857521938e+00
5.431900632401152507e+02 -2.093858709124249273e+01 3.557278633478222041e+00
5.430256589508068146e+02 -2.050865053104840996e+01 3.515241048801402535e+00
5.428113364523075006e+02 -2.007652225531730750e+01 3.474601678031649765e+00
5.425577417770834927e+02 -1.964124016831371122e+01 3.435403314475263592e+00
5.422606639611093442e+02 -1.920407062440234469e+01 3.397688760382129747e+00
5.419233200877856689e+02 -1.876553708952645039e+01 3.361426543781279808e+00
5.415414985803821537e+02 -1.832690581288635556e+01 3.326733769324888623e+00
5.411258442455258546e+02 -1.788721448851598694e+01 3.293504701110527400e+00
5.406795732150027334e+02 -1.744772926715425498e+01 3.261707897023991887e+00
5.401984729381446186e+02 -1.700823058288366241e+01 3.231311925567418086e+00
5.396931872248356967e+02 -1.656924166000775500e+01 3.202285366187536120e+00
5.391595028366582483e+02 -1.612980000981491102e+01 3.174596809601236025e+00
5.386001468215370096e+02 -1.569184931956401385e+01 3.148151021484672185e+00
5.380233233812438129e+02 -1.525410140507917056e+01 3.122894566902064017e+00
5.374144635869516833e+02 -1.481668859193333709e+01 3.099081604024914949e+00
5.367812831809740146e+02 -1.438048600540902733e+01 3.076594886052875566e+00
5.361092124673917851e+02 -1.394414023236862477e+01 3.055688596547008640e+00
5.353911097053061212e+02 -1.350926916841615011e+01 3.036319798211158272e+00
5.346272611012386733e+02 -1.307377650467256203e+01 3.018594134206223689e+00
5.338179524514795276e+02 -1.264002291506144005e+01 3.002617261439401553e+00
5.329560407846812495e+02 -1.220665487305174501e+01 2.988420567350645651e+00
5.320418110554815030e+02 -1.177380449885507296e+01 2.976035453698471667e+00
5.310755477877058865e+02 -1.134249529342928753e+01 2.965493336837323746e+00
5.300723917686876803e+02 -1.091278505293808365e+01 2.956677080983580730e+00
5.290251982922442266e+02 -1.048502869031189988e+01 2.949692415992450023e+00
5.279416789046093754e+02 -1.005950681974702654e+01 2.944496520102851456e+00
5.268295446990964592e+02 -9.636500042211078920e+00 2.941046587192484907e+00
5.256890779615416704e+02 -9.216288947434648549e+00 2.939448394025217848e+00
5.245131321665536461e+02 -8.798782698377362266e+00 2.939659166475480756e+00
5.233019886748497811e+02 -8.383593316693877640e+00 2.941710430261822218e+00
5.220485000302207936e+02 -7.970555669197927351e+00 2.945559444159322027e+00
5.207455183078828895e+02 -7.559504619282952476e+00 2.951386334218019769e+00
5.193858951132526727e+02 -7.150200745327935259e+00 2.959074109444579825e+00
5.179699099316628690e+02 -6.742330342584500258e+00 2.968728646509366964e+00
5.164904134280285462e+02 -6.335802559051884053e+00 2.980307272413678987e+00
5.149551124984836861e+02 -5.931046531328703963e+00 2.993841615166813241e+00
5.133717135714942970e+02 -5.528639968918396264e+00 3.009289036940276496e+00
5.117404942599480933e+02 -5.129160589017598859e+00 3.026681201221331996e+00
5.100691600647338078e+02 -4.733186118284589128e+00 3.045901222443174294e+00
5.083579876780370910e+02 -4.341145727577491620e+00 3.066980800121559270e+00
5.066221100386188141e+02 -3.953691451184504935e+00 3.089877368462628393e+00
5.048618029360420678e+02 -3.571252487501213047e+00 3.114622663471810160e+00
5.030773417171046162e+02 -3.193589499682528476e+00 3.141099872538647642e+00
5.012615729421814308e+02 -2.820611735811926479e+00 3.169340768527364904e+00
4.994073427427326806e+02 -2.451931329503425960e+00 3.199377142840640342e+00
4.975223535296732962e+02 -2.087309002509080358e+00 3.231166521973958261e+00
4.955920222505975516e+02 -1.726579782785069073e+00 3.264666451062979480e+00
4.936091937998048138e+02 -1.369355872026957188e+00 3.299908777418908645e+00
4.915815693781069058e+02 -1.015620915212285924e+00 3.336851083544355667e+00
4.895168498023614916e+02 -6.655071515936483717e-01 3.375450970644663151e+00
4.874004504652027663e+02 -3.195182666855674869e-01 3.415591775122279738e+00
4.852623564981672644e+02 2.206487429651463050e-02 3.457231135566721569e+00
4.830954109301700328e+02 3.587385239818797755e-01 3.500252425722740757e+00
4.809073131507847734e+02 6.902217524389416825e-01 3.544613321456712818e+00
4.786983338712732348e+02 1.016085028259983813e+00 3.590197233701560631e+00
4.764910285375737544e+02 1.335973067683019266e+00 3.636887591897662642e+00
4.742633821901810620e+02 1.649976250734804806e+00 3.684716410925100494e+00
4.720305213291370023e+02 1.957984353404983668e+00 3.733641440512350140e+00
4.697778587740589273e+02 2.260139675671807069e+00 3.783694732146693607e+00
4.675130921281723317e+02 2.556443337613139022e+00 3.834759788461552965e+00
4.652290620392859637e+02 2.846946929530228321e+00 3.886868697131067307e+00
4.629186089124192449e+02 3.131685655495157317e+00 3.939979280237135839e+00
4.605963718444868960e+02 3.410684164608937419e+00 3.994141404920349636e+00
4.582527601504613699e+02 3.683877478810860140e+00 4.049178797066131708e+00
4.558925535102792423e+02 3.951175205824434489e+00 4.105155794325453300e+00
4.535131030573896851e+02 4.212486904425155387e+00 4.161988184658919288e+00
4.511340447906941904e+02 4.467722083193661931e+00 4.219666056673586851e+00
4.487378727831318201e+02 4.716827341029592446e+00 4.278179515941711308e+00
4.463442226943788000e+02 4.959704654070669072e+00 4.337370117809370207e+00
4.439504449786321629e+02 5.196181661072537317e+00 4.397376568217771009e+00
4.415538899446997334e+02 5.425863095193554919e+00 4.458114738985149650e+00
4.391519077648858911e+02 5.648353633300977172e+00 4.519723368614595671e+00
4.367492768336397262e+02 5.863183611276117979e+00 4.582192644568190865e+00
4.343359187247167483e+02 6.069883306333586859e+00 4.645512770052805607e+00
4.319240399498388001e+02 6.268057219349793208e+00 4.709896814302924284e+00
4.295035618640933421e+02 6.457161223191114630e+00 4.775260727833348540e+00
4.270718340733341734e+02 6.636948262574361657e+00 4.841669043219573254e+00
4.246410627903213140e+02 6.807468352922731114e+00 4.909112024351212966e+00
4.221937407386250811e+02 6.969142862734987176e+00 4.977579949691243399e+00
4.197346456092876679e+02 7.122021677438682197e+00 5.046988828526399296e+00
4.172685550145259867e+02 7.266526033305333421e+00 5.117328967721433308e+00
4.147853897912324896e+02 7.402779964830898507e+00 5.188664971465064113e+00
4.122899274055558863e+02 7.531130288169778808e+00 5.260838607002803258e+00
4.097869452555821113e+02 7.651775182553103960e+00 5.333840221889367683e+00
4.072663639736516643e+02 7.764541338727287467e+00 5.407585893218413098e+00
4.047403891800926772e+02 7.869403942433722321e+00 5.482140277864718136e+00
4.022063697341575335e+02 7.966115255875569900e+00 5.557419478206414354e+00
3.996690827866996187e+02 8.054650317730306597e+00 5.633339608860006287e+00
3.971258770813828960e+02 8.134686957648922245e+00 5.709816796408079931e+00
3.945963863572155219e+02 8.206274346815652265e+00 5.786841462627451804e+00
3.920631025479527807e+02 8.269164445484094017e+00 5.864404040710127219e+00
3.895382309356587598e+02 8.323331986576263830e+00 5.942420691482175776e+00
3.870116917002306423e+02 8.368677340778075902e+00 6.020881870127948510e+00
3.844956900221787919e+02 8.405175082675148346e+00 6.099852325907106021e+00
3.819801459824503240e+02 8.432651139402720375e+00 6.179173967859368233e+00
3.794624079648586985e+02 8.451154207343533287e+00 6.258985849034385929e+00
3.769472526576468567e+02 8.460510050327570752e+00 6.339204181684139350e+00
3.744320283547394297e+02 8.460767199892437418e+00 6.419745187477641224e+00
3.719140833079726463e+02 8.452196954560882602e+00 6.500673664210347980e+00
3.694056224298441293e+02 8.435144812147019167e+00 6.581905851495551296e+00
3.668891371945640572e+02 8.410104752604786071e+00 6.663283713965044264e+00
3.643842607932086821e+02 8.377273536395602349e+00 6.744872074973834231e+00
3.618809129847446115e+02 8.337144971928777792e+00 6.826587198778676147e+00
3.593838702012120052e+02 8.289989930503846693e+00 6.908345357230159856e+00
3.568904805010942596e+02 8.236227763323817896e+00 6.990137112958083598e+00
3.544129486246478109e+02 8.176129167028070910e+00 7.071730185039902139e+00
3.519337658974566807e+02 8.109890466781648044e+00 7.153263716694378438e+00
3.494725653882394454e+02 8.037930749917167716e+00 7.234505439925253967e+00
3.470192667626603793e+02 7.960446164598402596e+00 7.315445943204628598e+00
3.445786463914081423e+02 7.877707053556850525e+00 7.396001537120771907e+00
3.421554806567989431e+02 7.790057953867705720e+00 7.476014254030148187e+00
3.397471176101503829e+02 7.697694746269180932e+00 7.555548981713340773e+00
3.373508543786421683e+02 7.600869390188877084e+00 7.634380749466917138e+00
3.349786410198788076e+02 7.499464160083983089e+00 7.712610808665696815e+00
3.326275199846315900e+02 7.393120275009928299e+00 7.790199118464982142e+00
3.302945337784960316e+02 7.281701715037626421e+00 7.867105641455284903e+00
3.279841533222408998e+02 7.164923803840214767e+00 7.943290343274759913e+00
3.256934212618352831e+02 7.042501775855038559e+00 8.018861759219372942e+00
3.234342370301444589e+02 6.914225060002153533e+00 8.093631292825822499e+00
3.211962151069997162e+02 6.780031563462359578e+00 8.167633199979533742e+00
3.189838267821184559e+02 6.639784821505848811e+00 8.240976021492807391e+00
3.167941151163276459e+02 6.493422564894544280e+00 8.313545448670485172e+00
3.146315516543131707e+02 6.340882436838749747e+00 8.385301456888310412e+00
3.125006080868383833e+02 6.182101993518651639e+00 8.456278305153894337e+00
3.103983279131516611e+02 6.017018704668588569e+00 8.526510252158105985e+00
3.083217548040291263e+02 5.845495670721714276e+00 8.595882988816839543e+00
3.062679326146559333e+02 5.667544474027938151e+00 8.664430771820992305e+00
3.042487620980505767e+02 5.483176612622515655e+00 8.732187856164847162e+00
3.022538591667307628e+02 5.292254934057680771e+00 8.798965644165628319e+00
3.002802683065727933e+02 5.094939337317162753e+00 8.864872669502101843e+00
2.983398909398135856e+02 4.891092505758059872e+00 8.929794612212521798e+00
2.964297720366478757e+02 4.680725609149871680e+00 8.993765715717426446e+00
2.945395284778701352e+02 4.463849737754419067e+00 9.056671652315159804e+00
2.926810624680178421e+02 4.240698753978925595e+00 9.118546656693141017e+00
2.908588481462132904e+02 4.011357876068571748e+00 9.179424958420385749e+00
2.890550748971670032e+02 3.776060813379619407e+00 9.239266497939425449e+00
2.872890741642952435e+02 3.534966917192175817e+00 9.297956926058153826e+00
2.855504643081633844e+02 3.288384032593600015e+00 9.355604737449723984e+00
2.838437207182203110e+02 3.036397082395796865e+00 9.412095569126261552e+00
2.821733191220328081e+02 2.779239486129785330e+00 9.467537900942007312e+00
2.805363072442465864e+02 2.517070311070606081e+00 9.521817354066602235e+00
2.789297331654865388e+02 2.249974273818160952e+00 9.574893824484311367e+00
2.773506453304331671e+02 1.978110308929217798e+00 9.626801482484957262e+00
2.758109492557907174e+02 1.701563003583181022e+00 9.677500205152213653e+00
2.743002657858895077e+02 1.420565449802123625e+00 9.727024142865229095e+00
2.728230728501559952e+02 1.135127828689550089e+00 9.775184584789251119e+00
2.713764204179377657e+02 8.454831132332427668e-01 9.822089942898530879e+00
2.699573588536820239e+02 5.517899361164524397e-01 9.867625766969954526e+00
2.685703672714655568e+02 2.543554420777935920e-01 9.911900445115513492e+00
2.672124968381222629e+02 -4.666184421875428645e-02 9.954873785794552177e+00
2.658882274767327090e+02 -3.509548822686522351e-01 9.996505584351439211e+00
2.645871828182291097e+02 -6.582909643070833372e-01 1.003668133905454418e+01
2.633212719543828371e+02 -9.685117133627865194e-01 1.007558366815966266e+01
2.620801193374362583e+02 -1.281310230788512694e+00 1.011309804145111180e+01
2.608682065319088679e+02 -1.596379661290908025e+00 1.014918419732632593e+01
2.596825871638376952e+02 -1.913338907443195236e+00 1.018395042588184829e+01
2.585277436207414894e+02 -2.231955478200973619e+00 1.021735643449906838e+01
2.573933019998276563e+02 -2.551848352896758154e+00 1.024943619796027683e+01
2.562911738577307688e+02 -2.872636546248549472e+00 1.028007510756282095e+01
2.552109861070598242e+02 -3.194013389867935260e+00 1.030945567176977207e+01
2.541497944150462445e+02 -3.515746530270519532e+00 1.033753753134221931e+01
2.531195115510755329e+02 -3.837306509381192221e+00 1.036428030951125123e+01
2.521101328814772558e+02 -4.158598386266236346e+00 1.038963358476651955e+01
2.511205515144548883e+02 -4.479482400195881731e+00 1.041365537688327336e+01
2.501574565492435056e+02 -4.800104736672518690e+00 1.043624509329555039e+01
2.492126807724879995e+02 -5.120388752306487490e+00 1.045737640622074238e+01
2.483003424055392543e+02 -5.440406390420056582e+00 1.047694868539672797e+01
2.474122749988748069e+02 -5.760155328652271756e+00 1.049493556484490320e+01
2.465551691791804956e+02 -6.079633260596402522e+00 1.051131065914180773e+01
2.457208592441356529e+02 -6.398615043451443718e+00 1.052612184671175122e+01
2.449160365591849882e+02 -6.716949830216515593e+00 1.053926841912537604e+01
2.441473928528345994e+02 -7.034561067901586640e+00 1.055087249843396258e+01
2.434067635120044599e+02 -7.351372212263076911e+00 1.056075905248951585e+01
2.427008409789725079e+02 -7.667158159064845435e+00 1.056905016281749710e+01
2.420288896966827110e+02 -7.981768092880116683e+00 1.057571932346993115e+01
2.413901744552022990e+02 -8.295274052419490118e+00 1.058066572441058284e+01
2.407839603880956361e+02 -8.607599511370064960e+00 1.058401138542219933e+01
2.402095129689872124e+02 -8.918667943780492990e+00 1.058558117150012556e+01
2.396735263585862015e+02 -9.228402822469023548e+00 1.058542277729463699e+01
2.391678383509282355e+02 -9.536801900961497935e+00 1.058350959303871797e+01
2.386991437716064581e+02 -9.843788644948276101e+00 1.057981498800098663e+01
2.382667094244917791e+02 -1.014936079777686295e+01 1.057423802694562731e+01
2.378623740894505829e+02 -1.045336752845629569e+01 1.056697488761882830e+01
2.374928335710628460e+02 -1.075565799719713134e+01 1.055785030921110845e+01
2.371573556460851933e+02 -1.105622992097280743e+01 1.054691186037250539e+01
2.368626367624054581e+02 -1.135493243808594599e+01 1.053428137221239780e+01
2.365930886367291066e+02 -1.165154039026509203e+01 1.051978352080102930e+01
2.363554083549890947e+02 -1.194612573878763406e+01 1.050361437871453596e+01
2.361562933207099775e+02 -1.223838901158176462e+01 1.048559858004031575e+01
2.359875845538109900e+02 -1.252840213688801363e+01 1.046593215543985878e+01
2.358485517408282988e+02 -1.281598446048460360e+01 1.044458826417320196e+01
2.357458932345317635e+02 -1.310108901855447705e+01 1.042146576115458068e+01
2.356714510029138410e+02 -1.338363911263923534e+01 1.039683489802387406e+01
2.356244956797683301e+02 -1.366355059335257849e+01 1.037052020468043878e+01
2.356042982143404174e+02 -1.394073928739415180e+01 1.034271760787677508e+01
2.356175582215007296e+02 -1.421514402409778555e+01 1.031332587976632098e+01
2.356561189309310009e+02 -1.448673034826572348e+01 1.028239233899244809e+01
2.357192522377724515e+02 -1.475547566212185302e+01 1.024996428376091018e+01
2.358136587024628739e+02 -1.502136922395805385e+01 1.021608899192031750e+01
2.359311824997257077e+02 -1.528439357589579295e+01 1.018066515404030170e+01
2.360710964689251057e+02 -1.554453122802760490e+01 1.014388857451220005e+01
2.362326737632571962e+02 -1.580170523022885298e+01 1.010558362011453326e+01
2.364151878489911951e+02 -1.605600202126514020e+01 1.006587177162550439e+01
2.366253408547283072e+02 -1.630719601296106092e+01 1.002487448990508945e+01
2.368475501691478655e+02 -1.655521014648433109e+01 9.982490365481529793e+00
2.370959468912104455e+02 -1.679981875688740445e+01 9.938915103164758236e+00
2.373549490262882955e+02 -1.704101898915408597e+01 9.894195821129262214e+00
2.376312599356973010e+02 -1.727858509570059198e+01 9.848379618019047044e+00
2.379241549331055978e+02 -1.751243985238612311e+01 9.801439289547273503e+00
2.382329096317961330e+02 -1.774243170648538381e+01 9.753496179108154251e+00
2.385493715910144772e+02 -1.796826049164856443e+01 9.704671610879220367e+00
2.388802453628829596e+02 -1.818984884385926648e+01 9.654938322926099659e+00
2.392103529588825097e+02 -1.840695040496386170e+01 9.604326111729902138e+00
2.395558389629084104e+02 -1.861923725592840029e+01 9.552795930521174483e+00
2.399035370580145923e+02 -1.882636104740181793e+01 9.500291507680692860e+00
2.402625662504642889e+02 -1.902804765899466588e+01 9.446756552957744191e+00
2.406197607620750603e+02 -1.922402291415534847e+01 9.392134757599837513e+00
2.409916684753360983e+02 -1.941423542904834676e+01 9.336518361492744944e+00
2.413651241243085224e+02 -1.959878232741691662e+01 9.279999586296144187e+00
2.417492477388118459e+02 -1.977783495544263559e+01 9.222670635590697330e+00
2.421457312354092437e+02 -1.995134174609727395e+01 9.164623695031789197e+00
2.425414100587025246e+02 -2.011939963501984607e+01 9.106025216013177825e+00
2.429528332739591008e+02 -2.028203120837950024e+01 9.046818781825981759e+00
2.433668367558300645e+02 -2.043940755176258151e+01 8.987170808851029591e+00
2.437851132801932863e+02 -2.059147683105222626e+01 8.926950562227686348e+00
2.442242125141361555e+02 -2.073803857433912867e+01 8.866101573562159999e+00
2.446635425538603386e+02 -2.087911508786221049e+01 8.804418790625677005e+00
2.451196534165351295e+02 -2.101465432045016613e+01 8.741919995083241801e+00
2.455942385776315575e+02 -2.114460414550301692e+01 8.678325818203253661e+00
2.460741349597666385e+02 -2.126883807599980969e+01 8.613579725613453419e+00
2.465684646725970879e+02 -2.138730383004880053e+01 8.547699450546252464e+00
2.470789216002904141e+02 -2.149965191195906655e+01 8.480554143593678873e+00
2.475997713898667882e+02 -2.160560702837976166e+01 8.412458641002299231e+00
2.481327081399412577e+02 -2.170489380347076391e+01 8.343356346433457915e+00
2.486645693381589410e+02 -2.179708821062093449e+01 8.273413499284108852e+00
2.492119059508550549e+02 -2.188198898873742948e+01 8.202722040990822805e+00
2.497541272589805317e+02 -2.195917194006466389e+01 8.131448182362342791e+00
2.503077843488277949e+02 -2.202843563009344408e+01 8.059609553413020322e+00
2.508597149480913231e+02 -2.209024708753375776e+01 7.987223770722478022e+00
2.514116135157991891e+02 -2.214492468481125087e+01 7.914308437803756036e+00
2.519800312308962873e+02 -2.219293527117040910e+01 7.840881145485044890e+00
2.525443775292656596e+02 -2.223474560483425222e+01 7.766885188802262086e+00
2.531212035952108863e+02 -2.227089663574552603e+01 7.692412417914982647e+00
2.536973471984347839e+02 -2.230170637087102392e+01 7.617406104517791654e+00
2.542893594855345896e+02 -2.232764129110628915e+01 7.541883792781952423e+00
2.548840781677922394e+02 -2.234849923221920420e+01 7.465863016299449484e+00
2.554906259630243426e+02 -2.236400365242147359e+01 7.389509865546536105e+00
2.560958404845183622e+02 -2.237395219900617604e+01 7.312841854343918868e+00
2.566939876328148671e+02 -2.237806814105728748e+01 7.235950770845491320e+00
2.573016182873508910e+02 -2.237614893625104173e+01 7.158928394527609207e+00
2.579055698462239548e+02 -2.236799194723217354e+01 7.081866496690899737e+00
2.585001079693362840e+02 -2.235332015807178863e+01 7.004708273966342880e+00
2.590943549209201251e+02 -2.233245072583159185e+01 6.927619766347634211e+00
2.596825761611978578e+02 -2.230570071266595278e+01 6.850395589698922372e+00
2.602590370399250901e+02 -2.227316423551571134e+01 6.773127487812383052e+00
2.608402878405619276e+02 -2.223582671892490481e+01 6.695758631934797478e+00
2.614131653223152512e+02 -2.219333639032096528e+01 6.618157904817310921e+00
2.619793628157930243e+02 -2.214682705353929393e+01 6.540491318780158103e+00
2.625405735170079424e+02 -2.209594674922481516e+01 6.462553464746442877e+00
2.630984904822140606e+02 -2.204108626047820252e+01 6.384510347826771515e+00
2.636473782728135689e+02 -2.198189344344422480e+01 6.306602253871298913e+00
2.641889296513103886e+02 -2.192024456811445887e+01 6.228920899525865806e+00
2.647174936628140927e+02 -2.185571194832149899e+01 6.151624656434389493e+00
2.652351866903480868e+02 -2.178756636577708861e+01 6.074692820686992789e+00
2.657442097419955758e+02 -2.171574598783390186e+01 5.998394195007378471e+00
2.662467636610491013e+02 -2.164018889400967893e+01 5.922774731666854642e+00
2.667301924221125091e+02 -2.156157591198989465e+01 5.847806100048908995e+00
2.672041248791055068e+02 -2.147910211357568855e+01 5.773459970708007205e+00
2.676633330108925861e+02 -2.139196248579818160e+01 5.699782299424637877e+00
2.681100169690087682e+02 -2.130158043709591809e+01 5.626744760748141339e+00
2.685389483742042671e+02 -2.120640795327696182e+01 5.554319032041889592e+00
2.689597553642826142e+02 -2.110638260883730055e+01 5.482551077522564320e+00
2.693672091901996737e+02 -2.100292756815693807e+01 5.411412581785518761e+00
2.697635092639053482e+02 -2.089375174154567105e+01 5.340949517333087648e+00
2.701434264548946089e+02 -2.078102097176034135e+01 5.271059294582991939e+00
2.705091597877000140e+02 -2.066318684999026800e+01 5.201862179888808058e+00
2.708554797382997776e+02 -2.054018656230828199e+01 5.133329878527055357e+00
2.711920132816704267e+02 -2.041344289095930975e+01 5.065434102193134613e+00
2.715061021372176810e+02 -2.028140720550914011e+01 4.998220852985844509e+00
2.718148012170640300e+02 -2.014475930932578152e+01 4.931736140377524613e+00
2.720980234701815448e+02 -2.000343610079148604e+01 4.865951698174885820e+00
2.723728233811058885e+02 -1.985737440964302536e+01 4.800913551977659566e+00
2.726265418137200527e+02 -1.970651099828891617e+01 4.736593452617626987e+00
2.728688044588516277e+02 -1.955152539815182422e+01 4.673111727100287105e+00
2.730869517284281187e+02 -1.939161140590966426e+01 4.610440145019357061e+00
2.732906088524336496e+02 -1.922744842490988049e+01 4.548624769478948338e+00
2.734745441229258063e+02 -1.905897296140537378e+01 4.487711673996105155e+00
2.736483822901026883e+02 -1.888537862586220228e+01 4.427672659393817156e+00
2.737994628059386741e+02 -1.870808747436301189e+01 4.368479537689590408e+00
2.739374099203831747e+02 -1.852703583478186999e+01 4.310252699477341132e+00
2.740495625743960773e+02 -1.834141714310471372e+01 4.252963980285241696e+00
2.741529728460703268e+02 -1.815265328482168528e+01 4.196585227939844565e+00
2.742349791428657682e+02 -1.795919475104122753e+01 4.141236869921763208e+00
2.742977762972162736e+02 -1.776246331997696259e+01 4.086816496195591064e+00
2.743435588600315782e+02 -1.756239504808335283e+01 4.033370277056980591e+00
2.743745210946147495e+02 -1.735892594139114209e+01 3.980944396454697554e+00
2.743854286202686126e+02 -1.715273479181896121e+01 3.929510768807880972e+00
2.743784751066143031e+02 -1.694227183836250461e+01 3.879041322821497051e+00
2.743558539171505117e+02 -1.672970144858776109e+01 3.829508001792749194e+00
2.743123297528289868e+02 -1.651421660470519726e+01 3.781031330916242883e+00
2.742500953464240183e+02 -1.629575308000127265e+01 3.733583283568352673e+00
2.741713431062263453e+02 -1.607498944015458164e+01 3.687061565098550098e+00
2.740782651100884095e+02 -1.585260420953811611e+01 3.641586747123021883e+00
2.739656247493549586e+02 -1.562779020250977524e+01 3.597130850290865212e+00
2.738356134237044444e+02 -1.540196869989300232e+01 3.553740195065704821e+00
2.736904221854314869e+02 -1.517433244019949967e+01 3.511386834990429584e+00
2.735322417342021595e+02 -1.494630263117065461e+01 3.470117123957780603e+00
2.733558340618079114e+02 -1.471707194104000216e+01 3.429903149467071533e+00
2.731708174981963566e+02 -1.448731867509292748e+01 3.390791299887175647e+00
2.729719533060546155e+02 -1.425772110707565155e+01 3.352679414203412200e+00
2.727540023772236850e+02 -1.402821464565503362e+01 3.315688199780986167e+00
2.725340102797121062e+02 -1.379947750598025102e+01 3.279715531597573452e+00
2.722916358428039416e+02 -1.357064654870628573e+01 3.244667745962249494e+00
2.720427008279945085e+02 -1.334286448436280104e+01 3.210707820165554338e+00
2.717730686027833826e+02 -1.311498983713051558e+01 3.177858626302937139e+00
2.714983155500800649e+02 -1.288796104705985535e+01 3.146143055546724465e+00
2.712043042645209994e+02 -1.266152799762452474e+01 3.115509734874289283e+00
2.708917536527374637e+02 -1.243558912046250775e+01 3.086055877802574177e+00
2.705688105823386422e+02 -1.221019139710424461e+01 3.057804434103800872e+00
2.702213364806098639e+02 -1.198538179372840773e+01 3.030778373527187153e+00
2.698649057864374186e+02 -1.176113297945217440e+01 3.005074969516340122e+00
2.694853791489525747e+02 -1.153749189516063822e+01 2.980642948912172407e+00
2.690909018804019297e+02 -1.131450547185955813e+01 2.957579626168437503e+00
2.686747622064839334e+02 -1.109207206555552183e+01 2.935759486039600574e+00
2.682451046693985859e+02 -1.087046144368741984e+01 2.915354168293168513e+00
2.677952167293500452e+02 -1.064949766854017099e+01 2.896386766883614072e+00
2.673258138182426933e+02 -1.042930193423677565e+01 2.878731830134968028e+00
2.668376109928034339e+02 -1.020999543471922166e+01 2.862561061931666373e+00
2.663313229383708745e+02 -9.991476515253888024e+00 2.847749053867234981e+00
2.658076639730764441e+02 -9.773792091976655882e+00 2.834393269922796055e+00
2.652599197021541499e+02 -9.557137653942765709e+00 2.822516912610035344e+00
2.646888037233526916e+02 -9.341337280674396837e+00 2.811994639613092595e+00
2.641024576321819382e+02 -9.126586479262392970e+00 2.802998264938930451e+00
2.634941659767148963e+02 -8.912857918432901982e+00 2.795402491023211589e+00
2.628646413141750031e+02 -8.700198564650147404e+00 2.789230609861244936e+00
2.622220242170246252e+02 -8.488655400710392485e+00 2.784580219610996998e+00
2.615521698782868043e+02 -8.278275427838648781e+00 2.781326090677775031e+00
2.608557898693164248e+02 -8.069254234787823776e+00 2.779491583310141234e+00
2.601484521464934119e+02 -7.861638865916895647e+00 2.779100080666603301e+00
2.594234393068132363e+02 -7.655624957279930420e+00 2.780174988875228070e+00
2.586740336455916349e+02 -7.451185321180452625e+00 2.782665453578315073e+00
2.579158022142593722e+02 -7.248515649237754488e+00 2.786520643469220904e+00
2.571345983757191220e+02 -7.047737380409616392e+00 2.791764033816092283e+00
2.563385602632353653e+02 -6.848823419500878806e+00 2.798419122967154227e+00
2.555283973865860503e+02 -6.651895273159829536e+00 2.806435148842319816e+00
2.546973906391968114e+02 -6.457000201329392119e+00 2.815761372415889419e+00
2.538536773559856385e+02 -6.264185502678016881e+00 2.826347077682656028e+00
2.529979662696482308e+02 -6.073424232992390870e+00 2.838215855112224961e+00
2.521235375176128173e+02 -5.884912341047029649e+00 2.851317034581484666e+00
2.512385276996401728e+02 -5.698622969410797268e+00 2.865599968800068620e+00
2.503436448338114531e+02 -5.514603590238184694e+00 2.881014033218830761e+00
2.494247400128807044e+02 -5.332976007008235264e+00 2.897582909426286157e+00
2.485048058624829252e+02 -5.153862072716766995e+00 2.915181734520552403e+00
2.475696930449367983e+02 -4.977309408022716042e+00 2.933834234984353362e+00
2.466275370673802172e+02 -4.803365686352170094e+00 2.953489876028221328e+00
2.456716165364855158e+02 -4.632152918953692300e+00 2.974098144929453014e+00
2.447100665652492921e+02 -4.463718889396542266e+00 2.995608550854616858e+00
2.437435937278496567e+02 -4.298185722028305733e+00 3.017970624668180779e+00
2.427729044153302596e+02 -4.135527032868854924e+00 3.041133918727613406e+00
2.417912764906025700e+02 -3.975790781467711810e+00 3.065048006665131997e+00
2.408068443442781472e+02 -3.819099272202080897e+00 3.089588199653998668e+00
2.398203138488321144e+02 -3.665426305015489383e+00 3.114704113169561417e+00
2.388320927988348501e+02 -3.514831736226272429e+00 3.140435104861347693e+00
2.378413971712287491e+02 -3.367496606990063146e+00 3.166733738162333278e+00
2.368545732243752013e+02 -3.223465166565415263e+00 3.193642318131585611e+00
2.358556820161708742e+02 -3.082856014757270113e+00 3.221203169532446786e+00
2.348584978600328839e+02 -2.945787819407746699e+00 3.249310069525749967e+00
2.338545098772816004e+02 -2.812453600843741519e+00 3.278153948372724447e+00
2.328500637524514900e+02 -2.682823598765175621e+00 3.307628621093017696e+00
2.318440766865373348e+02 -2.557165257615032328e+00 3.337850771650757498e+00
2.308354657511986261e+02 -2.435523242870156757e+00 3.368714251599140841e+00
2.298231478926888371e+02 -2.317942292314295383e+00 3.400335780746473358e+00
2.288060399357824224e+02 -2.204541500264940446e+00 3.432683529286616686e+00
2.277904869379635500e+02 -2.095291467750602710e+00 3.465725684439301180e+00
2.267679771426518585e+02 -1.990311437167701980e+00 3.499504733580740101e+00
2.257448553842285719e+02 -1.889720725886271602e+00 3.534063180362467804e+00
2.247200380413880794e+02 -1.793490159821145680e+00 3.569294977321361806e+00
2.236850130413261866e+02 -1.701739207985428548e+00 3.605316943001196428e+00
2.226461249147928640e+02 -1.614438848992819864e+00 3.642023060541208057e+00
2.216022897497615531e+02 -1.531708705550526517e+00 3.679455894786984871e+00
2.205598518964951040e+02 -1.453519910904323309e+00 3.717658024879080259e+00
2.195102989215178866e+02 -1.379917959774783487e+00 3.756449193334710390e+00
2.184599750135002409e+02 -1.311022708761159450e+00 3.796020573652819863e+00
2.174077959375800901e+02 -1.246731242711729637e+00 3.836266218372893722e+00
2.163526773908704399e+02 -1.187163576096910811e+00 3.877154476165246333e+00
2.152935350079185071e+02 -1.132328377584951529e+00 3.918727991405563937e+00
2.142292843663702229e+02 -1.082160112110058581e+00 3.960955136741498350e+00
2.131662693430961326e+02 -1.036667608175007027e+00 4.003730012661494087e+00
2.121034054197824616e+02 -9.958152045262450569e-01 4.047095297568550798e+00
2.110321796892372959e+02 -9.596044622678651104e-01 4.091093680339143113e+00
2.099663642629130891e+02 -9.280073099530619096e-01 4.135619292879955111e+00
2.088974461761434043e+02 -9.010106139121824009e-01 4.180640560195036493e+00
2.078243407960859201e+02 -8.785716083607034710e-01 4.226125916441095143e+00
2.067533918288727079e+02 -8.606253239418583112e-01 4.272118087985941060e+00
2.056835146264525065e+02 -8.471373291885326839e-01 4.318511242455260302e+00
2.046136245443692587e+02 -8.380472752188599106e-01 4.365348122295260147e+00
2.035426369494675498e+02 -8.333097518020010641e-01 4.412448626811259267e+00
2.024694672277556151e+02 -8.328720024280720224e-01 4.459929796234796129e+00
2.014004591426708259e+02 -8.366702102341943004e-01 4.507685826754308067e+00
2.003345281427227462e+02 -8.445878993238784549e-01 4.555685204071889594e+00
1.992705897200020786e+02 -8.565161044634139742e-01 4.603896419446207311e+00
1.982001310682896928e+02 -8.723236577176862738e-01 4.652287969236554410e+00
1.971443528427372485e+02 -8.918869018642067159e-01 4.700754070943149010e+00
1.960873140161135382e+02 -9.150896903810283867e-01 4.749337513256092436e+00
1.950353586893324973e+02 -9.417936740071479740e-01 4.798006805088125049e+00
1.939948310492508199e+02 -9.718828707774341824e-01 4.846581891611130288e+00
1.929572186767113067e+02 -1.005189382424024336e+00 4.895105571306469727e+00
1.919214376058071423e+02 -1.041537964350697676e+00 4.943546361491645058e+00
1.908938323323539237e+02 -1.080760882173563031e+00 4.991872781358396516e+00
1.898807474720364894e+02 -1.122668198126036687e+00 5.039904784502198254e+00
1.888736710682213129e+02 -1.167174052783233273e+00 5.087759459470846402e+00
1.878715196509044461e+02 -1.213954960683218731e+00 5.135256761277060100e+00
1.868805604859270488e+02 -1.263043702491945419e+00 5.182447117051961705e+00
1.858993216058377413e+02 -1.314337926893447417e+00 5.229262872876010881e+00
1.849262534444485482e+02 -1.368091547964659371e+00 5.275643995502186101e+00
1.839672349535041747e+02 -1.424335708973224701e+00 5.321753300789426433e+00
1.830132885592939829e+02 -1.483250199413987946e+00 5.367382185212353107e+00
1.820702935707975030e+02 -1.544866320477352950e+00 5.412693460415835212e+00
1.811367011358498758e+02 -1.609289734988529119e+00 5.457478517719595246e+00
1.802183909483141235e+02 -1.676700466791668731e+00 5.501974446175491806e+00
1.793138145540004018e+02 -1.747055766075653160e+00 5.545972630067741882e+00
1.784139953568214310e+02 -1.820535809675847272e+00 5.589561583468773520e+00
1.775248136754298400e+02 -1.897023715793780152e+00 5.632681248755980086e+00
1.766521500483263480e+02 -1.976625527701959317e+00 5.675345846652048110e+00
1.757870285386905493e+02 -2.059447362373547197e+00 5.717569592256738886e+00
1.749353301404264869e+02 -2.145521126066924023e+00 5.759366694582799262e+00
1.741029360824257139e+02 -2.234804513362679934e+00 5.800602789088872058e+00
1.732734427822960868e+02 -2.327403856658442294e+00 5.841366354732103083e+00
1.724601603023095890e+02 -2.423276991096860122e+00 5.881597295998377994e+00
1.716615422518232208e+02 -2.522456103962471552e+00 5.921309792955369744e+00
1.708760424914274267e+02 -2.625047733523189208e+00 5.960443733796348731e+00
1.700946867860793930e+02 -2.730861350312360436e+00 5.999013281397467701e+00
1.693382145594787289e+02 -2.840152190902481166e+00 6.036958305868915353e+00
1.685827953944448723e+02 -2.952729854579354551e+00 6.074367234622782163e+00
1.678491692385562146e+02 -3.068552570022995862e+00 6.111105634425344491e+00
1.671209345538130719e+02 -3.187652910424450425e+00 6.147261911981828142e+00
1.664114034710849523e+02 -3.309766374552491452e+00 6.182775895998682714e+00
1.657116033403573852e+02 -3.434925653314638172e+00 6.217661687271474946e+00
1.650274184837894325e+02 -3.563089210749263547e+00 6.251859091265974833e+00
1.643573051465978381e+02 -3.693992715490751255e+00 6.285456468217908821e+00
1.637071481990297741e+02 -3.827669023724848074e+00 6.318393598721601556e+00
1.630679760869419113e+02 -3.964002476581227619e+00 6.350684533842755997e+00
1.624382458837466459e+02 -4.102951749020522065e+00 6.382269027725776311e+00
1.618238432914937732e+02 -4.244252714177994434e+00 6.413235387720726877e+00
1.612306542915983698e+02 -4.388012709713702719e+00 6.443374772995302813e+00
1.606422800949807197e+02 -4.533967701096303315e+00 6.472849745692004220e+00
1.600720355946323821e+02 -4.682150831415448522e+00 6.501600002550692814e+00
1.595109509146176663e+02 -4.832372435137405553e+00 6.529639508569300865e+00
1.589649131620283526e+02 -4.984517170373806039e+00 6.556833646155286743e+00
1.584323813768963589e+02 -5.138395450123157460e+00 6.583344915808105213e+00
1.579118148830794439e+02 -5.293892007512384978e+00 6.609038667775248399e+00
1.574016732888773902e+02 -5.450817327020512693e+00 6.633928802752032894e+00
1.569078448378873532e+02 -5.608981926204052115e+00 6.658103488072736553e+00
1.564287897091029436e+02 -5.768196353916157371e+00 6.681502306905668043e+00
1.559555400175183308e+02 -5.928345472026401275e+00 6.704064824969790060e+00
1.554939848654854018e+02 -6.089314170135544657e+00 6.725879157260359342e+00
1.550425852925804975e+02 -6.250779369987504275e+00 6.746810550266220119e+00
1.546072309767336321e+02 -6.412603726254904046e+00 6.767021366226277479e+00
1.541789551841172567e+02 -6.574590489207945865e+00 6.786376814857557171e+00
1.537636481707957898e+02 -6.736550358100005909e+00 6.804964937629968347e+00
1.533523437823846791e+02 -6.898294051058215359e+00 6.822650906517734093e+00
1.529583612059618645e+02 -7.059602589931900596e+00 6.839522724789867780e+00
1.525654755979753361e+02 -7.220273731141008788e+00 6.855661968367650516e+00
1.521804237736303094e+02 -7.380261261713731535e+00 6.870901711351724117e+00
1.518101119198004767e+02 -7.539565413200358002e+00 6.885291450598757024e+00
1.514465898161557504e+02 -7.698201284077208939e+00 6.898880662945121145e+00
1.510967642367519090e+02 -7.856154267950315351e+00 6.911570238022330948e+00
1.507601138998299177e+02 -8.013439478675408623e+00 6.923335328593720028e+00
1.504361178185629910e+02 -8.170062378432628947e+00 6.934151066889857162e+00
1.501242553014909333e+02 -8.326023084513932915e+00 6.944141131460127347e+00
1.498165776026264950e+02 -8.481326767370951814e+00 6.953057762510357342e+00
1.495348496729750991e+02 -8.635974734965442323e+00 6.961098880294000146e+00
1.492562666582019233e+02 -8.789977059348530020e+00 6.968090966456725432e+00
1.489951657514338308e+02 -8.943335489851808262e+00 6.974009048434410829e+00
1.487510277414326367e+02 -9.096057713929033284e+00 6.978902415839462137e+00
1.485159053626287573e+02 -9.248129127846617337e+00 6.982820336855411369e+00
1.482967083454959720e+02 -9.399535120167561431e+00 6.985589207634795628e+00
1.480854900150121409e+02 -9.550223928444701471e+00 6.987258253227702554e+00
1.478965890411876103e+02 -9.700173492828277233e+00 6.987876676996038761e+00
1.477220593366516539e+02 -9.849339456079777122e+00 6.987419377040953172e+00
1.475613834565353670e+02 -9.997677447098006098e+00 6.985861229643504977e+00
1.474140442468909384e+02 -1.014518764950511276e+01 6.983251372713438876e+00
1.472795248431358743e+02 -1.029175137643427362e+01 6.979490355236272592e+00
1.471647370185158650e+02 -1.043745791644198384e+01 6.974627271246054860e+00
1.470617361313271090e+02 -1.058209940419999739e+01 6.968636909288974834e+00
1.469692633383663178e+02 -1.072576508703145493e+01 6.961568319407836825e+00
1.468942312624540705e+02 -1.086832133891619456e+01 6.953470529627408858e+00
1.468338959490517084e+02 -1.100978307653253196e+01 6.944243978945818796e+00
1.467877422236190625e+02 -1.115009090728503871e+01 6.934011934852090775e+00
1.467552551832373240e+02 -1.128911112784571813e+01 6.922674792324770898e+00
1.467359201930455299e+02 -1.142693285671082748e+01 6.910207207864472956e+00
1.467299657174417860e+02 -1.156342233173829648e+01 6.896806666530291174e+00
1.467368776459557864e+02 -1.169859432621826301e+01 6.882224930457754297e+00
1.467561421239402364e+02 -1.183231501342679159e+01 6.866659440938511771e+00
1.467872455479924838e+02 -1.196459909920545606e+01 6.850084766956770821e+00
1.468296745611337997e+02 -1.209531268652713365e+01 6.832401172262732914e+00
1.468836588827825267e+02 -1.222447040808827978e+01 6.813731749460567144e+00
1.469479427984024937e+02 -1.235201257439078404e+01 6.794051002583626264e+00
1.470227564941149296e+02 -1.247787945584141056e+01 6.773481981202066571e+00
1.471068447109071258e+02 -1.260193699785450683e+01 6.751924863017916500e+00
1.471996952438286144e+02 -1.272412538647130376e+01 6.729502654997729927e+00
1.473022817709600929e+02 -1.284445904698407404e+01 6.706264059490605334e+00
1.474126068370476617e+02 -1.296280379206374889e+01 6.682183474366466314e+00
1.475301588572877165e+02 -1.307917395441683439e+01 6.657383843672317170e+00
1.476544264407841638e+02 -1.319336096793299262e+01 6.631913807284140816e+00
1.477856412189623825e+02 -1.330552763437922792e+01 6.605673417574371875e+00
1.479210636637370442e+02 -1.341546528706465047e+01 6.578785557105078396e+00
1.480616685959451502e+02 -1.352318805756699938e+01 6.551298804809485787e+00
1.482054596632664243e+02 -1.362863574044738080e+01 6.523187436194255007e+00
1.483526691784925049e+02 -1.373174807549710330e+01 6.494574274060078700e+00
1.485013011024415732e+02 -1.383253903000557727e+01 6.465359271213188208e+00
1.486508452121300934e+02 -1.393087394704078541e+01 6.435739495217569939e+00
1.488010127086742216e+02 -1.402683470982119651e+01 6.405601795689789490e+00
1.489516572300349253e+02 -1.412018100017807321e+01 6.375152161285389418e+00
1.491028538244322306e+02 -1.421103760480045253e+01 6.344212079733170917e+00
1.492546776585816417e+02 -1.429915783105597171e+01 6.312751587560819999e+00
1.494094325159697974e+02 -1.438459205743677671e+01 6.280889270382810530e+00
1.495649652748978724e+02 -1.446716774799685368e+01 6.248520845686000413e+00
1.497228370871108041e+02 -1.454686086885246432e+01 6.215616297147793290e+00
1.498831235260681467e+02 -1.462364732019932667e+01 6.182219874954265393e+00
1.500459002505439230e+02 -1.469742865186800174e+01 6.148227245620420334e+00
1.502105001632621679e+02 -1.476803206241872601e+01 6.113682626337416437e+00
1.503784847447761877e+02 -1.483558181578692370e+01 6.078555934811495476e+00
1.505491870372215431e+02 -1.489990497243533163e+01 6.042817073121764082e+00
1.507226829784488018e+02 -1.496090280607909229e+01 6.006435928084144393e+00
1.508990485611621466e+02 -1.501869936994445531e+01 5.969456655126114342e+00
1.510783598272178381e+02 -1.507304722804466124e+01 5.931923395164383273e+00
1.512606928620580220e+02 -1.512407028954360300e+01 5.893731707987696744e+00
1.514461237892773795e+02 -1.517174382362056484e+01 5.855074273666940776e+00
1.516347287653227909e+02 -1.521596874239899932e+01 5.815772341434498394e+00
1.518265839743233698e+02 -1.525672016742230142e+01 5.776018565117728265e+00
1.520210227880199341e+02 -1.529404742916938176e+01 5.735708452030957361e+00
1.522188642659142488e+02 -1.532785121610794477e+01 5.694886064410662918e+00
1.524201846453827898e+02 -1.535818070831031434e+01 5.653595452835921797e+00
1.526235745019478998e+02 -1.538501072659700419e+01 5.611806373156237093e+00
1.528298529197955133e+02 -1.540831601573542642e+01 5.569562853931227409e+00
1.530383533121343476e+02 -1.542807124418090403e+01 5.526760346361927034e+00
1.532491519218346809e+02 -1.544432528736492216e+01 5.483517142245527332e+00
1.534623249820379556e+02 -1.545712694402242882e+01 5.439802956908418530e+00
1.536772058768255818e+02 -1.546637636906044300e+01 5.395587496659406845e+00
1.538931279719861891e+02 -1.547212220748473754e+01 5.350989026245280833e+00
1.541109102808463263e+02 -1.547448731085648710e+01 5.305977235293299010e+00
1.543298861199783119e+02 -1.547344588678567590e+01 5.260596089272761233e+00
1.545486459400457875e+02 -1.546904634948038115e+01 5.214815262945235119e+00
1.547687514967566926e+02 -1.546133703632606426e+01 5.168678707825508312e+00
1.549887931664812868e+02 -1.545029192450412303e+01 5.122304652638083766e+00
1.552081041171808806e+02 -1.543595919815584416e+01 5.075588469763643751e+00
1.554275031392057258e+02 -1.541853553208122385e+01 5.028648376710378010e+00
1.556455804659086937e+02 -1.539799467445869041e+01 4.981454019057244942e+00
1.558631547794867060e+02 -1.537445886462491451e+01 4.934123604918823958e+00
1.560788161964669598e+02 -1.534790169936596627e+01 4.886552487886667073e+00
1.562918976033836316e+02 -1.531851955076384009e+01 4.838933151999177618e+00
1.565032174873091435e+02 -1.528636014904972917e+01 4.791086660669966690e+00
1.567113657561637581e+02 -1.525139686650273241e+01 4.743279775664345443e+00
1.569164179091953599e+02 -1.521390013538841046e+01 4.695333555516280732e+00
1.571169636921544281e+02 -1.517384318039300695e+01 4.647440474500728946e+00
1.573138212676082617e+02 -1.513134772012035434e+01 4.599495871553526349e+00
1.575055801998974516e+02 -1.508653540059520815e+01 4.551617935228850165e+00
1.576923156252806280e+02 -1.503952779579700305e+01 4.503776286624030512e+00
1.578726169067724072e+02 -1.499037212471578329e+01 4.456014830321670672e+00
1.580473018041243165e+02 -1.493918981893944853e+01 4.408451754821441249e+00
1.582149594584543024e+02 -1.488632509026379758e+01 4.361130965964031603e+00
1.583757312487913111e+02 -1.483185335918638614e+01 4.314014930080146470e+00
1.585292823417805153e+02 -1.477566649270718457e+01 4.267186053090005871e+00
1.586775729662253127e+02 -1.471775898535907068e+01 4.220571018744479375e+00
1.588129063605051385e+02 -1.465805098050904043e+01 4.174393647334156299e+00
1.589468993330384308e+02 -1.459638827106836345e+01 4.128432061078455284e+00
1.590733405054916716e+02 -1.453276515072948172e+01 4.082835803064174485e+00
1.591934466980653440e+02 -1.446710156420729021e+01 4.037605853136117418e+00
1.593084345736731962e+02 -1.439924310800666341e+01 3.992594628302246207e+00
1.594120922821255419e+02 -1.432925816521865947e+01 3.947951684150893481e+00
1.595056361550790029e+02 -1.425691792180770534e+01 3.903678014235102189e+00
1.595902823502680974e+02 -1.418221635195226504e+01 3.859700333971585184e+00
1.596746751962807593e+02 -1.410514736837877869e+01 3.816019648039340684e+00
1.597451737861447043e+02 -1.402555625621673663e+01 3.772711250770496960e+00
1.598104220734873024e+02 -1.394351109138952616e+01 3.729701876030858454e+00
1.598716354662836352e+02 -1.385900560750153865e+01 3.687066831615205764e+00
1.599151724714590728e+02 -1.377195919675400582e+01 3.644807149122366141e+00
1.599571047913591713e+02 -1.368236547788490576e+01 3.602923867837580563e+00
1.599912188671016509e+02 -1.359021801362048976e+01 3.561343751607115138e+00
1.600113009245756643e+02 -1.349551031164874537e+01 3.520216423222689794e+00
1.600334220205986071e+02 -1.339831010911524878e+01 3.479542947280646725e+00
1.600365112364981997e+02 -1.329861080663135908e+01 3.439175830550848634e+00
1.600366391763763829e+02 -1.319640575281023587e+01 3.399339006860298440e+00
1.600275911610723085e+02 -1.309176252882352642e+01 3.359885002431341139e+00
1.600105806253294531e+02 -1.298474866597371502e+01 3.320889204261998628e+00
1.599793924136817509e+02 -1.287535736328763036e+01 3.282352726473233062e+00
1.599426678278132101e+02 -1.276358177213633027e+01 3.244350977668152503e+00
1.599016195726516969e+02 -1.264956356437889973e+01 3.206736527272972648e+00
1.598500317534524413e+02 -1.253329579951290107e+01 3.169659090402131341e+00
1.597891165736247103e+02 -1.241484577636421527e+01 3.133045543684911838e+00
1.597126576318110551e+02 -1.229413218378371653e+01 3.096971343118423370e+00
1.596367233207153618e+02 -1.217137080288833140e+01 3.061289106891788236e+00
1.595476683734381709e+02 -1.204648024028894682e+01 3.026148600236273634e+00
1.594467039633140644e+02 -1.191952763037523866e+01 2.991476751236270992e+00
1.593350410020052266e+02 -1.179065435310443455e+01 2.957274785163348962e+00
1.592213184885957560e+02 -1.166000175181164344e+01 2.923618224795617504e+00
1.590993184579358228e+02 -1.152778541804633328e+01 2.890508323727295270e+00
1.589628226804807127e+02 -1.139399805891685880e+01 2.857946350180588624e+00
1.588204693623684420e+02 -1.125892948298318252e+01 2.825933587309718664e+00
1.586660397442318811e+02 -1.112264661713404834e+01 2.794471333499282117e+00
1.585081715022348590e+02 -1.098529064201123262e+01 2.763635186159238533e+00
1.583406453473272677e+02 -1.084707699344214049e+01 2.733352191503620965e+00
1.581646700764558204e+02 -1.070799822988049321e+01 2.703697978840352789e+00
1.579888825732247142e+02 -1.056826973488888655e+01 2.674599626834270438e+00
1.577996344077421327e+02 -1.042795830111015931e+01 2.646058514280557272e+00
1.575981335888930062e+02 -1.028727926577653484e+01 2.618150320363408223e+00
1.573930162152744572e+02 -1.014622509471042200e+01 2.590727890897030150e+00
1.571854897760337337e+02 -1.000508536836855455e+01 2.563941223086234178e+00
1.569619048020941818e+02 -9.863852515360514772e+00 2.537717481243881856e+00
1.567383249692576612e+02 -9.722890365520850509e+00 2.512058131027347319e+00
1.565011002979182706e+02 -9.582339883448193874e+00 2.486964656153772157e+00
1.562661737729094398e+02 -9.442377314810272537e+00 2.462443059938452805e+00
1.560192939914992394e+02 -9.302874369593221004e+00 2.438517369483243602e+00
1.557683741690217687e+02 -9.163960892514912970e+00 2.415141848375321754e+00
1.555138989238834029e+02 -9.025543869364808458e+00 2.392419346045507655e+00
1.552489242796497706e+02 -8.887530279099395969e+00 2.370378447431319646e+00
1.549739343676723706e+02 -8.749901378934062279e+00 2.349047756639936146e+00
1.546894130789907535e+02 -8.612712705932734636e+00 2.328307330093405625e+00
1.544032724167547030e+02 -8.475796944586276638e+00 2.308334377683487482e+00
1.541011390974011022e+02 -8.339209629413305791e+00 2.289008994880851855e+00
1.537983530045826228e+02 -8.202932012531936934e+00 2.270434147371180877e+00
1.534805403893370510e+02 -8.066871065236201233e+00 2.252564253650435777e+00
1.531556123239901410e+02 -7.931156613575559788e+00 2.235502319131758675e+00
1.528166229530384896e+02 -7.795621355399029007e+00 2.219202802221436954e+00
1.524714828962557078e+02 -7.660543696932275104e+00 2.203694464901394756e+00
1.521132458497694699e+02 -7.525756352289148410e+00 2.188931805788120855e+00
1.517498219891048166e+02 -7.391389180026292749e+00 2.175017910693127998e+00
1.513742645701947538e+02 -7.257423483644866558e+00 2.161907318654868959e+00
1.509944833323551734e+02 -7.123989147102999908e+00 2.149628872477157060e+00
1.506035310992259895e+02 -6.990918935288116920e+00 2.138211435246684111e+00
1.502018888314298977e+02 -6.858417047010646250e+00 2.127609606839668821e+00
1.497900372782015950e+02 -6.726464848437979427e+00 2.117852290925201331e+00
1.493684569792403352e+02 -6.594969441535560861e+00 2.108968411450440339e+00
1.489450566167916179e+02 -6.464060799494123266e+00 2.100838345612752178e+00
1.485054596164617351e+02 -6.333646067112397304e+00 2.093639624841403091e+00
1.480575742505243113e+02 -6.203855263189606006e+00 2.087252666734015438e+00
1.476018802387234530e+02 -6.074744147872202404e+00 2.081706476017894492e+00
1.471314287500819660e+02 -5.946219940486701994e+00 2.076955793978932263e+00
1.466541274554748213e+02 -5.818338454863280162e+00 2.073029665393253396e+00
1.461704554787240511e+02 -5.691304100627086804e+00 2.069882871439327143e+00
1.456808917487271060e+02 -5.564949899949573897e+00 2.067544496610721261e+00
1.451784866511275709e+02 -5.439480323819515739e+00 2.066043645112244143e+00
1.446711470810377023e+02 -5.314802741743439363e+00 2.065335157247139009e+00
1.441519230440741524e+02 -5.191047407462949792e+00 2.065373892800632660e+00
1.436287210594671535e+02 -5.068196042618708042e+00 2.066114730912489872e+00
1.430945907612528458e+02 -4.946378971913606648e+00 2.067661136946354006e+00
1.425574383015593298e+02 -4.825577990232561731e+00 2.069893744833579685e+00
1.420103129519967808e+02 -4.705923497759059160e+00 2.072767490931799905e+00
1.414536921569110461e+02 -4.587323083545888913e+00 2.076385897368444589e+00
1.408954815360092141e+02 -4.469981511092832704e+00 2.080703937864455622e+00
1.403361581866180643e+02 -4.353806451363760210e+00 2.085602321063410258e+00
1.397687706865814050e+02 -4.238928468318475140e+00 2.091110340858758576e+00
1.391937957978032898e+02 -4.125329602391840211e+00 2.097183025699400627e+00
1.386117101191986194e+02 -4.013066221970502667e+00 2.103775421898843145e+00
1.380304184402999113e+02 -3.902269024339744430e+00 2.110916876938048414e+00
1.374429686940309807e+02 -3.792845902598336316e+00 2.118562472254745366e+00
1.368498370111495603e+02 -3.684853364074013093e+00 2.126667306534363089e+00
1.362589277241113734e+02 -3.578496531204753417e+00 2.135186495492728653e+00
1.356632883203592996e+02 -3.473609157881057730e+00 2.144075171653224032e+00
1.350633944972867653e+02 -3.370470748811956074e+00 2.153362767621044060e+00
1.344671501666282438e+02 -3.268989441814810437e+00 2.162930165342206390e+00
1.338748603282959095e+02 -3.169297419815459538e+00 2.172817470704958343e+00
1.332787197844387492e+02 -3.071457207165193548e+00 2.182958801776315738e+00
1.326781811355235448e+02 -2.975532524346108154e+00 2.193447500073358203e+00
1.320801252156287262e+02 -2.881587145520893234e+00 2.204302638972328587e+00
1.314840043971714465e+02 -2.789610615743206790e+00 2.215469023450587382e+00
1.308892709465363566e+02 -2.699592535152227413e+00 2.227040040331422777e+00
1.302953770295999618e+02 -2.611671126648807739e+00 2.239034807509285407e+00
1.296943463671407528e+02 -2.525836102535677252e+00 2.251323890175540132e+00
1.290930592913757096e+02 -2.442077232151509847e+00 2.264075001557231737e+00
1.284909677011144424e+02 -2.360532909483698205e+00 2.277307301621463775e+00
1.278875234180191995e+02 -2.281118736242118583e+00 2.290891396790374568e+00
1.272821781927073488e+02 -2.203973223438648876e+00 2.304920757164271805e+00
1.266743837109372635e+02 -2.129086374417129779e+00 2.319414582217951715e+00
1.260635915998634715e+02 -2.056448252378446195e+00 2.334317800502692108e+00
1.254492534343459340e+02 -1.986048980877909820e+00 2.349723919851467890e+00
1.248382490935525482e+02 -1.918101594806969068e+00 2.365577893062380976e+00
1.242226017165905887e+02 -1.852447772823955896e+00 2.381824684592825037e+00
1.236091911099001663e+02 -1.789226389303262277e+00 2.398632120751882812e+00
1.229900403526510502e+02 -1.728427813722632100e+00 2.415796621360996266e+00
1.223646008538721901e+02 -1.669968194543016260e+00 2.433486034455373925e+00
1.217471807090560816e+02 -1.613986593570428507e+00 2.451571084433697756e+00
1.211223746049697638e+02 -1.560399285266916847e+00 2.470145356243617307e+00
1.204896339274115178e+02 -1.509271174562531348e+00 2.489079594030565001e+00
1.198632667673995371e+02 -1.460592946620280053e+00 2.508541685314904068e+00
1.192278678257793558e+02 -1.414429634086064702e+00 2.528328109124987844e+00
1.185977452212398333e+02 -1.370623483295578371e+00 2.548606770673594646e+00
1.179649220444738091e+02 -1.329313938980129617e+00 2.569248449482870011e+00
1.173288497649761837e+02 -1.290417659908427828e+00 2.590198216540282594e+00
1.166964082367156692e+02 -1.253910796325803823e+00 2.611624000943158386e+00
1.160596206529246786e+02 -1.219821561703708479e+00 2.633322321514412145e+00
1.154253669524983934e+02 -1.188118807555292422e+00 2.655461121459522289e+00
1.147856704242440458e+02 -1.158778878626124165e+00 2.677836932969864581e+00
1.141474111129772098e+02 -1.131748471150263446e+00 2.700543428370018262e+00
1.135174691239574400e+02 -1.107004059628025283e+00 2.723525718724171263e+00
1.128804395769121243e+02 -1.084507326668455285e+00 2.746803203961734052e+00
1.122506310623918750e+02 -1.064205162901247892e+00 2.770246721984847227e+00
1.116126388442091013e+02 -1.046081665308165043e+00 2.793949965792905665e+00
1.109807716657064987e+02 -1.030076425217553382e+00 2.817858065579306626e+00
1.103544816523569239e+02 -1.016143954921127079e+00 2.841916155343085393e+00
1.097220784908208202e+02 -1.004218774210038356e+00 2.866143655995608608e+00
1.090941570088366888e+02 -9.942369523403226106e-01 2.890411424455119338e+00
1.084686839326506487e+02 -9.861361077501573646e-01 2.914813170759235739e+00
1.078458545909626451e+02 -9.798628360950552008e-01 2.939294040150755905e+00
1.072251215781186318e+02 -9.753467106747656379e-01 2.963724896176894053e+00
1.066074232623296609e+02 -9.725203385998197891e-01 2.988199454294803825e+00
1.059929552836028677e+02 -9.713015323401802403e-01 3.012662863953567971e+00
1.053826562266599183e+02 -9.715710242324617774e-01 3.036985991690473785e+00
1.047759791186081202e+02 -9.732393211592916815e-01 3.061262554734319075e+00
1.041738627716669043e+02 -9.762021339444970636e-01 3.085363419583558642e+00
1.035765032806111776e+02 -9.803626618706275941e-01 3.109308019112068333e+00
1.029840316300887224e+02 -9.856581751137291070e-01 3.133048023438085306e+00
1.023978036766156663e+02 -9.921397631440226350e-01 3.156561188369475079e+00
1.018161388310591775e+02 -9.999074418149190846e-01 3.179906073153226043e+00
1.012395851361177961e+02 -1.009016714566535411e+00 3.202992667781872527e+00
1.006686907633653476e+02 -1.019552855254570289e+00 3.225953810104279729e+00
1.001025183452671286e+02 -1.031593765699473586e+00 3.248625200908385580e+00
9.954087348228077303e+01 -1.045217403311906157e+00 3.271139671543636940e+00
9.898430474484997887e+01 -1.060516637044065513e+00 3.293481482510951519e+00
9.843261800532474126e+01 -1.077458107962208533e+00 3.315560606572991009e+00
9.788561927494195913e+01 -1.096238789263188629e+00 3.337435578872537612e+00
9.734311470577509340e+01 -1.116758572589364729e+00 3.359090646039270212e+00
9.680713909775943193e+01 -1.139065968205279944e+00 3.380584332812690107e+00
9.627601322044948517e+01 -1.163135253631674582e+00 3.401826591156495994e+00
9.575102933021670992e+01 -1.189089323275253518e+00 3.422801650392176320e+00
9.523273699711562301e+01 -1.216828270020028357e+00 3.443642300332044215e+00
9.472020027187454616e+01 -1.246475085328631494e+00 3.464258473401965244e+00
9.421396902803873274e+01 -1.278004240799418101e+00 3.484634378291553425e+00
9.371459329399452542e+01 -1.311390254225198060e+00 3.504754216097008879e+00
9.322113758502578662e+01 -1.346607688631935806e+00 3.524676463474302857e+00
9.273415224555490965e+01 -1.383779718308158380e+00 3.544311021787982519e+00
9.225344494624272329e+01 -1.422806710303405220e+00 3.563716350783195264e+00
9.177882352122064447e+01 -1.463663357436412849e+00 3.582950901248626252e+00
9.131009597033181535e+01 -1.506472960783763249e+00 3.601850264183091621e+00
9.084781329642285641e+01 -1.551136011142207449e+00 3.620472871490773237e+00
9.039178383758951441e+01 -1.597627322002756589e+00 3.638802861657897569e+00
8.994255893954134251e+01 -1.645921745002229875e+00 3.656898646450867485e+00
8.949920445285823689e+01 -1.695919885365265944e+00 3.674744343610974351e+00
8.906227207543177826e+01 -1.747670951347401358e+00 3.692249776560832419e+00
8.863231368476009209e+01 -1.801001335649711876e+00 3.709473324625043311e+00
8.820839567023813288e+01 -1.856034598855461626e+00 3.726399072242694732e+00
8.779107027558654863e+01 -1.912671483824258889e+00 3.743011092196781409e+00
8.737940426105970460e+01 -1.970812765104024589e+00 3.759367728850492529e+00
8.697469308084808404e+01 -2.030433531331273578e+00 3.775304463878027317e+00
8.657600387516781382e+01 -2.091434617117420292e+00 3.790953900529833387e+00
8.618314681254992138e+01 -2.153791168938973932e+00 3.806300062372368398e+00
8.579667509197109609e+01 -2.217478360514422153e+00 3.821252676552332250e+00
8.541491360481472839e+01 -2.282397108175476586e+00 3.835795740570419277e+00
8.503990161705209516e+01 -2.348448353237974295e+00 3.850061805559491734e+00
8.467070725590873792e+01 -2.415533060865085790e+00 3.863886275052241803e+00
8.430714168677926068e+01 -2.483477935423056060e+00 3.877401672790736775e+00
8.394901627988326709e+01 -2.552332553344593080e+00 3.890517658005383961e+00
8.359762828187398043e+01 -2.621849377460079733e+00 3.903292442730699641e+00
8.325130380711792100e+01 -2.692003740359261155e+00 3.915635657605424758e+00
8.291134051918531611e+01 -2.762622425718513242e+00 3.927679769201874116e+00
8.257606495179122419e+01 -2.833606517643836309e+00 3.939260095332001832e+00
8.224677518998241510e+01 -2.904857115999681660e+00 3.950434789395146584e+00
8.192328386080926350e+01 -2.976275335236299391e+00 3.961261989707378639e+00
8.160391813397806970e+01 -3.047688019710634855e+00 3.971725535842440369e+00
8.128997673247562261e+01 -3.118996309511059994e+00 3.981734968481689396e+00
8.098053008768808070e+01 -3.190101355770980973e+00 3.991348379778081767e+00
8.067546761724703686e+01 -3.260862122007720743e+00 4.000546793706756254e+00
8.037498270283839474e+01 -3.331340208023135130e+00 4.009300142422596913e+00
8.008008771203458309e+01 -3.401480740116505253e+00 4.017649856652691476e+00
7.978956672008260398e+01 -3.471451701372089360e+00 4.025563067578174170e+00
7.950443251938932576e+01 -3.541198229445361445e+00 4.032932606722616775e+00
7.922495527855836883e+01 -3.610814032874534174e+00 4.039874139856750368e+00
7.895140537635813871e+01 -3.680244255867719527e+00 4.046354749387010230e+00
7.868405340047338825e+01 -3.749582611108528418e+00 4.052267217765381346e+00
7.842317014606526016e+01 -3.818774244540532603e+00 4.057727161413073880e+00
7.816828377912129611e+01 -3.887987151673513608e+00 4.062627329625549066e+00
7.791966550469874164e+01 -3.957017908356915026e+00 4.067009022011397690e+00
7.767832956494203245e+01 -4.026034504598509756e+00 4.070839237917549980e+00
7.744306189683008768e+01 -4.094982075338832850e+00 4.074159243373475014e+00
7.721561997503667385e+01 -4.163880033256850410e+00 4.076936004031797900e+00
7.699479012926057919e+01 -4.232673500562581737e+00 4.079136468622896139e+00
7.678158738678413897e+01 -4.301456158304667987e+00 4.080727568913598446e+00
7.657479845956926567e+01 -4.370173111163635049e+00 4.081824786677454853e+00
7.637543875152563544e+01 -4.438918020269010611e+00 4.082320736154207097e+00
7.618378101541023284e+01 -4.507561684498491594e+00 4.082182298038479651e+00
7.599861251469475576e+01 -4.576123456807413170e+00 4.081524902967787582e+00
7.582169203051014961e+01 -4.644667246148298290e+00 4.080166830499968533e+00
7.565106434312947670e+01 -4.713160377646009813e+00 4.078297760635006597e+00
7.548774574382612457e+01 -4.781570159988545399e+00 4.075810222298990482e+00
7.533200985631654589e+01 -4.849849027572600058e+00 4.072671010870127617e+00
7.518338763327477636e+01 -4.917971681110152815e+00 4.068995471701969180e+00
7.504141018782875960e+01 -4.985883088042241340e+00 4.064750366141495874e+00
7.490709446005061523e+01 -5.053565336567720223e+00 4.059902438569441330e+00
7.477997187327362383e+01 -5.120955922678898986e+00 4.054566983448162354e+00
7.466031683557378074e+01 -5.188036889265617013e+00 4.048636427859462650e+00
7.454691823109837401e+01 -5.254775398227909733e+00 4.042151749075022060e+00
7.444079359160276965e+01 -5.321146014455766959e+00 4.035153907616924052e+00
7.434147491775199512e+01 -5.387123276423160689e+00 4.027683847330930433e+00
7.424849434562119654e+01 -5.452689123498589474e+00 4.019633928462473804e+00
7.416138414317795480e+01 -5.517810609871427907e+00 4.011119345257921687e+00
7.407967670680179140e+01 -5.582462188597413721e+00 4.002032425046186503e+00
7.400439022789757360e+01 -5.646633138961943743e+00 3.992488329358160115e+00
7.393431451438311797e+01 -5.710268138710199004e+00 3.982453636526484875e+00
7.386898232745480186e+01 -5.773330404076137512e+00 3.971894908810728264e+00
7.380866937831014241e+01 -5.835785346484221314e+00 3.960927259530335309e+00
7.375290865487991709e+01 -5.897589429117324755e+00 3.949517219190447737e+00
7.370123325369644363e+01 -5.958705022732123879e+00 3.937705586133000590e+00
7.365391921182433066e+01 -6.019081833920499669e+00 3.925458859683032209e+00
7.360975699875390887e+01 -6.078694046020430619e+00 3.912817807312719776e+00
7.356902285353079662e+01 -6.137486091341916250e+00 3.899823181305449360e+00
7.353125027677128855e+01 -6.195417220474695341e+00 3.886441435427469226e+00
7.349523002781083392e+01 -6.252439216467569949e+00 3.872787575616895239e+00
7.346198146200630674e+01 -6.308511250783154445e+00 3.858828026162565372e+00
7.343029551784076148e+01 -6.363585025876052015e+00 3.844603480407494445e+00
7.339896321929941791e+01 -6.417612202846433078e+00 3.830154617449407883e+00
7.336974701331128301e+01 -6.470551829118452503e+00 3.815447818848118011e+00
7.334007737606343369e+01 -6.522373349249105168e+00 3.800589706378290078e+00
7.331085603821306051e+01 -6.573058210323347694e+00 3.785505069328642946e+00
7.328236692963984922e+01 -6.622583398639902974e+00 3.770110370650239684e+00
7.325489405273398802e+01 -6.670933284384372719e+00 3.754544910670783331e+00
7.322872147985300728e+01 -6.718121906133386112e+00 3.738650842818540543e+00
7.320339051575523115e+01 -6.764088973429428719e+00 3.722493158386900092e+00
7.317992820012727861e+01 -6.808774149786581020e+00 3.705988269274421043e+00
7.315787596492253897e+01 -6.852287904274146690e+00 3.689126858750019000e+00
7.313751813685331626e+01 -6.894443525003326023e+00 3.671899598213145932e+00
7.311913909975345405e+01 -6.935351386723965561e+00 3.654371430963601064e+00
7.310302329192978732e+01 -6.974824682405348142e+00 3.636607288970844731e+00
7.308945520346856028e+01 -7.012973690880819788e+00 3.618449242642380437e+00
7.307797653846672858e+01 -7.049685791978447469e+00 3.599962202118603294e+00
7.306887188228022012e+01 -7.084922600202426146e+00 3.581211067048741814e+00
7.306242586363291025e+01 -7.118719964427428160e+00 3.562186443375153111e+00
7.305892315168149764e+01 -7.151113684113053814e+00 3.542804643623179484e+00
7.305790561798018246e+01 -7.181990942038106951e+00 3.523056254198872139e+00
7.305965800344074523e+01 -7.211387438071801270e+00 3.503006135684184841e+00
7.306372224510961644e+01 -7.239338821951666780e+00 3.482570572627022187e+00
7.307038314295806458e+01 -7.265732126082708575e+00 3.461888691353256498e+00
7.307992552150840027e+01 -7.290751466377592749e+00 3.440728192248074802e+00
7.309189139136934443e+01 -7.314209490580031670e+00 3.419302468586307153e+00
7.310656561575463286e+01 -7.336215929653526757e+00 3.397527771811597042e+00
7.312349023680926052e+01 -7.356657613150223263e+00 3.375394629354080411e+00
7.314295014194549083e+01 -7.375644170132063415e+00 3.352967844936488362e+00
7.316523022501334594e+01 -7.393136611584067985e+00 3.330312215378350427e+00
7.318912971235890552e+01 -7.409095897364393224e+00 3.307269680395628519e+00
7.321567633397395980e+01 -7.423482936168530166e+00 3.283979307425687111e+00
7.324441214431513458e+01 -7.436481436019972691e+00 3.260431590919778966e+00
7.327487918822248503e+01 -7.447903636252079629e+00 3.236542736152998145e+00
7.330736233174391714e+01 -7.457933142553626382e+00 3.212451793541561518e+00
7.334140358782052260e+01 -7.466456375485331698e+00 3.188074957934681652e+00
7.337654494699046381e+01 -7.473582555054775867e+00 3.163476986433521709e+00
7.341381404306906688e+01 -7.479272283279690292e+00 3.138648348189584159e+00
7.345200997361294526e+01 -7.483634678292056641e+00 3.113505224709945285e+00
7.349067463557719293e+01 -7.486555956937936074e+00 3.088186644171714068e+00
7.353083555587441822e+01 -7.488219419425631074e+00 3.062757347715792555e+00
7.357129171177129479e+01 -7.488511181454671650e+00 3.037059222744669107e+00
7.361232770153101512e+01 -7.487540158900608311e+00 3.011231287741918283e+00
7.365348523486332510e+01 -7.485415217493284423e+00 2.985338275060754221e+00
7.369430596349198481e+01 -7.482022322513618207e+00 2.959370631224135462e+00
7.373507431174998317e+01 -7.477470240031477644e+00 2.933318800726455677e+00
7.377533180213910668e+01 -7.471867686639832584e+00 2.907247509834305799e+00
7.381536272103818419e+01 -7.465174762710232059e+00 2.881221483381321224e+00
7.385396560934694321e+01 -7.457425803179806856e+00 2.855156878059608605e+00
7.389142459837503907e+01 -7.448803661352383365e+00 2.829044133222826218e+00
7.392728090063600632e+01 -7.439268291703940328e+00 2.803096538185916309e+00
7.396107564083254715e+01 -7.428853884229909887e+00 2.777155964499057106e+00
7.399309268694122466e+01 -7.417668864802161366e+00 2.751287134260842482e+00
7.402213014130543911e+01 -7.405747328540606134e+00 2.725480486400762459e+00
7.404853081316596786e+01 -7.393174255556662189e+00 2.699869247920906101e+00
7.407287395345355208e+01 -7.379941172892968027e+00 2.674414961504348209e+00
7.409356933782613908e+01 -7.365941926431640141e+00 2.649073391483575790e+00
7.411274080740859915e+01 -7.351070316511632008e+00 2.623800303688172963e+00
7.412879791537105234e+01 -7.335368665410634037e+00 2.598700032739400534e+00
7.414163576908363495e+01 -7.318804967334834544e+00 2.573728348329340054e+00
7.415263502725008493e+01 -7.301198605433988575e+00 2.548915306017049520e+00
7.416094772207647168e+01 -7.282591769851803676e+00 2.524142397009364824e+00
7.416721143184987852e+01 -7.262952324274094096e+00 2.499513965961253525e+00
7.417057793845650338e+01 -7.242248090009644201e+00 2.475060077253292690e+00
7.417168456526376019e+01 -7.220446846588771450e+00 2.450662231776205235e+00
7.416968283496719039e+01 -7.197442048879299392e+00 2.426424784730016437e+00
7.416595264282662470e+01 -7.173349961734936997e+00 2.402303528397693011e+00
7.415964524478971498e+01 -7.148063959638251141e+00 2.378328542938352275e+00
7.415065459602658393e+01 -7.121477377885575777e+00 2.354455629667336236e+00
7.413887451449620869e+01 -7.093706363791010716e+00 2.330640594843219837e+00
7.412494151471669568e+01 -7.064718459889246738e+00 2.307062100459089216e+00
7.410874913660977370e+01 -7.034406888171840677e+00 2.283527396505490525e+00
7.408944794453867644e+01 -7.002813401346513977e+00 2.260066589272496262e+00
7.406767403156014495e+01 -6.969905433099164327e+00 2.236784074625699947e+00
7.404332051365635436e+01 -6.935724665885435236e+00 2.213561404276027211e+00
7.401628036419339196e+01 -6.900238464728974286e+00 2.190502987073210672e+00
7.398644641347028994e+01 -6.863562728548356695e+00 2.167564671770254137e+00
7.395445418340341348e+01 -6.825590473479449471e+00 2.144776597806168361e+00
7.391945338221192685e+01 -6.786437534740242583e+00 2.122168912076864977e+00
7.388207924437071483e+01 -6.746145433484982412e+00 2.099771769206399075e+00
7.384222402547268871e+01 -6.704681377681899868e+00 2.077615331815926947e+00
7.380052267229137897e+01 -6.662086830008854932e+00 2.055581203785096012e+00
7.375538148275992967e+01 -6.618403225253674194e+00 2.033773848028115783e+00
7.370743511625764199e+01 -6.573597687725969863e+00 2.012223452744299923e+00
7.365806092374609193e+01 -6.527785882689646435e+00 1.990811648172822412e+00
7.360492193784448034e+01 -6.481009166790343556e+00 1.969642924358825375e+00
7.354939522333805257e+01 -6.433160305496955722e+00 1.948673213890762979e+00
7.349137203228460180e+01 -6.384429175069065820e+00 1.927858459151067239e+00
7.343074347436245830e+01 -6.334782778999358044e+00 1.907303179562406692e+00
7.336740051717740130e+01 -6.284262382990217333e+00 1.886963337814277386e+00
7.330123398657116240e+01 -6.233057799428789458e+00 1.866794907099622147e+00
7.323287740195110018e+01 -6.181135970852063011e+00 1.846902438346179398e+00
7.316222130653432032e+01 -6.128538104938821895e+00 1.827167642924811375e+00
7.308841326762681945e+01 -6.075379675494967380e+00 1.807769377382003162e+00
7.301208638195771528e+01 -6.021701856436636469e+00 1.788589375628822919e+00
7.293387360586514490e+01 -5.967545806282672061e+00 1.769657950158498139e+00
7.285217925043038179e+01 -5.913101236150753337e+00 1.750931141734918928e+00
7.276912166185779540e+01 -5.858260709734035565e+00 1.732513570089287747e+00
7.268236203634982928e+01 -5.803213912312360279e+00 1.714361300092181795e+00
7.259401844052419506e+01 -5.748001950727566367e+00 1.696356125430826145e+00
7.250323746125131663e+01 -5.692740204879565447e+00 1.678676986288862416e+00
7.240916554580896047e+01 -5.637395478205207588e+00 1.661205701485855668e+00
7.231317750698386249e+01 -5.582231699676565739e+00 1.643972669643978479e+00
7.221516234794445666e+01 -5.527215656760867901e+00 1.627082585829104699e+00
7.211496675409634349e+01 -5.472512161817186360e+00 1.610344333703782160e+00
7.201226855852696929e+01 -5.418038178265595306e+00 1.593943465767045931e+00
7.190744611147415810e+01 -5.363908696355337291e+00 1.577918290365301734e+00
7.180013478836904994e+01 -5.310015852207005338e+00 1.562084278769820589e+00
7.169071265980291230e+01 -5.256326062777111119e+00 1.546702616800743391e+00
7.157807198636770352e+01 -5.202880026806408154e+00 1.531588802889874756e+00
7.146259055867705001e+01 -5.149495591751453105e+00 1.516781199687346815e+00
7.134390319222418952e+01 -5.096287739236672998e+00 1.502392467132031451e+00
7.122313023240882046e+01 -5.043148601464097602e+00 1.488312428508282714e+00
7.109842054436546732e+01 -4.990044596143023092e+00 1.474653771519011558e+00
7.097089419317529746e+01 -4.937016427401933250e+00 1.461306347320126653e+00
7.083944259874532179e+01 -4.884030519687305727e+00 1.448308588073927039e+00
7.070444271103610845e+01 -4.831053302161883778e+00 1.435698939976526090e+00
7.056627134017239200e+01 -4.777976926089518628e+00 1.423441579779413324e+00
7.042456232164364849e+01 -4.724990683226668153e+00 1.411574981810256313e+00
7.027969218665202789e+01 -4.671986738672790906e+00 1.400137634478108462e+00
7.013055165741579344e+01 -4.618931549244712720e+00 1.389093756770646948e+00
6.997751698773525675e+01 -4.565940147832242779e+00 1.378407581748609667e+00
6.982170712852766314e+01 -4.512830443227609400e+00 1.368117640032644688e+00
6.966126955336342519e+01 -4.459791772483697514e+00 1.358188192775212855e+00
6.949806577445961864e+01 -4.406716350218458977e+00 1.348732082137788613e+00
6.933098582833547141e+01 -4.353644970448100615e+00 1.339639313741040949e+00
6.915966245193679640e+01 -4.300692723893984493e+00 1.331022757635739184e+00
6.898595675380705927e+01 -4.247677581270761671e+00 1.322772447237077431e+00
6.880801553513506974e+01 -4.194788945600737229e+00 1.314926996780202861e+00
6.862621397133271728e+01 -4.141919101474494269e+00 1.307450750749622248e+00
6.844166994349471622e+01 -4.089108916840205943e+00 1.300456634317769034e+00
6.825327269994251367e+01 -4.036399276764258026e+00 1.293760452255466653e+00
6.806139703312857137e+01 -3.983831084188032001e+00 1.287549440374493814e+00
6.786641761150171703e+01 -3.931296693670874642e+00 1.281713713920035191e+00
6.766796614653263475e+01 -3.878911329641840489e+00 1.276217684993225854e+00
6.746641706494889945e+01 -3.826641669617424135e+00 1.271100062456525182e+00
6.726140184100225383e+01 -3.774528695430471981e+00 1.266399568332120085e+00
6.705329466896631629e+01 -3.722539126937514098e+00 1.262006370693663060e+00
6.684172679566025010e+01 -3.670788273229553589e+00 1.257959217568915156e+00
6.662855786324523422e+01 -3.619317182818575507e+00 1.254296869823619209e+00
6.641267606686412250e+01 -3.568092644322338636e+00 1.250983817544246479e+00
6.619445516771817495e+01 -3.517304321149574253e+00 1.247984563422253945e+00
6.597426882604990794e+01 -3.466844767648077141e+00 1.245337906135113304e+00
6.575249060427702830e+01 -3.416829414277987365e+00 1.243008373216687223e+00
6.552949397021806988e+01 -3.367225150745016826e+00 1.240960504432118139e+00
6.530490946537834418e+01 -3.318221744148346364e+00 1.239233135149882425e+00
6.507911037838894686e+01 -3.269637571585599645e+00 1.237716545701099458e+00
6.485172707841380202e+01 -3.221588172289463703e+00 1.236523878756198735e+00
6.462461835876703731e+01 -3.174114830718231861e+00 1.235545438171534061e+00
6.439592876028198987e+01 -3.127258860649996475e+00 1.234820106361043779e+00
6.416677409014648958e+01 -3.080913038757626676e+00 1.234238210142953429e+00
6.393827008544658241e+01 -3.035341589694179110e+00 1.233912938106639601e+00
6.370856107673356661e+01 -2.990363068120942991e+00 1.233734639449632464e+00
6.348024834195488353e+01 -2.946167477777693833e+00 1.233667957837290441e+00
6.325213364994883847e+01 -2.902717176198902571e+00 1.233757949452999103e+00
6.302490611957698974e+01 -2.860103809362033012e+00 1.233999870446696345e+00
6.279842670804161031e+01 -2.818265661559980817e+00 1.234395105671560078e+00
6.257181348944902055e+01 -2.777215334189822915e+00 1.234945050321489157e+00
6.234492732847545682e+01 -2.737039746225922610e+00 1.235725393271501549e+00
6.211837188394515152e+01 -2.697603000667825768e+00 1.236663266405667816e+00
6.189126510728730324e+01 -2.659066369500149740e+00 1.237834378460046514e+00
6.166346775109020939e+01 -2.621368309601483482e+00 1.239165880843031475e+00
6.143484053749531171e+01 -2.584521597164383788e+00 1.240778071574560881e+00
6.120598699657638520e+01 -2.548464761083665486e+00 1.242605549248375851e+00
6.097602496454645404e+01 -2.513284933839928570e+00 1.244664633463232306e+00
6.074481509203980067e+01 -2.478920717848133393e+00 1.246971652789511165e+00
6.051296084723776403e+01 -2.445533603310688253e+00 1.249528087885137140e+00
6.027958001383649389e+01 -2.412987984022339383e+00 1.252335428009508256e+00
6.004601886912777076e+01 -2.381296858688898954e+00 1.255410027534314299e+00
5.981139517671608274e+01 -2.350621831212044377e+00 1.258753392349727385e+00
5.957556952939567196e+01 -2.320827409939989483e+00 1.262359608018621238e+00
5.933914535183642158e+01 -2.292000992431008743e+00 1.266245052978257624e+00
5.910198323312855706e+01 -2.264081448167329480e+00 1.270403828236155164e+00
5.886394376431270103e+01 -2.237156252771460796e+00 1.274837470565078679e+00
5.862488754079458175e+01 -2.211238637684877162e+00 1.279547523943370679e+00
5.838467516467363083e+01 -2.186193306831293981e+00 1.284520682641598466e+00
5.814391008201159394e+01 -2.162107854274441632e+00 1.289758504407245931e+00
5.790171007991907004e+01 -2.138995630332675812e+00 1.295262553544453077e+00
5.765942146376480792e+01 -2.116795741682864662e+00 1.301026972340556975e+00
5.741541921401127979e+01 -2.095595901950982221e+00 1.307053337539946236e+00
5.717104966835565705e+01 -2.075261014261799097e+00 1.313328375063280706e+00
5.692617351345731436e+01 -2.055878872295326509e+00 1.319846244824852688e+00
5.667990862178163525e+01 -2.037388742794861596e+00 1.326601112145660233e+00
5.643360139346552984e+01 -2.019878499576794884e+00 1.333587147513520144e+00
5.618636974788672234e+01 -2.003213205997269597e+00 1.340791097989806113e+00
5.593881730046703638e+01 -1.987555099428212513e+00 1.348214572014160950e+00
5.569080485924094148e+01 -1.972695039673009409e+00 1.355844325754551827e+00
5.544293609652189048e+01 -1.958721060406867664e+00 1.363659691205806102e+00
5.519432904542141216e+01 -1.945646951562164384e+00 1.371662289336263552e+00
5.494633027655361701e+01 -1.933337975703932843e+00 1.379831459729450982e+00
5.469880072448055586e+01 -1.921956568903273821e+00 1.388153973725971380e+00
5.445085852430496232e+01 -1.911293789053935210e+00 1.396624034162244010e+00
5.420385035334141577e+01 -1.901512150717372673e+00 1.405220990056597730e+00
5.395763725757105078e+01 -1.892402789899088500e+00 1.413931621395120519e+00
5.371133748826112964e+01 -1.884054015354095668e+00 1.422750138865263692e+00
5.346629784367862470e+01 -1.876405607336823156e+00 1.431641041836889894e+00
5.322237949560263814e+01 -1.869471667855881147e+00 1.440598544895543176e+00
5.297870082601573927e+01 -1.863192053399000736e+00 1.449594579121129101e+00
5.273660876890060223e+01 -1.857506658148591949e+00 1.458630790269535016e+00
5.249522180182335518e+01 -1.852355413678294260e+00 1.467671683349909717e+00
5.225588695785320681e+01 -1.847826855638424304e+00 1.476704049156130738e+00
5.201772281722241331e+01 -1.843860989410777140e+00 1.485699822245195811e+00
5.178207651932731181e+01 -1.840249289758139950e+00 1.494653222418550476e+00
5.154806675447062503e+01 -1.837154684976514352e+00 1.503528756001108801e+00
5.131699452290261831e+01 -1.834450932626023656e+00 1.512318087850085924e+00
5.108849020253795459e+01 -1.832184674701347271e+00 1.521024949163020112e+00
5.086213798015826626e+01 -1.830417944020692245e+00 1.529650515736023175e+00
5.063826494153887126e+01 -1.829183094421116929e+00 1.538203390574961249e+00
5.041719823851824600e+01 -1.828505085376292305e+00 1.546684746932939447e+00
5.019852225610093654e+01 -1.828423766601962264e+00 1.555103184750945111e+00
4.998182144964228968e+01 -1.828964164197798503e+00 1.563459873699883262e+00
4.976742318206012072e+01 -1.830158765229536577e+00 1.571755981275974712e+00
4.955491205599308557e+01 -1.832047517249281166e+00 1.580000100898952153e+00
4.934461558607833354e+01 -1.834655542754385138e+00 1.588193394962534644e+00
4.913611853114058903e+01 -1.838000567036997213e+00 1.596337022938844274e+00
4.892974856648766746e+01 -1.842092917673393782e+00 1.604424712785692542e+00
4.872509061610796977e+01 -1.846957809054470490e+00 1.612472474108656906e+00
4.852247252496098895e+01 -1.852613056805449299e+00 1.620474027824357677e+00
4.832222222618089802e+01 -1.859069077247383461e+00 1.628430519330039461e+00
4.812392490826118774e+01 -1.866336315200283869e+00 1.636343089925887062e+00
4.792790868728733500e+01 -1.874440100128142550e+00 1.644212876591631067e+00
4.773375893903689615e+01 -1.883376075473899736e+00 1.652041011767330536e+00
4.754180397113849210e+01 -1.893147339839389209e+00 1.659821194788156484e+00
4.735162935508304116e+01 -1.903757018056235317e+00 1.667554548374250656e+00
4.716356359828043310e+01 -1.915208260599727819e+00 1.675205048322963908e+00
4.697793531097926945e+01 -1.927496814645408341e+00 1.682862947012521149e+00
4.679358753809277260e+01 -1.940633308519813305e+00 1.690462495895166617e+00
4.661084910109926938e+01 -1.954613537692856617e+00 1.697960225710273496e+00
4.643079176473636238e+01 -1.969411035814553568e+00 1.705386944747708577e+00
4.625225889853177819e+01 -1.985021644197273671e+00 1.712847738663959563e+00
4.607557965346619255e+01 -2.001411512738690668e+00 1.720150552790210785e+00
4.590108329336224813e+01 -2.018561669392128888e+00 1.727400459977417313e+00
4.572909919621970687e+01 -2.036460591179458213e+00 1.734628242913293317e+00
4.555847118539240626e+01 -2.055089346848205878e+00 1.741790393956198280e+00
4.539101454085404441e+01 -2.074414167873542159e+00 1.748843398475870226e+00
4.522557331999741592e+01 -2.094408732856034128e+00 1.755818018198471719e+00
4.506247736866674813e+01 -2.115046738513343350e+00 1.762670724048345239e+00
4.490131381684357592e+01 -2.136287042316743268e+00 1.769506546506464773e+00
4.474241274933621781e+01 -2.158103375224360132e+00 1.776207657952993957e+00
4.458610437127056514e+01 -2.180454627607807172e+00 1.782804790038869047e+00
4.443123333843272604e+01 -2.203314561976339458e+00 1.789328666543865465e+00
4.427887293266223878e+01 -2.226642098894702659e+00 1.795735719741038183e+00
4.412786805184834549e+01 -2.250396172998324396e+00 1.802056657272491424e+00
4.397929222010397154e+01 -2.274520875603518899e+00 1.808247895018898932e+00
4.383273341254542288e+01 -2.298967739065135074e+00 1.814340123982673081e+00
4.368777972512889818e+01 -2.323680879379297348e+00 1.820215459662269053e+00
4.354550504437356295e+01 -2.348611852183711157e+00 1.826053142952504205e+00
4.340475487179787706e+01 -2.373712223703948965e+00 1.831735272013359950e+00
4.326586049849909443e+01 -2.398918713346440246e+00 1.837218219674698227e+00
4.312915333445437227e+01 -2.424182906390114134e+00 1.842606916834338859e+00
4.299496490777514168e+01 -2.449441539873429718e+00 1.847857718346960887e+00
4.286139835879167492e+01 -2.474623930230278379e+00 1.852926969931246726e+00
4.273027111932685074e+01 -2.499674257624251439e+00 1.857845291577812086e+00
4.260042939646191229e+01 -2.524521851829287566e+00 1.862569010452799434e+00
4.247222893137714550e+01 -2.549136779386210083e+00 1.867128444672217835e+00
4.234612057747226288e+01 -2.573533182805433750e+00 1.871478486784529327e+00
4.222109337977379795e+01 -2.597743654869946628e+00 1.875722303623681197e+00
4.209836499900971063e+01 -2.621793363436795143e+00 1.879665918357873444e+00
4.197766753515919191e+01 -2.645692622363446489e+00 1.883486761936548293e+00
4.185947603115737081e+01 -2.669481460885816393e+00 1.887065121495578035e+00
4.174277996641269795e+01 -2.693177624443344076e+00 1.890504124805666875e+00
4.162879743049266779e+01 -2.716798859007203859e+00 1.893684039191501300e+00
4.151651811150853888e+01 -2.740370338709007925e+00 1.896633688981695043e+00
4.140790313980595272e+01 -2.763909808420154324e+00 1.899381888444584554e+00
4.130045673621634705e+01 -2.787427583033423417e+00 1.901957441732379239e+00
4.119614023084974264e+01 -2.810933975096987503e+00 1.904240575823789694e+00
4.109468654635992380e+01 -2.834454150801219097e+00 1.906334357987639505e+00
4.099582870150990743e+01 -2.857998415866974451e+00 1.908267561727581274e+00
4.089929980966911671e+01 -2.881577071538738100e+00 1.909846099735445168e+00
4.080483307731962128e+01 -2.905200413881077637e+00 1.911247291873311882e+00
4.071364747262686734e+01 -2.928878733079303132e+00 1.912425597119411957e+00
4.062547638387566451e+01 -2.952600027694016305e+00 1.913335464045397005e+00
4.053931045305102998e+01 -2.976374574072987222e+00 1.914005614292604074e+00
4.045636891451569994e+01 -3.000197783915758531e+00 1.914464759047350695e+00
4.037638541848493645e+01 -3.024065060295920926e+00 1.914667315520407254e+00
4.029835086467681293e+01 -3.047979225339477072e+00 1.914641973938185915e+00
4.022348474106156146e+01 -3.071935662859214489e+00 1.914417414030741504e+00
4.015077811238693073e+01 -3.095929746046996556e+00 1.913873738021686588e+00
4.008145062902860190e+01 -3.119941980122885372e+00 1.913113888140062002e+00
4.001449351556517797e+01 -3.143967715093746840e+00 1.912092229111793884e+00
3.995038374465116959e+01 -3.167994860068473528e+00 1.910911682178265680e+00
3.988885553071282430e+01 -3.192011310982976635e+00 1.909452307597089504e+00
3.982964316376269664e+01 -3.216004949984046402e+00 1.907742722172654615e+00
3.977248100820744270e+01 -3.239963644822706268e+00 1.905885815776485748e+00
3.971858917172099979e+01 -3.263875248257415596e+00 1.903687333862485342e+00
3.966695932895355980e+01 -3.287720169117184010e+00 1.901324429022120954e+00
3.961732606047508654e+01 -3.311478800075692508e+00 1.898751393002033216e+00
3.956942401659899389e+01 -3.335146373786443075e+00 1.895996790756695694e+00
3.952373075125655788e+01 -3.358710677277778167e+00 1.892940609988537082e+00
3.948072388581910985e+01 -3.382137194709470052e+00 1.889685678713150629e+00
3.943865260286418106e+01 -3.405428533643454880e+00 1.886260531307031085e+00
3.939873749018013172e+01 -3.428542712671643233e+00 1.882619408570353370e+00
3.935997069440637830e+01 -3.451452587710572395e+00 1.878790824799797088e+00
3.932283009495434811e+01 -3.474130994805783690e+00 1.874803284358890654e+00
3.928705079770528386e+01 -3.496550749649181888e+00 1.870610998253356971e+00
3.925311080380553364e+01 -3.518669790408481823e+00 1.866242451218901088e+00
3.922000250330611237e+01 -3.540468319021154553e+00 1.861726118306457067e+00
3.918746117891605962e+01 -3.561919087348985880e+00 1.857090464974741728e+00
3.915596500464327079e+01 -3.582979968396366566e+00 1.852363947187671167e+00
3.912524937434228889e+01 -3.603631097643136272e+00 1.847500728013987903e+00
3.909504973529224969e+01 -3.623852587588542118e+00 1.842529244739055105e+00
3.906510158670152322e+01 -3.643617099008875204e+00 1.837403641971233403e+00
3.903514047816180721e+01 -3.662897268928809957e+00 1.832226622265259453e+00
3.900564484307410851e+01 -3.681658281905451524e+00 1.826952312232486664e+00
3.897492290600284548e+01 -3.699885307575777826e+00 1.821604867497012892e+00
3.894448727346334493e+01 -3.717569245463853811e+00 1.816117168791549386e+00
3.891368033965795092e+01 -3.734683837756955782e+00 1.810640693128063416e+00
3.888333021066867445e+01 -3.751329083148405186e+00 1.804955491590469085e+00
3.885277936247508990e+01 -3.767344962324631119e+00 1.799213024500172509e+00
3.882285597911366892e+01 -3.782831422195735094e+00 1.793341893540327359e+00
3.879290261058075373e+01 -3.797814099860211901e+00 1.787344975913639056e+00
3.876300467585399900e+01 -3.812170038841263153e+00 1.781225140991087530e+00
3.873473329580961888e+01 -3.825999106350834289e+00 1.774985250466452502e+00
3.870668828091208269e+01 -3.839326859043783902e+00 1.768553875011461551e+00
3.867895513915375005e+01 -3.852030259292084313e+00 1.761933861441452365e+00
3.865236223877136013e+01 -3.864134808983923808e+00 1.755202332878883276e+00
3.862625230086893424e+01 -3.875740265822617214e+00 1.748287838412076356e+00
3.860071090214931644e+01 -3.886723509130189491e+00 1.741193203771511433e+00
3.857656647253353555e+01 -3.897184240688020829e+00 1.733921247998578608e+00
3.855316178767187552e+01 -3.907073567061946751e+00 1.726400500116571202e+00
3.853058247157646576e+01 -3.916342566456686658e+00 1.718782333316386746e+00
3.850891415912946769e+01 -3.925090855581995886e+00 1.710920980616664089e+00
3.848898532862117605e+01 -3.933195172012925234e+00 1.702967803063336838e+00
3.846939595914978582e+01 -3.940755075089100057e+00 1.694777021890896629e+00
3.845097453826039668e+01 -3.947721528297914340e+00 1.686425703222766304e+00
3.843380671933043402e+01 -3.954119749689036567e+00 1.677842340743123328e+00
3.841723531905587663e+01 -3.959900644787678115e+00 1.669178273395076406e+00
3.840283165504320806e+01 -3.965089373529026684e+00 1.660361984552550574e+00
3.838845286311360638e+01 -3.969711066696258950e+00 1.651321952715768315e+00
3.837492741004776775e+01 -3.973790825872143717e+00 1.642135218705200739e+00
3.836308375102807844e+01 -3.977205156396613983e+00 1.632804535343889807e+00
3.835152182213244743e+01 -3.980127668355332382e+00 1.623332651150514616e+00
3.834107004808466002e+01 -3.982434808544172977e+00 1.613648027028094400e+00
3.833181399979035575e+01 -3.984151561479646553e+00 1.603827686963244847e+00
3.832309639201482554e+01 -3.985302882400254099e+00 1.593874367710868212e+00
3.831425991612930915e+01 -3.985913697283748558e+00 1.583865085991681187e+00
3.830687574295730258e+01 -3.986008902875346482e+00 1.573654004675000717e+00
3.829954367542202931e+01 -3.985539083224420853e+00 1.563318133986693281e+00
3.829309199160077526e+01 -3.984529076739669495e+00 1.552860197692191635e+00
3.828686326753651770e+01 -3.983003692747827174e+00 1.542282916792003800e+00
3.828094288031249448e+01 -3.980913428063512782e+00 1.531663293217140787e+00
3.827541617108844463e+01 -3.978357317580137664e+00 1.520929759514377588e+00
3.826962560820357595e+01 -3.975285800354612320e+00 1.510159313048769159e+00
3.826365645542085758e+01 -3.971797853723260108e+00 1.499280382185864458e+00
3.825759393516430151e+01 -3.967843859409105889e+00 1.488369960493525879e+00
3.825152322684958506e+01 -3.963374170655570961e+00 1.477430756425811786e+00
3.824552946528454100e+01 -3.958561962874167506e+00 1.466465477016343222e+00
3.823821206908739612e+01 -3.953283249278745970e+00 1.455476828068593687e+00
3.823039891434951443e+01 -3.947636865566364950e+00 1.444467514345517456e+00
3.822217499314005096e+01 -3.941573052579904868e+00 1.433440239758521528e+00
3.821288241217756365e+01 -3.935190590504921371e+00 1.422471991058123830e+00
3.820260606161665606e+01 -3.928439665058307551e+00 1.411491187513834067e+00
3.819068794379762721e+01 -3.921344718206394298e+00 1.400574815110623872e+00
3.817721284215750899e+01 -3.914004448387425228e+00 1.389651292724493947e+00
3.816304359528045609e+01 -3.906359028795165056e+00 1.378793724399786313e+00
3.814695558116491725e+01 -3.898383163802787710e+00 1.367985403273517919e+00
3.812924506598691465e+01 -3.890115883551343412e+00 1.357280024514465833e+00
3.811020825799955247e+01 -3.881521908658487341e+00 1.346657000416644934e+00
3.809014130666020037e+01 -3.872491650500873295e+00 1.336021460579330800e+00
3.806859746677660183e+01 -3.863138345518413619e+00 1.325427102593319084e+00
3.804587276776892679e+01 -3.853426638007972027e+00 1.314927625213350382e+00
3.802226317789342858e+01 -3.843172580441317709e+00 1.304502445031658020e+00
3.799732176850068299e+01 -3.832563618312286202e+00 1.294130980155070887e+00
3.797134438339796247e+01 -3.821415755453058782e+00 1.283718366875626016e+00
3.794462680316468095e+01 -3.809842105909388987e+00 1.273392593852124666e+00
3.791597907446492144e+01 -3.797732909787092659e+00 1.263133084767586345e+00
3.788718251958125194e+01 -3.785126951139732299e+00 1.252844982000036023e+00
3.785704705561482797e+01 -3.771988707847186983e+00 1.242581997296577256e+00
3.782512536902461875e+01 -3.758282635514909042e+00 1.232323561430684666e+00
3.779319858510273633e+01 -3.744047451383659020e+00 1.222123391370164791e+00
3.776007642223336092e+01 -3.729247567741952096e+00 1.211886639930748411e+00
3.772531136645719130e+01 -3.713921659358348837e+00 1.201741313447717729e+00
3.769068434096523390e+01 -3.698034096913368263e+00 1.191518287415559874e+00
3.765426202534420952e+01 -3.681623514450657719e+00 1.181419858165559722e+00
3.761708237024715373e+01 -3.664579959324579139e+00 1.171351191496294630e+00
3.757944042171297383e+01 -3.647090593678772308e+00 1.161291740336973577e+00
3.754014548558352260e+01 -3.628971143395449239e+00 1.151220961393588205e+00
3.750023530206795641e+01 -3.610260166594845277e+00 1.141192598797774904e+00
3.746000470507804181e+01 -3.591070487117035359e+00 1.131186117245900569e+00
3.741826278663533856e+01 -3.571292061005632235e+00 1.121255269145788214e+00
3.737530423639954336e+01 -3.550963394520389116e+00 1.111305244248546487e+00
3.733142367104382231e+01 -3.530122977638283643e+00 1.101315520292933670e+00
3.728617279865263612e+01 -3.508735001062646131e+00 1.091488430144770483e+00
3.724058892321836112e+01 -3.486837923744736223e+00 1.081580610406290388e+00
3.719348076893826516e+01 -3.464470189902454145e+00 1.071794403575441423e+00
3.714588548978740334e+01 -3.441670229545580550e+00 1.062035023147563706e+00
3.709735449382055350e+01 -3.418476459004552659e+00 1.052281971251926462e+00
3.704743911265478573e+01 -3.394852997959912244e+00 1.042663322275597437e+00
3.699717627095915162e+01 -3.370838236981781311e+00 1.033084305469570641e+00
3.694537431078060052e+01 -3.346470554564044519e+00 1.023524439074678716e+00
3.689307000115764623e+01 -3.321788317662623946e+00 1.014111813937204509e+00
3.683981436247466945e+01 -3.296829882235003506e+00 1.004751676106711233e+00
3.678515833601032625e+01 -3.271559310277961430e+00 9.954978444560338424e-01
3.673013845350789097e+01 -3.246089220875627568e+00 9.862555767759173531e-01
3.667430549662019956e+01 -3.220383656729917998e+00 9.771529873892780271e-01
3.661721016653357452e+01 -3.194480935207926198e+00 9.680953462350873062e-01
3.655840308357215207e+01 -3.168493648880937208e+00 9.591364964768287482e-01
3.649966329191285297e+01 -3.142311532052100009e+00 9.503302875905100811e-01
3.643905557906209935e+01 -3.116121445809966417e+00 9.415820084497551479e-01
3.637835882582422897e+01 -3.089887394045101043e+00 9.328712379204201488e-01
3.631638049083810671e+01 -3.063647657991864115e+00 9.243261284472394923e-01
3.625267078551085831e+01 -3.037514796757625923e+00 9.159262721249749051e-01
3.618900834392603372e+01 -3.011452797341730214e+00 9.075769842790853970e-01
3.612345754255374430e+01 -2.985574209168816662e+00 8.993321540483691923e-01
3.605778358810745488e+01 -2.959829384000232100e+00 8.912453730186203904e-01
3.599072721526685115e+01 -2.934337014167035740e+00 8.832947384887653852e-01
3.592250148398164811e+01 -2.908979311864211770e+00 8.754580503399197466e-01
3.585331937192016483e+01 -2.883712770268676451e+00 8.677131155318941191e-01
3.578339377467190729e+01 -2.858568164044775095e+00 8.601863151682039854e-01
3.571219467098856626e+01 -2.833501982840866074e+00 8.527069035379911677e-01
3.563919195813900131e+01 -2.808544998791858038e+00 8.454012761899037942e-01
3.556534112235419798e+01 -2.783579416505334247e+00 8.382472689679184574e-01
3.549011189918751796e+01 -2.758636007561055425e+00 8.312227250640761289e-01
3.541371677911548943e+01 -2.733671260489013211e+00 8.243797785656342691e-01
3.533562533807864980e+01 -2.708641664753441258e+00 8.176220039891584079e-01
3.525604990818690254e+01 -2.683577994732876171e+00 8.110015503289974559e-01
3.517445990838952952e+01 -2.658436743188854479e+00 8.044962905851805735e-01
3.509181035033240192e+01 -2.633248688740752019e+00 7.981583888006932304e-01
3.500757049910224339e+01 -2.607970329326883441e+00 7.919657330856632038e-01
3.492120954418076195e+01 -2.582632449671960817e+00 7.859705026484002932e-01
3.483442510548195514e+01 -2.557265838243502287e+00 7.800763173108363757e-01
3.474520055417060860e+01 -2.531827004204781684e+00 7.743353715383101132e-01
3.465523336398437237e+01 -2.506346744871922105e+00 7.687998674512275255e-01
3.456324959713233369e+01 -2.480855862660313438e+00 7.633734478335558737e-01
3.447020375064203535e+01 -2.455236598525310843e+00 7.581826136556725215e-01
3.437630741747697982e+01 -2.429594049917504606e+00 7.530864529650401762e-01
3.428028645277226616e+01 -2.403959037212455740e+00 7.481891970574623407e-01
3.418309515025924838e+01 -2.378213820645163956e+00 7.434539462648965813e-01
3.408494490350143735e+01 -2.352389234754205027e+00 7.388735220088515909e-01
3.398456137223865881e+01 -2.326590405310682286e+00 7.344556100943027133e-01
3.388289865891028541e+01 -2.300699615736995440e+00 7.301930472999442756e-01
3.378016796997958693e+01 -2.274747725045463298e+00 7.260861064169467083e-01
3.367583761738060844e+01 -2.248765601256854207e+00 7.221276395332780762e-01
3.357011869003431315e+01 -2.222784121821190340e+00 7.183253630660448863e-01
3.346396505533014221e+01 -2.196759890533486193e+00 7.146795726891150835e-01
3.335610202052011175e+01 -2.170798088456681096e+00 7.111757149580195669e-01
3.324674050934696368e+01 -2.144855340324281823e+00 7.078289573833853598e-01
3.313683422852773930e+01 -2.118962565457593428e+00 7.046321899479023321e-01
3.302585116419079725e+01 -2.093076411167438255e+00 7.015857384728144686e-01
3.291400208846246755e+01 -2.067302103665108692e+00 6.986750795294597305e-01
3.280075489092529750e+01 -2.041522030950016831e+00 6.958931254491085294e-01
3.268706308519654158e+01 -2.015915727723718298e+00 6.932476526291048158e-01
3.257239447032331725e+01 -1.990365607762596190e+00 6.907241597343322104e-01
3.245695963734252842e+01 -1.964976948824018077e+00 6.883230093980100550e-01
3.234022630070396076e+01 -1.939706475518102824e+00 6.860297147670996187e-01
3.222314780480429164e+01 -1.914585210194793108e+00 6.838446528465803587e-01
3.210593462035531331e+01 -1.889644189816013453e+00 6.817682077391179485e-01
3.198805434581091944e+01 -1.864914466324893549e+00 6.797933422319166752e-01
3.187046021385069494e+01 -1.840427107009346308e+00 6.779130260810146691e-01
3.175261975266974090e+01 -1.816138911357007224e+00 6.761202359423160724e-01
3.163400045739942357e+01 -1.792229545416231806e+00 6.744079552996444793e-01
3.151629829653318637e+01 -1.768655841125096106e+00 6.727840310903577814e-01
3.139898070310723099e+01 -1.745448930658170417e+00 6.712266035260647801e-01
3.128225791611175666e+01 -1.722565679750455381e+00 6.697361044637258898e-01
3.116555670454097893e+01 -1.700106447461211756e+00 6.682935169462247416e-01
3.104962705216694019e+01 -1.678002679282817766e+00 6.669060060439261362e-01
3.093369264026740240e+01 -1.656255031144588274e+00 6.655910012390150454e-01
3.081771996112886214e+01 -1.634938460770710922e+00 6.643436532074522560e-01
3.070167548424226212e+01 -1.613905093953858394e+00 6.631739754761062366e-01
3.058626849253287006e+01 -1.593304209345867806e+00 6.620845592753571429e-01
3.046997974345226368e+01 -1.572987970700217897e+00 6.610928584907589389e-01
3.035426131533273875e+01 -1.553105695143292442e+00 6.601940478103144327e-01
3.023759392835600934e+01 -1.533583868896591929e+00 6.593907360216867408e-01
3.012142962591322615e+01 -1.514348998012071679e+00 6.587003942564211290e-01
3.000424909555815489e+01 -1.495550459095223772e+00 6.581182141305084166e-01
2.988750435035467845e+01 -1.477040514990594522e+00 6.576542493853503313e-01
2.976967604982142745e+01 -1.458968582992013596e+00 6.573037023744732199e-01
2.965147334624965936e+01 -1.441261250502197999e+00 6.570840657005605490e-01
2.953360538077193453e+01 -1.423845125704087611e+00 6.569831236476462166e-01
2.941455277943292046e+01 -1.406869688218666425e+00 6.570109505150324436e-01
2.929502466448952447e+01 -1.390187304724192829e+00 6.571701970967837036e-01
2.917573015049210028e+01 -1.373947497099104131e+00 6.574560905606191552e-01
2.905514984037318627e+01 -1.358002674511179064e+00 6.578712910257972224e-01
2.893473567179580641e+01 -1.342428118030253748e+00 6.584258914390633821e-01
2.881371107316245173e+01 -1.327224846699639027e+00 6.591077040482725691e-01
2.869129946988633151e+01 -1.312393901106159833e+00 6.599194020269734118e-01
2.856895279067630611e+01 -1.297936343433987227e+00 6.608562342958395064e-01
2.844589445861103627e+01 -1.283778974002327766e+00 6.619283104444995125e-01
2.832283356750395953e+01 -1.269997181799625841e+00 6.631308872005976518e-01
2.819825070803447886e+01 -1.256517810487027598e+00 6.644517966491881866e-01
2.807359781419622990e+01 -1.243416292408763946e+00 6.659011595020166707e-01
2.794809831941219613e+01 -1.230693798072274747e+00 6.674668148635252152e-01
2.782246133296785473e+01 -1.218277236123350926e+00 6.691588901991771809e-01
2.769665313626141767e+01 -1.206242103816609568e+00 6.709578027498900310e-01
2.757064001917180818e+01 -1.194515352956706078e+00 6.728736861996781338e-01
2.744438828141829845e+01 -1.183172523848110780e+00 6.749018204393181231e-01
2.731786423393643304e+01 -1.172214894716432365e+00 6.770300597813474486e-01
2.719103420027014550e+01 -1.161569481626624656e+00 6.792685462254721696e-01
2.706535018802752646e+01 -1.151311888898633118e+00 6.815902825206974214e-01
2.693855004512591478e+01 -1.141369174995857216e+00 6.840054155317292217e-01
2.681208581147345527e+01 -1.131742702921962218e+00 6.865018093007412281e-01
2.668666671026154447e+01 -1.122433856599013513e+00 6.890673299617620096e-01
2.656077347936573219e+01 -1.113444040739882013e+00 6.917047023047919740e-01
2.643511538295430441e+01 -1.104774680712991675e+00 6.944017962384118059e-01
2.630965887285077542e+01 -1.096352938897327212e+00 6.971539117042097056e-01
2.618437042502507950e+01 -1.088254565040730926e+00 6.999489218400554158e-01
2.605995937608505031e+01 -1.080481045596951351e+00 7.027747011942911959e-01
2.593639225469077658e+01 -1.072885320061913728e+00 7.056265539401099796e-01
2.581289278301504453e+01 -1.065617481822136003e+00 7.084997853896801701e-01
2.569091321829654717e+01 -1.058604793465785177e+00 7.113748451583038479e-01
2.556967734413390048e+01 -1.051804250515195438e+00 7.142470404303924436e-01
2.544915181201735521e+01 -1.045247151348323911e+00 7.171116791243034028e-01
2.533004614274561916e+01 -1.038905386710437861e+00 7.199417847073340537e-01
2.521158422275022204e+01 -1.032758294679134492e+00 7.227400945136315258e-01
2.509444741003141033e+01 -1.026798646127645709e+00 7.254974686436203024e-01
2.497846132381043205e+01 -1.021043173142291538e+00 7.282018272339917386e-01
2.486342338751357062e+01 -1.015507183515516942e+00 7.308737830240199518e-01
2.474913106561691478e+01 -1.010220859944752636e+00 7.335190919880248961e-01
2.463612469994228604e+01 -1.005192118080658670e+00 7.361360815544558678e-01
2.452345900582004390e+01 -1.000428891375202856e+00 7.387230788256257119e-01
2.441241724841576044e+01 -9.959614159276639622e-01 7.413006954985933428e-01
2.430131139871920709e+01 -9.917976601763726086e-01 7.438598292842638626e-01
2.419216764989253932e+01 -9.879604664411647530e-01 7.464062338804550167e-01
2.408329806810179363e+01 -9.844504089612643449e-01 7.489456621437434736e-01
2.397598610877874137e+01 -9.812903637838125137e-01 7.514838659626079664e-01
2.386928677243672681e+01 -9.784957951476426219e-01 7.540191677811565185e-01
2.376374078073911278e+01 -9.760524702149424581e-01 7.565573171744810477e-01
2.365840323729387151e+01 -9.739907423536161568e-01 7.590966340239264643e-01
2.355455780362210305e+01 -9.722964107114195897e-01 7.616354367440540951e-01
2.345125968980119779e+01 -9.709850034926001960e-01 7.641794705105984242e-01
2.334904983032996029e+01 -9.700572076273478173e-01 7.667344787889615043e-01
2.324698354471600936e+01 -9.695285819402332805e-01 7.692913465135148288e-01
2.314634471323460474e+01 -9.693924151626180929e-01 7.718558133695417878e-01
2.304544593233380922e+01 -9.696420107429921664e-01 7.744261886245766835e-01
2.294631403038529172e+01 -9.702855433026404963e-01 7.770082077122109077e-01
2.284726171790640947e+01 -9.713163449850995557e-01 7.795927470659138603e-01
2.274883026817875731e+01 -9.727351902523136973e-01 7.821929657561436100e-01
2.265230384756284465e+01 -9.745428672743959853e-01 7.847923069258329054e-01
2.255525250566048712e+01 -9.767327493137162309e-01 7.873964961307798882e-01
2.245970336085042618e+01 -9.792982228034555758e-01 7.900112561789964793e-01
2.236471225024746801e+01 -9.822401154198497908e-01 7.926274503218265766e-01
2.227082074001202372e+01 -9.855444107468482873e-01 7.952433671978800245e-01
2.217782762038591571e+01 -9.891971046851310012e-01 7.978572923775971715e-01
2.208478890575599607e+01 -9.932064902042797572e-01 8.004675082597314528e-01
2.199298917477202409e+01 -9.975585869353769120e-01 8.030722939695836837e-01
2.190148456017049483e+01 -1.002246854258577180e+00 8.056773536092579624e-01
2.181081692383095927e+01 -1.007242477581027584e+00 8.082661027585223978e-01
2.172078535159232970e+01 -1.012538938109497799e+00 8.108516668303189512e-01
2.163193182315535879e+01 -1.018122299112648843e+00 8.134174541744784159e-01
2.154405554184884153e+01 -1.023963777226157612e+00 8.159617260869432842e-01
2.145621293441143251e+01 -1.030049455501197864e+00 8.184901683692925589e-01
2.136968899084137874e+01 -1.036357997993319957e+00 8.210010345401421716e-01
2.128428308899132659e+01 -1.042875506094846250e+00 8.234777173989455967e-01
2.119979466431002635e+01 -1.049580661458647146e+00 8.259333190437633254e-01
2.111602320950898815e+01 -1.056444725615013569e+00 8.283512239877822703e-01
2.103351110923066969e+01 -1.063438967931590096e+00 8.307370975318831841e-01
2.095131513459569916e+01 -1.070549521916674074e+00 8.330743155863116201e-01
2.087072061793108091e+01 -1.077742471569264504e+00 8.353759630479692389e-01
2.079078444220698785e+01 -1.085000249885340606e+00 8.376254069263829871e-01
2.071130638070906471e+01 -1.092294896381230007e+00 8.398134380253697850e-01
2.063282909659810116e+01 -1.099596227857865038e+00 8.419531275764426947e-01
2.055515247240932197e+01 -1.106871095139933869e+00 8.440278287224738385e-01
2.047881927964322912e+01 -1.114087096820921552e+00 8.460357465571488600e-01
2.040288667322494831e+01 -1.121212578829353212e+00 8.479750813649823415e-01
2.032790265009420949e+01 -1.128224947547776136e+00 8.498372099687665493e-01
2.025369290053943416e+01 -1.135140067051094714e+00 8.516233716396118814e-01
2.018083112088876163e+01 -1.141982860987925008e+00 8.533279820808757909e-01
2.010840538899805452e+01 -1.148772313067412565e+00 8.549528803249523135e-01
2.003773233890051841e+01 -1.155524512240313051e+00 8.565073286867850300e-01
1.996715731515857684e+01 -1.162255697880386629e+00 8.579708709687494661e-01
1.989799705259363449e+01 -1.168982630760732722e+00 8.593601875716516680e-01
1.983008266567000177e+01 -1.175721701212360415e+00 8.606696686540878938e-01
1.976250248305811397e+01 -1.182489671522279018e+00 8.619011274974063275e-01
1.969657338727862594e+01 -1.189301372711187854e+00 8.630415154215043128e-01
1.963138380410154937e+01 -1.196169629820140745e+00 8.641000635052114021e-01
1.956750787722663532e+01 -1.203103032980218812e+00 8.650785691569633507e-01
1.950477696277002693e+01 -1.210113885327316785e+00 8.659713960890252915e-01
1.944302246385684185e+01 -1.217211517072814830e+00 8.667729026444838114e-01
1.938207583019458369e+01 -1.224406742106153745e+00 8.674848701267161566e-01
1.932251139267774320e+01 -1.231710371924297220e+00 8.681090744308272988e-01
1.926416069292213606e+01 -1.239129501063754635e+00 8.686398576775363756e-01
1.920685531787932021e+01 -1.246664535375781035e+00 8.690864132504461104e-01
1.915042689942976040e+01 -1.254311420155342027e+00 8.694356440336953318e-01
1.909544994900464943e+01 -1.262067582454218906e+00 8.697041608549594960e-01
1.904101335210965118e+01 -1.269930445053248924e+00 8.698788556769971869e-01
1.898843454305012202e+01 -1.277895197609211664e+00 8.699763283954846660e-01
1.893680249438173746e+01 -1.285960738996950292e+00 8.699834600350692115e-01
1.888669189163472950e+01 -1.294122248631177197e+00 8.699094112014057467e-01
1.883793462783600603e+01 -1.302377871664040843e+00 8.697484803323441982e-01
1.879036263812777463e+01 -1.310723518832681123e+00 8.695023887532616902e-01
1.874380789935575109e+01 -1.319156580337479623e+00 8.691802806837636286e-01
1.869810242965114355e+01 -1.327673697050493873e+00 8.687690098454352583e-01
1.865382112302931006e+01 -1.336272245909317702e+00 8.682777095741610607e-01
1.861079607890378895e+01 -1.344948111145963132e+00 8.677006510816890339e-01
1.856811660163930355e+01 -1.353697392551346690e+00 8.670395285212012526e-01
1.852710054019182806e+01 -1.362508828311688402e+00 8.662960306538262101e-01
1.848683727748437278e+01 -1.371370034585793984e+00 8.654792692175956592e-01
1.844790190504183158e+01 -1.380268396679263487e+00 8.645834938973182560e-01
1.840938388238325985e+01 -1.389191811660384523e+00 8.636103773978359710e-01
1.837185837659516352e+01 -1.398126608211232247e+00 8.625690154684141353e-01
1.833590059173471332e+01 -1.407061409166800781e+00 8.614536418782294813e-01
1.829985726318539108e+01 -1.415983862845235031e+00 8.602733418454598935e-01
1.826504650224033455e+01 -1.424879380039466570e+00 8.590223386661921534e-01
1.823130078533534970e+01 -1.433734105174785389e+00 8.577171354974171269e-01
1.819770978843207843e+01 -1.442536401802120061e+00 8.563370885885597250e-01
1.816484889142378734e+01 -1.451270166911208692e+00 8.549061191695871420e-01
1.813255067236394424e+01 -1.459923001948911336e+00 8.534110016354018446e-01
1.809990490674115549e+01 -1.468481755646115383e+00 8.518607903867876363e-01
1.806822990682471897e+01 -1.476930295353216849e+00 8.502571064701366366e-01
1.803735834575516961e+01 -1.485247278378520885e+00 8.486015659702369485e-01
1.800638009175494503e+01 -1.493412837349328726e+00 8.469032084048317977e-01
1.797512787733255024e+01 -1.501395951864243905e+00 8.451636400702392526e-01
1.794417729840666453e+01 -1.509185647413323617e+00 8.433918907897560713e-01
1.791336114334862373e+01 -1.516752367806787127e+00 8.415895572628665500e-01
1.788253904461425137e+01 -1.524086094921315526e+00 8.397638722093671015e-01
1.785167793040885087e+01 -1.531173283758429537e+00 8.379074848985573754e-01
1.782077157105454646e+01 -1.538034783787515458e+00 8.360186807284583077e-01
1.779055659544208723e+01 -1.544669148024148120e+00 8.340883121900891650e-01
1.776028398489843951e+01 -1.551082346280053370e+00 8.321146556266787453e-01
1.772994757717637881e+01 -1.557295193361309726e+00 8.300959829439134019e-01
1.770028406534231280e+01 -1.563306207163901229e+00 8.280157049717408180e-01
1.767054449156311335e+01 -1.569121321920296852e+00 8.258720849294549637e-01
1.764146558604355519e+01 -1.574746459693527223e+00 8.236633817910692379e-01
1.761304126076575471e+01 -1.580187530220282577e+00 8.213878503529484787e-01
1.758452260828257252e+01 -1.585443002402640467e+00 8.190437413032117808e-01
1.755664640556572564e+01 -1.590518760849577884e+00 8.166293012928630413e-01
1.752940660768667414e+01 -1.595405820666479846e+00 8.141279163081436288e-01
1.750279718158161657e+01 -1.600117469046158813e+00 8.115601101968495934e-01
1.747606926975258901e+01 -1.604652123357240834e+00 8.089092612420387685e-01
1.745070252908194419e+01 -1.609000759334273223e+00 8.061736006916658814e-01
1.742594811938795019e+01 -1.613176624319277108e+00 8.033587844877976281e-01
1.740180004222278853e+01 -1.617170667001943674e+00 8.004630366471519043e-01
1.737750946951643627e+01 -1.620988679014297329e+00 7.974845776939331055e-01
1.735455608236816616e+01 -1.624636438075865996e+00 7.944290530941248152e-01
1.733219105958835371e+01 -1.628112279491989112e+00 7.912872482902331139e-01
1.731040841649308959e+01 -1.631407096005919266e+00 7.880648021891497601e-01
1.728994500360411024e+01 -1.634534051056104831e+00 7.847673505498478086e-01
1.726930916525661175e+01 -1.637484008535883717e+00 7.813856693723222335e-01
1.724998058349206431e+01 -1.640270102761779869e+00 7.779179600389910521e-01
1.723046759658921090e+01 -1.642883168245129033e+00 7.743772777567239363e-01
1.721224987800984962e+01 -1.645328881323511405e+00 7.707469615481739034e-01
1.719457858998728739e+01 -1.647612903348209201e+00 7.670400611475939323e-01
1.717670488738458090e+01 -1.649726023880172532e+00 7.632547669940633606e-01
1.716010842157486849e+01 -1.651673873996666098e+00 7.593892670275425028e-01
1.714404032912068843e+01 -1.653454641156070215e+00 7.554491751354324158e-01
1.712849457072952220e+01 -1.655073925824454451e+00 7.514401028992760967e-01
1.711272226008726705e+01 -1.656529884712334422e+00 7.473602313420721899e-01
1.709820300287167072e+01 -1.657820659073912184e+00 7.432300244273177814e-01
1.708344505052187046e+01 -1.658944374668376520e+00 7.390402307057076792e-01
1.706992797941598283e+01 -1.659899141734004990e+00 7.348113102159230525e-01
1.705616000968294799e+01 -1.660697911675979244e+00 7.305340077816553368e-01
1.704287784942441419e+01 -1.661331335316102775e+00 7.262287799127719046e-01
1.702933251867323960e+01 -1.661804904658946036e+00 7.218789397523298623e-01
1.701700352363880597e+01 -1.662131524570705121e+00 7.175123690285528655e-01
1.700365617566533416e+01 -1.662301799421721293e+00 7.131123779509830340e-01
1.699076994067815605e+01 -1.662328603245993630e+00 7.086919888119589395e-01
1.697833859324339301e+01 -1.662202509712287890e+00 7.042642226843505160e-01
1.696561305086630611e+01 -1.661943790663023446e+00 6.998198144692181488e-01
1.695258704335277855e+01 -1.661542989413849147e+00 6.953643547451089368e-01
1.693925427713391940e+01 -1.661020347671492869e+00 6.909182898656188732e-01
1.692560843465323117e+01 -1.660366378861615200e+00 6.864872086554699715e-01
1.691164317379051241e+01 -1.659586438373862993e+00 6.820692708572499985e-01
1.689735212732202640e+01 -1.658700723718711689e+00 6.776774922780377519e-01
1.688272890241542967e+01 -1.657699704595636092e+00 6.733174598338458328e-01
1.686778867203528165e+01 -1.656592958849902431e+00 6.689999729805959916e-01
1.685189011510969337e+01 -1.655369971234491810e+00 6.647121126650288314e-01
1.683515631054250861e+01 -1.654017049995784916e+00 6.604536009107049299e-01
1.681845314495811650e+01 -1.652535346465994426e+00 6.562241595736428845e-01
1.680041797225114664e+01 -1.650903713536498119e+00 6.520012253828580961e-01
1.678265945843666884e+01 -1.649123275992665949e+00 6.477919484825137575e-01
1.676455773617436407e+01 -1.647172860653594695e+00 6.435886224199712791e-01
1.674623574458991726e+01 -1.645053566721859983e+00 6.393835409349422072e-01
1.672707355896578107e+01 -1.642751624286623802e+00 6.351764263974910563e-01
1.670793689557508443e+01 -1.640260679633931407e+00 6.309670015446602331e-01
1.668894860638097200e+01 -1.637574367160230304e+00 6.267475612161894638e-01
1.666948867882423002e+01 -1.634693737989685980e+00 6.225326858406017294e-01
1.664893707064715045e+01 -1.631604975192830320e+00 6.183220997681621034e-01
1.662890221477665520e+01 -1.628301679108106637e+00 6.141006713542241924e-01
1.660876400898902361e+01 -1.624777439262875989e+00 6.098829831432182047e-01
1.658864515582952848e+01 -1.621070404745751814e+00 6.056539051483158520e-01
1.656792549238505075e+01 -1.617085004070112797e+00 6.014280217342623525e-01
1.654672766015717045e+01 -1.612889079451480301e+00 5.971902048954256248e-01
1.652591710488456300e+01 -1.608439038112681629e+00 5.929476127868030799e-01
1.650487357128732668e+01 -1.603839844803343295e+00 5.886999764015292680e-01
1.648371960795722657e+01 -1.598973604543738158e+00 5.844321712983956418e-01
1.646257773214168552e+01 -1.593870980388603975e+00 5.801513594301402899e-01
1.644157042954578429e+01 -1.588562626667914257e+00 5.758647041690405644e-01
1.642007731910077695e+01 -1.583004905724025857e+00 5.715570853318202582e-01
1.639822082279799176e+01 -1.577228455149829234e+00 5.672505260566217400e-01
1.637686616546259444e+01 -1.571263904512573362e+00 5.629373377250759258e-01
1.635465003441645493e+01 -1.565067592070525704e+00 5.586098334369586915e-01
1.633243758937933165e+01 -1.558670131989839058e+00 5.542900414841906986e-01
1.631035112210872384e+01 -1.552102131046526168e+00 5.499628502709431599e-01
1.628851289115251433e+01 -1.545319905320957865e+00 5.456354351873269337e-01
1.626630228654053667e+01 -1.538279763890034291e+00 5.413001169291711268e-01
1.624384149953944956e+01 -1.531086576014603962e+00 5.369715033196192921e-01
1.622050985229706299e+01 -1.523770920807404394e+00 5.326419192772713362e-01
1.619791513762661950e+01 -1.516214803899307961e+00 5.283111202861185962e-01
1.617469377350717608e+01 -1.508523075114275747e+00 5.239788641134588421e-01
1.615171064792576772e+01 -1.500652011113455364e+00 5.196523392275395059e-01
1.612834494341335301e+01 -1.492706449556484349e+00 5.153387365138772935e-01
1.610471864177547729e+01 -1.484568371735548231e+00 5.110229642901967795e-01
1.608095368871943265e+01 -1.476342603732883063e+00 5.067345035234651629e-01
1.605717199350502256e+01 -1.467985399047403217e+00 5.024582676907053402e-01
1.603275259357047133e+01 -1.459601572741213715e+00 4.982088863442679094e-01
1.600856015926090947e+01 -1.451147367564314949e+00 4.939861350720227695e-01
1.598397365338637321e+01 -1.442579021093282288e+00 4.898046489588847585e-01
1.595911483596202274e+01 -1.434075616372340489e+00 4.856567808948656917e-01
1.593410542885736092e+01 -1.425444814027623019e+00 4.815423150340655822e-01
1.590832428045753844e+01 -1.416865687428067400e+00 4.774758952015495939e-01
1.588263587043879888e+01 -1.408294454803769691e+00 4.734498831972568933e-01
1.585641896938582462e+01 -1.399835896900213372e+00 4.694715006008813862e-01
1.583053797862845258e+01 -1.391371939611712127e+00 4.655405437731385265e-01
1.580362875487536023e+01 -1.382933071644921741e+00 4.616642406065881721e-01
1.577655552005466788e+01 -1.374691690271850453e+00 4.578342382212286510e-01
1.574943922074690938e+01 -1.366422153764338177e+00 4.540689912060879574e-01
1.572091499327618713e+01 -1.358337863303919812e+00 4.503490884183461440e-01
1.569333210884824226e+01 -1.350206515534513763e+00 4.466848354805588173e-01
1.566458278817996153e+01 -1.342167221277408728e+00 4.430791130701048353e-01
1.563553055168956440e+01 -1.334136237707898909e+00 4.395199486074834461e-01
1.560629604434973494e+01 -1.326104102571555199e+00 4.360176580439206750e-01
1.557625703570521125e+01 -1.318061350898013462e+00 4.325677041442143045e-01
1.554553408998133968e+01 -1.309998515227563942e+00 4.291655532190122857e-01
1.551499056618547101e+01 -1.301980409350802059e+00 4.258215318547456940e-01
1.548400411317677872e+01 -1.293923278048915160e+00 4.225236851894087486e-01
1.545195233990600769e+01 -1.285743364357185392e+00 4.192823470386756735e-01
1.541969848570068891e+01 -1.277579760341591486e+00 4.160855698165538130e-01
1.538736291547150081e+01 -1.269422989865921947e+00 4.129511230068443339e-01
1.535432312003975852e+01 -1.261115008881558808e+00 4.098596380281250839e-01
1.532069938656159636e+01 -1.252794906742162429e+00 4.068214634007609187e-01
1.528661196392332933e+01 -1.244378921995243692e+00 4.038395230079812048e-01
1.525218106320738620e+01 -1.235857576710109429e+00 4.009018877555062810e-01
1.521678402317872347e+01 -1.227295676804070146e+00 3.980114889800210887e-01
1.518128381591507647e+01 -1.218683745371140992e+00 3.951712617537945782e-01
1.514505770730547773e+01 -1.209938023022503861e+00 3.923767165372277765e-01
1.510822576276501472e+01 -1.201123318740285439e+00 3.896382242301276166e-01
1.507165084791492049e+01 -1.192230159721259453e+00 3.869438744188100077e-01
1.503396728920024117e+01 -1.183249075234434233e+00 3.843040454738028688e-01
1.499603788479377187e+01 -1.174244880481465581e+00 3.817142627927688769e-01
1.495723973025841325e+01 -1.165133826448764953e+00 3.791849121937193035e-01
1.491843555946579336e+01 -1.155906450775180838e+00 3.767040981541109890e-01
1.487900240534334095e+01 -1.146701861614019657e+00 3.742896422511917676e-01
1.483980294084698315e+01 -1.137436320478198093e+00 3.719222279966648559e-01
1.479947130473166261e+01 -1.128100376604831867e+00 3.696196843245716512e-01
1.475887011261647253e+01 -1.118758867305494675e+00 3.673627020727301962e-01
1.471811911781612636e+01 -1.109328067803414752e+00 3.651616891175947788e-01
1.467733804731097891e+01 -1.099872825581411417e+00 3.630047719039197762e-01
1.463590376767672652e+01 -1.090383710204378076e+00 3.609023655265720665e-01
1.459393595609583549e+01 -1.080851297142634060e+00 3.588500319586273024e-01
1.455155426629711712e+01 -1.071340451585059750e+00 3.568359083801008746e-01
1.450962116454550888e+01 -1.061841761733427036e+00 3.548778489069530084e-01
1.446677059050310099e+01 -1.052271539089420394e+00 3.529565694159318978e-01
1.442386496833399079e+01 -1.042768952738436283e+00 3.510825026734135657e-01
1.438102386754911244e+01 -1.033324612096786055e+00 3.492586565602964210e-01
1.433762400393825942e+01 -1.023854850659036808e+00 3.474731856975784572e-01
1.429452774556168215e+01 -1.014424576734772376e+00 3.457291048229153008e-01
1.425111177354787806e+01 -1.005098706656773588e+00 3.440294320655407634e-01
1.420749558804548940e+01 -9.958678814750202557e-01 3.423623322210608833e-01
1.416379867405165349e+01 -9.866484671362086845e-01 3.407382584779837242e-01
1.412088333726454614e+01 -9.775796886560119692e-01 3.391379539412638922e-01
1.407738336478326424e+01 -9.685779292488920778e-01 3.375718784096384262e-01
1.403416103602822140e+01 -9.597081479679400173e-01 3.360282098993184752e-01
1.399059294835562994e+01 -9.509610293073211817e-01 3.345099863707668986e-01
1.394754135786447513e+01 -9.424015503000033878e-01 3.330202490038465801e-01
1.390510924075224963e+01 -9.339422530248217003e-01 3.315482206708108004e-01
1.386259099122472449e+01 -9.257030309945691871e-01 3.300946965561041835e-01
1.382000739488161578e+01 -9.175770593680517839e-01 3.286763668892763723e-01
1.377737922850600860e+01 -9.096803730542750710e-01 3.272876399718887552e-01
1.373547009562600785e+01 -9.018318822083000175e-01 3.259303555543708319e-01
1.369281508691746296e+01 -8.941476402507783083e-01 3.246212131620120900e-01
1.365092062584841237e+01 -8.866694263420881184e-01 3.233472019690152299e-01
1.360832178891632083e+01 -8.792904618545765993e-01 3.221250275757869264e-01
1.356652498625426162e+01 -8.720525443464561821e-01 3.209416851818451821e-01
1.352406528180767786e+01 -8.648489135060031252e-01 3.198064580120024702e-01
1.348170623885829045e+01 -8.578699521122230554e-01 3.187137755389669036e-01
1.343872574522233698e+01 -8.509346344507331406e-01 3.176803552077182569e-01
1.339588735365028072e+01 -8.441590777686326375e-01 3.166932039560497181e-01
1.335246894200543721e+01 -8.374365576846317660e-01 3.157541882873901584e-01
1.330923405362392664e+01 -8.308832091282594146e-01 3.148726058907651004e-01
1.326620339248405323e+01 -8.243923252469784746e-01 3.140503289092649863e-01
1.322191198841280979e+01 -8.180057748399873763e-01 3.132743755573790811e-01
1.317786620745721038e+01 -8.116911517724975100e-01 3.125614801885545080e-01
1.313408674194941206e+01 -8.055646254067544421e-01 3.119060948078453133e-01
1.308910861071779053e+01 -7.994452395134945544e-01 3.113101024355222068e-01
1.304443816944787926e+01 -7.934491802225539514e-01 3.107753887175022101e-01
1.299935326572109595e+01 -7.875440749436432020e-01 3.102964135337409335e-01
1.295461741435973302e+01 -7.817718428159143862e-01 3.098750676552075034e-01
1.290876562253087378e+01 -7.761001276521954928e-01 3.095206726980911371e-01
1.286330423516301202e+01 -7.704965813988091661e-01 3.092128393244015783e-01
1.281751109002787636e+01 -7.650031476041910805e-01 3.089683223436063830e-01
1.277066402309061033e+01 -7.595874943895219999e-01 3.087815938575055874e-01
1.272426937388106793e+01 -7.542618680383710306e-01 3.086471282552692430e-01
1.267760497566357358e+01 -7.490385228913192250e-01 3.085668305053537730e-01
1.263143433090798595e+01 -7.439148646523581210e-01 3.085426077442575687e-01
1.258429243653876028e+01 -7.388808787570265713e-01 3.085615125123670754e-01
1.253694279448941451e+01 -7.339339871017971362e-01 3.086328844388844250e-01
1.248940607203867614e+01 -7.290790480839728360e-01 3.087512084216217922e-01
1.244170293730507737e+01 -7.243060716015777833e-01 3.089183996061938275e-01
1.239459689477604343e+01 -7.196199325154634119e-01 3.091215182611770640e-01
1.234662294574715879e+01 -7.150180856696670695e-01 3.093624831025464372e-01
1.229854459904744068e+01 -7.105128510227202154e-01 3.096432145142628545e-01
1.225112536657559303e+01 -7.061017003359377764e-01 3.099582061168453806e-01
1.220364309389726998e+01 -7.017821139711741818e-01 3.103093813845873017e-01
1.215537563097785956e+01 -6.975515809950967316e-01 3.106838085095442459e-01
1.210782933797514538e+01 -6.934224559900186158e-01 3.110834137154758205e-01
1.206102491086545747e+01 -6.893922457681195270e-01 3.115101244686624971e-01
1.201349738222739028e+01 -6.854510378406847293e-01 3.119510126873054623e-01
1.196675313220589842e+01 -6.815963572400646209e-01 3.124080080512141033e-01
1.192007004417988902e+01 -6.778331666422916513e-01 3.128756128587464880e-01
1.187421168075623434e+01 -6.741590097889700317e-01 3.133409019337570212e-01
1.182845594456215643e+01 -6.705640116080421320e-01 3.138132359330282894e-01
1.178282358423331289e+01 -6.670531633821998874e-01 3.142796911509441182e-01
1.173807819534460428e+01 -6.636166094610234101e-01 3.147347728266744471e-01
1.169349771628013102e+01 -6.602593607690693256e-01 3.151729867003545404e-01
1.164908774082471332e+01 -6.569804733186400680e-01 3.155904075355617788e-01
1.160627877383444684e+01 -6.537774386920706116e-01 3.159893848735791377e-01
1.156277196734417956e+01 -6.506715071315574139e-01 3.163738370957148716e-01
1.152072550024601760e+01 -6.476542256922760421e-01 3.167476827179511178e-01
1.147858339397372696e+01 -6.447394367498912038e-01 3.171222686529112655e-01
1.143701819365264960e+01 -6.419261362908788016e-01 3.174866567224059466e-01
1.139595962893627323e+01 -6.392281873397539504e-01 3.178521936745419829e-01
1.135459461492488309e+01 -6.366371782176568628e-01 3.182153693503716463e-01
1.131433859316221202e+01 -6.341595642861146409e-01 3.185801016550527387e-01
1.127363568733099441e+01 -6.318092395711252252e-01 3.189577364809522142e-01
1.123390138429327756e+01 -6.295778233176129168e-01 3.193373342326508157e-01
1.119357985469649286e+01 -6.274718016766764883e-01 3.197228115072356935e-01
1.115408663394169153e+01 -6.254976709211746977e-01 3.201255126762996284e-01
1.111460877773510703e+01 -6.236545089913464457e-01 3.205344964205017466e-01
1.107507620286983041e+01 -6.219488320708064233e-01 3.209611057700462178e-01
1.103616168785930540e+01 -6.203797377411570668e-01 3.214018262959159045e-01
1.099705236844481071e+01 -6.189537615173518192e-01 3.218605711066431230e-01
1.095842107822422662e+01 -6.176774483123517179e-01 3.223338240974146229e-01
1.091945500902504129e+01 -6.165424955320206735e-01 3.228329249540041190e-01
1.088156988644415080e+01 -6.155554662525891674e-01 3.233394990080077913e-01
1.084321012502847381e+01 -6.147080755779398276e-01 3.238723123493384426e-01
1.080504867374446754e+01 -6.140143321318080050e-01 3.244204166376538079e-01
1.076775851113616156e+01 -6.134585393307134815e-01 3.249877191708651636e-01
1.072978414042092155e+01 -6.130472935452115912e-01 3.255706978046001843e-01
1.069254143477300012e+01 -6.127797703944964924e-01 3.261806859762308997e-01
1.065521779219512766e+01 -6.126477244294964430e-01 3.267993025795381534e-01
1.061774347560381315e+01 -6.126503455054046476e-01 3.274378787455708428e-01
1.058079161275446189e+01 -6.127868300939887103e-01 3.280928877224897899e-01
1.054429252605789635e+01 -6.130563809382989504e-01 3.287682299099109473e-01
1.050743373238992717e+01 -6.134433500007624440e-01 3.294529477937551687e-01
1.047088844792150475e+01 -6.139618082088924567e-01 3.301509393345854471e-01
1.043458708274693869e+01 -6.145961182949513102e-01 3.308661012559122594e-01
1.039846007556292484e+01 -6.153455045383535715e-01 3.315874723336745822e-01
1.036318072830221126e+01 -6.162017673569188947e-01 3.323189467881056958e-01
1.032719386559970332e+01 -6.171567113020537398e-01 3.330644175746859115e-01
1.029191567949558461e+01 -6.182095730586494309e-01 3.338129196753750194e-01
1.025653388375427433e+01 -6.193521644007440319e-01 3.345609151410736670e-01
1.022172188845330787e+01 -6.205688718558985961e-01 3.353197214332577225e-01
1.018666745932207185e+01 -6.218589414302082563e-01 3.360709413132459411e-01
1.015204405725982184e+01 -6.232141932432828657e-01 3.368258896340625697e-01
1.011778233266278804e+01 -6.246264495771512992e-01 3.375735948773547768e-01
1.008381295984031389e+01 -6.260801062390053406e-01 3.383179408918609576e-01
1.004932380137497638e+01 -6.275669889902831811e-01 3.390479534779214377e-01
1.001573124760636624e+01 -6.290789249417142459e-01 3.397675137720516103e-01
9.982966040893966664e+00 -6.306077423163299889e-01 3.404805015278706826e-01
9.949473275013366091e+00 -6.321304135305396699e-01 3.411685100444286634e-01
9.917412239740901470e+00 -6.336536250964541761e-01 3.418428445945324023e-01
9.885228070031434555e+00 -6.351469222902297318e-01 3.424925239469156502e-01
9.852851590643286528e+00 -6.366095641450603138e-01 3.431139937384025673e-01
9.821699315614962345e+00 -6.380185248604712811e-01 3.437111264422263446e-01
9.790214838666658537e+00 -6.393699961156863454e-01 3.442736412414006408e-01
9.759806716074846733e+00 -6.406627556123486444e-01 3.448015039180970520e-01
9.728910582918333105e+00 -6.419222267049583541e-01 3.453028119370989968e-01
9.698933431853784981e+00 -6.431589759095722725e-01 3.457782327432994407e-01
9.669053767603944749e+00 -6.443687128630953831e-01 3.462210037156218667e-01
9.639935781791415081e+00 -6.455694320515804607e-01 3.466317888187526730e-01
9.611500847620050081e+00 -6.467642710527982119e-01 3.470186785518249994e-01
9.582927519680271899e+00 -6.479712239466267620e-01 3.473749048439782050e-01
9.554137203854374150e+00 -6.491934279377291617e-01 3.477085543994947181e-01
9.526536992247379487e+00 -6.504340200925750048e-01 3.480128552389940011e-01
9.499305488018478627e+00 -6.517035657374861124e-01 3.482958900409420244e-01
9.471621310462660759e+00 -6.530126301657867005e-01 3.485508826797653059e-01
9.445634435166990528e+00 -6.543569220025573507e-01 3.487784832146264002e-01
9.419037843864639825e+00 -6.557470066768831263e-01 3.489867678266935225e-01
9.393238709860563418e+00 -6.571860214464371186e-01 3.491689537052580783e-01
9.367415718026066429e+00 -6.586771038252133836e-01 3.493256840353061166e-01
9.342233240160064511e+00 -6.602233916611438547e-01 3.494575995844520500e-01
9.317612830188602757e+00 -6.618280232118518569e-01 3.495727669910916324e-01
9.293476059499489850e+00 -6.634941372165653606e-01 3.496569653024605984e-01
9.269001682258000585e+00 -6.652248729621760281e-01 3.497256843669844240e-01
9.245596975874594392e+00 -6.670159419912793375e-01 3.497646979748246232e-01
9.222440731245201917e+00 -6.688704848513006285e-01 3.497820622545426694e-01
9.199454593259297042e+00 -6.707916427813898075e-01 3.497784022197685805e-01
9.176560226195515924e+00 -6.727751293861213844e-01 3.497469117200173727e-01
9.154422149175134749e+00 -6.748315156953742511e-01 3.496956384457832745e-01
9.132219231517570535e+00 -6.769490884058954050e-01 3.496251988360255525e-01
9.110616033267548985e+00 -6.791235632574472714e-01 3.495287780406385325e-01
9.089534300538575806e+00 -6.813580849890474855e-01 3.494069865879791403e-01
9.068895800941710661e+00 -6.836409422245310896e-01 3.492678603567422324e-01
9.047879488944314375e+00 -6.859827091392842746e-01 3.491045755022120223e-01
9.027892846328295917e+00 -6.883568185522060956e-01 3.489251618396203014e-01
9.008114872367034565e+00 -6.907812736503793349e-01 3.487227894310750975e-01
8.988467424216141310e+00 -6.932443643361632102e-01 3.485054819802098636e-01
8.968872382137510257e+00 -6.957343804553026700e-01 3.482664034307183520e-01
8.949994484727168853e+00 -6.982544683021957299e-01 3.480061430225742658e-01
8.931755659016877402e+00 -7.007929170015787523e-01 3.477327153035353335e-01
8.913335020570814393e+00 -7.033454433203977230e-01 3.474318467456632420e-01
8.895397378597584392e+00 -7.059151914080817880e-01 3.471189742205834095e-01
8.877121895824778619e+00 -7.084830191158749679e-01 3.467872465771703050e-01
8.859173428507457260e+00 -7.110446394495624212e-01 3.464298097275391175e-01
8.842216856218062304e+00 -7.135957635529261989e-01 3.460620917386860729e-01
8.824688576540554052e+00 -7.161246720253553466e-01 3.456772327773243170e-01
8.807253514917034565e+00 -7.186270712757831802e-01 3.452757985624398951e-01
8.790205201683198410e+00 -7.210838081127495247e-01 3.448657804217737932e-01
8.773168637606985953e+00 -7.234905827755135910e-01 3.444328819519259510e-01
8.756288829402874896e+00 -7.258430918550556887e-01 3.439925175354753284e-01
8.739413670604731621e+00 -7.281221712086456410e-01 3.435378139584912005e-01
8.722613925410660940e+00 -7.303235089717543538e-01 3.430767522345076204e-01
8.705737526924288261e+00 -7.324353601164349525e-01 3.425950259290392874e-01
8.688855277356635654e+00 -7.344459744113180921e-01 3.421080396896609699e-01
8.671899473470995545e+00 -7.363465853981046028e-01 3.416083748220598570e-01
8.654916887658144375e+00 -7.381403781009614473e-01 3.410938946151870765e-01
8.637890068418579759e+00 -7.398409489121788862e-01 3.405619242319289364e-01
8.620875862473029727e+00 -7.414470308146516864e-01 3.400172151955839772e-01
8.603931130151728723e+00 -7.429573497321697584e-01 3.394570887730096187e-01
8.586964177235509865e+00 -7.443929092451870844e-01 3.388714360577546603e-01
8.570180454776838985e+00 -7.457375634713367951e-01 3.382650031029201809e-01
8.553488289851760129e+00 -7.470123002701047898e-01 3.376425343012219860e-01
8.536870301816074758e+00 -7.482158141646718663e-01 3.369939157630140181e-01
8.520457684530020614e+00 -7.493467911400997217e-01 3.363164604430298743e-01
8.504233071055415039e+00 -7.504187651165674655e-01 3.356223365636328837e-01
8.488253382862026797e+00 -7.514229759977247847e-01 3.348939975828822413e-01
8.472352694515386418e+00 -7.523729396000400360e-01 3.341361807120097893e-01
8.456736500400291234e+00 -7.532673057588042953e-01 3.333536219261722944e-01
8.441387445417078084e+00 -7.541047149162345420e-01 3.325436276711566386e-01
8.426213890722756616e+00 -7.548912263904142828e-01 3.316960749154579946e-01
8.411272763001345965e+00 -7.556328899753222972e-01 3.308156962479957830e-01
8.396546702752525349e+00 -7.563283175726853713e-01 3.299072232192442056e-01
8.382092630132966349e+00 -7.569761115561822740e-01 3.289679580271016590e-01
8.367893176833652191e+00 -7.575822931672689942e-01 3.279877735473921141e-01
8.353930968517243372e+00 -7.581454458913704508e-01 3.269788267596770437e-01
8.340262907312984808e+00 -7.586715722654926441e-01 3.259384170150956828e-01
8.326797320365090016e+00 -7.591518089640282296e-01 3.248712711005424247e-01
8.313591092966033713e+00 -7.595921403645407022e-01 3.237672581957502516e-01
8.300701100747406969e+00 -7.599911136886241536e-01 3.226311032766693287e-01
8.288035641946459364e+00 -7.603472675689316729e-01 3.214601020618365057e-01
8.275577287264241022e+00 -7.606665606395049961e-01 3.202664060552272707e-01
8.263457162800616373e+00 -7.609475150966543699e-01 3.190398807823671135e-01
8.251509248555406018e+00 -7.611812169793816807e-01 3.177852475245488417e-01
8.239790362547037006e+00 -7.613810298674839050e-01 3.165072265972759258e-01
8.228283026489661367e+00 -7.615380250913282856e-01 3.152031089753594695e-01
8.216969749068544715e+00 -7.616506954556450104e-01 3.138701846153714170e-01
8.205833025798046521e+00 -7.617249555711084197e-01 3.125131707754445487e-01
8.194929622466307961e+00 -7.617518571411423522e-01 3.111367836324629987e-01
8.184093441149258297e+00 -7.617447310538194571e-01 3.097308815474111854e-01
8.173381221328991586e+00 -7.616871892709680125e-01 3.083076067814758403e-01
8.162849689565982558e+00 -7.615925519683295342e-01 3.068642437092457542e-01
8.152332709243449216e+00 -7.614518494163531326e-01 3.053980754838358513e-01
8.141886981902194620e+00 -7.612709640555647139e-01 3.039212407028275553e-01
8.131494913613304121e+00 -7.610409174084692419e-01 3.024235916238592892e-01
8.121138898920728266e+00 -7.607675837795209173e-01 3.009246925852480659e-01
8.110727037830219643e+00 -7.604494054868944364e-01 2.994069648252237759e-01
8.100390270355797284e+00 -7.600848214763091804e-01 2.978973983093902711e-01
8.089962392576717676e+00 -7.596722675634242083e-01 2.963784115061949831e-01
8.079425758258095058e+00 -7.592101766529291140e-01 2.948695632224863084e-01
8.068836995977452631e+00 -7.586969789324482516e-01 2.933606974389089683e-01
8.058104159262180488e+00 -7.581385303898069417e-01 2.918639417546141646e-01
8.047135294247729220e+00 -7.575332562512423484e-01 2.903765656347417345e-01
8.035987007335869237e+00 -7.568721510905610517e-01 2.889032654660691479e-01
8.024567331830256833e+00 -7.561610639585949478e-01 2.874487362181734618e-01
8.012869094283571414e+00 -7.554052989127141293e-01 2.860091878156619805e-01
8.000927177230481746e+00 -7.545857015294424874e-01 2.845840359766804717e-01
7.988712690631530222e+00 -7.537197141434676118e-01 2.831716397825629894e-01
7.976271024205372484e+00 -7.527876351155693424e-01 2.817703570136040891e-01
7.963647564417584590e+00 -7.517920455564867099e-01 2.803711158462897646e-01
7.950739127914417281e+00 -7.507355241677761137e-01 2.789871283092735244e-01
7.937813946420495093e+00 -7.496132187539297220e-01 2.776018918940484359e-01
7.924620265024327814e+00 -7.484128460568105767e-01 2.762211880764549599e-01
7.911352027956144894e+00 -7.471518333149950175e-01 2.748433689925913748e-01
7.898054610738624248e+00 -7.458104628950823489e-01 2.734593575226411666e-01
7.884550536776025353e+00 -7.443912988548110343e-01 2.720749324320648754e-01
7.871033745383264169e+00 -7.429043299835241809e-01 2.706810150672990245e-01
7.857401040187177443e+00 -7.413298277742352838e-01 2.692833828592932077e-01
7.843697789977905011e+00 -7.396777729340219265e-01 2.678729560304053403e-01
7.829895077948719972e+00 -7.379432849788367665e-01 2.664480827578972200e-01
7.816038268359252861e+00 -7.361214786212483263e-01 2.650145392909384334e-01
7.802172722601694588e+00 -7.342148918020316994e-01 2.635632450205196431e-01
7.788269515178958713e+00 -7.322260570185389339e-01 2.621074043543646925e-01
7.774374000103733806e+00 -7.301575010039325075e-01 2.606305083911458764e-01
7.760382959701135341e+00 -7.280043160601017416e-01 2.591457618500516702e-01
7.746490304853212550e+00 -7.257690164486136908e-01 2.576515130977018453e-01
7.732518522629399982e+00 -7.234541097415337907e-01 2.561386826269093642e-01
7.718587226890139874e+00 -7.210546681861568219e-01 2.546204765855208940e-01
7.704741739789267463e+00 -7.185806134878479634e-01 2.530952451515631196e-01
7.690804523723612007e+00 -7.160270031613724662e-01 2.515539110076630003e-01
7.676969448254254758e+00 -7.133963153571770688e-01 2.500096828632475399e-01
7.663058953936614515e+00 -7.106910203127128067e-01 2.484460571202559420e-01
7.649192602659812046e+00 -7.079061518324203384e-01 2.468762447881410749e-01
7.635341375418307486e+00 -7.050515921998350422e-01 2.452986014902116263e-01
7.621476238082311561e+00 -7.021297870214933123e-01 2.437114842661408098e-01
7.607568140150691605e+00 -6.991357451568444015e-01 2.421132516675123525e-01
7.593662297003208828e+00 -6.960793237358693375e-01 2.405096921965731716e-01
7.579803905153925214e+00 -6.929555147632661116e-01 2.388991676866478453e-01
7.565889574017769625e+00 -6.897815869143099077e-01 2.372874700754874222e-01
7.551964458717403517e+00 -6.865525155181679828e-01 2.356655364188891544e-01
7.537999408407154434e+00 -6.832781244345947913e-01 2.340465906974613097e-01
7.523965248651072635e+00 -6.799459444688927823e-01 2.324290021117582927e-01
7.509981347356506909e+00 -6.765806403806625680e-01 2.308037134695512249e-01
7.495944196252260383e+00 -6.731771559782757652e-01 2.291839546143433215e-01
7.481750260457160628e+00 -6.697452845061738769e-01 2.275681006920539651e-01
7.467593111629528657e+00 -6.662799555675308349e-01 2.259619572101130014e-01
7.453294875670287922e+00 -6.627983772354421044e-01 2.243564749855563589e-01
7.438900500061525811e+00 -6.592954663457890607e-01 2.227500351852679250e-01
7.424454902776710163e+00 -6.557809906750864393e-01 2.211633060068451950e-01
7.409854404798484673e+00 -6.522647126963625475e-01 2.195798158481535034e-01
7.395143863761100000e+00 -6.487489617123155528e-01 2.180128084226803653e-01
7.380293823189293612e+00 -6.452509194135183090e-01 2.164606726131484693e-01
7.365274795864175772e+00 -6.417729070057158758e-01 2.149292274698952621e-01
7.350131547308625279e+00 -6.383246708062739749e-01 2.134168654510977536e-01
7.334834528885969540e+00 -6.349085261032011429e-01 2.119294090577333589e-01
7.319430476110686534e+00 -6.315388194501430075e-01 2.104646568576850063e-01
7.303751368225918306e+00 -6.282037458651044126e-01 2.090328768477341115e-01
7.288002603447932159e+00 -6.249035327856337085e-01 2.076288845853404563e-01
7.272018133443682864e+00 -6.216309789198040114e-01 2.062400686598930277e-01
7.255929015550616867e+00 -6.183640264665701824e-01 2.048761040080696594e-01
7.239569145563754304e+00 -6.151177601283992491e-01 2.035318100754066606e-01
7.223069526667843299e+00 -6.118626958056628817e-01 2.022094357792567076e-01
7.206412569433297222e+00 -6.086064929789561928e-01 2.009112310709999238e-01
7.189580659924456718e+00 -6.053345284153058836e-01 1.996245901491729979e-01
7.172556160887574528e+00 -6.020544667529043048e-01 1.983517647761466329e-01
7.155395696517646620e+00 -5.987516908544281424e-01 1.971024358464931459e-01
7.138007303283010252e+00 -5.954264439814642706e-01 1.958639999083759964e-01
7.120447565325307870e+00 -5.920789734825627759e-01 1.946387108418086709e-01
7.102698765390128344e+00 -5.886946744439046642e-01 1.934362514408158873e-01
7.084817453307690194e+00 -5.852738034017035407e-01 1.922440199509734826e-01
7.066785880490242810e+00 -5.818240502614029364e-01 1.910642717660575862e-01
7.048512001450151665e+00 -5.783308251224634766e-01 1.898992626804072437e-01
7.030126609332275400e+00 -5.748018285604655775e-01 1.887512488498455654e-01
7.011537636414184149e+00 -5.712299100102840033e-01 1.876076300606554781e-01
6.992875856618031349e+00 -5.676153529043718171e-01 1.864855198095526634e-01
6.973974902459967318e+00 -5.639584463628337652e-01 1.853797468397545001e-01
6.954965534496023949e+00 -5.602594851866791181e-01 1.842777118389197222e-01
6.935755658178761607e+00 -5.565187698044595788e-01 1.831965291976558885e-01
6.916476026183965509e+00 -5.527291778229581620e-01 1.821236002246816865e-01
6.896960255132298379e+00 -5.489058772846935330e-01 1.810611832754314976e-01
6.877339094766695027e+00 -5.450268996796722165e-01 1.800189654387525928e-01
6.857594728003642004e+00 -5.411074232209206469e-01 1.789769208322916361e-01
6.837635055403166184e+00 -5.371477741274474083e-01 1.779521658108165483e-01
6.817590830039631733e+00 -5.331482830238690740e-01 1.769395322293738360e-01
6.797295673732230092e+00 -5.291018562567942896e-01 1.759338525678542375e-01
6.776954629196615620e+00 -5.250236889332730028e-01 1.749373883632145410e-01
6.756475609028309570e+00 -5.209215511317518699e-01 1.739598302989915635e-01
6.735915097096525805e+00 -5.167957874923680972e-01 1.729885849007172793e-01
6.715181014783363267e+00 -5.126467451399410180e-01 1.720333447399700622e-01
6.694478422116832306e+00 -5.084822015936635298e-01 1.710963751412864775e-01
6.673640966234723138e+00 -5.043099359674179105e-01 1.701725142945553215e-01
6.652799432762547482e+00 -5.001377285159779307e-01 1.692640300714823853e-01
6.631861761022484814e+00 -4.959585034809211868e-01 1.683657634436761807e-01
6.610958744648564256e+00 -4.917874703931309766e-01 1.674874136536059488e-01
6.589924046547190883e+00 -4.876249818822591675e-01 1.666163965841604977e-01
6.568962749780862254e+00 -4.834713899519151314e-01 1.657624149805148606e-01
6.547908521793385006e+00 -4.793344739231096274e-01 1.649203168177491019e-01
6.526892165079081209e+00 -4.752220117000035549e-01 1.640849521176684922e-01
6.505821631716467657e+00 -4.711417794129115211e-01 1.632660297620175671e-01
6.484753439845613698e+00 -4.670941227420316588e-01 1.624584041995594808e-01
6.463744105551275432e+00 -4.630942416768929482e-01 1.616569322490070959e-01
6.442850141685311449e+00 -4.591424768622153207e-01 1.608713298953300397e-01
6.421905206126855781e+00 -4.552540227871140766e-01 1.600964589770012825e-01
6.401114368527369258e+00 -4.514292142164552657e-01 1.593346123165560735e-01
6.380385557482858516e+00 -4.476832394708252227e-01 1.585806570906279356e-01
6.359843275411680708e+00 -4.440141545955507141e-01 1.578371299419732421e-01
6.339289807759317164e+00 -4.404257796668210601e-01 1.571075237320710971e-01
6.318818294650365708e+00 -4.369048024931319052e-01 1.563881441762958457e-01
6.298373296894017592e+00 -4.334453361055866094e-01 1.556752998697737422e-01
6.277973645230663813e+00 -4.300563472427859080e-01 1.549801590022490405e-01
6.257563872114399572e+00 -4.267096580863015132e-01 1.542990359588410076e-01
6.237088494064618516e+00 -4.234216583526336786e-01 1.536282480094530445e-01
6.216566294091424361e+00 -4.201715937306156334e-01 1.529789719852284458e-01
6.196016037201998117e+00 -4.169758497235043215e-01 1.523401024902472367e-01
6.175382186004242158e+00 -4.138136685335375153e-01 1.517228219530539213e-01
6.154757750428716534e+00 -4.107014329965593125e-01 1.511234588127172984e-01
6.134012869548259417e+00 -4.076183835539035072e-01 1.505383441441772996e-01
6.113240512052483311e+00 -4.045809022682989586e-01 1.499786682715660846e-01
6.092459341832325848e+00 -4.015756582204406677e-01 1.494333389182268823e-01
6.071539434214185960e+00 -3.986116065410543752e-01 1.489135511985283933e-01
6.050499409854875665e+00 -3.956679905666227182e-01 1.484156457466787316e-01
6.029432151276752805e+00 -3.927611976217740275e-01 1.479359652878108333e-01
6.008281952554424876e+00 -3.898779045149654010e-01 1.474782828502150256e-01
5.986993086672262265e+00 -3.870270766509639748e-01 1.470463732693955694e-01
5.965584089539277990e+00 -3.841879702474240710e-01 1.466291563352442040e-01
5.944073477157877150e+00 -3.813769881577057097e-01 1.462378383853790986e-01
5.922479746452578908e+00 -3.785808253860548089e-01 1.458687703915457767e-01
5.900747092750584955e+00 -3.758084681981635478e-01 1.455183044945140558e-01
5.878893977919529945e+00 -3.730614813649230643e-01 1.451902221866619713e-01
5.856938848142089427e+00 -3.703265804374660797e-01 1.448808774430000723e-01
5.834900135330044257e+00 -3.676127740989663106e-01 1.445866249033902762e-01
5.812721975164934385e+00 -3.649216513342731227e-01 1.443261047569591726e-01
5.790497059268000513e+00 -3.622473819656784610e-01 1.440733874264650549e-01
5.768243786464254619e+00 -3.595990021998559105e-01 1.438471136121027283e-01
5.745831981148940670e+00 -3.569707016789859799e-01 1.436436389854550966e-01
5.723428596256469270e+00 -3.543566805852220170e-01 1.434518907427720924e-01
5.700903447265863733e+00 -3.517660066932051244e-01 1.432830808664376232e-01
5.678274915298707093e+00 -3.492003306159923159e-01 1.431261358927054250e-01
5.655635665742441809e+00 -3.466538860434461577e-01 1.429848385419499324e-01
5.632929799895998180e+00 -3.441209182700712965e-01 1.428629709078549359e-01
5.610175707642317988e+00 -3.416179693605396195e-01 1.427568860083791302e-01
5.587466069609128283e+00 -3.391393080986117581e-01 1.426629360495045851e-01
5.564670725299625254e+00 -3.366866433731933728e-01 1.425774723516566034e-01
5.541956659714132982e+00 -3.342542673970895772e-01 1.425042736398380860e-01
5.519268020884527282e+00 -3.318587689614850844e-01 1.424471176471691913e-01
5.496697539370475560e+00 -3.294944631227887943e-01 1.423949243823809385e-01
5.474189396149772513e+00 -3.271631043279901174e-01 1.423514695132233887e-01
5.451762074927917645e+00 -3.248664577265167330e-01 1.423130993125990007e-01
5.429508363827750372e+00 -3.226062987722748132e-01 1.422835873703768295e-01
5.407372506445520699e+00 -3.203844127684239429e-01 1.422518495682054407e-01
5.385373053783897745e+00 -3.181951660078738420e-01 1.422216575200313804e-01
5.363602865527289154e+00 -3.160403619142340137e-01 1.421967819246447440e-01
5.342006260649565519e+00 -3.139292404361578859e-01 1.421661359312049455e-01
5.320676152369610001e+00 -3.118561923494361232e-01 1.421260602683477869e-01
5.299482631407286704e+00 -3.098230436240538843e-01 1.420803233340887928e-01
5.278659711165305524e+00 -3.078316354523248921e-01 1.420259501404224356e-01
5.257965639329948537e+00 -3.058838507881763702e-01 1.419627074073951944e-01
5.237596870371440616e+00 -3.039815863073547786e-01 1.418984753987097280e-01
5.217378470447497030e+00 -3.021193141902939194e-01 1.418262774528321613e-01
5.197358385237055955e+00 -3.003137947421952170e-01 1.417539935166056697e-01
5.177436022047614550e+00 -2.985446488091667017e-01 1.416746468818217697e-01
5.157733666756857183e+00 -2.968286405043984444e-01 1.416035460776315091e-01
5.138150782040102449e+00 -2.951676779920120453e-01 1.415337149124311911e-01
5.118735423944651863e+00 -2.935488127409833226e-01 1.414581776687753034e-01
5.099387106768659805e+00 -2.919888089051618230e-01 1.413922442976405236e-01
5.080153935795862274e+00 -2.904747158304857302e-01 1.413363688085862435e-01
5.061084038861650924e+00 -2.890232942027848861e-01 1.412761494076187063e-01
5.042002714274919306e+00 -2.876215886338117089e-01 1.412268987315767055e-01
5.023106697138564058e+00 -2.862714971982997514e-01 1.411890738731469697e-01
5.004221322510569614e+00 -2.849823425717389336e-01 1.411631332001529182e-01
4.985394791510968204e+00 -2.837485865246557326e-01 1.411346797648136975e-01
4.966601035315838075e+00 -2.825646862292411354e-01 1.411264598549919758e-01
4.947813996598235953e+00 -2.814325222803781279e-01 1.411240795797714664e-01
4.929081910920995568e+00 -2.803613984341645216e-01 1.411280033967896030e-01
4.910304454090221427e+00 -2.793383280156648829e-01 1.411461258241130945e-01
4.891529874015192902e+00 -2.783726039013225129e-01 1.411714864372853873e-01
4.872806421561727497e+00 -2.774586567220725386e-01 1.412119833030425486e-01
4.854108064935148903e+00 -2.765983399426107381e-01 1.412606595953373179e-01
4.835483054617180976e+00 -2.757935016138792217e-01 1.413254169971543128e-01
4.816831070855438490e+00 -2.750385561991642858e-01 1.413993022837742308e-01
4.798274639256457696e+00 -2.743353415233390491e-01 1.414827923410077459e-01
4.779787711455031562e+00 -2.736931190921544355e-01 1.415763657655702001e-01
4.761344230419679135e+00 -2.730914327283038290e-01 1.416805027989214705e-01
4.742992412390347745e+00 -2.725469641759351025e-01 1.417956852445221294e-01
4.724706178458732531e+00 -2.720541068121666850e-01 1.419223963688857060e-01
4.706459436820447095e+00 -2.715998229180986434e-01 1.420611207869020565e-01
4.688300365204161047e+00 -2.711933577025114062e-01 1.422049159818555564e-01
4.670202842981994173e+00 -2.708290982202644082e-01 1.423542688618950058e-01
4.652140733985890009e+00 -2.705088591338487003e-01 1.425170956026357572e-01
4.634162169531078845e+00 -2.702195984084673763e-01 1.426790280764206886e-01
4.616240981145547373e+00 -2.699705598376347382e-01 1.428554121231534468e-01
4.598425267528207350e+00 -2.697561320879404700e-01 1.430318805574612995e-01
4.580688827718663703e+00 -2.695707062101768692e-01 1.432089230708104566e-01
4.563079728499891630e+00 -2.694086764572670711e-01 1.433870293245239902e-01
4.545571738013186369e+00 -2.692792978026022910e-01 1.435741170879690776e-01
4.528212893602733935e+00 -2.691621166488002981e-01 1.437558186215289191e-01
4.510902652362867471e+00 -2.690663984248570229e-01 1.439400505597397684e-01
4.493763309914158732e+00 -2.689865582572638081e-01 1.441273002912829837e-01
4.476768584355044212e+00 -2.689170184132572139e-01 1.443031973907948629e-01
4.459892184921516289e+00 -2.688447806562961340e-01 1.444756551549502555e-01
4.443182097323012059e+00 -2.687865686590902858e-01 1.446451569908004109e-01
4.426612018736266307e+00 -2.687145451123765794e-01 1.447973278610446279e-01
4.410155643456870500e+00 -2.686380241321436602e-01 1.449475041889118909e-01
4.393860948684798373e+00 -2.685514732997837384e-01 1.450887352192539448e-01
4.377775913421034559e+00 -2.684493707865626133e-01 1.452140678931536644e-01
4.361797589769615513e+00 -2.683205292205141368e-01 1.453170188686028486e-01
4.346110713958414529e+00 -2.681756366092035160e-01 1.454152759744590795e-01
4.330600533516504314e+00 -2.680197158847941186e-01 1.454972830711013243e-01
4.315226591640118237e+00 -2.678578014983515887e-01 1.455663378493188553e-01
4.300097013371978250e+00 -2.676949394439395724e-01 1.456331633791434765e-01
4.285171374258015753e+00 -2.675287588449411502e-01 1.456787662759662372e-01
4.270483553488817918e+00 -2.673717568530348809e-01 1.457212917892026227e-01
4.255918885970688237e+00 -2.672215850069301069e-01 1.457491686061106739e-01
4.241511298836167398e+00 -2.670907623052526936e-01 1.457731072797271710e-01
4.227294746839603157e+00 -2.669695330407054201e-01 1.457889584742035338e-01
4.213228931133628841e+00 -2.668704364026666664e-01 1.457925696824215189e-01
4.199273584908285173e+00 -2.667911641455563143e-01 1.457946419640848978e-01
4.185537042370611083e+00 -2.667442733315989467e-01 1.457910166025707943e-01
4.171904823025985642e+00 -2.667200438477605462e-01 1.457775318831480149e-01
4.158411050786230412e+00 -2.667310477068181584e-01 1.457574515402489390e-01
4.145089888346273455e+00 -2.667675780824046994e-01 1.457340365228239620e-01
4.131901254834952297e+00 -2.668347901399681366e-01 1.457105451276327346e-01
4.118879393732324701e+00 -2.669452717161042155e-01 1.456753764486751757e-01
4.105984306525452432e+00 -2.670893289042512442e-01 1.456392122938290068e-01
4.093250320113805074e+00 -2.672646984071456178e-01 1.455978756130975327e-01
4.080637519937708291e+00 -2.674839748112998739e-01 1.455546157415102959e-01
4.068180316845200650e+00 -2.677374677411253345e-01 1.455052519018490420e-01
4.055838879675213171e+00 -2.680303425052471544e-01 1.454530301177484330e-01
4.043647701576746023e+00 -2.683603339392904852e-01 1.453937667334099793e-01
4.031567032046481813e+00 -2.687251736569869487e-01 1.453307053400517412e-01
4.019557159206689434e+00 -2.691374456677123050e-01 1.452670886554342788e-01
4.007652691822674029e+00 -2.695800152170600983e-01 1.451987304052410888e-01
3.995962557566345108e+00 -2.700654545646383187e-01 1.451288722550568289e-01
3.984298583526888482e+00 -2.705766152000949609e-01 1.450533273391876321e-01
3.972769762026938434e+00 -2.711260537135996573e-01 1.449753371863062024e-01
3.961410830694478857e+00 -2.717040324709276700e-01 1.448907152379307617e-01
3.950182269852485994e+00 -2.723082322070801697e-01 1.448027037597791888e-01
3.939044583235556285e+00 -2.729437512917058384e-01 1.447145456923523421e-01
3.928106862053810211e+00 -2.736052770331375839e-01 1.446146281394109778e-01
3.917255364406301954e+00 -2.742852562933337235e-01 1.445210526448591493e-01
3.906450646107249014e+00 -2.749842946981193026e-01 1.444147802006330583e-01
3.895876124422213316e+00 -2.756992708913109658e-01 1.443139148925783044e-01
3.885343806719454118e+00 -2.764277932577383079e-01 1.441994205231748316e-01
3.874888555127768530e+00 -2.771659712322859237e-01 1.440894042198601066e-01
3.864545232660130836e+00 -2.779106437223790027e-01 1.439648330178555369e-01
3.854348699864829086e+00 -2.786586362948891282e-01 1.438438174265811720e-01
3.844185244518900202e+00 -2.794045327978511573e-01 1.437147563191579769e-01
3.834089712410727824e+00 -2.801443897666939797e-01 1.435809070529385223e-01
3.824096937208233626e+00 -2.808727654181366051e-01 1.434455287649430699e-01
3.814167453956334608e+00 -2.815856914248671128e-01 1.432970256440351253e-01
3.804336063233507925e+00 -2.822777021074153736e-01 1.431535169818522746e-01
3.794488977971716803e+00 -2.829448063995924079e-01 1.429959819469806270e-01
3.784660954992396853e+00 -2.835815172222438951e-01 1.428425429912967004e-01
3.774961009249929944e+00 -2.841801094449129539e-01 1.426741822293582929e-01
3.765200994304752857e+00 -2.847365634391967881e-01 1.425090248016666339e-01
3.755493385781404569e+00 -2.852462969910767865e-01 1.423354115543221388e-01
3.745890413957556841e+00 -2.857106729251533417e-01 1.421488245857796540e-01
3.736224943977354496e+00 -2.861342077169197196e-01 1.419669597777885039e-01
3.726626942275759635e+00 -2.865206704393133408e-01 1.417703717903590621e-01
3.717152058475298837e+00 -2.868738267344387305e-01 1.415693289879232097e-01
3.707633058104261359e+00 -2.871966971405696123e-01 1.413666714495365739e-01
3.698274090657608149e+00 -2.874930439395291248e-01 1.411503823695872684e-01
3.688982138434480085e+00 -2.877658866690633865e-01 1.409233012013236253e-01
3.679738434728246244e+00 -2.880182461350121459e-01 1.406882666926334291e-01
3.670598464817556028e+00 -2.882531455727796454e-01 1.404406882680558355e-01
3.661469116756573605e+00 -2.884743546177804818e-01 1.401834024598438699e-01
3.652554383984801145e+00 -2.886834190644946840e-01 1.399192442889080901e-01
3.643686815684675562e+00 -2.888804047543351849e-01 1.396436186487694797e-01
3.634921786952086009e+00 -2.890676127476328183e-01 1.393519283953721377e-01
3.626314650692973984e+00 -2.892443804100015559e-01 1.390544307948513025e-01
3.617772173256649459e+00 -2.894137677849368262e-01 1.387465238798201161e-01
3.609423954799309886e+00 -2.895751300185037125e-01 1.384236029193981199e-01
3.601176731309410517e+00 -2.897300607243761816e-01 1.380959169036593825e-01
3.593160078826885595e+00 -2.898801640665399360e-01 1.377514265928105608e-01
3.585206432266979437e+00 -2.900255695737904982e-01 1.374003744375318914e-01
3.577371073387779710e+00 -2.901671610207636753e-01 1.370381426668005886e-01
3.569709283811875800e+00 -2.903058338557865103e-01 1.366675381996056982e-01
3.562127781599256693e+00 -2.904432381821752118e-01 1.362839358287765701e-01
3.554756142355123938e+00 -2.905795502802268615e-01 1.358901348305051604e-01
3.547426818293726747e+00 -2.907149581835660190e-01 1.354889305488952700e-01
3.540269409793545208e+00 -2.908511471341684307e-01 1.350682576569646187e-01
3.533264967840048509e+00 -2.909853565662668395e-01 1.346457602470292891e-01
3.526320280876670044e+00 -2.911185508364177443e-01 1.342093650454287967e-01
3.519490728521201817e+00 -2.912509616413775926e-01 1.337618515588359369e-01
3.512757434097296905e+00 -2.913806016628937567e-01 1.333134237968838787e-01
3.506175834480347309e+00 -2.915077207841424434e-01 1.328519969718856830e-01
3.499727115707432112e+00 -2.916325766879429016e-01 1.323803393781585458e-01
3.493318215341044919e+00 -2.917539481935208512e-01 1.319012158462487816e-01
3.487004675065214165e+00 -2.918698770093021144e-01 1.314173879233578868e-01
3.480767791969660241e+00 -2.919828664150643793e-01 1.309241857280435128e-01
3.474663187030367695e+00 -2.920954230169935939e-01 1.304243648788143417e-01
3.468597955744604278e+00 -2.921929702453162081e-01 1.299206783935180076e-01
3.462553519433563931e+00 -2.922906456124422792e-01 1.294084486084760011e-01
3.456585625678900708e+00 -2.923813008720897444e-01 1.288904241661255612e-01
3.450601497884465907e+00 -2.924652140018556001e-01 1.283619236172834910e-01
3.444656968982999778e+00 -2.925352310667543310e-01 1.278405491382211545e-01
3.438733630250298212e+00 -2.925990498285235275e-01 1.273141884058618667e-01
3.432887397257734285e+00 -2.926495049099210322e-01 1.267855850345536717e-01
3.426951374439635156e+00 -2.926794230795348173e-01 1.262574822165168087e-01
3.421055837825190959e+00 -2.927039069181672781e-01 1.257251947154950367e-01
3.415033964880187067e+00 -2.927009066758814448e-01 1.251988942615872846e-01
3.409090383552164205e+00 -2.926855024888738166e-01 1.246813248419728626e-01
3.403058334445234756e+00 -2.926504763587322588e-01 1.241603746867012553e-01
3.396919652234092535e+00 -2.925885960624174942e-01 1.236536466980436011e-01
3.390656195274277085e+00 -2.925074708005375168e-01 1.231490319653796017e-01
3.384329276433184930e+00 -2.924001063247241849e-01 1.226488518209781636e-01
3.377946545123755140e+00 -2.922754259389179765e-01 1.221537163795699960e-01
3.371446530324796687e+00 -2.921203195717335666e-01 1.216712382039766144e-01
3.364842052377306381e+00 -2.919439437893672218e-01 1.211867475004816813e-01
3.358220218610145746e+00 -2.917405795679336444e-01 1.207004340942503806e-01
3.351519568357536283e+00 -2.915193453536154555e-01 1.202199192780519510e-01
3.344827202429174307e+00 -2.912670551105126515e-01 1.197453992837155118e-01
3.338081644532308712e+00 -2.909927883644765068e-01 1.192622170752263566e-01
3.331295687220561241e+00 -2.906981768897387575e-01 1.187780042133416009e-01
3.324556387382402889e+00 -2.903774049427407800e-01 1.182929675368409456e-01
3.317802211306745352e+00 -2.900320663423002210e-01 1.178073175630473396e-01
3.311045880885675974e+00 -2.896637366432788796e-01 1.173138401552424326e-01
3.304300085966072942e+00 -2.892665454517043266e-01 1.168201815581490222e-01
3.297577480398300676e+00 -2.888494622782646903e-01 1.163191349486630694e-01
3.290890678313968642e+00 -2.884065840722098706e-01 1.158109254055436910e-01
3.284177967163306455e+00 -2.879394213327271523e-01 1.152957814458171193e-01
3.277600438558031737e+00 -2.874494709374852408e-01 1.147665065296742670e-01
3.271022000908728966e+00 -2.869307890807389905e-01 1.142381922861482602e-01
3.264455077943084760e+00 -2.863922777123270036e-01 1.136962198569182181e-01
3.257986323078919888e+00 -2.858205442640095462e-01 1.131482581160548617e-01
3.251479483682812255e+00 -2.852319016566675081e-01 1.125945500112920800e-01
3.245095384267087102e+00 -2.846129431194033277e-01 1.120353406329118312e-01
3.238771941077333238e+00 -2.839725423151370776e-01 1.114708769110128589e-01
3.232521295643771886e+00 -2.833121416526951930e-01 1.108939789436783757e-01
3.226281247761700222e+00 -2.826183256749572603e-01 1.103123247099688647e-01
3.220138106432139047e+00 -2.819073929097270503e-01 1.097261646680858932e-01
3.214029556732914905e+00 -2.811659308135425195e-01 1.091283213939495955e-01
3.207967511651308445e+00 -2.804102443012208568e-01 1.085339026135500873e-01
3.201963830343426576e+00 -2.796269306384998599e-01 1.079283023785230083e-01
3.196030320321418650e+00 -2.788174511907057784e-01 1.073117707942107535e-01
3.190178740051131001e+00 -2.779907046579136454e-01 1.066994136487794675e-01
3.184272234936585289e+00 -2.771407435339422465e-01 1.060766219466976884e-01
3.178471041694202803e+00 -2.762764889279897829e-01 1.054510700046411981e-01
3.172712507538832938e+00 -2.753845901321245737e-01 1.048155733568300191e-01
3.166933944710482507e+00 -2.744814242777965374e-01 1.041852301784813722e-01
3.161221201782702828e+00 -2.735610989636361734e-01 1.035528508752165261e-01
3.155511534205863278e+00 -2.726177382502518176e-01 1.029112428463848927e-01
3.149816459580999872e+00 -2.716677685102752982e-01 1.022754952728514161e-01
3.144073195595451953e+00 -2.706979206230223367e-01 1.016384087796403241e-01
3.138441799106923558e+00 -2.697246572631475936e-01 1.010002086305772789e-01
3.132710903288751236e+00 -2.687347464198705516e-01 1.003611162034070553e-01
3.127040557867730719e+00 -2.677372600002806968e-01 9.972877719906379779e-02
3.121293682817877446e+00 -2.667412887575628666e-01 9.910340483553499447e-02
3.115556058052640687e+00 -2.657336570452094593e-01 9.847777977896274293e-02
3.109839194503251303e+00 -2.647309208997057350e-01 9.785953516333049940e-02
3.104006055573632405e+00 -2.637199406969554794e-01 9.724887154727512861e-02
3.098142479435354257e+00 -2.627173072431489564e-01 9.664598531098744782e-02
3.092260049582301384e+00 -2.617173424467664211e-01 9.605106874209290435e-02
3.086221815633642063e+00 -2.607292400343784178e-01 9.546431016056074192e-02
3.080187998355353507e+00 -2.597473509622819088e-01 9.489332243236307807e-02
3.074024015210151894e+00 -2.587798966852177251e-01 9.432307151367105846e-02
3.067753054370662369e+00 -2.578236862366614091e-01 9.377422872280312405e-02
3.061400640910115101e+00 -2.568671110482365627e-01 9.322996227763409582e-02
3.054992349365101667e+00 -2.559282838073594912e-01 9.269572265889335083e-02
3.048553805739757205e+00 -2.549807531633452862e-01 9.216952954554720467e-02
3.041962122024771009e+00 -2.540426420573586030e-01 9.164940052993279795e-02
3.035317314735441308e+00 -2.530949339303055212e-01 9.114077985868651588e-02
3.028645171415031978e+00 -2.521483258854451126e-01 9.063425379551792727e-02
3.021897250625914300e+00 -2.511986565636418200e-01 9.014269280563466658e-02
3.015099448418439021e+00 -2.502417608041596631e-01 8.964925355344284530e-02
3.008277713763927608e+00 -2.492734676059759902e-01 8.916680616669324377e-02
3.001383763463126630e+00 -2.482895981078078185e-01 8.868593625585599605e-02
2.994443647045808010e+00 -2.473008203050863496e-01 8.821208714164063824e-02
2.987483460659345447e+00 -2.462955053692869878e-01 8.774327528171518842e-02
2.980455060471010498e+00 -2.452768675412405341e-01 8.727751909564573918e-02
2.973310342610671952e+00 -2.442406773109518647e-01 8.680541108253711502e-02
2.966224089679927012e+00 -2.431826881033805898e-01 8.633983167911409018e-02
2.959073981827554434e+00 -2.421134914352182643e-01 8.587880795078010887e-02
2.951886292982814020e+00 -2.410288021058517027e-01 8.542037071576347174e-02
2.944687318731662007e+00 -2.399243136395355636e-01 8.496255494631445304e-02
2.937429087399172190e+00 -2.388031255398991304e-01 8.450340014381825526e-02
2.930137921387323541e+00 -2.376608856679936488e-01 8.404095068435848970e-02
2.922840147799726118e+00 -2.365006462060133263e-01 8.358811283197417619e-02
2.915487808909868583e+00 -2.353254347638702726e-01 8.313551326432803978e-02
2.908107223031403343e+00 -2.341308256868306903e-01 8.268121271203165978e-02
2.900798978330562772e+00 -2.329197966207794956e-01 8.222327780565887034e-02
2.893366509126858332e+00 -2.316878718875514942e-01 8.177463793028112715e-02
2.885984641283956265e+00 -2.304454078250468829e-01 8.131851523296007578e-02
2.878531034665333443e+00 -2.291804515395404196e-01 8.086042313698128814e-02
2.871106161794056977e+00 -2.279033117239008810e-01 8.041330965622477123e-02
2.863661884700376525e+00 -2.266094178333007414e-01 7.995298726021794755e-02
2.856150016557090776e+00 -2.253016062684924936e-01 7.949984464480826241e-02
2.848670883636092555e+00 -2.239826933571981149e-01 7.905199144927974042e-02
2.841250470122341554e+00 -2.226480485264136222e-01 7.860011477817356595e-02
2.833766130348960299e+00 -2.213078810567047638e-01 7.814976402619762397e-02
2.826243719004395416e+00 -2.199649569044770103e-01 7.770649390604507378e-02
2.818783304326481165e+00 -2.186146007313569395e-01 7.726843578231819276e-02
2.811336314827035832e+00 -2.172595547758619516e-01 7.682629731365164805e-02
2.803854104096774158e+00 -2.159099811504204824e-01 7.638564710601306040e-02
2.796436516205482725e+00 -2.145537508460432508e-01 7.595948592825704782e-02
2.788960467203055238e+00 -2.132010163298333483e-01 7.552367614285689090e-02
2.781525645784219680e+00 -2.118545007110104739e-01 7.509865306081048297e-02
2.774157379577326221e+00 -2.105169287090692953e-01 7.468256926524909078e-02
2.766732352596923405e+00 -2.091910293017112121e-01 7.426615076556404571e-02
2.759350024369569443e+00 -2.078721100312021508e-01 7.384755313357747875e-02
2.752035498191541585e+00 -2.065629163484670461e-01 7.343978927601445272e-02
2.744665240539068130e+00 -2.052810625719895254e-01 7.303358709666754600e-02
2.737412785625914946e+00 -2.040218926884164730e-01 7.264195900731930389e-02
2.730154471535227501e+00 -2.027807678766400112e-01 7.224820288629606180e-02
2.722915145969252215e+00 -2.015753539320217502e-01 7.185789994634057820e-02
2.715717857650462363e+00 -2.003998833504174182e-01 7.148404235988212174e-02
2.708504337979577237e+00 -1.992513606393934988e-01 7.110984564697063470e-02
2.701363098456856626e+00 -1.981330744721355175e-01 7.074079189365399534e-02
2.694308333754694473e+00 -1.970334844779417227e-01 7.038235929089670107e-02
2.687131361788379191e+00 -1.959559362221927614e-01 7.002516495253434392e-02
2.680069182635279823e+00 -1.948963775239905549e-01 6.968210621932791060e-02
2.672913084164215025e+00 -1.938433595999581316e-01 6.934379014881290881e-02
2.665751484920968473e+00 -1.928077513720585223e-01 6.900824655010902309e-02
2.658598524613395409e+00 -1.917781700253243238e-01 6.868092766382492831e-02
2.651394072179650951e+00 -1.907581231620287809e-01 6.835985119084440897e-02
2.644152300864277105e+00 -1.897437238907721813e-01 6.805045677441695640e-02
2.636961696222839269e+00 -1.887385473990373930e-01 6.775074913609969995e-02
2.629613646478112798e+00 -1.877313455041210721e-01 6.745129796915146081e-02
2.622345285208159904e+00 -1.867257593850102648e-01 6.716495129156142829e-02
2.614948096704784675e+00 -1.857254619437085363e-01 6.688226535642001480e-02
2.607585041547050952e+00 -1.847267282517257858e-01 6.660864647562173002e-02
2.600122011716279324e+00 -1.837258624381510608e-01 6.634949445264705370e-02
2.592573537776387216e+00 -1.827266243271133128e-01 6.609534607592487676e-02
2.585028511003715224e+00 -1.817179424341323901e-01 6.584416042328085361e-02
2.577427337921583295e+00 -1.807110535368667559e-01 6.560874752446356484e-02
2.569784795206265571e+00 -1.797023585303062221e-01 6.537219862876353371e-02
2.562041466387954269e+00 -1.786957048873469012e-01 6.514731343073471015e-02
2.554212311825550863e+00 -1.776800988394788561e-01 6.493203044430505277e-02
2.546386670901690685e+00 -1.766594158507217294e-01 6.472428422761832001e-02
2.538505412903037772e+00 -1.756375408530029825e-01 6.452200595246901371e-02
2.530583788081838037e+00 -1.746109367175149585e-01 6.433055236508264385e-02
2.522562860351384995e+00 -1.735909260367967943e-01 6.414042138255045267e-02
2.514458073124708370e+00 -1.725591176893397916e-01 6.395696617290295982e-02
2.506359247275317781e+00 -1.715342586185560347e-01 6.377811081022324857e-02
2.498207727718550153e+00 -1.705053752943973544e-01 6.360920770240718891e-02
2.490019230144211893e+00 -1.694763404427949982e-01 6.344818163368788622e-02
2.481809552891082404e+00 -1.684584413645919820e-01 6.329295886784290504e-02
2.473520287996105793e+00 -1.674332349218985716e-01 6.314146790508043394e-02
2.465241665458425491e+00 -1.664119711730884243e-01 6.299164023674168333e-02
2.456915412227873130e+00 -1.654058769267255091e-01 6.284883944189526006e-02
2.448631878499513359e+00 -1.643964394433144738e-01 6.271100521863004484e-02
2.440258611822632151e+00 -1.633948305129385992e-01 6.257608244538286069e-02
2.431960332633634536e+00 -1.624047621764946603e-01 6.244945021547402414e-02
2.423604656708652882e+00 -1.614150560674769419e-01 6.232163743790263694e-02
2.415207786177122173e+00 -1.604442114463336955e-01 6.219803685139071309e-02
2.406860215617608656e+00 -1.594735482414573469e-01 6.206919219238475616e-02
2.398578154329502610e+00 -1.585140606728409063e-01 6.194794046601594106e-02
2.390303515370684195e+00 -1.575692742661818357e-01 6.182484231008343600e-02
2.381978187944629344e+00 -1.566352449258315849e-01 6.170532415298991130e-02
2.373766876728497177e+00 -1.557154150272188620e-01 6.158739350671565277e-02
2.365611389705644552e+00 -1.548131847865047428e-01 6.146163924387291339e-02
2.357527761142735212e+00 -1.539319123149789914e-01 6.134094520585461202e-02
2.349457673764704602e+00 -1.530674856616731083e-01 6.121592023584860459e-02
2.341565582250980437e+00 -1.522231802465243700e-01 6.109203998978780803e-02
2.333718718603156272e+00 -1.514022315812940944e-01 6.095993351861544313e-02
