# cl_TT                  cl_TE                    cl_EE
4.641335156301264533e+02 1.178741760105577185e+00 3.078627589958742722e-02
4.154983717319474863e+02 1.880751063423556690e+00 7.031608350845762467e-02
3.752105657479800698e+02 2.277866941955559721e+00 1.102086800900461960e-01
3.440012556048483248e+02 2.422772285529331437e+00 1.399736393485225827e-01
3.200577264483948170e+02 2.394168303126421371e+00 1.534449875596964608e-01
3.017198472631370691e+02 2.258072619716989138e+00 1.496389219966137163e-01
2.877388299795442776e+02 2.061080097882852069e+00 1.318496172038475800e-01
2.772495540693408884e+02 1.833263607861157940e+00 1.057986227221020814e-01
2.695868892050019667e+02 1.593647941895621090e+00 7.763921469768073069e-02
2.642855266690759777e+02 1.354026628746895389e+00 5.240817093402631854e-02
2.609995762322333803e+02 1.122837026249273285e+00 3.318323642796867229e-02
2.592897738164170391e+02 9.085722682201003986e-01 2.093851607108870860e-02
2.587683076023703848e+02 7.200578447395067361e-01 1.493747151256201097e-02
2.592751765002877278e+02 5.640865163337501764e-01 1.341516435291474803e-02
2.607290955805636941e+02 4.447136766107995243e-01 1.429945929675041465e-02
2.629689255659517926e+02 3.638299160060142756e-01 1.578540793266148060e-02
2.655800107089188486e+02 3.200479909520829724e-01 1.667294309917449410e-02
2.690381122872042283e+02 3.120244314068321145e-01 1.647201200950697622e-02
2.727644524790509308e+02 3.320050190739683438e-01 1.526049063475929182e-02
2.767068590842317803e+02 3.723434946924612521e-01 1.353656311588607129e-02
2.810081208656714011e+02 4.256619688388112999e-01 1.186537286667214107e-02
2.854270596666219149e+02 4.854453500941999788e-01 1.068843970814086289e-02
2.900265685534665181e+02 5.451399332281106069e-01 1.031935516324081203e-02
2.949916238333034926e+02 5.968417173771443096e-01 1.069669641910957029e-02
3.000777307466360639e+02 6.377280142003074470e-01 1.163337597274617490e-02
3.052865135997776633e+02 6.671413337745568661e-01 1.279443761590552675e-02
3.106769359413731877e+02 6.810267364047719596e-01 1.382498831904696579e-02
3.161658405623263661e+02 6.814577689482282929e-01 1.448859825333114089e-02
3.218516144715048881e+02 6.690859008310002798e-01 1.464378937221988940e-02
3.275377208947721783e+02 6.454643469596157423e-01 1.434568110877589529e-02
3.333105552385079022e+02 6.133219758329949700e-01 1.372090130995493734e-02
3.393206647429131522e+02 5.736831479513021526e-01 1.297667462105778907e-02
3.452771454586526829e+02 5.312856423333467415e-01 1.232563367435733984e-02
3.514216161797504014e+02 4.869405813961215079e-01 1.193041730966068817e-02
3.577058221424406383e+02 4.430174037484085336e-01 1.190692283492998660e-02
3.637701134239173939e+02 4.039476364212212789e-01 1.227399480155053242e-02
3.699240639303974376e+02 3.675351162009193318e-01 1.300231977079062753e-02
3.762427975676214942e+02 3.358829618190098953e-01 1.401905580150268268e-02
3.826820556858139071e+02 3.094758414529476531e-01 1.524777393631276609e-02
3.891857961214544162e+02 2.875943274299310737e-01 1.662373173413673327e-02
3.956706074669496047e+02 2.687148716537722803e-01 1.812351946230682589e-02
4.021320421996375103e+02 2.521384841965150225e-01 1.974317893007760186e-02
4.085904746957409657e+02 2.367818186853045959e-01 2.148058442517580130e-02
4.150953040016063369e+02 2.203932191453421563e-01 2.333142930664535916e-02
4.216917605344540902e+02 2.007577112505016803e-01 2.528463254649465641e-02
4.283850228999775709e+02 1.765680589362902397e-01 2.730972997272534258e-02
4.351605219468016799e+02 1.467484604996802111e-01 2.936699236510738678e-02
4.419898398460658768e+02 1.102481201830618068e-01 3.141045297228758915e-02
4.488673086356651538e+02 6.609663481842513455e-02 3.339548090346503018e-02
4.558337754967703859e+02 1.365262980599337914e-02 3.529811090213710173e-02
4.629011627429222244e+02 -4.669173534790364150e-02 3.714222697778961357e-02
4.700182745325097926e+02 -1.137329328535935380e-01 3.896192196933754431e-02
4.771331842123342426e+02 -1.863704438106249528e-01 4.078828629840458575e-02
4.842392520154803037e+02 -2.642629209287287728e-01 4.265316918759104459e-02
4.913502207618511193e+02 -3.472542071297018973e-01 4.458760864075803770e-02
4.985746804816416784e+02 -4.350289052100493326e-01 4.661090485361012864e-02
5.059885861668563507e+02 -5.270411788127284947e-01 4.874346311435819035e-02
5.135314160574647531e+02 -6.221129153968166792e-01 5.100841506994961694e-02
5.211015809917522574e+02 -7.187969654356524130e-01 5.342954590333087034e-02
5.286718218443272690e+02 -8.157959030256822786e-01 5.602077770116302424e-02
5.362683099690381141e+02 -9.130250572686985366e-01 5.876606664793825735e-02
5.439052821910812554e+02 -1.010933352257069595e+00 6.164387614987437702e-02
5.516050755549205178e+02 -1.110079826113166135e+00 6.463477909444781400e-02
5.593764163108480716e+02 -1.211017187906956893e+00 6.771867220211015559e-02
5.672328467176638469e+02 -1.314240026943955364e+00 7.087953138138275433e-02
5.751555557190101808e+02 -1.419996815203335316e+00 7.410448061770311123e-02
5.831255755027908663e+02 -1.528483356587739816e+00 7.738495296434068360e-02
5.911250973480102857e+02 -1.639905867194473954e+00 8.071070655999459942e-02
5.991300796711554995e+02 -1.754496196034829536e+00 8.407315856557320832e-02
6.071441468995299147e+02 -1.872725309517366599e+00 8.746522656535019036e-02
6.152199546628363578e+02 -1.995426647249336272e+00 9.088428554145680516e-02
6.234349406179014750e+02 -2.123498386315132880e+00 9.432808754918475813e-02
6.318459736633902821e+02 -2.257662917442277095e+00 9.779311713059982147e-02
6.404260127731981811e+02 -2.397794253287022226e+00 1.012711016997604324e-01
6.491130242862250270e+02 -2.543133265754394134e+00 1.047554107487108505e-01
6.577954241855842383e+02 -2.692260779063002207e+00 1.082510261324872991e-01
6.663804234733921703e+02 -2.843723110111308738e+00 1.117678670845846239e-01
6.748834579148109469e+02 -2.996973880886405261e+00 1.153155527262005597e-01
6.833967302946332438e+02 -3.151995657528622097e+00 1.189038153436442619e-01
6.920120164195878942e+02 -3.309026809349038700e+00 1.225413958843174084e-01
7.007960073045111358e+02 -3.468415341893658965e+00 1.262322466015874944e-01
7.097575841809377835e+02 -3.630006857167256129e+00 1.299800488495259365e-01
7.188473690056293890e+02 -3.793404198401735261e+00 1.337880679621558377e-01
7.280112824974944488e+02 -3.958034817951560314e+00 1.376594976532033443e-01
7.372068695687727313e+02 -4.123535382194607024e+00 1.415941809402359586e-01
7.464244717029179128e+02 -4.289887877924996040e+00 1.455801546969078542e-01
7.556571842500471803e+02 -4.457151823104939403e+00 1.496015339140217282e-01
7.648997993208669186e+02 -4.625478043508159942e+00 1.536416054237672302e-01
7.741685176660497518e+02 -4.795055053155956593e+00 1.576839728185009115e-01
7.834854451876428811e+02 -4.966119495653432914e+00 1.617127862932047355e-01
7.928583602266172647e+02 -5.138639878331780153e+00 1.657228448525705777e-01
8.022915691477003293e+02 -5.312556902861471642e+00 1.697124298972172152e-01
8.117922707079666225e+02 -5.487826616224325882e+00 1.736787250617006784e-01
8.213657709122604729e+02 -5.664379866872754299e+00 1.776198599280195689e-01
8.310147466021694527e+02 -5.842182560878949715e+00 1.815339241618708355e-01
8.407452430470780200e+02 -6.021068503020819307e+00 1.854179771644755281e-01
8.505536316165447488e+02 -6.200913023987399519e+00 1.892696306320136579e-01
8.604432192827712242e+02 -6.381591456889857739e+00 1.930858028517747904e-01
8.704115647214977116e+02 -6.562953769715070607e+00 1.968634797450043439e-01
8.804502066877779498e+02 -6.744804713684037445e+00 2.006012758656424977e-01
8.905670387071546656e+02 -6.926949043244900572e+00 2.042982833386960961e-01
9.007578164436073394e+02 -7.109256531848783922e+00 2.079495199394945648e-01
9.110190992312676599e+02 -7.291600624936775965e+00 2.115512440166143482e-01
9.213412585077078347e+02 -7.473618985308145390e+00 2.151070752846400980e-01
9.317231441333003659e+02 -7.655203630620136757e+00 2.186054745519311893e-01
9.421583448753394805e+02 -7.836072004294975635e+00 2.220490119581944866e-01
9.526404495756988808e+02 -8.015934246629884186e+00 2.254364246891438772e-01
9.631616191629108243e+02 -8.194637170319330366e+00 2.287691017527704596e-01
9.737122982417339472e+02 -8.371901930341397957e+00 2.320397804460131996e-01
9.842974192628541914e+02 -8.547441182348462618e+00 2.352497146361446079e-01
9.949084242504236499e+02 -8.721187666545704431e+00 2.383880071972960257e-01
1.005544461502467811e+03 -8.892999656892525806e+00 2.414551335624781081e-01
1.016209990954717341e+03 -9.062592326552220356e+00 2.444499454458129162e-01
1.026903225848241846e+03 -9.229965641658903763e+00 2.473594901028111082e-01
1.037622379487361968e+03 -9.394876088679323445e+00 2.501783162095102542e-01
1.048366107631178011e+03 -9.557210024289908290e+00 2.529130742472536775e-01
1.059139363258904268e+03 -9.716850620403697292e+00 2.555568630638471173e-01
1.069940163850220870e+03 -9.873613660688763005e+00 2.580966302169903637e-01
1.080759809772556309e+03 -1.002731639219790516e+01 2.605397662193579267e-01
1.091604278984574876e+03 -1.017785228171932488e+01 2.628770186268810649e-01
1.102471902631332114e+03 -1.032499458237493251e+01 2.651075272282467088e-01
1.113359875214403928e+03 -1.046864646435782831e+01 2.672283512939109817e-01
1.124259402078612766e+03 -1.060876391630762150e+01 2.692399188684781453e-01
1.135175408503028621e+03 -1.074516623957986283e+01 2.711427086608013681e-01
1.146106405049268460e+03 -1.087766927116843796e+01 2.729304376828379231e-01
1.157043966754379198e+03 -1.100622163074261550e+01 2.746098038983209588e-01
1.167992279789202030e+03 -1.113071518998193277e+01 2.761753144014602035e-01
1.178943832038756682e+03 -1.125097247248218402e+01 2.776331748243195396e-01
1.189896047769686220e+03 -1.136693472828994977e+01 2.789783855010805058e-01
1.200853537138855017e+03 -1.147848625669404932e+01 2.802156403947784202e-01
1.211810778866909459e+03 -1.158539684712792628e+01 2.813353365726937727e-01
1.222760430018362968e+03 -1.168753263671937859e+01 2.823365791088994770e-01
1.233712476753758210e+03 -1.178472518954761661e+01 2.832207916266025194e-01
1.244658139801324523e+03 -1.187684978375152944e+01 2.839780915729511190e-01
1.255599607417860625e+03 -1.196368516037719232e+01 2.846179051727532050e-01
1.266532840740784650e+03 -1.204519576096662803e+01 2.851287401241290875e-01
1.277461064073079569e+03 -1.212114793431001480e+01 2.855119784993863652e-01
1.288380731403752407e+03 -1.219137408589027771e+01 2.857657824781578704e-01
1.299289537136035506e+03 -1.225581394961958637e+01 2.858945918333252734e-01
1.310182283333600935e+03 -1.231437834046146840e+01 2.858970616154698496e-01
1.321065999604588797e+03 -1.236695662999231082e+01 2.857723480683121986e-01
1.331935849301255303e+03 -1.241348486964482412e+01 2.855312105389570254e-01
1.342786519807866625e+03 -1.245383213929534350e+01 2.851710132458299962e-01
1.353622148500708590e+03 -1.248794986971526733e+01 2.846923263051163167e-01
1.364436616494921964e+03 -1.251578266319114263e+01 2.841036325089791870e-01
1.375228046920923589e+03 -1.253717816165426235e+01 2.834050650100934376e-01
1.385987008650582311e+03 -1.255211723273102997e+01 2.826031435791497293e-01
1.396703827008917642e+03 -1.256050461533189200e+01 2.817094810215117207e-01
1.407374413376354369e+03 -1.256224073833419119e+01 2.807287544244667643e-01
1.417991189806082730e+03 -1.255725143464766980e+01 2.796643188652216949e-01
1.428545635116680387e+03 -1.254527059623314322e+01 2.785159051334242797e-01
1.439025556818999121e+03 -1.252606972631435767e+01 2.772814935797986990e-01
1.449428388845791233e+03 -1.249949279307885597e+01 2.759590643140936717e-01
1.459756983225774547e+03 -1.246538376593438002e+01 2.745497863630930735e-01
1.470008715321627278e+03 -1.242364793488869346e+01 2.730586980563829980e-01
1.480186003391706663e+03 -1.237418216313761121e+01 2.714849518797948780e-01
1.490292788997962361e+03 -1.231684442279802560e+01 2.698279267958904604e-01
1.500330706667203003e+03 -1.225156593446345177e+01 2.680916298388784091e-01
1.510294234279152306e+03 -1.217821640378413761e+01 2.662772733068234920e-01
1.520188442203466821e+03 -1.209671039286991245e+01 2.643942115292807760e-01
1.530006901412581783e+03 -1.200698573236562972e+01 2.624403437357340496e-01
1.539743507829934288e+03 -1.190898350175149822e+01 2.604255611278989413e-01
1.549386607946707727e+03 -1.180261008935889322e+01 2.583548993667996729e-01
1.558934505141055979e+03 -1.168784294815956848e+01 2.562373081031164568e-01
1.568381834970786485e+03 -1.156454716850675446e+01 2.540846038070406765e-01
1.577717915959631227e+03 -1.143278064884882639e+01 2.518928358408287771e-01
1.586944935511904532e+03 -1.129243499767801673e+01 2.496740970776644974e-01
1.596055603232581007e+03 -1.114355131595571891e+01 2.474404799949453115e-01
1.605048223239942899e+03 -1.098615499807720930e+01 2.452040766716972742e-01
1.613921099797856414e+03 -1.082040642739720937e+01 2.429769787867547548e-01
1.622672537313672365e+03 -1.064630171403519476e+01 2.407701828286978318e-01
1.631299868745931008e+03 -1.046389660973946611e+01 2.385906640997553507e-01
1.639796885199474900e+03 -1.027325535233593179e+01 2.364567234354879033e-01
1.648173108234642996e+03 -1.007449703371383976e+01 2.343804509074181308e-01
1.656414223623827638e+03 -9.867651269362040622e+00 2.323720216400076422e-01
1.664520486951601697e+03 -9.652693167973188437e+00 2.304349097599272256e-01
1.672498317038982123e+03 -9.429686609256695107e+00 2.285827675865661213e-01
1.680340958899527323e+03 -9.198496705128659912e+00 2.268098347466931120e-01
1.688048374820197978e+03 -8.959057926210833855e+00 2.251306111520806619e-01
1.695612723398777916e+03 -8.711322427629800913e+00 2.235458512438975587e-01
1.703035518779849781e+03 -8.454870434532669066e+00 2.220576137367708536e-01
1.710323166071446394e+03 -8.190183809339634635e+00 2.206799605642108530e-01
1.717468692391905961e+03 -7.917337119482975361e+00 2.194205636819302752e-01
1.724478954036211690e+03 -7.636335720463522492e+00 2.182870806387592622e-01
1.731354283430521036e+03 -7.347251582817544424e+00 2.172803702272641246e-01
1.738088077517067632e+03 -7.050226036143688368e+00 2.164143807303605116e-01
1.744686453604391090e+03 -6.745142171434842737e+00 2.157038272193496919e-01
1.751143685155037019e+03 -6.432248536178709841e+00 2.151505668394346205e-01
1.757465396791948933e+03 -6.111579258922553493e+00 2.147621324174593949e-01
1.763652537229707377e+03 -5.783323813912912392e+00 2.145549219240610039e-01
1.769699119672625102e+03 -5.447576787048490132e+00 2.145392012159032247e-01
1.775610029678422734e+03 -5.104531493945236420e+00 2.147264105587591010e-01
1.781386585676227469e+03 -4.754403708395195771e+00 2.151266950414582046e-01
1.787023170573087100e+03 -4.397238519360843867e+00 2.157521012949871753e-01
1.792518364467753599e+03 -4.033206932219013829e+00 2.166141098596013892e-01
1.797883126197413731e+03 -3.662633588445692201e+00 2.177255352311560643e-01
1.803115685929755045e+03 -3.285715843206893805e+00 2.190996760526323639e-01
1.808219450998315551e+03 -2.902754790831887810e+00 2.207498304172149650e-01
1.813201552741384148e+03 -2.514005913748536880e+00 2.226903105605173017e-01
1.818067841208901655e+03 -2.119675944151015123e+00 2.249347775505813052e-01
1.822804559746041605e+03 -1.719710228745281011e+00 2.274962399954412740e-01
1.827413495462055607e+03 -1.314114365974635268e+00 2.303876483240418216e-01
1.831889886372026922e+03 -9.027813644243433133e-01 2.336233265335123099e-01
1.836223516128985693e+03 -4.857279878297705578e-01 2.372170040612454345e-01
1.840398100865593960e+03 -6.288433661639136751e-02 2.411824961496443764e-01
1.844408752638979649e+03 3.657872664882335645e-01 2.455337410631498463e-01
1.848241534038283135e+03 8.002514808526987045e-01 2.502848003392592058e-01
1.851887477607647497e+03 1.240542327980005410e+00 2.554492388479965292e-01
1.855341561138427096e+03 1.686720935017832490e+00 2.610411543143221769e-01
1.858592829284285699e+03 2.138733668974936997e+00 2.670748650978456706e-01
1.861651642982158364e+03 2.596459050876265273e+00 2.735636610917799305e-01
1.864524849292332647e+03 3.059796367783957027e+00 2.805215265237174793e-01
1.867207820963108361e+03 3.528638175439588576e+00 2.879631858534294486e-01
1.869710286312968265e+03 4.002875686784080678e+00 2.959020239210716774e-01
1.872039602151751978e+03 4.482396949889195348e+00 3.043515155895456514e-01
1.874198191773647295e+03 4.967092389872568958e+00 3.133264193595129421e-01
1.876189702143540671e+03 5.456838328919208614e+00 3.228382287805534046e-01
1.878008111969148331e+03 5.951492400004280370e+00 3.328999724201587851e-01
1.879643967238714367e+03 6.450900096162116348e+00 3.435282822268155289e-01
1.881096712370315117e+03 6.954930873963736104e+00 3.547304458105014491e-01
1.882363428685449662e+03 7.463466075253779586e+00 3.665184760546873477e-01
1.883436502017363182e+03 7.976323644182899741e+00 3.789092959324563692e-01
1.884312551848139947e+03 8.493364051473552223e+00 3.919101897654122535e-01
1.884992100946660003e+03 9.014379269419471541e+00 4.055324279252853770e-01
1.885466087805682946e+03 9.539270375889223885e+00 4.197917988605959216e-01
1.885741016117816798e+03 1.006774893579556185e+01 4.346920191569002556e-01
1.885821765680475892e+03 1.059967403598674451e+01 4.502441794523772689e-01
1.885706280825373597e+03 1.113474742274730289e+01 4.664530020892586060e-01
1.885389703173818134e+03 1.167285185248350921e+01 4.833371270351823901e-01
1.884877282377738311e+03 1.221371220959169790e+01 5.009025764413181925e-01
1.884169594990170026e+03 1.275711144135822828e+01 5.191518293846731913e-01
1.883271129229006419e+03 1.330283251434076774e+01 5.380982110186376399e-01
1.882176041431836893e+03 1.385064956646822587e+01 5.577472251077026932e-01
1.880890835928944171e+03 1.440028263112806606e+01 5.780943112343809309e-01
1.879420740328353759e+03 1.495150834851662403e+01 5.991531610815272746e-01
1.877758656756874871e+03 1.550403917413154886e+01 6.209305298095447734e-01
1.875904814930738667e+03 1.605759542202577705e+01 6.434270200725595856e-01
1.873871702950651525e+03 1.661202269613104932e+01 6.666499003828693093e-01
1.871645377073289410e+03 1.716696437568365496e+01 6.906060016067431251e-01
1.869246369787834055e+03 1.772213321327430435e+01 7.152814814929039366e-01
1.866658802176314794e+03 1.827730226205440189e+01 7.407115289681734938e-01
1.863895675612063769e+03 1.883217030987187357e+01 7.668681770666241349e-01
1.860958227453110567e+03 1.938630853744289695e+01 7.937597026267806388e-01
1.857845903464611183e+03 1.993963626295450453e+01 8.213795545340081272e-01
1.854571818868825403e+03 2.049173612301739311e+01 8.497208786720121809e-01
1.851136113743430769e+03 2.104231380016389252e+01 8.787835319396605227e-01
1.847538233694350083e+03 2.159121370258953121e+01 9.085611296087869881e-01
1.843790554551457490e+03 2.213809570605226895e+01 9.390532812767240500e-01
1.839900297304036258e+03 2.268272873081567553e+01 9.702411639198942339e-01
1.835860563779249787e+03 2.322483337388416658e+01 1.002133891872396765e+00
1.831683298896039105e+03 2.376405895033335725e+01 1.034752600336158679e+00
1.827359446070300692e+03 2.430022384104100297e+01 1.068109766272564487e+00
1.822893150448498773e+03 2.483300355549384975e+01 1.102239090337275407e+00
1.818275007946676624e+03 2.536198006648800174e+01 1.137144755768615623e+00
1.813502821438448564e+03 2.588689011183834765e+01 1.172850962798265506e+00
1.808571826053675295e+03 2.640740452786526760e+01 1.209372753011719315e+00
1.803486390255528022e+03 2.692310901271545731e+01 1.246731143232549188e+00
1.798233354459590601e+03 2.743372924423326609e+01 1.284934855758742556e+00
1.792812696339457034e+03 2.793894347730248029e+01 1.324002466208677786e+00
1.787227201760508024e+03 2.843854060182650656e+01 1.363948423332648430e+00
1.781482447931943398e+03 2.893207986144517818e+01 1.404778168665668403e+00
1.775581466657829196e+03 2.941993686818734588e+01 1.446509170021773150e+00
1.769534205438186291e+03 2.990128874039622886e+01 1.489151999329308973e+00
1.763342012813174279e+03 3.037623121666805304e+01 1.532714398195364591e+00
1.757011655000396786e+03 3.084457472813805268e+01 1.577206673545773041e+00
1.750549466793716192e+03 3.130617282913173582e+01 1.622639132881932067e+00
1.743956160354013036e+03 3.176061644430462394e+01 1.669017959957665553e+00
1.737228446413408619e+03 3.220810997738443859e+01 1.716342403633497327e+00
1.730363855823736230e+03 3.264822392650719252e+01 1.764612533851949383e+00
1.723366854726614747e+03 3.308000743575539104e+01 1.813827847307418972e+00
1.716237949844552304e+03 3.350389676588216048e+01 1.863988169051234101e+00
1.708970793271746743e+03 3.391961027202511048e+01 1.915096752121256962e+00
1.701562422013196283e+03 3.432680023102768985e+01 1.967150080046751626e+00
1.694020070341658538e+03 3.472528356954514805e+01 2.020143814001144289e+00
1.686346010744939804e+03 3.511461401739605748e+01 2.074078070834733722e+00
1.678541913410243296e+03 3.549500863051591892e+01 2.128940001610285737e+00
1.670615202301453564e+03 3.586633922998890966e+01 2.184719090662309959e+00
1.662560776777761703e+03 3.622861988683779799e+01 2.241414578471547348e+00
1.654389050672478334e+03 3.658120723839660116e+01 2.299013840137821951e+00
1.646107282037103232e+03 3.692446620649987210e+01 2.357510554531162761e+00
1.637711520353032938e+03 3.725764088518352679e+01 2.416893865556461130e+00
1.629204750441720535e+03 3.758089656900979492e+01 2.477148365387609630e+00
1.620594739292853092e+03 3.789470908106601144e+01 2.538251235670146322e+00
1.611885193737705094e+03 3.819848857614646676e+01 2.600188624637477020e+00
1.603073576434172764e+03 3.849246029328732988e+01 2.662949112011626873e+00
1.594167653801296410e+03 3.877633428233292534e+01 2.726506021453125150e+00
1.585171871318687408e+03 3.904982060123495557e+01 2.790846842845283504e+00
1.576082951926023497e+03 3.931278303449467870e+01 2.855952131623079815e+00
1.566907247558738163e+03 3.956563753183926480e+01 2.921798336754165781e+00
1.557648046802525414e+03 3.980867097284876621e+01 2.988363680750697249e+00
1.548316671277267460e+03 4.004147669012849775e+01 3.055613753709365721e+00
1.538907813351746199e+03 4.026347666258192959e+01 3.123534578393682981e+00
1.529424022005095821e+03 4.047603803017403123e+01 3.192095056830595468e+00
1.519878525246273057e+03 4.067777835372032769e+01 3.261271825779433975e+00
1.510271354647444241e+03 4.086968455012954138e+01 3.331043922902311216e+00
1.500597260882837645e+03 4.105152191047650945e+01 3.401310072147652797e+00
1.490864008843054307e+03 4.122362077171494832e+01 3.472142631461066831e+00
1.481078752930346354e+03 4.138507696324724350e+01 3.543478300903482925e+00
1.471235504306415805e+03 4.153697599155830744e+01 3.615191705983669568e+00
1.461341886379346079e+03 4.167894047648019296e+01 3.687367562105890340e+00
1.451390268873473360e+03 4.180923148782947862e+01 3.759912446365359706e+00
1.441395980411472465e+03 4.192852724262380093e+01 3.832869046663970103e+00
1.431360525687809968e+03 4.203704190847302868e+01 3.906199836294105499e+00
1.421284468612331466e+03 4.213400213757449109e+01 3.979877872731925503e+00
1.411175244144508952e+03 4.221931526055583106e+01 4.054013637879670284e+00
1.401040474750014027e+03 4.229290737228570407e+01 4.128451449344059832e+00
1.390881158044258200e+03 4.235470457067020078e+01 4.203288184061684696e+00
1.380704359084333191e+03 4.240463295595198900e+01 4.278508049728596774e+00
1.370517700022758390e+03 4.244198079492670672e+01 4.354084111626028708e+00
1.360316292598057544e+03 4.246659383013052036e+01 4.430051988238554728e+00
1.350112037086410282e+03 4.247839816427179471e+01 4.506332696760797951e+00
1.339907596539378119e+03 4.247731989926891316e+01 4.582948895219890240e+00
1.329703533883217915e+03 4.246328513540370153e+01 4.659885387938160761e+00
1.319494649558484298e+03 4.243621997045648442e+01 4.737057625590937349e+00
1.309297004091800545e+03 4.239492266776700546e+01 4.814537271470345381e+00
1.299104756475980366e+03 4.234011394936546679e+01 4.892273100099307825e+00
1.288925922599790511e+03 4.227151382366580634e+01 4.970275459287771369e+00
1.278764643064790107e+03 4.218886945004819466e+01 5.048482627706585291e+00
1.268616333563242279e+03 4.209210690041158642e+01 5.126848565865983254e+00
1.258489566704397021e+03 4.198115223878095037e+01 5.205446823610902385e+00
1.248389221784808342e+03 4.185642151642939268e+01 5.284195666509140743e+00
1.238320637098810266e+03 4.171759130206351784e+01 5.363070313566586478e+00
1.228282125625813478e+03 4.156434711171346663e+01 5.442067910288479027e+00
1.218271720137810007e+03 4.139706800541661380e+01 5.521206856310246991e+00
1.208303203094458013e+03 4.121594515373561762e+01 5.600442694365406204e+00
1.198372607742345735e+03 4.102047615893999222e+01 5.679720777552193844e+00
1.188484282986784820e+03 4.081071328372340901e+01 5.759014209409333063e+00
1.178639777628437514e+03 4.058728837388795085e+01 5.838296096073411157e+00
1.168841191795046370e+03 4.035005038679648948e+01 5.917578689984414275e+00
1.159091829451049989e+03 4.009897762026503187e+01 5.996867778445616359e+00
1.149392527534811506e+03 3.983396827913665561e+01 6.076099795935514969e+00
1.139747359578535907e+03 3.955495134815231495e+01 6.155212719517954234e+00
1.130156884925434497e+03 3.926290074824658660e+01 6.234213884560177554e+00
1.120624961085760333e+03 3.895783475240594385e+01 6.313081033640463247e+00
1.111152855408267897e+03 3.863922001371003745e+01 6.391780207935317648e+00
1.101740171825970037e+03 3.830738304353684498e+01 6.470324603355463999e+00
1.092388670093814426e+03 3.796283541056422450e+01 6.548658063119007444e+00
1.083097460966856715e+03 3.760607298771752482e+01 6.626739244972443821e+00
1.073874161375883205e+03 3.723685214932429233e+01 6.704558225602717414e+00
1.064721269725639331e+03 3.685554860771303964e+01 6.782068740495595272e+00
1.055634721074709205e+03 3.646257529243911222e+01 6.859290159769077633e+00
1.046615073098700577e+03 3.605857583482328010e+01 6.936195628614943764e+00
1.037665072900545510e+03 3.564342692625208997e+01 7.012758295049512647e+00
1.028790270238697303e+03 3.521805271420625161e+01 7.088971973680863847e+00
1.019989279187667989e+03 3.478237885063887092e+01 7.164822110259200016e+00
1.011257418109287642e+03 3.433633096676109631e+01 7.240195285497515343e+00
1.002595244029639048e+03 3.388017402923606625e+01 7.315118278196485413e+00
9.940017402966371947e+02 3.341477330379439081e+01 7.389548514309529637e+00
9.854718553857868528e+02 3.293963856073768426e+01 7.463417578380334483e+00
9.770070141543465070e+02 3.245519770888595446e+01 7.536739685682133150e+00
9.686109097497135281e+02 3.196114269190994861e+01 7.609426519916287823e+00
9.602833293733257278e+02 3.145757203481644737e+01 7.681471443499019891e+00
9.520309957473899658e+02 3.094427372118422070e+01 7.752736361554151578e+00
9.438650639681779921e+02 3.042253230968131561e+01 7.823354864470989156e+00
9.357856627682476756e+02 2.989135594854846545e+01 7.893225794070791501e+00
9.278050280289627381e+02 2.935159823662458933e+01 7.962369065857696881e+00
9.199284600975777266e+02 2.880341919732437717e+01 8.030739889883772520e+00
9.121550069794569708e+02 2.824642191463294338e+01 8.098296894221281406e+00
9.044906522776039992e+02 2.768213724517138985e+01 8.165061512807328725e+00
8.969479344388022355e+02 2.710937891910835873e+01 8.230920278141487856e+00
8.895199296896039414e+02 2.652826373410299965e+01 8.295889473205866338e+00
8.822161153857259706e+02 2.593879822570324833e+01 8.359899291561829315e+00
8.750373070757880214e+02 2.534150290828951313e+01 8.422937319951728341e+00
8.679822396166126737e+02 2.473588107003570613e+01 8.484888474241513379e+00
8.610496199649998061e+02 2.412281468741411317e+01 8.545775542711821160e+00
8.542449395404669303e+02 2.350090928031125515e+01 8.605556495813861062e+00
8.475673031453605972e+02 2.287127489767095412e+01 8.664186561351284510e+00
8.410284940038934565e+02 2.223406518289095146e+01 8.721620968459282253e+00
8.346156780910132511e+02 2.158940936944150124e+01 8.777879095011202892e+00
8.283449032580263065e+02 2.093756894096725674e+01 8.832923844587531548e+00
8.222113801164018696e+02 2.027882070407183335e+01 8.886710449824345659e+00
8.162188481231484047e+02 1.961332054096409649e+01 8.939254595874636777e+00
8.103671521404719442e+02 1.894138169872676158e+01 8.990463665785611624e+00
8.046550003871118406e+02 1.826323553141874712e+01 9.040454257554445761e+00
7.990924523480208563e+02 1.757903141524511526e+01 9.089052836708827243e+00
7.936701246476004599e+02 1.688907144237513336e+01 9.136391542345442929e+00
7.883943250990951128e+02 1.619353999920101828e+01 9.182327921167395601e+00
7.832619621962567180e+02 1.549267867986405811e+01 9.226923805969493131e+00
7.782750517158159482e+02 1.478676411057645090e+01 9.270190715091670697e+00
7.734292424675529674e+02 1.407592110654414164e+01 9.312083887392008208e+00
7.687260577435629330e+02 1.336041193677350236e+01 9.352558562047166291e+00
7.641712657766815937e+02 1.264043934613823872e+01 9.391618110076047188e+00
7.597565650688687811e+02 1.191618558577671472e+01 9.429241459009329418e+00
7.554848149347154731e+02 1.118790223640824699e+01 9.465383848565677383e+00
7.513599556748425812e+02 1.045582133669018532e+01 9.500044954128419761e+00
7.473763769844840681e+02 9.720105542989932346e+00 9.533250602972048071e+00
7.435341246305466711e+02 8.980974043907384186e+00 9.564900707388435563e+00
7.398348937253615532e+02 8.238703232336693105e+00 9.595053769696523460e+00
7.362734439547679131e+02 7.493608980996533830e+00 9.623749841069500377e+00
7.328452547056637059e+02 6.745961663035832778e+00 9.650950124344179315e+00
7.295527410374892270e+02 5.996078130457812350e+00 9.676717489432547836e+00
7.263980913437485469e+02 5.244268403181661320e+00 9.701076726371235637e+00
7.233731006081821988e+02 4.490807304085800311e+00 9.724052232406709351e+00
7.204723666612559327e+02 3.736008295042062777e+00 9.745673724586970010e+00
7.176984478205241658e+02 2.980147568963667837e+00 9.765928555416667933e+00
7.150500553241190573e+02 2.223501289573007522e+00 9.784842548601288215e+00
7.125199701688418372e+02 1.466345591382097524e+00 9.802411875444226652e+00
7.101041541777741486e+02 7.089281600017680596e-01 9.818648610131448962e+00
7.078045613028598382e+02 -4.854551585541482667e-02 9.833594786187640935e+00
7.056118501110416901e+02 -8.057979119256581946e-01 9.847195983048264267e+00
7.035290987751255898e+02 -1.562433576875188690e+00 9.859433335957076494e+00
7.015579096796002432e+02 -2.318112106208414680e+00 9.870321949858974264e+00
6.996996276854395092e+02 -3.072466319267044277e+00 9.879755324829826435e+00
6.979610577559175226e+02 -3.825152378775779738e+00 9.887729887565578579e+00
6.963410725871415252e+02 -4.575806841893671262e+00 9.894202331382869531e+00
6.948436241598352581e+02 -5.324080612392522838e+00 9.899207468426949319e+00
6.934709313892201408e+02 -6.069623582234338066e+00 9.902624009921494164e+00
6.922214977162517471e+02 -6.812078683741934704e+00 9.904490432870268535e+00
6.910992754784672343e+02 -7.551098974586708756e+00 9.904815477164069293e+00
6.901054899799162285e+02 -8.286310057787236616e+00 9.903510077510015108e+00
6.892324570850979626e+02 -9.017382894565537654e+00 9.900566926327377004e+00
6.884841295425078442e+02 -9.744010670468728819e+00 9.896061566202197568e+00
6.878634662680204883e+02 -1.046574605047932849e+01 9.889891290830725268e+00
6.873664907838006002e+02 -1.118226301619781538e+01 9.881988223412745853e+00
6.869860291561261647e+02 -1.189322809370970191e+01 9.872502100432464900e+00
6.867364059757433097e+02 -1.259826969230271132e+01 9.861336453493924736e+00
6.865963469485839141e+02 -1.329725356684064153e+01 9.848464167570455174e+00
6.865827894028614082e+02 -1.398979830654883649e+01 9.833919921146911491e+00
6.866926285791524833e+02 -1.467578210397745231e+01 9.817674130603013083e+00
6.869226283435011737e+02 -1.535488167995112896e+01 9.799765249506915410e+00
6.872626591870512129e+02 -1.602691231288457629e+01 9.780231561068870150e+00
6.877366485185941656e+02 -1.669136553443171422e+01 9.758911786270225264e+00
6.883217657496090851e+02 -1.734812199592598603e+01 9.735970798998536679e+00
6.890286472205721111e+02 -1.799709092599842464e+01 9.711380482047982099e+00
6.898474752838563973e+02 -1.863794991894930675e+01 9.685108687746245337e+00
6.907885503742661513e+02 -1.927050954872655808e+01 9.657123265376641896e+00
6.918427945946134514e+02 -1.989451818192506849e+01 9.627526011991246691e+00
6.930066210640972031e+02 -2.050965483651279087e+01 9.596228715136090770e+00
6.942898299014009353e+02 -2.111572271522458522e+01 9.563193138297558349e+00
6.956844528976370157e+02 -2.171253717777438297e+01 9.528513676526920051e+00
6.971865344926717398e+02 -2.229991358776239352e+01 9.492175242434317539e+00
6.987990549996185337e+02 -2.287791057370284165e+01 9.454206480401063928e+00
7.005080972084316500e+02 -2.344644710369649232e+01 9.414705386591561975e+00
7.023256187903958789e+02 -2.400546748637437844e+01 9.373722605828051613e+00
7.042354240455307490e+02 -2.455498538610398285e+01 9.331239423452107218e+00
7.062355918218078159e+02 -2.509486027202413894e+01 9.287279540289226532e+00
7.083300813079646332e+02 -2.562512613397637296e+01 9.241990664103377995e+00
7.105121673278175649e+02 -2.614577384042788566e+01 9.195338668228377088e+00
7.127873497208420304e+02 -2.665665554579263485e+01 9.147325148869006384e+00
7.151462636399501207e+02 -2.715779044709008971e+01 9.098039449337989026e+00
7.175915844263010968e+02 -2.764907733854475325e+01 9.047441353720317991e+00
7.201246326334473906e+02 -2.813047705626829753e+01 8.995573548401059938e+00
7.227423107687876609e+02 -2.860196944300050603e+01 8.942450463798522264e+00
7.254415216808508831e+02 -2.906351101132722192e+01 8.888131940922272989e+00
7.282236485162916324e+02 -2.951505826706985403e+01 8.832637328656804954e+00
7.310839400262314030e+02 -2.995669841159241997e+01 8.775977962793506393e+00
7.340164748696845436e+02 -3.038851502698852158e+01 8.718234529740431782e+00
7.370140468580506194e+02 -3.081057628690425076e+01 8.659433755583746617e+00
7.400744760577618990e+02 -3.122290009691068136e+01 8.599623136841977100e+00
7.431940791631218417e+02 -3.162547321505718756e+01 8.538867620216270993e+00
7.463668486253933452e+02 -3.201799832374388188e+01 8.477141444246433011e+00
7.495901762468179186e+02 -3.240005929001474527e+01 8.414488852516559092e+00
7.528614541190524960e+02 -3.277137974523284214e+01 8.350952487994788953e+00
7.561848169497239951e+02 -3.313172475045073639e+01 8.286535480157434463e+00
7.595620309847125782e+02 -3.348078120773858757e+01 8.221282225210799766e+00
7.629865551492190434e+02 -3.381830536321602665e+01 8.155167758505191600e+00
7.664587841763445795e+02 -3.414406277527638878e+01 8.088217817303306134e+00
7.699831702271471841e+02 -3.445774963453013839e+01 8.020493497865649246e+00
7.735559001840737210e+02 -3.475904786684201042e+01 7.951985583036050187e+00
7.771681463289030489e+02 -3.504765610112386298e+01 7.882744602161721126e+00
7.808193439553091366e+02 -3.532325377275515166e+01 7.812776811377492692e+00
7.845022141789137322e+02 -3.558554194728178288e+01 7.742088461403834110e+00
7.882141514921119096e+02 -3.583419756786609156e+01 7.670685797544296136e+00
7.919504114005904967e+02 -3.606890274312699773e+01 7.598596451441133048e+00
7.957013300125638580e+02 -3.628934197364338843e+01 7.525877085334406580e+00
7.994648147154248363e+02 -3.649545188298491638e+01 7.452533928296336541e+00
8.032488194941064421e+02 -3.668697442478043769e+01 7.378573204006091402e+00
8.070410880896159824e+02 -3.686372827795126028e+01 7.304034058337228075e+00
8.108565887507432990e+02 -3.702693546372461242e+01 7.229033415691445086e+00
8.146813407145385781e+02 -3.717547019263498242e+01 7.153577483664477654e+00
8.185320372885501001e+02 -3.730977660997778855e+01 7.077685232343214672e+00
8.223918195951483767e+02 -3.742983600254188303e+01 7.001421910417118255e+00
8.262751383687443649e+02 -3.753601407739795093e+01 6.924804013428317084e+00
8.301723309759718177e+02 -3.762765228331175393e+01 6.847899243547639792e+00
8.340753028585460243e+02 -3.770524396266639400e+01 6.770713782050894913e+00
8.379871875260072329e+02 -3.776865495841572340e+01 6.693253805045608296e+00
8.418983226492442782e+02 -3.781769733149971557e+01 6.615530859367408034e+00
8.457998747646089441e+02 -3.785165531791445659e+01 6.537621698428052852e+00
8.496957168533660933e+02 -3.787168996328466619e+01 6.459597246839329010e+00
8.535765228274218543e+02 -3.787633925527632783e+01 6.381394752786837543e+00
8.574467034192492747e+02 -3.786756414220877076e+01 6.303021262921370216e+00
8.613031066051236166e+02 -3.784343435332082350e+01 6.224638212066914811e+00
8.651503897855862988e+02 -3.780469624163068687e+01 6.146248378052961314e+00
8.689790703591540932e+02 -3.775213182180630156e+01 6.067780143375226309e+00
8.728004276660067262e+02 -3.768561453469911271e+01 5.989378462306131468e+00
8.766191192014745184e+02 -3.760596994854130770e+01 5.911053493849844465e+00
8.804193990853742662e+02 -3.751257035650980498e+01 5.832878699620716922e+00
8.842176008014531590e+02 -3.740590649443372939e+01 5.754732462381500824e+00
8.879933726597573695e+02 -3.728616045226097953e+01 5.676804097428306051e+00
8.917547575229177710e+02 -3.715354365555531757e+01 5.599056902074623920e+00
8.954945469007981274e+02 -3.700827443759781232e+01 5.521551215941563839e+00
8.992030795446781894e+02 -3.685050991495934625e+01 5.444302546943350585e+00
9.028886785080950403e+02 -3.668051765305713730e+01 5.367316990688674849e+00
9.065452442593168598e+02 -3.649846902746333654e+01 5.290600638596909100e+00
9.101688640595441484e+02 -3.630468408048695039e+01 5.214274544984039750e+00
9.137681859232627630e+02 -3.609952212600651933e+01 5.138260962111372621e+00
9.173382192565051128e+02 -3.588328741715603343e+01 5.062644872317880740e+00
9.208800606126816319e+02 -3.565637617221271682e+01 4.987465951020276123e+00
9.243981665838658728e+02 -3.541906050027225916e+01 4.912677714307934096e+00
9.278964081767919652e+02 -3.517170435756036539e+01 4.838324865774864314e+00
9.313713047901957225e+02 -3.491426102302550305e+01 4.764516937797490748e+00
9.348167406318933672e+02 -3.464681510097913275e+01 4.691321175770991836e+00
9.382313626893816263e+02 -3.436934338099264608e+01 4.618735466120702071e+00
9.416068348476311485e+02 -3.408184699451511079e+01 4.546827523134447269e+00
9.449390153312077700e+02 -3.378439960341681569e+01 4.475668278172522996e+00
9.482244539993052967e+02 -3.347703089225660023e+01 4.405303235520634964e+00
9.514570351175718770e+02 -3.315970114410292524e+01 4.335820596038886698e+00
9.546306429445786534e+02 -3.283246711079187463e+01 4.267253510371970648e+00
9.577431852865311157e+02 -3.249547285763890159e+01 4.199657357763274312e+00
9.607917047560598576e+02 -3.214878439636243002e+01 4.133070211328939259e+00
9.637738627096384789e+02 -3.179259338268782997e+01 4.067580288717197234e+00
9.666942560193851932e+02 -3.142710934689509372e+01 4.003228094232554213e+00
9.695502940042845239e+02 -3.105244088912528611e+01 3.940023861271218397e+00
9.723390246629735429e+02 -3.066873184327278778e+01 3.878056400134566317e+00
9.750618807569093178e+02 -3.027615884095409271e+01 3.817378740832002570e+00
9.777127462020584971e+02 -2.987490460025043859e+01 3.758030040336385547e+00
9.802946187362325645e+02 -2.946514319762000156e+01 3.700044696626528573e+00
9.828079845124028679e+02 -2.904703057683670053e+01 3.643458212045294076e+00
9.852465675127232316e+02 -2.862069558859915119e+01 3.588301943444344388e+00
9.876147540383852856e+02 -2.818635238284051425e+01 3.534612583055575019e+00
9.899044590837405622e+02 -2.774416416205564673e+01 3.482430512319958815e+00
9.921166246737803931e+02 -2.729425225299482349e+01 3.431784662483865045e+00
9.942521926920760507e+02 -2.683685366264726468e+01 3.382703924653978067e+00
9.963099292972760850e+02 -2.637218768797209734e+01 3.335220182425843394e+00
9.982837173087909832e+02 -2.590038865970804949e+01 3.289356826393448507e+00
1.000171297727311980e+03 -2.542172176660598737e+01 3.245146478330190654e+00
1.001975252600188128e+03 -2.493638280085106018e+01 3.202608176989763411e+00
1.003687453789574647e+03 -2.444454864192698196e+01 3.161767896580102377e+00
1.005312781732579651e+03 -2.394647245734880059e+01 3.122653868196666682e+00
1.006845118312897057e+03 -2.344231175556584290e+01 3.085283324821817885e+00
1.008282284741194303e+03 -2.293229336176976219e+01 3.049670873485253786e+00
1.009634578807451931e+03 -2.241667771905012074e+01 3.015820820628288157e+00
1.010893090111194169e+03 -2.189561852519679164e+01 2.983742275433270308e+00
1.012070045160375457e+03 -2.136932936060797061e+01 2.953439299615881808e+00
1.013160145095748021e+03 -2.083803197295434373e+01 2.924922071159277159e+00
1.014164329184949565e+03 -2.030198954208727713e+01 2.898199374950602980e+00
1.015084110432134935e+03 -1.976130306452209595e+01 2.873267274184470477e+00
1.015926134002293679e+03 -1.921637970882767021e+01 2.850122735246306771e+00
1.016678531245878503e+03 -1.866737539386366507e+01 2.828774631908121950e+00
1.017355744761041478e+03 -1.811470503187294412e+01 2.809205324018507977e+00
1.017951653786664451e+03 -1.755844484271787209e+01 2.791410882302085561e+00
1.018458708902041849e+03 -1.699903207490406842e+01 2.775417250081872567e+00
1.018891081043886288e+03 -1.643663407387615649e+01 2.761256115731509642e+00
1.019237944342359924e+03 -1.587166609764617675e+01 2.748851715594072598e+00
1.019514185185905831e+03 -1.530420227803783106e+01 2.738186013195758051e+00
1.019714177117200165e+03 -1.473452142133011122e+01 2.729247868609354200e+00
1.019845338465056670e+03 -1.416290725932839578e+01 2.722005999264484721e+00
1.019895722682278006e+03 -1.358951055058114932e+01 2.716441554988805684e+00
1.019884767850377443e+03 -1.301453903091069009e+01 2.712543036280247843e+00
1.019808364220923067e+03 -1.243830045972996601e+01 2.710292933443891439e+00
1.019657295238462439e+03 -1.186112521962051147e+01 2.709728658389501721e+00
1.019440188499239071e+03 -1.128339800758267231e+01 2.710901061791595179e+00
1.019156322265479616e+03 -1.070546670063995620e+01 2.713836873890537404e+00
1.018797011385937367e+03 -1.012767786255493796e+01 2.718588258560089344e+00
1.018363989150802581e+03 -9.550390749836418891e+00 2.725184214419453799e+00
1.017855875058057336e+03 -8.973944493671933031e+00 2.733613405392749218e+00
1.017269891155960977e+03 -8.398701963007795257e+00 2.744022267480279886e+00
1.016603259248549421e+03 -7.825011315053383321e+00 2.756332096092779960e+00
1.015863784802776536e+03 -7.253239179508460310e+00 2.770646609263704541e+00
1.015042131635101214e+03 -6.683759607705833439e+00 2.786951120139487870e+00
1.014141585542390658e+03 -6.116947761909054648e+00 2.805256258318021167e+00
1.013168562527599306e+03 -5.553169539444834157e+00 2.825612922872127175e+00
1.012117743652333957e+03 -4.992800938701498659e+00 2.848024026957548305e+00
1.010983966509430047e+03 -4.436220037903686908e+00 2.872516653094939976e+00
1.009778109530144548e+03 -3.883756982553532300e+00 2.899096190106437820e+00
1.008496421115037606e+03 -3.335778850331659662e+00 2.927787268477647586e+00
1.007134922539565650e+03 -2.792556009567321418e+00 2.958597753225670424e+00
1.005693708874804202e+03 -2.254357147363029945e+00 2.991549823321052237e+00
1.004178119292435213e+03 -1.721508443277936173e+00 3.026613220884410982e+00
1.002583743277336112e+03 -1.194217955469398129e+00 3.063815821569408460e+00
1.000908936367701244e+03 -6.727907427534849383e-01 3.103164760589134374e+00
9.991613442728522614e+02 -1.575464922104700682e-01 3.144643631476358170e+00
9.973345425907257322e+02 3.513298604780317747e-01 3.188267730834068114e+00
9.954254077759526353e+02 8.536533944215777270e-01 3.234051886037968337e+00
9.934419544358655685e+02 1.349172787167074450e+00 3.281947456528541807e+00
9.913820638198124016e+02 1.837657896133280788e+00 3.331921572001663723e+00
9.892420432950520990e+02 2.318963682184759900e+00 3.384034329643450523e+00
9.870232175873791221e+02 2.792905272661855065e+00 3.438236634707402040e+00
9.847256315557289099e+02 3.259269524343058055e+00 3.494494883528236784e+00
9.823535605887879001e+02 3.717909184798880329e+00 3.552806000413899934e+00
9.799086982458427428e+02 4.168747904728967946e+00 3.613131469169508225e+00
9.773882606387935539e+02 4.611628587618872288e+00 3.675497741415176378e+00
9.747964691240393904e+02 5.046554804433200481e+00 3.739861921200018369e+00
9.721406556639175278e+02 5.473460773142435620e+00 3.806178124265931828e+00
9.694143619032242896e+02 5.892232245052803741e+00 3.874455634647135049e+00
9.666281168009819567e+02 6.302754971186454114e+00 3.944624000764485050e+00
9.637757610571429723e+02 6.704969972081368468e+00 4.016682134897326506e+00
9.608615678276614744e+02 7.098923181162931861e+00 4.090629546245481585e+00
9.578898099625361056e+02 7.484500339890147735e+00 4.166353444474863998e+00
9.548632872225749679e+02 7.861601911362654960e+00 4.243875475564784949e+00
9.517792130750679007e+02 8.230197706600954177e+00 4.323119070406804099e+00
9.486372534209921241e+02 8.590290091699310793e+00 4.404077024142397434e+00
9.454465322205356870e+02 8.941786838285148420e+00 4.486756337254222515e+00
9.422042619528782552e+02 9.284705017587524978e+00 4.570974795170476668e+00
9.389085115384876872e+02 9.619026603023824507e+00 4.656828427412828653e+00
9.355642851067075298e+02 9.944904940538094706e+00 4.744227213331711823e+00
9.321804700775663832e+02 1.026237296007106004e+01 4.833087245134713328e+00
9.287425959567036671e+02 1.057152318558951265e+01 4.923389107809883036e+00
9.252679577858784796e+02 1.087238968582246912e+01 5.015109755631448785e+00
9.217537520748928728e+02 1.116504648234156782e+01 5.108166445492742902e+00
9.181972370856736916e+02 1.144902094574078255e+01 5.202562780418856114e+00
9.146025643364830557e+02 1.172400611221838673e+01 5.298239309860786506e+00
9.109660760987233061e+02 1.198914209184254176e+01 5.395235728767350025e+00
9.073000738681108714e+02 1.224460450346571783e+01 5.493455813819452693e+00
9.036016942234803082e+02 1.249004097784216505e+01 5.592909158221883281e+00
8.998680621541685696e+02 1.272502981814201384e+01 5.693536121259572980e+00
8.961031090291991177e+02 1.294935221232680433e+01 5.795275783457111807e+00
8.923110178702722806e+02 1.316259637203932975e+01 5.898200905548126372e+00
8.884894110006723622e+02 1.336453603141337787e+01 6.002194951577145332e+00
8.846482862687943225e+02 1.355495984440464241e+01 6.107255185530922503e+00
8.807736286171603979e+02 1.373371957096179941e+01 6.213328173502635110e+00
8.768855878833868474e+02 1.390048866238465664e+01 6.320414950304996005e+00
8.729731163396667171e+02 1.405509652085122951e+01 6.428464564702075279e+00
8.690370517286731911e+02 1.419734280515537250e+01 6.537416162700841582e+00
8.650873958371428216e+02 1.432707420457396452e+01 6.647267111064518730e+00
8.611182938989452396e+02 1.444403578776443453e+01 6.758027161854643694e+00
8.571365326777267910e+02 1.454811261132686973e+01 6.869594581356968099e+00
8.531478991030048746e+02 1.463923421282352955e+01 6.981946995943490109e+00
8.491405875645031074e+02 1.471722352298845848e+01 7.095040901642434505e+00
8.451288318806513189e+02 1.478192087557848033e+01 7.208763447997603713e+00
8.411074954996902306e+02 1.483318509929932993e+01 7.323135716097039172e+00
8.370744570752041227e+02 1.487092456874174040e+01 7.438138924895138615e+00
8.330435661273639880e+02 1.489511697182566152e+01 7.553712302198143824e+00
8.290048442179959238e+02 1.490576218571538902e+01 7.669795084574788646e+00
8.249663583948911310e+02 1.490295182742351265e+01 7.786372408825346980e+00
8.209311329022418704e+02 1.488669288345161057e+01 7.903454116306340538e+00
8.168979133278946847e+02 1.485704479487161045e+01 8.021050056861898980e+00
8.128666575172967441e+02 1.481406404673264809e+01 8.139043501983492135e+00
8.088385803177973230e+02 1.475779125857715712e+01 8.257437373533949909e+00
8.048218319816581925e+02 1.468825689662963896e+01 8.376263526450678398e+00
8.008160983382963423e+02 1.460553752426908858e+01 8.495384256715986737e+00
7.968151654798689378e+02 1.450973656653127541e+01 8.614784030444427643e+00
7.928233585060110045e+02 1.440088804588074467e+01 8.734469778642621307e+00
7.888449520777754742e+02 1.427902618900466791e+01 8.854379839603417679e+00
7.848804211586193560e+02 1.414425453016175815e+01 8.974456983669195864e+00
7.809274743041437432e+02 1.399664889178005467e+01 9.094634636066498246e+00
7.769886134984660657e+02 1.383627076691033153e+01 9.214891617368824228e+00
7.730671948030100111e+02 1.366332031026983529e+01 9.335197151015050210e+00
7.691576757819855175e+02 1.347802176307466482e+01 9.455561179236060099e+00
7.652658091892350285e+02 1.328051542841379096e+01 9.575911416001263277e+00
7.613887126010660040e+02 1.307099391781496855e+01 9.696176952746908384e+00
7.575284931358974063e+02 1.284966376395762566e+01 9.816409135791330343e+00
7.536892711836933358e+02 1.261666567511456449e+01 9.936500474075804945e+00
7.498656023526392573e+02 1.237227192900261130e+01 1.005643532187213829e+01
7.460616630492429522e+02 1.211672913318011169e+01 1.017623049185266559e+01
7.422796277515324164e+02 1.185028105260833442e+01 1.029581485415744879e+01
7.385166142100383695e+02 1.157320173866214574e+01 1.041521262468383391e+01
7.347714958104637617e+02 1.128575992113974991e+01 1.053434529252150043e+01
7.310468168115081653e+02 1.098821293550638423e+01 1.065324447604337443e+01
7.273416790030196353e+02 1.068078337457430216e+01 1.077181503704717080e+01
7.236598605100974737e+02 1.036350605953115256e+01 1.089004976820598181e+01
7.199993197610476727e+02 1.003641559717600806e+01 1.100779992132048335e+01
7.163743617141622053e+02 9.699553224507335258e+00 1.112506784027494078e+01
7.127698746544267578e+02 9.352968741875258729e+00 1.124172732584958467e+01
7.092043216781623869e+02 8.996699805902821367e+00 1.135761855444671298e+01
7.056768992939996679e+02 8.630792483456463771e+00 1.147275127381733739e+01
7.021818089170891426e+02 8.255343847936044810e+00 1.158700945982407937e+01
6.987255524439066221e+02 7.870296508863137142e+00 1.170028756331566910e+01
6.953088974901852453e+02 7.475890687517263267e+00 1.181260273403045602e+01
6.919448198045954541e+02 7.072108524293183152e+00 1.192384450090133541e+01
6.886196309439500283e+02 6.659134004761099845e+00 1.203403648710045282e+01
6.853403569037750458e+02 6.237081696485961224e+00 1.214313327060286873e+01
6.821164265795499659e+02 5.805805451732728883e+00 1.225103028671101946e+01
6.789462667720314357e+02 5.365565763956793077e+00 1.235771940397086688e+01
6.758361650494947526e+02 4.916543199408341280e+00 1.246310370580814819e+01
6.727722489540531114e+02 4.458991706953861822e+00 1.256727618056621587e+01
6.697677414906304421e+02 3.992893294182477515e+00 1.267012729619717071e+01
6.668232883852360828e+02 3.518557277032680730e+00 1.277160825280960843e+01
6.639388578904811311e+02 3.036045978168126158e+00 1.287160767214544776e+01
6.611144184126183063e+02 2.545532646324807580e+00 1.297013902736102509e+01
6.583499385139159585e+02 2.047202170152548462e+00 1.306710048943537217e+01
6.556516140586203392e+02 1.541177102626023698e+00 1.316243833281397713e+01
6.530142647925250685e+02 1.027693695396307838e+00 1.325616818747478831e+01
6.504427624986880119e+02 5.069474248953035334e-01 1.334819561634088991e+01
6.479382775958961247e+02 -2.093565166808153410e-02 1.343852177263213044e+01
6.454950451190574086e+02 -5.557842090632612031e-01 1.352711448952898721e+01
6.431171981649973759e+02 -1.097357629528717515e+00 1.361398446668381368e+01
6.408117652170220708e+02 -1.645455761299638553e+00 1.369904711965138944e+01
6.385696806908925964e+02 -2.199947870207207057e+00 1.378224009396966565e+01
6.363977633752716656e+02 -2.760615392613160246e+00 1.386362280454870266e+01
6.342947460053303530e+02 -3.327254665195543915e+00 1.394318864143498260e+01
6.322585354542241021e+02 -3.899731440337261379e+00 1.402084223297570809e+01
6.302891023930261554e+02 -4.477786007278035108e+00 1.409661372768865562e+01
6.283864176944639439e+02 -5.061283059976439347e+00 1.417050390040531660e+01
6.265550779919701654e+02 -5.649994727944003259e+00 1.424246732308944630e+01
6.247931086202653432e+02 -6.243685916642298217e+00 1.431250358812919821e+01
6.230978014914826417e+02 -6.842216506868961545e+00 1.438063784852233340e+01
6.214648723819511815e+02 -7.445302991928650194e+00 1.444681013452297158e+01
6.198996327726633808e+02 -8.052673789699204221e+00 1.451098707173873414e+01
6.184041436928552002e+02 -8.664145150508666404e+00 1.457319380157535527e+01
6.169713188297392890e+02 -9.279416785338263196e+00 1.463337773390300178e+01
6.155978352786941059e+02 -9.898243809945530103e+00 1.469153572089261139e+01
6.142873059438442169e+02 -1.052040401396710934e+01 1.474765427883883362e+01
6.130432460225018758e+02 -1.114571334141011150e+01 1.480172285799693022e+01
6.118588418655225496e+02 -1.177406159108851114e+01 1.485383716301141455e+01
6.107297608067430019e+02 -1.240510178492133875e+01 1.490402748566729052e+01
6.096598884690150726e+02 -1.303883258685067403e+01 1.495234275900777199e+01
6.086491991761612326e+02 -1.367555479756976133e+01 1.499882829907250503e+01
6.076976675490791422e+02 -1.431479500761243884e+01 1.504348405463119676e+01
6.068029459152494383e+02 -1.495590525690349359e+01 1.508643412370752479e+01
6.059628799673168942e+02 -1.559878498679098513e+01 1.512762260265166070e+01
6.051801750701697529e+02 -1.624348444917338696e+01 1.516692299619167272e+01
6.044575369133222011e+02 -1.688960117277839501e+01 1.520432054959615975e+01
6.037953867483079193e+02 -1.753650424333904567e+01 1.523977684041463476e+01
6.031936953208994510e+02 -1.818351769476964463e+01 1.527325794682191429e+01
6.026540746027776549e+02 -1.883053735447642296e+01 1.530463199529269325e+01
6.021695464178978909e+02 -1.947683803756175891e+01 1.533384371088303411e+01
6.017532425975699653e+02 -2.012236490921629439e+01 1.536095395475165404e+01
6.013950385190180441e+02 -2.076634356023449612e+01 1.538581030349306644e+01
6.011055775268968091e+02 -2.140892304555475789e+01 1.540842202410641626e+01
6.008762953723164628e+02 -2.204970112658638826e+01 1.542878415063798947e+01
6.007086017622857526e+02 -2.268827558776444420e+01 1.544683534392813584e+01
6.006004991597894787e+02 -2.332436183290559839e+01 1.546253777469845581e+01
6.005607031870029004e+02 -2.395794773074567985e+01 1.547593967601369158e+01
6.005891351440484414e+02 -2.458759120783848573e+01 1.548693697894086796e+01
6.006721674709345962e+02 -2.521405996492832813e+01 1.549559335192290455e+01
6.008295881659670385e+02 -2.583638264334378931e+01 1.550186106902952332e+01
6.010446121264679959e+02 -2.645486301463051859e+01 1.550579750588186734e+01
6.013203877452453980e+02 -2.706967383041170550e+01 1.550722628320222896e+01
6.016657450394556008e+02 -2.767912669703019191e+01 1.550635264981649541e+01
6.020696596804415321e+02 -2.828419322468850439e+01 1.550304839241459653e+01
6.025349116637503357e+02 -2.888446464235422795e+01 1.549732265363792294e+01
6.030723932657323303e+02 -2.947862017309298110e+01 1.548914367317221874e+01
6.036632828887468349e+02 -3.006692345313759773e+01 1.547844171829823701e+01
6.043163455453388906e+02 -3.064920759947563411e+01 1.546534754340729023e+01
6.050343516657106875e+02 -3.122577086679642022e+01 1.544980077644675909e+01
6.058062569871707410e+02 -3.179622916334031757e+01 1.543173991278769996e+01
6.066341718919302366e+02 -3.235950484676338590e+01 1.541117099877643959e+01
6.075208119849437480e+02 -3.291581666497452119e+01 1.538810309234635021e+01
6.084623833234135191e+02 -3.346481749718672916e+01 1.536261033814841426e+01
6.094609302833233642e+02 -3.400738269130361147e+01 1.533464462132110739e+01
6.105129060972371917e+02 -3.454264293561484322e+01 1.530433228009794711e+01
6.116201095135460264e+02 -3.507071842338798007e+01 1.527163928570455020e+01
6.127852580708415644e+02 -3.559191302847592198e+01 1.523668455822269685e+01
6.140051757399013468e+02 -3.610594122785487059e+01 1.519950037386713682e+01
6.152812928009371944e+02 -3.661240101417352122e+01 1.516009569934104917e+01
6.166106803640815315e+02 -3.711201988470551072e+01 1.511847948791651852e+01
6.179945230435596386e+02 -3.760415026837760877e+01 1.507471592282384343e+01
6.194355402189614779e+02 -3.808930460986133681e+01 1.502877649482014633e+01
6.209206177795443864e+02 -3.856638144811995517e+01 1.498075786736736248e+01
6.224570732975781766e+02 -3.903614436596117088e+01 1.493060392438744266e+01
6.240466500578546629e+02 -3.949879947273848302e+01 1.487838363791121843e+01
6.256801017263958329e+02 -3.995345387052832109e+01 1.482409980375979153e+01
6.273603873570918950e+02 -4.040043515408092389e+01 1.476783424641695319e+01
6.290879632321252757e+02 -4.083935439888883678e+01 1.470955050644633211e+01
6.308539536046566809e+02 -4.127091912650510608e+01 1.464934317618272175e+01
6.326646252639126260e+02 -4.169507862023120026e+01 1.458730036742254299e+01
6.345153563341541485e+02 -4.211158333709400381e+01 1.452338795855554920e+01
6.364043698820030386e+02 -4.252073699456332179e+01 1.445766922476204464e+01
6.383333474035169957e+02 -4.292235216461001102e+01 1.439020854871678701e+01
6.402979117008896992e+02 -4.331559400028025664e+01 1.432103068127565315e+01
6.422936775202638273e+02 -4.370068096930847901e+01 1.425018707199309631e+01
6.443199362557170389e+02 -4.407770636533695097e+01 1.417769239300250916e+01
6.463793619794143979e+02 -4.444574873751988520e+01 1.410356301029482751e+01
6.484677691221389750e+02 -4.480422960320240122e+01 1.402785033203006293e+01
6.505803283274086652e+02 -4.515293332956315453e+01 1.395060575265191183e+01
6.527165309297333806e+02 -4.549196260903481459e+01 1.387184881731837827e+01
6.548750537014600468e+02 -4.582088951173800950e+01 1.379159090930088638e+01
6.570556349023460143e+02 -4.613896770581716567e+01 1.370985401058661779e+01
6.592567054244512974e+02 -4.644640590395596291e+01 1.362664701343870632e+01
6.614782504354768662e+02 -4.674298830267469640e+01 1.354202124459775369e+01
6.637158873642163144e+02 -4.702824230292279140e+01 1.345600234181779875e+01
6.659652338839183585e+02 -4.730149058307637944e+01 1.336859546141285193e+01
6.682265502436034694e+02 -4.756298145139329847e+01 1.327982867872498574e+01
6.705051761619608897e+02 -4.781303150189054207e+01 1.318970465987077034e+01
6.727967300219763729e+02 -4.805063540019040857e+01 1.309829541353978222e+01
6.750968304355458258e+02 -4.827608780281961742e+01 1.300568374399576932e+01
6.774065813523019415e+02 -4.848917259932390067e+01 1.291188686651656248e+01
6.797359574020243826e+02 -4.869001466326398031e+01 1.281697543622638946e+01
6.820766830531568985e+02 -4.887917674351322006e+01 1.272092276719520854e+01
6.844299777752403315e+02 -4.905546845539203815e+01 1.262387746909928232e+01
6.867927968427616179e+02 -4.921924579563397373e+01 1.252583349569523463e+01
6.891666065404122037e+02 -4.937029238660828412e+01 1.242682989662635507e+01
6.915481161534813737e+02 -4.950850071026574994e+01 1.232685813749684201e+01
6.939380727900957027e+02 -4.963407035387427868e+01 1.222595970803392440e+01
6.963267237554964595e+02 -4.974571012191680097e+01 1.212413201400702434e+01
6.987167484965152653e+02 -4.984439927337476206e+01 1.202148237753319648e+01
7.011096338888946775e+02 -4.992927488919211498e+01 1.191798536199890712e+01
7.034953617823553031e+02 -5.000012022284233382e+01 1.181356982294206404e+01
7.058822710014945869e+02 -5.005678845780731478e+01 1.170842102806547302e+01
7.082529993621983522e+02 -5.010042910845110953e+01 1.160258779083126868e+01
7.106239303773414804e+02 -5.013082522643099281e+01 1.149605162998751773e+01
7.129832935507388356e+02 -5.014766563184083026e+01 1.138886694023835666e+01
7.153252245313479989e+02 -5.015033020415183529e+01 1.128117475661677993e+01
7.176612237789373694e+02 -5.014053144442142695e+01 1.117293792164343458e+01
7.199799135982452754e+02 -5.011805604356575827e+01 1.106420726802225296e+01
7.222836894570992854e+02 -5.008268669571545217e+01 1.095503381468035542e+01
7.245820253285551189e+02 -5.003556456825123888e+01 1.084546857078430904e+01
7.268713222542721724e+02 -4.997588309531308681e+01 1.073549584055179551e+01
7.291537493077190675e+02 -4.990468277262726815e+01 1.062516149006828314e+01
7.314319880916586953e+02 -4.982123080192214104e+01 1.051445226898938223e+01
7.337024203766246728e+02 -4.972712360029069600e+01 1.040347456068003673e+01
7.359730227038520525e+02 -4.962179033586561161e+01 1.029216461375703240e+01
7.382353751042629710e+02 -4.950551800273321135e+01 1.018055327878997751e+01
7.404958330897475207e+02 -4.937760849028651222e+01 1.006869150223842624e+01
7.427467160470802128e+02 -4.923888007040931569e+01 9.956572151027684114e+00
7.449879564920063331e+02 -4.908882123546893439e+01 9.844175568124329700e+00
7.472111151246417649e+02 -4.892706403072392618e+01 9.731537696314514818e+00
7.494210693171474986e+02 -4.875447773204067659e+01 9.618655075607426497e+00
7.516165132828127753e+02 -4.857007899549078900e+01 9.505571437178531369e+00
7.537857888070687977e+02 -4.837457803735470918e+01 9.392389017006729901e+00
7.559352237586916772e+02 -4.816754057455104743e+01 9.279169631862089318e+00
7.580593302352716591e+02 -4.795020829733966394e+01 9.166054079086981332e+00
7.601586289688038960e+02 -4.772246904317245253e+01 9.053177214492636793e+00
7.622309555846975400e+02 -4.748450147402552801e+01 8.940651516040517777e+00
7.642740000323942695e+02 -4.723673477800152654e+01 8.828543704634546074e+00
7.662834838746942978e+02 -4.697979489927382701e+01 8.716984698964255429e+00
7.682611793339426640e+02 -4.671326975722471531e+01 8.606027686168115309e+00
7.702101130189626019e+02 -4.643718985904624930e+01 8.495686004284593196e+00
7.721263759150497208e+02 -4.615162512227126257e+01 8.386001518987173498e+00
7.740110008390637404e+02 -4.585644602249293911e+01 8.277016091910898155e+00
7.758635477951504527e+02 -4.555106572613978955e+01 8.168771580971011304e+00
7.776808438464748860e+02 -4.523573786612035263e+01 8.061272713114949084e+00
7.794666514918468465e+02 -4.491061857352610787e+01 7.954490752271144771e+00
7.812178032182769130e+02 -4.457516949707363807e+01 7.848535613993401938e+00
7.829303836685762690e+02 -4.422990500437444439e+01 7.743493749216662891e+00
7.846019642294360210e+02 -4.387474495886628034e+01 7.639426825208430749e+00
7.862216965067016190e+02 -4.350969621602355630e+01 7.536464576705805385e+00
7.877856674824282663e+02 -4.313486357256640957e+01 7.434637728699109438e+00
7.892940491404363001e+02 -4.275001937393301432e+01 7.334058709018892230e+00
7.907442861006433077e+02 -4.235609734445345254e+01 7.234812673252816850e+00
7.921320951470448790e+02 -4.195238613432007924e+01 7.136941460862185949e+00
7.934576476294200802e+02 -4.153936297125905242e+01 7.040486911444794771e+00
7.947258297966112650e+02 -4.111774788657756119e+01 6.945443713789621221e+00
7.959442269263769276e+02 -4.068773906132943807e+01 6.851779564853299753e+00
7.971101732208828707e+02 -4.024970647029785198e+01 6.759564671085871446e+00
7.982308977887425954e+02 -3.980397054305473858e+01 6.668770288896460841e+00
7.993117646963401057e+02 -3.935085164048543760e+01 6.579404972124410556e+00
8.003512021745953007e+02 -3.889058297696979594e+01 6.491546325305479037e+00
8.013439393521028933e+02 -3.842306710562096583e+01 6.405181795852659121e+00
8.022886502685583991e+02 -3.794803375283920133e+01 6.320338286486986590e+00
8.031784450759309948e+02 -3.746537948657842776e+01 6.237028226891282223e+00
8.040064336120233293e+02 -3.697498832191476481e+01 6.155384703203572450e+00
8.047668509676609574e+02 -3.647667485398591225e+01 6.075342173981918670e+00
8.054588627097232347e+02 -3.597022435373975213e+01 5.996993050397260383e+00
8.060773360452537872e+02 -3.545566526286771847e+01 5.920317412961254355e+00
8.066294969961076049e+02 -3.493347365086171408e+01 5.845349583708239649e+00
8.071219384627313502e+02 -3.440425158140632078e+01 5.772067190580699503e+00
8.075553365997774335e+02 -3.386860105765347839e+01 5.700501935981747259e+00
8.079365300048327754e+02 -3.332711629545330823e+01 5.630562273042881039e+00
8.082662109050413619e+02 -3.278026589967289084e+01 5.562287477578262695e+00
8.085583823530047312e+02 -3.222871808488503831e+01 5.495650276844716409e+00
8.088132094951994304e+02 -3.167293193496121617e+01 5.430692257915066712e+00
8.090280902499968079e+02 -3.111275930446348070e+01 5.367403567500252493e+00
8.091983208498870681e+02 -3.054815843440729850e+01 5.305751353566937389e+00
8.093174429069453026e+02 -2.997880926225736786e+01 5.245763299907871158e+00
8.093924660199506889e+02 -2.940453474602324135e+01 5.187411840196383572e+00
8.094101248482261326e+02 -2.882522821067890462e+01 5.130668353333201814e+00
8.093631707679866167e+02 -2.824058404746847017e+01 5.075571287304883938e+00
8.092574669874869642e+02 -2.765064590190494087e+01 5.022111983410403546e+00
8.090982040162235762e+02 -2.705573337213669305e+01 4.970337763093989558e+00
8.088711568900890825e+02 -2.645652556141390477e+01 4.920247777526070010e+00
8.085972118758568286e+02 -2.585355125162815781e+01 4.871896096040893021e+00
8.082718788523532112e+02 -2.524749650766570852e+01 4.825284355879906784e+00
8.078977567574329441e+02 -2.463889741076894069e+01 4.780464185022732515e+00
8.074737846492940889e+02 -2.402837410797895856e+01 4.737439707849215864e+00
8.070148470455702636e+02 -2.341651380351646239e+01 4.696202908589000025e+00
8.065062604751318531e+02 -2.280355444639701901e+01 4.656857726541714371e+00
8.059519411808751101e+02 -2.218979404424493040e+01 4.619482606172314654e+00
8.053423261138926819e+02 -2.157539142897665840e+01 4.584193663969633903e+00
8.046767024842609999e+02 -2.096054664462255701e+01 4.551019558444532542e+00
8.039496420809084611e+02 -2.034545978077477102e+01 4.520054423989228631e+00
8.031518075361846059e+02 -1.973032855901261584e+01 4.491381684910813910e+00
8.022884349850604622e+02 -1.911534163406223286e+01 4.465112582417727793e+00
8.013571583866340688e+02 -1.850065873754589774e+01 4.441190989439902204e+00
8.003578624513052091e+02 -1.788642472386999316e+01 4.419606179099985432e+00
7.992908376069619862e+02 -1.727278245823861269e+01 4.400331087576003775e+00
7.981668989995974925e+02 -1.665987477575847464e+01 4.383330908684195393e+00
7.969837324820981621e+02 -1.604782327304279477e+01 4.368597786563141128e+00
7.957455333404786870e+02 -1.543676014788223583e+01 4.356041504747385495e+00
7.944592098640251834e+02 -1.482687516767647473e+01 4.345672883552164301e+00
7.931224804157382096e+02 -1.421850487796630880e+01 4.337509115331252829e+00
7.917330630285703137e+02 -1.361208139319359312e+01 4.331584290050776609e+00
7.902923013621771133e+02 -1.300807306581743816e+01 4.327959281457906648e+00
7.887979660279460177e+02 -1.240698255621640023e+01 4.326626322501439859e+00
7.872508539906940541e+02 -1.180927871067522084e+01 4.327679048116782390e+00
7.856530303914228170e+02 -1.121545869375017368e+01 4.331191230078268894e+00
7.839982860178964756e+02 -1.062597037609753947e+01 4.337147223073981372e+00
7.822903568389739348e+02 -1.004098419244471074e+01 4.345579809623855816e+00
7.805295290281900407e+02 -9.460364275595171790e+00 4.356481300009638957e+00
7.787076911439356763e+02 -8.883904326358250003e+00 4.369816384677989163e+00
7.768296169780857099e+02 -8.311480778052009910e+00 4.385533221685980365e+00
7.748950456546581336e+02 -7.742849823865227243e+00 4.403649340610443552e+00
7.728994207059434984e+02 -7.177877496117874401e+00 4.424155884063651456e+00
7.708475148948679134e+02 -6.616335295022508944e+00 4.446949482497537964e+00
7.687398055035616835e+02 -6.058197856814062199e+00 4.472001066720106444e+00
7.665730201903068064e+02 -5.503644889441410726e+00 4.499272959376133585e+00
7.643551870802643862e+02 -4.952812449672199691e+00 4.528790163924739431e+00
7.620857967391694956e+02 -4.405937986057708144e+00 4.560474548671580308e+00
7.597679653859971722e+02 -3.863166719498865032e+00 4.594247998556496348e+00
7.574039996018872216e+02 -3.324783458642958323e+00 4.630047730943176454e+00
7.550057452923236951e+02 -2.790852996606819847e+00 4.667866251829902779e+00
7.525619367694195034e+02 -2.261627597228519360e+00 4.707683232392843031e+00
7.500809163760014826e+02 -1.737197949110573125e+00 4.749432244704832939e+00
7.475564520561807740e+02 -1.217703335259767927e+00 4.793116233436692575e+00
7.449976245878318650e+02 -7.032411665903472997e-01 4.838770892972300786e+00
7.423958772037127574e+02 -1.940079644428761019e-01 4.886279334564139099e+00
7.397495883026969068e+02 3.099676458992748351e-01 4.935755266601637992e+00
7.370629794941161208e+02 8.084817092431629826e-01 4.987120727545247156e+00
7.343337224986249794e+02 1.301458893983651333e+00 5.040311383766911568e+00
7.315599409171570642e+02 1.788708240999923538e+00 5.095410266755822981e+00
7.287525340676545511e+02 2.270030463667696896e+00 5.152368633220807403e+00
7.258951372756597493e+02 2.745361766123025848e+00 5.211070529174393506e+00
7.230060632366908067e+02 3.214043711011021820e+00 5.271639593671845425e+00
7.200756976730928045e+02 3.676091433426403210e+00 5.334018300097895349e+00
7.171091168750228917e+02 4.131466988615078328e+00 5.398137404352228330e+00
7.141038762049005300e+02 4.580036582940236300e+00 5.464019903022141911e+00
7.110711916784937330e+02 5.021530473507510806e+00 5.531483544746878422e+00
7.079956960158496031e+02 5.455607588878681469e+00 5.600677416257307861e+00
7.048938515529910092e+02 5.882122224839953617e+00 5.671435486318787689e+00
7.017583345769934340e+02 6.300746943099258424e+00 5.743764638879731876e+00
6.985923152001710150e+02 6.711201101948430114e+00 5.817624932944553073e+00
6.954003351853432378e+02 7.113273367123530200e+00 5.892907089920038644e+00
6.921808095810068835e+02 7.506637919874283860e+00 5.969677547154746300e+00
6.889312206518709445e+02 7.891070304373838162e+00 6.047790606719916973e+00
6.856608101796736037e+02 8.266367123748688428e+00 6.127293561646133924e+00
6.823696637307178889e+02 8.632209791310261338e+00 6.208165740437848079e+00
6.790552624986019055e+02 8.988422629763906713e+00 6.290360449125002695e+00
6.757205976777527212e+02 9.334762453015112982e+00 6.373831011419432535e+00
6.723648213950923491e+02 9.670955046931224430e+00 6.458638511505048641e+00
6.689959417329986309e+02 9.996778775435892328e+00 6.544666925467248930e+00
6.656101338393070819e+02 1.031213270254452929e+01 6.631882676815918920e+00
6.622078536270616951e+02 1.061690401259645355e+01 6.720359922012096199e+00
6.587887447812014443e+02 1.091100835554795800e+01 6.810046416307900863e+00
6.553550574453222453e+02 1.119438295824618734e+01 6.900872711242042712e+00
6.519113290961498706e+02 1.146696497903659484e+01 6.992838730705318362e+00
6.484575722011252310e+02 1.172869150647479941e+01 7.085968523269079888e+00
6.449912649765744845e+02 1.197945554258519785e+01 7.180198122948612927e+00
6.415098854035810518e+02 1.221920901216387101e+01 7.275496002966046483e+00
6.380192215442255019e+02 1.244795937467937819e+01 7.371886260596687279e+00
6.345187725954768894e+02 1.266563337609728457e+01 7.469272050323510825e+00
6.310028659110323588e+02 1.287225350102249521e+01 7.567622088293187055e+00
6.274765497693530278e+02 1.306781673539055255e+01 7.666917539273908844e+00
6.239440939667301791e+02 1.325226230688340756e+01 7.767114634173162280e+00
6.203994361924305849e+02 1.342559729284553427e+01 7.868166763445876732e+00
6.168432422661227292e+02 1.358793117019786578e+01 7.970025259145561591e+00
6.132838135096973247e+02 1.373941676470342266e+01 8.072714323340569820e+00
6.097161764599320577e+02 1.388019489276526208e+01 8.176226476284771394e+00
6.061389217627685184e+02 1.401045360980098842e+01 8.280484896127498828e+00
6.025590093048002700e+02 1.413039922858249398e+01 8.385460344956074508e+00
5.989724564461774889e+02 1.424023669245311474e+01 8.491163666553005029e+00
5.953837980680561941e+02 1.434009663323472417e+01 8.597558256135704013e+00
5.917950154386797976e+02 1.443017170350210598e+01 8.704662373776669071e+00
5.882035845971957997e+02 1.451058511642660065e+01 8.812383439059367163e+00
5.846069815559640119e+02 1.458143678868164095e+01 8.920698238305947214e+00
5.810070502411555253e+02 1.464285222862172020e+01 9.029609244886632524e+00
5.774092018547215730e+02 1.469494932718683700e+01 9.139090802344158604e+00
5.738077287754967983e+02 1.473788772300100014e+01 9.249109117097718880e+00
5.702053514049027854e+02 1.477172776483297234e+01 9.359549344224843637e+00
5.665998551686676592e+02 1.479661869180702993e+01 9.470445863002018072e+00
5.629918310312017411e+02 1.481248156457765397e+01 9.581679771553552882e+00
5.593862253997608605e+02 1.481926683436238079e+01 9.693258179095877836e+00
5.557836923214682656e+02 1.481683901845612361e+01 9.805075923060053711e+00
5.521882263447770356e+02 1.480516530842142764e+01 9.917015864619335375e+00
5.485953268385102319e+02 1.478414345463491308e+01 1.002894527502644273e+01
5.450155880715312833e+02 1.475363032551510223e+01 1.014093269646059170e+01
5.414429416011321337e+02 1.471360483955723097e+01 1.025281069380215193e+01
5.378830734567607124e+02 1.466405288557692188e+01 1.036448824895230025e+01
5.343358989579237459e+02 1.460501215137897368e+01 1.047598976520181324e+01
5.308068915488684070e+02 1.453639989558506684e+01 1.058721471494695976e+01
5.272893335535698043e+02 1.445826528337632944e+01 1.069812185130300719e+01
5.237960373998869272e+02 1.437065526737005783e+01 1.080854398703026575e+01
5.203193672803417940e+02 1.427354736006444469e+01 1.091858509021111523e+01
5.168591946134068849e+02 1.416674372799752213e+01 1.102811988436529944e+01
5.134302913776951982e+02 1.405027501986963223e+01 1.113700655769367920e+01
5.100232305594477111e+02 1.392425949216316639e+01 1.124519196697939982e+01
5.066373123886837675e+02 1.378881504738412112e+01 1.135271151833496717e+01
5.032787727775780695e+02 1.364385379155704214e+01 1.145946325332294435e+01
4.999404471233028744e+02 1.348948640503776808e+01 1.156540986573550356e+01
4.966345775206202120e+02 1.332569877531152081e+01 1.167045029514271981e+01
4.933550188518439086e+02 1.315253396637405459e+01 1.177454477283372825e+01
4.901068651564792162e+02 1.297004022424287761e+01 1.187765879446667761e+01
4.868839379764882551e+02 1.277845429119520304e+01 1.197982071489725264e+01
4.836908388402274568e+02 1.257797438511341781e+01 1.208094336187501661e+01
4.805339614534311181e+02 1.236872928717721898e+01 1.218110282811536393e+01
4.774078669933736023e+02 1.215083750560042652e+01 1.228016912799849614e+01
4.743164182414727179e+02 1.192453333092765000e+01 1.237819830338857230e+01
4.712603394196960380e+02 1.169001958646207129e+01 1.247518361996574754e+01
4.682389660962397784e+02 1.144731872542911688e+01 1.257103509753067350e+01
4.652516340010662361e+02 1.119651623223125902e+01 1.266581033948190260e+01
4.622976790295434739e+02 1.093773021656028455e+01 1.275940398893787808e+01
4.593816143900810403e+02 1.067107870960513161e+01 1.285179566373746596e+01
4.564997271844293323e+02 1.039662912504060621e+01 1.294297088701772402e+01
4.536541565667454279e+02 1.011447805829609337e+01 1.303289512999029753e+01
4.508464903424376757e+02 9.824695232264751610e+00 1.312148578424213063e+01
4.480713809513152341e+02 9.527421468055395692e+00 1.320882509869139199e+01
4.453302289162666625e+02 9.222844998744541556e+00 1.329486223629756836e+01
4.426249922204954146e+02 8.911065222826298537e+00 1.337955461311324967e+01
4.399593229975863551e+02 8.592215342648952259e+00 1.346298141137058657e+01
4.373270429454827308e+02 8.266525281665282776e+00 1.354508158557094610e+01
4.347255774257700978e+02 7.934090827468091689e+00 1.362588281358461728e+01
4.321613232304007965e+02 7.595085335971662133e+00 1.370536502937532397e+01
4.296330334787780885e+02 7.249646672987776874e+00 1.378354357776143324e+01
4.271366866836731901e+02 6.897876550134314222e+00 1.386048467390674865e+01
4.246751971593371309e+02 6.539926487976723379e+00 1.393611797006506414e+01
4.222480579646365868e+02 6.175899048663536561e+00 1.401051089652974824e+01
4.198508787832254825e+02 5.805914479654267879e+00 1.408371144606842229e+01
4.174829991684588890e+02 5.430096689439528390e+00 1.415570412506049536e+01
4.151468417125098540e+02 5.048559962308653226e+00 1.422654276064320200e+01
4.128432271851127666e+02 4.661414582375262405e+00 1.429616636191300572e+01
4.105689786590978656e+02 4.268827658847480500e+00 1.436453607122717990e+01
4.083281960770904107e+02 3.870974185916730370e+00 1.443159806083905039e+01
4.061241453700531565e+02 3.468024472237646538e+00 1.449724669361918927e+01
4.039536219717522272e+02 3.060152785969254552e+00 1.456138561651807883e+01
4.018180136415052743e+02 2.647552082550962638e+00 1.462398496712347296e+01
3.997187084816000606e+02 2.230404130983532962e+00 1.468486792674752017e+01
3.976591921096437545e+02 1.808872277889921998e+00 1.474405120064142594e+01
3.956419901981056455e+02 1.383288719986553339e+00 1.480149226309502275e+01
3.936617774850072919e+02 9.539209175808196495e-01 1.485707006297263355e+01
3.917271507683364007e+02 5.210886092200494035e-01 1.491083730452311862e+01
3.898301955849042315e+02 8.499967583786346981e-02 1.496274005510526273e+01
3.879778798513685274e+02 -3.540040449162608072e-01 1.501270955685689401e+01
3.861715942972491575e+02 -7.956787373179724510e-01 1.506064842151626770e+01
3.844114952868619639e+02 -1.239698930701058188e+00 1.510657326219769736e+01
3.826941387521203524e+02 -1.685656068456744983e+00 1.515047844592698567e+01
3.810250102926822819e+02 -2.133300286927261258e+00 1.519224926473097881e+01
3.793948454719596270e+02 -2.582260357964457409e+00 1.523183169901721534e+01
3.778161867119889052e+02 -3.032165094765183699e+00 1.526917171338677193e+01
3.762781660652780715e+02 -3.482649537770891701e+00 1.530421525626756285e+01
3.747877492330572409e+02 -3.933413164854597799e+00 1.533690825955253523e+01
3.733337023185794123e+02 -4.384166660876316790e+00 1.536720408574498187e+01
3.719305406716894709e+02 -4.834826319341288148e+00 1.539518980766005285e+01
3.705659197067034256e+02 -5.285445916893387164e+00 1.542095248053083978e+01
3.692482908316412136e+02 -5.736148504458350672e+00 1.544457914167453616e+01
3.679813379363419585e+02 -6.186651602552202256e+00 1.546606408543507882e+01
3.667498526426182934e+02 -6.637185121072207039e+00 1.548566161812852116e+01
3.655693075596542485e+02 -7.087735373889976209e+00 1.550331965723609429e+01
3.644274640786032933e+02 -7.538423185877068278e+00 1.551919214013840964e+01
3.633252326096427964e+02 -7.989167355988651131e+00 1.553316399216265786e+01
3.622773951106438517e+02 -8.439745553413130708e+00 1.554517729341904975e+01
3.612666239515979782e+02 -8.890125188354653929e+00 1.555504639759065100e+01
3.603053695124857541e+02 -9.340223929575598660e+00 1.556276920379403705e+01
3.593965040287610009e+02 -9.789953324874801410e+00 1.556810909387077402e+01
3.585290290581839372e+02 -1.023916293981918102e+01 1.557098594637951727e+01
3.577084551596469737e+02 -1.068775451020651701e+01 1.557140616690615786e+01
3.569372890240221068e+02 -1.113540149545250202e+01 1.556926691342150626e+01
3.562111022051046234e+02 -1.158179141262006517e+01 1.556479297468275469e+01
3.555299437926071846e+02 -1.202662407173455961e+01 1.555799755402046713e+01
3.548840494166842063e+02 -1.246948761879805012e+01 1.554899370678862347e+01
3.542825436448102323e+02 -1.291010448251563503e+01 1.553788413571852622e+01
3.537142629812107657e+02 -1.334808494844942928e+01 1.552480890112716416e+01
3.531855019739663248e+02 -1.378314404083598710e+01 1.550982099080713894e+01
3.526914202352202778e+02 -1.421551026187816724e+01 1.549293646647704215e+01
3.522292384034640804e+02 -1.464548991661923871e+01 1.547417136793684733e+01
3.518100485955739600e+02 -1.507344434374797082e+01 1.545354171302961532e+01
3.514257691830235899e+02 -1.549977916316063009e+01 1.543101629016515908e+01
3.510796165911367552e+02 -1.592494595340448527e+01 1.540663243661782467e+01
3.507692162428564870e+02 -1.634928665604384435e+01 1.538038720487323374e+01
3.504992608768729383e+02 -1.677315268299428297e+01 1.535226944882614575e+01
3.502684406673197941e+02 -1.719650437845050206e+01 1.532228911771511193e+01
3.500767510319695930e+02 -1.761874751383713900e+01 1.529051439875305007e+01
3.499211835467144738e+02 -1.803923342816748487e+01 1.525698694762455787e+01
3.497933568555380361e+02 -1.845730562166214739e+01 1.522172543774964026e+01
3.496992957786565626e+02 -1.887231291309742431e+01 1.518478052492861607e+01
3.496405484424234942e+02 -1.928363732670506536e+01 1.514620284342651146e+01
3.496083648355718765e+02 -1.969062596705381551e+01 1.510597323101666589e+01
3.496042963589822534e+02 -2.009285944938354262e+01 1.506410207081291297e+01
3.496307964003773350e+02 -2.049021380962027195e+01 1.502054840296170113e+01
3.496826858479892053e+02 -2.088247147234048384e+01 1.497520519293194852e+01
3.497637737517217147e+02 -2.126965615087941330e+01 1.492806305005354695e+01
3.498785668078580784e+02 -2.165176195819670824e+01 1.487900257943821636e+01
3.500203271327187053e+02 -2.202857939879396199e+01 1.482797248801498746e+01
3.501909355126223886e+02 -2.240023550190808876e+01 1.477496251214775036e+01
3.503922730119223274e+02 -2.276622109034099140e+01 1.471986590629647651e+01
3.506238410094418327e+02 -2.312624450508705110e+01 1.466282748413371806e+01
3.508827191258155267e+02 -2.348022319004054737e+01 1.460399369217299004e+01
3.511686556804419865e+02 -2.382887507016338802e+01 1.454343625306420051e+01
3.514784844327459723e+02 -2.417144046440707683e+01 1.448123591462965365e+01
3.518140877968320410e+02 -2.450734835797060640e+01 1.441744792417786947e+01
3.521773484496826541e+02 -2.483654484356260284e+01 1.435228145454989068e+01
3.525668677981093992e+02 -2.515914003785078989e+01 1.428577040841073753e+01
3.529749642320208523e+02 -2.547548228917963797e+01 1.421789448987185267e+01
3.534077912230086440e+02 -2.578481165363745120e+01 1.414864732823459370e+01
3.538614448939608792e+02 -2.608674948152120265e+01 1.407806646669832062e+01
3.543366612364048365e+02 -2.638219415377614752e+01 1.400613155453762460e+01
3.548303152472404349e+02 -2.666988463318037361e+01 1.393283247084760923e+01
3.553495469973448735e+02 -2.694994693359224058e+01 1.385821040118096548e+01
3.558899608097743794e+02 -2.722334925905766312e+01 1.378225272550916181e+01
3.564527864606452567e+02 -2.748831266410040541e+01 1.370499650691651006e+01
3.570333823587242819e+02 -2.774663430237757566e+01 1.362636667899097098e+01
3.576332251571403731e+02 -2.799692962817233521e+01 1.354647578639159633e+01
3.582477129132802816e+02 -2.823920114127368564e+01 1.346530335754010821e+01
3.588853031474681075e+02 -2.847474096082671835e+01 1.338283052815977392e+01
3.595339211789128626e+02 -2.870209434036869212e+01 1.329910738150536531e+01
3.602099069510903746e+02 -2.892162665884205808e+01 1.321418230432802332e+01
3.608933939508337403e+02 -2.913343999548601815e+01 1.312803817813462182e+01
3.616005039914723511e+02 -2.933761650880679284e+01 1.304072699748659581e+01
3.623193426517228772e+02 -2.953410117006255575e+01 1.295222903544718562e+01
3.630582342130247184e+02 -2.972352403091650075e+01 1.286266074025457051e+01
3.638059398311965538e+02 -2.990519012545637167e+01 1.277200812299848209e+01
3.645700449862408163e+02 -3.007965935515433387e+01 1.268031662289385508e+01
3.653465323432710647e+02 -3.024693407677798618e+01 1.258763620082943469e+01
3.661429485749602577e+02 -3.040632301515170610e+01 1.249395321605317655e+01
3.669495339638896780e+02 -3.055893547587433545e+01 1.239924701354607706e+01
3.677723963086831418e+02 -3.070490518459732598e+01 1.230361917115279091e+01
3.686025154123164498e+02 -3.084357759044893044e+01 1.220707039876319300e+01
3.694511261241225952e+02 -3.097595088154285747e+01 1.210958000058748496e+01
3.703112637501891413e+02 -3.110108391467295874e+01 1.201124212249822065e+01
3.711819387452361525e+02 -3.121975687378070319e+01 1.191200863170541879e+01
3.720648391092537963e+02 -3.133217894674682924e+01 1.181190616535167592e+01
3.729608489258070563e+02 -3.143805743030699063e+01 1.171102472512768600e+01
3.738654014350475450e+02 -3.153757719965651418e+01 1.160940983347181366e+01
3.747772479014921601e+02 -3.162956590362924914e+01 1.150708891301606052e+01
3.756970716856893659e+02 -3.171477327295227155e+01 1.140408937501250897e+01
3.766206758795290170e+02 -3.179302441985882410e+01 1.130053622650908629e+01
3.775464423728406587e+02 -3.186374871997332647e+01 1.119650288913051916e+01
3.784750547172783399e+02 -3.192706901654020157e+01 1.109197040247399180e+01
3.794071965065929817e+02 -3.198335054532938670e+01 1.098703087035969439e+01
3.803391638194082134e+02 -3.203208094407565909e+01 1.088176507619569122e+01
3.812688458950016184e+02 -3.207349282408225122e+01 1.077624301339293034e+01
3.821969263872192641e+02 -3.210741468430514800e+01 1.067052119897697082e+01
3.831240889477426208e+02 -3.213400503678352749e+01 1.056466714483423885e+01
3.840471224655569813e+02 -3.215316611952928838e+01 1.045873981521559770e+01
3.849671949026421771e+02 -3.216460518895209475e+01 1.035280424206701078e+01
3.858847518884497845e+02 -3.216868685101417924e+01 1.024688535497810626e+01
3.867934182031199839e+02 -3.216542310536892302e+01 1.014104562312799551e+01
3.876970244279573308e+02 -3.215481269558630828e+01 1.003535145864081990e+01
3.885939777095985619e+02 -3.213656420317911255e+01 9.929759563584863002e+00
3.894795628922793753e+02 -3.211057678468765886e+01 9.824321301052682642e+00
3.903564513040494717e+02 -3.207701075824031278e+01 9.719144477843579821e+00
3.912228452082517265e+02 -3.203563299497405836e+01 9.614256368129348473e+00
3.920824013211891383e+02 -3.198692640880231153e+01 9.509656382313979250e+00
3.929270105732651359e+02 -3.193074343032448681e+01 9.405354454271437348e+00
3.937598953174888265e+02 -3.186707511030320106e+01 9.301423038964069079e+00
3.945815478891297516e+02 -3.179600279273090990e+01 9.197889396670488438e+00
3.953877059388809130e+02 -3.171758479963996891e+01 9.094803717025378376e+00
3.961844894941731923e+02 -3.163185340672456292e+01 8.992220444635687926e+00
3.969646035395580270e+02 -3.153888968797174996e+01 8.890137182261518944e+00
3.977319417414674376e+02 -3.143873615693251722e+01 8.788594064887066182e+00
3.984837279375564094e+02 -3.133142255279678068e+01 8.687549186087979436e+00
3.992243482356610684e+02 -3.121714081621522752e+01 8.587137432032541540e+00
3.999489793431160365e+02 -3.109582206348656896e+01 8.487354978618332879e+00
4.006583025612852111e+02 -3.096761751542331709e+01 8.388145137912623284e+00
4.013529989916948466e+02 -3.083263907949514859e+01 8.289624040633569280e+00
4.020337495304343065e+02 -3.069084972926054888e+01 8.191713303383245659e+00
4.027001736949380302e+02 -3.054235106441276315e+01 8.094500165479930232e+00
4.033468311708733154e+02 -3.038731765373480087e+01 7.997993134350604549e+00
4.039752169768903514e+02 -3.022565868192108240e+01 7.902110896352726677e+00
4.045916867491729363e+02 -3.005757470318040347e+01 7.806994238677709141e+00
4.051904299011957846e+02 -2.988308085829893201e+01 7.712540633456269390e+00
4.057725711667296764e+02 -2.970225711111408984e+01 7.618781817461846018e+00
4.063448827051104217e+02 -2.951518334563007429e+01 7.525806009862600732e+00
4.068943236424423162e+02 -2.932194334244832135e+01 7.433503308139590260e+00
4.074217239677983002e+02 -2.912275649238013031e+01 7.341901016059271257e+00
4.079414511559771768e+02 -2.891765720218809932e+01 7.251059781944857896e+00
4.084466185792247188e+02 -2.870685389436830093e+01 7.161028197211190438e+00
4.089316768921116250e+02 -2.849042954402765915e+01 7.071710098871134775e+00
4.094112785585775214e+02 -2.826860332357427197e+01 6.983062234456296480e+00
4.098726669435739041e+02 -2.804152688231006607e+01 6.895110239686484732e+00
4.103224427142390027e+02 -2.780922461963064762e+01 6.807895171694458014e+00
4.107604335008189764e+02 -2.757188711221288813e+01 6.721446497456379454e+00
4.111792777847928733e+02 -2.732965785312320861e+01 6.635803225699121732e+00
4.115838636195684899e+02 -2.708267486330127127e+01 6.551004375656966694e+00
4.119741340948181119e+02 -2.683101337766303729e+01 6.467151696776997305e+00
4.123430964712229638e+02 -2.657492515946071521e+01 6.384293330629239094e+00
4.126948987803941691e+02 -2.631450844227976305e+01 6.302468330209880953e+00
4.130298528746537841e+02 -2.604988942355317150e+01 6.221715760486592472e+00
4.133355556330454874e+02 -2.578126359458292427e+01 6.142132490101506193e+00
4.136253240972627054e+02 -2.550883918247487259e+01 6.063715077784710417e+00
4.138918254119881794e+02 -2.523276902791432974e+01 5.986542693675705351e+00
4.141363249676097098e+02 -2.495319065372327216e+01 5.910670946137559056e+00
4.143544628235770233e+02 -2.467029438975462341e+01 5.836138965004248114e+00
4.145486601925468904e+02 -2.438423660360766831e+01 5.762985894031000811e+00
4.147200892695901757e+02 -2.409520505255391498e+01 5.691250891193742056e+00
4.148679031318962416e+02 -2.380330929495119108e+01 5.620973128982076794e+00
4.149864610051239424e+02 -2.350866393356990969e+01 5.552191794686152981e+00
4.150771972779461407e+02 -2.321145287736447571e+01 5.484899387247124558e+00
4.151417756981482512e+02 -2.291179292860973504e+01 5.419110008306228465e+00
4.151793480849875664e+02 -2.260979485042287251e+01 5.354907130667250215e+00
4.151890659344311416e+02 -2.230563871651405705e+01 5.292314576198195120e+00
4.151742579618695572e+02 -2.199944858630264477e+01 5.231342798241366054e+00
4.151289707174131536e+02 -2.169133139663495058e+01 5.172031078615448862e+00
4.150539617920059641e+02 -2.138142408803764383e+01 5.114340092847519337e+00
4.149510750121499996e+02 -2.106990164170502311e+01 5.058320299232608619e+00
4.148197709504569843e+02 -2.075686096714214557e+01 5.004004815407677498e+00
4.146626962912263252e+02 -2.044244018011885800e+01 4.951398662797842576e+00
4.144790001687108543e+02 -2.012681409992501713e+01 4.900508646013079783e+00
4.142678313662567007e+02 -1.981004890138933305e+01 4.851332430058050704e+00
4.140283383131966843e+02 -1.949224264809817697e+01 4.803916167025966466e+00
4.137627378353809604e+02 -1.917347066745997353e+01 4.758228691363329155e+00
4.134713452893875001e+02 -1.885378737055765797e+01 4.714268311642270781e+00
4.131518939828534940e+02 -1.853332940670773965e+01 4.672074487228553785e+00
4.128078904976648573e+02 -1.821217941808627927e+01 4.631632713404815860e+00
4.124359054950468817e+02 -1.789038435177334918e+01 4.592918591477922696e+00
4.120329319860783244e+02 -1.756803173506358817e+01 4.555968643384574968e+00
4.116028450427211851e+02 -1.724516354771746762e+01 4.520727822067811985e+00
4.111469965290845607e+02 -1.692187220917106671e+01 4.487235684265026059e+00
4.106674240089827208e+02 -1.659817390734280806e+01 4.455469312033669027e+00
4.101601334072216218e+02 -1.627415417223337002e+01 4.425354538010746630e+00
4.096294910951237398e+02 -1.594989440726908470e+01 4.396998684495584619e+00
4.090746410765998462e+02 -1.562537075318006075e+01 4.370317350492138431e+00
4.084947269790665700e+02 -1.530069584294965424e+01 4.345295511459049465e+00
4.078888920535417810e+02 -1.497588560590098439e+01 4.321958176219675707e+00
4.072576231397854940e+02 -1.465091349077712657e+01 4.300261019355263947e+00
4.066059007246028614e+02 -1.432580276710936396e+01 4.280127004349150610e+00
4.059317693670195695e+02 -1.400054716368722296e+01 4.261595876068189348e+00
4.052302351682152448e+02 -1.367516631896146961e+01 4.244687913841856286e+00
4.045120035105596799e+02 -1.334965723922557501e+01 4.229310242932115216e+00
4.037698846215595836e+02 -1.302402643896631318e+01 4.215432086560011449e+00
4.030035458249116687e+02 -1.269830373074296759e+01 4.203035245912774442e+00
4.022183141324792928e+02 -1.237270326327418957e+01 4.192182485056196839e+00
4.014128609217515304e+02 -1.204751533663006668e+01 4.182818722358939922e+00
4.005858572110367959e+02 -1.172300728215827803e+01 4.175015851280303281e+00
3.997359736627065558e+02 -1.139945998049146070e+01 4.168645559493024955e+00
3.988618020017671597e+02 -1.107717251172934603e+01 4.163863266415313014e+00
3.979686008894734641e+02 -1.075663834319220058e+01 4.160653491250234204e+00
3.970557117788647474e+02 -1.043782340874574288e+01 4.158968700092827930e+00
3.961218039455950475e+02 -1.012094805895957528e+01 4.158817368447338403e+00
3.951586220018779159e+02 -9.806211905722689082e+00 4.160207994880223303e+00
3.941849803137910726e+02 -9.493820983603457719e+00 4.163081089772274979e+00
3.931873337760895879e+02 -9.183988289289681362e+00 4.167508168939334290e+00
3.921698970293282969e+02 -8.876907564390592142e+00 4.173502840496631450e+00
3.911383964660151378e+02 -8.572790363023282012e+00 4.180945064825874802e+00
3.900859415038636371e+02 -8.271805994322457778e+00 4.189891530872143832e+00
3.890103255416577781e+02 -7.974112362667851173e+00 4.200359611950898575e+00
3.879162772291920760e+02 -7.679872595717840866e+00 4.212357968158008781e+00
3.868095217390014682e+02 -7.389233038333351544e+00 4.225776507841118246e+00
3.856841528830678953e+02 -7.102418130973654264e+00 4.240715383174662456e+00
3.845374700849552596e+02 -6.819487604178299911e+00 4.257096804408748270e+00
3.833737080402595438e+02 -6.540680269849937112e+00 4.274955421799625732e+00
3.821931448485376563e+02 -6.266022270538826433e+00 4.294261677881332950e+00
3.809944455225349316e+02 -5.995672061801839092e+00 4.314953781237580444e+00
3.797814743477306934e+02 -5.729701599429593450e+00 4.337125948817054599e+00
3.785498018854809175e+02 -5.468228636782788143e+00 4.360674379094612085e+00
3.773009398947304476e+02 -5.211311561333366704e+00 4.385643828731162763e+00
3.760357811693614849e+02 -4.959014997734722208e+00 4.411942859667276728e+00
3.747576961880580484e+02 -4.711472977570838161e+00 4.439651019206301008e+00
3.734678236587139963e+02 -4.468705599004275442e+00 4.468713984034931030e+00
3.721603665011741668e+02 -4.230792568230809181e+00 4.499107352965222795e+00
3.708356032839772638e+02 -3.997718113315350319e+00 4.530823939093550301e+00
3.694992555685322486e+02 -3.769484072916546413e+00 4.563844283316512040e+00
3.681488632054967525e+02 -3.546177687771177922e+00 4.598177394875162527e+00
3.667839649090457783e+02 -3.327846582205155723e+00 4.633832303002644259e+00
3.654102815960109183e+02 -3.114469085249791824e+00 4.670741169699466511e+00
3.640223705342139624e+02 -2.906065866242768081e+00 4.708883522712151048e+00
3.626191677717503694e+02 -2.702652450183719690e+00 4.748267078074172254e+00
3.612065028776410713e+02 -2.504209957145894005e+00 4.788865102048633027e+00
3.597830372236719541e+02 -2.310788927485128763e+00 4.830653203925581174e+00
3.583442036442290259e+02 -2.122347905350558062e+00 4.873602222662085204e+00
3.568940249984248680e+02 -1.938878594807529998e+00 4.917690267563765261e+00
3.554344466549672461e+02 -1.760431066681512169e+00 4.962915568505600561e+00
3.539601055323757919e+02 -1.586868027755273136e+00 5.009272145939873688e+00
3.524771606048475974e+02 -1.418163610194838054e+00 5.056710103821751900e+00
3.509806041133163035e+02 -1.254230754754702248e+00 5.105257011454353844e+00
3.494757462633961040e+02 -1.094904184271160208e+00 5.154876417905496666e+00
3.479589202316507226e+02 -9.401778185339956240e-01 5.205553924448292236e+00
3.464336018814470890e+02 -7.899314401875446867e-01 5.257273075002673046e+00
3.449005704971463615e+02 -6.439852087636235289e-01 5.310071357324472885e+00
3.433615517020132870e+02 -5.023169996303155083e-01 5.363907453622432264e+00
3.418101530689016840e+02 -3.648631837907306275e-01 5.418766151364527772e+00
3.402474524310271136e+02 -2.317233095644311291e-01 5.474592189472746284e+00
3.386799700011245022e+02 -1.029600130694588306e-01 5.531365624455444774e+00
3.371097151898494531e+02 2.116756975246304393e-02 5.588924424620483222e+00
3.355275531807150742e+02 1.406227688307192247e-01 5.647342919861107369e+00
3.339432911200760827e+02 2.551794136188916262e-01 5.706537672637893799e+00
3.323515992209432284e+02 3.647739610896741924e-01 5.766460594258485450e+00
3.307579864158286114e+02 4.692936468495146340e-01 5.826985542798653661e+00
3.291619135659952917e+02 5.686772289438384309e-01 5.888192804708065609e+00
3.275628414551178480e+02 6.628093148630531672e-01 5.949931117524041468e+00
3.259608719640371532e+02 7.516373730188713465e-01 6.012181529014109849e+00
3.243620065254969518e+02 8.351087883498051756e-01 6.074978913904812927e+00
3.227653109618823351e+02 9.131669141148501812e-01 6.138227341382425095e+00
3.211637302036567121e+02 9.856883792795924082e-01 6.201836321826641019e+00
3.195636351321667235e+02 1.052553882292846854e+00 6.265846667559057614e+00
3.179645113844115372e+02 1.113836897656812042e+00 6.330092895421017829e+00
3.163736623680701996e+02 1.169228529420019980e+00 6.394666367415985597e+00
3.147828313911594478e+02 1.218842418952271078e+00 6.459415101815541682e+00
3.131984117523151099e+02 1.262678920439887165e+00 6.524391696179386635e+00
3.116130011553291297e+02 1.300684735361707256e+00 6.589432634086888285e+00
3.100395138324870459e+02 1.332833828419426547e+00 6.654576591405973574e+00
3.084646703988363470e+02 1.359127819445979934e+00 6.719868887753772668e+00
3.068935871709332446e+02 1.379595983244293445e+00 6.785157115509504955e+00
3.053327833678569050e+02 1.394269377751093497e+00 6.850468882407982463e+00
3.037760887860666799e+02 1.403166283998147357e+00 6.915849526776475464e+00
3.022283482808590520e+02 1.406328353606935089e+00 6.981219961842947797e+00
3.006899828738402221e+02 1.403776106280911540e+00 7.046545344836196989e+00
2.991604532259169105e+02 1.395533900271913152e+00 7.111800441963628927e+00
2.976392200669521344e+02 1.381631628581324378e+00 7.177077062472897673e+00
2.961200154703077487e+02 1.362096070365296452e+00 7.242204719339349950e+00
2.946176637124884223e+02 1.336955928203949595e+00 7.307282760259339760e+00
2.931199080255438503e+02 1.306234104374745186e+00 7.372223612502398105e+00
2.916318289166703721e+02 1.269957556658406039e+00 7.436968068013866784e+00
2.901565332117251614e+02 1.228150871409574796e+00 7.501543272875534463e+00
2.886883694832100105e+02 1.180852429048515617e+00 7.565994603358419113e+00
2.872297194886626244e+02 1.128106362544096131e+00 7.630217751203666410e+00
2.857773708667934329e+02 1.069981051505502823e+00 7.694192323102257980e+00
2.843379559870468825e+02 1.006536780479471371e+00 7.757963698936158892e+00
2.829111943797230992e+02 9.378383473420632832e-01 7.821531059540082431e+00
2.814939860326688290e+02 8.639577829339747383e-01 7.884869197559480902e+00
2.800857931032072088e+02 7.849407939836056114e-01 7.947996640557895454e+00
2.786860779134597692e+02 7.008848992439690173e-01 8.010873760393161902e+00
2.772984301005354837e+02 6.118169104800063041e-01 8.073487302221511897e+00
2.759213631977888781e+02 5.178416314281756305e-01 8.135842602085444852e+00
2.745507739766733835e+02 4.190307483157788560e-01 8.197953253110121352e+00
2.731895529045416993e+02 3.154414742847621578e-01 8.259864625739906430e+00
2.718394973182677745e+02 2.071572933762732549e-01 8.321549400262512108e+00
2.704990063711014159e+02 9.422823553658492279e-02 8.383017099617003254e+00
2.691675437018138268e+02 -2.322639030308539659e-02 8.444282032273987326e+00
2.678445731580803226e+02 -1.451485852621958450e-01 8.505281025467381184e+00
2.665300635113763406e+02 -2.714966808303745927e-01 8.566071354483618450e+00
2.652248358572574034e+02 -4.021586617308625655e-01 8.626599770438181380e+00
2.639294980284798271e+02 -5.370421724211458248e-01 8.686732570039000123e+00
2.626446580838855880e+02 -6.760270959167911098e-01 8.746502700938261654e+00
2.613709243122326029e+02 -8.190261465859828283e-01 8.805788012268637388e+00
2.601091577912950470e+02 -9.659144192185268318e-01 8.864498012341886835e+00
2.588601926847044865e+02 -1.116633717197711650e+00 8.922630150377893088e+00
2.576243879482151442e+02 -1.271079346957042722e+00 8.980134322360170174e+00
2.564026275091604816e+02 -1.429125121211731075e+00 9.036991328624601749e+00
2.551950182581348656e+02 -1.590616216951231454e+00 9.093095859017104488e+00
2.540025518465262167e+02 -1.755467230146402935e+00 9.148474277845657809e+00
2.528265354733100025e+02 -1.923608583747712597e+00 9.203083583620115249e+00
2.516665002672266667e+02 -2.094898577019038033e+00 9.256861303399336549e+00
2.505230567333017291e+02 -2.269257281981642116e+00 9.309837465321805894e+00
2.493969573130111996e+02 -2.446510103447705031e+00 9.361958562768251113e+00
2.482890014847068869e+02 -2.626699924848821421e+00 9.413097044129434821e+00
2.471982680973967774e+02 -2.809616536905813255e+00 9.463286597400307087e+00
2.461263615966491614e+02 -2.995215964991186919e+00 9.512491542150298685e+00
2.450727592517754658e+02 -3.183394171897559577e+00 9.560634548056169635e+00
2.440385388107168581e+02 -3.374055180069817084e+00 9.607736943874941815e+00
2.430230364127747293e+02 -3.567152091172438144e+00 9.653659407309454821e+00
2.420268647108397317e+02 -3.762527063517339343e+00 9.698495674334649763e+00
2.410505935194888991e+02 -3.960200188280816658e+00 9.742100849049908362e+00
2.400941301754544952e+02 -4.159941898385695502e+00 9.784646001115662628e+00
2.391573822981926583e+02 -4.361850972808773541e+00 9.825968340814286606e+00
2.382402762631149358e+02 -4.565684998194766031e+00 9.866043773572824804e+00
2.373454233601849239e+02 -4.771445746456601356e+00 9.904953003825671232e+00
2.364705399939177255e+02 -4.978947958755718162e+00 9.942598271914786068e+00
2.356164048659520631e+02 -5.188193740523875164e+00 9.978991144411018865e+00
2.347829393662606776e+02 -5.399150140586677082e+00 1.001417619966171735e+01
2.339700528541598032e+02 -5.611715505704496287e+00 1.004806113633390829e+01
2.331769799135091432e+02 -5.825718862903602968e+00 1.008068495329844971e+01
2.324049128824351840e+02 -6.041251294404584193e+00 1.011202651669387542e+01
2.316532224698547964e+02 -6.258160991412760943e+00 1.014206036213210460e+01
2.309217514727749858e+02 -6.476337811006169787e+00 1.017076100672136896e+01
2.302104107555060466e+02 -6.695866154575592866e+00 1.019816552812485178e+01
2.295191114890188260e+02 -6.916547740535820665e+00 1.022431899329482086e+01
2.288477651527194610e+02 -7.138438690018251265e+00 1.024914621942006576e+01
2.281962835361558177e+02 -7.361529744563370947e+00 1.027278659313717313e+01
2.275645787406537579e+02 -7.585730610429708420e+00 1.029513804180845149e+01
2.269525631808671449e+02 -7.810994500004595942e+00 1.031631588868762961e+01
2.263595977128806851e+02 -8.037344002747408567e+00 1.033628552880563056e+01
2.257859686138844211e+02 -8.264709217676074360e+00 1.035505864708698809e+01
2.252317678885953569e+02 -8.493092444705936828e+00 1.037268017264768183e+01
2.246958793912919248e+02 -8.722480237795064539e+00 1.038914352293413934e+01
2.241783131534400013e+02 -8.952840070266757877e+00 1.040447325815725321e+01
2.236787088240918990e+02 -9.184139429442803149e+00 1.041861619138107997e+01
2.231967531241513143e+02 -9.416393610480257692e+00 1.043161938085560969e+01
2.227323610175120336e+02 -9.649640711569711371e+00 1.044350511371022705e+01
2.222849944759932725e+02 -9.883828177418680028e+00 1.045424760794543495e+01
2.218539357803975633e+02 -1.011890246581403652e+01 1.046390263678900112e+01
2.214396150745243119e+02 -1.035475115947700964e+01 1.047246670327868578e+01
2.210422570659633550e+02 -1.059116761369312698e+01 1.047991586191357882e+01
2.206611037074526678e+02 -1.082792768586082666e+01 1.048621469469795997e+01
2.202966622893086139e+02 -1.106483741871972981e+01 1.049133674975544217e+01
2.199491794875087010e+02 -1.130166491515679539e+01 1.049532490946342911e+01
2.196179634485519045e+02 -1.153818233536942017e+01 1.049814456057966439e+01
2.193033709467954964e+02 -1.177426666681392931e+01 1.049976585466884593e+01
2.190054340101052048e+02 -1.200976238523314876e+01 1.050019577112644242e+01
2.187240850038756719e+02 -1.224447095005420216e+01 1.049943460275330409e+01
2.184594305031232011e+02 -1.247820540500987363e+01 1.049746243450367977e+01
2.182107186274513140e+02 -1.271079280972991654e+01 1.049426509570275279e+01
2.179781845153175084e+02 -1.294212170070261791e+01 1.048984197675753016e+01
2.177620465461995991e+02 -1.317196997292273508e+01 1.048415458750420193e+01
2.175617853127678814e+02 -1.340018040780084441e+01 1.047725833119946159e+01
2.173772440375354336e+02 -1.362666823529294646e+01 1.046907427115529998e+01
2.172080985063025764e+02 -1.385121756935480875e+01 1.045965073897931319e+01
2.170547161320911300e+02 -1.407370490313151201e+01 1.044892071140511192e+01
2.169164801298600196e+02 -1.429400670727064515e+01 1.043691559246974698e+01
2.167933334495284043e+02 -1.451197873666172455e+01 1.042359012829744991e+01
2.166848051916066709e+02 -1.472744628390730526e+01 1.040896839904014826e+01
2.165914117469240523e+02 -1.494034042472665647e+01 1.039310736374760147e+01
2.165124388942461167e+02 -1.515069829869450402e+01 1.037599460447982835e+01
2.164480868857359042e+02 -1.535839623866284676e+01 1.035759561711898691e+01
2.163984439483357676e+02 -1.556333960814797734e+01 1.033795646083271613e+01
2.163635512992416068e+02 -1.576553254874989030e+01 1.031706426003608357e+01
2.163391405636706395e+02 -1.596490981077133675e+01 1.029506286383227476e+01
2.163335582457937676e+02 -1.616136925851020578e+01 1.027179915876416061e+01
2.163417710041692601e+02 -1.635491861753195764e+01 1.024739956245904793e+01
2.163648441294623126e+02 -1.654549621743016274e+01 1.022185176038824039e+01
2.164031291852934089e+02 -1.673299954891425756e+01 1.019504754383969214e+01
2.164512239460962348e+02 -1.691749277227495440e+01 1.016712065937941567e+01
2.165101944012152728e+02 -1.709879531044415302e+01 1.013807079734514360e+01
2.165814511302305903e+02 -1.727692427564525701e+01 1.010783515916569186e+01
2.166724558117363983e+02 -1.745189230905914002e+01 1.007642028119670563e+01
2.167704514902506219e+02 -1.762357819020849092e+01 1.004389909577479401e+01
2.168836142300710605e+02 -1.779201446972662382e+01 1.001020075775126372e+01
2.170130838237361388e+02 -1.795705876359749809e+01 9.975391448681055095e+00
2.171455161110706342e+02 -1.811887091713165532e+01 9.939492066823810035e+00
2.172959951209727762e+02 -1.827746748457130721e+01 9.902506835817465713e+00
2.174589750220233384e+02 -1.843286521719751647e+01 9.864370856328335435e+00
2.176284648773871027e+02 -1.858508080989382449e+01 9.825221338885889111e+00
2.178184657027258879e+02 -1.873419753929918130e+01 9.785070345013350490e+00
2.180114595428337054e+02 -1.888023716452762102e+01 9.743791205992913262e+00
2.182194261074886583e+02 -1.902321620485724907e+01 9.701567749922451966e+00
2.184386684200892716e+02 -1.916321406229522850e+01 9.658301131114342297e+00
2.186693675145943700e+02 -1.930031772162173098e+01 9.614039397937451881e+00
2.189065442751626449e+02 -1.943455362594680125e+01 9.568796729946113189e+00
2.191560583709036791e+02 -1.956593804689737226e+01 9.522636427737623421e+00
2.194202361316790473e+02 -1.969460322263930507e+01 9.475459068477212199e+00
2.196943794488507820e+02 -1.982055719378459102e+01 9.427358299220028215e+00
2.199776089583944554e+02 -1.994369303615300737e+01 9.378330995875874265e+00
2.202650280899493396e+02 -2.006377444627312912e+01 9.328441218278953784e+00
2.205660397807955349e+02 -2.018074486661700107e+01 9.277626284057346240e+00
2.208745550098710453e+02 -2.029441025139181320e+01 9.225978415362568796e+00
2.211871166711133583e+02 -2.040460280451404529e+01 9.173512877061741122e+00
2.215042606063763913e+02 -2.051124398076180100e+01 9.120234417233072932e+00
2.218313387027810393e+02 -2.061427636168002664e+01 9.066217124205090627e+00
2.221665602919030675e+02 -2.071368938626753931e+01 9.011510572153959231e+00
2.225034027744740115e+02 -2.080935899710404158e+01 8.956140660528905784e+00
2.228442363242541546e+02 -2.090126424302687624e+01 8.900133274568293729e+00
2.231880097516777823e+02 -2.098935890388365166e+01 8.843514285672666730e+00
2.235366006087064932e+02 -2.107355661880815489e+01 8.786351551193101628e+00
2.238894506679843914e+02 -2.115384031033174850e+01 8.728659968694779892e+00
2.242439912979802159e+02 -2.123010404231429504e+01 8.670473853692277189e+00
2.246045894911059122e+02 -2.130226355974742347e+01 8.611813006758691103e+00
2.249677192825078578e+02 -2.137025724383512681e+01 8.552669719841246021e+00
2.253269678315409408e+02 -2.143402804900566849e+01 8.493105628951312269e+00
2.256863327139881505e+02 -2.149348452968043333e+01 8.433113284749909511e+00
2.260500720160541164e+02 -2.154856072785947063e+01 8.372710788902319123e+00
2.264122939677123156e+02 -2.159921088557186053e+01 8.311968650678624115e+00
2.267717826193971291e+02 -2.164538995146142142e+01 8.250872948862696177e+00
2.271313206779119582e+02 -2.168716214113521801e+01 8.189449428902339179e+00
2.274887066613188153e+02 -2.172449731856862343e+01 8.127723827287729463e+00
2.278477089197495502e+02 -2.175735298154355490e+01 8.065721871976920809e+00
2.282025420645233567e+02 -2.178570374244981522e+01 8.003443299309282111e+00
2.285583267691829406e+02 -2.180962829959919702e+01 7.940892736972357646e+00
2.289132481578918146e+02 -2.182906776755713096e+01 7.878142957883208730e+00
2.292630133066460871e+02 -2.184398547255294787e+01 7.815219660133415402e+00
2.296081592821052766e+02 -2.185441402034759761e+01 7.752106424321788758e+00
2.299512054915862791e+02 -2.186037600190623920e+01 7.688767055315596011e+00
2.302941702504663795e+02 -2.186179741473598170e+01 7.625294042075168477e+00
2.306304168845213667e+02 -2.185874280836574002e+01 7.561623963266668191e+00
2.309681488377690073e+02 -2.185120730041420956e+01 7.497820821554488369e+00
2.312982542093136828e+02 -2.183917615887583352e+01 7.433869486568074336e+00
2.316255959149234798e+02 -2.182274699673157414e+01 7.369838880740454456e+00
2.319461383500392060e+02 -2.180186424435070336e+01 7.305696506754696173e+00
2.322652371128754396e+02 -2.177675399351778651e+01 7.241456820532720329e+00
2.325783636744072567e+02 -2.174732580251940206e+01 7.177094822638984795e+00
2.328913662886127440e+02 -2.171371416161040813e+01 7.112689279932219222e+00
2.331992234753249704e+02 -2.167594478815528092e+01 7.048202757223963388e+00
2.335082761176636836e+02 -2.163414440447516185e+01 6.983660901734911164e+00
2.338125057928725710e+02 -2.158820759144491674e+01 6.919084319942209405e+00
2.341124487656469455e+02 -2.153834517034294649e+01 6.854431877395366079e+00
2.344086411939179015e+02 -2.148456497133098608e+01 6.789729219188844311e+00
2.347017534897818223e+02 -2.142681076808273843e+01 6.724999303126121930e+00
2.349993468267398953e+02 -2.136523365536715602e+01 6.660127046462557487e+00
2.352867191884481599e+02 -2.129966231450954695e+01 6.595328564305750874e+00
2.355724062659352001e+02 -2.123035661520185613e+01 6.530445631700698250e+00
2.358570217660501953e+02 -2.115740834329093900e+01 6.465499542185758841e+00
2.361340062877616219e+02 -2.108075655605679799e+01 6.400456056097866941e+00
2.364097430319878868e+02 -2.100046425958531771e+01 6.335386357075413422e+00
2.366842371163460257e+02 -2.091673054586591718e+01 6.270306556991492641e+00
2.369571350685755533e+02 -2.082943274638922304e+01 6.205294957659871713e+00
2.372216293259204463e+02 -2.073874673507703648e+01 6.140434680533124912e+00
2.374829687782538201e+02 -2.064462532639096892e+01 6.075745543515644442e+00
2.377354431410192603e+02 -2.054717836826597477e+01 6.011240088303675400e+00
2.379838081512447161e+02 -2.044641948827272415e+01 5.946930861008830504e+00
2.382228459558473617e+02 -2.034246197809893886e+01 5.882949635070744421e+00
2.384568191208771566e+02 -2.023532425412701841e+01 5.819275003675521418e+00
2.386810022073539130e+02 -2.012511454238956077e+01 5.755906088060262604e+00
2.388935730633106687e+02 -2.001180013579750749e+01 5.692967286120843795e+00
2.390996448891069974e+02 -1.989552297701440864e+01 5.630502979742572300e+00
2.393005759697742292e+02 -1.977627475432833748e+01 5.568472297581640085e+00
2.394907888288026072e+02 -1.965413520415859239e+01 5.506921677614622368e+00
2.396679676922553313e+02 -1.952913712877757391e+01 5.445883314097473615e+00
2.398317565909429447e+02 -1.940132382235475816e+01 5.385369808665893210e+00
2.399866516738542259e+02 -1.927080787256701200e+01 5.325442294228460938e+00
2.401298970155456232e+02 -1.913758199623408984e+01 5.266136684778294885e+00
2.402586831720532530e+02 -1.900166108058055059e+01 5.207465606764690946e+00
2.403771360283924707e+02 -1.886319866521635191e+01 5.149441695610527781e+00
2.404832381810097104e+02 -1.872218177562899655e+01 5.092077596063882439e+00
2.405738099086248951e+02 -1.857871660067190689e+01 5.035428325942576500e+00
2.406526068129556677e+02 -1.843287296196653813e+01 4.979494874425727247e+00
2.407223399352473052e+02 -1.828469304497931347e+01 4.924299127639102380e+00
2.407787845295151783e+02 -1.813427237966844530e+01 4.869847023842873490e+00
2.408182671460428992e+02 -1.798167452477128592e+01 4.816155543010990137e+00
2.408440496519743306e+02 -1.782696298927227474e+01 4.763271777322310996e+00
2.408593349418647733e+02 -1.767016626234275734e+01 4.711173475205116645e+00
2.408637640626544396e+02 -1.751127717009751450e+01 4.659870260032578315e+00
2.408569778211391110e+02 -1.735035350801435072e+01 4.609412956356110591e+00
2.408354892364409636e+02 -1.718746663666585306e+01 4.559751770552867178e+00
2.407978885739899226e+02 -1.702260924983799839e+01 4.510878471937687095e+00
2.407479935187681690e+02 -1.685583162307925420e+01 4.462889396587157442e+00
2.406854439072803586e+02 -1.668718480583546437e+01 4.415742183356280215e+00
2.406098793312758630e+02 -1.651666982768862368e+01 4.369387511698914039e+00
2.405209391369433263e+02 -1.634437017054437291e+01 4.323883680165714338e+00
2.404182624241303188e+02 -1.617027833700486283e+01 4.279219646613249495e+00
2.403014880455793616e+02 -1.599438679590802614e+01 4.235382983090067555e+00
2.401723965590987291e+02 -1.581675224241262434e+01 4.192414310077288597e+00
2.400336475661691225e+02 -1.563747790721259889e+01 4.150255927853559790e+00
2.398816115301223988e+02 -1.545649081396024371e+01 4.108907019431623731e+00
2.397194403497819621e+02 -1.527388903934000375e+01 4.068433062398949751e+00
2.395413620346173218e+02 -1.508964841422679548e+01 4.028717688973906697e+00
2.393500658529063116e+02 -1.490373642741471905e+01 3.989853989898750619e+00
2.391536953810345096e+02 -1.471624444548313448e+01 3.951755844072184498e+00
2.389403290797056343e+02 -1.452711972444155286e+01 3.914468441005921839e+00
2.387119162626655111e+02 -1.433641352014547010e+01 3.877909866544696715e+00
2.384780781350133907e+02 -1.414412837711564208e+01 3.842182662291558248e+00
2.382279731202301321e+02 -1.395029977939378973e+01 3.807133606547428606e+00
2.379729208480048896e+02 -1.375483795985723035e+01 3.772891917810477391e+00
2.377057946043960612e+02 -1.355799514248976756e+01 3.739368399598731241e+00
2.374263295520976556e+02 -1.335986376338767023e+01 3.706560489746901776e+00
2.371399446563425784e+02 -1.316059131391908998e+01 3.674640338699148412e+00
2.368393633762084960e+02 -1.296036941422278410e+01 3.643462735051365531e+00
2.365304969548041640e+02 -1.275933572762187573e+01 3.613212187999641056e+00
2.362055755342011309e+02 -1.255763460721594171e+01 3.583730729728813458e+00
2.358705488371429340e+02 -1.235546827339318199e+01 3.555172625389638075e+00
2.355319799512668340e+02 -1.215295482959236395e+01 3.527506004610097445e+00
2.351750394813884952e+02 -1.195017169655910649e+01 3.500763792740142932e+00
2.348127351168979828e+02 -1.174723531523994957e+01 3.474858299569560938e+00
2.344309371315234500e+02 -1.154429627346783427e+01 3.449906140174170854e+00
2.340416670953238736e+02 -1.134146573271689995e+01 3.425895180555770914e+00
2.336450073943639723e+02 -1.113886615038716243e+01 3.402806866579248801e+00
2.332304142062312735e+02 -1.093660335277957785e+01 3.380687567891770051e+00
2.328055921734697051e+02 -1.073478290841217664e+01 3.359462016557171804e+00
2.323697058892597056e+02 -1.053351177769675751e+01 3.339228450458474828e+00
2.319223706946371522e+02 -1.033290443488986199e+01 3.319987158474402733e+00
2.314628833239685548e+02 -1.013306269279818572e+01 3.301659714371612875e+00
2.309916089929384100e+02 -9.934088281583793645e+00 3.284333330171191889e+00
2.305085744287433158e+02 -9.736071912580301912e+00 3.268015748786920138e+00
2.300142381291647951e+02 -9.539073553095853697e+00 3.252632302027412603e+00
2.295081004696593823e+02 -9.343168047315575819e+00 3.238259176000982897e+00
2.289904270696623030e+02 -9.148425705741265901e+00 3.224857752199211003e+00
2.284612929038106586e+02 -8.954918757256077555e+00 3.212444282633097448e+00
2.279205926500925727e+02 -8.762721246868666825e+00 3.201019696919984447e+00
2.273692231203344534e+02 -8.571892200704372300e+00 3.190565708902313613e+00
2.268065347460511134e+02 -8.382494300025438605e+00 3.181112940111999965e+00
2.262324393628675807e+02 -8.194565992269964738e+00 3.172618421846086001e+00
2.256475365255222982e+02 -8.008150555472386856e+00 3.165132611267204243e+00
2.250515217176968861e+02 -7.823296435987115771e+00 3.158597712680746739e+00
2.244440218522981638e+02 -7.640049563564736523e+00 3.153030203161002465e+00
2.238253571592843798e+02 -7.458464437673749003e+00 3.148467637494490656e+00
2.231957112810006265e+02 -7.278530613133652238e+00 3.144850374494625456e+00
2.225549767063303648e+02 -7.100313031354891891e+00 3.142170227199037491e+00
2.219030456954907606e+02 -6.923814540909355664e+00 3.140440644952755100e+00
2.212409442658528747e+02 -6.748987393881222374e+00 3.139681339683172201e+00
2.205688534860236700e+02 -6.575812881612296934e+00 3.139871695750883429e+00
2.198866666185918461e+02 -6.404308977872889663e+00 3.140958411720239152e+00
2.191953457622995245e+02 -6.234461883270414617e+00 3.142991663963338844e+00
2.184948305367044270e+02 -6.066246994638615497e+00 3.145996001393098318e+00
2.177849388234912169e+02 -5.899689613596784454e+00 3.149914482629277757e+00
2.170662672651247362e+02 -5.734737182282873214e+00 3.154729132713502526e+00
2.163388287985029308e+02 -5.571337180749062590e+00 3.160451170325911718e+00
2.156023667971217606e+02 -5.409493015145322659e+00 3.167077357259507231e+00
2.148572102137811157e+02 -5.249213285664797723e+00 3.174572607985737704e+00
2.141032490586786423e+02 -5.090400485459610103e+00 3.182989606708608754e+00
2.133403731647273673e+02 -4.933050753533022359e+00 3.192308312600253384e+00
2.125687023475472301e+02 -4.777183906452108886e+00 3.202438728539957591e+00
2.117886141404725890e+02 -4.622698873448671364e+00 3.213411807048355939e+00
2.110002518636190700e+02 -4.469573443778037003e+00 3.225228496730400796e+00
2.102040665453654071e+02 -4.317886173195428334e+00 3.237913406065153321e+00
2.093998939267842161e+02 -4.167730582851364218e+00 3.251420036193352736e+00
2.085886196017162320e+02 -4.019254677059621805e+00 3.265683115691859317e+00
2.077708165510553329e+02 -3.872507809333557205e+00 3.280729229685102055e+00
2.069462461707446437e+02 -3.727716066400450945e+00 3.296530015268904101e+00
2.061155304530312549e+02 -3.584937000158248566e+00 3.313070284855892833e+00
2.052785005318920639e+02 -3.444240144178210450e+00 3.330356511629568139e+00
2.044364263508209945e+02 -3.305743051492350482e+00 3.348261986617665276e+00
2.035888756147423919e+02 -3.169512902856813863e+00 3.366880656566095809e+00
2.027361094726846034e+02 -3.035678059973035747e+00 3.386176003691307113e+00
2.018788025383896638e+02 -2.904359942854158660e+00 3.406056168624838065e+00
2.010160100677407797e+02 -2.775616442393479044e+00 3.426504429669793961e+00
2.001498467906644407e+02 -2.649505509120626101e+00 3.447615576747216526e+00
1.992798183059400685e+02 -2.526081850370438087e+00 3.469233420800724499e+00
1.984061029646258874e+02 -2.405339165716156025e+00 3.491464707285365510e+00
1.975288958289056325e+02 -2.287473405714647967e+00 3.514212326947031340e+00
1.966498849267754565e+02 -2.172462797355519282e+00 3.537516717991358473e+00
1.957679143186275041e+02 -2.060507310182036367e+00 3.561272738637395019e+00
1.948844226695569262e+02 -1.951459496845652453e+00 3.585600119658504337e+00
1.939981919109293642e+02 -1.845377353292657174e+00 3.610331106593126727e+00
1.931107467492703051e+02 -1.742319332765638329e+00 3.635503277650150356e+00
1.922223221859926809e+02 -1.642343953941177936e+00 3.661159096247206257e+00
1.913317660617506419e+02 -1.545443302158054699e+00 3.687274538543148683e+00
1.904404550937870795e+02 -1.451670707920238890e+00 3.713756236849301118e+00
1.895480577135344333e+02 -1.361084888660029080e+00 3.740633585035199271e+00
1.886546737784979086e+02 -1.273681825506288057e+00 3.767886289483370899e+00
1.877604809561126729e+02 -1.189511353734316268e+00 3.795486283143727491e+00
1.868662602774635104e+02 -1.108511713834554158e+00 3.823465848787880095e+00
1.859711220139904526e+02 -1.030778039129654600e+00 3.851808420485526963e+00
1.850755682663992161e+02 -9.562663457206131978e-01 3.880428086747424121e+00
1.841799160539887907e+02 -8.850078673458878775e-01 3.909396163309032612e+00
1.832843429410673366e+02 -8.169509716371426977e-01 3.938714985454704554e+00
1.823890264835359289e+02 -7.521221002988180970e-01 3.968302365716493529e+00
1.814941442329288748e+02 -6.904746849022308508e-01 3.998218558978396953e+00
1.805993565873951354e+02 -6.320820904296158282e-01 4.028421603257080541e+00
1.797046400597055538e+02 -5.768219498492072050e-01 4.058913894547877099e+00
1.788106647257160375e+02 -5.247176994611785217e-01 4.089688793616160112e+00
1.779168734552399087e+02 -4.757554662690898217e-01 4.120766351657996651e+00
1.770239035815077102e+02 -4.299005275325128439e-01 4.152142407671174595e+00
1.761315222514150776e+02 -3.870964726827575419e-01 4.183789007034544483e+00
1.752398250492150567e+02 -3.473505727975859103e-01 4.215678201319616569e+00
1.743484027716208971e+02 -3.106365114672587913e-01 4.247868230629651798e+00
1.734572771437210577e+02 -2.769567653261165718e-01 4.280346754708700630e+00
1.725669254979421794e+02 -2.462494515503376447e-01 4.313055881231094624e+00
1.716767376980934330e+02 -2.184416637059536093e-01 4.346046473414914679e+00
1.707870063457042420e+02 -1.935458434303880260e-01 4.379279129404199722e+00
1.698974744865764421e+02 -1.715459414425130613e-01 4.412769411627945892e+00
1.690076303899543575e+02 -1.523822205776699246e-01 4.446558368896238456e+00
1.681180132331780328e+02 -1.359881149074679274e-01 4.480581967946851485e+00
1.672285758430518570e+02 -1.223068217255608159e-01 4.514871397965766420e+00
1.663393261631997859e+02 -1.113078156196913165e-01 4.549439063329721478e+00
1.654509947796060203e+02 -1.029675390982819072e-01 4.584212830869115685e+00
1.645645178859757323e+02 -9.726468220559844613e-02 4.619179647595628602e+00
1.636802938684857338e+02 -9.417035336354159791e-02 4.654323635154250738e+00
1.627986024885306051e+02 -9.367567626817678572e-02 4.689556226339984590e+00
1.619196286587875022e+02 -9.576571844611489470e-02 4.724875878064585422e+00
1.610444074765895550e+02 -1.004300832862794202e-01 4.760281046806488447e+00
1.601730546155293098e+02 -1.076607731383480843e-01 4.795723429203022192e+00
1.593056858507841866e+02 -1.174501422157286923e-01 4.831126747024921286e+00
1.584424170635402049e+02 -1.297830083776768673e-01 4.866497293898662591e+00
1.575837579156819857e+02 -1.446531530239815455e-01 4.901751395797643518e+00
1.567306827184856388e+02 -1.620535266073664105e-01 4.936921185135966894e+00
1.558827740175587167e+02 -1.819501615453025800e-01 4.971934519350769577e+00
1.550403080373465059e+02 -2.043229700795155812e-01 5.006751227576075713e+00
1.542039595744947178e+02 -2.291517894914161801e-01 5.041410824043857986e+00
1.533738452378638897e+02 -2.564108963132923913e-01 5.075854678390905761e+00
1.525502046881435376e+02 -2.860770993238905824e-01 5.110068928078623784e+00
1.517336394945946836e+02 -3.181210028213296570e-01 5.143992469197708139e+00
1.509237573633155023e+02 -3.525289799440153304e-01 5.177623720433373045e+00
1.501212953918916639e+02 -3.892648740745638936e-01 5.210952499143980177e+00
1.493262972748594279e+02 -4.283042451790537442e-01 5.243921351823976451e+00
1.485383585716291748e+02 -4.696169979815419948e-01 5.276587003149900035e+00
1.477588616908812185e+02 -5.131790462510820161e-01 5.308882158725267253e+00
1.469872185673093554e+02 -5.589597877869239007e-01 5.340805204884349955e+00
1.462229387277036494e+02 -6.069289161655266884e-01 5.372352084806998995e+00
1.454681857272501588e+02 -6.570631121076166981e-01 5.403452989179490906e+00
1.447209750072546228e+02 -7.093466808787898259e-01 5.434175847415861682e+00
1.439828016999074976e+02 -7.637862660926528768e-01 5.464402505355512751e+00
1.432531104481678881e+02 -8.203282473652798723e-01 5.494105255378229025e+00
1.425320201133768592e+02 -8.789564407306783567e-01 5.523423523772036603e+00
1.418196497427422003e+02 -9.396824441183649901e-01 5.552219503773266673e+00
1.411154376201916705e+02 -1.002450311857343790e+00 5.580554623075155263e+00
1.404201345612504781e+02 -1.067201652613107621e+00 5.608364050029176262e+00
1.397332534376703563e+02 -1.134029072700768248e+00 5.635641125272023544e+00
1.390548521826835611e+02 -1.202779026216917568e+00 5.662384135253955009e+00
1.383850508107591963e+02 -1.273525927087779230e+00 5.688654522876325004e+00
1.377239695364660292e+02 -1.346126172936729759e+00 5.714521140336317195e+00
1.370717287763737033e+02 -1.420644407584054525e+00 5.739870718877750022e+00
1.364278544384036991e+02 -1.497006439845658621e+00 5.764738739103557386e+00
1.357923438655193991e+02 -1.575163009531038272e+00 5.789194018760613680e+00
1.351653180903531961e+02 -1.655134251609342133e+00 5.813248356407680006e+00
1.345468983538051191e+02 -1.736953919940916524e+00 5.836844182925617019e+00
1.339366606735477774e+02 -1.820546719432168281e+00 5.859963647857943769e+00
1.333345539481629771e+02 -1.905911925583404498e+00 5.882658243732156400e+00
1.327401792574015644e+02 -1.993083401838556146e+00 5.904892567995599251e+00
1.321534612841100227e+02 -2.081993351390531544e+00 5.926746730578986266e+00
1.315745223266681307e+02 -2.172732991406532310e+00 5.948111972450515594e+00
1.310030010642073250e+02 -2.265235543417862818e+00 5.969064960055483482e+00
1.304387858613713433e+02 -2.359511844043586049e+00 5.989626966352473936e+00
1.298816075098068836e+02 -2.455510935798299599e+00 6.009765467899202740e+00
1.293316653813484436e+02 -2.553170704680605585e+00 6.029493453919945622e+00
1.287894851085360131e+02 -2.652402043147991773e+00 6.048843842584526342e+00
1.282547480723941362e+02 -2.753061605201101436e+00 6.067722867860080527e+00
1.277277983269705004e+02 -2.855006069455126028e+00 6.086115622344928866e+00
1.272090728394458381e+02 -2.958211415942247235e+00 6.104046050103125509e+00
1.266983922293565712e+02 -3.062553494258401621e+00 6.121437896902769182e+00
1.261959502854093955e+02 -3.167934350832779966e+00 6.138294719767679375e+00
1.257019132988387611e+02 -3.274278258516972073e+00 6.154611747060900306e+00
1.252161025343035732e+02 -3.381475905772927781e+00 6.170350282507611084e+00
1.247390114590413077e+02 -3.489458067179314060e+00 6.185509527485605119e+00
1.242709024940193672e+02 -3.598146291103089922e+00 6.200019312512223379e+00
1.238112030246739579e+02 -3.707445173650151027e+00 6.213864638811741337e+00
1.233603332390546399e+02 -3.817260580774204826e+00 6.227118944877152451e+00
1.229186670761341986e+02 -3.927546440051024490e+00 6.239728955051194959e+00
1.224858699930775714e+02 -4.038171342700217714e+00 6.251625387362898856e+00
1.220622085450420542e+02 -4.149133332410903208e+00 6.262885328698327925e+00
1.216475056968444903e+02 -4.260355533327046196e+00 6.273516494293256862e+00
1.212418220576437733e+02 -4.371695469306919435e+00 6.283480971084437705e+00
1.208454617711163621e+02 -4.483151200462049957e+00 6.292763341131936805e+00
1.204584612234069141e+02 -4.594678230652539774e+00 6.301396246063538875e+00
1.200809491382123468e+02 -4.706153496536656711e+00 6.309372215919450078e+00
1.197124199550786869e+02 -4.817542105839688560e+00 6.316601499488652571e+00
1.193532279241803451e+02 -4.928859958476191849e+00 6.323098851315182678e+00
1.190031974600015872e+02 -5.039980291220517827e+00 6.328956263454679210e+00
1.186623043757895459e+02 -5.150845692451391677e+00 6.334039889523501721e+00
1.183308016164314154e+02 -5.261440325787608785e+00 6.338368382482053143e+00
1.180080614394011462e+02 -5.371704303920049384e+00 6.341928989201061739e+00
1.176946149421132333e+02 -5.481635663782417289e+00 6.344801956122215536e+00
1.173906876743339183e+02 -5.591222241777764168e+00 6.346949184384855336e+00
1.170951414835394928e+02 -5.700391468166909448e+00 6.348332557696559242e+00
1.168095334329654946e+02 -5.809086217000745123e+00 6.348929397423733967e+00
1.165324076958743404e+02 -5.917368574104001411e+00 6.348829736095574994e+00
1.162636957506360602e+02 -6.025225992491682447e+00 6.348000668343730446e+00
1.160045147992722292e+02 -6.132527357320954664e+00 6.346466531866611582e+00
1.157540415500545237e+02 -6.239338406006360138e+00 6.344126933649830491e+00
1.155127773075232653e+02 -6.345657071066890254e+00 6.341083259078060586e+00
1.152798498794760036e+02 -6.451481266987603824e+00 6.337367184622514138e+00
1.150560163903065245e+02 -6.556714770863146136e+00 6.332849248793861463e+00
1.148402267715148781e+02 -6.661340052031330394e+00 6.327647822780552822e+00
1.146336464634938608e+02 -6.765532051917385381e+00 6.321731326014128349e+00
1.144354241921594308e+02 -6.869220704352773765e+00 6.315131138792802190e+00
1.142453665648444172e+02 -6.972333231107750606e+00 6.307811060876766796e+00
1.140633016512867783e+02 -7.074998511598264095e+00 6.299732745967620673e+00
1.138897176500078103e+02 -7.177223491127154631e+00 6.291055815664260642e+00
1.137245012259463977e+02 -7.278941141452369479e+00 6.281629835011571572e+00
1.135668456615825335e+02 -7.380205645870961284e+00 6.271465823448937549e+00
1.134171198310959028e+02 -7.481022973744781090e+00 6.260658251125709839e+00
1.132752478713604631e+02 -7.581451845135252832e+00 6.249126657462434231e+00
1.131410588824015093e+02 -7.681500636175811358e+00 6.236941509331106914e+00
1.130143630142267170e+02 -7.781260799308928888e+00 6.224088501653766592e+00
1.128954678351500860e+02 -7.880582219040310754e+00 6.210587494175118906e+00
1.127836713363014525e+02 -7.979420169369632276e+00 6.196471740775904458e+00
1.126790808446457106e+02 -8.077718329768227790e+00 6.181774478508563320e+00
1.125815806933471208e+02 -8.175350991332864581e+00 6.166528927740020372e+00
1.124914106763825004e+02 -8.272227942605596240e+00 6.150663405756112923e+00
1.124074558395763717e+02 -8.368277082095188391e+00 6.134223558812626820e+00
1.123295194649240898e+02 -8.463376294026508262e+00 6.117263166408943853e+00
1.122585106962351915e+02 -8.557480313291312868e+00 6.099717889191906828e+00
1.121931814528863498e+02 -8.650540003548567114e+00 6.081622237438941703e+00
1.121334443442991500e+02 -8.742390552541676740e+00 6.062987355826664704e+00
1.120795262961170806e+02 -8.832998707135175209e+00 6.043775765178335035e+00
1.120311436385507307e+02 -8.922301862607794121e+00 6.024037609762077139e+00
1.119880128269975614e+02 -9.010199657911236670e+00 6.003791380566684488e+00
1.119498504385000786e+02 -9.096702403143934745e+00 5.982999553435952578e+00
1.119167744016764630e+02 -9.181758462314913771e+00 5.961704836387551332e+00
1.118888184875946195e+02 -9.265263657244485529e+00 5.939894177401371600e+00
1.118653230225809523e+02 -9.347183123610680155e+00 5.917610059396341882e+00
1.118460277057662466e+02 -9.427478455554959780e+00 5.894880954602949252e+00
1.118313555421761407e+02 -9.506077044123822262e+00 5.871669071887727576e+00
1.118207107340147530e+02 -9.582974163578763083e+00 5.847973427718240025e+00
1.118140354246944668e+02 -9.658107366639486102e+00 5.823821864213640787e+00
1.118112746902273216e+02 -9.731388734359800452e+00 5.799254924165496483e+00
1.118118444517545811e+02 -9.802826119998703902e+00 5.774204694229892354e+00
1.118164185027161892e+02 -9.872375726000834462e+00 5.748679070448936557e+00
1.118240086313131059e+02 -9.939979653420557781e+00 5.722740931587934732e+00
1.118344238436361167e+02 -1.000560067369015549e+01 5.696335151267992281e+00
1.118482869097140338e+02 -1.006927621698632080e+01 5.669519963344464841e+00
1.118653157043016932e+02 -1.013093499520024388e+01 5.642302408807824854e+00
1.118852281641929807e+02 -1.019059936057523075e+01 5.614617974884511753e+00
1.119079587187554097e+02 -1.024826112219325580e+01 5.586597411603252183e+00
1.119337271766545001e+02 -1.030399763684085990e+01 5.558212336173059320e+00
1.119624434304188298e+02 -1.035775486213918306e+01 5.529398904628502365e+00
1.119941725481369730e+02 -1.040954806021052015e+01 5.500294026515222257e+00
1.120282611484623487e+02 -1.045939493515758478e+01 5.470768908301691269e+00
1.120649784920834975e+02 -1.050721345708113041e+01 5.440871846875415585e+00
1.121043278626556230e+02 -1.055309920509783517e+01 5.410663479687440436e+00
1.121469185111397593e+02 -1.059699171694326303e+01 5.380074486166665615e+00
1.121915284945910543e+02 -1.063889983256643923e+01 5.349172878780216855e+00
1.122389712234153478e+02 -1.067888058263709006e+01 5.317871373067349694e+00
1.122884456359389560e+02 -1.071693091174937074e+01 5.286202740737127925e+00
1.123403759620981504e+02 -1.075303961848542755e+01 5.254191654415056867e+00
1.123951178443135746e+02 -1.078716038897143648e+01 5.221807143081274916e+00
1.124524459254991342e+02 -1.081947925575829927e+01 5.189081956684028718e+00
1.125126965366536780e+02 -1.084992675183841193e+01 5.156044442861465349e+00
1.125749454384011443e+02 -1.087850587372895106e+01 5.122656750852554453e+00
1.126396361787272298e+02 -1.090534668357119052e+01 5.088882955301847311e+00
1.127078708693466069e+02 -1.093030806185351267e+01 5.054755081228853975e+00
1.127778229954581803e+02 -1.095355621439388294e+01 5.020243245770179996e+00
1.128513303366520404e+02 -1.097500311851438326e+01 4.985457121656161839e+00
1.129274602276511814e+02 -1.099476663169047974e+01 4.950280879956022062e+00
1.130055705568762505e+02 -1.101294080067428638e+01 4.914842368278386608e+00
1.130870181916077826e+02 -1.102933626986508742e+01 4.879069788018959741e+00
1.131698333397502410e+02 -1.104409452546927817e+01 4.843021225396018536e+00
1.132538871302537444e+02 -1.105710654235327439e+01 4.806694396061992336e+00
1.133398287753951195e+02 -1.106837657989411738e+01 4.770213037803539891e+00
1.134264451929329596e+02 -1.107791976184248206e+01 4.733456224754685415e+00
1.135135757486611254e+02 -1.108575115575474612e+01 4.696589574314711690e+00
1.136012182462246045e+02 -1.109176291075047516e+01 4.659572597655391668e+00
1.136887684452553344e+02 -1.109600940509321099e+01 4.622388377044577723e+00
1.137761078394315746e+02 -1.109845819194790195e+01 4.585089347734383480e+00
1.138626567152632560e+02 -1.109911126373659229e+01 4.547739563003112551e+00
1.139482718076441188e+02 -1.109792690688468753e+01 4.510290067648737633e+00
1.140323979180864313e+02 -1.109495981126812580e+01 4.472774278630540223e+00
1.141159477960102890e+02 -1.109024120568981786e+01 4.435256244012944826e+00
1.141982182791843172e+02 -1.108373290940698119e+01 4.397747203416829898e+00
1.142788264275770018e+02 -1.107553363360546683e+01 4.360240615290860156e+00
1.143577694711942883e+02 -1.106559769998724363e+01 4.322780280738237835e+00
1.144350445621481782e+02 -1.105394573438965899e+01 4.285381133499003958e+00
1.145106487719608594e+02 -1.104056698058588282e+01 4.248036631026614884e+00
1.145841126159154157e+02 -1.102554515607011609e+01 4.210786878324059401e+00
1.146551812741915199e+02 -1.100880867132129026e+01 4.173605090556697483e+00
1.147234097275261604e+02 -1.099033675836903612e+01 4.136546689241075825e+00
1.147893773631375041e+02 -1.097017126473978976e+01 4.099617455711696223e+00
1.148524065941900574e+02 -1.094832635232704554e+01 4.062823702808489479e+00
1.149119958214294286e+02 -1.092473515953577490e+01 4.026148506850178777e+00
1.149688473544278651e+02 -1.089946685295331186e+01 3.989632511895792266e+00
1.150221424673832047e+02 -1.087251907241322080e+01 3.953296290869108720e+00
1.150719672457300078e+02 -1.084387798267454350e+01 3.917099518247092238e+00
1.151186574700680865e+02 -1.081359200502491191e+01 3.881071227065319373e+00
1.151618272260156175e+02 -1.078167308555740789e+01 3.845241154480254053e+00
1.152018473387665836e+02 -1.074813945510551783e+01 3.809602781166220975e+00
1.152383949647730788e+02 -1.071296617955122876e+01 3.774149591785843416e+00
1.152710662174117147e+02 -1.067619763696726132e+01 3.738905706716588284e+00
1.153001506472398887e+02 -1.063782992070424527e+01 3.703876408273456988e+00
1.153257862170643051e+02 -1.059784818756775771e+01 3.669040942338433808e+00
1.153475317189437419e+02 -1.055632642738222415e+01 3.634409529438383135e+00
1.153653823407396004e+02 -1.051323333672793758e+01 3.599971920439424267e+00
1.153795778572479236e+02 -1.046855798520668479e+01 3.565773392166685873e+00
1.153903542852954018e+02 -1.042228976636972426e+01 3.531769500882246948e+00
1.153972206227505808e+02 -1.037446871689165739e+01 3.497967892298752712e+00
1.154003792885497006e+02 -1.032510000236750614e+01 3.464372063918758293e+00
1.154001398162287728e+02 -1.027426001408721490e+01 3.430975558029084382e+00
1.153963400641261074e+02 -1.022185755428550991e+01 3.397775586718693841e+00
1.153898736463194865e+02 -1.016794010121642522e+01 3.364776409197862694e+00
1.153801872678863560e+02 -1.011259872492433054e+01 3.331970006431876019e+00
1.153674210442367212e+02 -1.005574934835158807e+01 3.299347278443789833e+00
1.153521408287646750e+02 -9.997449010719487106e+00 3.266911910507072303e+00
1.153343402857053093e+02 -9.937664614294373422e+00 3.234651650828887615e+00
1.153140129282968189e+02 -9.876468982605473457e+00 3.202560100480650540e+00
1.152910990580332538e+02 -9.813866357643455274e+00 3.170634050493279510e+00
1.152654111417470659e+02 -9.749806486309086750e+00 3.138880284535046084e+00
1.152371852795743621e+02 -9.684428750957689402e+00 3.107323140662191285e+00
1.152055698808867419e+02 -9.617803150273442014e+00 3.075986368087400002e+00
1.151714606911672121e+02 -9.549944578755102498e+00 3.044887742940472375e+00
1.151332612793818271e+02 -9.480988977478897795e+00 3.014050929422386726e+00
1.150920115375944874e+02 -9.410877968624035361e+00 2.983486420322145172e+00
1.150473747186648978e+02 -9.339755897952020547e+00 2.953211548859764335e+00
1.149982698354020840e+02 -9.267632249004842393e+00 2.923248290598681187e+00
1.149455774501031158e+02 -9.194681818541370788e+00 2.893638479800776153e+00
1.148885309739956284e+02 -9.120810529410080747e+00 2.864362964265922962e+00
1.148275061325682032e+02 -9.046234676161290622e+00 2.835446149244240654e+00
1.147621899774256633e+02 -8.970825270129608953e+00 2.806898648433509003e+00
1.146929349364145736e+02 -8.894718120986633281e+00 2.778724012299845558e+00
1.146187851259368529e+02 -8.817992825269689305e+00 2.750945557533680308e+00
1.145406719369532027e+02 -8.740594114132152370e+00 2.723568125450647415e+00
1.144583942944522050e+02 -8.662713544815209943e+00 2.696601467173787459e+00
1.143709941105236538e+02 -8.584252835054039465e+00 2.670062282307593460e+00
1.142792913749825061e+02 -8.505384860575398775e+00 2.643955680501680394e+00
1.141831584092699217e+02 -8.426023627477075451e+00 2.618291082415797444e+00
1.140816735612981034e+02 -8.346270330505488388e+00 2.593084857524491138e+00
1.139755454171261135e+02 -8.266154977642804269e+00 2.568331274606257431e+00
1.138647196930241137e+02 -8.185739454692217976e+00 2.544042367443052566e+00
1.137483111720969760e+02 -8.105043720654990125e+00 2.520218980893215388e+00
1.136269170370168808e+02 -8.024072771242181545e+00 2.496879249011751511e+00
1.135000246878244354e+02 -7.942831592077447489e+00 2.474021207606120321e+00
1.133681570399526493e+02 -7.861429038111844569e+00 2.451649779831866383e+00
1.132308750663158037e+02 -7.779909838079330342e+00 2.429765355641396507e+00
1.130886274174773831e+02 -7.698180002327188021e+00 2.408379205324569394e+00
1.129410486420237731e+02 -7.616344526683920257e+00 2.387489649389398227e+00
1.127885131288683738e+02 -7.534427376555503209e+00 2.367100187912123843e+00
1.126311867988119104e+02 -7.452424519227299982e+00 2.347216829825726325e+00
1.124687392394480696e+02 -7.370369130851599948e+00 2.327838662446430451e+00
1.123012730241488555e+02 -7.288277058951669218e+00 2.308966514554680050e+00
1.121291632824833044e+02 -7.206149032313569514e+00 2.290599747793091723e+00
1.119523764661733907e+02 -7.123991099044754804e+00 2.272738972498884458e+00
1.117705815017563395e+02 -7.041807331107660772e+00 2.255383824688208527e+00
1.115838310275580199e+02 -6.959599447048667287e+00 2.238530857554474895e+00
1.113921279703261149e+02 -6.877376103470592916e+00 2.222180353824828369e+00
1.111955000102807816e+02 -6.795142119044347062e+00 2.206332361107480988e+00
1.109939743991985353e+02 -6.712891915013072364e+00 2.190983474589387026e+00
1.107875538662354273e+02 -6.630612982633364183e+00 2.176126957511361315e+00
1.105762899954888638e+02 -6.548295552414583831e+00 2.161762042496611969e+00
1.103601605725737755e+02 -6.465934434975077139e+00 2.147890185571821764e+00
1.101395391555980439e+02 -6.383517514023054673e+00 2.134503955426669819e+00
1.099145138417621439e+02 -6.301028600520074185e+00 2.121600017117406090e+00
1.096850250163425642e+02 -6.218456975996491387e+00 2.109175049640542365e+00
1.094511851288646653e+02 -6.135790164340135355e+00 2.097225745918289253e+00
1.092129096414800955e+02 -6.053000377651260422e+00 2.085746329239923647e+00
1.089703353645507633e+02 -5.970064416955887410e+00 2.074728821921055566e+00
1.087233576124857706e+02 -5.886976349062467584e+00 2.064159604346857524e+00
1.084723727935479332e+02 -5.803797146815259822e+00 2.054040225815620513e+00
1.082173838017223346e+02 -5.720604087487687117e+00 2.044415337028893109e+00
1.079577533093650601e+02 -5.637480866911442234e+00 2.035228776997878075e+00
1.076940565373407424e+02 -5.554495584053902313e+00 2.026457415612504143e+00
1.074269136773021671e+02 -5.471705277640365850e+00 2.018147492056226344e+00
1.071556131064600379e+02 -5.389177327863316158e+00 2.010339717318715635e+00
1.068805552419424743e+02 -5.306959642559228918e+00 2.002907373949287084e+00
1.066021403823047393e+02 -5.225112771368637610e+00 1.995938602763239977e+00
1.063205430394090172e+02 -5.143701965902254258e+00 1.989452202672109093e+00
1.060351535916696264e+02 -5.062784561037940279e+00 1.983407682168867314e+00
1.057474309643175872e+02 -4.982406691212624139e+00 1.977773382828700299e+00
1.054565150037436894e+02 -4.902620693282070619e+00 1.972571840186483572e+00
1.051627418928862454e+02 -4.823477659403605067e+00 1.967775314342326221e+00
1.048658566248859643e+02 -4.745016887231184199e+00 1.963469172088303960e+00
1.045662587291361234e+02 -4.667290016828870236e+00 1.959550184778262594e+00
1.042642944422401001e+02 -4.590335909636277911e+00 1.956048528974498213e+00
1.039589941698567515e+02 -4.514206756523154951e+00 1.952992966875618075e+00
1.036514571512158511e+02 -4.438940946403320709e+00 1.950343309466163078e+00
1.033406707722808022e+02 -4.364658567499614783e+00 1.948137027562530932e+00
1.030277600952027228e+02 -4.291317411434853568e+00 1.946326449321144514e+00
1.027124123295031950e+02 -4.218933509513639102e+00 1.944940643079850595e+00
1.023943204633830248e+02 -4.147531363222364043e+00 1.943870761257952440e+00
1.020745437807316165e+02 -4.077142235385804447e+00 1.943279172686250389e+00
1.017521742342989484e+02 -4.007797649268873386e+00 1.943068983810375849e+00
1.014275157852870990e+02 -3.939515991219070479e+00 1.943195167142927282e+00
1.011009669616822322e+02 -3.872327660339114797e+00 1.943746686234209209e+00
1.007729262127097059e+02 -3.806251605439092245e+00 1.944697663270044119e+00
1.004419271357635068e+02 -3.741299155647942243e+00 1.946007839789341887e+00
1.001092967618890839e+02 -3.677493018624730770e+00 1.947697896445344634e+00
9.977445725949091582e+01 -3.614845931390432199e+00 1.949738490834642457e+00
9.943756429686007436e+01 -3.553386028165613109e+00 1.952147863031884478e+00
9.909901596061916962e+01 -3.493122225057197383e+00 1.954899157694977241e+00
9.875809028702710179e+01 -3.434058133050608586e+00 1.958064172859983243e+00
9.841541649865389729e+01 -3.376191924138369771e+00 1.961524825413886175e+00
9.807102766101543523e+01 -3.319509519269054909e+00 1.965367438055980243e+00
9.772513876651271403e+01 -3.264014388543742484e+00 1.969554392750320959e+00
9.737712616840990165e+01 -3.209702032995120025e+00 1.974128158528781762e+00
9.702747101699037557e+01 -3.156562137613044605e+00 1.979040245811207743e+00
9.667581864054240270e+01 -3.104589287194867708e+00 1.984277144783053615e+00
9.632304991997519039e+01 -3.053775566344899328e+00 1.989869316011987799e+00
9.596820558246022870e+01 -3.004106163633149862e+00 1.995847229681623203e+00
9.561155433203018106e+01 -2.955563862923430207e+00 2.002151542786951843e+00
9.525359502606369233e+01 -2.908140223844819516e+00 2.008802606845530470e+00
9.489401923499828229e+01 -2.861823738297595732e+00 2.015859059666676778e+00
9.453251849205315693e+01 -2.816597310387443986e+00 2.023227761541785075e+00
9.416878429594844135e+01 -2.772443884627990407e+00 2.030927381055536607e+00
9.380328314014666091e+01 -2.729346446088849465e+00 2.039013361987185302e+00
9.343636782663277529e+01 -2.687276764735681667e+00 2.047445647349784181e+00
9.306736689405929042e+01 -2.646207617104579857e+00 2.056220475068396780e+00
9.269636414813439274e+01 -2.606123585893445505e+00 2.065365013463107857e+00
9.232401939911645172e+01 -2.567036133329310132e+00 2.074859106157889599e+00
9.194997787468496142e+01 -2.528968508177467989e+00 2.084675053622770058e+00
9.157444560796346877e+01 -2.491944664163370238e+00 2.094823158954438380e+00
9.119790164434493818e+01 -2.455984673574907351e+00 2.105253476672149127e+00
9.082047807860273281e+01 -2.421102871090996977e+00 2.115921833064501989e+00
9.044272786311771029e+01 -2.387310827194974117e+00 2.126853809661275463e+00
9.006444485294314006e+01 -2.354626095687157417e+00 2.138042007871819639e+00
8.968605403321106451e+01 -2.323061856458731089e+00 2.149491748165790472e+00
8.930752651289789412e+01 -2.292631331169492803e+00 2.161120126277098041e+00
8.892883340923793867e+01 -2.263347783306672412e+00 2.172960218068446192e+00
8.855037591972337907e+01 -2.235224518236858859e+00 2.185006941965227156e+00
8.817292879516500648e+01 -2.208272856106240578e+00 2.197160241180927009e+00
8.779594771653732721e+01 -2.182499127413775941e+00 2.209514524640574518e+00
8.741940386697271492e+01 -2.157913266140385478e+00 2.222027367887479343e+00
8.704343420898366901e+01 -2.134534146743751304e+00 2.234675978706711863e+00
8.666871585364017960e+01 -2.112370681454325272e+00 2.247375574038999790e+00
8.629550259871801643e+01 -2.091422307052437368e+00 2.260192994072264039e+00
8.592286917487626852e+01 -2.071709012658312421e+00 2.273125725779129080e+00
8.555184924681779535e+01 -2.053218534065685219e+00 2.286125197660310082e+00
8.518191662947306497e+01 -2.035950437035999983e+00 2.299201780051685517e+00
8.481365678696751331e+01 -2.019904329249067931e+00 2.312356661332115593e+00
8.444712070565552153e+01 -2.005078269940950175e+00 2.325537578708169573e+00
8.408285139140444642e+01 -1.991459848796949705e+00 2.338754906460684513e+00
8.372016941873725671e+01 -1.979055308850776296e+00 2.352019019704890468e+00
8.335908897360019409e+01 -1.967863573630819207e+00 2.365340294156776935e+00
8.300025738511529028e+01 -1.957871248822426802e+00 2.378726082346971360e+00
8.264364640447851684e+01 -1.949085250653448398e+00 2.392117964545853681e+00
8.228922784741008911e+01 -1.941512480594182133e+00 2.405525757336858472e+00
8.193712825330371174e+01 -1.935171840577468938e+00 2.418877145504724435e+00
8.158729362009682973e+01 -1.930057653130911932e+00 2.432256801890110509e+00
8.124027874215836675e+01 -1.926146317332856350e+00 2.445612907186009544e+00
8.089466414137777406e+01 -1.923444819033834463e+00 2.458955162676457640e+00
8.055175756881304494e+01 -1.921946582100112710e+00 2.472225257816814459e+00
8.021091949771015095e+01 -1.921624454063477927e+00 2.485565329685874403e+00
7.987274077346523882e+01 -1.922562953651006046e+00 2.498795827382354062e+00
7.953659995033690677e+01 -1.924626610154149597e+00 2.512040291993885344e+00
7.920303876355369255e+01 -1.927883533468592647e+00 2.525258999177486086e+00
7.887148522053628596e+01 -1.932363262248584457e+00 2.538454248489801834e+00
7.854181904248603985e+01 -1.937964726656474790e+00 2.551636401550000155e+00
7.821521418901050993e+01 -1.944748479445620237e+00 2.564815817479106475e+00
7.789070219268029405e+01 -1.952747868633348816e+00 2.577944025532382000e+00
7.756799617057416185e+01 -1.961869328444856952e+00 2.591018386931804418e+00
7.724763281468173659e+01 -1.972106071277870409e+00 2.604105615373901284e+00
7.692918853385633327e+01 -1.983534925363339640e+00 2.617176383233125847e+00
7.661246970160259195e+01 -1.996086513074059932e+00 2.630224346017501436e+00
7.629797634706837073e+01 -2.009799428414528411e+00 2.643259843932518560e+00
7.598535909944541800e+01 -2.024663190216649422e+00 2.656241778152629962e+00
7.567438767699040625e+01 -2.040629046499248478e+00 2.669260503270711293e+00
7.536503574465383792e+01 -2.057746220956834460e+00 2.682271637601475245e+00
7.505779542636928170e+01 -2.075958354059653121e+00 2.695331205308835631e+00
7.475215606340799468e+01 -2.095257572741062724e+00 2.708384263415613891e+00
7.444828391543576629e+01 -2.115612094878622340e+00 2.721411287277610835e+00
7.414666428471709025e+01 -2.136983587726546840e+00 2.734380597545161162e+00
7.384708902658843499e+01 -2.159317481439837483e+00 2.747335855097444934e+00
7.355031972191491718e+01 -2.182573038457505721e+00 2.760279306353339734e+00
7.325597094354957051e+01 -2.206738557974997406e+00 2.773126167521801744e+00
7.296370997597617247e+01 -2.231802366983531183e+00 2.785869879728067211e+00
7.267446310374550933e+01 -2.257677052900399772e+00 2.798528939324377962e+00
7.238805718365276221e+01 -2.284356426327163625e+00 2.811089132362396104e+00
7.210436367895839282e+01 -2.311828390899067109e+00 2.823500819275456042e+00
7.182396733853568094e+01 -2.340008576938088947e+00 2.835747560499175979e+00
7.154675946966288791e+01 -2.368885439150185235e+00 2.847852754813446019e+00
7.127225517214128558e+01 -2.398447455472036527e+00 2.859833885297376366e+00
7.100088440154706859e+01 -2.428683126285774208e+00 2.871655818031891627e+00
7.073310973882081498e+01 -2.459551714257498745e+00 2.883250901453383808e+00
7.046858157603072925e+01 -2.490999202143070246e+00 2.894647433610234355e+00
7.020769131827698573e+01 -2.523014152914626163e+00 2.905831144736918503e+00
6.995021027876204300e+01 -2.555559585423098579e+00 2.916813320601097992e+00
6.969636012939140812e+01 -2.588602175678146988e+00 2.927601600234712720e+00
6.944613166583407349e+01 -2.622154930796260608e+00 2.938157300999736599e+00
6.919925959518870684e+01 -2.656179633401751783e+00 2.948492973204979162e+00
6.895596594445940752e+01 -2.690694251581668528e+00 2.958564989174200743e+00
6.871647285996245103e+01 -2.725616864549191387e+00 2.968410213175729950e+00
6.848100260778845438e+01 -2.760920080393242770e+00 2.978014316389412386e+00
6.824943878520662111e+01 -2.796666011406552244e+00 2.987362960817132151e+00
6.802106337249385604e+01 -2.832749312965497257e+00 2.996441799106834392e+00
6.779666011833188577e+01 -2.869200341943286769e+00 3.005236474380610368e+00
6.757631933758715093e+01 -2.905963729530372408e+00 3.013745863543771719e+00
6.735967814141115184e+01 -2.943074782779692367e+00 3.022002154726199041e+00
6.714685172877899788e+01 -2.980462446144029887e+00 3.029941932945304117e+00
6.693745281603553110e+01 -3.018125028869308668e+00 3.037602294118842305e+00
6.673178779792456794e+01 -3.056105257743957804e+00 3.044914874817520989e+00
6.653057340724414814e+01 -3.094328406855432867e+00 3.051928761677851654e+00
6.633273841066781529e+01 -3.132789112936178011e+00 3.058635378263919513e+00
6.613850641884693005e+01 -3.171542135598784284e+00 3.065086253893871238e+00
6.594810116660590893e+01 -3.210572884641599067e+00 3.071263551515551082e+00
6.576172495764730286e+01 -3.249806041561620784e+00 3.077086534239494853e+00
6.557890513598529481e+01 -3.289369741038502770e+00 3.082611318075973994e+00
6.539990899086609488e+01 -3.329239530801682001e+00 3.087889689789837799e+00
6.522504687237369581e+01 -3.369230747508106472e+00 3.092897928636473281e+00
6.505369872942524978e+01 -3.409587376772555078e+00 3.097635382723251229e+00
6.488608596003687978e+01 -3.450158603318017381e+00 3.102017256307210147e+00
6.472243317111784222e+01 -3.491068259192450451e+00 3.106165575036085702e+00
6.456160879180079348e+01 -3.532242893298410014e+00 3.110071344090768797e+00
6.440508925160843035e+01 -3.573733903354781472e+00 3.113653429113956150e+00
6.425189723540212583e+01 -3.615535343998500295e+00 3.116957381956288131e+00
6.410148728672162122e+01 -3.657636032065478382e+00 3.119975096478253551e+00
6.395526537028672465e+01 -3.700087669519316780e+00 3.122754873592788361e+00
6.381240237903827506e+01 -3.742888000940079340e+00 3.125229392591571287e+00
6.367231868952482188e+01 -3.786073785739191511e+00 3.127493390579462407e+00
6.353632187925921926e+01 -3.829582861838598973e+00 3.129429980703092085e+00
6.340316600383440715e+01 -3.873387152814400380e+00 3.131165139617932525e+00
6.327324290799614204e+01 -3.917357751195366333e+00 3.132661065315040627e+00
6.314694401726715967e+01 -3.961560003924313289e+00 3.133879997884312374e+00
6.302342468766433115e+01 -4.005848305073511639e+00 3.134799258075132489e+00
6.290310484144176684e+01 -4.050154513826545788e+00 3.135449186191303195e+00
6.278641321399419439e+01 -4.094514950097441819e+00 3.135825868033377706e+00
6.267257942752199540e+01 -4.138833012402237443e+00 3.135957156735179829e+00
6.256141951570072735e+01 -4.183050700136791811e+00 3.135792243756058362e+00
6.245317466983551924e+01 -4.227152508031774225e+00 3.135285907722129117e+00
6.234761747898770778e+01 -4.271076049704270794e+00 3.134556013867739299e+00
6.224519626309955100e+01 -4.314780851262690398e+00 3.133517729409292407e+00
6.214552619685129287e+01 -4.358251376000705335e+00 3.132202964192102090e+00
6.204873241035711828e+01 -4.401472075510239002e+00 3.130627997372022797e+00
6.195492363959382942e+01 -4.444427389067015177e+00 3.128741391207200184e+00
6.186363583736248728e+01 -4.487061031730175564e+00 3.126601763712041571e+00
6.177519464227638224e+01 -4.529326308058926998e+00 3.124209036526900629e+00
6.168940053666772627e+01 -4.571207616677882335e+00 3.121508042991669729e+00
6.160619435140248612e+01 -4.612689341422844258e+00 3.118549976477452024e+00
6.152580851161131648e+01 -4.653755850720184384e+00 3.115345814119137469e+00
6.144777945020015153e+01 -4.694356945641652956e+00 3.111871212436867928e+00
6.137231007659501358e+01 -4.734473013071033520e+00 3.108107251148993111e+00
6.129970700502028080e+01 -4.774094784328778651e+00 3.104056725159392904e+00
6.122950693152831292e+01 -4.813166827822787042e+00 3.099745353531360159e+00
6.116124663551682517e+01 -4.851703048990247069e+00 3.095138895249479383e+00
6.109531471843985173e+01 -4.889673124225535794e+00 3.090285027476986635e+00
6.103200777685108136e+01 -4.927028759198263330e+00 3.085177098567370546e+00
6.097074744525016854e+01 -4.963817569716458600e+00 3.079747517979771754e+00
6.091220062422432591e+01 -4.999977865602502902e+00 3.074022736227288277e+00
6.085543323487319611e+01 -5.035517290681500668e+00 3.068074051533949742e+00
6.080064945151887201e+01 -5.070446127978316397e+00 3.061856272786028565e+00
6.074845422900042280e+01 -5.104719924398003705e+00 3.055317841998508310e+00
6.069796155273596838e+01 -5.138353844957030958e+00 3.048506367937259931e+00
6.065008505924028981e+01 -5.171316996908879915e+00 3.041450914560974716e+00
6.060400243056551517e+01 -5.203682709098260695e+00 3.034128484450738128e+00
6.055995708902785424e+01 -5.235380504612042074e+00 3.026516071006367881e+00
6.051819251319237480e+01 -5.266409236607745292e+00 3.018620337451076718e+00
6.047881616106216285e+01 -5.296809872874006508e+00 3.010505004327980405e+00
6.044136574185288424e+01 -5.326578750117346495e+00 3.002055364909691715e+00
6.040560188403544117e+01 -5.355748103172703445e+00 2.993367264960847152e+00
6.037227591495568646e+01 -5.384251074296668271e+00 2.984417653463219633e+00
6.034101248154424013e+01 -5.412133450427942805e+00 2.975192150309147188e+00
6.031198087946668096e+01 -5.439379082122173692e+00 2.965723379941798576e+00
6.028478120059276080e+01 -5.465978006670096256e+00 2.955930109394599548e+00
6.025960746114743927e+01 -5.491979620682037044e+00 2.945854857946002880e+00
6.023607270513504375e+01 -5.517371438715377607e+00 2.935478284223664414e+00
6.021507634133546105e+01 -5.542205261857599652e+00 2.924845355264376501e+00
6.019615645215006339e+01 -5.566466080456311971e+00 2.913934249703510115e+00
6.017885281805114772e+01 -5.590208154226497861e+00 2.902792327225346192e+00
6.016473179418741069e+01 -5.613419033513341816e+00 2.891329035654705670e+00
6.015180667675672055e+01 -5.636100212370819484e+00 2.879600793079149845e+00
6.014155640174251971e+01 -5.658261607588392472e+00 2.867666836621049153e+00
6.013267682011859705e+01 -5.679910215654856209e+00 2.855447684967559407e+00
6.012586212040839939e+01 -5.700916642911121990e+00 2.843066033955761629e+00
6.012120929391625879e+01 -5.721347487957407552e+00 2.830410788054351645e+00
6.011746464452831873e+01 -5.741214523207107234e+00 2.817574599072734998e+00
6.011521153853077237e+01 -5.760395649897498416e+00 2.804543673036449025e+00
6.011458397886672600e+01 -5.778883030021121137e+00 2.791317911335710722e+00
6.011440223569857011e+01 -5.796745484708744733e+00 2.777912547186490499e+00
6.011513883770388844e+01 -5.813878009158863769e+00 2.764332363641393453e+00
6.011696478418839718e+01 -5.830265274712525425e+00 2.750586132927906213e+00
6.011935752794997967e+01 -5.845913984403276586e+00 2.736677892088855035e+00
6.012224279688588524e+01 -5.860830808148792315e+00 2.722621864016083304e+00
6.012623987971954165e+01 -5.874966523544523866e+00 2.708429379174261520e+00
6.013047653710344065e+01 -5.888366401025281860e+00 2.694099364142867437e+00
6.013466962517342296e+01 -5.901000808174009293e+00 2.679648906066833369e+00
6.013940147919864643e+01 -5.912857857940860384e+00 2.665086314804190781e+00
6.014442005235535760e+01 -5.923893123279091455e+00 2.650419460952686546e+00
6.014957716047096881e+01 -5.934141886166352187e+00 2.635648236003913070e+00
6.015444882554077566e+01 -5.943535770526739981e+00 2.620773195802682753e+00
6.015933456454612127e+01 -5.952128947330519004e+00 2.605806550757953755e+00
6.016408086740381123e+01 -5.959884950927540892e+00 2.590751376452841370e+00
6.016849024058902984e+01 -5.966803259469025456e+00 2.575612323319187436e+00
6.017218794897427614e+01 -5.972873688780009793e+00 2.560390493286356151e+00
6.017537490617715434e+01 -5.978074232846251057e+00 2.545090036380767806e+00
6.017840686286781704e+01 -5.982411133491924105e+00 2.529720755192916393e+00
6.018094599691777091e+01 -5.985890600246663418e+00 2.514288464710478621e+00
6.018311925004804408e+01 -5.988518810486541888e+00 2.498795902437537908e+00
6.018494548170090752e+01 -5.990264530289599598e+00 2.483245803038419020e+00
6.018577936344715340e+01 -5.991171727552265125e+00 2.467640898558556284e+00
6.018602300097388991e+01 -5.991282913232950591e+00 2.451990901708854587e+00
6.018613813987570893e+01 -5.990567233431746352e+00 2.436299184144764762e+00
6.018580388359521294e+01 -5.988998255783705815e+00 2.420564089288124610e+00
6.018476847315180578e+01 -5.986573819215615266e+00 2.404786033900298214e+00
6.018298618131886002e+01 -5.983310493368174221e+00 2.388959620257858241e+00
6.018064814244736027e+01 -5.979172372054552653e+00 2.373090444941298838e+00
6.017738404371375083e+01 -5.974192874006156728e+00 2.357180029699878610e+00
6.017325417475540661e+01 -5.968369577606274845e+00 2.341222234489214848e+00
6.016856937765840030e+01 -5.961667380019362028e+00 2.325217271969068022e+00
6.016338091128185539e+01 -5.954137951473761348e+00 2.309165567093385274e+00
6.015724100031108179e+01 -5.945736273349537804e+00 2.293070118084173714e+00
6.015076697162847097e+01 -5.936545175769714078e+00 2.276921661938630326e+00
6.014341239370086356e+01 -5.926499787063336022e+00 2.260719884643293209e+00
6.013589305185575284e+01 -5.915591904608067608e+00 2.244468894097057632e+00
6.012756385026567330e+01 -5.903897691462406172e+00 2.228160825974930592e+00
6.011923902468786451e+01 -5.891347343228837019e+00 2.211795113824312153e+00
6.011002277268629257e+01 -5.878042025060201681e+00 2.195364922949508468e+00
6.010068075514393371e+01 -5.863916721545694877e+00 2.178874446653665586e+00
6.009159638807241777e+01 -5.848944607573195675e+00 2.162309055194943319e+00
6.008173061922063596e+01 -5.833228593974524756e+00 2.145673403091265641e+00
6.007168798624854134e+01 -5.816685343185405976e+00 2.128977526588415881e+00
6.006176946893793911e+01 -5.799438814027953804e+00 2.112229416042299412e+00
6.005074211646702764e+01 -5.781390196519327063e+00 2.095443999681798175e+00
6.003968656458502551e+01 -5.762622402507250996e+00 2.078640511993437912e+00
6.002776313611605019e+01 -5.743154309279254299e+00 2.061820057233356263e+00
6.001425554562342057e+01 -5.723004767876977539e+00 2.044996378964555550e+00
6.000035508753710900e+01 -5.702189719866711748e+00 2.028177153273764688e+00
5.998525488991226240e+01 -5.680660680197938461e+00 2.011383269931299900e+00
5.996951413674019449e+01 -5.658506171401671558e+00 1.994621792901350110e+00
5.995143252569697978e+01 -5.635672730071341618e+00 1.977903984776754553e+00
5.993238736949086842e+01 -5.612253756961582241e+00 1.961245944794118179e+00
5.991159718001055268e+01 -5.588268371563192005e+00 1.944641773703746690e+00
5.988961715253757490e+01 -5.563665474742474082e+00 1.928112466103100830e+00
5.986633321636544736e+01 -5.538530217398665911e+00 1.911651847184767439e+00
5.984161077082499958e+01 -5.512817193872350252e+00 1.895279853019315119e+00
5.981531512878542145e+01 -5.486606580898983232e+00 1.879004518792672496e+00
5.978731151571593472e+01 -5.459922702471864397e+00 1.862826497779754842e+00
5.975746506881912268e+01 -5.432720504949197782e+00 1.846764958356979403e+00
5.972688849855608595e+01 -5.405072706824414652e+00 1.830809973801804658e+00
5.969380095755591498e+01 -5.376946111917320970e+00 1.814978095602207686e+00
5.965894564449579462e+01 -5.348348549577993438e+00 1.799272622677080768e+00
5.962301221526398365e+01 -5.319298497213053700e+00 1.783693658510620006e+00
5.958484757580103519e+01 -5.289814412363811336e+00 1.768252802811459468e+00
5.954459126330242924e+01 -5.259914733192609937e+00 1.752953042436213416e+00
5.950226374188411427e+01 -5.229562887815577099e+00 1.737799995894463434e+00
5.945772941915409859e+01 -5.198814207962219491e+00 1.722795470930119643e+00
5.941137788133233499e+01 -5.167705137040723429e+00 1.707939598070180365e+00
5.936326627276531553e+01 -5.136151450422755893e+00 1.693237643080555799e+00
5.931275808881095912e+01 -5.104230574823812816e+00 1.678696806781022177e+00
5.926047642388859060e+01 -5.071955524453472641e+00 1.664314529669327136e+00
5.920626899179539038e+01 -5.039293068597592296e+00 1.650093426838071142e+00
5.914975743518925100e+01 -5.006265524022806446e+00 1.636040717155974766e+00
5.909125685812534101e+01 -4.972883305138686261e+00 1.622150085132283426e+00
5.903045872897993007e+01 -4.939140840957117362e+00 1.608425147186115067e+00
5.896737416138965671e+01 -4.905039482763303482e+00 1.594871665602237476e+00
5.890215810835030652e+01 -4.870583360801929551e+00 1.581481538051217051e+00
5.883467394651940197e+01 -4.835772572541100267e+00 1.568256922039463319e+00
5.876478495911826627e+01 -4.800611961049095378e+00 1.555204338804800024e+00
5.869273176890320087e+01 -4.765101358065310322e+00 1.542320219577388185e+00
5.861835312240467033e+01 -4.729230731890045725e+00 1.529597718026048714e+00
5.854186452735348922e+01 -4.693000625085217870e+00 1.517040578562827147e+00
5.846317875392915653e+01 -4.656411949605490541e+00 1.504649526195734444e+00
5.838238763654756980e+01 -4.619461210155599851e+00 1.492417240041639337e+00
5.829989236271308073e+01 -4.582142983286991544e+00 1.480343960888151678e+00
5.821535787088928515e+01 -4.544449242728590299e+00 1.468429936839645178e+00
5.812918487633018572e+01 -4.506381114821547129e+00 1.456672511472699938e+00
5.804108770441054332e+01 -4.467924418478764537e+00 1.445067677772150283e+00
5.795110148666488925e+01 -4.429063880715572665e+00 1.433613040786807957e+00
5.785914532162232149e+01 -4.389795329443519023e+00 1.422301820013972540e+00
5.776575996150558012e+01 -4.350105712332676511e+00 1.411131149098918014e+00
5.767052360933741539e+01 -4.310030122416120157e+00 1.400108758179475554e+00
5.757352495393261194e+01 -4.269607015539676809e+00 1.389239527093192761e+00
5.747449025426106317e+01 -4.228878469070819435e+00 1.378522670721557430e+00
5.737387790927087394e+01 -4.187871531457150631e+00 1.367965504106428032e+00
5.727099483522422219e+01 -4.146616856754632430e+00 1.357572021165468934e+00
5.716693569635663863e+01 -4.105152250285495796e+00 1.347348119766906382e+00
5.706057268695321483e+01 -4.063506317007176349e+00 1.337293618674424867e+00
5.695257187222295414e+01 -4.021713164984737965e+00 1.327419116870359073e+00
5.684350658038611925e+01 -3.979805593610470371e+00 1.317716651953088958e+00
5.673178813635790618e+01 -3.937810656102676443e+00 1.308195515232264627e+00
5.661892516660785191e+01 -3.895756472415501825e+00 1.298862878668929133e+00
5.650421643927290205e+01 -3.853675279153548239e+00 1.289714873951834484e+00
5.638810248492550414e+01 -3.811587080780343584e+00 1.280753759422132321e+00
5.627033019514055923e+01 -3.769513969200185777e+00 1.271981802112731375e+00
5.615018128246568097e+01 -3.727495421000076359e+00 1.263401277789657939e+00
5.602874927327196986e+01 -3.685551903323729839e+00 1.255014918938427204e+00
5.590520932098806384e+01 -3.643709525783507708e+00 1.246831103399441476e+00
5.578006314301362067e+01 -3.601974807039135307e+00 1.238838822039415755e+00
5.565313449096048259e+01 -3.560374765881886283e+00 1.231054189976395374e+00
5.552493610687893977e+01 -3.518947073070223919e+00 1.223468638606207914e+00
5.539527369620388697e+01 -3.477710932911061370e+00 1.216086639933223301e+00
5.526327273198285184e+01 -3.436656006688897591e+00 1.208911713982703473e+00
5.513014711040061400e+01 -3.395795350973171978e+00 1.201946252149336036e+00
5.499574596331525100e+01 -3.355148877309800159e+00 1.195178828453124842e+00
5.485988473673329935e+01 -3.314729907323838098e+00 1.188624759723391433e+00
5.472237880095007512e+01 -3.274544837039063516e+00 1.182273959401577201e+00
5.458369556226414687e+01 -3.234599658392021571e+00 1.176134255313389998e+00
5.444307653558720261e+01 -3.194913169892995786e+00 1.170195903301574303e+00
5.430151340718020947e+01 -3.155488561167840711e+00 1.164472284299440386e+00
5.415838755078153355e+01 -3.116340449781041855e+00 1.158955318110014732e+00
5.401341092776964103e+01 -3.077477021499954279e+00 1.153639332581063659e+00
5.386698898493052923e+01 -3.038903260219368185e+00 1.148537409990937563e+00
5.371906427290758046e+01 -3.000621503621358599e+00 1.143642974483998653e+00
5.357001746213778404e+01 -2.962634157528653223e+00 1.138955668815907263e+00
5.341926205744672274e+01 -2.924944334680269264e+00 1.134477944296587104e+00
5.326698931400117942e+01 -2.887554772619338461e+00 1.130206848329488034e+00
5.311319079873580051e+01 -2.850467529392619603e+00 1.126143079334233299e+00
5.295819764405600694e+01 -2.813683983893641827e+00 1.122283947708850205e+00
5.280152166099209410e+01 -2.777201306299334593e+00 1.118629921912622782e+00
5.264374724946849682e+01 -2.741013150424371325e+00 1.115188414051488053e+00
5.248418199320622080e+01 -2.705112447119289332e+00 1.111949798190559502e+00
5.232309769402210975e+01 -2.669492515342671179e+00 1.108918772177629242e+00
5.216081036689374884e+01 -2.634146629619519064e+00 1.106098320073197971e+00
5.199669153445915271e+01 -2.599068176762636462e+00 1.103488333883019257e+00
5.183114052091649882e+01 -2.564249572985931813e+00 1.101082738213003287e+00
5.166412907161731738e+01 -2.529681406491882445e+00 1.098882495692003802e+00
5.149557677916275367e+01 -2.495351193099449194e+00 1.096893154515740099e+00
5.132561012194618399e+01 -2.461246722330971970e+00 1.095113334622346501e+00
5.115404305004395269e+01 -2.427355839813591043e+00 1.093538538308122865e+00
5.098070743964645857e+01 -2.393672597532780166e+00 1.092166973974327160e+00
5.080586343747095412e+01 -2.360218739404639443e+00 1.090996274226835983e+00
5.062979444951563579e+01 -2.327021057457717479e+00 1.090019648892851301e+00
5.045242208084368940e+01 -2.294101567979759615e+00 1.089233332763891005e+00
5.027366789980065676e+01 -2.261477023186418744e+00 1.088631464700863027e+00
5.009376059292291927e+01 -2.229162490988886081e+00 1.088208884117727981e+00
4.991273786947944302e+01 -2.197173856837818740e+00 1.087964592367496319e+00
4.973066286307757622e+01 -2.165526179027556175e+00 1.087892455912204071e+00
4.954805818390710215e+01 -2.134234617400627254e+00 1.087992474105539120e+00
4.936465511560686537e+01 -2.103315241789086798e+00 1.088254961254482511e+00
4.918083536623259988e+01 -2.072782885451128543e+00 1.088678766562330980e+00
4.899652029810537357e+01 -2.042653544721715342e+00 1.089255870927356318e+00
4.881163125138690617e+01 -2.012942261591656568e+00 1.089985196479701823e+00
4.862608954586945487e+01 -1.983664861391804202e+00 1.090864262716494837e+00
4.844001275657689831e+01 -1.954836890706036501e+00 1.091881564351853795e+00
4.825384408924808355e+01 -1.926474060315753523e+00 1.093037210399431469e+00
4.806733317918916981e+01 -1.898591111389051234e+00 1.094322593005970345e+00
4.788017334923402757e+01 -1.871201391123909152e+00 1.095734451839041723e+00
4.769325661173714082e+01 -1.844312638456586884e+00 1.097271001503442145e+00
4.750606767411908038e+01 -1.817931736994760739e+00 1.098933356815347873e+00
4.731898892892920117e+01 -1.792065508229421678e+00 1.100712436886788437e+00
4.713145578880924802e+01 -1.766720974830269908e+00 1.102606101046932796e+00
4.694409534301327369e+01 -1.741904235082235797e+00 1.104616217298488801e+00
4.675727849356382393e+01 -1.717623185691649734e+00 1.106734202763805852e+00
4.656980699673008672e+01 -1.693884721809964633e+00 1.108962427023123087e+00
4.638289230135761443e+01 -1.670693925382254807e+00 1.111292430512314855e+00
4.619640718125707934e+01 -1.648056693354046587e+00 1.113732689663721631e+00
4.600963920178248401e+01 -1.625980703001497663e+00 1.116260979787807361e+00
4.582319165784072368e+01 -1.604469756821381932e+00 1.118894075973583035e+00
4.563697429404452777e+01 -1.583531081142875330e+00 1.121614997337569974e+00
4.545020922030870025e+01 -1.563173604504944025e+00 1.124427142443686467e+00
4.526437268192136543e+01 -1.543430197069728393e+00 1.127321201052457811e+00
4.507925969625814844e+01 -1.524266859786746364e+00 1.130300058018149700e+00
4.489408648577826000e+01 -1.505683870349443509e+00 1.133367570087249643e+00
4.470876114989071226e+01 -1.487671142676611602e+00 1.136520678589771904e+00
4.452388535592339736e+01 -1.470236788968017461e+00 1.139763000238467550e+00
4.433941819905682280e+01 -1.453372932956928487e+00 1.143091728897909665e+00
4.415528098467684970e+01 -1.437083893473795504e+00 1.146510240787416812e+00
4.397139503413945505e+01 -1.421355714091354416e+00 1.150015981840721846e+00
4.378768168585683895e+01 -1.406197834616568443e+00 1.153612087312074097e+00
4.360468108730041337e+01 -1.391604146786677765e+00 1.157296254726068119e+00
4.342180754742652482e+01 -1.377572019533977787e+00 1.161071377886375711e+00
4.323887073799471636e+01 -1.364111723790073949e+00 1.164941346926308352e+00
4.305637390735184766e+01 -1.351218334875830429e+00 1.168898417515443100e+00
4.287380534768013263e+01 -1.338888926636529364e+00 1.172943756697021112e+00
4.269149502906770266e+01 -1.327121961172304632e+00 1.177081260693241038e+00
4.250952544230550245e+01 -1.315915925066113878e+00 1.181314827491304120e+00
4.232728554808932131e+01 -1.305264003723918931e+00 1.185648356707280637e+00
4.214503147273553907e+01 -1.295162875811433301e+00 1.190085749447902685e+00
4.196288274551689312e+01 -1.285600942211269526e+00 1.194620749936852855e+00
4.178078469395524763e+01 -1.276577495653234084e+00 1.199265733040246973e+00
4.159829433752605610e+01 -1.268088333713438542e+00 1.204010661753907252e+00
4.141618271179681443e+01 -1.260120075355677383e+00 1.208841597975111037e+00
4.123454975772775555e+01 -1.252670772499939522e+00 1.213753889154831844e+00
4.105320003069651591e+01 -1.245732528013024476e+00 1.218740892672059761e+00
4.087176369039784163e+01 -1.239298360487403938e+00 1.223793370736648178e+00
4.069086406432521841e+01 -1.233366748718372152e+00 1.228906302589236166e+00
4.051074906753138549e+01 -1.227932100270421767e+00 1.234069322607589170e+00
4.033117411490338355e+01 -1.222981909191388938e+00 1.239274075353042459e+00
4.015258821409279477e+01 -1.218512144247128504e+00 1.244518382081436725e+00
3.997464439642617151e+01 -1.214517258814537648e+00 1.249792615875037649e+00
3.979743557509868879e+01 -1.210992525192780667e+00 1.255084080404525793e+00
3.962104690374910376e+01 -1.207933178121797235e+00 1.260390491776756994e+00
3.944547281863731314e+01 -1.205330437972857327e+00 1.265703310432852779e+00
3.927122023025652453e+01 -1.203182954325258569e+00 1.271012102661406740e+00
3.909764780587987332e+01 -1.201483180957618524e+00 1.276315528259127197e+00
3.892500967696731351e+01 -1.200221659216542669e+00 1.281604344085497837e+00
3.875392376866725641e+01 -1.199394236407465897e+00 1.286872167079264218e+00
3.858402272021567825e+01 -1.198995320078688476e+00 1.292116809788800058e+00
3.841510974821407842e+01 -1.199021041882809335e+00 1.297333467858477585e+00
3.824729133697628214e+01 -1.199463108349408946e+00 1.302520367183402472e+00
3.808109657372919798e+01 -1.200313244182292127e+00 1.307679957093215162e+00
3.791607680431702931e+01 -1.201563191934837516e+00 1.312804906742663924e+00
3.775285978041669210e+01 -1.203208956353869263e+00 1.317898646419165987e+00
3.759069848221302124e+01 -1.205250434802554782e+00 1.322952854743844719e+00
3.742998864257766201e+01 -1.207676114531673006e+00 1.327970066420389283e+00
3.727061530928931177e+01 -1.210486617688718569e+00 1.332937415665351955e+00
3.711324062250013611e+01 -1.213683000011476887e+00 1.337864092563483931e+00
3.695656534413094363e+01 -1.217254564473877254e+00 1.342732734152706442e+00
3.680178987408292812e+01 -1.221203137386174475e+00 1.347548183860135751e+00
3.664885355644980081e+01 -1.225518573170434555e+00 1.352311501892266898e+00
3.649722959017940127e+01 -1.230209389366894834e+00 1.357008621979450602e+00
3.634698343798578435e+01 -1.235264484149123376e+00 1.361639345304637150e+00
3.619818062625786581e+01 -1.240693389314964978e+00 1.366213779004318285e+00
3.605088674597215004e+01 -1.246482511136469684e+00 1.370728922354968793e+00
3.590516745357032846e+01 -1.252632140469800204e+00 1.375176766902300507e+00
3.576108847179621364e+01 -1.259153327934754429e+00 1.379561608934355199e+00
3.561871559049230029e+01 -1.266032177556883909e+00 1.383881600046066307e+00
3.547808723256295593e+01 -1.273274515076313618e+00 1.388141000004355918e+00
3.533857856386030249e+01 -1.280879393928221921e+00 1.392330797626213812e+00
3.520025837479680320e+01 -1.288845935200645609e+00 1.396455792402903295e+00
3.506401290557488437e+01 -1.297178284271937265e+00 1.400512111476791111e+00
3.492839228134961616e+01 -1.305873536322351702e+00 1.404489258065292789e+00
3.479485489455987590e+01 -1.314947534471925694e+00 1.408401759427518662e+00
3.466278972273409664e+01 -1.324392614438510085e+00 1.412247527788956569e+00
3.453224127059114323e+01 -1.334221357109530715e+00 1.416024279922898144e+00
3.440260424935101469e+01 -1.344433574164311862e+00 1.419736444682359267e+00
3.427455805884398643e+01 -1.355034997191876478e+00 1.423388787475173167e+00
3.414822807031806207e+01 -1.366031831573166322e+00 1.426979597845023484e+00
3.402304617241745888e+01 -1.377436638783979372e+00 1.430525614590711703e+00
3.389838248536469933e+01 -1.389244914357544269e+00 1.434031844480213591e+00
3.377547466803551401e+01 -1.401435246708455207e+00 1.437483770341748457e+00
3.365406365592150451e+01 -1.413981852600138867e+00 1.440887454094468723e+00
3.353415167540204322e+01 -1.426894084199768598e+00 1.444229856758293407e+00
3.341528827875234242e+01 -1.440085357508181785e+00 1.447516043749965675e+00
3.329745119784260510e+01 -1.453568587444330928e+00 1.450733950685626938e+00
3.318131179226105587e+01 -1.467306327976458435e+00 1.453882161195242384e+00
3.306662647503367225e+01 -1.481344772407069188e+00 1.456958612317132751e+00
3.295333623455205441e+01 -1.495606894691530409e+00 1.459949061187871822e+00
3.284156413449771605e+01 -1.510063382849135216e+00 1.462850965744357579e+00
3.273143330959694453e+01 -1.524723794192205162e+00 1.465667607937175765e+00
3.262258005351964840e+01 -1.539548999027354315e+00 1.468387656637930805e+00
3.251489635819598334e+01 -1.554525434253081650e+00 1.471016935639899215e+00
3.240896784051157908e+01 -1.569662668515514614e+00 1.473554336255932906e+00
3.230427393415269677e+01 -1.584925278280123528e+00 1.475988999852225092e+00
3.220083926713638078e+01 -1.600296013496833369e+00 1.478327567241469742e+00
3.209906795314084604e+01 -1.615784450677852035e+00 1.480566137509387925e+00
3.199908360987609512e+01 -1.631358868965225417e+00 1.482699165468963631e+00
3.190060924940757303e+01 -1.646958260641073313e+00 1.484721873085298238e+00
3.180345109896041933e+01 -1.662599289508285727e+00 1.486635022914998494e+00
3.170735694154411277e+01 -1.678324521390473612e+00 1.488437616296867105e+00
3.161283591917015201e+01 -1.694070795602692581e+00 1.490122390454818202e+00
3.152001815585245126e+01 -1.709811936540065691e+00 1.491685498270906240e+00
3.142863312562734990e+01 -1.725560298371936252e+00 1.493126477367249239e+00
3.133885726734461130e+01 -1.741320224367143510e+00 1.494448527390884296e+00
3.125042326906732981e+01 -1.757077551163415796e+00 1.495645408989002556e+00
3.116345532214173630e+01 -1.772791314810814089e+00 1.496717260276136052e+00
3.107807767796530030e+01 -1.788483719393852533e+00 1.497671051490705674e+00
3.099413717421073144e+01 -1.804149244648161510e+00 1.498499880797224737e+00
3.091158261107561245e+01 -1.819815017254631018e+00 1.499208673320304497e+00
3.083073862451238512e+01 -1.835420016190211445e+00 1.499798590327115599e+00
3.075126433664897263e+01 -1.850975370751728910e+00 1.500272632440579734e+00
3.067328428794582251e+01 -1.866517718115732860e+00 1.500622115260631828e+00
3.059670720104147890e+01 -1.881952786782950859e+00 1.500847442570650392e+00
3.052135895863563064e+01 -1.897370235310007258e+00 1.500952705474848381e+00
3.044768767393958697e+01 -1.912747267254921280e+00 1.500930743980326332e+00
3.037547005761050656e+01 -1.928110334847601859e+00 1.500782895671102013e+00
3.030503701502214398e+01 -1.943361114654728716e+00 1.500506888330073840e+00
3.023556448055910906e+01 -1.958539988011867017e+00 1.500102750955243147e+00
3.016774129040030772e+01 -1.973726672924943637e+00 1.499565152549245717e+00
3.010143314210348819e+01 -1.988796700095118775e+00 1.498904831149011851e+00
3.003593987106552632e+01 -2.003900949174810098e+00 1.498108399174040040e+00
2.997287420313736916e+01 -2.018889652453597527e+00 1.497184955440049370e+00
2.991061432310780077e+01 -2.033885672447614645e+00 1.496135730364982042e+00
2.984991091364439697e+01 -2.048835938394838685e+00 1.494952094883792659e+00
2.979082114945415682e+01 -2.063749922899710043e+00 1.493642818793337268e+00
2.973282012556339993e+01 -2.078637089513372338e+00 1.492203909008894325e+00
2.967607653840102344e+01 -2.093511231870775369e+00 1.490632234290211855e+00
2.962135946123207120e+01 -2.108446167069093047e+00 1.488936974745577846e+00
2.956808841076225036e+01 -2.123380742091018014e+00 1.487107623101477039e+00
2.951568671960181334e+01 -2.138250449790349617e+00 1.485154402055793632e+00
2.946495202407204062e+01 -2.153165971669840584e+00 1.483066511923979203e+00
2.941595580955460321e+01 -2.168103690664911376e+00 1.480863621479178605e+00
2.936805030881004797e+01 -2.182914977707087978e+00 1.478530564496891131e+00
2.932130065548019360e+01 -2.197716388352268346e+00 1.476079074592502982e+00
2.927577790873333896e+01 -2.212420519470514435e+00 1.473514238272652488e+00
2.923155316736002618e+01 -2.227002029521412130e+00 1.470827447217781359e+00
2.918803453859365149e+01 -2.241504920324224770e+00 1.468022737491903040e+00
2.914588874370195271e+01 -2.255912394724566727e+00 1.465104996379685387e+00
2.910461608963487734e+01 -2.270138287382884368e+00 1.462072721634105177e+00
2.906420802078965693e+01 -2.284214885733450995e+00 1.458936252000321065e+00
2.902534957228409596e+01 -2.298129049971284310e+00 1.455689104278769630e+00
2.898701364589932794e+01 -2.311858414523199290e+00 1.452340068998638989e+00
2.894962717602926006e+01 -2.325439511383596614e+00 1.448889282410480650e+00
2.891281384088450679e+01 -2.338805177079921194e+00 1.445346075963813481e+00
2.887706812353671637e+01 -2.351918864464198844e+00 1.441705423399141095e+00
2.884206304374736973e+01 -2.364868582932701191e+00 1.437980137178110018e+00
2.880824386463721254e+01 -2.377611123077154609e+00 1.434162182045887635e+00
2.877480543190235451e+01 -2.390106198932588466e+00 1.430261591056620318e+00
2.874195310030923523e+01 -2.402382865440426674e+00 1.426271550923624787e+00
2.870996143083072027e+01 -2.414388656856591542e+00 1.422195824125344732e+00
2.867890200524661637e+01 -2.426128602017223024e+00 1.418031571933358048e+00
2.864836819715672078e+01 -2.437602956245775498e+00 1.413783838120389547e+00
2.861819167027534760e+01 -2.448789195241710903e+00 1.409455172886649788e+00
2.858844407274797561e+01 -2.459710138478419683e+00 1.405038786678436180e+00
2.855963834404844448e+01 -2.470369691058189154e+00 1.400543013502418388e+00
2.853126518952473489e+01 -2.480702386872163157e+00 1.395965319518246650e+00
2.850323445717994275e+01 -2.490740041263335591e+00 1.391305985697299574e+00
2.847591942817218325e+01 -2.500520364209643187e+00 1.386572815412276505e+00
2.844899984228186440e+01 -2.509981537775197946e+00 1.381762752443544295e+00
2.842260091316370918e+01 -2.519106273978304777e+00 1.376874052328682430e+00
2.839676556703117072e+01 -2.527942509149569972e+00 1.371911490734646355e+00
2.837121472620995988e+01 -2.536502659972504681e+00 1.366872738843207813e+00
2.834602016408268099e+01 -2.544729771078587888e+00 1.361758728610054092e+00
2.832158405329018791e+01 -2.552629671960660485e+00 1.356568067525436572e+00
2.829772983654314800e+01 -2.560225398412666387e+00 1.351297063124425879e+00
2.827403481053345402e+01 -2.567484779154479480e+00 1.345948359010610051e+00
2.825068977634215628e+01 -2.574426307218371068e+00 1.340518460407412960e+00
2.822762287666921921e+01 -2.581055325663646816e+00 1.335012118124974556e+00
2.820534298543445928e+01 -2.587365878098676575e+00 1.329428703948470236e+00
2.818366541914408074e+01 -2.593341516392090096e+00 1.323761409677793877e+00
2.816220024168083214e+01 -2.599027349883575422e+00 1.318012801225181052e+00
2.814101923417002027e+01 -2.604399503879646360e+00 1.312187721074839164e+00
2.812041368469989067e+01 -2.609488493584179114e+00 1.306278982803100952e+00
2.810053965561636247e+01 -2.614213149258083568e+00 1.300288404791768659e+00
2.808083664821650416e+01 -2.618672269035163147e+00 1.294219981539197484e+00
2.806205794672789366e+01 -2.622877022553943061e+00 1.288064567123184734e+00
2.804354447107865766e+01 -2.626767944156799039e+00 1.281827136757221153e+00
2.802614804027919959e+01 -2.630361096073208671e+00 1.275495975104165236e+00
2.800896539407030872e+01 -2.633621167958297260e+00 1.269072891602469833e+00
2.799249174094307691e+01 -2.636669305256128304e+00 1.262553927364818973e+00
2.797625572677138095e+01 -2.639384708013558622e+00 1.255953226145567925e+00
2.796072274172363592e+01 -2.641846934663881985e+00 1.249265146808146820e+00
2.794535630281799854e+01 -2.643985247611341460e+00 1.242496954372671381e+00
2.793075503548734417e+01 -2.645886561490690791e+00 1.235661167817367234e+00
2.791675231474764018e+01 -2.647465543565900248e+00 1.228762652209534290e+00
2.790215050899476878e+01 -2.648757747995807765e+00 1.221795961250898843e+00
2.788824397887088224e+01 -2.649743465855768587e+00 1.214780097029319883e+00
2.787493995065268138e+01 -2.650520852758628809e+00 1.207714642229275714e+00
2.786089288271774222e+01 -2.650928540007106538e+00 1.200605889919177383e+00
2.784746090699589871e+01 -2.651076518483238331e+00 1.193460031295671131e+00
2.783389901037179825e+01 -2.650933355930924495e+00 1.186277555880989487e+00
2.782086503874400663e+01 -2.650534845335475786e+00 1.179069362047439284e+00
2.780695399002241786e+01 -2.649860831623426005e+00 1.171843256658457566e+00
2.779354512978018832e+01 -2.648882075024210359e+00 1.164584441700267980e+00
2.777995274551290805e+01 -2.647638449337716526e+00 1.157312594223159463e+00
2.776544739945475371e+01 -2.646103368533364364e+00 1.150027749306332003e+00
2.775129963425459678e+01 -2.644287541054845647e+00 1.142729135049427081e+00
2.773693452594400455e+01 -2.642204010542339887e+00 1.135422522730876294e+00
2.772290660505455051e+01 -2.639852963053373358e+00 1.128114198656324785e+00
2.770800892857781150e+01 -2.637226993810702691e+00 1.120797854802108695e+00
2.769265819832190445e+01 -2.634324093614753615e+00 1.113484181547423457e+00
2.767693146673363103e+01 -2.631149172303695494e+00 1.106174422486168263e+00
2.766080494825309088e+01 -2.627696276406397136e+00 1.098873732815197624e+00
2.764483525429042743e+01 -2.623968782419877410e+00 1.091576790653493445e+00
2.762800007388491252e+01 -2.619966878660703991e+00 1.084287127843529763e+00
2.761053114104144157e+01 -2.615700475864673358e+00 1.077011032015346093e+00
2.759311040763576628e+01 -2.611171601492659811e+00 1.069749356691958697e+00
2.757535748783952911e+01 -2.606379019605062020e+00 1.062506643572117992e+00
2.755654251162162893e+01 -2.601321479180262131e+00 1.055278805782996931e+00
2.753745510648079886e+01 -2.596007844583073432e+00 1.048068146709637549e+00
2.751849457255617537e+01 -2.590441069043287747e+00 1.040880958034183790e+00
2.749867306225711516e+01 -2.584615039069474651e+00 1.033713895130178972e+00
2.747843288893715652e+01 -2.578526082584638779e+00 1.026568525546771138e+00
2.745778992842082289e+01 -2.572177449276834782e+00 1.019446572316322852e+00
2.743690391067397627e+01 -2.565570412645448162e+00 1.012342824342661762e+00
2.741559127081539415e+01 -2.558699297413776108e+00 1.005262440171387217e+00
2.739354210984426174e+01 -2.551564087974707462e+00 9.982061703232529837e-01
2.737114004481357554e+01 -2.544162309115854725e+00 9.911702784580497250e-01
2.734827531248060595e+01 -2.536493427461247840e+00 9.841540092893754643e-01
2.732460093507556209e+01 -2.528559269346967842e+00 9.771566094472465824e-01
2.730083444189916975e+01 -2.520354713828650173e+00 9.701773275728521329e-01
2.727656972651844214e+01 -2.511882039879279827e+00 9.632154144120306238e-01
2.725174274001406260e+01 -2.503140077361451166e+00 9.562701229071518538e-01
2.722677636766660214e+01 -2.494123285393470280e+00 9.493440486114469445e-01
2.720119937586326131e+01 -2.484830833643326908e+00 9.424338565083008046e-01
2.717538358450189762e+01 -2.475260386198270712e+00 9.355339709364617340e-01
2.714900721544391260e+01 -2.465408614754705408e+00 9.286447718110910632e-01
2.712219390299999944e+01 -2.455265612427036892e+00 9.217613131527723214e-01
2.709524087454219909e+01 -2.444832609858354822e+00 9.148855872478031115e-01
2.706774357456485447e+01 -2.434110453222880999e+00 9.080173107053544079e-01
2.704005559835912464e+01 -2.423103936792843971e+00 9.011525479621721457e-01
2.701163163893513897e+01 -2.411830101579639063e+00 8.943000732683326071e-01
2.698313849408830833e+01 -2.400303749013048105e+00 8.874666733197054125e-01
2.695400558324417517e+01 -2.388536953873664270e+00 8.806509812312554031e-01
2.692435583576002500e+01 -2.376544748757623449e+00 8.738625142710310101e-01
2.689444711056803428e+01 -2.364338947384581058e+00 8.671025076237970364e-01
2.686384560367882912e+01 -2.351936553381424044e+00 8.603756578463647164e-01
2.683285836150063375e+01 -2.339351332665836836e+00 8.536845758970164066e-01
2.680115144127181637e+01 -2.326589143022364414e+00 8.470367932345833628e-01
2.676951312385261517e+01 -2.313664230688716739e+00 8.404244248022506580e-01
2.673682957815393380e+01 -2.300583194636062867e+00 8.338630533953180768e-01
2.670373077057540101e+01 -2.287365575733760537e+00 8.273472596020965408e-01
2.667054675858229018e+01 -2.274010164067922446e+00 8.208825001284479894e-01
2.663614032429045153e+01 -2.260533045926410356e+00 8.144699288244396929e-01
2.660162122525725081e+01 -2.246943367186209795e+00 8.081200555276527586e-01
2.656627048217832154e+01 -2.233244593433488578e+00 8.018206911655235691e-01
2.653006262359858169e+01 -2.219446614678697305e+00 7.955843522397701983e-01
2.649358897726082773e+01 -2.205559316775515644e+00 7.894108386315649151e-01
2.645674726807138200e+01 -2.191592060960472654e+00 7.833061086405844753e-01
2.641878276158607619e+01 -2.177541156527521338e+00 7.772628019743842431e-01
2.638032360300198320e+01 -2.163430539938286490e+00 7.712874055287389785e-01
2.634126063346678848e+01 -2.149269840371952345e+00 7.653925284083253899e-01
2.630154601546652060e+01 -2.135057328895836104e+00 7.595649365163994471e-01
2.626181472562561936e+01 -2.120794041283959430e+00 7.538103758094789608e-01
2.622061126581916213e+01 -2.106482781802157422e+00 7.481353494117549685e-01
2.617917783522179676e+01 -2.092133178635862567e+00 7.425327119821543143e-01
2.613683863759078108e+01 -2.077748387163739885e+00 7.370015605374058421e-01
2.609412711532016971e+01 -2.063324625274543411e+00 7.315545117388373431e-01
2.605038109481327524e+01 -2.048870543698843694e+00 7.261793173563562132e-01
2.600608464755870486e+01 -2.034389662280239541e+00 7.208866592105324100e-01
2.596124581945461784e+01 -2.019884774358395862e+00 7.156714934716801313e-01
2.591578776676429641e+01 -2.005352585147174960e+00 7.105384094584171750e-01
2.586903721082530438e+01 -1.990794791334284497e+00 7.054820162804802397e-01
2.582196355616995831e+01 -1.976214183912091249e+00 7.005064190918554035e-01
2.577475807625939197e+01 -1.961613553576488034e+00 6.956181634838661809e-01
2.572622489073522800e+01 -1.946984502361496006e+00 6.908070164862413209e-01
2.567761074196416260e+01 -1.932337588056142197e+00 6.860802406076784710e-01
2.562828219731880353e+01 -1.917662979947980517e+00 6.814354095977078751e-01
2.557779530292038928e+01 -1.902963192686532912e+00 6.768701937941653535e-01
2.552709317432866243e+01 -1.888232773565061917e+00 6.723892035084781948e-01
2.547551900988786144e+01 -1.873470356060674469e+00 6.679890541012658556e-01
2.542352583648260733e+01 -1.858669025873079361e+00 6.636670596059722760e-01
2.537055533182346423e+01 -1.843831659016708091e+00 6.594274740597630968e-01
2.531696188447832085e+01 -1.828958896740936702e+00 6.552722740821812497e-01
2.526273420511318335e+01 -1.814037511631680033e+00 6.511965052026891243e-01
2.520796145815633693e+01 -1.799062219492536752e+00 6.471970064968678438e-01
2.515284814607506192e+01 -1.784027350254610234e+00 6.432775570641876550e-01
2.509690517889343297e+01 -1.768929829772364570e+00 6.394365282765193115e-01
2.503974841840116028e+01 -1.753764487806717121e+00 6.356743957431393310e-01
2.498207825998097320e+01 -1.738523844989572131e+00 6.319901018579242580e-01
2.492412526365566094e+01 -1.723219448384288421e+00 6.283839847945850154e-01
2.486513028705432049e+01 -1.707869981063008247e+00 6.248558350948815177e-01
2.480573412204198291e+01 -1.692487131198982198e+00 6.214020764090045779e-01
2.474597502566888352e+01 -1.677082228012078957e+00 6.180260723814152701e-01
2.468530876509333893e+01 -1.661670716842684747e+00 6.147283660695682661e-01
2.462415459228733638e+01 -1.646264243702481256e+00 6.115050248110139863e-01
2.456235462337301101e+01 -1.630874460819188521e+00 6.083560487712208475e-01
2.450027287585031033e+01 -1.615513026948882214e+00 6.052843264224019304e-01
2.443785585342050837e+01 -1.600191607684216422e+00 6.022886432457981165e-01
2.437478627653523944e+01 -1.584921875758015020e+00 5.993654450912972997e-01
2.431105901152005089e+01 -1.569712997013125833e+00 5.965188097132120282e-01
2.424731488406142077e+01 -1.554571991726032554e+00 5.937418148413813324e-01
2.418302119680375384e+01 -1.539510555810752912e+00 5.910392774069868072e-01
2.411812430643619010e+01 -1.524538248740773039e+00 5.884090830162986840e-01
2.405277269508487237e+01 -1.509663767586806316e+00 5.858482505115358840e-01
2.398723887353019180e+01 -1.494900197681424237e+00 5.833619790068473865e-01
2.392111826848263334e+01 -1.480246927290385317e+00 5.809485361872036568e-01
2.385489781137260579e+01 -1.465710289531941601e+00 5.786025621368851013e-01
2.378852372644656299e+01 -1.451298976398696539e+00 5.763256365387245950e-01
2.372180165977757227e+01 -1.437014846189627271e+00 5.741220620261376917e-01
2.365435661247938981e+01 -1.422870315113808237e+00 5.719874034284756492e-01
2.358719874624452473e+01 -1.408855882243526869e+00 5.699264640479189126e-01
2.351967190906207250e+01 -1.394993310895629612e+00 5.679343236963224628e-01
2.345172220838522037e+01 -1.381280283587759561e+00 5.660162861563430292e-01
2.338337468423294752e+01 -1.367716072524223669e+00 5.641661564892070935e-01
2.331521464330670312e+01 -1.354311166397838440e+00 5.623846790263824502e-01
2.324713381701333503e+01 -1.341063823078349593e+00 5.606773647542393491e-01
2.317845634468136851e+01 -1.327979246956224602e+00 5.590318612019236078e-01
2.310977476087035143e+01 -1.315068402065183717e+00 5.574614844732743713e-01
2.304036388901045385e+01 -1.302322324633174988e+00 5.559592681447920182e-01
2.297087557744489317e+01 -1.289745832511191459e+00 5.545184002733284379e-01
2.290199808590056563e+01 -1.277354683080274000e+00 5.531530975341403256e-01
2.283222189223507570e+01 -1.265142911730385622e+00 5.518560791057716131e-01
2.276219376418820062e+01 -1.253107818588195421e+00 5.506275514632734680e-01
2.269221619523702671e+01 -1.241240294937130395e+00 5.494746095152045484e-01
2.262197038028392271e+01 -1.229544823099408823e+00 5.483838360980248794e-01
2.255159162213823265e+01 -1.218026288856165706e+00 5.473681869930208110e-01
2.248097290806103743e+01 -1.206676356727628407e+00 5.464220491511558864e-01
2.241018430976978593e+01 -1.195498803849553093e+00 5.455514713659814774e-01
2.233912176189108223e+01 -1.184492180052925336e+00 5.447445269741152396e-01
2.226784792583811878e+01 -1.173654357577494700e+00 5.440122124566477702e-01
2.219632734658169682e+01 -1.162983219884420549e+00 5.433504048203616765e-01
2.212456586011008852e+01 -1.152476661613411224e+00 5.427581784068469251e-01
2.205252110968113755e+01 -1.142138465640987421e+00 5.422356687320148971e-01
2.198019645581548787e+01 -1.131962099763712093e+00 5.417887678896277093e-01
2.190760830304796869e+01 -1.121938433116535627e+00 5.414190447336922896e-01
2.183466290216315642e+01 -1.112074868337435296e+00 5.411211351319564766e-01
2.176145084859156498e+01 -1.102356551191942868e+00 5.408988948378984363e-01
2.168791926927664804e+01 -1.092786571647095251e+00 5.407595309584388721e-01
2.161400519857546598e+01 -1.083362966519010540e+00 5.406991155823948070e-01
2.153980691388606061e+01 -1.074083466981440749e+00 5.407114497371242612e-01
2.146537617892775174e+01 -1.064956959503542189e+00 5.408013022146781479e-01
2.139076909703163309e+01 -1.055982370813998372e+00 5.409587053041690075e-01
2.131592532465387180e+01 -1.047165702339067916e+00 5.411784670821463417e-01
2.124093820759948414e+01 -1.038511163253370340e+00 5.414626387066816537e-01
2.116589597581207727e+01 -1.030017899690044425e+00 5.418088747332210353e-01
2.109076430728380913e+01 -1.021689343921415194e+00 5.422078962251027923e-01
2.101556409901508715e+01 -1.013531722075812436e+00 5.426559476508383550e-01
2.094033409133416512e+01 -1.005547241784839008e+00 5.431550883117904904e-01
2.086512179382743071e+01 -9.977350916734448738e-01 5.437034734994998786e-01
2.078996842435146775e+01 -9.900982537305995645e-01 5.442923248072703002e-01
2.071488244816598012e+01 -9.826393371300718993e-01 5.449205681535960188e-01
2.063990770210237358e+01 -9.753610988330534415e-01 5.455902562648621279e-01
2.056505499388093128e+01 -9.682630027312115750e-01 5.462998118149164917e-01
2.049032802658549457e+01 -9.613438120801630626e-01 5.470447249014476210e-01
2.041580589006205670e+01 -9.546066719113870391e-01 5.478192829818692156e-01
2.034150681439080444e+01 -9.480508461195683578e-01 5.486225155682153964e-01
2.026739793954216751e+01 -9.416785298797176740e-01 5.494552790471262105e-01
2.019354374403621577e+01 -9.354932706942139520e-01 5.503183166810705629e-01
2.011998699420528780e+01 -9.294916916068602930e-01 5.512049360283663990e-01
2.004667159787513953e+01 -9.236736941827047298e-01 5.521172155627988021e-01
1.997365244165938236e+01 -9.180454327294491623e-01 5.530548074236277811e-01
1.990093811367240306e+01 -9.126014835296561989e-01 5.540127336466408314e-01
1.982853721625689403e+01 -9.073433698205184417e-01 5.549881984456673800e-01
1.975647894574800745e+01 -9.022733880819178154e-01 5.559832846327245059e-01
1.968478447995603986e+01 -8.973896488924569814e-01 5.569962064564260018e-01
1.961337563757921032e+01 -8.926984003980045213e-01 5.580203655331359425e-01
1.954233167003237170e+01 -8.881916668807429138e-01 5.590615292169011097e-01
1.947168489127640356e+01 -8.838782706633903086e-01 5.601147246750480813e-01
1.940134608167595687e+01 -8.797534488898542948e-01 5.611778635118619407e-01
1.933138135627134346e+01 -8.758210467354982098e-01 5.622561352492472242e-01
1.926179944783442011e+01 -8.720758323129068623e-01 5.633422918900687915e-01
1.919259838416036601e+01 -8.685232397674520488e-01 5.644471769310858145e-01
1.912374482184328883e+01 -8.651627287825858215e-01 5.655573968203730928e-01
1.905535568778770994e+01 -8.619937710052543167e-01 5.666912601952411865e-01
1.898731267090159847e+01 -8.590158500425796317e-01 5.678331925220075904e-01
1.891963039610435615e+01 -8.562284614449779951e-01 5.689970811127730288e-01
1.885237917449213896e+01 -8.536315690156583980e-01 5.701722652827968529e-01
1.878549729027409754e+01 -8.512314176966808699e-01 5.713672250439190137e-01
1.871892724838713562e+01 -8.490273286832791255e-01 5.725771987705139399e-01
1.865274681757286501e+01 -8.470119595747328534e-01 5.738042731961777720e-01
1.858691039030768621e+01 -8.451919965417931113e-01 5.750491126949807130e-01
1.852144955778098279e+01 -8.435738456301155042e-01 5.763045729703497599e-01
1.845633427258075798e+01 -8.421423595735608725e-01 5.775762085265576662e-01
1.839150332314208569e+01 -8.409181210441438736e-01 5.788661033370526843e-01
1.832696414957269226e+01 -8.398874106162628195e-01 5.801763404514016509e-01
1.826272581440147746e+01 -8.390560492048237951e-01 5.815022260068803961e-01
1.819866435264567173e+01 -8.384307170265240527e-01 5.828587402769428438e-01
1.813497418024671504e+01 -8.380115753284836932e-01 5.842359625105506549e-01
1.807143463794516691e+01 -8.377901993683661841e-01 5.856401600807589203e-01
1.800818391097181959e+01 -8.377760114501713318e-01 5.870696233150369814e-01
1.794529042995127099e+01 -8.379490860550261599e-01 5.885147930640490799e-01
1.788262357684343229e+01 -8.383031230735967787e-01 5.899772832186626070e-01
1.782031777726663080e+01 -8.388408113334081539e-01 5.914489231772579458e-01
1.775833313773330246e+01 -8.395428326921252626e-01 5.929308307905460929e-01
1.769669240004079569e+01 -8.404074723321691698e-01 5.944153248739516560e-01
1.763539073156667314e+01 -8.414275026119185652e-01 5.958974830668177791e-01
1.757446239048480763e+01 -8.425926742786415957e-01 5.973793167169794138e-01
1.751395804813814294e+01 -8.438980433513242341e-01 5.988538783039369928e-01
1.745387666597671839e+01 -8.453404345352116822e-01 6.003262187886712065e-01
1.739424890573300786e+01 -8.469166796493391436e-01 6.017868360319925669e-01
1.733502698145341014e+01 -8.486186893874514414e-01 6.032379069152099538e-01
1.727631271320124284e+01 -8.504410547649655649e-01 6.046805201890825820e-01
1.721806404199379870e+01 -8.523806269642028033e-01 6.061065728910312034e-01
1.716030241440588000e+01 -8.544297046527173922e-01 6.075192576036001491e-01
1.710310497894882786e+01 -8.565869617559094262e-01 6.089203958281445006e-01
1.704639332601458435e+01 -8.588477008050746653e-01 6.103022476706950750e-01
1.699021611244021557e+01 -8.612059242074825427e-01 6.116668903184890871e-01
1.693456225727449294e+01 -8.636585089419168693e-01 6.130087467718595695e-01
1.687942874651734826e+01 -8.661983939060526883e-01 6.143260340901437466e-01
1.682486087755612303e+01 -8.688230437408005491e-01 6.156217945784664414e-01
1.677083919135113277e+01 -8.715327101086883799e-01 6.168925889941275775e-01
1.671734426513700456e+01 -8.743207125192761220e-01 6.181349758115392001e-01
1.666439120755412517e+01 -8.771837866315419507e-01 6.193489607369108141e-01
1.661203125568312089e+01 -8.801192368340755579e-01 6.205348300996197386e-01
1.656025162014122287e+01 -8.831265146863228610e-01 6.216923386258540463e-01
1.650902403309819277e+01 -8.862074013365023317e-01 6.228189345388940312e-01
1.645837027163460675e+01 -8.893576571415011678e-01 6.239129762768369503e-01
1.640827112776044316e+01 -8.925727480187050089e-01 6.249794590328611177e-01
1.635876163487451151e+01 -8.958490177145191913e-01 6.260122149299987004e-01
1.630988621574693553e+01 -8.991942053575113780e-01 6.270084867516202420e-01
1.626155517845993614e+01 -9.026030930104085304e-01 6.279740020288683278e-01
1.621377249386745234e+01 -9.060749724004507621e-01 6.289076370815888106e-01
1.616662001075694022e+01 -9.096063531302194249e-01 6.298085489171431073e-01
1.612000037924527973e+01 -9.132019867355929410e-01 6.306683041342782126e-01
1.607396521442669268e+01 -9.168556748849818749e-01 6.314893448537959308e-01
1.602852920450256136e+01 -9.205713955615287825e-01 6.322801341251361729e-01
1.598363734696801153e+01 -9.243514030137821580e-01 6.330299775032537379e-01
1.593932533502113991e+01 -9.281958214647679783e-01 6.337463112582117919e-01
1.589557431963630307e+01 -9.321127337963642789e-01 6.344271332264163066e-01
1.585237903251756464e+01 -9.361004180158638555e-01 6.350746641942783821e-01
1.580977895103825048e+01 -9.401616246092598939e-01 6.356866509070521198e-01
1.576776639994402807e+01 -9.442954954687939884e-01 6.362655558190055682e-01
1.572636366573331301e+01 -9.485111021751705396e-01 6.368098600381090213e-01
1.568545398224028808e+01 -9.528070952377085678e-01 6.373284640097344189e-01
1.564519347376661607e+01 -9.571937795215973432e-01 6.378171337548019793e-01
1.560544694726846160e+01 -9.616739090280971292e-01 6.382671610047540023e-01
1.556631723816125934e+01 -9.662398164132491862e-01 6.386881779367483691e-01
1.552765934775888113e+01 -9.709144477211887336e-01 6.390770516786371536e-01
1.548958948660896517e+01 -9.756791483921932739e-01 6.394370969077786127e-01
1.545208181334050934e+01 -9.805381668314242516e-01 6.397704231243082074e-01
1.541510905844551793e+01 -9.854722408896983143e-01 6.400650253949268231e-01
1.537865381516256846e+01 -9.904698757588797919e-01 6.403203073667881329e-01
1.534274835947793747e+01 -9.955251156793532008e-01 6.405485148180071198e-01
1.530729489861568027e+01 -1.000632823224953949e+00 6.407376360809694527e-01
1.527233437069237709e+01 -1.005787861148818463e+00 6.408895274114421170e-01
1.523784207791775458e+01 -1.010971467560447756e+00 6.410131009304045335e-01
1.520385777059327559e+01 -1.016177765669914024e+00 6.410974449252169194e-01
1.517035925811819830e+01 -1.021408183574608275e+00 6.411436674566625138e-01
1.513725501573419585e+01 -1.026645313652865932e+00 6.411538591873188198e-01
1.510463696439160941e+01 -1.031888857966995365e+00 6.411301076180102587e-01
1.507243333485275194e+01 -1.037128342901820544e+00 6.410621044353155273e-01
1.504072869849978211e+01 -1.042357641997694762e+00 6.409621055586153249e-01
1.500939922137913562e+01 -1.047571613189804296e+00 6.408284564956377993e-01
1.497850980479209859e+01 -1.052765112924585633e+00 6.406503461376917841e-01
1.494800354820670307e+01 -1.057932995913827279e+00 6.404385419338719521e-01
1.491795032405804022e+01 -1.063064534571092734e+00 6.401869076694280958e-01
1.488824609547305222e+01 -1.068163891909215346e+00 6.398943040619785583e-01
1.485893613742787167e+01 -1.073213363805429754e+00 6.395681255146197230e-01
1.483003052631286245e+01 -1.078212672587652632e+00 6.391966449070829448e-01
1.480145152431460787e+01 -1.083160602648975956e+00 6.387861769016668356e-01
1.477325063233508651e+01 -1.088051992426370074e+00 6.383379958759033412e-01
1.474534856232390290e+01 -1.092876835461704443e+00 6.378470892720368157e-01
1.471781323815124765e+01 -1.097637057268958438e+00 6.373131588323874830e-01
1.469064585972945203e+01 -1.102337006736767488e+00 6.367428382409749954e-01
1.466383851791957049e+01 -1.106974092422809974e+00 6.361318070822385984e-01
1.463734810466518610e+01 -1.111543130531422729e+00 6.354810245545327030e-01
1.461124633016598295e+01 -1.116043156934226843e+00 6.347953524833651606e-01
1.458551317711440376e+01 -1.120476035366024359e+00 6.340727135816843774e-01
1.456013995741087363e+01 -1.124843623458273045e+00 6.333120489077872506e-01
1.453512554156351122e+01 -1.129140061387993832e+00 6.325115205482881864e-01
1.451048469489479942e+01 -1.133364273068990347e+00 6.316735485316313792e-01
1.448618763347498017e+01 -1.137517936451412970e+00 6.307963750039581319e-01
1.446224090597311651e+01 -1.141595822882343070e+00 6.298783476061835529e-01
1.443866158879972339e+01 -1.145596058817043295e+00 6.289218037563115704e-01
1.441541155905806981e+01 -1.149520458870270545e+00 6.279216855785537676e-01
1.439251199487179811e+01 -1.153370829533741926e+00 6.268791646828090203e-01
1.436992568469062803e+01 -1.157145975824112272e+00 6.257973082237091589e-01
1.434769675002248235e+01 -1.160846368403013473e+00 6.246710490943212513e-01
1.432586933227325154e+01 -1.164475353389514911e+00 6.235008107194288662e-01
1.430440888646097264e+01 -1.168032890957323211e+00 6.222903907129831991e-01
1.428327284558947241e+01 -1.171522802008337694e+00 6.210372138216708748e-01
1.426255149704496361e+01 -1.174944535626401665e+00 6.197408834581155102e-01
1.424221549805311149e+01 -1.178302386982881700e+00 6.183985727923291265e-01
1.422229443793509951e+01 -1.181595293649014167e+00 6.170122573798039189e-01
1.420270110151737342e+01 -1.184828024734879470e+00 6.155819029074900417e-01
1.418351265059350474e+01 -1.187997121732923711e+00 6.141024215968335920e-01
1.416472038327602334e+01 -1.191107813309535635e+00 6.125722457880495853e-01
1.414635220709538643e+01 -1.194167724230986494e+00 6.109971251711044937e-01
1.412837497433293699e+01 -1.197165069021407957e+00 6.093724337477184338e-01
1.411074202920625176e+01 -1.200108819094465984e+00 6.076981983268605614e-01
1.409345653883746508e+01 -1.202984557033419222e+00 6.059824413156256195e-01
1.407651022692886933e+01 -1.205801082610972852e+00 6.042192476074189633e-01
1.405985612635339699e+01 -1.208542728032291347e+00 6.024183975266483859e-01
1.404354104978433071e+01 -1.211219506914838151e+00 6.005775962858723727e-01
1.402745027962195579e+01 -1.213814501595756878e+00 5.986960987768101816e-01
1.401165107438069590e+01 -1.216339592444861673e+00 5.967837680039187465e-01
1.399613604737224293e+01 -1.218782613036405449e+00 5.948328338925751302e-01
1.398077533880220535e+01 -1.221149353679651162e+00 5.928543021672643132e-01
1.396557497177719043e+01 -1.223420398943473542e+00 5.908458718124672826e-01
1.395060553675783765e+01 -1.225609567329967176e+00 5.888054002982796575e-01
1.393579963674777566e+01 -1.227703181726826243e+00 5.867376433048828721e-01
1.392106641846007875e+01 -1.229702457686255634e+00 5.846488321570787461e-01
1.390642219750672481e+01 -1.231590114217277376e+00 5.825286353086035485e-01
1.389187959648275950e+01 -1.233383448925133408e+00 5.803883920011634334e-01
1.387744178195826628e+01 -1.235068993979370200e+00 5.782259692476110491e-01
1.386304342500026721e+01 -1.236653473396548630e+00 5.760390594981441570e-01
1.384868434156999228e+01 -1.238137509252990265e+00 5.738320798667264633e-01
1.383436766987329314e+01 -1.239508179326115567e+00 5.716031776043268842e-01
1.382009653699982543e+01 -1.240771079480077477e+00 5.693500426823889793e-01
1.380581049923068626e+01 -1.241927182503554938e+00 5.670894319383311677e-01
1.379156672579108900e+01 -1.242970519617043523e+00 5.648028137480002320e-01
1.377737779895674564e+01 -1.243906509084558687e+00 5.625033563076585752e-01
1.376312706893796545e+01 -1.244730489272694252e+00 5.601919635661392061e-01
1.374891094698605265e+01 -1.245435647916318889e+00 5.578604581239750004e-01
1.373464406008598004e+01 -1.246026646885370903e+00 5.555166857202171737e-01
1.372030060070686552e+01 -1.246505163418726525e+00 5.531555975970370298e-01
1.370593852265513135e+01 -1.246865933588185316e+00 5.507788048801213199e-01
1.369152401135233355e+01 -1.247102122598020779e+00 5.483910481900075018e-01
1.367704193947622215e+01 -1.247222631323373854e+00 5.459918200060670523e-01
1.366254652046636942e+01 -1.247226418174826712e+00 5.435788000908816642e-01
1.364796128038213574e+01 -1.247111631969681333e+00 5.411496671058082519e-01
1.363334308971318798e+01 -1.246873596216701685e+00 5.387069760869928059e-01
1.361869342528792970e+01 -1.246519710147959703e+00 5.362554621540047695e-01
1.360403723883630711e+01 -1.246050386919789865e+00 5.337905970194984917e-01
1.358935786317646155e+01 -1.245463258439406751e+00 5.313120117147067667e-01
1.357463144816633793e+01 -1.244758501068131462e+00 5.288200530125107823e-01
1.355990348641833698e+01 -1.243936284602450204e+00 5.263166539048730330e-01
1.354516466439131150e+01 -1.242996772084488111e+00 5.237982667393595859e-01
1.353038739901533738e+01 -1.241936104488486903e+00 5.212635319405478640e-01
1.351561345140258297e+01 -1.240751263897275303e+00 5.187171759445321495e-01
1.350084086591507671e+01 -1.239446160564373400e+00 5.161563864964311410e-01
1.348607478611159216e+01 -1.238020696145203825e+00 5.135754155310835456e-01
1.347128294096523859e+01 -1.236471460305600845e+00 5.109754493073123127e-01
1.345649691283119154e+01 -1.234798571090773844e+00 5.083578102011968580e-01
1.344173470188219532e+01 -1.233002138264894354e+00 5.057201597854853459e-01
1.342697649283025108e+01 -1.231082263091316520e+00 5.030633112263537265e-01
1.341228534838888642e+01 -1.229036008600704166e+00 5.003859236108416653e-01
1.339761005147937212e+01 -1.226865118633877705e+00 4.976844091833079742e-01
1.338296264994472473e+01 -1.224570595018406038e+00 4.949585685816388914e-01
1.336832691663028072e+01 -1.222148253354489622e+00 4.922102329506818919e-01
1.335373684242729375e+01 -1.219611545907283601e+00 4.894474696867991415e-01
1.333913902090981729e+01 -1.216960044245833261e+00 4.866647793913958520e-01
1.332452713692149970e+01 -1.214193181066505423e+00 4.838635330302615833e-01
1.330984284237115567e+01 -1.211320784470266254e+00 4.810550721000937391e-01
1.329512561475098842e+01 -1.208341281866289751e+00 4.782368665957030252e-01
1.328035730259642477e+01 -1.205265467132734303e+00 4.754040394849873841e-01
1.326545548259577956e+01 -1.202087167144953561e+00 4.725686706273504734e-01
1.325051706850618238e+01 -1.198812395611760673e+00 4.697323173992488665e-01
1.323541627849981595e+01 -1.195449438500976624e+00 4.668934350169372527e-01
1.322017827140859403e+01 -1.191995556693726588e+00 4.640466033293899617e-01
1.320477188847380923e+01 -1.188449306061540423e+00 4.612080330147674823e-01
1.318917777620088394e+01 -1.184816168420034455e+00 4.583675282094402115e-01
1.317341417584766283e+01 -1.181104318362088623e+00 4.555277064699689293e-01
1.315739801126444775e+01 -1.177306725363955087e+00 4.526953162928719077e-01
1.314116866612580026e+01 -1.173433096863027325e+00 4.498664837278576467e-01
1.312475862321513098e+01 -1.169481326617287209e+00 4.470484520565630171e-01
1.310814230590716711e+01 -1.165455669909332137e+00 4.442368567948679070e-01
1.309135020735526567e+01 -1.161359931502996767e+00 4.414394365538383824e-01
1.307429004968735775e+01 -1.157191611036973988e+00 4.386510177113049358e-01
1.305706780676628753e+01 -1.152955136219579790e+00 4.358731678486834071e-01
1.303965217697374435e+01 -1.148661499519990858e+00 4.331074562552221230e-01
1.302200073695063942e+01 -1.144295256474570976e+00 4.303568669386259593e-01
1.300414978876224659e+01 -1.139876210663129941e+00 4.276235967230319068e-01
1.298608324094316302e+01 -1.135399036093622582e+00 4.249071839964452257e-01
1.296776970278866514e+01 -1.130853866214413195e+00 4.222092059484073845e-01
1.294924660916575476e+01 -1.126251434374741844e+00 4.195243568796925282e-01
1.293048548604462944e+01 -1.121589466668857948e+00 4.168539216033997352e-01
1.291145486308118073e+01 -1.116871730195452050e+00 4.142061228294982023e-01
1.289218839603499944e+01 -1.112089377625062880e+00 4.115700592388809032e-01
1.287266122035819116e+01 -1.107251648980974723e+00 4.089587713683009440e-01
1.285290446697378641e+01 -1.102357242911957691e+00 4.063628916718513007e-01
1.283289567251295615e+01 -1.097403276667642258e+00 4.037821882789421890e-01
1.281266343930509066e+01 -1.092386865862086109e+00 4.012182575460515599e-01
1.279218770171409503e+01 -1.087316923911071598e+00 3.986785978497872640e-01
1.277149453037090510e+01 -1.082181576761906738e+00 3.961545404341316745e-01
1.275050972362840085e+01 -1.076986432583540987e+00 3.936505309857872281e-01
1.272929682858762490e+01 -1.071731662357986892e+00 3.911697047164187091e-01
1.270785708819013671e+01 -1.066414379731953632e+00 3.887028570173962638e-01
1.268615866847863849e+01 -1.061026415545954782e+00 3.862533320807142734e-01
1.266422130250250255e+01 -1.055578467606994808e+00 3.838246418802550020e-01
1.264203330069335607e+01 -1.050058606157954211e+00 3.814083280085657224e-01
1.261956272105447852e+01 -1.044467342595160497e+00 3.790115465945348427e-01
1.259682549292792331e+01 -1.038806332854733006e+00 3.766356631697014290e-01
1.257386019073852701e+01 -1.033072698671489986e+00 3.742752411814205260e-01
1.255061446783725287e+01 -1.027259019500806669e+00 3.719248460462257766e-01
1.252716249871744658e+01 -1.021364204702647882e+00 3.695923083875684578e-01
1.250351201360941467e+01 -1.015388143212810901e+00 3.672761819091668878e-01
1.247960202332249402e+01 -1.009327965353988832e+00 3.649723280578375251e-01
1.245548111254227486e+01 -1.003182598391855640e+00 3.626867155830439948e-01
1.243117835414305539e+01 -9.969542223352684251e-01 3.604137531647353954e-01
1.240669796867820907e+01 -9.906512938136095014e-01 3.581546408019731231e-01
1.238200304626317561e+01 -9.842814149247837152e-01 3.559121203518722520e-01
1.235706028724083971e+01 -9.778525534023317922e-01 3.536861036835362015e-01
1.233190636677532126e+01 -9.713693722341685266e-01 3.514801328867961372e-01
1.230654481232977915e+01 -9.648356031827537427e-01 3.492905046316881479e-01
1.228094166391429809e+01 -9.582598404145973303e-01 3.471198948001122386e-01
1.225512425829376362e+01 -9.516490717582813952e-01 3.449725876171926831e-01
1.222911148728904074e+01 -9.450094434061243609e-01 3.428448824820941043e-01
1.220285513353015361e+01 -9.383432125925412759e-01 3.407358991014605154e-01
1.217639174729204221e+01 -9.316572656026326227e-01 3.386489971560703860e-01
1.214973213214432590e+01 -9.249505476938665316e-01 3.365875370293588964e-01
1.212286672056875148e+01 -9.182334250484340821e-01 3.345499799352362191e-01
1.209580875361680263e+01 -9.115138919614909074e-01 3.325325502490397156e-01
1.206854617619199743e+01 -9.047879493234622927e-01 3.305412620367824128e-01
1.204109467254781407e+01 -8.980606127826485929e-01 3.285744998797412442e-01
1.201343970551644169e+01 -8.913409820767324021e-01 3.266336703255112162e-01
1.198559940780377708e+01 -8.846265182594845733e-01 3.247169129067319360e-01
1.195755676512409948e+01 -8.779234194154069693e-01 3.228258819781760769e-01
1.192933236325373514e+01 -8.712325334822667022e-01 3.209584721634730631e-01
1.190089207175371655e+01 -8.645576347318131294e-01 3.191180501352193777e-01
1.187221516836701518e+01 -8.579083192702823268e-01 3.173066423270587411e-01
1.184335028400104406e+01 -8.512761817825567068e-01 3.155217764450090057e-01
1.181436066681563624e+01 -8.446717985600457057e-01 3.137657273389362622e-01
1.178510986408584493e+01 -8.380857730861129840e-01 3.120357785137974349e-01
1.175569642771905166e+01 -8.315305098393741545e-01 3.103344536113618601e-01
1.172614955342469756e+01 -8.250005042667140076e-01 3.086587923431067249e-01
1.169643510015314369e+01 -8.184971844935201579e-01 3.070121695129688355e-01
1.166652850095117877e+01 -8.120277624288109175e-01 3.053970040496677973e-01
1.163652612240339934e+01 -8.055901285980384685e-01 3.038039787073535392e-01
1.160632555688545686e+01 -7.991804155837175516e-01 3.022494292769000168e-01
1.157589593357464253e+01 -7.928022081016750100e-01 3.007161071329093605e-01
1.154541641493788084e+01 -7.864567262526241942e-01 2.992216825876229946e-01
1.151471463556432262e+01 -7.801523117752308112e-01 2.977486194310199896e-01
1.148382157306385842e+01 -7.738796977067380345e-01 2.963138781701206148e-01
1.145277365758889054e+01 -7.676389858450169967e-01 2.948997440537632353e-01
1.142160731401974516e+01 -7.614302785910083138e-01 2.935230421124732647e-01
1.139022299507791658e+01 -7.552516384753684697e-01 2.921740932734167018e-01
1.135864943869628618e+01 -7.491023849787887823e-01 2.908555296824754666e-01
1.132692304738745825e+01 -7.429806044862827807e-01 2.895707537902179052e-01
1.129501592687276634e+01 -7.368855688087141420e-01 2.883103137457395104e-01
1.126295692613225086e+01 -7.308154162588541558e-01 2.870887227442697753e-01
1.123065876839082655e+01 -7.247693730965761860e-01 2.858925987947971703e-01
1.119813781597214941e+01 -7.187456317588040156e-01 2.847344764465181144e-01
1.116548976828070394e+01 -7.127404072647022248e-01 2.836022124387256316e-01
1.113258902903283420e+01 -7.067524879943268834e-01 2.825071161784367679e-01
1.109948772220048063e+01 -7.007795829620657724e-01 2.814439728324988899e-01
1.106623706012229391e+01 -6.948184388217032437e-01 2.804076603645876964e-01
1.103271001766172255e+01 -6.888667472306811979e-01 2.794108820133551219e-01
1.099894796863990187e+01 -6.829232276246971489e-01 2.784443750257945549e-01
1.096502622566374008e+01 -6.769913540588274881e-01 2.775101048880571630e-01
1.093085334626455030e+01 -6.710753309786805509e-01 2.766121982929443113e-01
1.089652582197754072e+01 -6.651796671611822642e-01 2.757428994904416730e-01
1.086205245815431297e+01 -6.593086078376461101e-01 2.748998933958755053e-01
1.082739980832493210e+01 -6.534661838587959570e-01 2.740853314959125209e-01
1.079260375615917233e+01 -6.476564352899891741e-01 2.732967877562452741e-01
1.075763578996378200e+01 -6.418838575552282544e-01 2.725338186857648726e-01
1.072258871965953198e+01 -6.361519158714310507e-01 2.717985850041048645e-01
1.068745375171504541e+01 -6.304624261708956512e-01 2.710890391588451354e-01
1.065220232211022733e+01 -6.248178717644889968e-01 2.704002886509398462e-01
1.061689496686058121e+01 -6.192200520819197695e-01 2.697353729493218721e-01
1.058151536701571160e+01 -6.136714606078633727e-01 2.690958389714381283e-01
1.054609438410357747e+01 -6.081743513222088726e-01 2.684768013712783841e-01
1.051065521625583443e+01 -6.027303976112964312e-01 2.678805670726416288e-01
1.047522128760928517e+01 -5.973423230551936358e-01 2.673059563998504418e-01
1.043978965782321744e+01 -5.920121925486614423e-01 2.667510769809997573e-01
1.040430573074886489e+01 -5.867416624906764966e-01 2.662187170147433668e-01
1.036882988906432068e+01 -5.815327834145449515e-01 2.657071018371430782e-01
1.033336291641201754e+01 -5.763879143748300571e-01 2.652154352073087251e-01
1.029790966628273807e+01 -5.713092615648733830e-01 2.647416980787348217e-01
1.026249175533766866e+01 -5.662982006711515526e-01 2.642880749627503634e-01
1.022706212846975049e+01 -5.613566390000295225e-01 2.638515318691700418e-01
1.019170196435768361e+01 -5.564858912415200365e-01 2.634300819787371850e-01
1.015637735480446580e+01 -5.516857190894036700e-01 2.630305758999623711e-01
1.012105222890738609e+01 -5.469580165012373207e-01 2.626455615736433269e-01
1.008576572256990822e+01 -5.423035684800396883e-01 2.622793411820428799e-01
1.005052748632406256e+01 -5.377222828991063963e-01 2.619351780763199966e-01
1.001537912174440770e+01 -5.332155940759532031e-01 2.616048801407417912e-01
9.980292879166343667e+00 -5.287845932124467518e-01 2.612906315640816102e-01
9.945220377750414897e+00 -5.244291525212851912e-01 2.609946158712450615e-01
9.910206934772554987e+00 -5.201495063074729197e-01 2.607175150990324042e-01
9.875256073582077576e+00 -5.159492282363957738e-01 2.604558299413232136e-01
9.840403056426994866e+00 -5.118290109697024581e-01 2.602117414052222966e-01
9.805578383642204798e+00 -5.077807248728589684e-01 2.599862984049441383e-01
9.770781928361722990e+00 -5.038169298034901322e-01 2.597756291613491642e-01
9.736056396469045637e+00 -4.999329201086477603e-01 2.595810269684199478e-01
9.701336264919360630e+00 -4.961294043141339927e-01 2.593998946704610398e-01
9.666675594262073901e+00 -4.924020715645349711e-01 2.592459724375705266e-01
9.632069416128853589e+00 -4.887584222724862815e-01 2.591083480451084609e-01
9.597566465588238671e+00 -4.851928698581163268e-01 2.589891955735795781e-01
9.563026248921692840e+00 -4.817006337848609432e-01 2.588904194953440263e-01
9.528574079053345969e+00 -4.782965753680291088e-01 2.588074245375457383e-01
9.494059885144110922e+00 -4.749611006764636878e-01 2.587494188164682907e-01
9.459713687475234778e+00 -4.717132260909396857e-01 2.587172622075047945e-01
9.425361813774475905e+00 -4.685444786215353097e-01 2.586997375817742251e-01
9.390989201090759408e+00 -4.654485291479822928e-01 2.587135123957718386e-01
9.356585953042415582e+00 -4.624336998411845423e-01 2.587470425987417610e-01
9.322210549158359782e+00 -4.594948435870365722e-01 2.588020499815605890e-01
9.287856623264278966e+00 -4.566397865150274571e-01 2.588807045223413539e-01
9.253452756225474474e+00 -4.538571296185600623e-01 2.589913291352737290e-01
9.219004600794560744e+00 -4.511528434142530464e-01 2.591215799940624898e-01
9.184591466057296927e+00 -4.485218411544903971e-01 2.592695810483648944e-01
9.150175480850707643e+00 -4.459700387990847559e-01 2.594411093672494006e-01
9.115823906498452089e+00 -4.434867452800339005e-01 2.596366874528441837e-01
9.081503845826414789e+00 -4.410762963475175491e-01 2.598439309888554427e-01
9.047219184180642415e+00 -4.387404381362677297e-01 2.600658312250157533e-01
9.013043181400691495e+00 -4.364739817976980851e-01 2.603032838196642773e-01
8.978950389032643642e+00 -4.342760093993614512e-01 2.605558530595654121e-01
8.944941047744144669e+00 -4.321470606775179579e-01 2.608176253506043762e-01
8.911031203950841473e+00 -4.300823212607344237e-01 2.610918221891689317e-01
8.877236915234586689e+00 -4.280857433280241264e-01 2.613746056312382104e-01
8.843574248256869552e+00 -4.261547139932604367e-01 2.616635982880161082e-01
8.810009409629403265e+00 -4.242877134604001177e-01 2.619583736642341898e-01
8.776633795438941732e+00 -4.224852987413937333e-01 2.622536438743670040e-01
8.743415049875741474e+00 -4.207432919790235482e-01 2.625561488634217677e-01
8.710320422045487732e+00 -4.190644371923769040e-01 2.628611177057364467e-01
8.677410931839979469e+00 -4.174428867692060452e-01 2.631674968251267455e-01
8.644642123296714331e+00 -4.158825888400832782e-01 2.634775587021400689e-01
8.612058794441914245e+00 -4.143812617973103851e-01 2.637908899750755487e-01
8.579694457253671303e+00 -4.129377607119816829e-01 2.641070794476895189e-01
8.547534593302371420e+00 -4.115557522145298908e-01 2.644217169223584962e-01
8.515556471928590554e+00 -4.102280993728337766e-01 2.647350924078415990e-01
8.483780637448671058e+00 -4.089563328384250296e-01 2.650501048218420475e-01
8.452221072920385936e+00 -4.077406842929413577e-01 2.653627193471586043e-01
8.420858286955049010e+00 -4.065817210404533144e-01 2.656760005469641639e-01
8.389708279151456338e+00 -4.054806834086909784e-01 2.659901253872520854e-01
8.358787035227575046e+00 -4.044306530251415288e-01 2.662971014688672033e-01
8.328110526773453870e+00 -4.034354561933007899e-01 2.666028086815592779e-01
8.297634400916841457e+00 -4.024968206941788584e-01 2.669089059130441699e-01
8.267349118738001934e+00 -4.016141850542188085e-01 2.672095568230966611e-01
8.237328711736424225e+00 -4.007870259541208013e-01 2.675058866954526104e-01
8.207518509472166102e+00 -4.000125474431306394e-01 2.677983796113750370e-01
8.177914283886185132e+00 -3.992980492543039550e-01 2.680931900734906947e-01
8.148554526317914437e+00 -3.986372353401952950e-01 2.683828643061862973e-01
8.119407297066722151e+00 -3.980306506812307799e-01 2.686667770641921194e-01
8.090466941486871733e+00 -3.974845868084520006e-01 2.689521903484252130e-01
8.061739639930364021e+00 -3.969938437488343408e-01 2.692336782404832762e-01
8.033287097097714380e+00 -3.965657208219888208e-01 2.695108424485147536e-01
8.005002589993440054e+00 -3.961922701144511283e-01 2.697850667448049578e-01
7.976976743966806893e+00 -3.958813791068587773e-01 2.700613480968682145e-01
7.949130363206676542e+00 -3.956363329390066297e-01 2.703377459654401904e-01
7.921535766179479410e+00 -3.954495158755291229e-01 2.706096238471890625e-01
7.894183015847002771e+00 -3.953307361018715826e-01 2.708823417529876987e-01
7.866981850442124724e+00 -3.952714064982807973e-01 2.711554890431023823e-01
7.840008314363683617e+00 -3.952833776756023432e-01 2.714286522553214231e-01
7.813259900644345279e+00 -3.953623041343921063e-01 2.717014149229354802e-01
7.786643285280641535e+00 -3.955145237274506620e-01 2.719741553399382950e-01
7.760288608961526613e+00 -3.957352051257749803e-01 2.722514851158702731e-01
7.734081705876734603e+00 -3.960317355369035730e-01 2.725216180109204522e-01
7.708039714870073666e+00 -3.964034831633451161e-01 2.728028879927879569e-01
7.682184339017275043e+00 -3.968400684135375278e-01 2.730803059345039419e-01
7.656538446731641301e+00 -3.973559491507042130e-01 2.733586872547520419e-01
7.631123765648788471e+00 -3.979246728365219976e-01 2.736359668291129532e-01
7.605829150287745755e+00 -3.985599147281974064e-01 2.739091088293237886e-01
7.580749239341317391e+00 -3.992415538525437846e-01 2.741833673023378326e-01
7.555898826742025065e+00 -3.999801235046149261e-01 2.744503707718700669e-01
7.531231028176304854e+00 -4.007701072158726951e-01 2.747219634457278015e-01
7.506767068808663623e+00 -4.016058533317920509e-01 2.749826950235640943e-01
7.482530094896297612e+00 -4.024817032128530370e-01 2.752433526702395827e-01
7.458477051221747089e+00 -4.033919905694405283e-01 2.754960896197022335e-01
7.434625603008422345e+00 -4.043440438481811783e-01 2.757447567416486112e-01
7.410999034688578568e+00 -4.053271623722366490e-01 2.759879381451332270e-01
7.387558126534454317e+00 -4.063411050554324722e-01 2.762235346762655364e-01
7.364255668886388051e+00 -4.073810966607216422e-01 2.764433126905577187e-01
7.341224759200589034e+00 -4.084414252389855227e-01 2.766561353927998734e-01
7.318394622467930155e+00 -4.095281397899851461e-01 2.768622430302121185e-01
7.295762843975695411e+00 -4.106381010951171140e-01 2.770595274410032616e-01
7.273352981581084009e+00 -4.117655668753177345e-01 2.772458788248512995e-01
7.251133476116108589e+00 -4.129103006865438852e-01 2.774191860062578674e-01
7.229111307058566638e+00 -4.140682063546704539e-01 2.775773367029611971e-01
7.207310152644447854e+00 -4.152387815317779562e-01 2.777287567959655923e-01
7.185702264104133263e+00 -4.164233038601193870e-01 2.778700112079502405e-01
7.164291032714921847e+00 -4.176180190603323572e-01 2.779969503106355377e-01
7.143149236217461784e+00 -4.188220288084436027e-01 2.781074600975039224e-01
7.122180200875674494e+00 -4.200318092387774760e-01 2.782089801953451236e-01
7.101428671282707050e+00 -4.212508544322481896e-01 2.782949007937363106e-01
7.080878464387830640e+00 -4.224738717940476063e-01 2.783625827114246665e-01
7.060544491221209640e+00 -4.237011992501160118e-01 2.784213801535123101e-01
7.040435549712005248e+00 -4.249325572774498849e-01 2.784618805861404645e-01
7.020504953109736768e+00 -4.261662737049307648e-01 2.784857628123132423e-01
7.000786773713901567e+00 -4.274035717074358698e-01 2.784999828878439443e-01
6.981336371194250212e+00 -4.286417584470660902e-01 2.784985204699352845e-01
6.962101840824405308e+00 -4.298825781765502341e-01 2.784797947573159904e-01
6.943039282174034987e+00 -4.311306428816452097e-01 2.784487621011348391e-01
6.924208054577250415e+00 -4.323836303975800988e-01 2.784068360782561702e-01
6.905634220309474713e+00 -4.336391284786964007e-01 2.783484966922204484e-01
6.887271086667660747e+00 -4.349016639194086542e-01 2.782711853257025525e-01
6.869135450321620873e+00 -4.361700031200522187e-01 2.781830413378096889e-01
6.851230207890909085e+00 -4.374404227988341054e-01 2.780808300981691406e-01
6.833525894531116585e+00 -4.387182979239026004e-01 2.779588569394714215e-01
6.816088871568651619e+00 -4.400048807813441987e-01 2.778277926441158341e-01
6.798889300010279690e+00 -4.413014318666586555e-01 2.776828676057871426e-01
6.781886562499814808e+00 -4.426066615588419850e-01 2.775174963807921502e-01
6.765150647192619715e+00 -4.439172262409851188e-01 2.773344662943328931e-01
6.748659034230202636e+00 -4.452390409340064026e-01 2.771388732722973591e-01
6.732381837970308425e+00 -4.465809550938592554e-01 2.769281445495787586e-01
6.716401263139229805e+00 -4.479372218725751198e-01 2.767060503738824617e-01
6.700638653522805299e+00 -4.493079355555291698e-01 2.764622209424503207e-01
6.685117639886406060e+00 -4.507030896013153320e-01 2.762034532867528869e-01
