# cl_TT                  cl_TE                    cl_EE
1.998387779163550476e+03 7.227963947699526770e+00 9.806686089788073379e-02
1.838815175218453078e+03 7.738345799127641200e+00 1.244798834042192270e-01
1.697275553892161724e+03 7.032703796933270191e+00 1.086898832349006416e-01
1.589545004648426584e+03 5.836368646967359020e+00 7.360928616825675175e-02
1.511200699872472796e+03 4.577152747306615588e+00 4.135750155858387844e-02
1.455168671494884393e+03 3.472338629010808919e+00 2.145127918244309206e-02
1.415046703134109066e+03 2.615430971581850894e+00 1.258818128271366188e-02
1.387390487335784883e+03 2.019980333660473359e+00 9.466377999809941213e-03
1.368629683271411977e+03 1.657117403232903685e+00 7.961926064913377871e-03
1.356164913331200523e+03 1.479381727827116411e+00 6.573145257393445823e-03
1.349386893734866362e+03 1.431598824780275114e+00 5.404068021853896016e-03
1.347002625544645525e+03 1.460590018627240250e+00 4.773405843286407380e-03
1.347227613790482565e+03 1.523826081934701593e+00 4.628979709822317323e-03
1.349632952345407830e+03 1.598258698693415303e+00 4.704095217525925375e-03
1.354593545448702571e+03 1.672924240839154475e+00 4.834271258358427761e-03
1.362031686119751839e+03 1.742615183084963881e+00 5.065871051338590933e-03
1.369772433570047042e+03 1.806947227543458379e+00 5.526579748680812872e-03
1.381649763082347818e+03 1.877925151556625760e+00 6.298012813891100750e-03
1.394246203295766918e+03 1.957815109447569313e+00 7.362121151175301560e-03
1.406236599283424766e+03 2.044469620030939350e+00 8.667839627635334429e-03
1.419543158482735635e+03 2.142911857683751364e+00 1.017900526379868047e-02
1.434158118509591759e+03 2.247397342982317969e+00 1.189471096373598789e-02
1.449404190666763043e+03 2.349245966950248565e+00 1.380516710243027273e-02
1.465276221911707125e+03 2.445122653855724693e+00 1.588496694422177752e-02
1.481915714426097566e+03 2.530155923106386595e+00 1.811679080949003470e-02
1.499149265770654210e+03 2.602006214833055164e+00 2.051594070414972104e-02
1.516983161827472713e+03 2.660844301262133893e+00 2.310889888489135735e-02
1.535481356283292143e+03 2.704994851136879763e+00 2.592509637746199386e-02
1.554481151300376041e+03 2.734685875206881445e+00 2.899378238200324767e-02
1.574026287437625115e+03 2.755246433947220019e+00 3.233856450406111249e-02
1.594134614051588414e+03 2.768516532331285696e+00 3.597103556013459685e-02
1.614451392001699332e+03 2.778099224294061198e+00 3.988312617445648189e-02
1.635421093268412505e+03 2.776927273202982605e+00 4.407832609831598136e-02
1.656633827136191030e+03 2.765380675004406097e+00 4.854309295685846348e-02
1.678102430014082074e+03 2.745945805728368327e+00 5.330958957478790228e-02
1.700416434295863610e+03 2.707086120881068148e+00 5.835605933869052880e-02
1.722777604619058138e+03 2.655668738104926430e+00 6.366075924090472404e-02
1.745587000641247187e+03 2.586836001540944618e+00 6.926180613305632505e-02
1.768906390312488838e+03 2.502454605686554867e+00 7.518183582982954083e-02
1.792609275029763012e+03 2.403408649442462686e+00 8.143698328297271916e-02
1.816597833137188900e+03 2.289326838446295920e+00 8.802372729855470479e-02
1.840793090199837025e+03 2.159869524905826399e+00 9.493598572110117928e-02
1.865195318179738706e+03 2.015849618938947874e+00 1.021769397790197043e-01
1.889855798131178972e+03 1.858653659048948859e+00 1.097558833983071219e-01
1.914843499746358702e+03 1.688708058199667406e+00 1.176822892044013386e-01
1.940223173000952556e+03 1.504559569170912159e+00 1.259632546110835138e-01
1.966023716541741123e+03 1.304497954311068630e+00 1.346031100641239542e-01
1.992207558889137090e+03 1.087101206901558870e+00 1.436026325842025275e-01
2.018711460290343211e+03 8.510257032966489499e-01 1.529579171512655544e-01
2.045468791771014594e+03 5.952855119084985436e-01 1.626605763899440227e-01
2.072461885049113334e+03 3.203056354545849027e-01 1.727056141311268944e-01
2.099730526933364217e+03 2.696078587814366989e-02 1.830968755511536150e-01
2.127327711480568723e+03 -2.837824930635985399e-01 1.938409968548586437e-01
2.155252608525581763e+03 -6.106724057634910219e-01 2.049533837823213078e-01
2.183474529711802006e+03 -9.516142227010613297e-01 2.164195093686773208e-01
2.211969468490286090e+03 -1.306895055943449568e+00 2.282382832277996543e-01
2.240713941088125466e+03 -1.677348344161092131e+00 2.404094040090239415e-01
2.269764966906457630e+03 -2.064283616717939029e+00 2.529284201669029786e-01
2.299173242526510421e+03 -2.469066942164543477e+00 2.657921298154430900e-01
2.328906538764753350e+03 -2.892496759787700267e+00 2.789993274779667964e-01
2.358921249616799287e+03 -3.334460436760242175e+00 2.925486472192718734e-01
2.389205672077192048e+03 -3.794409797326161904e+00 3.064349730428256868e-01
2.419780647242439954e+03 -4.271628645757195031e+00 3.206506511838155271e-01
2.450667401456971220e+03 -4.765422306701843524e+00 3.351880278091180498e-01
2.481873944711871445e+03 -5.275223881633785972e+00 3.500398350509545398e-01
2.513385964590662297e+03 -5.800725157299863710e+00 3.651995639763788160e-01
2.545179977078494176e+03 -6.341685866014207029e+00 3.806609059967603348e-01
2.577250983546909538e+03 -6.897937594556932339e+00 3.964180007770112812e-01
2.609615569717037033e+03 -7.469467789346921016e+00 4.124612738541822976e-01
2.642294774253260584e+03 -8.056229645284110674e+00 4.287826433015953231e-01
2.675286643310768341e+03 -8.658015144904704030e+00 4.453722811295751649e-01
2.708585227559198756e+03 -9.274894845342807059e+00 4.622273832288057993e-01
2.742175829625175993e+03 -9.906092190740553249e+00 4.793266466501298062e-01
2.776035266831055651e+03 -1.055141930458447597e+01 4.966616499942025920e-01
2.810170872291371779e+03 -1.121080237451029760e+01 5.142239977124724026e-01
2.844647167912196892e+03 -1.188453072520345088e+01 5.320064803998520997e-01
2.879476196980533587e+03 -1.257229583531793438e+01 5.499983844573613778e-01
2.914647133334997761e+03 -1.327339920156525643e+01 5.681874996686528956e-01
2.950139330979357055e+03 -1.398715756981175318e+01 5.865602307871061738e-01
2.985925375598019855e+03 -1.471284593677498265e+01 6.051036170590085028e-01
3.021957242936567582e+03 -1.544968277237371623e+01 6.238043716035065467e-01
3.058241494455548036e+03 -1.619733991667161277e+01 6.426487188933124317e-01
3.094804588887269801e+03 -1.695567236401689470e+01 6.616232234254388889e-01
3.131657640199633079e+03 -1.772451225428032373e+01 6.807144514642269328e-01
3.168802472048542313e+03 -1.850343253751483630e+01 6.999088465464169406e-01
3.206247275900242585e+03 -1.929197410710190397e+01 7.191918008998324785e-01
3.243983500582588931e+03 -2.008975606790763990e+01 7.385473375324345113e-01
3.282018629919274190e+03 -2.089619553726251056e+01 7.579599946347180817e-01
3.320357327173765498e+03 -2.171110259159188871e+01 7.774145379585657434e-01
3.359008619515179362e+03 -2.253402587926068179e+01 7.968985223655150607e-01
3.397930136152637260e+03 -2.336400902096059085e+01 8.163933900603045357e-01
3.437099180166329916e+03 -2.420041135202800575e+01 8.358849816140917488e-01
3.476515965291477642e+03 -2.504264905149673837e+01 8.553591493343618568e-01
3.516177462956340605e+03 -2.589024874190089420e+01 8.747985875895575303e-01
3.556084580172890583e+03 -2.674260986008426144e+01 8.941878684875973482e-01
3.596235118824817164e+03 -2.759926948219782616e+01 9.135109015092435225e-01
3.636633188163800696e+03 -2.845967355206681759e+01 9.327510747653199319e-01
3.677276382818064576e+03 -2.932332612911032044e+01 9.518928629896072913e-01
3.718164172596215849e+03 -3.018970633842393170e+01 9.709202365552692671e-01
3.759296638182207971e+03 -3.105820167337273574e+01 9.898165305053713281e-01
3.800666027914470305e+03 -3.192823369454578142e+01 1.008565526077593866e+00
3.842270365637251871e+03 -3.279922401249660879e+01 1.027150430156495986e+00
3.884105730078296801e+03 -3.367057884882318319e+01 1.045554338547203255e+00
3.926155281695727354e+03 -3.454165804894520164e+01 1.063761617861014086e+00
3.968425316827119786e+03 -3.541182151544727219e+01 1.081757868158933267e+00
4.010906025220639549e+03 -3.628043830036529727e+01 1.099526201418001836e+00
4.053596693577476799e+03 -3.714705958053220058e+01 1.117041080570567280e+00
4.096485167739652752e+03 -3.801073642373926020e+01 1.134294071252858416e+00
4.139559346362279030e+03 -3.887094364105342947e+01 1.151261677319412868e+00
4.182809375701725912e+03 -3.972699017325692239e+01 1.167933484650689246e+00
4.226225859334968845e+03 -4.057815414394158893e+01 1.184294964628621383e+00
4.269799543909320164e+03 -4.142387324478439581e+01 1.200336619690998585e+00
4.313516342038134098e+03 -4.226351668221619207e+01 1.216040222851747288e+00
4.357374080643366142e+03 -4.309638248951380746e+01 1.231393689882113396e+00
4.401363860578951972e+03 -4.392187136556375293e+01 1.246380454939188365e+00
4.445473840033429951e+03 -4.473941353071745652e+01 1.260986785218204398e+00
4.489697951486861712e+03 -4.554831794791314792e+01 1.275204136992190262e+00
4.534030367952280358e+03 -4.634794181001684876e+01 1.289018436000658019e+00
4.578461842535275537e+03 -4.713771929927655435e+01 1.302411123316947306e+00
4.622983128702053364e+03 -4.791697011595390876e+01 1.315371355927334340e+00
4.667586505816479985e+03 -4.868509901422878272e+01 1.327893738119864775e+00
4.712267802914063395e+03 -4.944149972804347470e+01 1.339962442083286964e+00
4.757017075491899050e+03 -5.018551534017409210e+01 1.351558662412150946e+00
4.801819459011680010e+03 -5.091649472742972193e+01 1.362679494374636757e+00
4.846673702426292039e+03 -5.163374216937320682e+01 1.373303384620289336e+00
4.891572035632214465e+03 -5.233635876078102456e+01 1.383413193780511641e+00
4.936501227611011018e+03 -5.302402945525432898e+01 1.393008447033653452e+00
4.981445972346336930e+03 -5.369621902847926975e+01 1.402080503233744002e+00
5.026402122745595079e+03 -5.435228206328291378e+01 1.410620852974654227e+00
5.071360964201546267e+03 -5.499156668548702953e+01 1.418616383523438440e+00
5.116306319795719901e+03 -5.561353462846310691e+01 1.426065160986820235e+00
5.161229026004813932e+03 -5.621763540169325779e+01 1.432959812826105184e+00
5.206115507703871117e+03 -5.680326089272080736e+01 1.439297379712797031e+00
5.250951369451903702e+03 -5.736985264068916734e+01 1.445072148398731660e+00
5.295727988710342288e+03 -5.791687290621568707e+01 1.450279508978941756e+00
5.340434270830345667e+03 -5.844372632805664125e+01 1.454915407134842242e+00
5.385052242956825467e+03 -5.894982996205444437e+01 1.458973582005470115e+00
5.429569694631758466e+03 -5.943465881846806553e+01 1.462455479668732350e+00
5.473981185064949386e+03 -5.989766042846568439e+01 1.465359533443584494e+00
5.518265833825618756e+03 -6.033830736359077207e+01 1.467679192266918342e+00
5.562416681945675009e+03 -6.075599762268682724e+01 1.469424882363324691e+00
5.606416287873856163e+03 -6.115033630517512364e+01 1.470580558545026895e+00
5.650258462050699563e+03 -6.152026497637584157e+01 1.471144265767484249e+00
5.693923397925095742e+03 -6.186495340896470196e+01 1.471102772855240826e+00
5.737400640608507274e+03 -6.218459971948382048e+01 1.470481816258887964e+00
5.780672365927141982e+03 -6.247870046012442913e+01 1.469276960113473640e+00
5.823737480653030616e+03 -6.274675080608441391e+01 1.467489099825484367e+00
5.866575728004674602e+03 -6.298829815126508436e+01 1.465130116961640638e+00
5.909172549241578963e+03 -6.320280376550829970e+01 1.462194649675277125e+00
5.951521546669660893e+03 -6.338985781743299697e+01 1.458685549900674117e+00
5.993610202763507914e+03 -6.354912537611346579e+01 1.454613534616383541e+00
6.035431022602248959e+03 -6.368021673998981669e+01 1.449982820379202675e+00
6.076971828578151872e+03 -6.378284173714678218e+01 1.444801794435707443e+00
6.118216460651902707e+03 -6.385669552587748399e+01 1.439085244389248563e+00
6.159156816994536712e+03 -6.390139312458137510e+01 1.432842183594517094e+00
6.199780927381380025e+03 -6.391666641831710649e+01 1.426079655919133771e+00
6.240076824381973893e+03 -6.390216166954628108e+01 1.418808988825094541e+00
6.280031468457082156e+03 -6.385754671090641210e+01 1.411041508424444313e+00
6.319629356378646662e+03 -6.378259168413890023e+01 1.402788539266579093e+00
6.358876348719538328e+03 -6.367706679373447543e+01 1.394061651754983311e+00
6.397755176166446290e+03 -6.354018594487593674e+01 1.384869219623610315e+00
6.436263815043587783e+03 -6.337156002264445220e+01 1.375225422584941182e+00
6.474403686065791589e+03 -6.317170976811316052e+01 1.365149009374110989e+00
6.512181074426193845e+03 -6.294052436699218589e+01 1.354663169578584681e+00
6.549580171399052233e+03 -6.267778588562309494e+01 1.343774765802147497e+00
6.586603627641989988e+03 -6.238331677546320009e+01 1.332509692973876669e+00
6.623243731484464661e+03 -6.205694946356538821e+01 1.320878696581237133e+00
6.659492919603087103e+03 -6.169856007741891091e+01 1.308899988480358267e+00
6.695337548099578271e+03 -6.130796393651083775e+01 1.296593286792276700e+00
6.730766585182534982e+03 -6.088503786517798488e+01 1.283976070831174709e+00
6.765774299329214045e+03 -6.042961316008214823e+01 1.271072065803054318e+00
6.800349539628346974e+03 -5.994153423346707399e+01 1.257900270546527643e+00
6.834481100269333183e+03 -5.942072739891207078e+01 1.244472669099016437e+00
6.868165679149170501e+03 -5.886701993116194842e+01 1.230812908732906052e+00
6.901392356853072670e+03 -5.828036390415691415e+01 1.216945347182608161e+00
6.934152996129386338e+03 -5.766073749466652743e+01 1.202897200152539092e+00
6.966438978213254813e+03 -5.700826391201682242e+01 1.188696393292068887e+00
6.998241687131409890e+03 -5.632290233575751870e+01 1.174370616834520265e+00
7.029543283027321195e+03 -5.560398507837489745e+01 1.159938274941495706e+00
7.060325494140880437e+03 -5.485135882472069824e+01 1.145435139563916405e+00
7.090604003731124976e+03 -5.406595676774853843e+01 1.130893464323239561e+00
7.120358569014385466e+03 -5.324779951725257376e+01 1.116341141157560557e+00
7.149579388966110855e+03 -5.239696172163627352e+01 1.101806054514954614e+00
7.178263036055670455e+03 -5.151362750834262982e+01 1.087326431638640400e+00
7.206397573164449568e+03 -5.059785838583043471e+01 1.072928231052419745e+00
7.233972561067552306e+03 -4.964971655670798611e+01 1.058646169608216336e+00
7.260975466987890286e+03 -4.866932194141053714e+01 1.044512605596012333e+00
7.287398546925370283e+03 -4.765678176690501289e+01 1.030555382480606186e+00
7.313236284627467285e+03 -4.661223870318956131e+01 1.016808548273109070e+00
7.338477391033677122e+03 -4.553589700429488829e+01 1.003309609929867285e+00
7.363111641976202918e+03 -4.442793810216863193e+01 9.900925709055551360e-01
7.387134763979940544e+03 -4.328852297278472605e+01 9.771895596044677390e-01
7.410536710335170028e+03 -4.211787029156799633e+01 9.646312768452405262e-01
7.433304775429847723e+03 -4.091620452258094076e+01 9.524578843082521784e-01
7.455435302949974357e+03 -3.968358159135950558e+01 9.407082847747361143e-01
7.476913932435668357e+03 -3.842038271525954229e+01 9.294104770871501886e-01
7.497724656394568228e+03 -3.712602941203056162e+01 9.186088076805644098e-01
7.517857736484946145e+03 -3.580084676070185168e+01 9.083495855943228836e-01
7.537312298285720317e+03 -3.444578460967341726e+01 8.986584250947073915e-01
7.556086028457779321e+03 -3.306118737814148290e+01 8.895724682496859437e-01
7.574173452538671881e+03 -3.164748717431613301e+01 8.811256518449068764e-01
7.591563823203809989e+03 -3.020498225738391440e+01 8.733533782832452186e-01
7.608250105549496766e+03 -2.873408219522464080e+01 8.662905024216460692e-01
7.624235367321295598e+03 -2.723532639078930373e+01 8.599728779300892523e-01
7.639514644691235844e+03 -2.570917385292769097e+01 8.544369045657572714e-01
7.654083162997839281e+03 -2.415612041863781556e+01 8.497189707531616065e-01
7.667941518006047772e+03 -2.257668062845117163e+01 8.458560711731312187e-01
7.681090305485447971e+03 -2.097133369579733753e+01 8.428852739441942132e-01
7.693523338807056462e+03 -1.934057125483656137e+01 8.408429331621205538e-01
7.705231887983254637e+03 -1.768490098733674643e+01 8.397653914025002830e-01
7.716223190176599928e+03 -1.600490333496892603e+01 8.396894097215825692e-01
7.726486487435682648e+03 -1.430101946083180486e+01 8.406528578538706720e-01
7.736014977894145886e+03 -1.257391848898309838e+01 8.426921649182924634e-01
7.744791466987035164e+03 -1.082399805276321203e+01 8.458448455020061152e-01
7.752805025792828928e+03 -9.051288722777686147e+00 8.501766563234737228e-01
7.760031443263362235e+03 -7.256484106721603489e+00 8.557244812412940771e-01
7.766494042980419181e+03 -5.440635873327481775e+00 8.625004323827933916e-01
7.772181716701105870e+03 -3.604263149139939948e+00 8.705425499117458443e-01
7.777088245217468284e+03 -1.748051701614403486e+00 8.798878186349559094e-01
7.781233737642066444e+03 1.273400395087160297e-01 8.905725711825890345e-01
7.784615200993972394e+03 2.021249061479342135e+00 9.026344414530612648e-01
7.787233801256953484e+03 3.933013292344798462e+00 9.161110598631334589e-01
7.789100232147177849e+03 5.861966056168891548e+00 9.310386889641273367e-01
7.790220512083730682e+03 7.807440898715666933e+00 9.474542867420082670e-01
7.790598323669855745e+03 9.768772321703149686e+00 9.653955748179994245e-01
7.790237812668326114e+03 1.174528241088025382e+01 9.848972962305140300e-01
7.789135110818884641e+03 1.373627776606037365e+01 1.005995361257025378e+00
7.787282119389864420e+03 1.574105573442112949e+01 1.028730113636307175e+00
7.784679458611415612e+03 1.775892199336130517e+01 1.053132733795294484e+00
7.781326749307178034e+03 1.978922995902481574e+01 1.079236394439123004e+00
7.777218428123144804e+03 2.183122169767127474e+01 1.107083455094947544e+00
7.772349281080848414e+03 2.388425744448088750e+01 1.136705066031912681e+00
7.766706211820733188e+03 2.594786506564113182e+01 1.168182984463130403e+00
7.760281849309024437e+03 2.802133461541675175e+01 1.201550565054621433e+00
7.753098133491870612e+03 3.010350652684668660e+01 1.236796239649414986e+00
7.745161883104163280e+03 3.219373744116948899e+01 1.273956828185157875e+00
7.736474384402908981e+03 3.429117245258898095e+01 1.313058554194655336e+00
7.727031151105085883e+03 3.639513551120302992e+01 1.354141684982357763e+00
7.716836042777700641e+03 3.850485227908352925e+01 1.397240268882979031e+00
7.705891589123701124e+03 4.061954711905942617e+01 1.442381091412364036e+00
7.694202304234072471e+03 4.273846354910430989e+01 1.489596792839485317e+00
7.681768080647185343e+03 4.486084529596583081e+01 1.538921157458589040e+00
7.668589469158880092e+03 4.698590578247699767e+01 1.590379137158091316e+00
7.654673291923649231e+03 4.911285365932747737e+01 1.643997317709925188e+00
7.640021922604111751e+03 5.124091104435930788e+01 1.699810702682520436e+00
7.624631617583631851e+03 5.336926063337418213e+01 1.757848515403104495e+00
7.608505802066888464e+03 5.549711326319293647e+01 1.818136992253435391e+00
7.591653550054752486e+03 5.762374631206378695e+01 1.880707154182474916e+00
7.574065961503429207e+03 5.974828692696480203e+01 1.945588309061133669e+00
7.555762147333999565e+03 6.186992847315602972e+01 2.012791242686158277e+00
7.536718079834629862e+03 6.398793210162536127e+01 2.082407879047647459e+00
7.516952740952299791e+03 6.610147552923018566e+01 2.154417100117259842e+00
7.496482442140464627e+03 6.820966726145847758e+01 2.228801369042389346e+00
7.475311062236792168e+03 7.031191400865165519e+01 2.305567307791827503e+00
7.453453507046207051e+03 7.240735984659544044e+01 2.384720759525416955e+00
7.430915819980507877e+03 7.449521748274963784e+01 2.466272665449754431e+00
7.407701869096567862e+03 7.657481529878678828e+01 2.550230361779079136e+00
7.383824066471286642e+03 7.864538364783678048e+01 2.636603956660224846e+00
7.359294786005040805e+03 8.070617289513913306e+01 2.725393888262377384e+00
7.334117177073066159e+03 8.275644567774955362e+01 2.816607398687656083e+00
7.308301034834600614e+03 8.479540709600709647e+01 2.910256625321317347e+00
7.281858290283454153e+03 8.682230947923957842e+01 3.006342157607702958e+00
7.254793213860634751e+03 8.883644622857853790e+01 3.104866270331473110e+00
7.227116641017279107e+03 9.083697356844214710e+01 3.205836414660723666e+00
7.198828971919869218e+03 9.282304530157283295e+01 3.309240559719525354e+00
7.169939255654967383e+03 9.479394040844134395e+01 3.415087828365405365e+00
7.140452414576021511e+03 9.674882809323793253e+01 3.523372777476207585e+00
7.110384091430002627e+03 9.868682548728337167e+01 3.634100828254896332e+00
7.079705239785688718e+03 1.006067276466616391e+02 3.747343122424509509e+00
7.048443212449836210e+03 1.025078912550388992e+02 3.863064075083922688e+00
7.016617718422336111e+03 1.043899183408614135e+02 3.981215256236016575e+00
6.984244651147847435e+03 1.062518155124524668e+02 4.101784225658600569e+00
6.951334679298864103e+03 1.080936722870382170e+02 4.224774760947760832e+00
6.917907942293010819e+03 1.099138865761669024e+02 4.350177467254072283e+00
6.883972775509460007e+03 1.117123266576552822e+02 4.477984311931554551e+00
6.849545722801046395e+03 1.134881914758179562e+02 4.608188786390615022e+00
6.814641434911464785e+03 1.152408690205953405e+02 4.740784388726442700e+00
6.779269867755529958e+03 1.169695308839872894e+02 4.875761196128938657e+00
6.743437958870603325e+03 1.186737013374953591e+02 5.013103520098646015e+00
6.707152070014434685e+03 1.203528163495445398e+02 5.152795108479597985e+00
6.670424332922929352e+03 1.220053148519856450e+02 5.294821117544587175e+00
6.633267329601870188e+03 1.236307906285877749e+02 5.439164486217275218e+00
6.595684811149655616e+03 1.252291765539288519e+02 5.585812577449434713e+00
6.557681471683296877e+03 1.267988529534495683e+02 5.734750873123010351e+00
6.519268308357179194e+03 1.283400839565980789e+02 5.885955448089344344e+00
6.480467152141483894e+03 1.298509191988188434e+02 6.039413580687086558e+00
6.441259908625856042e+03 1.313309206808448266e+02 6.195192115012477352e+00
6.401686387225567159e+03 1.327791689187035047e+02 6.353199442183864676e+00
6.361749705704475673e+03 1.341965560603003098e+02 6.513395186480187782e+00
6.321465088412399382e+03 1.355812029691512066e+02 6.675749417317115686e+00
6.280854122327532423e+03 1.369333038303777812e+02 6.840241994388922109e+00
6.239923908559256233e+03 1.382518171634580995e+02 7.006849146094255687e+00
6.198682830012884551e+03 1.395358298794648704e+02 7.175545994057295651e+00
6.157145042227529302e+03 1.407854300570920145e+02 7.346299202115251781e+00
6.115326650102569147e+03 1.419999488703410293e+02 7.519075374344351914e+00
6.073236938524863945e+03 1.431786903867240426e+02 7.693850315591622469e+00
6.030885628817488396e+03 1.443212146679028365e+02 7.870593419890914433e+00
5.988288824334533274e+03 1.454267627371937124e+02 8.049269081845491058e+00
5.945458290939199287e+03 1.464945756967750867e+02 8.229850361485203436e+00
5.902401021881779343e+03 1.475241028775040206e+02 8.412302971893709014e+00
5.859130554865058912e+03 1.485153675938029494e+02 8.596583182590723737e+00
5.815657191393290304e+03 1.494683331480792106e+02 8.782647754447731714e+00
5.772000211081078305e+03 1.503823855471712534e+02 8.970439745078314431e+00
5.728161972738497752e+03 1.512563835008324418e+02 9.159924627742785930e+00
5.684142452059391871e+03 1.520903344671792752e+02 9.351118650587014969e+00
5.639969993190235982e+03 1.528832032659068147e+02 9.543924394328401561e+00
5.595655641022404780e+03 1.536361349193249453e+02 9.738285297958720221e+00
5.551201966027199887e+03 1.543486297222683277e+02 9.934079123463680716e+00
5.506622143806706845e+03 1.550206712238874616e+02 1.013133182576461877e+01
5.461930803875399761e+03 1.556513065031707015e+02 1.032998882987428857e+01
5.417133309920454849e+03 1.562407441282067566e+02 1.052992643929756866e+01
5.372240352067905405e+03 1.567888153759267595e+02 1.073113199445369581e+01
5.327258946215803917e+03 1.572945773026655445e+02 1.093353776897129137e+01
5.282201515898888829e+03 1.577578660900064449e+02 1.113707241960931604e+01
5.237082915708341716e+03 1.581790589259315425e+02 1.134169077343909571e+01
5.191911578897613254e+03 1.585579556093136944e+02 1.154731558735329067e+01
5.146698086656400847e+03 1.588942085647141766e+02 1.175391264746525621e+01
5.101457054898419301e+03 1.591878738726846336e+02 1.196145905314793190e+01
5.056201774265553468e+03 1.594390075515429146e+02 1.216980680639581358e+01
5.010941577071987922e+03 1.596476655494504371e+02 1.237898433851077229e+01
4.965691070891514755e+03 1.598138542096850188e+02 1.258891454419261713e+01
4.920464697016576793e+03 1.599370187503683667e+02 1.279952116210829871e+01
4.875263353451380681e+03 1.600155208734559835e+02 1.301082887471438276e+01
4.830110313138518904e+03 1.600506942162761845e+02 1.322265881337347793e+01
4.785014145819051009e+03 1.600430101970616192e+02 1.343498770429818379e+01
4.739983254283618407e+03 1.599925241773572964e+02 1.364774190805798959e+01
4.695020595999432771e+03 1.598992913936790785e+02 1.386079007966184840e+01
4.650148489031303143e+03 1.597623614220446200e+02 1.407414427430154014e+01
4.605370815915599451e+03 1.595823973540236125e+02 1.428771294646923629e+01
4.560700389329610516e+03 1.593594313839296035e+02 1.450144138630498780e+01
4.516150392588053364e+03 1.590932781017061757e+02 1.471523892393382305e+01
4.471725830390944793e+03 1.587839920061760779e+02 1.492900063341150485e+01
4.427437765838076302e+03 1.584316274268157088e+02 1.514270894498077524e+01
4.383301851254091162e+03 1.580364930538994201e+02 1.535630906708823495e+01
4.339328582515105154e+03 1.575988352469331346e+02 1.556966451464570156e+01
4.295529070772136038e+03 1.571182608591014400e+02 1.578274332026751026e+01
4.251906788551775207e+03 1.565949538975163478e+02 1.599548189680695565e+01
4.208472758688753856e+03 1.560294974114856643e+02 1.620784770693324717e+01
4.165251029046651638e+03 1.554218968904234544e+02 1.641970707821604236e+01
4.122231759669897656e+03 1.547715991887703524e+02 1.663098347277184175e+01
4.079450616573121806e+03 1.540775227239348339e+02 1.684158285283366752e+01
4.036897046363674235e+03 1.533418526750316460e+02 1.705143547346008503e+01
3.994590682582608224e+03 1.525643318014651300e+02 1.726052991542017168e+01
3.952534718332707143e+03 1.517455607373225064e+02 1.746879326848404190e+01
3.910742137519731841e+03 1.508851254143137623e+02 1.767609491753316675e+01
3.869222440551356158e+03 1.499834604878720654e+02 1.788234672615240228e+01
3.827983947087451270e+03 1.490416955120093974e+02 1.808751832285590311e+01
3.787039156076792551e+03 1.480594462494217396e+02 1.829151164800665441e+01
3.746395033593774315e+03 1.470366564324323519e+02 1.849426392347190884e+01
3.706060121614508716e+03 1.459736836065599164e+02 1.869572847854174569e+01
3.666041574951317671e+03 1.448712849527005915e+02 1.889580588953057472e+01
3.626344815163107342e+03 1.437301323823640189e+02 1.909441607231351412e+01
3.586982583248996434e+03 1.425502220756067402e+02 1.929150991310707397e+01
3.547964220333084995e+03 1.413321947769015878e+02 1.948699083608281768e+01
3.509291377270644716e+03 1.400764993234994904e+02 1.968083918987446879e+01
3.470970606004313595e+03 1.387843029208259225e+02 1.987298633634591383e+01
3.433008916757312818e+03 1.374553154397256378e+02 2.006336366453700037e+01
3.395419004131786551e+03 1.360909561730617838e+02 2.025190303677410952e+01
3.358222552073230418e+03 1.346897917258361872e+02 2.043852764588242010e+01
3.321406950090216014e+03 1.332534396617880930e+02 2.062309310265893814e+01
3.284977010819608040e+03 1.317822862884864037e+02 2.080560259595598538e+01
3.248939289380611626e+03 1.302776847627400514e+02 2.098599133487251578e+01
3.213294937756058971e+03 1.287394403977366153e+02 2.116413681789125434e+01
3.178049317385602990e+03 1.271681214959374699e+02 2.134000855433068722e+01
3.143208987859653007e+03 1.255640776251846944e+02 2.151350846606004552e+01
3.108776347281277140e+03 1.239279133326564306e+02 2.168458956000190696e+01
3.074755521409049379e+03 1.222600602608029448e+02 2.185313285533094430e+01
3.041156411590005064e+03 1.205617067183709707e+02 2.201911305858207868e+01
3.007985928333181619e+03 1.188337272006316709e+02 2.218253057644873039e+01
2.975249471271848051e+03 1.170764423824789446e+02 2.234330540346289595e+01
2.942957705127705594e+03 1.152910667418394866e+02 2.250141018103823498e+01
2.911115523508088700e+03 1.134782370566776990e+02 2.265677664463165897e+01
2.879724583601660925e+03 1.116385193351072047e+02 2.280934922092049533e+01
2.848792318541191435e+03 1.097736137482713019e+02 2.295910448014739913e+01
2.818330177767103578e+03 1.078831746540566741e+02 2.310592113512638690e+01
2.788332423614813251e+03 1.059680055131223355e+02 2.324979259833126477e+01
2.758826568585192945e+03 1.040277081331096696e+02 2.339051118177310684e+01
2.729800491948781655e+03 1.020642854535382895e+02 2.352813077765791050e+01
2.701253183215082117e+03 1.000780023386326576e+02 2.366253026459242648e+01
2.673185048786271182e+03 9.807020201469134690e+01 2.379369562000779226e+01
2.645601883197026837e+03 9.604047360651865972e+01 2.392156672273458895e+01
2.618505311980406077e+03 9.399007264336259482e+01 2.404607544944853714e+01
2.591904864829807593e+03 9.191995315356946605e+01 2.416715368595672331e+01
2.565796751162060445e+03 8.983083337383885691e+01 2.428477477479358271e+01
2.540187668444124938e+03 8.772352621663289085e+01 2.439889517777615424e+01
2.515083326400961596e+03 8.559889334466615196e+01 2.450944680216780824e+01
2.490483764618715668e+03 8.345773797484932288e+01 2.461639059759278325e+01
2.466393101089014181e+03 8.130087198332385867e+01 2.471967055244342504e+01
2.442811757927216149e+03 7.912917626532144766e+01 2.481923976611624383e+01
2.419743483655147429e+03 7.694343250138120993e+01 2.491511602121471114e+01
2.397196081665275415e+03 7.474441422240728627e+01 2.500713304515621616e+01
2.375160943710218362e+03 7.253301768572005415e+01 2.509541178714294674e+01
2.353649606334060081e+03 7.030998664885679261e+01 2.517972383904226774e+01
2.332656325180419117e+03 6.807617981868081358e+01 2.526018650367177898e+01
2.312212479635578802e+03 6.583186282662863675e+01 2.533653683225321984e+01
2.292287996689015927e+03 6.357836696212863359e+01 2.540888968528878067e+01
2.272889044103441847e+03 6.131662418733970554e+01 2.547718060779051186e+01
2.254022239555504257e+03 5.904738020110718111e+01 2.554139931054466217e+01
2.235678098825833331e+03 5.677142184457681395e+01 2.560148588075422182e+01
2.217864164157328105e+03 5.448958489481724854e+01 2.565737517991837535e+01
2.200582509711832699e+03 5.220263792126184654e+01 2.570905938082139741e+01
2.183827459295714561e+03 4.991128296638613193e+01 2.575655009610411028e+01
2.167598702134329869e+03 4.761627537876800176e+01 2.579974754529638403e+01
2.151897578432794035e+03 4.531841966210261319e+01 2.583867563772643905e+01
2.136719655893352865e+03 4.301854884201365792e+01 2.587338729872881515e+01
2.122059672936399693e+03 4.071747920644912710e+01 2.590381977190800811e+01
2.107918142709367658e+03 3.841601414480417276e+01 2.593000517576201602e+01
2.094298064945145597e+03 3.611503128791270001e+01 2.595198402191722664e+01
2.081195436945698020e+03 3.381529627281457095e+01 2.596973055001059905e+01
2.068598794231950706e+03 3.151766540114340387e+01 2.598330178122737522e+01
2.056512382657465878e+03 2.922294097149297798e+01 2.599265133567747910e+01
2.044935308377835099e+03 2.693192756074808258e+01 2.599778497801810317e+01
2.033889574912642729e+03 2.464556772738365353e+01 2.599850620912151911e+01
2.023336289904339083e+03 2.236461052414333395e+01 2.599497411101918587e+01
2.013286255813432717e+03 2.008979535744810718e+01 2.598726170913064593e+01
2.003727269567762505e+03 1.782186126210608990e+01 2.597532696080231318e+01
1.994656131623752117e+03 1.556165399736593002e+01 2.595911930765474906e+01
1.986071321955528447e+03 1.330993219240131964e+01 2.593873622418546887e+01
1.977966802350121498e+03 1.106746864040320233e+01 2.591413184430065542e+01
1.970343088639012649e+03 8.835022134348612610e+00 2.588531688796441443e+01
1.963197470615343036e+03 6.613355156880277086e+00 2.585229053695695356e+01
1.956525536774493276e+03 4.403233907443159900e+00 2.581510049710199084e+01
1.950325786633082089e+03 2.205415097389688217e+00 2.577376696888049068e+01
1.944594271136380939e+03 2.065913086293733048e-02 2.572825089579740165e+01
1.939325351242423267e+03 -2.150272162095109518e+00 2.567862520950324523e+01
1.934517540641456208e+03 -4.306621665003063981e+00 2.562493029188732052e+01
1.930166934161667768e+03 -6.447610516747204201e+00 2.556712737690396864e+01
1.926261277907999101e+03 -8.572497060868352392e+00 2.550524337825464372e+01
1.922799101284219205e+03 -1.068057791893992281e+01 2.543940141343751549e+01
1.919780513932114445e+03 -1.277093370285600216e+01 2.536953473307339024e+01
1.917216261906670979e+03 -1.484206622938269859e+01 2.529539595593048773e+01
1.915071366827960901e+03 -1.689397795715311190e+01 2.521740067986559808e+01
1.913356638594680817e+03 -1.892587155416320499e+01 2.513549894483655223e+01
1.912048543571851724e+03 -2.093717928740562328e+01 2.504969702464750725e+01
1.911152880611071396e+03 -2.292713802158630543e+01 2.496005888419181318e+01
1.910665843262476983e+03 -2.489514713419849912e+01 2.486660784021344739e+01
1.910579820157613085e+03 -2.684052180875681870e+01 2.476939949301527122e+01
1.910883116388472899e+03 -2.876260858022435229e+01 2.466850623658718433e+01
1.911576648409883774e+03 -3.066079601076452121e+01 2.456392690201507278e+01
1.912655073901490368e+03 -3.253437486425573866e+01 2.445570790614673484e+01
1.914109824123675935e+03 -3.438266214007045818e+01 2.434392640406723984e+01
1.915938387529770125e+03 -3.620503539829999085e+01 2.422859272439619005e+01
1.918133063359745847e+03 -3.800080007833169304e+01 2.410971714559351398e+01
1.920693833523466765e+03 -3.976932890116628982e+01 2.398734203985729962e+01
1.923608138906326076e+03 -4.150993687224869433e+01 2.386156552193936520e+01
1.926869978980898850e+03 -4.322190466674987874e+01 2.373234364149811171e+01
1.930483074868329822e+03 -4.490462110954948827e+01 2.359969379127318234e+01
1.934435593870138291e+03 -4.655730693893490013e+01 2.346372925857425074e+01
1.938732587162292702e+03 -4.817818980707410503e+01 2.332431668932466451e+01
1.943357646817599516e+03 -4.976820957223153385e+01 2.318169755727930692e+01
1.948290782464039467e+03 -5.132694785794753756e+01 2.303601142798464707e+01
1.953540450057386806e+03 -5.285406799076736917e+01 2.288734231711411127e+01
1.959085543133877309e+03 -5.434929097908129592e+01 2.273571644866497721e+01
1.964919302706618282e+03 -5.581219956510474844e+01 2.258120022376773406e+01
1.971040128408138116e+03 -5.724251714700402260e+01 2.242396256846375735e+01
1.977438281205254043e+03 -5.863995371912945842e+01 2.226404355795371259e+01
1.984110764951459259e+03 -6.000410371494090356e+01 2.210147170857782228e+01
1.991049201686146944e+03 -6.133464061481007690e+01 2.193635851137852200e+01
1.998244761560310735e+03 -6.263124233638914262e+01 2.176875993637399986e+01
2.005697214198360825e+03 -6.389352487142539871e+01 2.159870366041353051e+01
2.013398789669370672e+03 -6.512119718774286525e+01 2.142629038062608515e+01
2.021341720350025298e+03 -6.631392626649513033e+01 2.125156881435361811e+01
2.029519415831185825e+03 -6.747137893948062981e+01 2.107465608525236789e+01
2.037928777142008812e+03 -6.859324471975560300e+01 2.089557662608428856e+01
2.046556203093251270e+03 -6.967936877382697958e+01 2.071441254293288026e+01
2.055395651557952078e+03 -7.072918265391756165e+01 2.053128643739592718e+01
2.064439256907757226e+03 -7.174119558471112157e+01 2.034613328564519463e+01
2.073676758524243269e+03 -7.271661008461099129e+01 2.015920117247051735e+01
2.083094346020126068e+03 -7.365527551023993169e+01 1.997056913903923103e+01
2.092683785672080830e+03 -7.455698590467223141e+01 1.978025842877885410e+01
2.102437324837978849e+03 -7.542153028147039606e+01 1.958844423633422238e+01
2.112347212132862296e+03 -7.624889261249830952e+01 1.939518209776156255e+01
2.122414630004732317e+03 -7.703897491565176381e+01 1.920057759628314287e+01
2.132632046157119021e+03 -7.779166784380922195e+01 1.900473014459734955e+01
2.142989164504697783e+03 -7.850691951066853846e+01 1.880768135754734871e+01
2.153481463676192107e+03 -7.918467097666783161e+01 1.860954405899996900e+01
2.164107385574516229e+03 -7.982480527159469830e+01 1.841043552787069970e+01
2.174858180118092605e+03 -8.042719533885515659e+01 1.821041966285439528e+01
2.185719682222373194e+03 -8.099173185925904761e+01 1.800961624944328321e+01
2.196687197040132105e+03 -8.151827885751120562e+01 1.780810297934155884e+01
2.207747953955758021e+03 -8.200673462298321681e+01 1.760595748255272142e+01
2.218894214421712149e+03 -8.245695421941148595e+01 1.740325732770330092e+01
2.230117912233634343e+03 -8.286884021080393836e+01 1.720008331431494852e+01
2.241405716412483798e+03 -8.324175840937083137e+01 1.699656884512117117e+01
2.252744422246599242e+03 -8.357460648198591002e+01 1.679277671567235330e+01
2.264143213469542388e+03 -8.386909767268541316e+01 1.658881388031522874e+01
2.275576305433215111e+03 -8.412465391074418619e+01 1.638475760709023632e+01
2.287057231174788285e+03 -8.434296301244258132e+01 1.618079888516280818e+01
2.298566086433207147e+03 -8.452327403096634839e+01 1.597703310491955975e+01
2.310110616341902187e+03 -8.466583808783600773e+01 1.577353736059058065e+01
2.321676712789535486e+03 -8.477085877786726087e+01 1.557043316831721746e+01
2.333262299129616167e+03 -8.483876872620500365e+01 1.536781904064930870e+01
2.344863737706464235e+03 -8.486949132420249953e+01 1.516580810857399264e+01
2.356467125995937749e+03 -8.486307748442432342e+01 1.496450704954320621e+01
2.368064149803615237e+03 -8.481989444597176941e+01 1.476399268262620090e+01
2.379648527110575742e+03 -8.473996954593764031e+01 1.456434177440973166e+01
2.391206362407390316e+03 -8.462313307439846710e+01 1.436565069577135745e+01
2.402726866281096136e+03 -8.446925822331904499e+01 1.416805798336907429e+01
2.414206246027281850e+03 -8.427915302051067670e+01 1.397167936112349196e+01
2.425632264456065968e+03 -8.405198674596958597e+01 1.377653504623902414e+01
2.437004111110613394e+03 -8.378958081943706304e+01 1.358269916451628845e+01
2.448314582872073970e+03 -8.349033248808213159e+01 1.339038013872327149e+01
2.459562140213225121e+03 -8.315409515876640967e+01 1.319968247610979972e+01
2.470735360770091575e+03 -8.278308621752033503e+01 1.301056064076393781e+01
2.481839833916912994e+03 -8.237745361886766204e+01 1.282320129948696241e+01
2.492875789263925526e+03 -8.193812834956902691e+01 1.263768075633031174e+01
2.503827170994622065e+03 -8.146495668248525135e+01 1.245411750983583588e+01
2.514699349225653805e+03 -8.095845140943465879e+01 1.227249403057048482e+01
2.525477839647436667e+03 -8.041910094043205959e+01 1.209297389846708803e+01
2.536157690724530312e+03 -7.984732781251216238e+01 1.191564792105931936e+01
2.546734003722610396e+03 -7.924357571422453361e+01 1.174059204973531578e+01
2.557194125069634538e+03 -7.860825588499250216e+01 1.156790202509552579e+01
2.567533725537624377e+03 -7.794180449693240575e+01 1.139764356673349432e+01
2.577751631845257634e+03 -7.724467818780513539e+01 1.122988236428576236e+01
2.587837138977811264e+03 -7.651731490932863267e+01 1.106472302157923338e+01
2.597786848884165920e+03 -7.576027924211059883e+01 1.090229358059698228e+01
2.607603311799311086e+03 -7.497412399505907388e+01 1.074258069447032327e+01
2.617275287003762060e+03 -7.415936484670585571e+01 1.058575957316768879e+01
2.626802495565589652e+03 -7.331661775600551323e+01 1.043189285744274564e+01
2.636182471985534903e+03 -7.244587440870830619e+01 1.028102793201789744e+01
2.645411859874109723e+03 -7.154724649316590046e+01 1.013336782259363567e+01
2.654489158553624748e+03 -7.062218513139418974e+01 9.988934686658126338e+00
2.663407896918908591e+03 -6.967142921198865224e+01 9.847795231124793602e+00
2.672167254129039520e+03 -6.869544173342059423e+01 9.709958414436824725e+00
2.680756465711473993e+03 -6.769481551813304065e+01 9.575532599345574880e+00
2.689172516557684958e+03 -6.667017128583199792e+01 9.444596869150187146e+00
2.697410703279885183e+03 -6.562208508078057889e+01 9.317216673461997445e+00
2.705464543565650274e+03 -6.455107464868225975e+01 9.193497427951127676e+00
2.713327552262570407e+03 -6.345774278031317550e+01 9.073494773226057575e+00
2.720996411012885801e+03 -6.234276981953186691e+01 8.957275669604618074e+00
2.728468059584844923e+03 -6.120678043371618315e+01 8.844912302757863998e+00
2.735738345686138928e+03 -6.005044723631655046e+01 8.736478508746944982e+00
2.742808887059629342e+03 -5.887455738785871517e+01 8.632086324359269369e+00
2.749681011496878455e+03 -5.767974231363593418e+01 8.531722898594738425e+00
2.756345330095448389e+03 -5.646667962232104543e+01 8.435506744656043665e+00
2.762806332953688525e+03 -5.523605326327869136e+01 8.343514321566017244e+00
2.769057506942770488e+03 -5.398859891415251866e+01 8.255810551838068889e+00
2.775088278478284337e+03 -5.272467786422330960e+01 8.172527995252773181e+00
2.780908312566321911e+03 -5.144478279033395296e+01 8.093807162506729824e+00
2.786505007796305108e+03 -5.015016209274175196e+01 8.019547572723968898e+00
2.791889697257216085e+03 -4.884154931922412146e+01 7.949802382728686112e+00
2.797051874870091069e+03 -4.751968031095029943e+01 7.884636036653101421e+00
2.801989255961118033e+03 -4.618518601235495424e+01 7.824103667959513508e+00
2.806701486419067805e+03 -4.483877365336149268e+01 7.768253693199095089e+00
2.811188208120322088e+03 -4.348122152266314089e+01 7.717141958708690019e+00
2.815445080189150303e+03 -4.211320601265999386e+01 7.670815991668380462e+00
2.819465549392548837e+03 -4.073544374106402444e+01 7.629327418810376571e+00
2.823249361351487096e+03 -3.934869800939324591e+01 7.592726310801192646e+00
2.826794116671596385e+03 -3.795367392388441630e+01 7.561056401855985598e+00
2.830094187024273651e+03 -3.655108201514164534e+01 7.534364234552183959e+00
2.833152316595752836e+03 -3.514164700727371837e+01 7.512684429477071824e+00
2.835962843722928028e+03 -3.372601650552779518e+01 7.496040091888120038e+00
2.838523351681034910e+03 -3.230489541897535588e+01 7.484452202512770214e+00
2.840844057255897496e+03 -3.087902589551226740e+01 7.477932245292353564e+00
2.842914122957639847e+03 -2.944904185864331225e+01 7.476497011743701293e+00
2.844741843805812550e+03 -2.801554272639577903e+01 7.480265707781128093e+00
2.846317864197496419e+03 -2.657922088101768310e+01 7.489324812241775042e+00
2.847650862356297694e+03 -2.514100900379295922e+01 7.503517860180988208e+00
2.848741341450015625e+03 -2.370147976220070873e+01 7.522850038573564824e+00
2.849595416954687607e+03 -2.226148145893321839e+01 7.547326271767198058e+00
2.850204169211832777e+03 -2.082168257603463246e+01 7.576961942874594236e+00
2.850574869562923141e+03 -1.938290332015444051e+01 7.611755313152301916e+00
2.850707262419533890e+03 -1.794580082892540318e+01 7.651707853474785992e+00
2.850595650023029066e+03 -1.651113926132877197e+01 7.696824722236931038e+00
2.850244971859666293e+03 -1.507965192987835756e+01 7.747114687354765827e+00
2.849655555018478935e+03 -1.365209152301310169e+01 7.802579823257972613e+00
2.848826383546941088e+03 -1.222919663598186268e+01 7.863213107770862464e+00
2.847763394570357832e+03 -1.081160133181519534e+01 7.929009892211998256e+00
2.846464660972689671e+03 -9.400055840715593192e+00 7.999963803995122191e+00
2.844932409746515532e+03 -7.995280557723800641e+00 8.076058611628193162e+00
2.843160059514001659e+03 -6.597912075346343386e+00 8.157288639208763570e+00
2.841164038001219978e+03 -5.208644469569345681e+00 8.243651456310850278e+00
2.838938623865894897e+03 -3.828222914382895858e+00 8.335128335780874309e+00
2.836472259014479278e+03 -2.457497332624474673e+00 8.431833333725613500e+00
2.833777154819848420e+03 -1.097277365073060729e+00 8.533796950353925936e+00
2.830860876190029558e+03 2.520556850811240812e-01 8.640811073968091449e+00
2.827717866725634394e+03 1.589858816500504535e+00 8.752868550457382213e+00
2.824353583455976150e+03 2.915477837014839313e+00 8.869935209546312649e+00
2.820769478047463053e+03 4.228278272154977202e+00 8.991942915324006691e+00
2.816965994476956439e+03 5.527604540755619134e+00 9.118960671794093642e+00
2.812943573100539197e+03 6.812811980775155263e+00 9.250882328862042314e+00
2.808710534256395931e+03 8.083244829380843655e+00 9.387707337485080572e+00
2.804265572398656332e+03 9.338237365626863351e+00 9.529406379357395096e+00
2.799609199503214768e+03 1.057712356631456352e+01 9.675906154437015516e+00
2.794751513637080734e+03 1.179924197438324107e+01 9.827194910534492678e+00
2.789694547947661704e+03 1.300393131718411865e+01 9.983238118877592271e+00
2.784434403981997093e+03 1.419052055328689654e+01 1.014398107681707728e+01
2.778975871305024157e+03 1.535835759546535861e+01 1.030939772051659276e+01
2.773332687981560412e+03 1.650682301994940460e+01 1.047942526591470269e+01
2.767494777017599972e+03 1.763524503758939943e+01 1.065404611823679559e+01
2.761468502894736503e+03 1.874311969662776178e+01 1.083318941597066143e+01
2.755249179855797138e+03 1.982928675008035668e+01 1.101697294236977243e+01
2.748850227652027570e+03 2.089300413028081493e+01 1.120526467008616045e+01
2.742264457736177519e+03 2.193442173232827841e+01 1.139797796133813002e+01
2.735503837420997570e+03 2.295280210282174593e+01 1.159498415895197887e+01
2.728575530951933615e+03 2.394762108366937170e+01 1.179626041686735682e+01
2.721470594113426614e+03 2.491837878632664882e+01 1.200174452610267828e+01
2.714196012157896348e+03 2.586457521871047760e+01 1.221141166376372844e+01
2.706760172708711252e+03 2.678562352743426089e+01 1.242512136155742475e+01
2.699161830800454482e+03 2.768103646769457526e+01 1.264283378431037619e+01
2.691402508722219864e+03 2.855043562817569125e+01 1.286452593394590771e+01
2.683486052059884969e+03 2.939343469983522539e+01 1.309008950199079280e+01
2.675415891372534134e+03 3.020962037154763280e+01 1.331943902024645965e+01
2.667198956063307378e+03 3.099863483161835376e+01 1.355251385462258007e+01
2.658840314612813472e+03 3.176020260998431866e+01 1.378921220285159599e+01
2.650340697135256505e+03 3.249393236422539388e+01 1.402950460573935665e+01
2.641703910115354574e+03 3.319961208061229740e+01 1.427330397680236374e+01
2.632946164825064443e+03 3.387697175604274236e+01 1.452048401432762503e+01
2.624056799414699981e+03 3.452568538339485116e+01 1.477102599390200766e+01
2.615052304338867543e+03 3.514459541068320192e+01 1.502489412723044104e+01
2.605926798636183321e+03 3.573339078903877919e+01 1.528199906070652325e+01
2.596690765669323810e+03 3.629270230756733184e+01 1.554222838465036993e+01
2.587351083159278460e+03 3.682220914662271838e+01 1.580538860100376297e+01
2.577914623694599868e+03 3.732158373386248229e+01 1.607144670296293398e+01
2.568383108798217108e+03 3.779054960181522915e+01 1.634028569115002583e+01
2.558757214094220672e+03 3.822888764784102733e+01 1.661181517489590576e+01
2.549046247969386513e+03 3.863630655982331064e+01 1.688600260533135611e+01
2.539255441548313229e+03 3.901255535635291949e+01 1.716267802658732222e+01
2.529385457262825639e+03 3.935739337688661266e+01 1.744175486161903521e+01
2.519440031103220008e+03 3.967064490267709687e+01 1.772318911040302325e+01
2.509428668791628752e+03 3.995217379016902015e+01 1.800684358765183291e+01
2.499355395384418443e+03 4.020179547805666687e+01 1.829260371356324555e+01
2.489217666286163421e+03 4.041934594761040955e+01 1.858039438286715139e+01
2.479030419707519286e+03 4.060464564911066532e+01 1.887012636617775740e+01
2.468794297415046003e+03 4.075757956402398463e+01 1.916167298096569027e+01
2.458510533775592194e+03 4.087790063634511739e+01 1.945495347550732390e+01
2.448185771066594498e+03 4.096558315808734818e+01 1.974983309480219873e+01
2.437819018652915020e+03 4.101948922313250279e+01 2.004629991896702279e+01
2.427424827907595954e+03 4.103974820637596821e+01 2.034419150794124675e+01
2.417004737159919387e+03 4.102709159631091040e+01 2.064338443588163940e+01
2.406559375261676905e+03 4.098137190575749145e+01 2.094374484564691841e+01
2.396094910967360647e+03 4.090260499590723953e+01 2.124513665398676210e+01
2.385618157608966612e+03 4.079067169244893165e+01 2.154752642479614266e+01
2.375131213472125182e+03 4.064556185998259963e+01 2.185076058812876099e+01
2.364643303068159639e+03 4.046730895903377956e+01 2.215472747187598301e+01
2.354151878029436830e+03 4.025598470285888908e+01 2.245931436892440303e+01
2.343666023347156170e+03 4.001157900546024848e+01 2.276442038216275066e+01
2.333192755402043076e+03 3.973409148961292203e+01 2.306994125523670647e+01
2.322728257562126601e+03 3.942358852715408801e+01 2.337574153664267129e+01
2.312281570063452818e+03 3.908012273847693052e+01 2.368170817615054347e+01
2.301860234599961586e+03 3.870374928178920726e+01 2.398776776200571703e+01
2.291462897705427622e+03 3.829447739067170886e+01 2.429381887890844283e+01
2.281101564228109964e+03 3.785245911273750608e+01 2.459968434264598969e+01
2.270781311867005570e+03 3.737783427619508814e+01 2.490528521240831950e+01
2.260491365884013703e+03 3.687063144205095711e+01 2.521048488863150183e+01
2.250259602235172224e+03 3.632979849443615450e+01 2.551507658131445311e+01
2.240072589175430494e+03 3.575582752957674160e+01 2.581905008837083670e+01
2.229936645978729302e+03 3.514961253594960056e+01 2.612226902819531205e+01
2.219870454667010563e+03 3.451136072156127454e+01 2.642459871917890979e+01
2.209859960740966017e+03 3.384129395343644831e+01 2.672590650237815524e+01
2.199922486589931395e+03 3.313978706158810894e+01 2.702611869877878448e+01
2.190059323048480110e+03 3.240710771343233176e+01 2.732517442817325914e+01
2.180272866009876907e+03 3.164360653654432198e+01 2.762301287109136538e+01
2.170565454350414711e+03 3.084961321443117654e+01 2.791945722480302550e+01
2.160940562288083584e+03 3.002544484017534288e+01 2.821443388591625379e+01
2.151407437675599340e+03 2.917141467383718023e+01 2.850791472934555770e+01
2.141970594271434493e+03 2.828785628884989478e+01 2.879972474609365563e+01
2.132626078284190498e+03 2.737515156897779178e+01 2.908972843191089197e+01
2.123377509016469503e+03 2.643362389612843089e+01 2.937791704963151673e+01
2.114234509674989113e+03 2.546356586299830838e+01 2.966413411451365434e+01
2.105198072767851045e+03 2.446532702434814865e+01 2.994829977115952246e+01
2.096273289250858397e+03 2.343929714321420477e+01 3.023024106906333586e+01
2.087454571090557693e+03 2.238575552099466748e+01 3.050989622565672121e+01
2.078765612507867445e+03 2.130404954139764584e+01 3.078706235269724445e+01
2.070190952762968209e+03 2.019523321162958851e+01 3.106170842755723172e+01
2.061741251143621412e+03 1.906027430156196800e+01 3.133381471695929577e+01
2.053417066657184023e+03 1.789956983471645913e+01 3.160314346515453821e+01
2.045218420370985768e+03 1.671362613870335778e+01 3.186972409236086889e+01
2.037155515045094944e+03 1.550280968861850184e+01 3.213341654930076885e+01
2.029226715552821815e+03 1.426759359067381006e+01 3.239408371749545523e+01
2.021434383179183897e+03 1.300847841786993087e+01 3.265168886341757570e+01
2.013784727400070551e+03 1.172594471379958669e+01 3.290611825713695282e+01
2.006280522275848170e+03 1.042048584041883252e+01 3.315729112861072991e+01
1.998921791123735375e+03 9.092610884512962954e+00 3.340511859013598439e+01
1.991711166414548870e+03 7.742820325801117676e+00 3.364949506292202841e+01
1.984652665387377965e+03 6.371609273245038452e+00 3.389035649020917873e+01
1.977748094794200597e+03 4.979484661740654516e+00 3.412757247308854147e+01
1.971000933911812353e+03 3.566968208370556948e+00 3.436110377429182705e+01
1.964408837969825527e+03 2.134624035434350198e+00 3.459079516326450232e+01
1.957987158361524962e+03 6.830206544637630328e-01 3.481663760981926714e+01
1.951718121423990624e+03 -7.872642763467143645e-01 3.503850786396132122e+01
1.945627796296072347e+03 -2.276454318748532657e+00 3.525605529863088350e+01
1.939712507362720316e+03 -3.783487786092516458e+00 3.546937035089138845e+01
1.933963074621750366e+03 -5.307375937588189707e+00 3.567839786970446170e+01
1.928385148639965564e+03 -6.847653392676908979e+00 3.588301579048738432e+01
1.922979471338491066e+03 -8.403600236584765071e+00 3.608321174208546012e+01
1.917756230535286932e+03 -9.974666526025355751e+00 3.627888590226958598e+01
1.912709212305434221e+03 -1.156020788976201352e+01 3.647000928928611074e+01
1.907838825680939863e+03 -1.315957727222017226e+01 3.665654100990780506e+01
1.903151309834497397e+03 -1.477218607240998516e+01 3.683842070887357778e+01
1.898649489774224776e+03 -1.639743578807908975e+01 3.701558798939350226e+01
1.894336427934991207e+03 -1.803470092452492679e+01 3.718795237283375599e+01
1.890210603815234663e+03 -1.968330488418333246e+01 3.735546919891083917e+01
1.886268414399588210e+03 -2.134258686756841783e+01 3.751813638339175583e+01
1.882518779095094715e+03 -2.301195906254346824e+01 3.767584908746576389e+01
1.878961772243162159e+03 -2.469066705397041517e+01 3.782853317325546527e+01
1.875597472515600657e+03 -2.637813191943655511e+01 3.797608476385870091e+01
1.872425963070116723e+03 -2.807367034933837502e+01 3.811849453165008583e+01
1.869447439452563685e+03 -2.977660075529362871e+01 3.825564084643887952e+01
1.866676646017844632e+03 -3.148667453008469508e+01 3.838723911334433581e+01
1.864101108985094925e+03 -3.320285737355444411e+01 3.851344850189953917e+01
1.861723810886450337e+03 -3.492435699112949976e+01 3.863423889818800916e+01
1.859544551991344861e+03 -3.665057842669220634e+01 3.874962123140330306e+01
1.857557364302894030e+03 -3.838087569667544585e+01 3.885955779514584663e+01
1.855765673159584594e+03 -4.011454565876442757e+01 3.896405414270142131e+01
1.854175176069184772e+03 -4.185092080188005781e+01 3.906303427391695493e+01
1.852778896776581860e+03 -4.358939190087357929e+01 3.915643342355523515e+01
1.851579232971207375e+03 -4.532929362218147418e+01 3.924428259839402955e+01
1.850577889007871363e+03 -4.706994765590033580e+01 3.932659222296003776e+01
1.849771195472159889e+03 -4.881073393721968756e+01 3.940328700921585892e+01
1.849158690536986796e+03 -5.055098776934259064e+01 3.947433669902806486e+01
1.848739918043389935e+03 -5.229002278143652660e+01 3.953977624621240494e+01
1.848516171653935316e+03 -5.402724447722427215e+01 3.959955991464006075e+01
1.848490532902994119e+03 -5.576190769709155859e+01 3.965365516734297557e+01
1.848657292147409407e+03 -5.749337401939232706e+01 3.970207792759929077e+01
1.849015512864544689e+03 -5.922103802604764411e+01 3.974483394854095764e+01
1.849558847844818501e+03 -6.094407001275651936e+01 3.978181697307778109e+01
1.850308981499481661e+03 -6.266164517352707719e+01 3.981277008365884029e+01
1.851252223774605454e+03 -6.437317299492599432e+01 3.983790624171326300e+01
1.852379475719497577e+03 -6.607785970836187062e+01 3.985719028150247567e+01
1.853690007062379664e+03 -6.777510888592219374e+01 3.987068957356331822e+01
1.855188866413809137e+03 -6.946417392059622387e+01 3.987831762503400768e+01
1.856876810437876202e+03 -7.114448777657761980e+01 3.988011673610817098e+01
1.858744205873164674e+03 -7.281543733930054429e+01 3.987616363520639595e+01
1.860790917440344401e+03 -7.447616804834069626e+01 3.986645076290255219e+01
1.863018958493972377e+03 -7.612637164758258734e+01 3.985104467172718756e+01
1.865427954472607098e+03 -7.776574124643599362e+01 3.982994834945366591e+01
1.868017535797290748e+03 -7.939333667725928478e+01 3.980317105593134386e+01
1.870784784688405125e+03 -8.100815123310505328e+01 3.977082519984625719e+01
1.873725293520719333e+03 -8.260975572635568653e+01 3.973292252957989490e+01
1.876838707267143263e+03 -8.419795333073440702e+01 3.968940499127395327e+01
1.880124675626599810e+03 -8.577210119780478692e+01 3.964033511675530974e+01
1.883581954695910554e+03 -8.733146676267028852e+01 3.958573552661410133e+01
1.887204985361108811e+03 -8.887488556886275148e+01 3.952567189673108317e+01
1.890999334994843139e+03 -9.040231959300976428e+01 3.946009570556993395e+01
1.894952624416062690e+03 -9.191168471870393830e+01 3.938866342390145547e+01
1.899078557184376677e+03 -9.340355560818518654e+01 3.931181947582712866e+01
1.903356264900297674e+03 -9.487681275705304529e+01 3.922950970617226574e+01
1.907796089103943359e+03 -9.633136382744184800e+01 3.914179846276463337e+01
1.912388367478473356e+03 -9.776664196262296969e+01 3.904876022935570035e+01
1.917130449650628179e+03 -9.918200460147940589e+01 3.895041916946082949e+01
1.922017426965869390e+03 -1.005768091162583175e+02 3.884678759190715880e+01
1.927051190149938975e+03 -1.019508317437704363e+02 3.873796144300760602e+01
1.932233853907599041e+03 -1.033029156467492840e+02 3.862396319586375881e+01
1.937555039631016143e+03 -1.046325252710602314e+02 3.850484368936712798e+01
1.943013587938926094e+03 -1.059393704578850617e+02 3.838067939397788564e+01
1.948612568910194341e+03 -1.072226961644497578e+02 3.825153254109788747e+01
1.954339504562921775e+03 -1.084824776755211388e+02 3.811745341909311691e+01
1.960195827374776400e+03 -1.097181779015604661e+02 3.797843194364629227e+01
1.966183549237767465e+03 -1.109284487341601277e+02 3.783466244100779363e+01
1.972291667399517792e+03 -1.121137864696217150e+02 3.768611377382077876e+01
1.978520240093739858e+03 -1.132735948387516913e+02 3.753286124047787098e+01
1.984874841620049892e+03 -1.144067156635374261e+02 3.737497945750874351e+01
1.991341208670780134e+03 -1.155119166973810536e+02 3.721221416128178561e+01
1.997920657671639447e+03 -1.165897129003109569e+02 3.704493997155862672e+01
2.004611908369359980e+03 -1.176403659814149307e+02 3.687320740660060636e+01
2.011402924092531066e+03 -1.186633608482270859e+02 3.669702910173214860e+01
2.018291774607108891e+03 -1.196576046912710183e+02 3.651647165588673261e+01
2.025278084450945016e+03 -1.206229265100383401e+02 3.633160926009952618e+01
2.032356898135607935e+03 -1.215589341740755032e+02 3.614256179507253108e+01
2.039525833537302333e+03 -1.224659091010077105e+02 3.594938158714101206e+01
2.046780772123535826e+03 -1.233434083028026294e+02 3.575219320227203212e+01
2.054118513905651071e+03 -1.241909281049343008e+02 3.555109363653152599e+01
2.061538707266551683e+03 -1.250085330820155178e+02 3.534618231944379119e+01
2.069038489164882321e+03 -1.257960357039067532e+02 3.513760591901157682e+01
2.076613432828781697e+03 -1.265528808401542875e+02 3.492543752749838148e+01
2.084261512178028170e+03 -1.272788506023906763e+02 3.470975008218313462e+01
2.091977482517878798e+03 -1.279742437342804777e+02 3.449062911681667742e+01
2.099761016001172266e+03 -1.286381432006483010e+02 3.426819190572875584e+01
2.107610446488438356e+03 -1.292710500990313562e+02 3.404246248312993828e+01
2.115507063484062201e+03 -1.298711860967425764e+02 3.381363556063099196e+01
2.123467484656689976e+03 -1.304382159003743880e+02 3.358144689739356892e+01
2.131481307376960558e+03 -1.309730919082113303e+02 3.334629589644760017e+01
2.139535478783595863e+03 -1.314747850679699752e+02 3.310821021129837050e+01
2.147634746068489221e+03 -1.319438585818436991e+02 3.286737392140953062e+01
2.155774212514807914e+03 -1.323793708142382286e+02 3.262376660364108716e+01
2.163942418578080833e+03 -1.327821334339780037e+02 3.237758495197111586e+01
2.172144966827129792e+03 -1.331516137862792846e+02 3.212894888704894214e+01
2.180373184368162583e+03 -1.334874606874477934e+02 3.187788803438143148e+01
2.188623184614118145e+03 -1.337897291753542675e+02 3.162452369957175335e+01
2.196894227605685046e+03 -1.340581410557317668e+02 3.136898399552856986e+01
2.205179852858554113e+03 -1.342921312037468908e+02 3.111136877193225558e+01
2.213473603294376971e+03 -1.344918830822695384e+02 3.085181050053515150e+01
2.221771109137935582e+03 -1.346580610265788778e+02 3.059042067906401030e+01
2.230072106888282633e+03 -1.347900976569501097e+02 3.032728634522748834e+01
2.238373822743249548e+03 -1.348875504802710736e+02 3.006253957588523207e+01
2.246665310319977834e+03 -1.349504692753685902e+02 2.979631232028805243e+01
2.254945885260109662e+03 -1.349789459422572406e+02 2.952873211020495248e+01
2.263209123125359838e+03 -1.349736427256429465e+02 2.925986892886635360e+01
2.271454375257735137e+03 -1.349312191317553413e+02 2.898975480026111029e+01
2.279675159639422873e+03 -1.348543735297507169e+02 2.871856694295475165e+01
2.287871260843262462e+03 -1.347432305888010262e+02 2.844644103855499040e+01
2.296036645223191954e+03 -1.345978351301148734e+02 2.817350831794108856e+01
2.304164882491003027e+03 -1.344176935835853328e+02 2.789984614797175055e+01
2.312249543765450653e+03 -1.342027264700749072e+02 2.762557328332138695e+01
2.320293297121732394e+03 -1.339538855645386377e+02 2.735077515062758025e+01
2.328293822115101648e+03 -1.336707959616885262e+02 2.707556202133440948e+01
2.336244693066284071e+03 -1.333533767598607369e+02 2.680010180162922495e+01
2.344139485032755147e+03 -1.330019555087051799e+02 2.652452083352650192e+01
2.351980514266996124e+03 -1.326165792933981606e+02 2.624894356351138924e+01
2.359770309118911882e+03 -1.321978241439649935e+02 2.597347764528177549e+01
2.367500759317316806e+03 -1.317461890043425967e+02 2.569819997889095831e+01
2.375170346082566084e+03 -1.312610187917897804e+02 2.542330268758686529e+01
2.382774253455012968e+03 -1.307428942582600371e+02 2.514885413412476822e+01
2.390311789912388576e+03 -1.301919002954304290e+02 2.487496384821311679e+01
2.397777311642791119e+03 -1.296081619075863216e+02 2.460169176381011269e+01
2.405170924225859835e+03 -1.289923665513669562e+02 2.432915559614898982e+01
2.412475065991306110e+03 -1.283411957389438385e+02 2.405742335284999456e+01
2.419694386262239277e+03 -1.276581448831373251e+02 2.378667850536468364e+01
2.426829015401245670e+03 -1.269426761749550252e+02 2.351697667052823704e+01
2.433867541850355337e+03 -1.261948269814689496e+02 2.324831564189387123e+01
2.440813790259203415e+03 -1.254146753441927302e+02 2.298090326440591014e+01
2.447654302941215064e+03 -1.246032869315857852e+02 2.271488168460640011e+01
2.454393291752238838e+03 -1.237610693500865580e+02 2.245032282513286148e+01
2.461026793626790550e+03 -1.228880976414127417e+02 2.218732314325758637e+01
2.467546260148044894e+03 -1.219844458419617439e+02 2.192603679073762635e+01
2.473952203353950608e+03 -1.210508446355768086e+02 2.166657696930905530e+01
2.480242308093049814e+03 -1.200880285735021005e+02 2.140902761433222778e+01
2.486409241503840803e+03 -1.190960686664247277e+02 2.115350575831847380e+01
2.492455169088195362e+03 -1.180754443427107532e+02 2.090012840816150685e+01
2.498383128006003062e+03 -1.170269720072873412e+02 2.064899621464727275e+01
2.504188265943525039e+03 -1.159504668339485391e+02 2.040017646983914901e+01
2.509870696421015055e+03 -1.148469914356661974e+02 2.015377806655232007e+01
2.515430138949582215e+03 -1.137161499725492888e+02 1.990986392104424141e+01
2.520860109435349386e+03 -1.125597821839661634e+02 1.966862033741893256e+01
2.526161033534319358e+03 -1.113757321047989279e+02 1.943015918561867750e+01
2.531326527602083843e+03 -1.101663682780230147e+02 1.919447971199761582e+01
2.536362819067523560e+03 -1.089311382238067267e+02 1.896169885639245223e+01
2.541258941386917741e+03 -1.076712098126175476e+02 1.873187604679391072e+01
2.546013297376203354e+03 -1.063862789518994418e+02 1.850506637284340172e+01
2.550616136135603028e+03 -1.050762783803813818e+02 1.828137418766985434e+01
2.555068712408000010e+03 -1.037421683046993621e+02 1.806087138109688084e+01
2.559369113058746279e+03 -1.023836043145353045e+02 1.784365407739003828e+01
2.563507559235900317e+03 -1.010012468104015113e+02 1.762983932907851070e+01
2.567484845381120977e+03 -9.959569914805663871e+01 1.741951152291347782e+01
2.571302008710756127e+03 -9.816782482798771525e+01 1.721278303018986122e+01
2.574954086761767485e+03 -9.671893076164155900e+01 1.700980846057327511e+01
2.578443291632834189e+03 -9.524905912180646794e+01 1.681070501963051811e+01
2.581765130737604977e+03 -9.375933721601651882e+01 1.661557381113363263e+01
2.584918479781519181e+03 -9.225055433664014970e+01 1.642449429354561374e+01
2.587898800849157396e+03 -9.072376119764193447e+01 1.623762207346895181e+01
2.590711978644151714e+03 -8.917849986856836608e+01 1.605495456552600331e+01
2.593357124654533891e+03 -8.761594390856781445e+01 1.587657090465353704e+01
2.595819314093745561e+03 -8.603513827812871284e+01 1.570272834875548185e+01
2.598114516185343746e+03 -8.443790661746250237e+01 1.553326581963376718e+01
2.600236682304340320e+03 -8.282368333577137776e+01 1.536823914185654871e+01
2.602185414330694584e+03 -8.119418748119437623e+01 1.520764688214368476e+01
2.603966084143676198e+03 -7.954919073609228519e+01 1.505148315365336664e+01
2.605570208653296504e+03 -7.788909829255867123e+01 1.489993840402414271e+01
2.606999004420777965e+03 -7.621501503140970613e+01 1.475302730489072545e+01
2.608246807526830253e+03 -7.452697104063506117e+01 1.461087390193031332e+01
2.609305358763288496e+03 -7.282582417716713508e+01 1.447355867523842221e+01
2.610172168309899007e+03 -7.111181470845100705e+01 1.434112634740468195e+01
2.610847677951723654e+03 -6.938541682493280405e+01 1.421368046225200921e+01
2.611329901158589109e+03 -6.764790174942085343e+01 1.409130043198568316e+01
2.611615093865428207e+03 -6.589906039955211270e+01 1.397402814747316135e+01
2.611703684367114874e+03 -6.413970997156437193e+01 1.386190561447370051e+01
2.611598461832918474e+03 -6.237106409471298463e+01 1.375495130090001794e+01
2.611309912073239957e+03 -6.059371592076179525e+01 1.365310678136741451e+01
2.610832972333858379e+03 -5.880847111981405817e+01 1.355646919145313944e+01
2.610172722011704082e+03 -5.701599358933395933e+01 1.346506348417860011e+01
2.609328500006026388e+03 -5.521666423740639118e+01 1.337909618887261409e+01
2.608309944431236545e+03 -5.341177585725372978e+01 1.329840895722261074e+01
2.607111318967509760e+03 -5.160176691474049449e+01 1.322298398892587379e+01
2.605732538609396670e+03 -4.978684378531078636e+01 1.315285961070960496e+01
2.604168683272437647e+03 -4.796735245796980962e+01 1.308802599975157221e+01
2.602413941392367178e+03 -4.614366496289859043e+01 1.302861125648155216e+01
2.600462495584351018e+03 -4.431610807682286435e+01 1.297460365406935878e+01
2.598312582899822701e+03 -4.248495034686423111e+01 1.292604490303612863e+01
2.595960914669341946e+03 -4.065054797418554955e+01 1.288296774467322336e+01
2.593408121419950021e+03 -3.881355922454525853e+01 1.284538659738752209e+01
2.590660736180566801e+03 -3.697490511075653785e+01 1.281331739317946727e+01
2.587722880332938985e+03 -3.513557358691647892e+01 1.278676660419889366e+01
2.584596879113287287e+03 -3.329655220747469002e+01 1.276573885228740401e+01
2.581287668883959668e+03 -3.145879658534782664e+01 1.275018658263903859e+01
2.577797899303950089e+03 -2.962320472075565903e+01 1.274014295305319955e+01
2.574138758159263489e+03 -2.779080243958455654e+01 1.273559857494142911e+01
2.570310553782840088e+03 -2.596242182571445056e+01 1.273659186484951356e+01
2.566311592009861215e+03 -2.413838733107567336e+01 1.274310890596780155e+01
2.562128466514811862e+03 -2.231923225467918925e+01 1.275542385876738827e+01
2.557764039761103504e+03 -2.050505670517538803e+01 1.277329603160526084e+01
2.553224628461737211e+03 -1.869616362491461103e+01 1.279671021052982738e+01
2.548499606399486765e+03 -1.689291424004661479e+01 1.282565060288871095e+01
2.543582152642064557e+03 -1.509551599273740408e+01 1.286015443720513396e+01
2.538476082826895436e+03 -1.330439248699537202e+01 1.290021948377231453e+01
2.533187842204039953e+03 -1.152012217757987322e+01 1.294583052840253146e+01
2.527711744204858405e+03 -9.743520110195566630e+00 1.299693213436422923e+01
2.522057429177940776e+03 -7.975399637359299021e+00 1.305348389121410335e+01
2.516233813355062011e+03 -6.216593680613471840e+00 1.311543903371640596e+01
2.510240544675018555e+03 -4.467940249325657476e+00 1.318274927737880731e+01
2.504081651009598772e+03 -2.730223448570038514e+00 1.325537653409156214e+01
2.497763274135585561e+03 -1.004283623907265222e+00 1.333324491729951689e+01
2.491294833962781468e+03 7.091746034245017816e-01 1.341630993723090093e+01
2.484663708554515779e+03 2.409693315859870566e+00 1.350460840256157802e+01
2.477879548054898351e+03 4.096703340716507213e+00 1.359813423722291859e+01
2.470931132331911158e+03 5.769814869226186360e+00 1.369692975300605475e+01
2.463822556399474252e+03 7.428352811942390943e+00 1.380100008737695916e+01
2.456541507316566367e+03 9.071413783256108587e+00 1.391059142579063312e+01
2.449089942311460618e+03 1.069907872966046547e+01 1.402541730867298497e+01
2.441480142353268548e+03 1.231090363520520370e+01 1.414552609762972324e+01
2.433707694723390887e+03 1.390652071109727750e+01 1.427073937274722937e+01
2.425777198992674130e+03 1.548558085598023482e+01 1.440101630059487725e+01
2.417690244051167610e+03 1.704773550134180837e+01 1.453624692076243541e+01
2.409460388791909736e+03 1.859263585216367076e+01 1.467633912764206272e+01
2.401086320182851068e+03 2.011995298290409551e+01 1.482121852700442410e+01
2.392573949936779627e+03 2.162934685985098682e+01 1.497073874077397093e+01
2.383932484363453113e+03 2.312042973442392224e+01 1.512482989164159619e+01
2.375162151349822125e+03 2.459270016630447131e+01 1.528345849180428750e+01
2.366263174044808693e+03 2.604555423600218944e+01 1.544656017319358199e+01
2.357237725792399488e+03 2.747836812294330144e+01 1.561414623846692606e+01
2.348089125329140643e+03 2.889047531015771142e+01 1.578614355221255749e+01
2.338814777072143897e+03 3.028122016169623265e+01 1.596251301073135842e+01
2.329425118993508931e+03 3.164998295054766331e+01 1.614333896109533129e+01
2.319914464200591283e+03 3.299604604719488776e+01 1.632849301861497793e+01
2.310280734929133359e+03 3.431854715746434437e+01 1.651805000966179549e+01
2.300534197649474663e+03 3.561660938362129514e+01 1.671207045491830101e+01
2.290667465571533739e+03 3.689129610713453644e+01 1.691025743388944136e+01
2.280686567753161398e+03 3.814237642227797664e+01 1.711247851550046306e+01
2.270597870052806684e+03 3.936989619709219568e+01 1.731865693171002718e+01
2.260397241899678193e+03 4.057371727218391300e+01 1.752877384991172605e+01
2.250088331147848749e+03 4.175380824420352610e+01 1.774267507560337620e+01
2.239677491154054678e+03 4.291008938972392173e+01 1.796025434128177878e+01
2.229163061227484832e+03 4.404224475631737334e+01 1.818140089644645840e+01
2.218549785945634540e+03 4.514992047680470222e+01 1.840605418826158868e+01
2.207843838607103862e+03 4.623271862977883728e+01 1.863414222490643013e+01
2.197048133052355752e+03 4.729023325456265781e+01 1.886553301280856587e+01
2.186166652419425191e+03 4.832206640358994321e+01 1.910009474814038555e+01
2.175205348123968179e+03 4.932776276649710923e+01 1.933771517924343541e+01
2.164175306552720485e+03 5.030701794618043721e+01 1.957832474850772897e+01
2.153068723735479580e+03 5.125937349983948366e+01 1.982184299251339965e+01
2.141896018931545314e+03 5.218451562580677461e+01 2.006814580073506704e+01
2.130651976610266956e+03 5.308207764950341101e+01 2.031716697784332837e+01
2.119347905261589403e+03 5.395119487829213512e+01 2.056896959450360640e+01
2.107975398166163814e+03 5.479075855705702480e+01 2.082341959441989587e+01
2.096537950296781673e+03 5.560169752164068058e+01 2.108043426595855152e+01
2.085041729267879418e+03 5.638358113221104162e+01 2.133988738873045676e+01
2.073487389994023488e+03 5.713614317594930014e+01 2.160164894724045226e+01
2.061875038141724417e+03 5.785928977979854437e+01 2.186569364568138951e+01
2.050214403937402494e+03 5.855300311643632227e+01 2.213191926446595303e+01
2.038500359936051609e+03 5.921736620068602264e+01 2.240015227772372342e+01
2.026740560206166947e+03 5.985233741620062631e+01 2.267032104435972428e+01
2.014939367907610404e+03 6.045792910752019367e+01 2.294234864389205342e+01
2.003097003764449255e+03 6.103416248431373248e+01 2.321610602116653510e+01
1.991216996395247406e+03 6.158102186912550025e+01 2.349149172549885378e+01
1.979304093100702403e+03 6.209851282259922556e+01 2.376836892173675508e+01
1.967363077624147763e+03 6.258654363718090252e+01 2.404658115176061983e+01
1.955389175344671230e+03 6.304502405013663235e+01 2.432611034867809252e+01
1.943396661699327069e+03 6.347397056843109908e+01 2.460673715260030292e+01
1.931380776664157793e+03 6.387325255261451673e+01 2.488838847083621886e+01
1.919347738263748397e+03 6.424280294653853218e+01 2.517093571290090281e+01
1.907303149023648757e+03 6.458194919628307673e+01 2.545423122001258420e+01
1.895246383394362056e+03 6.489005631278561737e+01 2.573831056541320805e+01
1.883178316477964017e+03 6.516835807572527983e+01 2.602286127280769179e+01
1.871110842283130978e+03 6.541687682915429036e+01 2.630788612409492089e+01
1.859044908431695831e+03 6.563552138044360618e+01 2.659328158132159814e+01
1.846980332348921138e+03 6.582434443961160753e+01 2.687893293185478427e+01
1.834921725490295785e+03 6.598333105080688199e+01 2.716472557063870497e+01
1.822870707921971189e+03 6.611243731912085764e+01 2.745063263205600279e+01
1.810835029230666578e+03 6.621165791788334332e+01 2.773650473618348045e+01
1.798816213160698226e+03 6.628107967920460908e+01 2.802221046409473715e+01
1.786814165279453391e+03 6.632080955902503661e+01 2.830772888097899198e+01
1.774832156585662688e+03 6.633095018377008500e+01 2.859298779742485408e+01
1.762872310405655071e+03 6.631163764349405199e+01 2.887783443165338326e+01
1.750940623579805788e+03 6.626300688367284408e+01 2.916217381643770423e+01
1.739041606814328588e+03 6.618519170029890120e+01 2.944595393677990458e+01
1.727175069218952785e+03 6.607831401457553966e+01 2.972910140669833723e+01
1.715340819865071808e+03 6.594245660639809614e+01 3.001145377183281937e+01
1.703539157271784916e+03 6.577781167136021168e+01 3.029295921651302947e+01
1.691783448590523221e+03 6.558379265232709088e+01 3.057355922088810019e+01
1.680067036196949402e+03 6.536011626433324295e+01 3.085298785900225838e+01
1.668388751778355982e+03 6.510823511326032076e+01 3.113127247283868826e+01
1.656760442735884226e+03 6.482821974620982530e+01 3.140824277574994738e+01
1.645183086448101676e+03 6.452024486885832744e+01 3.168383553793626817e+01
1.633651304998581963e+03 6.418449567298017655e+01 3.195789540360249603e+01
1.622173056231324608e+03 6.382129949333796759e+01 3.223034265768675510e+01
1.610756166420450199e+03 6.343093753636964038e+01 3.250112581293198843e+01
1.599394790466071527e+03 6.301373235806380535e+01 3.277015390528796246e+01
1.588094051513099203e+03 6.257001474464346558e+01 3.303727825010472685e+01
1.576859842094295118e+03 6.210015025357373020e+01 3.330241732500773111e+01
1.565691213386593063e+03 6.160448333221413009e+01 3.356550030815409258e+01
1.554594175908327998e+03 6.108329880971155745e+01 3.382642085841970925e+01
1.543572861115101887e+03 6.053693940649974792e+01 3.408513297050104285e+01
1.532627096426482012e+03 5.996568896639129775e+01 3.434147611733650507e+01
1.521756711495641866e+03 5.936979353531696546e+01 3.459534749119845287e+01
1.510962818179165197e+03 5.874954296657067232e+01 3.484668920004794046e+01
1.500256946714422156e+03 5.810517504285614621e+01 3.509539011526758401e+01
1.489634621846152413e+03 5.743629755089966693e+01 3.534133493928442249e+01
1.479102936361155571e+03 5.674293601355113026e+01 3.558424809426261959e+01
1.468659018111563455e+03 5.602636481906050392e+01 3.582422352604376670e+01
1.458302712424672109e+03 5.528687656611391077e+01 3.606109144231323427e+01
1.448039453604089204e+03 5.452487261995022294e+01 3.629484395509746264e+01
1.437870107918187387e+03 5.374066185538680429e+01 3.652538771041762544e+01
1.427799288457161538e+03 5.293462696280750635e+01 3.675260899480189636e+01
1.417824350423791202e+03 5.210713470965087879e+01 3.697635057989359098e+01
1.407950761164567439e+03 5.125849309315326963e+01 3.719659398953864127e+01
1.398180207222988429e+03 5.038905687600251326e+01 3.741327021550490173e+01
1.388512576833618141e+03 4.949923320542924898e+01 3.762623441575083660e+01
1.378951238715084855e+03 4.858945513113062020e+01 3.783542629803726953e+01
1.369498344369061897e+03 4.766014416361475980e+01 3.804080989708016602e+01
1.360156184221030799e+03 4.671167594596444417e+01 3.824229187037359168e+01
1.350922548070192306e+03 4.574449593363100064e+01 3.843980228234771346e+01
1.341806288502026973e+03 4.475903435676142550e+01 3.863322004388960806e+01
1.332801427425115889e+03 4.375566278231672612e+01 3.882261139400134908e+01
1.323907972021857177e+03 4.273470451721313879e+01 3.900787548617473277e+01
1.315142011393013718e+03 4.169610124757203096e+01 3.918878366897741472e+01
1.306496369413822094e+03 4.064012354344500011e+01 3.936522133645748767e+01
1.297967118154132095e+03 3.956792174994930633e+01 3.953733983415351361e+01
1.289559847204928474e+03 3.847981354401742493e+01 3.970504193792012870e+01
1.281269221310607463e+03 3.737627661647496780e+01 3.986828184558196142e+01
1.273104131820186922e+03 3.625770335301543668e+01 4.002696827434851201e+01
1.265062354225667150e+03 3.512451207202642678e+01 4.018104686635913936e+01
1.257145980120940521e+03 3.397713477832844831e+01 4.033047758791828841e+01
1.249353001811802415e+03 3.281612009082493842e+01 4.047525938196880446e+01
1.241683865207318377e+03 3.164204912346795240e+01 4.061534380220326312e+01
1.234144397307642748e+03 3.045544452254058143e+01 4.075072103877214857e+01
1.226735086669075827e+03 2.925679720003341799e+01 4.088136731489250764e+01
1.219453911073566587e+03 2.804664252800106894e+01 4.100720837788224316e+01
1.212304867660322770e+03 2.682557534451632009e+01 4.112829009732023877e+01
1.205287615373897552e+03 2.559410348234212407e+01 4.124455700518419832e+01
1.198401818072646165e+03 2.435261176258998006e+01 4.135593639249109543e+01
1.191647144576035771e+03 2.310158779115280936e+01 4.146248636535085552e+01
1.185023458021964871e+03 2.184151856749607745e+01 4.156404715980138320e+01
1.178541561309870985e+03 2.057250229092894855e+01 4.166046597617371816e+01
1.172193611306250205e+03 1.929506865452784581e+01 4.175172173138788878e+01
1.165981887430893266e+03 1.801004749669542448e+01 4.183791793290425431e+01
1.159906308379286202e+03 1.671786395010953186e+01 4.191895249693425285e+01
1.153961024562812099e+03 1.541905137331874798e+01 4.199494286357010253e+01
1.148149824328589148e+03 1.411415539411601827e+01 4.206577502865456353e+01
1.142473883284628755e+03 1.280362673304327892e+01 4.213142384569020749e+01
1.136937224809894133e+03 1.148797250529725389e+01 4.219195100966741308e+01
1.131534074118389753e+03 1.016777591915982626e+01 4.224728103089394438e+01
1.126262224601777461e+03 8.843503475938602421e+00 4.229742051965246930e+01
1.121127595089709075e+03 7.515666357444584555e+00 4.234235786621920994e+01
1.116130803624641203e+03 6.184798733646375446e+00 4.238205788435755750e+01
1.111267644975740723e+03 4.851333855857393296e+00 4.241659469384673997e+01
1.106539692937478776e+03 3.515806004221451175e+00 4.244590550514231353e+01
1.101950064379046808e+03 2.178676286465141665e+00 4.246995429283406054e+01
1.097493329570580499e+03 8.404256171400023012e-01 4.248888367352873274e+01
1.093169253308709813e+03 -4.984601716468225474e-01 4.250255393183380903e+01
1.088977776858805100e+03 -1.837496027673025001e+00 4.251109842415884543e+01
1.084930449096885468e+03 -3.176301311214350331e+00 4.251419591370448359e+01
1.081018696024974588e+03 -4.514357932384322147e+00 4.251192430480625717e+01
1.077238716962269336e+03 -5.851159072414178652e+00 4.250444629243141037e+01
1.073596249281413066e+03 -7.186280799964147370e+00 4.249177740044518004e+01
1.070086217584841279e+03 -8.519294736347404751e+00 4.247382230496448585e+01
1.066707355974601342e+03 -9.849772031372168613e+00 4.245067699223397995e+01
1.063459474522119535e+03 -1.117724630596264923e+01 4.242224486043573961e+01
1.060342388995750753e+03 -1.250133375285599335e+01 4.238852645013204778e+01
1.057359796668578610e+03 -1.382152958177490731e+01 4.234959796955210720e+01
1.054507314285505799e+03 -1.513731163018431936e+01 4.230543174392257555e+01
1.051784537064307642e+03 -1.644819302174062869e+01 4.225604092294414471e+01
1.049193071199611268e+03 -1.775371356222407826e+01 4.220151149381239009e+01
1.046726981275798380e+03 -1.905345296348424711e+01 4.214185814818889497e+01
1.044390429060408451e+03 -2.034690802974245472e+01 4.207707725966346857e+01
1.042183202010694913e+03 -2.163364914044382914e+01 4.200714902654710414e+01
1.040104113396698722e+03 -2.291317902915846005e+01 4.193214927355880661e+01
1.038147906954968903e+03 -2.418491312868205867e+01 4.185214225528896748e+01
1.036320117009091518e+03 -2.544843229619178260e+01 4.176708108000096331e+01
1.034612621234040489e+03 -2.670291429727992139e+01 4.167675161877902923e+01
1.033036672628297083e+03 -2.794786901102318311e+01 4.158126157390141486e+01
1.031576212424319692e+03 -2.918290532895349187e+01 4.148075624644457093e+01
1.030236470396659570e+03 -3.040754178755976156e+01 4.137524809530418679e+01
1.029006929104445135e+03 -3.162129925498698668e+01 4.126474932947538576e+01
1.027895445431133339e+03 -3.282385124840371304e+01 4.114937387778356737e+01
1.026895497459011267e+03 -3.401499731260793169e+01 4.102925719378981739e+01
1.026007372052504707e+03 -3.519460939799463972e+01 4.090453448139536619e+01
1.025233252480965348e+03 -3.636246251799705220e+01 4.077534069512616099e+01
1.024566110124686020e+03 -3.751833026124153747e+01 4.064184497694644449e+01
1.024005554150106491e+03 -3.866201036297420046e+01 4.050415275813932681e+01
1.023553363144405012e+03 -3.979332086080646746e+01 4.036235299013941358e+01
1.023201441830412136e+03 -4.091208466439670843e+01 4.021655340677153134e+01
1.022953246989874401e+03 -4.201796887033665229e+01 4.006671999517684668e+01
1.022814161803344405e+03 -4.311059334048696456e+01 3.991283497957007143e+01
1.022770320600779655e+03 -4.418971214515560320e+01 3.975481293844921282e+01
1.022832896459190692e+03 -4.525502653198009995e+01 3.959270307585633475e+01
1.023001520244075550e+03 -4.630623582257617699e+01 3.942633279038204819e+01
1.023267637651971768e+03 -4.734238510782188314e+01 3.925549262582991616e+01
1.023635558805037022e+03 -4.836343985540585066e+01 3.908037217771487093e+01
1.024102919262731575e+03 -4.936912059154656873e+01 3.890101965714945464e+01
1.024663728821574978e+03 -5.035893700123128269e+01 3.871773568356161377e+01
1.025317215696405128e+03 -5.133240087428112730e+01 3.853056274094760880e+01
1.026053145855213415e+03 -5.228892168694360976e+01 3.833966080910623475e+01
1.026877740464479302e+03 -5.322802602893179369e+01 3.814517619046573316e+01
1.027782045388601546e+03 -5.414915778651841549e+01 3.794728227727630809e+01
1.028766632071526146e+03 -5.505181720414569924e+01 3.774609480479878698e+01
1.029830116788828946e+03 -5.593588245366392897e+01 3.754168231941905987e+01
1.030966094584244047e+03 -5.680141925276971904e+01 3.733411314753810473e+01
1.032179711339951609e+03 -5.764848093525294104e+01 3.712345539826124252e+01
1.033472375294796393e+03 -5.847719178245205995e+01 3.690975512564519079e+01
1.034834334243495960e+03 -5.928769292122491663e+01 3.669305354743861614e+01
1.036272497353246536e+03 -6.008012807425522084e+01 3.647345287761576316e+01
1.037778226588508460e+03 -6.085451401575219421e+01 3.625096794226399766e+01
1.039361747597372187e+03 -6.161092387250393898e+01 3.602566580821862630e+01
1.041011003745683865e+03 -6.234891947687786740e+01 3.579761565343099505e+01
1.042736331667142167e+03 -6.306710935641398663e+01 3.556685580649955369e+01
1.044521900721512793e+03 -6.376554215099461231e+01 3.533355670536425919e+01
1.046360118128079648e+03 -6.444404992929366927e+01 3.509791003902307693e+01
1.048262446939537540e+03 -6.510218888606370058e+01 3.486004378748739185e+01
1.050219346402782094e+03 -6.573951721428791473e+01 3.462008575004075794e+01
1.052223519364709546e+03 -6.635554726850166674e+01 3.437806034067325101e+01
1.054278200924251678e+03 -6.695017406119822567e+01 3.413410081659658601e+01
1.056381266055671176e+03 -6.752342050826869979e+01 3.388817276184786920e+01
1.058526685922634897e+03 -6.807519388494384316e+01 3.364029676085687015e+01
1.060718654095441480e+03 -6.860573823482486944e+01 3.339051977365766533e+01
1.062957735575501374e+03 -6.911509146844196039e+01 3.313880306430183253e+01
1.065236879210569896e+03 -6.960323134963010716e+01 3.288517897570188353e+01
1.067556251531441148e+03 -7.007042303886908030e+01 3.262971573940292558e+01
1.069916020840272722e+03 -7.051630149157165306e+01 3.237236795794234467e+01
1.072315018924632341e+03 -7.094081029870359600e+01 3.211332524359252716e+01
1.074748154563578510e+03 -7.134368440194889160e+01 3.185280707589354776e+01
1.077215089980813673e+03 -7.172608324713812067e+01 3.159093265792561311e+01
1.079709909336034798e+03 -7.208746224288334759e+01 3.132787589206402856e+01
1.082234688196034995e+03 -7.242613569701512688e+01 3.106359375804541401e+01
1.084788285560203803e+03 -7.274294419064032979e+01 3.079847922888530931e+01
1.087370296905842906e+03 -7.303829818117986861e+01 3.053267310409571067e+01
1.089969159818688468e+03 -7.331285439844344864e+01 3.026623019965980532e+01
1.092589049905668617e+03 -7.356620874421481915e+01 2.999920206465791850e+01
1.095226248377821321e+03 -7.379780991389760914e+01 2.973169058413577659e+01
1.097879378317791179e+03 -7.400849429285236170e+01 2.946376269948708781e+01
1.100544405431630139e+03 -7.419787818483733588e+01 2.919546968873914849e+01
1.103222928334487051e+03 -7.436554854577532581e+01 2.892690076949972067e+01
1.105914539850012716e+03 -7.451224588682765670e+01 2.865813505342604728e+01
1.108616209740701606e+03 -7.463778207107134222e+01 2.838925333827739905e+01
1.111325559687915302e+03 -7.474189800445775234e+01 2.812031726582149460e+01
1.114038732204563985e+03 -7.482543567795603678e+01 2.785138030505198259e+01
1.116754176373379778e+03 -7.488756258093413010e+01 2.758258240315902654e+01
1.119468526796970082e+03 -7.492859974629156739e+01 2.731397438181941695e+01
1.122185434758974907e+03 -7.494947813970378547e+01 2.704561607802728673e+01
1.124894676810132978e+03 -7.494916277770488477e+01 2.677762010106513912e+01
1.127608415742429997e+03 -7.492831813028422516e+01 2.651009823968884049e+01
1.130306930219335072e+03 -7.488582372941498022e+01 2.624309446458090989e+01
1.133004015960590323e+03 -7.482262869875769695e+01 2.597673883845893172e+01
1.135687242179964414e+03 -7.473905823678329341e+01 2.571108356267366091e+01
1.138361969341378199e+03 -7.463574651555538253e+01 2.544629629459062414e+01
1.141018247186189228e+03 -7.451227238152462462e+01 2.518244261724778355e+01
1.143658951980656639e+03 -7.436906869139329501e+01 2.491962338000671906e+01
1.146281224578266801e+03 -7.420633855631663778e+01 2.465795105891899652e+01
1.148887446631209514e+03 -7.402370658158015715e+01 2.439749616390150067e+01
1.151472627796355255e+03 -7.382173228557303446e+01 2.413830931673601654e+01
1.154034674803563803e+03 -7.360102117284395717e+01 2.388050855240792458e+01
1.156571076695192687e+03 -7.336131851176702412e+01 2.362420915293509793e+01
1.159079797266984315e+03 -7.310280803983482656e+01 2.336946180515674598e+01
1.161564863082755892e+03 -7.282591431922917025e+01 2.311635980167947224e+01
1.164017494818605201e+03 -7.253012336330020560e+01 2.286502619285598925e+01
1.166437855738510962e+03 -7.221644869328537197e+01 2.261547592952044639e+01
1.168826107134608264e+03 -7.188492551749317272e+01 2.236782172833646243e+01
1.171181934378611913e+03 -7.153563531089400840e+01 2.212217161945141797e+01
1.173499367450113368e+03 -7.116921173100271858e+01 2.187857655635997034e+01
1.175776793283542247e+03 -7.078321170747842928e+01 2.163717594739090089e+01
1.178015867229717287e+03 -7.038062971399315870e+01 2.139795294179298679e+01
1.180210971422878174e+03 -6.996103639144594410e+01 2.116105796675581985e+01
1.182362114288446264e+03 -6.952440731274333530e+01 2.092653583604445089e+01
1.184469655166417169e+03 -6.907129432937881575e+01 2.069437017440628068e+01
1.186533950642045511e+03 -6.860232495882166859e+01 2.046468720706921829e+01
1.188550761937043717e+03 -6.811720716420562383e+01 2.023755683035952657e+01
1.190518431417830470e+03 -6.761658256616090057e+01 2.001305893083712562e+01
1.192437306820604135e+03 -6.710056475362488015e+01 1.979125592949833390e+01
1.194307732738352797e+03 -6.656954507206391725e+01 1.957221964577616191e+01
1.196127112859177714e+03 -6.602388331301764879e+01 1.935602099153700095e+01
1.197894645896051316e+03 -6.546346820085290119e+01 1.914272373811803973e+01
1.199612633170759409e+03 -6.488892013279520654e+01 1.893238620473201550e+01
1.201275218538032277e+03 -6.430068888738958321e+01 1.872503619187869717e+01
1.202880390702056502e+03 -6.369890250589310199e+01 1.852079786537818862e+01
1.204436502303349471e+03 -6.308400471137271381e+01 1.831964839318391114e+01
1.205927588646441109e+03 -6.245551130468474810e+01 1.812157874374614153e+01
1.207366173499841352e+03 -6.181464422189678487e+01 1.792675114938424485e+01
1.208735730255814360e+03 -6.115981358911285071e+01 1.773538737132139076e+01
1.210053155588247819e+03 -6.049303616152661789e+01 1.754737302271485433e+01
1.211306629124478377e+03 -5.981452761839841514e+01 1.736266558235628565e+01
1.212495706544694031e+03 -5.912452156049216967e+01 1.718135942008557748e+01
1.213626084771684191e+03 -5.842336624201574580e+01 1.700350249634038846e+01
1.214689278794363418e+03 -5.771142483405095192e+01 1.682913508333526664e+01
1.215691497059323865e+03 -5.698901398847461053e+01 1.665834336716233111e+01
1.216628754756391118e+03 -5.625647507001848879e+01 1.649114663596282071e+01
1.217500194934010551e+03 -5.551416897303250408e+01 1.632759875464088850e+01
1.218305611901870634e+03 -5.476238921459771092e+01 1.616770259741973348e+01
1.219044925117376806e+03 -5.400151748842255728e+01 1.601149236761597905e+01
1.219719574290433684e+03 -5.323194788102772179e+01 1.585908307184545762e+01
1.220325722686029621e+03 -5.245393659158079913e+01 1.571047444359428447e+01
1.220863624138322393e+03 -5.166790300165581584e+01 1.556565163166741250e+01
1.221333527576608276e+03 -5.087422794883526223e+01 1.542472977996846417e+01
1.221735676980643802e+03 -5.007316100730264452e+01 1.528765284601850993e+01
1.222069874394143199e+03 -4.926506665236052385e+01 1.515452072603547151e+01
1.222330189794467742e+03 -4.845042265631831668e+01 1.502537556359616744e+01
1.222512166348367828e+03 -4.762883968528360157e+01 1.490037853671286427e+01
1.222627058941866835e+03 -4.680136677846272875e+01 1.477947818220085274e+01
1.222669131374880635e+03 -4.596832897255663397e+01 1.466257846111279051e+01
1.222638206699768034e+03 -4.513007559090657850e+01 1.454971506344598886e+01
1.222539876304205791e+03 -4.428695942810113451e+01 1.444098554948288715e+01
1.222365622627358562e+03 -4.343933286809529903e+01 1.433634667523615214e+01
1.222112380414623431e+03 -4.258763901924831430e+01 1.423581000792883877e+01
1.221788626205405762e+03 -4.173227041954407923e+01 1.413941998580452264e+01
1.221395737411368827e+03 -4.087365292242051851e+01 1.404722128848622908e+01
1.220927709110067099e+03 -4.001216180910278553e+01 1.395922569475130359e+01
1.220387233422335385e+03 -3.914817290547703266e+01 1.387541650217732325e+01
1.219776908406613302e+03 -3.828213548781812392e+01 1.379580212736490807e+01
1.219090746225468365e+03 -3.741442011408130952e+01 1.372042823931195343e+01
1.218333435819829219e+03 -3.654534803015027222e+01 1.364932416355406808e+01
1.217503887398419010e+03 -3.567531837039936704e+01 1.358247420449379561e+01
1.216597740351787934e+03 -3.480467248019996873e+01 1.351986253311027575e+01
1.215620965578727237e+03 -3.393371458294577536e+01 1.346147620345663398e+01
1.214573766571510077e+03 -3.306268302760634725e+01 1.340735977901094955e+01
1.213444434176337609e+03 -3.219188702225943643e+01 1.335779477974684859e+01
1.212245025968446271e+03 -3.132173098660847899e+01 1.331246944015052769e+01
1.210975792086845559e+03 -3.045251649445989273e+01 1.327136379834354862e+01
1.209625363595673207e+03 -2.958460108746915296e+01 1.323451943087228067e+01
1.208208371457144949e+03 -2.871834637276896984e+01 1.320187497877998872e+01
1.206718800432686066e+03 -2.785406444723523478e+01 1.317345191522111669e+01
1.205158059902963487e+03 -2.699205506471648519e+01 1.314925133745912156e+01
1.203524257511711312e+03 -2.613265925601950457e+01 1.312925811145755262e+01
1.201818787785280165e+03 -2.527620165693869936e+01 1.311345737318968041e+01
1.200044699205459438e+03 -2.442301517500527908e+01 1.310183452919403813e+01
1.198202144080779590e+03 -2.357340409184653041e+01 1.309437525701979510e+01
1.196288801175268873e+03 -2.272763140686159389e+01 1.309106550556218806e+01
1.194302735478369414e+03 -2.188601800619608184e+01 1.309187094644581428e+01
1.192248630575941888e+03 -2.104889344917361882e+01 1.309673261139165135e+01
1.190126619143517473e+03 -2.021650884373940826e+01 1.310564953886693118e+01
1.187936829018287426e+03 -1.938917324925779440e+01 1.311865436147307662e+01
1.185679783267333278e+03 -1.856724169677166714e+01 1.313567651426707528e+01
1.183361650633386716e+03 -1.775096289334113919e+01 1.315671355587015690e+01
1.180964292647236107e+03 -1.694092691075426771e+01 1.318203538262243946e+01
1.178506193109224114e+03 -1.613718772584947558e+01 1.321120633955014689e+01
1.175981309914905751e+03 -1.534010939806529450e+01 1.324433801222524032e+01
1.173395074955007885e+03 -1.454988367264678928e+01 1.328131240853051942e+01
1.170748424145082481e+03 -1.376690368333605896e+01 1.332215509254477226e+01
1.168041447719288499e+03 -1.299144862150740920e+01 1.336676915582298442e+01
1.165274231360180693e+03 -1.222376044143970653e+01 1.341515587259283215e+01
1.162446856234679444e+03 -1.146412257524247558e+01 1.346728473758110312e+01
1.159563090307503444e+03 -1.071276590053030731e+01 1.352308386441390731e+01
1.156622637912787923e+03 -9.969937396874486879e+00 1.358251440448263381e+01
1.153625107388790866e+03 -9.235942726947898862e+00 1.364556686634646709e+01
1.150574299296284835e+03 -8.511039061172985143e+00 1.371218301481065716e+01
1.147468236373090122e+03 -7.795450088140611911e+00 1.378229122357770642e+01
1.144304031737614650e+03 -7.089450609076721754e+00 1.385589596398915901e+01
1.141086714263859221e+03 -6.393248886965474220e+00 1.393288920649370333e+01
1.137817125733866533e+03 -5.707137434567128409e+00 1.401326273757237750e+01
1.134500732544053335e+03 -5.031305353598034102e+00 1.409699714595565290e+01
1.131131032370645471e+03 -4.366051512459029560e+00 1.418391837430525015e+01
1.127711547361020848e+03 -3.712272110817649740e+00 1.427437876264110450e+01
1.124245742057094958e+03 -3.069493424530746140e+00 1.436799167656193532e+01
1.120733642809534331e+03 -2.438026161681300152e+00 1.446468793592018365e+01
1.117175272111372351e+03 -1.818096581817042923e+00 1.456445633379873250e+01
1.113570648659537710e+03 -1.209871707423801457e+00 1.466723708053170228e+01
1.109924701375921359e+03 -6.135598507776054422e-01 1.477291288427396942e+01
1.106239128529519348e+03 -2.935581923657091391e-02 1.488144395558936317e+01
1.102509851286729145e+03 5.425344870258893559e-01 1.499282447165203891e+01
1.098741705075721939e+03 1.101908556047623389e+00 1.510697537740254859e+01
1.094937287714321201e+03 1.648566598133685446e+00 1.522380014221876543e+01
1.091093254730750004e+03 2.182313514814942401e+00 1.534323173455479328e+01
1.087212012930099490e+03 2.702979418413221868e+00 1.546522933526359722e+01
1.083297627731757302e+03 3.210418144318724298e+00 1.558975625519417463e+01
1.079349973252042673e+03 3.704476564999581889e+00 1.571672639455758080e+01
1.075368920556397825e+03 4.185014313118428753e+00 1.584610980048980622e+01
1.071354337746687861e+03 4.651880890581686856e+00 1.597775789511208799e+01
1.067306453183655321e+03 5.104930825233808811e+00 1.611172781882595118e+01
1.063231063637353145e+03 5.543911518555424855e+00 1.624792595498444214e+01
1.059126153535390358e+03 5.968007326066366858e+00 1.638644236053065484e+01
1.054993758837927999e+03 6.377928346913671831e+00 1.652704395982441099e+01
1.050827597572251307e+03 6.773590140539506699e+00 1.666967579439602787e+01
1.046644226496491683e+03 7.154901698353690165e+00 1.681422585446362206e+01
1.042435511151804576e+03 7.521765229268778441e+00 1.696068384549908714e+01
1.038203611391403683e+03 7.874095730050678199e+00 1.710900824759975691e+01
1.033954560111636511e+03 8.211797595392479110e+00 1.725905515327177753e+01
1.029686252056198100e+03 8.534797537784093890e+00 1.741076875005705915e+01
1.025395996185068952e+03 8.843039705356735780e+00 1.756412041249185663e+01
1.021086873184453452e+03 9.136466476099350587e+00 1.771905633883846320e+01
1.016764908625377871e+03 9.415024690813339703e+00 1.787546633605625601e+01
1.012431300040298083e+03 9.678636405694941658e+00 1.803326967824271421e+01
1.008081695068453769e+03 9.927233737817420689e+00 1.819245675607870538e+01
1.003717513503023497e+03 1.016081828202024795e+01 1.835289816068281965e+01
9.993436031934199946e+02 1.037926507930184528e+01 1.851457921208861990e+01
9.949597957388546092e+02 1.058266848128024051e+01 1.867738505210824940e+01
9.905662663892165938e+02 1.077091491151328739e+01 1.884121128211694085e+01
9.861689629768933401e+02 1.094388546725159195e+01 1.900615029351050467e+01
9.817602174279082874e+02 1.110078400250951525e+01 1.917201618533294294e+01
9.773474237987810511e+02 1.124257190102009218e+01 1.933879399269157418e+01
9.729304786352059864e+02 1.136924516863046897e+01 1.950624911053497712e+01
9.685149134235076644e+02 1.148074093813435503e+01 1.967448584464115058e+01
9.641014512314446847e+02 1.157714909675406112e+01 1.984332010839580818e+01
9.596850413250897418e+02 1.165843897024089593e+01 2.001270919358735867e+01
9.552682492894792858e+02 1.172471796737587901e+01 2.018257361015927387e+01
9.508570883668628539e+02 1.177603981594565674e+01 2.035283995987786554e+01
9.464502999677703201e+02 1.181239296778186443e+01 2.052345628814483902e+01
9.420479674168192332e+02 1.183379694778387403e+01 2.069437070278207003e+01
9.376561042556734265e+02 1.184032786668567816e+01 2.086547519877500534e+01
9.332735399668251830e+02 1.183204657776785496e+01 2.103666609185009406e+01
9.288956514068728438e+02 1.180897655873752683e+01 2.120791389554592854e+01
9.245315057643439332e+02 1.177120858929005287e+01 2.137912071496710809e+01
9.201809310840283160e+02 1.171877456826456410e+01 2.155022335268264300e+01
9.158430161292833418e+02 1.165168451244664283e+01 2.172111570492931776e+01
9.115127080380879079e+02 1.157014561450669454e+01 2.189174290294991820e+01
9.072089236440873492e+02 1.147377693591623249e+01 2.206199411165070501e+01
9.029114289072997508e+02 1.136219011098885723e+01 2.223189156642120423e+01
8.986395963558577478e+02 1.123634599359749942e+01 2.240123385895861574e+01
8.943813222625201433e+02 1.109628207256603716e+01 2.257002867368952082e+01
8.901468107291912020e+02 1.094226127830814299e+01 2.273817259630210685e+01
8.859324549614103717e+02 1.077435457684931031e+01 2.290560490335064614e+01
8.817416219700681950e+02 1.059264380900190439e+01 2.307222542071001925e+01
8.775758925251843721e+02 1.039735633872435194e+01 2.323800956660148032e+01
8.734391115309566658e+02 1.018860754151623738e+01 2.340288910467611672e+01
8.693299417693910982e+02 9.966490173259197505e+00 2.356679741030907138e+01
8.652450857151395667e+02 9.731113348328998214e+00 2.372966363041462401e+01
8.611870210691055263e+02 9.482638962680045580e+00 2.389144283729691409e+01
8.571616245045908045e+02 9.221210932967300877e+00 2.405206294738119510e+01
8.531688867114592085e+02 8.946879691840504023e+00 2.421139752112728161e+01
8.492023221685141152e+02 8.659843882546264027e+00 2.436948482484935852e+01
8.452705950244270525e+02 8.360149616976340070e+00 2.452623526552809707e+01
8.413686584390026155e+02 8.047986306253161359e+00 2.468159527336316117e+01
8.375020914358261734e+02 7.723490744152885945e+00 2.483541420241122566e+01
8.336711255331854318e+02 7.386611715470834838e+00 2.498776061617925848e+01
8.298764740702089284e+02 7.037021002145207760e+00 2.513841745895470225e+01
8.261163047334982821e+02 6.675637481408124074e+00 2.528740066920103757e+01
8.223964078325552691e+02 6.302652684721454790e+00 2.543473150596081211e+01
8.187170145954280542e+02 5.918257154709063883e+00 2.558031883838440734e+01
8.150725853684134563e+02 5.522587917441747152e+00 2.572406103977489522e+01
8.114663301257554622e+02 5.115771698608616802e+00 2.586595317854783360e+01
8.078997293223503675e+02 4.698058208832366134e+00 2.600588435887026151e+01
8.043765181991421969e+02 4.269645199301746352e+00 2.614385125285387090e+01
8.008954113884777826e+02 3.830703919963226234e+00 2.627979342966408183e+01
7.974563207060341483e+02 3.381422222779789433e+00 2.641364236228859852e+01
7.940596216902255264e+02 2.921984052503099782e+00 2.654533630191109950e+01
7.907059353963094281e+02 2.452581893497417731e+00 2.667478163095265131e+01
7.873995974452491282e+02 1.973430446016403383e+00 2.680199947119531245e+01
7.841325659060737507e+02 1.484766640338786248e+00 2.692696488546597422e+01
7.809107724891840689e+02 9.868451842986425415e-01 2.704954658629000619e+01
7.777387462680144381e+02 4.799185450449202639e-01 2.716976524623585476e+01
7.746106300868088965e+02 -3.577144074187458417e-02 2.728763559298306518e+01
7.715334856610238603e+02 -5.601783293598097124e-01 2.740300572130407630e+01
7.685083910545281469e+02 -1.093331456724902617e+00 2.751576588885468411e+01
7.655327940219584661e+02 -1.634463888102212215e+00 2.762598128553099031e+01
7.626064606523978000e+02 -2.183325653422747425e+00 2.773373113385852307e+01
7.597235117519836649e+02 -2.739671272270429281e+00 2.783881450926211443e+01
7.568984755332392069e+02 -3.303253628183890900e+00 2.794131752316121009e+01
7.541207612640389470e+02 -3.873831502114597480e+00 2.804114212414809870e+01
7.513936289858354485e+02 -4.451161034129748728e+00 2.813820995340194386e+01
7.487212504520742868e+02 -5.035000233358657873e+00 2.823251798495141429e+01
7.460998350930487959e+02 -5.625098769346935867e+00 2.832408492406452183e+01
7.435293235571587047e+02 -6.221199120440947361e+00 2.841283426877228280e+01
7.410101951944611756e+02 -6.823030608832104882e+00 2.849868129473218303e+01
7.385430837496470531e+02 -7.430315333995390681e+00 2.858164409121225802e+01
7.361343935345258842e+02 -8.042785579620364445e+00 2.866172127815864457e+01
7.337792607270758936e+02 -8.660161395010300467e+00 2.873886864498949478e+01
7.314775011362667101e+02 -9.282169949025364630e+00 2.881305274530706129e+01
7.292289350267208192e+02 -9.908558500086089182e+00 2.888427710852234753e+01
7.270336580231979724e+02 -1.053899433722685863e+01 2.895244040372427818e+01
7.248992579030290244e+02 -1.117345800352360996e+01 2.901748654889681944e+01
7.228199769553392571e+02 -1.181162365636982514e+01 2.907929807094782149e+01
7.207925699873084113e+02 -1.245304929630482249e+01 2.913803212483036731e+01
7.188229101251578186e+02 -1.309738828142609357e+01 2.919370477783454021e+01
7.169097024043484225e+02 -1.374440936703010152e+01 2.924621989035438929e+01
7.150524581082154327e+02 -1.439386737964790086e+01 2.929562904006956714e+01
7.132509742785227900e+02 -1.504546643633934977e+01 2.934186921677360971e+01
7.115050526424902273e+02 -1.569902881640773273e+01 2.938487953977705303e+01
7.098148972059650532e+02 -1.635431174940778831e+01 2.942473613104031216e+01
7.081805816100367110e+02 -1.701107763691404529e+01 2.946136747728469274e+01
7.066019216965324858e+02 -1.766907866452772424e+01 2.949473320916447605e+01
7.050787380225731340e+02 -1.832806116245440720e+01 2.952489299117306132e+01
7.036108558614283766e+02 -1.898779429724119439e+01 2.955177944513595278e+01
7.021982959268503919e+02 -1.964800823849577327e+01 2.957534348947660163e+01
7.008412129288547021e+02 -2.030850397989598477e+01 2.959563430987455490e+01
6.995390435152943382e+02 -2.096903571654631193e+01 2.961262855333425037e+01
6.982921172797167628e+02 -2.162935109808833545e+01 2.962638476707923374e+01
6.970996895232717634e+02 -2.228914518093362673e+01 2.963680317309027501e+01
6.959631782741456618e+02 -2.294819824824040211e+01 2.964386821916295389e+01
6.948846961573141243e+02 -2.360631918682440400e+01 2.964754200558354924e+01
6.938603190873492395e+02 -2.426314262096451912e+01 2.964792465234111063e+01
6.928898821728080293e+02 -2.491848175372049212e+01 2.964509012768916207e+01
6.919732573813496401e+02 -2.557198463084364093e+01 2.963905923331777714e+01
6.911108411080629139e+02 -2.622354193387665333e+01 2.962974277972547554e+01
6.903012192596065688e+02 -2.687285448041287239e+01 2.961717507479169242e+01
6.895446068368810302e+02 -2.751968401651378571e+01 2.960138851620060763e+01
6.888405484688704519e+02 -2.816380709505892810e+01 2.958235749379836932e+01
6.881887644140246039e+02 -2.880497784518219007e+01 2.956010469884049030e+01
6.875888334640109179e+02 -2.944298154891423636e+01 2.953461152233311537e+01
6.870399648900665852e+02 -3.007757956877335559e+01 2.950587601279818273e+01
6.865420665462077068e+02 -3.070853273438477160e+01 2.947394268412043772e+01
6.860948617593192012e+02 -3.133564265444365304e+01 2.943879482936274172e+01
6.856976483361704595e+02 -3.195861252571043920e+01 2.940055663427595789e+01
6.853497283707764609e+02 -3.257732783082016681e+01 2.935913763362497875e+01
6.850506025119524338e+02 -3.319144339633852070e+01 2.931456256011038164e+01
6.848012971121703458e+02 -3.380082832001576776e+01 2.926695964686447127e+01
6.846007986238161038e+02 -3.440505235796157990e+01 2.921616861130350884e+01
6.844502106387168396e+02 -3.500387013453298124e+01 2.916216789275700805e+01
6.843467271045319649e+02 -3.559723761554350574e+01 2.910517277763279154e+01
6.842896750913905635e+02 -3.618490760411835794e+01 2.904513541818824507e+01
6.842778263254228932e+02 -3.676657477749818526e+01 2.898211597982346177e+01
6.843114511922259453e+02 -3.734213466990856034e+01 2.891613443098380287e+01
6.843896962813880691e+02 -3.791133201978166767e+01 2.884720040402483221e+01
6.845117210911862458e+02 -3.847389780806405923e+01 2.877532326839959254e+01
6.846768724494215803e+02 -3.902969906175158599e+01 2.870055152133516430e+01
6.848845010116888261e+02 -3.957849351118388626e+01 2.862295588346610486e+01
6.851339612182916881e+02 -4.012006085585325366e+01 2.854254458779982428e+01
6.854246112502936512e+02 -4.065428010345419807e+01 2.845937200784691612e+01
6.857558129846572683e+02 -4.118093709139610326e+01 2.837351763744944932e+01
6.861269319484257494e+02 -4.169979677032350907e+01 2.828495907867311132e+01
6.865371916076276193e+02 -4.221068124936647337e+01 2.819383126126761852e+01
6.869855545125404888e+02 -4.271343849061749154e+01 2.810010050320894592e+01
6.874719526547802388e+02 -4.320782554333442960e+01 2.800383576309788936e+01
6.879957225807278292e+02 -4.369370783288833593e+01 2.790510360184175909e+01
6.885563903464102395e+02 -4.417062588675474188e+01 2.780380429160123157e+01
6.891541499279986738e+02 -4.463836119369258171e+01 2.769999676941409561e+01
6.897862546356847133e+02 -4.509703206833313516e+01 2.759372749862420093e+01
6.904521546884583358e+02 -4.554653154848835328e+01 2.748511247170079841e+01
6.911513233113129218e+02 -4.598675394248861892e+01 2.737416189223021590e+01
6.918827206975573745e+02 -4.641748959945242348e+01 2.726087349961185069e+01
6.926452075456187458e+02 -4.683860257057104803e+01 2.714533976801339321e+01
6.934385143939368845e+02 -4.725002827703869457e+01 2.702759505528682382e+01
6.942619612423892477e+02 -4.765164148783846088e+01 2.690767564647132915e+01
6.951140669433209496e+02 -4.804330591582987608e+01 2.678560521361853830e+01
6.959943223287463070e+02 -4.842491127558253794e+01 2.666141134469901175e+01
6.969023869190102687e+02 -4.879631967113494539e+01 2.653517915647222836e+01
6.978367463143207488e+02 -4.915737995241123315e+01 2.640696067353503196e+01
6.987966512603857154e+02 -4.950801637837898994e+01 2.627674563026719667e+01
6.997817906415539255e+02 -4.984819591021491902e+01 2.614462486127637320e+01
7.007907384360391916e+02 -5.017776265637189681e+01 2.601061451849981054e+01
7.018234365962014181e+02 -5.049665088049199113e+01 2.587481549773154654e+01
7.028781761509557100e+02 -5.080468833226826320e+01 2.573716909949258991e+01
7.039548243226053046e+02 -5.110147857817713657e+01 2.559777588808359639e+01
7.050534208548597235e+02 -5.138692143601807771e+01 2.545650267804688838e+01
7.061712582332489774e+02 -5.166119856558195522e+01 2.531368236591258736e+01
7.073078103177658704e+02 -5.192436692389788533e+01 2.516919880100351747e+01
7.084614848295556158e+02 -5.217626890702530318e+01 2.502320051203129481e+01
7.096321081729678326e+02 -5.241682359573815830e+01 2.487566166099397691e+01
7.108184028769487668e+02 -5.264596997923626986e+01 2.472665637432363184e+01
7.120195189191274494e+02 -5.286364606423217793e+01 2.457621604690780970e+01
7.132342017310954816e+02 -5.306974984597706424e+01 2.442437351713137161e+01
7.144617876561507046e+02 -5.326419035060803964e+01 2.427121921633293766e+01
7.157015017170978126e+02 -5.344699482295008863e+01 2.411683968165285208e+01
7.169521686077358709e+02 -5.361820304511880408e+01 2.396126358209761165e+01
7.182130947721930170e+02 -5.377774798602581541e+01 2.380452913789168790e+01
7.194837437896920846e+02 -5.392559825396836715e+01 2.364671657756229806e+01
7.207630407280136069e+02 -5.406179429938303826e+01 2.348787572451211503e+01
7.220463295214441359e+02 -5.418631779595404652e+01 2.332818662530889497e+01
7.233410044808451858e+02 -5.429910940465403257e+01 2.316754796099548130e+01
7.246412114962636224e+02 -5.440021884647764949e+01 2.300613448071008449e+01
7.259475759397707861e+02 -5.448912921635064777e+01 2.284394658619932272e+01
7.272601405147839841e+02 -5.456587523640570225e+01 2.268092255285876746e+01
7.285723383818263983e+02 -5.463095467281088702e+01 2.251729042484547705e+01
7.298840909968957931e+02 -5.468423857252879827e+01 2.235310910996738798e+01
7.311955552144573858e+02 -5.472575366043198386e+01 2.218837734942705353e+01
7.325120127748260757e+02 -5.475554505420797824e+01 2.202313856761226063e+01
7.338256751398607776e+02 -5.477356257860299849e+01 2.185749385352431062e+01
7.351372168558774547e+02 -5.477985437670276525e+01 2.169147304795945885e+01
7.364490987160049826e+02 -5.477448537923132932e+01 2.152514580337336625e+01
7.377545380186002149e+02 -5.475746170607789054e+01 2.135859309194251310e+01
7.390535415888120951e+02 -5.472879178899348318e+01 2.119186866203471098e+01
7.403507130298535230e+02 -5.468851429550720411e+01 2.102499979295529187e+01
7.416400211438782435e+02 -5.463666681904894062e+01 2.085804513749235767e+01
7.429208792302301845e+02 -5.457330403032745636e+01 2.069114576932736682e+01
7.441988307842379982e+02 -5.449850840858793077e+01 2.052432529598983990e+01
7.454605089222494598e+02 -5.441231018509247974e+01 2.035755309390641443e+01
7.467168431858507347e+02 -5.431474343382924275e+01 2.019102784307328946e+01
7.479620823895561443e+02 -5.420589729957775660e+01 2.002467234660985085e+01
7.491962479639638559e+02 -5.408531217473615271e+01 1.985858006883052695e+01
7.504129462693769028e+02 -5.395321592121527488e+01 1.969280408459773923e+01
7.516191179536361915e+02 -5.380998017064517569e+01 1.952745921027139886e+01
7.528152884418524309e+02 -5.365574665651407571e+01 1.936247104954214038e+01
7.539962084601691004e+02 -5.349055074324233772e+01 1.919797840970381841e+01
7.551610664260010708e+02 -5.331446447607596895e+01 1.903399361997725237e+01
7.563054378788827989e+02 -5.312747582940237834e+01 1.887059045370422083e+01
7.574362386778474274e+02 -5.292971301190655709e+01 1.870774424232579136e+01
7.585506480237804681e+02 -5.272122494689587313e+01 1.854552770272234241e+01
7.596434578627219025e+02 -5.250203568977403279e+01 1.838400293382306216e+01
7.607149301727276907e+02 -5.227225338550457678e+01 1.822318038057336764e+01
7.617679491998402455e+02 -5.203201667813941356e+01 1.806312827229852402e+01
7.628045401704322330e+02 -5.178148532573520413e+01 1.790392842280888175e+01
7.638187725504941454e+02 -5.152080397931311495e+01 1.774562293592192219e+01
7.648074795653595856e+02 -5.125003991089364774e+01 1.758825398021266651e+01
7.657751630046454920e+02 -5.096942253111136978e+01 1.743186379410288822e+01
7.667169972438177865e+02 -5.067902930757091440e+01 1.727650024499806847e+01
7.676391347800030189e+02 -5.037899449808611507e+01 1.712226476438427269e+01
7.685342748299144660e+02 -5.006898961234006862e+01 1.696917060002897770e+01
7.694031829391205974e+02 -4.974927600656778282e+01 1.681731766213117396e+01
7.702529967830673741e+02 -4.942032617770797742e+01 1.666666690381266136e+01
7.710723975870624827e+02 -4.908221285487329055e+01 1.651725836738230413e+01
7.718602510877551595e+02 -4.873511246306973277e+01 1.636918993466030159e+01
7.726218797640995035e+02 -4.837906162594288162e+01 1.622241382058439640e+01
7.733590289130792144e+02 -4.801425007563182135e+01 1.607703633364165441e+01
7.740634073565764766e+02 -4.764075679654058604e+01 1.593309661618666517e+01
7.747382541027990328e+02 -4.725877518349719253e+01 1.579061459446778137e+01
7.753824359727359479e+02 -4.686851183667435095e+01 1.564963372823853049e+01
7.759958767522002745e+02 -4.647012009733852977e+01 1.551019760954544857e+01
7.765807473006889268e+02 -4.606373206661645270e+01 1.537234996716609459e+01
7.771314641434053101e+02 -4.564949508677793943e+01 1.523611275298438272e+01
7.776526489931583228e+02 -4.522766219068799387e+01 1.510150367191569742e+01
7.781431470280167559e+02 -4.479835336763164122e+01 1.496861511731665395e+01
7.785979281674430013e+02 -4.436169735771986211e+01 1.483749140799760191e+01
7.790171957398797531e+02 -4.391787989446746110e+01 1.470816628162259754e+01
7.794012731219318084e+02 -4.346713878950806986e+01 1.458056556236037693e+01
7.797553825436241368e+02 -4.300907899791861411e+01 1.445495074890661513e+01
7.800671053666557100e+02 -4.254422296648529311e+01 1.433118920695909360e+01
7.803501154487233862e+02 -4.207293926745630586e+01 1.420935591356971273e+01
7.805933870595742974e+02 -4.159534581132892583e+01 1.408944013156499331e+01
7.808011782615299126e+02 -4.111172144415454710e+01 1.397153515624234998e+01
7.809697175061917278e+02 -4.062216272945935458e+01 1.385564716462159573e+01
7.811023051536180901e+02 -4.012700023348983791e+01 1.374180672023927308e+01
7.811968173758348257e+02 -3.962640130236103886e+01 1.363001747521622775e+01
7.812548924775060186e+02 -3.912056910587743630e+01 1.352034038734198518e+01
7.812760541834671812e+02 -3.860973231698922348e+01 1.341281550349133411e+01
7.812602883381741776e+02 -3.809411829436771768e+01 1.330745672502514232e+01
7.812088148455616192e+02 -3.757389281374827306e+01 1.320430642265038301e+01
7.811178326203083770e+02 -3.704918047213521248e+01 1.310338454122555873e+01
7.809875506372426344e+02 -3.652025327311469738e+01 1.300468869373956338e+01
7.808181740310267287e+02 -3.598723645393438630e+01 1.290826098230577124e+01
7.806108362802990541e+02 -3.545023434397886319e+01 1.281412508085963964e+01
7.803703664650927294e+02 -3.490949292486518374e+01 1.272222052211471599e+01
7.800848979724465835e+02 -3.436509083640074635e+01 1.263270961710572315e+01
7.797589539982908491e+02 -3.381700766811142245e+01 1.254563208279023101e+01
7.793941489923951167e+02 -3.326565857408248661e+01 1.246095466063302837e+01
7.789851060366235060e+02 -3.271121639527178360e+01 1.237861595147468741e+01
7.785375720598880207e+02 -3.215387268784277808e+01 1.229865653413482818e+01
7.780524432325936459e+02 -3.159393414999263072e+01 1.222106566384696968e+01
7.775298890647900407e+02 -3.103146908046277019e+01 1.214587611338123985e+01
7.769654378656700828e+02 -3.046672053021423565e+01 1.207313225605457951e+01
7.763615107429368436e+02 -2.989983984605967038e+01 1.200283646969273121e+01
7.757168328030599014e+02 -2.933101386742976402e+01 1.193497173528740163e+01
7.750321621943893433e+02 -2.876043260860833684e+01 1.186952127637749044e+01
7.743078707465107300e+02 -2.818828969762552461e+01 1.180652820701459760e+01
7.735430536363894589e+02 -2.761479129973045588e+01 1.174602292681137605e+01
7.727397294120562492e+02 -2.704011413735377189e+01 1.168794907316789100e+01
7.718935890988800566e+02 -2.646446319564011418e+01 1.163232567890564795e+01
7.710060931707240570e+02 -2.588796304958019689e+01 1.157923439790841869e+01
7.700826440354032911e+02 -2.531089600581737997e+01 1.152865080256094821e+01
7.691228665520930008e+02 -2.473334834673011784e+01 1.148050798375584414e+01
7.681207807152480882e+02 -2.415557517574086077e+01 1.143485216545557925e+01
7.670738843837209515e+02 -2.357761459330341225e+01 1.139182268250069718e+01
7.659842186832839843e+02 -2.299975861714782610e+01 1.135129197187421468e+01
7.648588567046799653e+02 -2.242229248835158373e+01 1.131326817001535368e+01
7.636923708302364275e+02 -2.184529717474979549e+01 1.127774078638558386e+01
7.624841208564457702e+02 -2.126895277904240800e+01 1.124469631342579845e+01
7.612392361320262353e+02 -2.069355492743303060e+01 1.121412150073909686e+01
7.599547594496610827e+02 -2.011919147988329115e+01 1.118600335544206992e+01
7.586287976683859142e+02 -1.954612426385904556e+01 1.116037119239617326e+01
7.572652272565936755e+02 -1.897454458836177693e+01 1.113719858086169445e+01
7.558669391634456360e+02 -1.840462542539353308e+01 1.111647898099180409e+01
7.544310469805504908e+02 -1.783659454926812415e+01 1.109820302647037948e+01
7.529539872695773965e+02 -1.727064767178447369e+01 1.108234814481887121e+01
7.514379662918507847e+02 -1.670698069493140636e+01 1.106894339805943339e+01
7.498875145738677475e+02 -1.614577250262465213e+01 1.105796037047613112e+01
7.483026944006894610e+02 -1.558715756202507308e+01 1.104935243875456230e+01
7.466835643292747591e+02 -1.503128849328090233e+01 1.104316184686052615e+01
7.450296976201914276e+02 -1.447841438823034466e+01 1.103936854353711361e+01
7.433350940102636741e+02 -1.392867051013004165e+01 1.103784133558035307e+01
7.416039132963875318e+02 -1.338231692194854183e+01 1.103887042900286808e+01
7.398381450028024346e+02 -1.283954561232114955e+01 1.104230997550901350e+01
7.380383046676264485e+02 -1.230040649415100340e+01 1.104799220547996796e+01
7.362044290874450780e+02 -1.176514951618631422e+01 1.105595946339116153e+01
7.343365515417206097e+02 -1.123392682166664081e+01 1.106621044185671643e+01
7.324347018265456200e+02 -1.070687575365434441e+01 1.107868634727512891e+01
7.304988982179808090e+02 -1.018412920787025122e+01 1.109340972751948406e+01
7.285333098380353931e+02 -9.665926680774107993e+00 1.111035467036134605e+01
7.265365493668416548e+02 -9.152374633675339766e+00 1.112945631594148388e+01
7.245091156232823550e+02 -8.643593631551977907e+00 1.115075082080000435e+01
7.224512694947148930e+02 -8.139758929252479902e+00 1.117421215477084040e+01
7.203593166965279124e+02 -7.640956118949895348e+00 1.119977902148884574e+01
7.182374512187452638e+02 -7.147298283645525885e+00 1.122748841811073461e+01
7.160911852255582062e+02 -6.658969976971033766e+00 1.125726593610000847e+01
7.139106771205290443e+02 -6.176047613253000890e+00 1.128913317116364823e+01
7.116976292296850488e+02 -5.698697324163857658e+00 1.132300012443226223e+01
7.094625089909562803e+02 -5.227037337116058779e+00 1.135896628286930721e+01
7.071930822796146003e+02 -4.761242220095351030e+00 1.139684762741197943e+01
7.049005703255658091e+02 -4.301634499575246906e+00 1.143693846334466180e+01
7.025798337524963699e+02 -3.848193101501159230e+00 1.147896367219914104e+01
7.002311030465100430e+02 -3.400926196377471733e+00 1.152283942077999157e+01
6.978601322502094035e+02 -2.959935149383936093e+00 1.156867852945478958e+01
6.954622184985094009e+02 -2.525362758118984807e+00 1.161633449851018796e+01
6.930410912906737622e+02 -2.097317969069394383e+00 1.166587191425683301e+01
6.905936973009794428e+02 -1.675905457181915859e+00 1.171718606488502523e+01
6.881221059930034016e+02 -1.261215523695923491e+00 1.177025889538429304e+01
6.856324225739020903e+02 -8.533461168320901624e-01 1.182507822882810622e+01
6.831207277990787361e+02 -4.523989532384850576e-01 1.188161683572182348e+01
6.805862682282315745e+02 -5.846493317270803208e-02 1.193981760707541717e+01
6.780312761522924347e+02 3.283582548401261514e-01 1.199963381692464992e+01
6.754516838667207139e+02 7.079663954164088224e-01 1.206108715509627238e+01
6.728564005570937070e+02 1.080275662007845305e+00 1.212411774167206779e+01
6.702434223337868389e+02 1.445195883269417170e+00 1.218867859817408572e+01
6.676059458013312451e+02 1.802649199421104242e+00 1.225475490582926064e+01
6.649523960541465613e+02 2.152555797915224112e+00 1.232223878324079713e+01
6.622814432717136697e+02 2.494833872224169191e+00 1.239119417447633253e+01
6.595920717315411821e+02 2.828864358496689935e+00 1.246169219343127388e+01
6.568856183439605729e+02 3.155038865100394663e+00 1.253348010638655019e+01
6.541633467798295669e+02 3.473319539225471875e+00 1.260661304846088449e+01
6.514258054307231305e+02 3.783637222144131673e+00 1.268104013184461820e+01
6.486740419426660083e+02 4.085949619644331676e+00 1.275664905595317755e+01
6.459081867190245703e+02 4.380197648349309247e+00 1.283346901310975774e+01
6.431290394021661996e+02 4.666325639823854843e+00 1.291142874120031259e+01
6.403373081194949918e+02 4.944276144940954687e+00 1.299049139208786485e+01
6.375334959917755668e+02 5.213988790904485526e+00 1.307062364291456547e+01
6.347187694098912516e+02 5.475412278523054788e+00 1.315176778665403035e+01
6.318937032659011948e+02 5.728497186962653309e+00 1.323389532574376481e+01
6.290583083837913136e+02 5.973201600857556137e+00 1.331696077395115196e+01
6.262137023690413571e+02 6.209496523321699435e+00 1.340090734472915557e+01
6.233606684831864868e+02 6.437337283076466576e+00 1.348573485201720423e+01
6.204992105901199011e+02 6.656682806344125680e+00 1.357131256912056472e+01
6.176299091849251681e+02 6.867489412364291113e+00 1.365769041500922043e+01
6.147538362212501397e+02 7.069709040417370360e+00 1.374480719874805779e+01
6.118714869844585564e+02 7.263390242726166512e+00 1.383254446340158950e+01
6.089825538916347796e+02 7.447719236670923060e+00 1.392099559546493204e+01
6.060883901189218932e+02 7.623440431987296151e+00 1.401001416483695294e+01
6.031913593572446644e+02 7.790552535464507322e+00 1.409960451754223953e+01
6.002908357432282855e+02 7.949092318527990919e+00 1.418966473270068107e+01
5.973881249910210727e+02 8.098992529331937362e+00 1.428014034624290751e+01
5.944843627760662912e+02 8.240317425194850998e+00 1.437108428076405531e+01
5.915796528667323173e+02 8.373030822409699425e+00 1.446243774497020773e+01
5.886745968067099284e+02 8.497128938141971233e+00 1.455413404595884508e+01
5.857702074164739088e+02 8.612648156464421945e+00 1.464612710254519889e+01
5.828668369021223725e+02 8.719623907651484984e+00 1.473840391784365877e+01
5.799648389943209850e+02 8.818032867450821044e+00 1.483092257040166118e+01
5.770649794937844490e+02 8.907859105701984248e+00 1.492362475944173461e+01
5.741676534500169282e+02 8.989176440492109066e+00 1.501652643411895305e+01
5.712732563135421060e+02 9.061983515372205034e+00 1.510959410370119826e+01
5.683823075204232964e+02 9.126224315610340199e+00 1.520269520754762915e+01
5.654957400863714838e+02 9.181982225517158369e+00 1.529583754846280996e+01
5.626139918240371571e+02 9.229286028428848709e+00 1.538897936319005844e+01
5.597380815130458132e+02 9.268153549170937922e+00 1.548213722482497801e+01
5.568678692039641192e+02 9.298002643002893919e+00 1.557529325667809772e+01
5.540043727943062777e+02 9.319478407459360625e+00 1.566829897842838193e+01
5.511486110168128789e+02 9.332729449996538307e+00 1.576117030813130526e+01
5.483004499838465335e+02 9.337672927119044175e+00 1.585386559609562340e+01
5.454607436078146065e+02 9.334368904725982574e+00 1.594633898096818569e+01
5.426295254538758854e+02 9.322901533166229271e+00 1.603859398293377581e+01
5.398079386804288333e+02 9.303308787600867547e+00 1.613051077474742812e+01
5.369963919889669342e+02 9.275652257658920874e+00 1.622208418582273026e+01
5.341950428270340581e+02 9.239976388413177588e+00 1.631331801036986562e+01
5.314046272398737756e+02 9.196299850045239310e+00 1.640413338676802724e+01
5.286253112889003205e+02 9.144669142337278345e+00 1.649445110682611215e+01
5.258574966564038959e+02 9.085163041720452526e+00 1.658427422814675722e+01
5.231026334392279296e+02 9.017859452241781426e+00 1.667359857513795163e+01
5.203606790421528103e+02 8.942851717644659360e+00 1.676231941182624041e+01
5.176320480801987287e+02 8.860241389363451958e+00 1.685047770780491305e+01
5.149173173690951444e+02 8.770012177383483376e+00 1.693798131316167499e+01
5.122179864767117579e+02 8.672350637786083283e+00 1.702483790389732476e+01
5.095332862845452269e+02 8.567229792440297587e+00 1.711093692859726545e+01
5.068658828706145414e+02 8.454220139471168238e+00 1.719633805062348131e+01
5.042139886127385466e+02 8.334008842399489581e+00 1.728088255637939596e+01
5.015792562270469261e+02 8.206667117093161323e+00 1.736458484873899266e+01
4.989622002910834908e+02 8.072265383774208658e+00 1.744745996897493256e+01
4.963621826719031560e+02 7.930926630977460867e+00 1.752946950690857975e+01
4.937803656034424193e+02 7.782732372506549368e+00 1.761051721573288731e+01
4.912170672310602413e+02 7.627750701591462068e+00 1.769058424751486669e+01
4.886725135187596152e+02 7.466089899383330675e+00 1.776964428608393121e+01
4.861471419380285965e+02 7.297841626647532998e+00 1.784764997181435930e+01
4.836417189146671944e+02 7.123137081750355648e+00 1.792458649548901306e+01
4.811564492898515368e+02 6.942079554102971173e+00 1.800043959785140402e+01
4.786912718905151110e+02 6.754744783712506084e+00 1.807513715843910873e+01
4.762470497359749970e+02 6.561279731019114436e+00 1.814863022057648934e+01
4.738242321786053708e+02 6.361779680184731944e+00 1.822096229822648539e+01
4.714232711048224473e+02 6.156406778993342321e+00 1.829207328050586412e+01
4.690446209858172324e+02 5.945238426598498549e+00 1.836187656354080389e+01
4.666886919101228841e+02 5.728444457630099684e+00 1.843043743382858324e+01
4.643554380658442824e+02 5.505947246057485422e+00 1.849764144773190111e+01
4.620465874220286082e+02 5.277633961558502840e+00 1.856344265123869164e+01
4.597617921733966000e+02 5.043953594972296450e+00 1.862786913782418452e+01
4.575002362691980125e+02 4.805064148339400099e+00 1.869093981871786170e+01
4.552633859428991627e+02 4.561067018733372613e+00 1.875261656407544919e+01
4.530507661697955655e+02 4.312111637981365320e+00 1.881285651260291658e+01
4.508630277457929765e+02 4.058257520165584609e+00 1.887161663377128562e+01
4.486998627832266493e+02 3.799627749701133261e+00 1.892894351540240905e+01
4.465616798633160442e+02 3.536297321447465336e+00 1.898479524861557266e+01
4.444491578329905224e+02 3.268408353951663070e+00 1.903910302546185207e+01
4.423620764421401077e+02 2.996113253610686922e+00 1.909188807561907808e+01
4.403007646806745470e+02 2.719488160312598879e+00 1.914311683299282052e+01
4.382656852130853053e+02 2.438620104654099396e+00 1.919274249245107100e+01
4.362562236775322617e+02 2.153644626763373093e+00 1.924082607998702699e+01
4.342732815443100094e+02 1.864700017899655116e+00 1.928727716682184834e+01
4.323171861664512221e+02 1.571929796816585512e+00 1.933207466264227392e+01
4.303877674151858628e+02 1.275465120288008736e+00 1.937528210425911013e+01
4.284849289215974295e+02 9.754566788862993887e-01 1.941685440692618769e+01
4.266100693873660816e+02 6.719712556800885306e-01 1.945672728474745128e+01
4.247645133630333589e+02 3.649249948641424823e-01 1.949489931051040514e+01
4.229469605167495274e+02 5.475764204700873938e-02 1.953135806848198541e+01
4.211566507875144225e+02 -2.583984249309894121e-01 1.956611829812910486e+01
4.193945288660401616e+02 -5.744167241499464893e-01 1.959919575390367541e+01
4.176606255923276763e+02 -8.931715381801986764e-01 1.963060597759734449e+01
4.159547974216783928e+02 -1.214542306996978294e+00 1.966026660059904785e+01
4.142769041705544737e+02 -1.538401086460062794e+00 1.968820312219185098e+01
4.126268090187788289e+02 -1.864620796111781331e+00 1.971437058653333452e+01
4.110051072423688083e+02 -2.193083994101047374e+00 1.973876923288639418e+01
4.094119372056444490e+02 -2.523659150221745140e+00 1.976141078719367172e+01
4.078468350768964115e+02 -2.856204218255228078e+00 1.978224760774199353e+01
4.063099177303225815e+02 -3.190586469865836161e+00 1.980127987972603520e+01
4.048014849768609338e+02 -3.526672077886529699e+00 1.981854348089471785e+01
4.033214201298652029e+02 -3.864323572130082152e+00 1.983400584604254746e+01
4.018697259759808276e+02 -4.203405315319042046e+00 1.984766869006508117e+01
4.004467616716689236e+02 -4.543775693829897655e+00 1.985949071843396396e+01
3.990518685743134029e+02 -4.885309791420744396e+00 1.986948480305008147e+01
3.976860165081580476e+02 -5.227892755247960821e+00 1.987763487981594679e+01
3.963505290460806805e+02 -5.571481958991605588e+00 1.988379248809512845e+01
3.950427869779974799e+02 -5.915785117687232031e+00 1.988815859004938247e+01
3.937639102348998108e+02 -6.260666354504595077e+00 1.989068485758367899e+01
3.925133377849787735e+02 -6.605984174805608511e+00 1.989137807349285580e+01
3.912903637900132026e+02 -6.951596569538985193e+00 1.989024972276369496e+01
3.900962321611868333e+02 -7.297366357922306257e+00 1.988726239437519183e+01
3.889300467754231931e+02 -7.643162077567337676e+00 1.988245428844455986e+01
3.877914895043191450e+02 -7.988853928607629662e+00 1.987581728554162908e+01
3.866807421765612958e+02 -8.334308397044091876e+00 1.986730006746963895e+01
3.855977335611339072e+02 -8.679392512684398042e+00 1.985694742820314929e+01
3.845423955492682353e+02 -9.023987349863546115e+00 1.984478128924559215e+01
3.835144247278177545e+02 -9.367963561011704243e+00 1.983075928482278272e+01
3.825135380618269778e+02 -9.711158023376444959e+00 1.981491314937535009e+01
3.815400017639495331e+02 -1.005346089172069846e+01 1.979720419617319749e+01
3.805932768080585333e+02 -1.039482732991923442e+01 1.977763945831913261e+01
3.796733316193066230e+02 -1.073503969627614474e+01 1.975623303078057091e+01
3.787801376260717916e+02 -1.107408582819108034e+01 1.973305335864088406e+01
3.779142092993505457e+02 -1.141170962245349862e+01 1.970813330860598711e+01
3.770767193029066675e+02 -1.174789506561318220e+01 1.968126025702648718e+01
3.762652623232406768e+02 -1.208245940191866197e+01 1.965262817208581581e+01
3.754798117709741518e+02 -1.241527732909802317e+01 1.962230458837317926e+01
3.747203537717809922e+02 -1.274628098327893255e+01 1.959030006226777232e+01
3.739868773244413092e+02 -1.307540730806680962e+01 1.955656719118787024e+01
3.732788894887030438e+02 -1.340249596297046075e+01 1.952109757264175371e+01
3.725962096357199584e+02 -1.372744816366904352e+01 1.948394031787033143e+01
3.719384331956364917e+02 -1.405019983134840800e+01 1.944508143924680610e+01
3.713053023761902409e+02 -1.437061438261855173e+01 1.940457159842207346e+01
3.706968201823956406e+02 -1.468863096317788752e+01 1.936237900179019888e+01
3.701127144106699802e+02 -1.500416912161009542e+01 1.931848869194848461e+01
3.695526113286916257e+02 -1.531707222624166853e+01 1.927299534611984910e+01
3.690163268416135907e+02 -1.562727752740589260e+01 1.922586008516790201e+01
3.685034097837934155e+02 -1.593464092451744030e+01 1.917710155518298265e+01
3.680138765008098289e+02 -1.623913484691931686e+01 1.912678468453939828e+01
3.675476037609717537e+02 -1.654063000566954855e+01 1.907495287243098403e+01
3.671034647097994821e+02 -1.683899663540086067e+01 1.902149690368670676e+01
3.666826852786895188e+02 -1.713404499245152479e+01 1.896650447440893927e+01
3.662854861821360259e+02 -1.742574333629476513e+01 1.890991468315842994e+01
3.659098219748680094e+02 -1.771396439182949578e+01 1.885176870834869689e+01
3.655557122917750803e+02 -1.799875614902126841e+01 1.879218864844397885e+01
3.652226251092874918e+02 -1.827994561873350321e+01 1.873113020312193200e+01
3.649099776902795611e+02 -1.855749534344516505e+01 1.866863783440460267e+01
3.646181554648995871e+02 -1.883129903909560454e+01 1.860472640395462918e+01
3.643464929378284864e+02 -1.910131100957040218e+01 1.853935285362829788e+01
3.640941955588498331e+02 -1.936740034628117613e+01 1.847257628870514168e+01
3.638614071027680552e+02 -1.962951352412186878e+01 1.840448530813950612e+01
3.636478408456072202e+02 -1.988757338782662387e+01 1.833504710742377952e+01
3.634528604981742319e+02 -2.014146449023930074e+01 1.826424876477482329e+01
3.632762823165467125e+02 -2.039117355094148465e+01 1.819219076932541768e+01
3.631175404942787281e+02 -2.063662865261807866e+01 1.811891570727127743e+01
3.629762230876410740e+02 -2.087767521482098942e+01 1.804442346234317895e+01
3.628522761289647178e+02 -2.111429802907615993e+01 1.796872481680714628e+01
3.627452085405416824e+02 -2.134646737917673676e+01 1.789188120604187304e+01
3.626550247290289235e+02 -2.157404576703706311e+01 1.781394833764254315e+01
3.625810218844717383e+02 -2.179683926780533199e+01 1.773482171417226283e+01
3.625237943925727109e+02 -2.201477273143306235e+01 1.765445738785117058e+01
3.624817297258636586e+02 -2.222792670231288170e+01 1.757313187785915076e+01
3.624542755580628750e+02 -2.243621865278176841e+01 1.749072701300998034e+01
3.624414448139612546e+02 -2.263962307933170948e+01 1.740728688039668270e+01
3.624422617066606449e+02 -2.283806700133880341e+01 1.732281964895303972e+01
3.624565214231550954e+02 -2.303151519743330056e+01 1.723741995005639538e+01
3.624842956129852496e+02 -2.321994547637829953e+01 1.715112186581642817e+01
3.625244620074490172e+02 -2.340329507258644881e+01 1.706392355457188259e+01
3.625770355069831226e+02 -2.358147980040822134e+01 1.697582174899351415e+01
3.626418116715091742e+02 -2.375448329195409869e+01 1.688687096931409926e+01
3.627176322149585985e+02 -2.392232298146681657e+01 1.679713009048112937e+01
3.628044944359250508e+02 -2.408493451896226745e+01 1.670661226866221938e+01
3.629025936485999750e+02 -2.424223306749801665e+01 1.661533083856132365e+01
3.630111445125855880e+02 -2.439424617170283582e+01 1.652325862688572045e+01
3.631300820396077711e+02 -2.454095374067885160e+01 1.643049806350310504e+01
3.632584567065738952e+02 -2.468233490310085188e+01 1.633708700969599192e+01
3.633963701799692672e+02 -2.481836540181135575e+01 1.624296077370655311e+01
3.635430616610958623e+02 -2.494879508535286661e+01 1.614820474918768767e+01
3.636996170646448832e+02 -2.507361819855840324e+01 1.605278682029938864e+01
3.638642775005215526e+02 -2.519301680560020174e+01 1.595681261938482010e+01
3.640365641558120160e+02 -2.530690421022305259e+01 1.586027273371838575e+01
3.642160138068631454e+02 -2.541536151639692065e+01 1.576315614417511135e+01
3.644026840270555567e+02 -2.551838192094981750e+01 1.566560795209380075e+01
3.645962513467034114e+02 -2.561589027422721898e+01 1.556756299883174677e+01
3.647958149988622836e+02 -2.570788425326573901e+01 1.546901769748907185e+01
3.650010863934617191e+02 -2.579435724831106569e+01 1.537006230976107091e+01
3.652118661601585359e+02 -2.587531513836750818e+01 1.527070272630114722e+01
3.654276912282251715e+02 -2.595075797951917451e+01 1.517095984770674200e+01
3.656480983534315214e+02 -2.602070900796285358e+01 1.507089153919633873e+01
3.658728550903386463e+02 -2.608519061332783551e+01 1.497050946617290812e+01
3.661017370981344357e+02 -2.614416497053044353e+01 1.486986403021016123e+01
3.663339581388552233e+02 -2.619770734457399186e+01 1.476900560376513027e+01
3.665695655538138453e+02 -2.624583446548751908e+01 1.466798453443545291e+01
3.668081599845481264e+02 -2.628851763853645096e+01 1.456683804087035661e+01
3.670498222589620241e+02 -2.632578269108499924e+01 1.446549994061461497e+01
3.672929350250149696e+02 -2.635745857153361271e+01 1.436407036412208527e+01
3.675377062780387405e+02 -2.638342163721097933e+01 1.426259988329571726e+01
3.677847371569530424e+02 -2.640403759565144526e+01 1.416103196062678293e+01
3.680317897218266125e+02 -2.641933083881897915e+01 1.405947359628724591e+01
3.682793400682959941e+02 -2.642921122832716918e+01 1.395792492564912557e+01
3.685271188364288832e+02 -2.643378364674791925e+01 1.385637437908498271e+01
3.687746559817448997e+02 -2.643304895946424793e+01 1.375490588210271348e+01
3.690214806181000995e+02 -2.642700847399724751e+01 1.365354443349217561e+01
3.692671209755743575e+02 -2.641575993698354097e+01 1.355227851711162579e+01
3.695114576531595958e+02 -2.639933916063871422e+01 1.345116730198649257e+01
3.697543237870905841e+02 -2.637773276940199807e+01 1.335022949612184817e+01
3.699949741552977684e+02 -2.635098437651816283e+01 1.324950002353713074e+01
3.702327726795765557e+02 -2.631914875377083618e+01 1.314906144252241660e+01
3.704678612738443917e+02 -2.628224098474166937e+01 1.304887810007690874e+01
3.706999414061747871e+02 -2.624030471304153522e+01 1.294898592880238297e+01
3.709278218637995792e+02 -2.619343529076619603e+01 1.284939469773963161e+01
3.711524963148679035e+02 -2.614154737281011265e+01 1.275020422271831855e+01
3.713717609776167023e+02 -2.608477245200869277e+01 1.265140114130560889e+01
3.715869510650897496e+02 -2.602291063391739812e+01 1.255291061016282939e+01
3.717968231522543192e+02 -2.595600457905594283e+01 1.245492635539109116e+01
3.720003622538299624e+02 -2.588424589866844983e+01 1.235736664655206773e+01
3.721982616971502011e+02 -2.580782205168446097e+01 1.226027869358684264e+01
3.723901538829042579e+02 -2.572670412514267824e+01 1.216376942498567360e+01
3.725755585529789187e+02 -2.564099116179336946e+01 1.206774399327778546e+01
3.727540325953829665e+02 -2.555070778638501139e+01 1.197230019572368853e+01
3.729255751816532438e+02 -2.545597730889250698e+01 1.187751953415265405e+01
3.730899755731982737e+02 -2.535685991851431709e+01 1.178332885211349534e+01
3.732471469170680507e+02 -2.525338255419615052e+01 1.168979818961451400e+01
3.733966477731808595e+02 -2.514562927446235463e+01 1.159697200444743714e+01
3.735379550819811243e+02 -2.503363378411923890e+01 1.150479028473836607e+01
3.736710166903047252e+02 -2.491741512134832348e+01 1.141332086458736939e+01
3.737957591587193633e+02 -2.479709250266045473e+01 1.132261503867466246e+01
3.739123943171298947e+02 -2.467266920002051833e+01 1.123263776726615504e+01
3.740196484590468344e+02 -2.454420565376755192e+01 1.114346540036456723e+01
3.741181223678304377e+02 -2.441180711262751402e+01 1.105503212957843573e+01
3.742067851804305860e+02 -2.427552259225079823e+01 1.096738364494250462e+01
3.742854453326887665e+02 -2.413520628563354720e+01 1.088059292233982944e+01
3.743542713212223134e+02 -2.399084814000794807e+01 1.079464354424847627e+01
3.744131314980177763e+02 -2.384288191773339349e+01 1.070955906396828006e+01
3.744621622105467509e+02 -2.369130104174302431e+01 1.062538569916229747e+01
3.745004055857571643e+02 -2.353614573276690436e+01 1.054211416071627383e+01
3.745278071724393953e+02 -2.337756497502450870e+01 1.045972907523054296e+01
3.745449912363831686e+02 -2.321553852361899573e+01 1.037826258566489557e+01
3.745509953612918252e+02 -2.305020384755799867e+01 1.029771824811022540e+01
3.745460641658802388e+02 -2.288163476813900132e+01 1.021815932593511178e+01
3.745301802171034069e+02 -2.270988349505723747e+01 1.013958990309433084e+01
3.745025554405014532e+02 -2.253508646322947584e+01 1.006202595278084111e+01
3.744635104017215781e+02 -2.235730400243634008e+01 9.985496693618131303e+00
3.744132913320340776e+02 -2.217656804648346025e+01 9.909971043755389175e+00
3.743507281732758543e+02 -2.199303311245339287e+01 9.835478317397514658e+00
3.742760949052042747e+02 -2.180670805403685719e+01 9.762033082035479481e+00
3.741898348078626100e+02 -2.161769656029327535e+01 9.689704715074389796e+00
3.740909565735518640e+02 -2.142610197380149373e+01 9.618385827035387692e+00
3.739795837390332736e+02 -2.123202357669475759e+01 9.548241102451616058e+00
3.738552688241776423e+02 -2.103528343218249930e+01 9.479238562171463656e+00
3.737175539479779331e+02 -2.083609209720177446e+01 9.411356870475430014e+00
3.735670392769627028e+02 -2.063461463996768330e+01 9.344609536683675444e+00
3.734032418336463479e+02 -2.043095059413886005e+01 9.279045653342338440e+00
3.732262078498482651e+02 -2.022514603877802131e+01 9.214603569052162158e+00
3.730355317427200248e+02 -2.001734303762570377e+01 9.151311639955043375e+00
3.728321153781183739e+02 -1.980765732355913755e+01 9.089219499883556708e+00
3.726155764730310125e+02 -1.959614666884150580e+01 9.028333916000535808e+00
3.723855554192819000e+02 -1.938296655089063592e+01 8.968643018157928637e+00
3.721421490885397247e+02 -1.916820202373200743e+01 8.910169898147877632e+00
3.718854516464251105e+02 -1.895192148878302163e+01 8.852934292688837914e+00
3.716155545524245554e+02 -1.873423387512120186e+01 8.796924893594988859e+00
3.713323229164070085e+02 -1.851524430907629437e+01 8.742152946833382288e+00
3.710354063443008386e+02 -1.829508516204706225e+01 8.688632941938246645e+00
3.707247472903786161e+02 -1.807372681608641329e+01 8.636334541440799484e+00
3.704001062949301399e+02 -1.785132071531610976e+01 8.585341086629046714e+00
3.700625079828483877e+02 -1.762796628693432766e+01 8.535591987395379832e+00
3.697102386580270945e+02 -1.740375951670695187e+01 8.487135602237701804e+00
3.693432768210093968e+02 -1.717858252433844868e+01 8.439959094302995624e+00
3.689626032098205428e+02 -1.695277526571666371e+01 8.394168536163423511e+00
3.685668659961764320e+02 -1.672628717359980399e+01 8.349645186004060804e+00
3.681578391325144253e+02 -1.649930742728683697e+01 8.306376865132152787e+00
3.677346776081392363e+02 -1.627187165463364948e+01 8.264409327195714638e+00
3.672977382478500772e+02 -1.604409797984603259e+01 8.223743979055528897e+00
3.668472272451839444e+02 -1.581603200355088923e+01 8.184371693215588550e+00
3.663827708841519666e+02 -1.558773248406316370e+01 8.146283540494806630e+00
3.659041901261074941e+02 -1.535931596007912781e+01 8.109509518665165118e+00
3.654118807611158672e+02 -1.513081839951332519e+01 8.074033785268303731e+00
3.649058998013693440e+02 -1.490231581800688510e+01 8.039847043298765428e+00
3.643859365884713384e+02 -1.467393103917404140e+01 8.006950396242464407e+00
3.638520335529448744e+02 -1.444570250263974032e+01 7.975331704069101413e+00
3.633044111129874523e+02 -1.421769041236159481e+01 7.945037117835012985e+00
3.627434474449802337e+02 -1.398993908316103152e+01 7.916018710039586459e+00
3.621686566851257680e+02 -1.376256936760772476e+01 7.888281514335186984e+00
3.615801279435352171e+02 -1.353561496141811027e+01 7.861829635833037067e+00
3.609784804937740432e+02 -1.330927247349039710e+01 7.836656128875230110e+00
3.603622780576609443e+02 -1.308348661299914539e+01 7.812828504569186094e+00
3.597332524754991141e+02 -1.285835245556343409e+01 7.790321444323532241e+00
3.590912269704425626e+02 -1.263408213940284064e+01 7.769086299546402508e+00
3.584361963592997995e+02 -1.241064213915214154e+01 7.749110985604781732e+00
3.577687305664993573e+02 -1.218815386903023068e+01 7.730399875572576462e+00
3.570889555420362171e+02 -1.196665741799355764e+01 7.712944283337010098e+00
3.563968858692476829e+02 -1.174626493544531947e+01 7.696737122057199620e+00
3.556925339569910989e+02 -1.152707626802339824e+01 7.681773001858394956e+00
3.549759100626852728e+02 -1.130909526553655908e+01 7.668039014601272463e+00
3.542473663833544038e+02 -1.109238263552507320e+01 7.655524657246561837e+00
3.535069222714555508e+02 -1.087705151751089083e+01 7.644225108035463734e+00
3.527547469250830545e+02 -1.066315763292945462e+01 7.634133118895135794e+00
3.519911998550214776e+02 -1.045076528274012695e+01 7.625240252944267105e+00
3.512157578032353058e+02 -1.023996528566427600e+01 7.617538673507723068e+00
3.504293816313097523e+02 -1.003075793284697781e+01 7.611013295990589178e+00
3.496319713564398626e+02 -9.823269161038046704e+00 7.605654032068473569e+00
3.488230655657449120e+02 -9.617531596424871765e+00 7.601450972975118958e+00
3.480038543710766135e+02 -9.413687167831936264e+00 7.598394256826465742e+00
3.471729174833620277e+02 -9.211772844624968926e+00 7.596544759577076533e+00
3.463313259541166076e+02 -9.011977971350367156e+00 7.595857864333577680e+00
3.454794066742485938e+02 -8.814160207976220462e+00 7.596282154020928878e+00
3.446177345880456073e+02 -8.618455732145271497e+00 7.597796499266824100e+00
3.437458129574746977e+02 -8.424957553811676547e+00 7.600396128732336720e+00
3.428645271096704619e+02 -8.233650617697335861e+00 7.604063295489726038e+00
3.419741610042080424e+02 -8.044684649651067332e+00 7.608781749699854657e+00
3.410742671556639607e+02 -7.858058306017741579e+00 7.614541176978153914e+00
3.401653534254380133e+02 -7.673865628976602515e+00 7.621325688306017199e+00
3.392479469685295612e+02 -7.492147589415935727e+00 7.629118271664386164e+00
3.383217194783101718e+02 -7.312927733684450260e+00 7.637907843475238323e+00
3.373868016408092672e+02 -7.136305352834875215e+00 7.647676272132267528e+00
3.364439641046825500e+02 -6.962330201311498712e+00 7.658399930712835868e+00
3.354929980484165526e+02 -6.791074929630361190e+00 7.670066062057704137e+00
3.345336572972560134e+02 -6.622568506279747247e+00 7.682654208963318077e+00
3.335668543290122443e+02 -6.456838581675758526e+00 7.696159579611223656e+00
3.325920519571668024e+02 -6.293916494650291682e+00 7.710556419495675939e+00
3.316103681797385434e+02 -6.133943249148630983e+00 7.725836757447991587e+00
3.306204346894237460e+02 -5.977104547663480538e+00 7.742050178434249474e+00
3.296239020544964546e+02 -5.823190125032452258e+00 7.759150531484841906e+00
3.286202646168962929e+02 -5.672351621909267116e+00 7.777085005772791604e+00
3.276105787810973879e+02 -5.524555058613045411e+00 7.795845469614121725e+00
3.265948956965816024e+02 -5.379836763450633441e+00 7.815419344653495415e+00
3.255731224383121116e+02 -5.238244365315010143e+00 7.835788398138827660e+00
3.245456295206181494e+02 -5.099807496549400021e+00 7.856938029676850732e+00
3.235129406840472939e+02 -4.964545977733629378e+00 7.878851062948769801e+00
3.224751969631649331e+02 -4.832485902454497051e+00 7.901512292933526638e+00
3.214323015094851712e+02 -4.703651895457690912e+00 7.924905587250012928e+00
3.203844556192299251e+02 -4.578066608864359566e+00 7.949012133568520433e+00
3.193319218566358586e+02 -4.455759077248380606e+00 7.973815796192210925e+00
3.182748172000078739e+02 -4.336758234244324939e+00 7.999301984696697509e+00
3.172134854792988108e+02 -4.221083833173253197e+00 8.025452177861888359e+00
3.161479595538582998e+02 -4.108750475689370241e+00 8.052246609748188177e+00
3.150786647196480885e+02 -3.999770380129609393e+00 8.079663514119847179e+00
3.140055499184262544e+02 -3.894166417732918717e+00 8.107695482359185135e+00
3.129291315225489711e+02 -3.791956318862651276e+00 8.136318242181042493e+00
3.118496058143078926e+02 -3.693379932435955304e+00 8.165568348174636171e+00
3.107671176750140489e+02 -3.598294713965910496e+00 8.195386270232777548e+00
3.096822951450747610e+02 -3.506660450929889095e+00 8.225737586156922632e+00
3.085950662987215765e+02 -3.418480243792439310e+00 8.256604405113623812e+00
3.075058723764050796e+02 -3.333762014058332390e+00 8.287963445966781251e+00
3.064147237278476155e+02 -3.252515064093384645e+00 8.319795794553424884e+00
3.053219784844875448e+02 -3.174749345360752706e+00 8.352060608211257176e+00
3.042281507451217522e+02 -3.100471246989844332e+00 8.384780910352722216e+00
3.031329947425472255e+02 -3.029693433148381576e+00 8.417933560635059820e+00
3.020364641251351827e+02 -2.962427225960896582e+00 8.451455469151158084e+00
3.009393701184051224e+02 -2.898670081660527309e+00 8.485321710684360141e+00
2.998420782241919937e+02 -2.838418136303321404e+00 8.519565134526612127e+00
2.987442941172083692e+02 -2.781670490075451863e+00 8.554169151736441989e+00
2.976465322563630025e+02 -2.728414184586533064e+00 8.589024703645064207e+00
2.965493073244068114e+02 -2.678647143701509581e+00 8.624187862704467022e+00
2.954529536627383095e+02 -2.632371909832742052e+00 8.659656991920662961e+00
2.943569448294533117e+02 -2.589585412558135680e+00 8.695377634796241040e+00
2.932630036386152597e+02 -2.550273909937837757e+00 8.731296109809182582e+00
2.921703072450539480e+02 -2.514695474968299482e+00 8.767453674755039117e+00
2.910794735388516301e+02 -2.482639509615304441e+00 8.803764780117507627e+00
2.899904083110452575e+02 -2.454028650553197188e+00 8.840292717416557977e+00
2.889035952284421001e+02 -2.428857166266098044e+00 8.876931359366480478e+00
2.878195523315546325e+02 -2.407109768132493333e+00 8.913673146131511515e+00
2.867377939235821032e+02 -2.388780341955609732e+00 8.950525551776074451e+00
2.856589842507033268e+02 -2.373856519895721107e+00 8.987449964975141370e+00
2.845830037191823294e+02 -2.362323403540209199e+00 9.024433916339459572e+00
2.835102697498593898e+02 -2.354159157446630068e+00 9.061447047784172426e+00
2.824412491381610835e+02 -2.349341119913654907e+00 9.098468587924562812e+00
2.813758454020111799e+02 -2.347847112377640766e+00 9.135446886819906354e+00
2.803144626458970947e+02 -2.349655905320519711e+00 9.172368187386702232e+00
2.792575651509928321e+02 -2.354754652473220133e+00 9.209283663043157375e+00
2.782047339248100570e+02 -2.363128717637485110e+00 9.246100137715112410e+00
2.771564459452802112e+02 -2.374757707699283849e+00 9.282795121168069485e+00
2.761131791551069909e+02 -2.389629829705918862e+00 9.319426173710784411e+00
2.750752712284307222e+02 -2.407722800615704539e+00 9.355944764404711123e+00
2.740413745588052734e+02 -2.429009315733847263e+00 9.392302891914898311e+00
2.730135998106579223e+02 -2.453748010829420512e+00 9.428520940611816670e+00
2.719909050906756534e+02 -2.481680818267638866e+00 9.464539547317800228e+00
2.709737393438538220e+02 -2.512756845753047141e+00 9.500371293488001356e+00
2.699625869762450066e+02 -2.546946173593704454e+00 9.535970970522678059e+00
2.689568501856856528e+02 -2.584218004956077230e+00 9.571398085709223125e+00
2.679572793140494582e+02 -2.624537081965776064e+00 9.606527359634068119e+00
2.669640632265047770e+02 -2.667858318972367027e+00 9.641415567546665955e+00
2.659774901127403837e+02 -2.714150666511267573e+00 9.676032267245352259e+00
2.649972981792732867e+02 -2.763380355198707949e+00 9.710379354543164254e+00
2.640237464707179811e+02 -2.815506853917225882e+00 9.744430952072697494e+00
2.630570666227021661e+02 -2.870493072259467038e+00 9.778134635906852168e+00
2.620975243017081766e+02 -2.928303149679055473e+00 9.811502952937221522e+00
2.611455887132391922e+02 -2.988895942658457816e+00 9.844548367669593958e+00
2.602002986855513313e+02 -3.052226710344307481e+00 9.877249387974655903e+00
2.592630067496751280e+02 -3.118253746139027616e+00 9.909532956349771382e+00
2.583335947265142067e+02 -3.186943892232570796e+00 9.941464483688145393e+00
2.574119459610391800e+02 -3.258253806731809643e+00 9.973042503441890361e+00
2.564979453482881127e+02 -3.332140597383044245e+00 1.000409534531952360e+01
2.555920043425026336e+02 -3.408807055340431269e+00 1.003474741491925393e+01
2.546948681742079543e+02 -3.487984934901686263e+00 1.006496093813103165e+01
2.538063645837905540e+02 -3.569588328595936666e+00 1.009468768369763936e+01
2.529258036957420188e+02 -3.653574931313050556e+00 1.012393549954206229e+01
2.520540793646671887e+02 -3.739893171741173195e+00 1.015271587400489040e+01
2.511913267911722869e+02 -3.828490297959620481e+00 1.018099033543654031e+01
2.503369853043795104e+02 -3.919318516751215231e+00 1.020875398466506567e+01
2.494915815784950723e+02 -4.012327871963465853e+00 1.023601796700981659e+01
2.486551299003734528e+02 -4.107466746550616499e+00 1.026271843530365757e+01
2.478279122668243417e+02 -4.204677223000286901e+00 1.028884244897184352e+01
2.470101947824668116e+02 -4.303901851654641675e+00 1.031440433659235190e+01
2.462017645948590427e+02 -4.405087562436770909e+00 1.033940293244106812e+01
2.454029387493313266e+02 -4.508177930993124249e+00 1.036384797174480177e+01
2.446136263153613868e+02 -4.613116853493026248e+00 1.038765961045421271e+01
2.438337382432457900e+02 -4.719848536654056126e+00 1.041086072869526902e+01
2.430633569195456118e+02 -4.828317487672443953e+00 1.043348942317999928e+01
2.423035043550466980e+02 -4.938468070078465999e+00 1.045539177301348666e+01
2.415534805462151837e+02 -5.050239174227482586e+00 1.047670077339709493e+01
2.408139910103486443e+02 -5.163756057904663521e+00 1.049731312445006992e+01
2.400842099970794550e+02 -5.278785187031052928e+00 1.051728318532410533e+01
2.393646402771403530e+02 -5.395262565688640599e+00 1.053649867460267231e+01
2.386558251162735189e+02 -5.513116906016031216e+00 1.055501895282792546e+01
2.379566957539986731e+02 -5.632302867600678553e+00 1.057286123731656069e+01
2.372679298280603462e+02 -5.752749564358303758e+00 1.058998486303673481e+01
2.365893295414937540e+02 -5.874388096133123405e+00 1.060638233402124442e+01
2.359210346942753347e+02 -5.997155649096709062e+00 1.062206268848150259e+01
2.352632169020728554e+02 -6.121000082423604383e+00 1.063699891504011319e+01
2.346161329286082093e+02 -6.245865427384651447e+00 1.065117268333023226e+01
2.339797495886012655e+02 -6.371698818924619090e+00 1.066459426634070162e+01
2.333536262649309663e+02 -6.498454926675644394e+00 1.067727378222562251e+01
2.327379017382268955e+02 -6.626080715652990172e+00 1.068922119326680509e+01
2.321329628569924637e+02 -6.754520015133419264e+00 1.070042973827729327e+01
2.315387454657370370e+02 -6.883730362669036928e+00 1.071085962227804878e+01
2.309551874610916400e+02 -7.013668571795958151e+00 1.072051204194101537e+01
2.303822287915864138e+02 -7.144286191871366043e+00 1.072934276534183518e+01
2.298198116382194200e+02 -7.275534852777088446e+00 1.073742279785958864e+01
2.292695285063884114e+02 -7.407464691006861557e+00 1.074462513513449657e+01
2.287290207555144832e+02 -7.539918768646204583e+00 1.075102833770441180e+01
2.281994703307375403e+02 -7.672842217661244746e+00 1.075657950961060827e+01
2.276803322519420476e+02 -7.806163370976824112e+00 1.076139856144810203e+01
2.271720123247419565e+02 -7.939900498036952747e+00 1.076534951730068457e+01
2.266740939214915329e+02 -8.073912740409085131e+00 1.076850235279594870e+01
2.261868214071729142e+02 -8.208174561974933781e+00 1.077085282031844038e+01
2.257099476674236485e+02 -8.342677068179716215e+00 1.077238812250711320e+01
2.252431849182013650e+02 -8.477316540665670530e+00 1.077311596555836459e+01
2.247871540235296663e+02 -8.612038411186668796e+00 1.077304389172407184e+01
2.243419049244745338e+02 -8.746846099061018620e+00 1.077215048583404489e+01
2.239066595099240828e+02 -8.881660577057523653e+00 1.077040574632254710e+01
2.234815911367909393e+02 -9.016369358222291908e+00 1.076783724276693555e+01
2.230669609963296978e+02 -9.150958965978489346e+00 1.076448096974401913e+01
2.226622448615335088e+02 -9.285424590128931399e+00 1.076029402307680805e+01
2.222674977754318775e+02 -9.419636762713707867e+00 1.075528296243307480e+01
2.218832349139649409e+02 -9.553619256393963255e+00 1.074945021369257958e+01
2.215088519138843992e+02 -9.687280418447087982e+00 1.074273664508497284e+01
2.211452034184611364e+02 -9.820530770878388438e+00 1.073521220052734115e+01
2.207913576450083610e+02 -9.953389718432452682e+00 1.072682257766224723e+01
2.204479149822323052e+02 -1.008570330703042117e+01 1.071769660405720792e+01
2.201137522442136287e+02 -1.021748962545310313e+01 1.070773333729993304e+01
2.197892218922695520e+02 -1.034867263527262793e+01 1.069697475580116297e+01
2.194744384457810895e+02 -1.047920852665857083e+01 1.068538941148123911e+01
2.191689408391708014e+02 -1.060902071533733171e+01 1.067305601434897966e+01
2.188733332112890650e+02 -1.073805671770584347e+01 1.065998020036968263e+01
2.185870028270919363e+02 -1.086628468749722209e+01 1.064610489282873118e+01
2.183093990434955742e+02 -1.099367255415996070e+01 1.063143835104335189e+01
2.180411379449212461e+02 -1.112013079550242445e+01 1.061601832270210188e+01
2.177821031212359060e+02 -1.124560100669966900e+01 1.059984913821481101e+01
2.175316678273248954e+02 -1.137009279321472732e+01 1.058291464036909701e+01
2.172902910797592710e+02 -1.149348174403042933e+01 1.056518937775482669e+01
2.170578561331996070e+02 -1.161573452671764883e+01 1.054672703705666592e+01
2.168337496892290517e+02 -1.173681752940711043e+01 1.052753926713509536e+01
2.166174735751578737e+02 -1.185669685211798452e+01 1.050768015883573447e+01
2.164103579238321231e+02 -1.197533198220756567e+01 1.048702167872733604e+01
2.162117725616550388e+02 -1.209255229859222069e+01 1.046556820066890481e+01
2.160216282525513236e+02 -1.220839113845314650e+01 1.044339480379816898e+01
2.158393261514735002e+02 -1.232281336569836050e+01 1.042050448640754112e+01
2.156648403240209859e+02 -1.243572806759810589e+01 1.039695699031521059e+01
2.154982098147326326e+02 -1.254715374738184330e+01 1.037270791360535505e+01
2.153389885998097100e+02 -1.265702953081287419e+01 1.034779318651673918e+01
2.151870540839523187e+02 -1.276535861286085449e+01 1.032218418178877961e+01
2.150424539590052575e+02 -1.287209595649056304e+01 1.029590001026716806e+01
2.149052371813388049e+02 -1.297715408534054582e+01 1.026896502422019353e+01
2.147754539423373217e+02 -1.308054283408899110e+01 1.024137827123259470e+01
2.146525871512008905e+02 -1.318224589172914740e+01 1.021313866959367012e+01
2.145361805540798628e+02 -1.328218563090676696e+01 1.018424501015937800e+01
2.144267050877019187e+02 -1.338035648521721832e+01 1.015469595825610760e+01
2.143240554525418702e+02 -1.347670107040016418e+01 1.012450606865619740e+01
2.142277876004284280e+02 -1.357122956250296397e+01 1.009371188182903900e+01
2.141378811101751580e+02 -1.366385947166705606e+01 1.006226530378686235e+01
2.140538112654253950e+02 -1.375456562491629242e+01 1.003021918636318155e+01
2.139757227121748713e+02 -1.384336142062448261e+01 9.997499552040233439e+00
2.139048621011195337e+02 -1.393002949499824972e+01 9.964118773277872876e+00
2.138393685327199023e+02 -1.401467304725611562e+01 9.930135922115518099e+00
2.137792930599196950e+02 -1.409732291027166973e+01 9.895610069685773169e+00
2.137246983087411252e+02 -1.417795280702008576e+01 9.860543516273487796e+00
2.136756477383717652e+02 -1.425647827467985707e+01 9.824880722754421924e+00
2.136317163556369962e+02 -1.433295236134383899e+01 9.788655089121029107e+00
2.135927983528923448e+02 -1.440737691839834689e+01 9.751925809187030225e+00
2.135589595000185170e+02 -1.447963786212604020e+01 9.714711328267746637e+00
2.135299011336860531e+02 -1.454976076771899329e+01 9.677008775781363425e+00
2.135053954552616062e+02 -1.461773564236990453e+01 9.638782811720600918e+00
2.134855102631891555e+02 -1.468351749871463063e+01 9.600053230378787106e+00
2.134698319152492729e+02 -1.474712308868608446e+01 9.560892430058846259e+00
2.134579905878870250e+02 -1.480849530151081694e+01 9.521277219586885110e+00
2.134506601315291903e+02 -1.486764452176044493e+01 9.481174075799026824e+00
2.134467900851813340e+02 -1.492453459762423762e+01 9.440629791602297871e+00
2.134460589144357812e+02 -1.497913643555527408e+01 9.399648456131087570e+00
2.134496383951487246e+02 -1.503147134360625259e+01 9.358281567433760273e+00
2.134564201288452807e+02 -1.508146495524946218e+01 9.316452842276234492e+00
2.134660514202471973e+02 -1.512900612828435243e+01 9.274259691437764630e+00
2.134796027285222237e+02 -1.517422364239920896e+01 9.231608794391046757e+00
2.134953264425944610e+02 -1.521713947878853723e+01 9.188678356087493171e+00
2.135137198668539895e+02 -1.525766179642209686e+01 9.145422059587364316e+00
2.135349460874919316e+02 -1.529590003810981003e+01 9.101826979165661413e+00
2.135581036806673012e+02 -1.533175540321914454e+01 9.057889127508152782e+00
2.135833669289253010e+02 -1.536519672856287855e+01 9.013649068057832281e+00
2.136110236899586425e+02 -1.539628460402153109e+01 8.969124115785026774e+00
2.136404213353153239e+02 -1.542499151640115151e+01 8.924346462238776923e+00
2.136710403622759031e+02 -1.545127718849071563e+01 8.879309412110504951e+00
2.137029549629440908e+02 -1.547516018080939659e+01 8.833974924081944735e+00
2.137360002175092006e+02 -1.549663461336073667e+01 8.788410489257918456e+00
2.137700273281697889e+02 -1.551567591059201234e+01 8.742678737949958645e+00
2.138052600095236926e+02 -1.553230106522331866e+01 8.696683584438371639e+00
2.138408803157234956e+02 -1.554652654724823790e+01 8.650560254199122667e+00
2.138774338144679064e+02 -1.555836830423360695e+01 8.604249853527111469e+00
2.139143759437429537e+02 -1.556783852920729494e+01 8.557754431538345585e+00
2.139511857489686690e+02 -1.557483766135599446e+01 8.511187955981791120e+00
2.139887275476432649e+02 -1.557924671435857533e+01 8.464456350536845974e+00
2.140256774482026003e+02 -1.558126301418510806e+01 8.417576106546031056e+00
2.140627343418145756e+02 -1.558089910918333842e+01 8.370659776158941412e+00
2.140994874054384240e+02 -1.557816703168598416e+01 8.323651218107585237e+00
2.141354247149679111e+02 -1.557302560638900246e+01 8.276584545408729454e+00
2.141710051718218324e+02 -1.556552107983782030e+01 8.229415110785577525e+00
2.142060652754449848e+02 -1.555563698189233079e+01 8.182204890806541897e+00
2.142400921001520260e+02 -1.554336171127485322e+01 8.134947375090019861e+00
2.142725723208390320e+02 -1.552874089705593796e+01 8.087643576527051792e+00
2.143039524165247371e+02 -1.551174936998052800e+01 8.040345968518474606e+00
2.143341807893774558e+02 -1.549238335237864916e+01 7.993051291877492304e+00
2.143626919558452926e+02 -1.547070337570579923e+01 7.945712030049263852e+00
2.143900429615072483e+02 -1.544667466055205551e+01 7.898358012572007425e+00
2.144152538541705439e+02 -1.542031967431903716e+01 7.851072718554508612e+00
2.144381478767026010e+02 -1.539168416811256002e+01 7.803835499283910515e+00
2.144597048699980064e+02 -1.536072668348481329e+01 7.756589549299807373e+00
2.144783220616577353e+02 -1.532750856361366409e+01 7.709387462393688217e+00
2.144953371769889827e+02 -1.529190878019338484e+01 7.662280771371166033e+00
2.145094294286727461e+02 -1.525395644927941241e+01 7.615256338388256552e+00
2.145208195081872020e+02 -1.521376151041238955e+01 7.568311073297761205e+00
2.145296053738662181e+02 -1.517132658329643924e+01 7.521435825680896414e+00
2.145358841405375188e+02 -1.512671157031817870e+01 7.474734775720830449e+00
2.145392269560166199e+02 -1.507992864390376120e+01 7.428112561241627887e+00
2.145391104239571121e+02 -1.503102854324841609e+01 7.381629898012318947e+00
2.145358948964659476e+02 -1.497998660218325107e+01 7.335313079972340944e+00
2.145294905441892297e+02 -1.492682264409760862e+01 7.289153174802121882e+00
2.145197306389426046e+02 -1.487156365612455389e+01 7.243177261799114142e+00
2.145063882911673545e+02 -1.481421029465028383e+01 7.197374738819058315e+00
2.144892119089994935e+02 -1.475479048924822756e+01 7.151730334623187524e+00
2.144680551600604588e+02 -1.469334239932061159e+01 7.106273659075705851e+00
2.144427755829001967e+02 -1.462988487253238290e+01 7.061015471809240829e+00
2.144137732512141952e+02 -1.456446354737292204e+01 7.015993780799597346e+00
2.143805150946210176e+02 -1.449708821489180011e+01 6.971211199984535867e+00
2.143426768355401180e+02 -1.442781901904488784e+01 6.926707143998537042e+00
2.143014359066711734e+02 -1.435671286537078650e+01 6.882417081601713171e+00
2.142548524680402693e+02 -1.428370233202264572e+01 6.838399665067834476e+00
2.142042255505748471e+02 -1.420877236783556086e+01 6.794720297614289528e+00
2.141485687684892696e+02 -1.413212770004975205e+01 6.751294626000448496e+00
2.140885405227998319e+02 -1.405370546902135764e+01 6.708234489314429894e+00
2.140242714251814675e+02 -1.397360931204579160e+01 6.665452366532886863e+00
2.139547900905106133e+02 -1.389190644058894542e+01 6.623014011521713762e+00
2.138803783737743345e+02 -1.380855781755990996e+01 6.580925214699131054e+00
2.138012867321627084e+02 -1.372358481746832837e+01 6.539183472010116738e+00
2.137167876809292295e+02 -1.363708406020646713e+01 6.497801479482445686e+00
2.136267863535145182e+02 -1.354906649266204255e+01 6.456789260354627302e+00
2.135316528877187352e+02 -1.345952775389446643e+01 6.416154874949111075e+00
2.134311785621979425e+02 -1.336852366031096828e+01 6.375906751023280528e+00
2.133250430750646274e+02 -1.327610974657888221e+01 6.336054648274413559e+00
2.132135019405062337e+02 -1.318232204577410016e+01 6.296614202976295260e+00
2.130967862468417025e+02 -1.308718205279352098e+01 6.257593401548422030e+00
2.129739546760423252e+02 -1.299077542945821406e+01 6.218993489210594028e+00
2.128451542696786873e+02 -1.289309075727500620e+01 6.180833669884185255e+00
2.127110274767800036e+02 -1.279416875180715962e+01 6.143117003004489263e+00
2.125708271754102441e+02 -1.269393237763341276e+01 6.105864675279489617e+00
2.124244687857576821e+02 -1.259245123319167803e+01 6.069083953804863540e+00
2.122717276288351798e+02 -1.248974341246047004e+01 6.032756788035936069e+00
2.121132642309415530e+02 -1.238596933053771565e+01 5.996898485005296209e+00
2.119486411460754596e+02 -1.228106992434247857e+01 5.961507871978073858e+00
2.117778288273845817e+02 -1.217511997534540491e+01 5.926592638676232205e+00
2.116004134269027190e+02 -1.206812727041608646e+01 5.892152935052715534e+00
2.114167181187741846e+02 -1.196011554562070600e+01 5.858195025864830541e+00
2.112270273265260414e+02 -1.185112637435798710e+01 5.824728893923984963e+00
2.110310465287410295e+02 -1.174120116932137670e+01 5.791761080793528471e+00
2.108288458900883597e+02 -1.163038119104174761e+01 5.759295618952094742e+00
2.106205559988717653e+02 -1.151868023929727691e+01 5.727336660917892175e+00
2.104056147570560142e+02 -1.140614696420151120e+01 5.695888480250185459e+00
2.101840297721236652e+02 -1.129288883703955015e+01 5.664959281094876786e+00
2.099566447726585636e+02 -1.117889962988461505e+01 5.634559993997187100e+00
2.097230006098548358e+02 -1.106420920373561678e+01 5.604686117351235453e+00
2.094830812820839583e+02 -1.094880947960507633e+01 5.575346615652446935e+00
2.092363667062998900e+02 -1.083279777965270441e+01 5.546534505452296315e+00
2.089832928267456680e+02 -1.071611152368040187e+01 5.518274023307922604e+00
2.087230924499787648e+02 -1.059877632964744620e+01 5.490588287641260834e+00
2.084562087767260437e+02 -1.048095914699274367e+01 5.463440760867457335e+00
2.081826843397097377e+02 -1.036258132422979372e+01 5.436836514373493578e+00
2.079031210548238562e+02 -1.024378360593604675e+01 5.410775467166125452e+00
2.076166184388091835e+02 -1.012452199737170311e+01 5.385267480145142116e+00
2.073238897011820541e+02 -1.000490408162884748e+01 5.360310181309786870e+00
2.070244614384487818e+02 -9.884962595605200519e+00 5.335901480139705555e+00
2.067187128433555188e+02 -9.764675693519302868e+00 5.312049143872083157e+00
2.064064984433740335e+02 -9.644127749843114827e+00 5.288754913415213643e+00
2.060878634336492325e+02 -9.523357464527181904e+00 5.266018974349051085e+00
2.057629902914618754e+02 -9.402389676404556695e+00 5.243842336650642366e+00
2.054313602774434173e+02 -9.281319222617694820e+00 5.222226091606898990e+00
2.050936194525689871e+02 -9.160124346440200682e+00 5.201175580712852131e+00
2.047499707444926287e+02 -9.038827500134733128e+00 5.180683486958540307e+00
2.043995185923865847e+02 -8.917550305720029158e+00 5.160755710706533606e+00
2.040429045893359898e+02 -8.796235084769312706e+00 5.141392509251723197e+00
2.036806995487343386e+02 -8.675036691160448399e+00 5.122588958665819092e+00
2.033113387875017395e+02 -8.553853539518964766e+00 5.104371253047793822e+00
2.029361250513717323e+02 -8.432796570483912291e+00 5.086754727961756650e+00
2.025547799944607732e+02 -8.311924882181273233e+00 5.069696322008246270e+00
2.021667004128835003e+02 -8.191279199951141621e+00 5.053197220710406334e+00
2.017729588849097695e+02 -8.070900364785233094e+00 5.037253513031623164e+00
2.013732523424507406e+02 -7.950777571036329761e+00 5.021871174039664432e+00
2.009679259070609589e+02 -7.830985311671127214e+00 5.007048800220593954e+00
2.005563031355614214e+02 -7.711539704358616909e+00 4.992777918064696507e+00
2.001387292661867718e+02 -7.592498983669992541e+00 4.979060151127054468e+00
1.997153919525008519e+02 -7.473931344474901373e+00 4.965893436232827973e+00
1.992862977836333016e+02 -7.355845568014553137e+00 4.953277355110310864e+00
1.988517907562783193e+02 -7.238266342659683161e+00 4.941210826189044170e+00
1.984118623705613800e+02 -7.121240919888865761e+00 4.929688235516729300e+00
1.979665027421519028e+02 -7.004775965212448163e+00 4.918715982094274963e+00
1.975157006136090274e+02 -6.888950199900470750e+00 4.908290494038808127e+00
1.970594433666148575e+02 -6.773784813553496598e+00 4.898406707414354244e+00
1.965978422863850597e+02 -6.659262259005815920e+00 4.889071989427244525e+00
1.961320132440968393e+02 -6.545472175062438502e+00 4.880267084942150113e+00
1.956597012407281397e+02 -6.432401024996075023e+00 4.872031698887232309e+00
1.951822328446707218e+02 -6.320088455147058859e+00 4.864359113832851023e+00
1.947005263896064093e+02 -6.208550173381446768e+00 4.857211558141820262e+00
1.942133843100495483e+02 -6.097819135594805040e+00 4.850593529255715630e+00
1.937212191449238219e+02 -5.987928548415741403e+00 4.844498896743333560e+00
1.932241108069077313e+02 -5.878860289071278444e+00 4.838925572360840199e+00
1.927220351446268864e+02 -5.770681110073325293e+00 4.833867863662248077e+00
1.922153999447675403e+02 -5.663443566556468411e+00 4.829318746803834550e+00
1.917044056872173030e+02 -5.557103577988863563e+00 4.825275225083509589e+00
1.911886743676716378e+02 -5.451712100482407841e+00 4.821736679884277343e+00
1.906684855519938822e+02 -5.347335010519207010e+00 4.818696419493189609e+00
1.901442439610395354e+02 -5.243956265957334217e+00 4.816147016325499131e+00
1.896155262707673330e+02 -5.141596789865816142e+00 4.814088168833614567e+00
1.890824854838556348e+02 -5.040302259636963988e+00 4.812514131577664500e+00
1.885454203918118026e+02 -4.940085386475566054e+00 4.811411986669083873e+00
1.880038827276968618e+02 -4.840964964433536188e+00 4.810785881177344514e+00
1.874583956528900046e+02 -4.742965266972116289e+00 4.810628513698115505e+00
1.869089234879613173e+02 -4.646110691378352087e+00 4.810922297389353730e+00
1.863551661436528946e+02 -4.550470695864687443e+00 4.811702703142430870e+00
1.857971168738085055e+02 -4.456076458966411025e+00 4.812959979671606270e+00
1.852356085414387508e+02 -4.362897116265130215e+00 4.814656612556216686e+00
1.846700274061026334e+02 -4.270946195467318240e+00 4.816780798207377146e+00
1.841013812395094362e+02 -4.180254222667953989e+00 4.819337483746877204e+00
1.835288110482684090e+02 -4.090838543495786794e+00 4.822313042975452824e+00
1.829534015945982333e+02 -4.002723158642558232e+00 4.825699200143664491e+00
1.823748110177547233e+02 -3.915922398377934321e+00 4.829490684982629567e+00
1.817933192528039967e+02 -3.830457015961143075e+00 4.833682309456484028e+00
1.812090753537463002e+02 -3.746351495918291530e+00 4.838265480668604290e+00
1.806220316147952190e+02 -3.663615689169166245e+00 4.843232054133984832e+00
1.800322313864746491e+02 -3.582263288995354955e+00 4.848574419929580159e+00
1.794396849688515090e+02 -3.502316059125558656e+00 4.854281513859621811e+00
1.788450360105289008e+02 -3.423779789190526834e+00 4.860344175393874089e+00
1.782479041165838964e+02 -3.346675226515621215e+00 4.866757672038247939e+00
1.776486620238003695e+02 -3.271015950083548063e+00 4.873515334580240221e+00
1.770468221314455946e+02 -3.196824507561633943e+00 4.880601371681672518e+00
1.764435056640076027e+02 -3.124107023345075174e+00 4.888011077639699664e+00
1.758371670881231239e+02 -3.052949510136656386e+00 4.895758558282784279e+00
1.752298491373929039e+02 -2.983354145760957365e+00 4.903832201420233794e+00
1.746203380119008557e+02 -2.915269863884259571e+00 4.912196318322913591e+00
1.740091342432972681e+02 -2.848710236369855320e+00 4.920852094263984178e+00
1.733973632009408448e+02 -2.783689451509848922e+00 4.929779342531020347e+00
1.727836544725377905e+02 -2.720216955556351124e+00 4.938970687907940693e+00
1.721689243048134017e+02 -2.658301193945877827e+00 4.948422579923614784e+00
1.715532373935249950e+02 -2.597954023528889156e+00 4.958125236289083304e+00
1.709366720369130803e+02 -2.539181499780097440e+00 4.968069593516542426e+00
1.703194211751450382e+02 -2.481985449004193711e+00 4.978248939792742966e+00
1.697011004252485122e+02 -2.426377241970000043e+00 4.988656606203238475e+00
1.690818038853045664e+02 -2.372370119004213240e+00 4.999285964570087337e+00
1.684620223315394867e+02 -2.319969289359522957e+00 5.010132651017238814e+00
1.678414205972960360e+02 -2.269178874761301756e+00 5.021190863418241612e+00
1.672203988344542438e+02 -2.219994453961674274e+00 5.032447301534249462e+00
1.665989768991048834e+02 -2.172425375860319807e+00 5.043903914227428231e+00
1.659776379703278337e+02 -2.126475033373762979e+00 5.055543011442976464e+00
1.653562880468350613e+02 -2.082136289831967968e+00 5.067358320432448160e+00
1.647341020493362862e+02 -2.039516298071041067e+00 5.079368093542930396e+00
1.641123934462594889e+02 -1.998576574042039589e+00 5.091557555468603447e+00
1.634911160060774762e+02 -1.959261433765339566e+00 5.103896181827047407e+00
1.628701922976258345e+02 -1.921571425394979160e+00 5.116388978381347208e+00
1.622495451430270066e+02 -1.885501712139765695e+00 5.129019925243397893e+00
1.616296079599524091e+02 -1.851047175207473972e+00 5.141785645268150517e+00
1.610099849333493012e+02 -1.818212462726481515e+00 5.154671956084266427e+00
1.603912637688903260e+02 -1.786994060629023551e+00 5.167677295040334684e+00
1.597734472567822195e+02 -1.757392177462954397e+00 5.180792303457268488e+00
1.591561858334345914e+02 -1.729407695021955904e+00 5.194001775492846029e+00
1.585397076289630149e+02 -1.703037135354880771e+00 5.207302350689940518e+00
1.579242942818498250e+02 -1.678275410339325147e+00 5.220689642276756359e+00
1.573100919107837399e+02 -1.655116608954385837e+00 5.234149411093262039e+00
1.566972862994325055e+02 -1.633555779141160347e+00 5.247675373457330927e+00
1.560854608802181076e+02 -1.613588650452957518e+00 5.261259859178165854e+00
1.554750643584837633e+02 -1.595210753819336302e+00 5.274891347971038869e+00
1.548660790121468835e+02 -1.578417419902746532e+00 5.288562977019939382e+00
1.542590233000705950e+02 -1.563203680204050094e+00 5.302262374083648311e+00
1.536532064510745954e+02 -1.549673501934697439e+00 5.315991724125179729e+00
1.530498912065558557e+02 -1.537758661991785347e+00 5.329745808617382785e+00
1.524476996912163713e+02 -1.527390897603037923e+00 5.343494555580453387e+00
1.518476888093933894e+02 -1.518560006604955381e+00 5.357242565134153089e+00
1.512499262874766544e+02 -1.511255895384662429e+00 5.370979292340593680e+00
1.506538341867103270e+02 -1.505469051698660632e+00 5.384697184490588207e+00
1.500601262325313598e+02 -1.501189162678722600e+00 5.398380420422867587e+00
1.494686943585039955e+02 -1.498404727535960212e+00 5.412022888177292046e+00
1.488796208991741992e+02 -1.497101886159033057e+00 5.425620388745238110e+00
1.482931145307495058e+02 -1.497267506939093051e+00 5.439162914712298402e+00
1.477091088567526640e+02 -1.498888976262549244e+00 5.452637664478236168e+00
1.471275381532049380e+02 -1.501953274899944235e+00 5.466034400036644314e+00
1.465485562730861204e+02 -1.506448439033415854e+00 5.479346427108072959e+00
1.459725401092962613e+02 -1.512361951818868011e+00 5.492565233384866019e+00
1.453994260812705477e+02 -1.519678195527408571e+00 5.505680572458417465e+00
1.448291513655339884e+02 -1.528376966755490507e+00 5.518688959676368633e+00
1.442617073163222869e+02 -1.538435346934721837e+00 5.531573279191084325e+00
1.436976273545959657e+02 -1.549831865304573064e+00 5.544338496473560696e+00
1.431363497082957679e+02 -1.562656603406869849e+00 5.556962029224183475e+00
1.425790724632179263e+02 -1.576818647979243870e+00 5.569450429755966603e+00
1.420250190245600095e+02 -1.592253720174805709e+00 5.581785079807159100e+00
1.414746769280590684e+02 -1.608944754101407915e+00 5.593966565401883528e+00
1.409280423609627633e+02 -1.626878000042710770e+00 5.605985818821421773e+00
1.403850417233765029e+02 -1.646038757687408483e+00 5.617837363557013575e+00
1.398456023627519471e+02 -1.666413201829351820e+00 5.629521434121018686e+00
1.393096525936576882e+02 -1.687987665352309374e+00 5.641027018705537799e+00
1.387775042399034078e+02 -1.710748938015048903e+00 5.652348670743538861e+00
1.382493651775133117e+02 -1.734683626634919706e+00 5.663481139470635917e+00
1.377248669552623994e+02 -1.759778129849677075e+00 5.674416551925498986e+00
1.372040984499600711e+02 -1.786016634499617561e+00 5.685150154511480203e+00
1.366875794174979433e+02 -1.813379679189140337e+00 5.695679292563241347e+00
1.361749769717354752e+02 -1.841847385244812507e+00 5.706001742082900563e+00
1.356665768320399650e+02 -1.871400066469134815e+00 5.716107686788340914e+00
1.351618828196635320e+02 -1.902018405352256414e+00 5.725993008448428512e+00
1.346614514659654560e+02 -1.933682358023137926e+00 5.735657739006694733e+00
1.341658098836389286e+02 -1.966373836774086392e+00 5.745090692761264606e+00
1.336738478403289889e+02 -2.000170851294652774e+00 5.754279676506846464e+00
1.331866790728629155e+02 -2.034984385388700190e+00 5.763220207222276237e+00
1.327041441484396387e+02 -2.070762880087807734e+00 5.771923696754086563e+00
1.322255990986018332e+02 -2.107488757012895508e+00 5.780367617423167736e+00
1.317514622692928299e+02 -2.145141430569764029e+00 5.788560568315026522e+00
1.312817935204693356e+02 -2.183702572821931476e+00 5.796490177995452520e+00
1.308160765534492214e+02 -2.223154123967975515e+00 5.804152195563079708e+00
1.303549071107391057e+02 -2.263476335431399811e+00 5.811542722217370560e+00
1.298987107999541024e+02 -2.304646154728359431e+00 5.818655805052781460e+00
1.294470990387298457e+02 -2.346639682005185801e+00 5.825488795979468115e+00
1.289997029718640249e+02 -2.389429240333695414e+00 5.832038772619815958e+00
1.285567323034172773e+02 -2.432989394150551821e+00 5.838302080481982514e+00
1.281185449115081667e+02 -2.477299225063193777e+00 5.844276444055527264e+00
1.276850963552961531e+02 -2.522331314479378861e+00 5.849957199361781157e+00
1.272563434029274561e+02 -2.568063272714443013e+00 5.855342714806614168e+00
1.268322440301749054e+02 -2.614461862464599662e+00 5.860427314106714469e+00
1.264128071269304314e+02 -2.661513551093409369e+00 5.865210006898438522e+00
1.259985951244725015e+02 -2.709187902145499205e+00 5.869684102039059326e+00
1.255892812229339057e+02 -2.757531351448386125e+00 5.873825463666760172e+00
1.251845565424727909e+02 -2.806475765898456931e+00 5.877650105131113634e+00
1.247849204033312276e+02 -2.855972241131487621e+00 5.881150448734064007e+00
1.243897853111463405e+02 -2.905996377511637974e+00 5.884324864995627458e+00
1.239995875200265516e+02 -2.956524154456659836e+00 5.887172288538740084e+00
1.236144103254379587e+02 -3.007531593369380030e+00 5.889691556998535305e+00
1.232337608440004857e+02 -3.058990135222792617e+00 5.891881410637828331e+00
1.228578306177923878e+02 -3.110873880259431346e+00 5.893740491993479047e+00
1.224868305530872021e+02 -3.163151359423533204e+00 5.895259768908924336e+00
1.221207328204926199e+02 -3.215796445388374725e+00 5.896442186153917575e+00
1.217592146481010360e+02 -3.268785536112830403e+00 5.897289848423428182e+00
1.214023959299759383e+02 -3.322086032653126964e+00 5.897793724372577984e+00
1.210508496600563575e+02 -3.375668093102459189e+00 5.897954097154929798e+00
1.207041058152933317e+02 -3.429508867885226131e+00 5.897773484692280910e+00
1.203620116339184847e+02 -3.483574701435259602e+00 5.897249838110623088e+00
1.200241950561690345e+02 -3.537841678663640632e+00 5.896381901423877636e+00
1.196917303988148689e+02 -3.592286847530643090e+00 5.895172682272197484e+00
1.193639885796230686e+02 -3.646887326890313918e+00 5.893613903592886061e+00
1.190413727859510260e+02 -3.701651119716486527e+00 5.891678765291203490e+00
1.187241946868617504e+02 -3.756535549484131487e+00 5.889396041799970227e+00
1.184111062691512046e+02 -3.811505609343738055e+00 5.886762636198808352e+00
1.181031933476871245e+02 -3.866551086509951496e+00 5.883775607331878099e+00
1.177995124381287866e+02 -3.921646477446944168e+00 5.880443112884548462e+00
1.175008205206682135e+02 -3.976773944459040422e+00 5.876754692287475379e+00
1.172069669308310438e+02 -4.031917927975229077e+00 5.872713470203843045e+00
1.169173250780269200e+02 -4.087054421358875977e+00 5.868320464945186110e+00
1.166324003772075031e+02 -4.142162864968874203e+00 5.863572588888195547e+00
1.163524176382082089e+02 -4.197224086695204193e+00 5.858470012160323037e+00
1.160770476295180345e+02 -4.252218929308513751e+00 5.853015637827292394e+00
1.158060337476867687e+02 -4.307128849632450240e+00 5.847209742417892819e+00
1.155393890660258194e+02 -4.361931538582121348e+00 5.841055191600951879e+00
1.152776688007389652e+02 -4.416604574224193946e+00 5.834560165300765711e+00
1.150201498501091351e+02 -4.471125416379995166e+00 5.827719953577502388e+00
1.147677203973127291e+02 -4.525473149032807285e+00 5.820545853178655804e+00
1.145192823357342746e+02 -4.579635973311253494e+00 5.813029652529859703e+00
1.142754473549272802e+02 -4.633584867868091095e+00 5.805185720644476355e+00
1.140359672079381284e+02 -4.687300015298429656e+00 5.796961270993099546e+00
1.138018227116832151e+02 -4.740768919129024539e+00 5.788409078383230266e+00
1.135710884949062489e+02 -4.793961983960747908e+00 5.779516707888876503e+00
1.133448244613130669e+02 -4.846866965391222415e+00 5.770290729525363815e+00
1.131231938136534154e+02 -4.899456341364672340e+00 5.760739090096780757e+00
1.129057052268850896e+02 -4.951720051378535103e+00 5.750854667277097043e+00
1.126922066995455651e+02 -5.003634327304566476e+00 5.740635821678939266e+00
1.124827079617496395e+02 -5.055185451961112797e+00 5.730092370956771042e+00
1.122772196243440277e+02 -5.106352609720778091e+00 5.719230584947007756e+00
1.120757531651883312e+02 -5.157111730988217069e+00 5.708048435856213132e+00
1.118783209148003124e+02 -5.207450102003707393e+00 5.696546806913659999e+00
1.116849360413602739e+02 -5.257351298200148904e+00 5.684730510962622496e+00
1.114956125350709613e+02 -5.306790275970183934e+00 5.672602694871785367e+00
1.113101969058914023e+02 -5.355752374928510307e+00 5.660167145793690402e+00
1.111282129317939535e+02 -5.404218219707331627e+00 5.647421096825648412e+00
1.109497625125222555e+02 -5.452169930484580540e+00 5.634371534596311903e+00
1.107753489610459496e+02 -5.499598745862890325e+00 5.621024039019164142e+00
1.106037638833890639e+02 -5.546478527515596113e+00 5.607366985156472694e+00
1.104367646868838619e+02 -5.592760501915934768e+00 5.593378592870859478e+00
1.102733142805869591e+02 -5.638451375889421691e+00 5.579092248887771888e+00
1.101134045779846105e+02 -5.683545730374532923e+00 5.564510933581066965e+00
1.099564760089521656e+02 -5.728023359981206042e+00 5.549640775764340894e+00
1.098030086277126856e+02 -5.771868429935848255e+00 5.534488215467149530e+00
1.096531455708766174e+02 -5.815065655144309176e+00 5.519054645422262873e+00
1.095064532128605634e+02 -5.857604057364095063e+00 5.503353854510630860e+00
1.093623358107990384e+02 -5.899465734623958291e+00 5.487396148202908996e+00
1.092213180537312240e+02 -5.940632176081177107e+00 5.471180215771314970e+00
1.090836656508721063e+02 -5.981087060994531690e+00 5.454713047192204733e+00
1.089490749727058159e+02 -6.020831234459684822e+00 5.438001415755881141e+00
1.088173218474064186e+02 -6.059840108185275298e+00 5.421048870427336297e+00
1.086880240041350589e+02 -6.098068721526876956e+00 5.403865012304255977e+00
1.085613896619970546e+02 -6.135540069559858090e+00 5.386446523452566026e+00
1.084378327625263410e+02 -6.172234739713050367e+00 5.368801989725977997e+00
1.083168640200368884e+02 -6.208206658944487089e+00 5.350933327542001017e+00
1.081985295270353191e+02 -6.243357429038410622e+00 5.332832965276090853e+00
1.080828757075651652e+02 -6.277703644844379482e+00 5.314510567306842681e+00
1.079702726136735436e+02 -6.311188866496898697e+00 5.295945432546583120e+00
1.078597905434745314e+02 -6.343834032458321559e+00 5.277158516855424253e+00
1.077514700836886163e+02 -6.375656685734846008e+00 5.258172485201535018e+00
1.076459370606419697e+02 -6.406672259958422266e+00 5.238986036848578998e+00
1.075422471265750488e+02 -6.436842201243010209e+00 5.219596206722130205e+00
1.074406974643347183e+02 -6.466169038438685845e+00 5.200019806242472953e+00
1.073415007093019966e+02 -6.494667320054015924e+00 5.180255819041456711e+00
1.072447051214984697e+02 -6.522310015509038550e+00 5.160307344261848783e+00
1.071499876421915189e+02 -6.549049206748802199e+00 5.140176187960449283e+00
1.070571081338942463e+02 -6.574902693669555376e+00 5.119869073821147865e+00
1.069658264842054649e+02 -6.599916835259172387e+00 5.099392685858233243e+00
1.068763146534459025e+02 -6.624055223099806433e+00 5.078746245120147940e+00
1.067890349416539379e+02 -6.647268663260054389e+00 5.057932652245606953e+00
1.067032924496896413e+02 -6.669598570666596338e+00 5.036956421286015839e+00
1.066195082258679179e+02 -6.691019881420944060e+00 5.015826576724027319e+00
1.065371941763889794e+02 -6.711581777048877484e+00 4.994549658327200881e+00
1.064563990583417450e+02 -6.731184225414116540e+00 4.973118501314002238e+00
1.063771760401310331e+02 -6.749898412983633023e+00 4.951560156113753663e+00
1.062997717579350478e+02 -6.767574192592931581e+00 4.929841988792684759e+00
1.062233732034161022e+02 -6.784385319388597679e+00 4.908003371698169026e+00
1.061486458428209687e+02 -6.800280482005769400e+00 4.886047010728385764e+00
1.060751039003414462e+02 -6.815207897087543820e+00 4.863987104309171805e+00
1.060027120572957671e+02 -6.829276015136033884e+00 4.841822626131394358e+00
1.059315184991537961e+02 -6.842371224325303203e+00 4.819554962578362023e+00
1.058611189217310198e+02 -6.854543294436654222e+00 4.797195783130534963e+00
1.057917644449984351e+02 -6.865801599040264769e+00 4.774747743209301731e+00
1.057233822971645623e+02 -6.876166820607063634e+00 4.752214647432155381e+00
1.056560577600214827e+02 -6.885610706830136429e+00 4.729601991457463406e+00
1.055895963015756109e+02 -6.894074945656879727e+00 4.706915227409696811e+00
1.055235440811556202e+02 -6.901616410107014765e+00 4.684158210474156370e+00
1.054583626000776206e+02 -6.908264274756203527e+00 4.661335492037318673e+00
1.053937730207936454e+02 -6.913937781653965331e+00 4.638460067541985588e+00
1.053291912055031503e+02 -6.918756647446818953e+00 4.615526988145841614e+00
1.052660394175637748e+02 -6.922581907495723108e+00 4.592550399353748425e+00
1.052026619050663356e+02 -6.925532084911917075e+00 4.569538289087890170e+00
1.051397311664575227e+02 -6.927544017605711701e+00 4.546486145054882577e+00
1.050773642730832620e+02 -6.928530177575217053e+00 4.523399476873214198e+00
1.050148715395669967e+02 -6.928596564253016510e+00 4.500292851546279671e+00
1.049522948431473850e+02 -6.927748449428169586e+00 4.477168867175536526e+00
1.048902530627103431e+02 -6.926048295763116869e+00 4.454041624173458835e+00
1.048283423295979162e+02 -6.923456058316046935e+00 4.430910119215054621e+00
1.047659874439371208e+02 -6.919914329217951021e+00 4.407785553887030083e+00
1.047035138186677869e+02 -6.915500585438674186e+00 4.384669434619449468e+00
1.046411737656708141e+02 -6.910260679025516772e+00 4.361574602504434850e+00
1.045786447945041431e+02 -6.904124312466730196e+00 4.338503497496159156e+00
1.045156912878163524e+02 -6.897099623435703819e+00 4.315457429316978732e+00
1.044523724781807772e+02 -6.889225501204343516e+00 4.292446156996968298e+00
1.043887471295375491e+02 -6.880464831539948811e+00 4.269471251392574551e+00
1.043246712456558498e+02 -6.870837980034264270e+00 4.246530850624639974e+00
1.042599056940944280e+02 -6.860390613160949336e+00 4.223631446395821776e+00
1.041948873930374759e+02 -6.849110411220157069e+00 4.200778361159984264e+00
1.041291325154876546e+02 -6.836950519271927540e+00 4.177973516241322294e+00
1.040627340373625458e+02 -6.823968268395717018e+00 4.155228569309675102e+00
1.039963708811030187e+02 -6.810151102985054550e+00 4.132537475643463409e+00
1.039287043201411365e+02 -6.795417145913140722e+00 4.109913470821960679e+00
1.038605178968837777e+02 -6.779922339688589261e+00 4.087358508539582935e+00
1.037912558850470930e+02 -6.763603904367949227e+00 4.064885388115106579e+00
1.037214983140857356e+02 -6.746455187502280459e+00 4.042489853144693335e+00
1.036508536743289568e+02 -6.728580181008257277e+00 4.020187561843160395e+00
1.035797352123668844e+02 -6.709953105127715034e+00 3.997973202385435521e+00
1.035074669173706070e+02 -6.690554213638746361e+00 3.975857500998654981e+00
1.034340837583222452e+02 -6.670421274523148369e+00 3.953839363976801913e+00
1.033598883949475180e+02 -6.649539798996188189e+00 3.931921804928692588e+00
1.032849299662934612e+02 -6.627909432199047046e+00 3.910108257187622449e+00
1.032089737109836278e+02 -6.605560127824522176e+00 3.888401869016689716e+00
1.031316903800509124e+02 -6.582488079022704497e+00 3.866811065459429209e+00
1.030531268914256486e+02 -6.558709320524560127e+00 3.845334776470510363e+00
1.029734884575238141e+02 -6.534265613081887913e+00 3.823974160337316519e+00
1.028930861115184285e+02 -6.509140789755695877e+00 3.802742927514853655e+00
1.028109559510542397e+02 -6.483291287448428974e+00 3.781632840795739803e+00
1.027277255434795364e+02 -6.456829091982716484e+00 3.760657062201858025e+00
1.026434185982901965e+02 -6.429735763212743649e+00 3.739824511704243015e+00
1.025572966820669905e+02 -6.401876782389948062e+00 3.719136522307068482e+00
1.024701945908602880e+02 -6.373389109001547759e+00 3.698593593595676854e+00
1.023815469649862848e+02 -6.344329163946955674e+00 3.678203271476778280e+00
1.022913456809374964e+02 -6.314696118435255912e+00 3.657961741545423973e+00
1.021996295658773164e+02 -6.284431257053483932e+00 3.637880179367099842e+00
1.021069247790087644e+02 -6.253613256720990776e+00 3.617952968503289402e+00
1.020125467256391687e+02 -6.222225772138688882e+00 3.598187204778253712e+00
1.019165105447661688e+02 -6.190281839043345613e+00 3.578584759472547283e+00
1.018187422138089460e+02 -6.157800613966792902e+00 3.559148450098132521e+00
1.017193029368709603e+02 -6.124807935739191578e+00 3.539886251382712512e+00
1.016185637670627813e+02 -6.091302863612220619e+00 3.520800576573258844e+00
1.015163175359265040e+02 -6.057288854640574094e+00 3.501889556527288505e+00
1.014121760229186151e+02 -6.022823315628259344e+00 3.483159148211829592e+00
1.013061702711553380e+02 -5.987884678585817078e+00 3.464619062435640995e+00
1.011984462941379519e+02 -5.952543398497617488e+00 3.446266391505625748e+00
1.010894286961721633e+02 -5.916698481682042932e+00 3.428104814960041491e+00
1.009780408644496390e+02 -5.880463244325430772e+00 3.410147642985780880e+00
1.008655312594169828e+02 -5.843880788082817190e+00 3.392388222105015227e+00
1.007504408626762000e+02 -5.806837287949917048e+00 3.374853990719792307e+00
1.006342977489440642e+02 -5.769443565265276241e+00 3.357519820563125368e+00
1.005159225192225421e+02 -5.731632023471463278e+00 3.340394195272792022e+00
1.003958090742674614e+02 -5.693560993397711378e+00 3.323474537486475811e+00
1.002735445974896891e+02 -5.655143747224730788e+00 3.306773029316058210e+00
1.001495085992390841e+02 -5.616438483529881509e+00 3.290284595465472695e+00
1.000234552076340435e+02 -5.577421814546664969e+00 3.274007686424965424e+00
9.989559738809001033e+01 -5.538139275956328156e+00 3.257948337766511493e+00
9.976621529355985274e+01 -5.498592250261461700e+00 3.242111188390936594e+00
9.963469003757344922e+01 -5.458769322897454757e+00 3.226491969721955844e+00
9.950092409513038660e+01 -5.418690691009120819e+00 3.211091709879727141e+00
9.936569985016274131e+01 -5.378390241055475585e+00 3.195917938171137784e+00
9.922864416388665632e+01 -5.337899281237648452e+00 3.180968808069082776e+00
9.908916059268752008e+01 -5.297142474739031215e+00 3.166246768046140581e+00
9.894816329863272131e+01 -5.256207030725009055e+00 3.151753201848190855e+00
9.880519671779067892e+01 -5.215086484837499370e+00 3.137485247532874943e+00
9.866080290713652801e+01 -5.173825869313739112e+00 3.123445891949788944e+00
9.851366968620426690e+01 -5.132402382229711790e+00 3.109650242419331967e+00
9.836504728313542500e+01 -5.090783320243463805e+00 3.096093582004699751e+00
9.821445671984629655e+01 -5.049048157461107245e+00 3.082774307050867968e+00
9.806129321226130457e+01 -5.007184279434230945e+00 3.069689508679156020e+00
9.790665290131732945e+01 -4.965212125183783520e+00 3.056836049403466760e+00
9.775020802213263948e+01 -4.923155257209588243e+00 3.044216125074557855e+00
9.759232045074129758e+01 -4.881027585668356039e+00 3.031832934636940369e+00
9.743229039082906695e+01 -4.838835945586138720e+00 3.019680888914154426e+00
9.727009573496462735e+01 -4.796589477241506749e+00 3.007763013318454970e+00
9.710600415328877943e+01 -4.754303141196553284e+00 2.996081708654797282e+00
9.694002422084984971e+01 -4.711988151035142458e+00 2.984637472536327163e+00
9.677244140149215923e+01 -4.669655331513028251e+00 2.973428320271496617e+00
9.660317270272064150e+01 -4.627320022048586168e+00 2.962450243797802418e+00
9.643157170969529091e+01 -4.584997693934742991e+00 2.951706956870128629e+00
9.625826275422805622e+01 -4.542709285985093715e+00 2.941200710390763362e+00
9.608364513394211315e+01 -4.500466497431888868e+00 2.930930296858971218e+00
9.590710428372432261e+01 -4.458281094840622849e+00 2.920898230553533814e+00
9.572811314984214448e+01 -4.416165503303309592e+00 2.911096726513403343e+00
9.554787601635068484e+01 -4.374142811405877573e+00 2.901537870854496326e+00
9.536630765275154431e+01 -4.332225045232146243e+00 2.892238030776929758e+00
9.518226015958410358e+01 -4.290422495415414872e+00 2.883169046102610711e+00
9.499692375350065277e+01 -4.248747191528200240e+00 2.874334960658464500e+00
9.480983963672368020e+01 -4.207217022828553254e+00 2.865734473079650346e+00
9.462143636920367840e+01 -4.165845261304829350e+00 2.857360577581069538e+00
9.443136594705025288e+01 -4.124639498542567395e+00 2.849219869441198760e+00
9.423944882564779846e+01 -4.083614887618679745e+00 2.841309856145409984e+00
9.404608215060471821e+01 -4.042782232843248558e+00 2.833626788701867572e+00
9.385116416436530073e+01 -4.002155237114288333e+00 2.826169173688093395e+00
9.365438925344332688e+01 -3.961749743622276387e+00 2.818935584641735215e+00
9.345630431245099601e+01 -3.921575934246455120e+00 2.811924661606958420e+00
9.325696936900133949e+01 -3.881647710505704563e+00 2.805135110669541465e+00
9.305568062704563204e+01 -3.841982901530970551e+00 2.798565703479816591e+00
9.285352932898993572e+01 -3.802586984787132085e+00 2.792216793544858522e+00
9.264960182891368845e+01 -3.763477372184488523e+00 2.786090160161315499e+00
9.244444020712441556e+01 -3.724662819838405525e+00 2.780174462319581430e+00
9.223800862404199563e+01 -3.686162390965584290e+00 2.774474364794140335e+00
9.202958288248105134e+01 -3.647984736289667129e+00 2.768991746252177588e+00
9.182044463429920711e+01 -3.610152739491622409e+00 2.763735010260148339e+00
9.160939297957325778e+01 -3.572669493947494335e+00 2.758692486322152693e+00
9.139758929700593626e+01 -3.535532862821551436e+00 2.753852503507259630e+00
9.118399551024599248e+01 -3.498751727749142670e+00 2.749214308109876548e+00
9.096944103716556640e+01 -3.462336240408430577e+00 2.744783531565927248e+00
9.075369860992228155e+01 -3.426291915648610686e+00 2.740552405907469069e+00
9.053656617388467964e+01 -3.390627459275607158e+00 2.736522266953786087e+00
9.031841858169835291e+01 -3.355349569845467617e+00 2.732691925756181917e+00
9.009913754323109458e+01 -3.320466491138841292e+00 2.729059403939317008e+00
8.987871092570242126e+01 -3.285989276648161095e+00 2.725622246400837945e+00
8.965718511668661961e+01 -3.251923694631968065e+00 2.722380498200975385e+00
8.943461429987272027e+01 -3.218273467221768325e+00 2.719331851302824177e+00
8.921144591952661074e+01 -3.185046417305118727e+00 2.716468165516486177e+00
8.898686650280845356e+01 -3.152246518186683666e+00 2.713796735773257751e+00
8.876146891393634064e+01 -3.119887680828550724e+00 2.711308322282195427e+00
8.853564443283055141e+01 -3.087965631484613116e+00 2.709003270123813589e+00
8.830823202939936323e+01 -3.056492604388195922e+00 2.706876972001615034e+00
8.808042675162103308e+01 -3.025492496295778100e+00 2.704946433098026848e+00
8.785148557750163434e+01 -2.994978080885107641e+00 2.703198381873707312e+00
8.762148413430165306e+01 -2.964928808566184681e+00 2.701625552962571231e+00
8.739099801229403397e+01 -2.935351876693194306e+00 2.700223324789414292e+00
8.716005654193398300e+01 -2.906254711677918490e+00 2.698992423572387889e+00
8.692811150691534294e+01 -2.877634564204655909e+00 2.697923781798766019e+00
8.669547403020654031e+01 -2.849506107668302146e+00 2.697015984545026779e+00
8.646229701463099104e+01 -2.821872336166722395e+00 2.696270452224307945e+00
8.622855207794619048e+01 -2.794737157090816382e+00 2.695680719677786996e+00
8.599456554747739290e+01 -2.768105614625530286e+00 2.695243005838884098e+00
8.575998709364367301e+01 -2.741980349605069200e+00 2.694958843209534383e+00
8.552463893851955845e+01 -2.716366959375114298e+00 2.694824356882701721e+00
8.528903750716571608e+01 -2.691272435481451453e+00 2.694831080041302673e+00
8.505291389136915825e+01 -2.666698230780566448e+00 2.694978244738576389e+00
8.481656187144513126e+01 -2.642644698330474107e+00 2.695267781116816419e+00
8.457954694429382414e+01 -2.619120772792099761e+00 2.695687083505663661e+00
8.434239353628861124e+01 -2.596130499635614708e+00 2.696242100503184247e+00
8.410507257496239220e+01 -2.573677915996010146e+00 2.696922679862931105e+00
8.386751998398510466e+01 -2.551787234645227720e+00 2.697738989269334642e+00
8.362900996100056261e+01 -2.530473866762846136e+00 2.698682202729137281e+00
8.339087025394516672e+01 -2.509707673546348605e+00 2.699743151823344345e+00
8.315310681542493398e+01 -2.489493834014186557e+00 2.700923670364874241e+00
8.291457093385993460e+01 -2.469826550439093271e+00 2.702208815167909339e+00
8.267658862212415727e+01 -2.450719804910627353e+00 2.703602633464369909e+00
8.243860159059003934e+01 -2.432167948842239635e+00 2.705098884425540362e+00
8.220021504823809266e+01 -2.414175895446715625e+00 2.706691450605115179e+00
8.196218898491228799e+01 -2.396744256140075802e+00 2.708380000937528731e+00
8.172432019365882638e+01 -2.379874179029107140e+00 2.710159399404359348e+00
8.148658918067555135e+01 -2.363566098735639276e+00 2.712022321890984244e+00
8.124912391864523897e+01 -2.347822617518823929e+00 2.713967226544260480e+00
8.101157417530595239e+01 -2.332652413094694399e+00 2.715993774752411216e+00
8.077458665623920808e+01 -2.318052812701261178e+00 2.718095860524050611e+00
8.053780686719214543e+01 -2.304017097644945444e+00 2.720264532058672469e+00
8.030171857801933299e+01 -2.290550844867843772e+00 2.722496919825188932e+00
8.006621927550881423e+01 -2.277650898218822384e+00 2.724795248831120453e+00
7.983067105025858723e+01 -2.265324976439282434e+00 2.727151384584789895e+00
7.959501352271175278e+01 -2.253601543976880173e+00 2.729575315970281579e+00
7.936056740144623234e+01 -2.242481266956921626e+00 2.732058058608047624e+00
7.912662925817707560e+01 -2.231929877473376678e+00 2.734596799887960561e+00
7.889253993203308823e+01 -2.221950075229877974e+00 2.737183345018069147e+00
7.865987251525194779e+01 -2.212533577533249751e+00 2.739814688123352049e+00
7.842734336020849639e+01 -2.203681396635479572e+00 2.742493591495822169e+00
7.819543288377069246e+01 -2.195392009162638214e+00 2.745214326624753287e+00
7.796403734714496636e+01 -2.187662631593751073e+00 2.747972627551096725e+00
7.773328384130984148e+01 -2.180490654060689870e+00 2.750766068360211314e+00
7.750340097337912937e+01 -2.173873639771071620e+00 2.753595725529597527e+00
7.727435006583479549e+01 -2.167809324604423438e+00 2.756456047754519023e+00
7.704582432632372502e+01 -2.162295616873910031e+00 2.759342941050162867e+00
7.681784807620054778e+01 -2.157328326851154721e+00 2.762257230561423249e+00
7.659106399788170449e+01 -2.152901377079736722e+00 2.765189631602831266e+00
7.636496024066482846e+01 -2.149013193244536435e+00 2.768142394719198762e+00
7.613949972045951142e+01 -2.145661344686472294e+00 2.771111982737524126e+00
7.591470726184321904e+01 -2.142839647206985720e+00 2.774090916610671531e+00
7.569112485476571806e+01 -2.140552628243835631e+00 2.777082642986921535e+00
7.546809779102632376e+01 -2.138821992785576942e+00 2.780087360913772621e+00
7.524626974649329725e+01 -2.137638556712406324e+00 2.783094938842006982e+00
7.502556515898277212e+01 -2.136968285728066519e+00 2.786100162031957872e+00
7.480594924746780805e+01 -2.136798875854394986e+00 2.789106396011308941e+00
7.458683149368059162e+01 -2.137134460954098980e+00 2.792106075181870484e+00
7.436910363410898128e+01 -2.137955489260503494e+00 2.795100658074401334e+00
7.415254938152507691e+01 -2.139265795402188530e+00 2.798084192056826680e+00
7.393694905676062490e+01 -2.141060828032920860e+00 2.801056437315616598e+00
7.372227012507767085e+01 -2.143328747080161190e+00 2.804013050923196193e+00
7.350882984278575805e+01 -2.146064876813638556e+00 2.806948598340173184e+00
7.329690743883772086e+01 -2.149263949121868578e+00 2.809863393855173808e+00
7.308620529704367641e+01 -2.152917323560920693e+00 2.812752837110577442e+00
7.287652454847923877e+01 -2.157022310359897777e+00 2.815610744381739750e+00
7.266808625963086854e+01 -2.161574816708907498e+00 2.818441131029837177e+00
7.246052713851899796e+01 -2.166560727182998303e+00 2.821234937200146398e+00
7.225443697789562236e+01 -2.171975625733639337e+00 2.823986106267048601e+00
7.205022699593610014e+01 -2.177814671568272686e+00 2.826702289408934643e+00
7.184668695174966047e+01 -2.184067787573406694e+00 2.829374519710853075e+00
7.164450045580490212e+01 -2.190764926818946190e+00 2.831998650354085711e+00
7.144396597603005716e+01 -2.197881236307487551e+00 2.834578028054372645e+00
7.124473842484970021e+01 -2.205386365198020560e+00 2.837097399372944917e+00
7.104696180799207639e+01 -2.213276896071010746e+00 2.839565119904270851e+00
7.085057512459285078e+01 -2.221538480995310483e+00 2.841973800848460296e+00
7.065564609924003037e+01 -2.230165894812194072e+00 2.844324343002540001e+00
7.046213332436906285e+01 -2.239151459769138874e+00 2.846605577132081955e+00
7.027008092223896085e+01 -2.248486169725873562e+00 2.848819088469479066e+00
7.007951241987306901e+01 -2.258161156710980499e+00 2.850962297566206338e+00
6.989044073233554855e+01 -2.268167685709633119e+00 2.853029161512721235e+00
6.970287591382715675e+01 -2.278500210067448517e+00 2.855016307518302376e+00
6.951682277850572689e+01 -2.289151755557132795e+00 2.856923158910183780e+00
6.933231787308548633e+01 -2.300110858935572544e+00 2.858751170746478110e+00
6.914936090269641511e+01 -2.311372244486351146e+00 2.860496171457981962e+00
6.896792109430211326e+01 -2.322936811354725073e+00 2.862152387609512960e+00
6.878811985510893123e+01 -2.334786610873715418e+00 2.863723560541728386e+00
6.860987721224489633e+01 -2.346928022109418421e+00 2.865212225834208759e+00
6.843317320454423225e+01 -2.359350680772286157e+00 2.866609817449243813e+00
6.825821840637151183e+01 -2.372071663753450910e+00 2.867908516949771336e+00
6.808495559182708234e+01 -2.385083070896587110e+00 2.869120309234686861e+00
6.791335762574652790e+01 -2.398349423140430314e+00 2.870232761617323103e+00
6.774328746213953423e+01 -2.411872242413497069e+00 2.871248565095625871e+00
6.757487744607193747e+01 -2.425642794109081901e+00 2.872171103544221449e+00
6.740814033234525482e+01 -2.439651058085713142e+00 2.872998595674261413e+00
6.724301022917060777e+01 -2.453891743920294743e+00 2.873723431905866654e+00
6.707949262674945601e+01 -2.468361076608574400e+00 2.874345024555124528e+00
6.691759299496433755e+01 -2.483051430010303484e+00 2.874866537289354262e+00
6.675732879442954015e+01 -2.497952872811768810e+00 2.875287621231801261e+00
6.659871497046401601e+01 -2.513058521950672475e+00 2.875602097205439911e+00
6.644173561584139520e+01 -2.528362010043591290e+00 2.875808470352509971e+00
6.628639756493647894e+01 -2.543855620066911793e+00 2.875911433701746400e+00
6.613271193493515909e+01 -2.559531992751332918e+00 2.875909479536736590e+00
6.598063046098269524e+01 -2.575377755208681840e+00 2.875802652924673186e+00
6.583020145011842317e+01 -2.591388137863423147e+00 2.875583289509675566e+00
6.568146258162309437e+01 -2.607553131227066778e+00 2.875253533299538145e+00
6.553434103129727362e+01 -2.623862841450808503e+00 2.874810136139370975e+00
6.538894787855430479e+01 -2.640331552616553168e+00 2.874254123527280047e+00
6.524535124049197066e+01 -2.656939017967904437e+00 2.873578153466733731e+00
6.510334341264949387e+01 -2.673658495828500570e+00 2.872789385570017284e+00
6.496296808706985360e+01 -2.690491360317638581e+00 2.871890234588797330e+00
6.482422246518358122e+01 -2.707423222042862676e+00 2.870877551674433814e+00
6.468709749095438610e+01 -2.724442692964322177e+00 2.869747450002935185e+00
6.455158465735578943e+01 -2.741544108572130600e+00 2.868500664910014208e+00
6.441771865489089066e+01 -2.758714731229224171e+00 2.867139383790800355e+00
6.428543839549274708e+01 -2.775949481297103283e+00 2.865658035296433148e+00
6.415471638962523571e+01 -2.793236482953196376e+00 2.864056634198345552e+00
6.402560817107476510e+01 -2.810564905418986292e+00 2.862337340799550045e+00
6.389809150070290400e+01 -2.827928686944586989e+00 2.860495934512403693e+00
6.377210326255199391e+01 -2.845315375498930877e+00 2.858532533968181966e+00
6.364768276221000320e+01 -2.862716882420551556e+00 2.856449837055925478e+00
6.352482579070839108e+01 -2.880118997219079269e+00 2.854242752403878924e+00
6.340351911127030604e+01 -2.897516139502682275e+00 2.851920631343020762e+00
6.328371394590224952e+01 -2.914897447558752130e+00 2.849469865040529903e+00
6.316552628217213083e+01 -2.932252011246222700e+00 2.846909898233549452e+00
6.304895596197047070e+01 -2.949574015550494366e+00 2.844211771051093685e+00
6.293392886189758428e+01 -2.966847520960402385e+00 2.841396640806140628e+00
6.282044815926950321e+01 -2.984058790776300985e+00 2.838458114980729974e+00
6.270845712392009830e+01 -3.001202634724362106e+00 2.835402975806730730e+00
6.259789382121662271e+01 -3.018268617884106053e+00 2.832227838467122893e+00
6.248879830488620968e+01 -3.035240490302672178e+00 2.828932945473403127e+00
6.238114018588031939e+01 -3.052110169021454489e+00 2.825519604933160345e+00
6.227490222713039714e+01 -3.068873226551101396e+00 2.821984794763986226e+00
6.217008998103503359e+01 -3.085516264326234825e+00 2.818327192927189362e+00
6.206667602099779657e+01 -3.102036519830646988e+00 2.814547748928869275e+00
6.196463578341631973e+01 -3.118430003108626725e+00 2.810647366373320022e+00
6.186397700357636609e+01 -3.134684551558362120e+00 2.806624311454426035e+00
6.176466433125150957e+01 -3.150798748179875819e+00 2.802479744101451065e+00
6.166667092673655048e+01 -3.166769369987291860e+00 2.798219748842139420e+00
6.157009700641778238e+01 -3.182587377520226024e+00 2.793836726360233502e+00
6.147476090958797101e+01 -3.198242598038023132e+00 2.789336605329705510e+00
6.138078597541169756e+01 -3.213743196369601929e+00 2.784719496554036056e+00
6.128817942210494607e+01 -3.229069296927920885e+00 2.779980021837998638e+00
6.119687910739544634e+01 -3.244210688729533665e+00 2.775113052745615150e+00
6.110695278516590179e+01 -3.259176343660778130e+00 2.770120163360823451e+00
6.101824029116039583e+01 -3.273948300308384685e+00 2.765012600870407233e+00
6.093074774507281433e+01 -3.288529655360894033e+00 2.759785200517496317e+00
6.084443305714733441e+01 -3.302913715200490152e+00 2.754437614902136566e+00
6.075929790700465105e+01 -3.317092277510067522e+00 2.748975226456123799e+00
6.067535567075210423e+01 -3.331061703716917233e+00 2.743395221665176908e+00
6.059257781213834448e+01 -3.344819816804691204e+00 2.737704337586527537e+00
6.051095470890516026e+01 -3.358364350228238315e+00 2.731899886629656216e+00
6.043043279653677047e+01 -3.371689541030241877e+00 2.725983250189369489e+00
6.035102260116231321e+01 -3.384789725033452878e+00 2.719960937703248316e+00
6.027273430688200051e+01 -3.397662329767035416e+00 2.713830441679031757e+00
6.019548410310493125e+01 -3.410302508010208733e+00 2.707592076620886079e+00
6.011933211813090594e+01 -3.422704755069567284e+00 2.701254704666327111e+00
6.004425438382034486e+01 -3.434869655532601485e+00 2.694816930293917778e+00
5.997012748039428942e+01 -3.446788866980625698e+00 2.688275215937381279e+00
5.989706643700893096e+01 -3.458459173160476574e+00 2.681639768270398072e+00
5.982490605113356708e+01 -3.469877117352053730e+00 2.674898386703598252e+00
5.975383487484284473e+01 -3.481010731734660801e+00 2.668051922421509126e+00
5.968372681456322937e+01 -3.491877291639220005e+00 2.661108665997534484e+00
5.961450734384994377e+01 -3.502478866282491055e+00 2.654071673760018069e+00
5.954613219268402702e+01 -3.512805562290716388e+00 2.646940590076825472e+00
5.947861177368763919e+01 -3.522857884345999224e+00 2.639720470187649326e+00
5.941196402228468543e+01 -3.532627548578715970e+00 2.632412028996858222e+00
5.934611455023555493e+01 -3.542117649573248706e+00 2.625019416108050674e+00
5.928104202298752767e+01 -3.551323146947189979e+00 2.617539887247706698e+00
5.921672681346827716e+01 -3.560240458927652618e+00 2.609978094211338639e+00
5.915312548945897930e+01 -3.568860433830291612e+00 2.602339061132212805e+00
5.909025408519815414e+01 -3.577180140027365951e+00 2.594619198299843443e+00
5.902811643945479148e+01 -3.585202307515370723e+00 2.586819327738150598e+00
5.896660749141262414e+01 -3.592919205719431464e+00 2.578946852432593584e+00
5.890569133776041610e+01 -3.600327525332849277e+00 2.571002778554562607e+00
5.884544481908167057e+01 -3.607418762091068931e+00 2.562989913216268345e+00
5.878572814227366194e+01 -3.614196114114477165e+00 2.554902186842107792e+00
5.872656015193379631e+01 -3.620647673219161700e+00 2.546740247452478290e+00
5.866795825291833211e+01 -3.626772715750438358e+00 2.538521454927479937e+00
5.860987895103905743e+01 -3.632537561599248566e+00 2.530220974871518980e+00
5.855228742628853666e+01 -3.637959392910098622e+00 2.521859853712061561e+00
5.849512538814948925e+01 -3.643050079290755416e+00 2.513439359384908478e+00
5.843835136828888466e+01 -3.647802725298423088e+00 2.504964210053310936e+00
5.838198453471827776e+01 -3.652215720371142726e+00 2.496433234839297466e+00
5.832600296206350521e+01 -3.656283172950590910e+00 2.487849313923421679e+00
5.827041904395638738e+01 -3.660007035266096054e+00 2.479211873925186715e+00
5.821513520240927875e+01 -3.663383848184789571e+00 2.470527126503993642e+00
5.816018280311281075e+01 -3.666413528094215390e+00 2.461797706009254405e+00
5.810554543018633922e+01 -3.669097264265266389e+00 2.453018051382616971e+00
5.805118343719892948e+01 -3.671427345676087750e+00 2.444188618081513553e+00
5.799708512134067462e+01 -3.673402099150837152e+00 2.435314490475160909e+00
5.794317757752857290e+01 -3.675025204391540345e+00 2.426395566546409643e+00
5.788951620870858505e+01 -3.676284341993711458e+00 2.417435802537475364e+00
5.783606676097211619e+01 -3.677185546201448219e+00 2.408436559271922572e+00
5.778279488195592961e+01 -3.677722676110423805e+00 2.399391173800488275e+00
5.772967079543681024e+01 -3.677903966022899596e+00 2.390304060339205616e+00
5.767672072623813051e+01 -3.677720469651463819e+00 2.381185189171622252e+00
5.762386610194225511e+01 -3.677135118225844046e+00 2.372017863783585589e+00
5.757111263288361158e+01 -3.676185180755628945e+00 2.362813216716834308e+00
5.751842106931142951e+01 -3.674867211015676371e+00 2.353582633457808271e+00
5.746581465012677370e+01 -3.673183348746898336e+00 2.344318773633383479e+00
5.741326593907895415e+01 -3.671141766200302747e+00 2.335024051591952254e+00
5.736068963009603294e+01 -3.668736312733929861e+00 2.325702434270758623e+00
5.730812600578856575e+01 -3.665970946356710947e+00 2.316357895666222078e+00
5.725553803696785593e+01 -3.662845995350843875e+00 2.306986071908209812e+00
5.720294088910581820e+01 -3.659361436577661220e+00 2.297593615705520342e+00
5.715028859605792633e+01 -3.655519596549986261e+00 2.288186864936654352e+00
5.709753862953046877e+01 -3.651322726340528568e+00 2.278760710338925133e+00
5.704470297253473632e+01 -3.646773003997386020e+00 2.269316869706601736e+00
5.699174648857050585e+01 -3.641870432077205066e+00 2.259863331215752336e+00
5.693868872406496706e+01 -3.636615932143161256e+00 2.250395143929241115e+00
5.688542024983837564e+01 -3.631017461904866739e+00 2.240917638636631626e+00
5.683201059187057069e+01 -3.625062674234181603e+00 2.231437615601523206e+00
5.677841809899172176e+01 -3.618764873610028410e+00 2.221942838392155117e+00
5.672454460563320566e+01 -3.612125818323491444e+00 2.212449664277516881e+00
5.667046493335259782e+01 -3.605103729849461924e+00 2.202952228996550410e+00
5.661601773053833853e+01 -3.597732935115984354e+00 2.193451882167901434e+00
5.656135378549598869e+01 -3.590031562379102148e+00 2.183953144515895950e+00
5.650638805270094167e+01 -3.582007630630197781e+00 2.174465965145752744e+00
5.645112802510542593e+01 -3.573663301298160011e+00 2.164984496902996547e+00
5.639549712773690970e+01 -3.564999856023529645e+00 2.155515475577036710e+00
5.633957712888842906e+01 -3.556023052010125252e+00 2.146064697309558067e+00
5.628330655454494291e+01 -3.546740168211014677e+00 2.136632197041917980e+00
5.622667162384131245e+01 -3.537158381196602086e+00 2.127219729879208376e+00
5.616965630037613266e+01 -3.527278105893199900e+00 2.117828182649179158e+00
5.611224582293741747e+01 -3.517102663558607123e+00 2.108461420714541568e+00
5.605442333763480178e+01 -3.506640079471105675e+00 2.099122370758602862e+00
5.599612843944861851e+01 -3.495890879414028429e+00 2.089809166330926615e+00
5.593742183399091061e+01 -3.484857131543758424e+00 2.080528913004756841e+00
5.587818845088231257e+01 -3.473545283815315798e+00 2.071279698589780338e+00
5.581848465781150281e+01 -3.461961643573044700e+00 2.062061312867049079e+00
5.575821478644319740e+01 -3.450111941395543891e+00 2.052883381270143914e+00
5.569739899694273788e+01 -3.437995716878728736e+00 2.043743851532600520e+00
5.563600197317024509e+01 -3.425582985848306894e+00 2.034640367996731758e+00
5.557410540896992046e+01 -3.412910771208491401e+00 2.025582871359670190e+00
5.551155017171269179e+01 -3.399990715467965607e+00 2.016568407136579477e+00
5.544846416146952350e+01 -3.386820878838019411e+00 2.007599878192159348e+00
5.538477957465250512e+01 -3.373409114048905977e+00 1.998675221900254373e+00
5.532054465643843599e+01 -3.359754796354104123e+00 1.989796544767295616e+00
5.525566192366684959e+01 -3.345863780350175620e+00 1.980967193715531094e+00
5.519013336690876770e+01 -3.331736750672539049e+00 1.972186397088711240e+00
5.512396811158268406e+01 -3.317373838559404930e+00 1.963451350237896076e+00
5.505715859314594951e+01 -3.302784084833352729e+00 1.954765884797196929e+00
5.498969660383238534e+01 -3.287967642476778085e+00 1.946133820282423432e+00
5.492154052560457700e+01 -3.272922920459469864e+00 1.937552412709165006e+00
5.485266892397466165e+01 -3.257660061439772825e+00 1.929023075306838475e+00
5.478310106855836636e+01 -3.242176715458022329e+00 1.920550523398697029e+00
5.471284333243445985e+01 -3.226486842664982646e+00 1.912129616521168529e+00
5.464186864325749582e+01 -3.210583646193432283e+00 1.903768429427160624e+00
5.457024427065726258e+01 -3.194484924844379847e+00 1.895464342380190903e+00
5.449786344610652833e+01 -3.178179363786858946e+00 1.887214776992813370e+00
5.442471433800926661e+01 -3.161654064949777077e+00 1.879035724941844343e+00
5.435090811058307736e+01 -3.144937988582630073e+00 1.870912693688223882e+00
5.427633681907367702e+01 -3.128044295103634020e+00 1.862855557676969198e+00
5.420100744747838206e+01 -3.110962953030366407e+00 1.854862684339694701e+00
5.412498837087088788e+01 -3.093708968566074802e+00 1.846931647036520907e+00
5.404825686229582260e+01 -3.076281625146439769e+00 1.839065001073141525e+00
5.397076486431320319e+01 -3.058688755523133018e+00 1.831266582385774999e+00
5.389250501443746799e+01 -3.040926626100235897e+00 1.823532031540364917e+00
5.381349017224976450e+01 -3.023001690426950994e+00 1.815864002021583712e+00
5.373373272804903422e+01 -3.004919617117524311e+00 1.808266059510057033e+00
5.365321584517118936e+01 -2.986683085290086304e+00 1.800736018722873366e+00
5.357191374857844579e+01 -2.968302225325532451e+00 1.793274201421879210e+00
5.348983745885286112e+01 -2.949779338069185020e+00 1.785882650352565104e+00
5.340699755380246216e+01 -2.931113357895289706e+00 1.778559316326911999e+00
5.332339196043128737e+01 -2.912315669058367362e+00 1.771305861932666259e+00
5.323898467738511897e+01 -2.893391908723711659e+00 1.764134047796133142e+00
5.315384292965784852e+01 -2.874343159867608133e+00 1.757025771435003936e+00
5.306797030646013269e+01 -2.855181080411060890e+00 1.749998208530279653e+00
5.298113426488147581e+01 -2.835885529672403038e+00 1.743057417046472546e+00
5.289358880221860204e+01 -2.816479436537302039e+00 1.736186782456927036e+00
5.280521864640445528e+01 -2.796975675120788374e+00 1.729396913682611503e+00
5.271602243660611009e+01 -2.777381486979450642e+00 1.722681266985056414e+00
5.262606050432620464e+01 -2.757698429379272120e+00 1.716042729333281169e+00
5.253530275259110027e+01 -2.737927308068328180e+00 1.709485931875928566e+00
5.244373863488150533e+01 -2.718082568085332440e+00 1.703011042893461058e+00
5.235141498324581022e+01 -2.698171486219929083e+00 1.696616605781269937e+00
5.225828860005169929e+01 -2.678198869477248500e+00 1.690301213042525008e+00
5.216437175162593576e+01 -2.658168867267276969e+00 1.684066777368118828e+00
5.206970724895552394e+01 -2.638091401300052041e+00 1.677918174919503125e+00
5.197428657222085491e+01 -2.617979163618664007e+00 1.671855440565534145e+00
5.187813511895796381e+01 -2.597835762962445560e+00 1.665875230471974611e+00
5.178121087862862026e+01 -2.577668590159448048e+00 1.659980905644727223e+00
5.168352879950542444e+01 -2.557483192694234742e+00 1.654172355475935108e+00
5.158513744698353776e+01 -2.537284739151429047e+00 1.648452880884032190e+00
5.148598086331292478e+01 -2.517078129160583710e+00 1.642815780567042028e+00
5.138604984928531394e+01 -2.496861601983022538e+00 1.637267044739014965e+00
5.128531778012290232e+01 -2.476633433988050470e+00 1.631821243048930725e+00
5.118382540530738822e+01 -2.456415522492975345e+00 1.626460523653787904e+00
5.108163470826017516e+01 -2.436207409402869839e+00 1.621183739522290779e+00
5.097863604742223487e+01 -2.416014374840692369e+00 1.615995553049605515e+00
5.087497199153285266e+01 -2.395842222250988307e+00 1.610895791282893619e+00
5.077053357575575632e+01 -2.375696818904565966e+00 1.605883449138534091e+00
5.066540441547423512e+01 -2.355584087830381090e+00 1.600962047930289733e+00
5.055956533951265897e+01 -2.335505918886936261e+00 1.596128671498037832e+00
5.045300152033835417e+01 -2.315473134958982104e+00 1.591383553897972369e+00
5.034570834070536449e+01 -2.295487884352672037e+00 1.586725491951177958e+00
5.023770734825272655e+01 -2.275551864407525215e+00 1.582155960232728642e+00
5.012904740827032413e+01 -2.255678673030514059e+00 1.577679225631051452e+00
5.001970443848923509e+01 -2.235870366234533613e+00 1.573288296084559112e+00
4.990970554512711743e+01 -2.216127040197845677e+00 1.568980999087502548e+00
4.979900939836875295e+01 -2.196462397629411090e+00 1.564766583259134647e+00
4.968767436627635448e+01 -2.176873196936194077e+00 1.560642773262601146e+00
4.957574774425459907e+01 -2.157376408676213497e+00 1.556597912439585008e+00
4.946308461680916224e+01 -2.137965992178706642e+00 1.552645437818915619e+00
4.934980495193153871e+01 -2.118651252676740260e+00 1.548793402169176936e+00
4.923586222014168357e+01 -2.099442510493556124e+00 1.545030800303208496e+00
4.912131129275615393e+01 -2.080339566765958548e+00 1.541344745680970574e+00
4.900615120252663104e+01 -2.061342062979617307e+00 1.537750844791985205e+00
4.889037591641519498e+01 -2.042454895347531885e+00 1.534240559859848529e+00
4.877402793432074191e+01 -2.023688684072602051e+00 1.530810733854731431e+00
4.865707285389976988e+01 -2.005041869931322829e+00 1.527465302379217071e+00
4.853952292977743355e+01 -1.986519897707747173e+00 1.524201809917859807e+00
4.842143256176835564e+01 -1.968127244195346792e+00 1.521020870001022596e+00
4.830282345016938450e+01 -1.949866500235347688e+00 1.517921727064062143e+00
4.818371563312842198e+01 -1.931743170217910643e+00 1.514903386051005496e+00
4.806411432265293371e+01 -1.913760317522130050e+00 1.511966793811933218e+00
4.794400860506004847e+01 -1.895919191761092248e+00 1.509107355870225931e+00
4.782348144939638956e+01 -1.878226795826256623e+00 1.506324697076276697e+00
4.770252335824815759e+01 -1.860690063186090759e+00 1.503618468853987977e+00
4.758113204812522667e+01 -1.843299602478777555e+00 1.500988350103904745e+00
4.745935589485254980e+01 -1.826072186777345729e+00 1.498434048133310492e+00
4.733716875843950334e+01 -1.809009834860062060e+00 1.495957398451975839e+00
4.721450456557019493e+01 -1.792115130383560961e+00 1.493565554238663662e+00
4.709148877168497194e+01 -1.775388584294405270e+00 1.491242302665962915e+00
4.696811093187108099e+01 -1.758829715448768649e+00 1.488987399150816238e+00
4.684435961338084553e+01 -1.742443657942773561e+00 1.486806405675237697e+00
4.672027600824932136e+01 -1.726225544855271909e+00 1.484689552295421544e+00
4.659586141281646832e+01 -1.710183411480961535e+00 1.482643881119396712e+00
4.647114834418158580e+01 -1.694320433953901972e+00 1.480663904406830822e+00
4.634614600435925524e+01 -1.678636450007587877e+00 1.478745338682325050e+00
4.622087830071836123e+01 -1.663131432341705240e+00 1.476888224142788530e+00
4.609536138969108521e+01 -1.647811665837838779e+00 1.475095956301638367e+00
4.596960554662081933e+01 -1.632677253133260287e+00 1.473366939101372175e+00
4.584360599059737496e+01 -1.617724219532518104e+00 1.471696728740509830e+00
4.571734113785719700e+01 -1.602960020676611919e+00 1.470090339176471250e+00
4.559088446571036712e+01 -1.588383887059966026e+00 1.468545487237688185e+00
4.546421688085491297e+01 -1.573994111564605003e+00 1.467054119012692226e+00
4.533732659243595009e+01 -1.559787104045163630e+00 1.465622602433889199e+00
4.521025311802691249e+01 -1.545779395235357567e+00 1.464251248566309949e+00
4.508296422439082818e+01 -1.531957690332225841e+00 1.462930632647866602e+00
4.495540900399868178e+01 -1.518349873284267293e+00 1.461680839187835312e+00
4.482767825859735922e+01 -1.504937673337823245e+00 1.460488411580412205e+00
4.469981478812569975e+01 -1.491721974513557258e+00 1.459348254724177840e+00
4.457174784819120816e+01 -1.478698241731288832e+00 1.458255306068007018e+00
4.444360727843500314e+01 -1.465872229148751593e+00 1.457220333443375537e+00
4.431536572916729000e+01 -1.453246944819026387e+00 1.456237486290117511e+00
4.418698695457923264e+01 -1.440824327117586234e+00 1.455304481988515697e+00
4.405853280360344826e+01 -1.428606577920221499e+00 1.454426586180726400e+00
4.393003625113759369e+01 -1.416592548358796000e+00 1.453596805008672721e+00
4.380151086317593467e+01 -1.404785166292080056e+00 1.452813853771582675e+00
4.367294455184449475e+01 -1.393188021544276012e+00 1.452080278991727535e+00
4.354430471677982695e+01 -1.381802883332712728e+00 1.451392144603897538e+00
4.341563524130795315e+01 -1.370633521368750385e+00 1.450753068029770665e+00
4.328696473119661903e+01 -1.359675870642455653e+00 1.450158219824835504e+00
4.315827550583270522e+01 -1.348937758085671623e+00 1.449605040972853143e+00
4.302956435439418215e+01 -1.338418532440386999e+00 1.449099666800803377e+00
4.290092860408256570e+01 -1.328127774680102346e+00 1.448637296534944330e+00
4.277228135125063346e+01 -1.318065645399163932e+00 1.448215035971526232e+00
4.264366318419411783e+01 -1.308258279999992224e+00 1.447837698605190626e+00
4.251513720427392684e+01 -1.298675165430836165e+00 1.447501245239246170e+00
4.238668780525564728e+01 -1.289321017962567595e+00 1.447207067838207628e+00
4.225835503222435818e+01 -1.280206562148495930e+00 1.446945230790105841e+00
4.213013185640581071e+01 -1.271327411555873699e+00 1.446720484664754780e+00
4.200205034338875265e+01 -1.262681287469912927e+00 1.446530720934130709e+00
4.187411202352911488e+01 -1.254276180646707095e+00 1.446375535075212548e+00
4.174634096211517686e+01 -1.246111654522938705e+00 1.446252270107174498e+00
4.161874722569963581e+01 -1.238187961489068956e+00 1.446159667589001829e+00
4.149134685457081417e+01 -1.230507391637479131e+00 1.446095868099791071e+00
4.136415842539322796e+01 -1.223069241264132856e+00 1.446058752818839999e+00
4.123716640688446944e+01 -1.215877510458491573e+00 1.446049605937968607e+00
4.111037475077079506e+01 -1.208936103359718572e+00 1.446067753700100322e+00
4.098384523753509256e+01 -1.202238000197500378e+00 1.446109777184316769e+00
4.085764192887421586e+01 -1.195790350969987204e+00 1.446175787797626011e+00
4.073165379512781215e+01 -1.189582740210356038e+00 1.446261495447684009e+00
4.060598665155705334e+01 -1.183625805039577372e+00 1.446367794076156787e+00
4.048069385985632351e+01 -1.177922570081838982e+00 1.446490953994094664e+00
4.035576658038554854e+01 -1.172484102652537663e+00 1.446633790263368136e+00
4.023117857411255471e+01 -1.167293381555032594e+00 1.446794293729209091e+00
4.010703613144081459e+01 -1.162346928502617338e+00 1.446961435926142014e+00
3.998327890649222383e+01 -1.157639305186395351e+00 1.447146478051539065e+00
3.985988257838978654e+01 -1.153170576895989452e+00 1.447336688143969541e+00
3.973697594574320391e+01 -1.148939469822756632e+00 1.447538742147360891e+00
3.961450497404533166e+01 -1.144944783022429968e+00 1.447744698568073973e+00
3.949244509152861582e+01 -1.141184717365256063e+00 1.447957751428724515e+00
3.937083774687284432e+01 -1.137657317158888626e+00 1.448174197725909496e+00
3.924972444660571824e+01 -1.134360820323212282e+00 1.448393059097894842e+00
3.912909181578645246e+01 -1.131292581003551234e+00 1.448617484126825117e+00
3.900890441799979413e+01 -1.128449337832960309e+00 1.448841514044250989e+00
3.888920396727677087e+01 -1.125828176721431539e+00 1.449066884676343703e+00
3.877001720147292474e+01 -1.123425603707689513e+00 1.449292308373004046e+00
3.865133506493081228e+01 -1.121238828010858279e+00 1.449511494873865658e+00
3.853318598266542949e+01 -1.119264175065673772e+00 1.449735131865913518e+00
3.841549362438715320e+01 -1.117499033409206088e+00 1.449947682271722327e+00
3.829831808814288507e+01 -1.115950973539684865e+00 1.450164256700201548e+00
3.818178998766840238e+01 -1.114622843316691592e+00 1.450366529595096488e+00
3.806572651484594871e+01 -1.113492061929370225e+00 1.450568564474871813e+00
3.795022631582578754e+01 -1.112554479305138511e+00 1.450760270352531300e+00
3.783533793239595866e+01 -1.111805435915404150e+00 1.450936586471626599e+00
3.772094816037279941e+01 -1.111241373197684679e+00 1.451108649409264428e+00
3.760710662972580565e+01 -1.110858580341723023e+00 1.451266540633471491e+00
3.749387497655664703e+01 -1.110653356740734621e+00 1.451410930307085012e+00
3.738117796884808541e+01 -1.110621770498059879e+00 1.451545737793611623e+00
3.726905194733200233e+01 -1.110760205204723183e+00 1.451665558045868831e+00
3.715753940880190243e+01 -1.111065190059914887e+00 1.451766014621550083e+00
3.704658866939701056e+01 -1.111533160781713159e+00 1.451848826627291533e+00
3.693620612095447342e+01 -1.112160777275961854e+00 1.451913404286260256e+00
3.682639920956729895e+01 -1.112945125776974464e+00 1.451957193058757145e+00
3.671714954574459000e+01 -1.113883521708864732e+00 1.451981930084510042e+00
3.660857342305351381e+01 -1.114971911980675801e+00 1.451988283904250165e+00
3.650055168718681387e+01 -1.116205682759422890e+00 1.451971814373840486e+00
3.639313142178010452e+01 -1.117582049655538867e+00 1.451928578051967511e+00
3.628639192537964675e+01 -1.119107012555699887e+00 1.451866181139996659e+00
3.618026510116974492e+01 -1.120783906597186519e+00 1.451779293204782162e+00
3.607482429914144717e+01 -1.122591959036948417e+00 1.451664221112667796e+00
3.596999972266579704e+01 -1.124528920149095779e+00 1.451528570428794129e+00
3.586588523676011420e+01 -1.126592863570133440e+00 1.451363458647984439e+00
3.576238493001736174e+01 -1.128781092554276055e+00 1.451173832474559777e+00
3.565950697599519970e+01 -1.131091450448613145e+00 1.450958056970121701e+00
3.555730230919153456e+01 -1.133522173666126287e+00 1.450716035448462726e+00
3.545574334900208413e+01 -1.136072135213253453e+00 1.450445529239082099e+00
3.535486444622070934e+01 -1.138739952978248038e+00 1.450145586449975044e+00
3.525465499101672862e+01 -1.141523929446593533e+00 1.449817886876202833e+00
3.515509077073689070e+01 -1.144423107639218173e+00 1.449458669192201787e+00
3.505624122699008893e+01 -1.147436028892273141e+00 1.449066381324303210e+00
3.495807966405485701e+01 -1.150560003450482816e+00 1.448647476104661713e+00
3.486056622289054729e+01 -1.153794488285548203e+00 1.448194098464338664e+00
3.476374533852879978e+01 -1.157138271847231392e+00 1.447708853198837131e+00
3.466761702284055247e+01 -1.160588892911004866e+00 1.447197517169615866e+00
3.457223492674317100e+01 -1.164145627761377311e+00 1.446649649721434283e+00
3.447763440914513922e+01 -1.167816881998926082e+00 1.446064831979773091e+00
3.438375144450733956e+01 -1.171602112715401267e+00 1.445444035914236647e+00
