# cl_TT                  cl_TE                    cl_EE
1.962854460080367858e+02 5.957515151865562242e-01 3.727465095238606616e-03
1.714748612689790264e+02 7.920108444503184408e-01 9.800535752954961377e-03
1.589010412137193669e+02 9.355370127737245856e-01 1.824105525169927161e-02
1.511752484991518770e+02 1.027957221803596610e+00 2.777917225327135309e-02
1.458692863863218463e+02 1.075597846800556701e+00 3.696953985279970850e-02
1.420036718759023984e+02 1.086942883584565811e+00 4.451766144500615002e-02
1.391636825534683908e+02 1.070354808130733248e+00 4.950394950883375139e-02
1.371109927710851650e+02 1.033391955846846066e+00 5.148605807774631754e-02
1.356287347998125767e+02 9.833395054797827717e-01 5.047816493117358166e-02
1.346710150824248444e+02 9.251810780647331534e-01 4.688019575951037077e-02
1.342331690237244572e+02 8.609112660640284576e-01 4.137964606697007441e-02
1.341749929053773087e+02 7.927049415473720329e-01 3.479825194804662264e-02
1.343788849746446203e+02 7.238051192910989196e-01 2.793225898161689688e-02
1.348611970519879151e+02 6.567117754158163789e-01 2.144826453317508555e-02
1.356563757265367940e+02 5.924978690985992502e-01 1.583290390224492694e-02
1.367303931192853952e+02 5.315267987357519264e-01 1.137393654862481340e-02
1.378825523978903504e+02 4.738692159973917351e-01 8.162032024332945002e-03
1.394034419623928329e+02 4.223612546781145838e-01 6.133435049499372065e-03
1.407686333033704216e+02 3.759939131453550742e-01 5.094455400860388623e-03
1.425991585489050522e+02 3.379574640062290580e-01 4.775184641266314381e-03
1.445029828987820224e+02 3.069064161725051920e-01 4.914390649499393755e-03
1.460993280635405540e+02 2.843903703927140314e-01 5.272138885504341725e-03
1.478073218214822191e+02 2.719256524320380897e-01 5.643732969351226286e-03
1.498099902071681697e+02 2.635433821058955073e-01 5.913222396137990562e-03
1.516351773896080601e+02 2.636176973857114469e-01 6.015201248802530196e-03
1.536351490313100214e+02 2.724233009332778788e-01 5.973063883094513991e-03
1.555961127384948668e+02 2.843516996580989775e-01 5.819135368198268335e-03
1.575212381124631520e+02 3.035990336290236291e-01 5.631386353365902021e-03
1.596852473580440233e+02 3.221634171611023612e-01 5.494337641406632847e-03
1.614270217965982397e+02 3.474325905545102011e-01 5.463928433741508696e-03
1.634832743654149567e+02 3.715298368594376344e-01 5.609566755492770632e-03
1.653404024097781360e+02 3.945170362274073583e-01 5.915682752148571956e-03
1.670297359842774085e+02 4.194507269339611821e-01 6.409871844001161639e-03
1.692493050261563781e+02 4.364536953378693740e-01 7.040121564933735088e-03
1.711712751284723595e+02 4.545904404249932473e-01 7.763356987570447197e-03
1.731534174731980613e+02 4.676960082142639918e-01 8.542590418399420224e-03
1.751318593760773297e+02 4.777612675867193293e-01 9.311852311680565708e-03
1.770676034219119401e+02 4.850233019410938318e-01 1.003053715206061146e-02
1.789965833524657626e+02 4.882593526201201573e-01 1.066699885911393843e-02
1.809254230162682120e+02 4.867804058011236945e-01 1.120109523328420044e-02
1.828549315465092207e+02 4.819655620432845011e-01 1.165817986771158082e-02
1.847714648731290481e+02 4.753116789092388106e-01 1.207481311757723288e-02
1.866985207902404227e+02 4.667110932010323787e-01 1.248540105809090896e-02
1.886744538971859413e+02 4.557515821239362941e-01 1.292152694147920798e-02
1.906450913308242150e+02 4.425137895128855581e-01 1.341003194868617410e-02
1.925947093451669616e+02 4.271927301351657325e-01 1.397052589894461072e-02
1.945041969133559121e+02 4.099934423498304836e-01 1.461393953287531272e-02
1.963692997711627299e+02 3.911952502434892787e-01 1.535046074125512999e-02
1.982526188560643163e+02 3.712163901503236496e-01 1.620141993470905137e-02
2.002177419597372534e+02 3.506244297556291856e-01 1.718305115484846171e-02
2.022059222141249109e+02 3.303822049774920444e-01 1.828674596308002553e-02
2.041371145266122369e+02 3.113414449179627286e-01 1.949434255726298013e-02
2.059832722499966167e+02 2.934947173762204597e-01 2.078842199393989704e-02
2.077312054165654160e+02 2.764649570615090313e-01 2.215305102953875685e-02
2.094865142300179457e+02 2.592393040918028468e-01 2.356962783567177755e-02
2.113545452562552214e+02 2.408265762601962123e-01 2.503561820862287152e-02
2.132994429446538049e+02 2.209202602610211008e-01 2.655473338855046661e-02
2.152407815639324440e+02 1.995013214675719626e-01 2.813142749575838972e-02
2.171649904420651183e+02 1.769667144169300155e-01 2.976272634706412026e-02
2.190832183998203675e+02 1.536418193768744334e-01 3.144621144019817127e-02
2.209940672816567542e+02 1.292091540051177323e-01 3.318168685576509264e-02
2.229060016995509841e+02 1.031756649376030233e-01 3.497025518798110855e-02
2.248126294226208302e+02 7.505572901097924687e-02 3.681227624059514592e-02
2.267298431180039984e+02 4.430429823169729220e-02 3.871033836364667219e-02
2.286891576817366172e+02 1.035726385449039534e-02 4.065939003446680106e-02
2.306805804999921179e+02 -2.658632847036838942e-02 4.265056218351966077e-02
2.326800277711539024e+02 -6.613107137193083296e-02 4.467106003368929296e-02
2.346559871593669300e+02 -1.079112682825912189e-01 4.671031733476243425e-02
2.365918028403220035e+02 -1.517543569629818678e-01 4.875851068734869675e-02
2.384722400568954583e+02 -1.977204785663407571e-01 5.081118361455350813e-02
2.403917457997982865e+02 -2.466297444639604375e-01 5.287569044196634843e-02
2.424387597729696608e+02 -2.992749767902626035e-01 5.496103822843190906e-02
2.445977245805013638e+02 -3.553793117304812066e-01 5.707029133977818691e-02
2.468456542812192254e+02 -4.143316060248699029e-01 5.920577128645468368e-02
2.491203869082501683e+02 -4.755094545204460732e-01 6.136824871506851853e-02
2.513070538765426249e+02 -5.377105746568995315e-01 6.356417625013534300e-02
2.534076059394497520e+02 -6.008133892017266664e-01 6.579919847401430322e-02
2.554834204749479341e+02 -6.649934507244206205e-01 6.807970275971131358e-02
2.575735896401871514e+02 -7.305748745176268155e-01 7.041207642955608914e-02
2.597167930736422932e+02 -7.976343851397647011e-01 7.280083007402629591e-02
2.619277757828023709e+02 -8.660019922041028995e-01 7.524445318323363940e-02
2.641837285248483340e+02 -9.356317321158558187e-01 7.773807284122991046e-02
2.664841269767274525e+02 -1.006180503021527617e+00 8.027755890937324224e-02
2.688210183460041662e+02 -1.077676616436214818e+00 8.285803835782863669e-02
2.711907828307827799e+02 -1.149802534232018392e+00 8.547693190918578821e-02
2.735625628227756465e+02 -1.222565852447019319e+00 8.812895009891796860e-02
2.759172620810855960e+02 -1.295999735422996180e+00 9.080961155590829004e-02
2.782654976996773826e+02 -1.370211627731402482e+00 9.351443487476990279e-02
2.806104583702673949e+02 -1.445457538013145138e+00 9.623448161602511652e-02
2.829627494202601952e+02 -1.521752729416053329e+00 9.896546970817610145e-02
2.853255010960367031e+02 -1.599338027238433657e+00 1.017046573974691309e-01
2.877166886584911367e+02 -1.678139228701662100e+00 1.044502451523472708e-01
2.901320023227003162e+02 -1.758379263937202452e+00 1.072026619814021725e-01
2.925894173732233412e+02 -1.839983928542832992e+00 1.099593656074693282e-01
2.950846240760238857e+02 -1.922953301714993568e+00 1.127192994990750680e-01
2.976207410924156989e+02 -2.007287463407191996e+00 1.154806643882569095e-01
3.002083154914373608e+02 -2.092986495029096172e+00 1.182409182950443644e-01
3.028281810103337648e+02 -2.179976196677868128e+00 1.209990050587294308e-01
3.054983132177916332e+02 -2.268182371405408571e+00 1.237560972001370829e-01
3.082144027221202123e+02 -2.357530826009905045e+00 1.265103961051360915e-01
3.109795685815582260e+02 -2.448170222356991665e+00 1.292526750441564398e-01
3.137820732618920374e+02 -2.539729243185607110e+00 1.319959926036219366e-01
3.166250360448415222e+02 -2.632282278483445648e+00 1.347236942655826164e-01
3.195041479836585268e+02 -2.725680874813847687e+00 1.374414108908308951e-01
3.224151002586758636e+02 -2.819702303171028213e+00 1.401473453500198807e-01
3.253535841815103709e+02 -2.914346693835222268e+00 1.428471292557780548e-01
3.283078628479144072e+02 -3.009465619694228433e+00 1.455315379436218637e-01
3.312884845407784837e+02 -3.104836380562725484e+00 1.482062039041082135e-01
3.342837126295212329e+02 -3.200459137985844471e+00 1.508619034121667646e-01
3.372899042622657362e+02 -3.296267112767587548e+00 1.535033719373044836e-01
3.403135062386629670e+02 -3.392000011017531680e+00 1.561317534113622896e-01
3.433542024330155300e+02 -3.487776300535261331e+00 1.587324376143312843e-01
3.464116768498811325e+02 -3.583417329153986586e+00 1.612982432698092383e-01
3.494856136198479248e+02 -3.678893026343615702e+00 1.638368464179779382e-01
3.525831253446752385e+02 -3.774173336736232454e+00 1.663410670348402232e-01
3.557038963908699998e+02 -3.869153937091811546e+00 1.687962974005962902e-01
3.588401828830179170e+02 -3.963730520202140450e+00 1.712102155155990901e-01
3.619990977471993574e+02 -4.057947362226731691e+00 1.735756433615084637e-01
3.651803256523265873e+02 -4.151700188939450697e+00 1.758928319611979540e-01
3.683835513519960045e+02 -4.244884742913305864e+00 1.781546046840795927e-01
3.716010313254463995e+02 -4.337545350625766183e+00 1.803612139491657385e-01
3.748398788192244524e+02 -4.429577788468018973e+00 1.825129128736969752e-01
3.780997787871613127e+02 -4.520877849686924854e+00 1.846025269182022810e-01
3.813729878810160017e+02 -4.611489911244334827e+00 1.866377389288561284e-01
3.846666194918786914e+02 -4.701384083081276088e+00 1.886113757243411682e-01
3.879729303399682294e+02 -4.790456207808050593e+00 1.905311214808741438e-01
3.912916055163920532e+02 -4.878750710821678993e+00 1.923898043114719292e-01
3.946297584745071845e+02 -4.966237749330396412e+00 1.941951096434887669e-01
3.979796459709606893e+02 -5.052813211810736505e+00 1.959398667904720948e-01
4.013338702897286794e+02 -5.138502844937407055e+00 1.976301887029362214e-01
4.047087008794277381e+02 -5.223183233504385292e+00 1.992658943744066713e-01
4.080910393016595776e+02 -5.306786535575755970e+00 2.008303729626940426e-01
4.114900721460567752e+02 -5.389096354140483491e+00 2.023367274701857732e-01
4.149001292744259786e+02 -5.470193437275523429e+00 2.037609195481305258e-01
4.183303972180996197e+02 -5.549787125726899362e+00 2.051086246023667847e-01
4.217752057743188061e+02 -5.627809619995832513e+00 2.063706616436889463e-01
4.252363130554461463e+02 -5.704267412369637746e+00 2.075527066365178142e-01
4.287080487880692203e+02 -5.779092718930297856e+00 2.086455790467894311e-01
4.322070277147768707e+02 -5.852217762056124428e+00 2.096475268372122724e-01
4.357201511443895470e+02 -5.923649052917383528e+00 2.105716547621315216e-01
4.392491770566718401e+02 -5.993244539964210027e+00 2.114013542094386189e-01
4.428032917565259936e+02 -6.061085025445505536e+00 2.121423015951930113e-01
4.463693964786971264e+02 -6.127102746922348686e+00 2.128001732556408787e-01
4.499566774961783153e+02 -6.191155659824299384e+00 2.133657886893886857e-01
4.535446076766228884e+02 -6.253398854052365508e+00 2.138522522522515457e-01
4.571349449434121084e+02 -6.313616001591469740e+00 2.142652397005508080e-01
4.607220188851420630e+02 -6.371887907220624925e+00 2.146029981366537609e-01
4.643001591174616465e+02 -6.428146806745950848e+00 2.148712026569354616e-01
4.678636952957058952e+02 -6.482324933321105043e+00 2.150755279506013362e-01
4.713992806487843268e+02 -6.534458796985532558e+00 2.152191913084142982e-01
4.749222893565185473e+02 -6.584407756560222147e+00 2.152955817479527967e-01
4.784255625016979252e+02 -6.631986879773315025e+00 2.153030591502383684e-01
4.819167979669196029e+02 -6.677159796768727062e+00 2.152399828129440140e-01
4.853962654005947570e+02 -6.719667282336047265e+00 2.150898547142407191e-01
4.888790912849931374e+02 -6.759472956766564344e+00 2.148584612316807585e-01
4.923506888524927945e+02 -6.796391868283100379e+00 2.145293030126892986e-01
4.958261849056536903e+02 -6.830313343592965047e+00 2.141155934022435370e-01
4.992984213837581251e+02 -6.861126704534896703e+00 2.136008316213246772e-01
5.027676687822091139e+02 -6.888795551835076303e+00 2.129908012032521447e-01
5.062193411201532740e+02 -6.913134914956376775e+00 2.122838565818878920e-01
5.096537093597281114e+02 -6.934182670068850030e+00 2.114783514358041516e-01
5.130710447235364882e+02 -6.951679556088977030e+00 2.105874953868597244e-01
5.164567620117635443e+02 -6.965737726853782341e+00 2.095947839016907566e-01
5.198185613705311425e+02 -6.976172200340436724e+00 2.085059967503876954e-01
5.231492865571589164e+02 -6.983020844010830785e+00 2.073269129676138800e-01
5.264492100066905778e+02 -6.986247241707317812e+00 2.060633108679116310e-01
5.297186044966018699e+02 -6.986037828640029979e+00 2.047209680654588915e-01
5.329577431608159941e+02 -6.982356191412947943e+00 2.033056614975373155e-01
5.361668995026959692e+02 -6.975240203129966510e+00 2.018157391009666179e-01
5.393389190566598472e+02 -6.964727741034399067e+00 2.002644048928881870e-01
5.424889327998396311e+02 -6.950930971189329455e+00 1.986574339529505739e-01
5.456023587097087102e+02 -6.933887782676142031e+00 1.970006008088872607e-01
5.486794718736118739e+02 -6.913710355817692665e+00 1.952996794739725317e-01
5.517279761451201239e+02 -6.890659446902501095e+00 1.935753001866709344e-01
5.547406344104726941e+02 -6.864726126337148848e+00 1.918232135388763249e-01
5.577172995790883760e+02 -6.835788377203854793e+00 1.900510781351692213e-01
5.606503119490557765e+02 -6.803751633069281546e+00 1.882491013667331459e-01
5.635468689463972396e+02 -6.768447057647269283e+00 1.864074903143225215e-01
5.664067400733059685e+02 -6.729854396370267722e+00 1.845313084897061695e-01
5.692222669055463484e+02 -6.687953410381423325e+00 1.826181908247908048e-01
5.720006481390572617e+02 -6.642649593951172271e+00 1.806657720600828299e-01
5.747416545334991724e+02 -6.593922742312266827e+00 1.786642584307421844e-01
5.774376289050483138e+02 -6.541826952390326966e+00 1.766187127510332744e-01
5.800957711684537799e+02 -6.486119205912405761e+00 1.745341977444387072e-01
5.827084249259187345e+02 -6.427002204934217922e+00 1.724009193707458365e-01
5.852827908566063115e+02 -6.364381537190030969e+00 1.702172547349490861e-01
5.878186416530999168e+02 -6.298385660849740830e+00 1.679912377767506793e-01
5.903083220073687016e+02 -6.228994487103875599e+00 1.657219884093815154e-01
5.927590336463347285e+02 -6.156336514122902948e+00 1.634115978897160704e-01
5.951705502648804895e+02 -6.080540259848341123e+00 1.610599289774111709e-01
5.975352175086297848e+02 -6.001511411124220707e+00 1.586698157789301900e-01
5.998528096563727559e+02 -5.919378524191117208e+00 1.562426067304458766e-01
6.021379579514609759e+02 -5.834418740500909806e+00 1.537818787601259451e-01
6.043830088310634210e+02 -5.746686368359260833e+00 1.512912087640267689e-01
6.065951656573696482e+02 -5.656458582934005719e+00 1.487741735808739973e-01
6.087816319966176479e+02 -5.563864007576149184e+00 1.462358356308820495e-01
6.109496115983222353e+02 -5.469105563004152515e+00 1.436797715380299378e-01
6.130840233235442156e+02 -5.372311898823084242e+00 1.411095577563206693e-01
6.152069279258423649e+02 -5.273834525911682114e+00 1.385287705200412556e-01
6.173092923652594664e+02 -5.173654477829460419e+00 1.359438883341954063e-01
6.193839900004330730e+02 -5.071830803507332064e+00 1.333618570263154779e-01
6.214076570555484977e+02 -4.967977787137362711e+00 1.307917817314490361e-01
6.233866432143851171e+02 -4.862006849872012815e+00 1.282420242744581329e-01
6.252901564483472612e+02 -4.753755130072987001e+00 1.257216887634333979e-01
6.271245464998095258e+02 -4.642985480980481583e+00 1.232383930037156961e-01
6.288738780616558870e+02 -4.529468180155713952e+00 1.208019825884557724e-01
6.305296441605738664e+02 -4.413196349161504273e+00 1.184208166353457603e-01
6.321204795411897521e+02 -4.294096245373350662e+00 1.161025105307440519e-01
6.336304487973877713e+02 -4.172116399615062754e+00 1.138569071766836194e-01
6.350659015095977793e+02 -4.047196414497029160e+00 1.116931055558722102e-01
6.364406155303905734e+02 -3.919289246868059795e+00 1.096179749660178004e-01
6.377535119209189816e+02 -3.788338920173015101e+00 1.076413547685682176e-01
6.390109399899758955e+02 -3.654295378584375698e+00 1.057723401178140427e-01
6.402118205829921180e+02 -3.517136769522420270e+00 1.040125963506514373e-01
6.413402177224555771e+02 -3.376848641797595363e+00 1.023793867791250312e-01
6.423950520007911109e+02 -3.233438799903098015e+00 1.008743735285015514e-01
6.433752438729469532e+02 -3.086803591386167334e+00 9.949921698493779942e-02
6.442722853004249828e+02 -2.937017610281964508e+00 9.827043241191728284e-02
6.450776680970079724e+02 -2.783991990888291745e+00 9.718967646959608686e-02
6.457977406258829660e+02 -2.627860679990158044e+00 9.625860384077172816e-02
6.464165660461620746e+02 -2.468460450491691827e+00 9.549372386262808265e-02
6.469404924132350061e+02 -2.305999451237493947e+00 9.488925871305603499e-02
6.473758676279094288e+02 -2.140388653949029329e+00 9.445428510637929320e-02
6.477216110870433567e+02 -1.971836119873336957e+00 9.418302084444020450e-02
6.479692136853442435e+02 -1.800252730569915416e+00 9.409196652784163062e-02
6.481250228687702020e+02 -1.625772171420798440e+00 9.418276377326677273e-02
6.481879575872172836e+02 -1.448453796804848537e+00 9.444962354110353342e-02
6.481643649991402754e+02 -1.268356912981107198e+00 9.490161117284628967e-02
6.480457354255418068e+02 -1.085540777669744328e+00 9.554036133662478780e-02
6.478384157562336441e+02 -9.001388833377758081e-01 9.635264968308537847e-02
6.475487527550252480e+02 -7.122103901802854242e-01 9.734753461265029106e-02
6.471682363652521417e+02 -5.218886933140532980e-01 9.852664390083913648e-02
6.466957847667846409e+02 -3.293071396641265580e-01 9.988417473480613873e-02
6.461451727326910941e+02 -1.344504615449358398e-01 1.014217504604512654e-01
6.455004615341852059e+02 6.247380504885767516e-02 1.031409922891248776e-01
6.447828540992811668e+02 2.613324534876183547e-01 1.050212343137842952e-01
6.439838398667925503e+02 4.620666053632386805e-01 1.070640936873111376e-01
6.431097648938485918e+02 6.645431421701999408e-01 1.092563289575771146e-01
6.421595468108366731e+02 8.684804203285879654e-01 1.116069819143239855e-01
6.411321031769153933e+02 1.073968254077328544e+00 1.141028075922357055e-01
6.400412081852938400e+02 1.280725078687086294e+00 1.167305594345685454e-01
6.388857792664248336e+02 1.488617933090511158e+00 1.194844177643914346e-01
6.376647337920661585e+02 1.697662457883619691e+00 1.223511332123135564e-01
6.363918457786099907e+02 1.907651475717564882e+00 1.253248835521395266e-01
6.350734608384136664e+02 2.118526406633377768e+00 1.283775604410257176e-01
6.337010678307835860e+02 2.330154415310084381e+00 1.315107680179820882e-01
6.322958689638551277e+02 2.542328408769995995e+00 1.347112529537895786e-01
6.308493529920601759e+02 2.755064168059302432e+00 1.379509046063455147e-01
6.293752936664084245e+02 2.968154644885889315e+00 1.412313252807081698e-01
6.278638667497773440e+02 3.181305124920480232e+00 1.445177969734125767e-01
6.263148531224401268e+02 3.394390155407320808e+00 1.478457436450930362e-01
6.247192923692607565e+02 3.607122329413791739e+00 1.512365543242667199e-01
6.230830807058548544e+02 3.819139968431504606e+00 1.547264749359054670e-01
6.213824008707752000e+02 4.030304254191992896e+00 1.583294667122508714e-01
6.196231489202327793e+02 4.240327809036462448e+00 1.620817764547826112e-01
6.178037924686606175e+02 4.449146111401708126e+00 1.660047949406628087e-01
6.159302273801309866e+02 4.656248942375133204e+00 1.701124854273784459e-01
6.140009210579341925e+02 4.862611754953832133e+00 1.744410972040841001e-01
6.120291974845987397e+02 5.066535796226927069e+00 1.790045956352699086e-01
6.100060954591797326e+02 5.269293652026322938e+00 1.838243757017226643e-01
6.079449386866037912e+02 5.469929400360117988e+00 1.889218337837465789e-01
6.058441940136534640e+02 5.668972785301844119e+00 1.943183677877043380e-01
6.037023281161473278e+02 5.865467875817004462e+00 2.000279489152602952e-01
6.015103791349039284e+02 6.060687239982716967e+00 2.060571217745245376e-01
5.992668133620644539e+02 6.252932099079045791e+00 2.124198611836319028e-01
5.969775252265968675e+02 6.441989337180078046e+00 2.191227155645226188e-01
5.946335522288281936e+02 6.629131500770835572e+00 2.261796637284633205e-01
5.922259316260929154e+02 6.812659788389655802e+00 2.336046866019008406e-01
5.897531287680644709e+02 6.993846730794820665e+00 2.413969105921268954e-01
5.872284654321405242e+02 7.170993510902111900e+00 2.495703210451807041e-01
5.846355497071835998e+02 7.345372644289078323e+00 2.581314772422836357e-01
5.819951311312345297e+02 7.516028134485120304e+00 2.670646557367890583e-01
5.792908171747710639e+02 7.684232483740721875e+00 2.763912771836857796e-01
5.765285000288353103e+02 7.848286848617098244e+00 2.861030512086630284e-01
5.737214998911341581e+02 8.009463721087266563e+00 2.962065465154657962e-01
5.708608515521634672e+02 8.166807084387778914e+00 3.067009058385871123e-01
5.679450177839543130e+02 8.320103754259587703e+00 3.175852742856108968e-01
5.649798893284865926e+02 8.470626215215704136e+00 3.288439426212536598e-01
5.619713565365992736e+02 8.617418446747214134e+00 3.404686322953991984e-01
5.589104526574576539e+02 8.761010099853914213e+00 3.524659237638245735e-01
5.558030672303614210e+02 8.901187993434593437e+00 3.648126863507731299e-01
5.526550893759599603e+02 9.037738950822291173e+00 3.775080766593401083e-01
5.494575510884058076e+02 9.170449801323647065e+00 3.905438251241205028e-01
5.462163406299897588e+02 9.299850216797134195e+00 4.039042359607188937e-01
5.429299174750018437e+02 9.426469878178721729e+00 4.175810438124203383e-01
5.396115973561451256e+02 9.550095641989859274e+00 4.315437002926773014e-01
5.362524105099560074e+02 9.669771541836270856e+00 4.457913723786146587e-01
5.328508150755204724e+02 9.787512964983001496e+00 4.603009438999758896e-01
5.294201254434857447e+02 9.901621138514682841e+00 4.750567288806940014e-01
5.259587988548355497e+02 1.001336864586719066e+01 4.900578998303413703e-01
5.224578637519421136e+02 1.012254241789127462e+01 5.051922057326152515e-01
5.189232048310992695e+02 1.022967223903486556e+01 5.205553910510379856e-01
5.153607063447736891e+02 1.033380224325685681e+01 5.360946348648950588e-01
5.117613954047965308e+02 1.043620509001052810e+01 5.516828343235115062e-01
5.081311553879234566e+02 1.053666778983600771e+01 5.674157386125410207e-01
5.044610125402630274e+02 1.063423453995259038e+01 5.831662479004188215e-01
5.007642777347360266e+02 1.073017806476709879e+01 5.989558308180634727e-01
4.970394047267845394e+02 1.082502827601681794e+01 6.147316739251366124e-01
4.932848468625164173e+02 1.091857227284028831e+01 6.304409651929455682e-01
4.895066026004000150e+02 1.101121907780209241e+01 6.461871277521242796e-01
4.857111386594069131e+02 1.110289399982272407e+01 6.618071191371490691e-01
4.818976101885110097e+02 1.119340143547312039e+01 6.774426990463979781e-01
4.780726003137488078e+02 1.128254580224747805e+01 6.930870615846113081e-01
4.742426917980619692e+02 1.136938870270975599e+01 7.087334022886542240e-01
4.703996103511846627e+02 1.145373459353700163e+01 7.244492016595913686e-01
4.665573663914913141e+02 1.153538794931275824e+01 7.401533746933166569e-01
4.627151133054922525e+02 1.161415326117550251e+01 7.559134049374410802e-01
4.588720041591646464e+02 1.168983503530363954e+01 7.717224940392728438e-01
4.550197633585374888e+02 1.176223779124434721e+01 7.874995618096666261e-01
4.511798284117386402e+02 1.182968039004470207e+01 8.033863803050275143e-01
4.473364947874167683e+02 1.189345304244512036e+01 8.193018728920254956e-01
4.435037710775065989e+02 1.195261746162069727e+01 8.353135318473186022e-01
4.396808089060129987e+02 1.200697820108208091e+01 8.513402844414801329e-01
4.358593312892746781e+02 1.205633981734828808e+01 8.673753435468041229e-01
4.320533460466620568e+02 1.210050686755488947e+01 8.835604912459593674e-01
4.282620040586589880e+02 1.214002674201121046e+01 8.997403779280108704e-01
4.244918843265550095e+02 1.217396115659586364e+01 9.159825069213860527e-01
4.207347089302114682e+02 1.220211465525551731e+01 9.322801006027665593e-01
4.169896280868752001e+02 1.222503460739692649e+01 9.487006675238967013e-01
4.132780768592703566e+02 1.224252553521214537e+01 9.651631520274340792e-01
4.095769200104671199e+02 1.225364911105275390e+01 9.816607848791263358e-01
4.059075922134960024e+02 1.225895265989250582e+01 9.981867998898300565e-01
4.022543862047296557e+02 1.225898348669411320e+01 1.014734434039183064e+00
3.986313079417737413e+02 1.225280320381937749e+01 1.031371211100058360e+00
3.950300781568757316e+02 1.224095906864724270e+01 1.048090374752574716e+00
3.914572741128702091e+02 1.222251264106316171e+01 1.064810888699639690e+00
3.879120445566822468e+02 1.219801112123349185e+01 1.081526003782629086e+00
3.843935380734101273e+02 1.216874451235141841e+01 1.098303258086536616e+00
3.809083314400191398e+02 1.213303144339209361e+01 1.115061626531216987e+00
3.774481445776810347e+02 1.209141901228649196e+01 1.131868654972719934e+00
3.740195539555469963e+02 1.204371144394975346e+01 1.148717609778969084e+00
3.706142791922482616e+02 1.199119859362180307e+01 1.165527477903987474e+00
3.672388964591691547e+02 1.193294177015321189e+01 1.182365817459881674e+00
3.638999817820341605e+02 1.186948790969277034e+01 1.199151623760860375e+00
3.605892543423739198e+02 1.180064106933137502e+01 1.215952463376344994e+00
3.573058615301603140e+02 1.172769093105702787e+01 1.232761623654869076e+00
3.540489505954160450e+02 1.164969862567281034e+01 1.249572396245853811e+00
3.508250970003610973e+02 1.156795374215458416e+01 1.266378077106529831e+00
3.476334477208944804e+02 1.148226015189900373e+01 1.283246249998158728e+00
3.444657212487149422e+02 1.139242167830994035e+01 1.300021652456870624e+00
3.413210642941406832e+02 1.129824209649659750e+01 1.316771876775921557e+00
3.381986234384301042e+02 1.120101080317966513e+01 1.333490235949683633e+00
3.350901167863976298e+02 1.109978864157573319e+01 1.350095763613891942e+00
3.319946906701351850e+02 1.099512207667918418e+01 1.366656064480081145e+00
3.289114913023784084e+02 1.088681469048504269e+01 1.383090180239146205e+00
3.258322364303144809e+02 1.077541285246939395e+01 1.399465723471721379e+00
3.227560720406152086e+02 1.066072005009410795e+01 1.415627460023343609e+00
3.196895723644994973e+02 1.054476822957628457e+01 1.431791576899553942e+00
3.166244548325834671e+02 1.042661795148678294e+01 1.447877130606513463e+00
3.135685333716407399e+02 1.030746862486894955e+01 1.463946473456262387e+00
3.105271530293575779e+02 1.018741833231761618e+01 1.479966579215781008e+00
3.074994703130160474e+02 1.006573266676778822e+01 1.495899150124091470e+00
3.044920700084593932e+02 9.943905684594586347e+00 1.511780174777056507e+00
3.015189651887700393e+02 9.820460061559836973e+00 1.527497077431896111e+00
2.985718838225927243e+02 9.695404104116425614e+00 1.543085851821375920e+00
2.956574105353519712e+02 9.568746080532521958e+00 1.558508210443281916e+00
2.927821299193486198e+02 9.440494222073120056e+00 1.573725867853674520e+00
2.899451981947318018e+02 9.309913889151800959e+00 1.588626256949911220e+00
2.871457715715698669e+02 9.177756077565398130e+00 1.603245379259072623e+00
2.843904346125010534e+02 9.042246110490363975e+00 1.617544954208238295e+00
2.816783435451856121e+02 8.904506335256611393e+00 1.631486702402209499e+00
2.790235113265246127e+02 8.764396248249186172e+00 1.645032345397204665e+00
2.764102375551059936e+02 8.621849598934613113e+00 1.658217888976674770e+00
2.738599636378438049e+02 8.476948674276124862e+00 1.671005055919964510e+00
2.713644176525046419e+02 8.329775732564025148e+00 1.683355569279947117e+00
2.689301844643316599e+02 8.180264437161925528e+00 1.695305435662942672e+00
2.665564206907048401e+02 8.028571274679555003e+00 1.706742094501816798e+00
2.642422830670452072e+02 7.874704138024872790e+00 1.717850118855626995e+00
2.620017851631388339e+02 7.718596610370930478e+00 1.728368380174097885e+00
2.598192272975916239e+02 7.560405099527041095e+00 1.738555733625220867e+00
2.577086233558348454e+02 7.400063137179823336e+00 1.748151048861598778e+00
2.556617023543867333e+02 7.237652796555518186e+00 1.757338895361226561e+00
2.536850502080476133e+02 7.073256125459146837e+00 1.766080990720852784e+00
2.517703963447200408e+02 6.906732295706771829e+00 1.774339050987262967e+00
2.499243271220507836e+02 6.738237587480879753e+00 1.782074790489528660e+00
2.481534291423168099e+02 6.567705404552477866e+00 1.789324205182696303e+00
2.464420042167700160e+02 6.395143407937170288e+00 1.796049005493001394e+00
2.448040678321086148e+02 6.220633515453170226e+00 1.802210899679899558e+00
2.432387790632966187e+02 6.044183334193062862e+00 1.807845877207649554e+00
2.417378689376585896e+02 5.865726159926685668e+00 1.812989925121391899e+00
2.403079254989629874e+02 5.685343826945973511e+00 1.817456177427804187e+00
2.389481087694464634e+02 5.503118140340894193e+00 1.821503466515130620e+00
2.376501507619863958e+02 5.319205158736210137e+00 1.825019204532511985e+00
2.364132121921372232e+02 5.133612342981784593e+00 1.828039367823359296e+00
2.352438824889919147e+02 4.946569972837416174e+00 1.830674213347455614e+00
2.341413231048529724e+02 4.758085445115803225e+00 1.832885428106405978e+00
2.330898391744212574e+02 4.568314690350189444e+00 1.834783263094445616e+00
2.320960212747538378e+02 4.377339321450842924e+00 1.836329399236753313e+00
2.311590320322088985e+02 4.185240916392330313e+00 1.837559797852054810e+00
2.302780344798845249e+02 3.992101017430615961e+00 1.838510417111541617e+00
2.294373353635361639e+02 3.798001130364474509e+00 1.839142928503329166e+00
2.286509552487353290e+02 3.602948440349944992e+00 1.839567567311905627e+00
2.279032017237613843e+02 3.406950094786640015e+00 1.839745998584299214e+00
2.271932395052564004e+02 3.210161769784101615e+00 1.839639884114585344e+00
2.265202337411421354e+02 3.012583107350753853e+00 1.839433732933785093e+00
2.258759216630787989e+02 2.814280565548085367e+00 1.839014916776525510e+00
2.252668976392419609e+02 2.615268564639844584e+00 1.838493654583896575e+00
2.246848997746875227e+02 2.415598627163018097e+00 1.837831594976655936e+00
2.241290949628499902e+02 2.215302922456077184e+00 1.837213233752995611e+00
2.235997467879714407e+02 2.014448115902426117e+00 1.836511421663863830e+00
2.230940759320365316e+02 1.813274631506488044e+00 1.835763825839085595e+00
2.226178281168034516e+02 1.612035104912499683e+00 1.834993602332818607e+00
2.221767494996736048e+02 1.411029675017975826e+00 1.834075336785845112e+00
2.217617299714218859e+02 1.210513873110778515e+00 1.832957894905044460e+00
2.213785165550572174e+02 1.010676338645154937e+00 1.831738705933387390e+00
2.210328567028679174e+02 8.119062408246393581e-01 1.830292345099577611e+00
2.207230699434477685e+02 6.144441472605197685e-01 1.828493384082095830e+00
2.204400478787561894e+02 4.185305922416425184e-01 1.826513524969522795e+00
2.202043959322558067e+02 2.244803616433708182e-01 1.824227332184275019e+00
2.199921498431873488e+02 3.231107695940926144e-02 1.821583649931993953e+00
2.198239158662663328e+02 -1.576625350011862381e-01 1.818605602131205146e+00
2.196980156161123432e+02 -3.454229083298905323e-01 1.815242025330656706e+00
2.196127711146927197e+02 -5.307296515771340317e-01 1.811516035629236576e+00
2.195590764378343920e+02 -7.134909632282451231e-01 1.807450745080619647e+00
2.195575394633337112e+02 -8.936150625580590035e-01 1.802920694588156181e+00
2.195916267157089692e+02 -1.070787336888427310e+00 1.798023271309655780e+00
2.196745185156268860e+02 -1.244990323785994946e+00 1.792707291029913108e+00
2.197971105255300870e+02 -1.415983724150809753e+00 1.786921565043746440e+00
2.199725838487473482e+02 -1.583675817271642527e+00 1.780614900027234659e+00
2.201918349258560283e+02 -1.747900607809582896e+00 1.773884664907594111e+00
2.204531889338134931e+02 -1.908417823248904632e+00 1.766605373209621632e+00
2.207698281346279146e+02 -2.065135761827293859e+00 1.758725816919215923e+00
2.211326501228193138e+02 -2.217962722937443676e+00 1.750343349834391216e+00
2.215399812254341043e+02 -2.366807004529476011e+00 1.741406753399688423e+00
2.219975765013582247e+02 -2.511874034531299760e+00 1.731939087054262583e+00
2.224889063399291160e+02 -2.653146383761162408e+00 1.722037688069667949e+00
2.230345832628364064e+02 -2.790680897398953419e+00 1.711725604380397892e+00
2.236106500715482071e+02 -2.924608692489977901e+00 1.700951594417990709e+00
2.242228633502478488e+02 -3.054838021491953270e+00 1.689738693949553783e+00
2.248769800655114466e+02 -3.181574254412852909e+00 1.678258499413982863e+00
2.255639008666991003e+02 -3.304874175489441512e+00 1.666385466741742150e+00
2.262968118382828777e+02 -3.424645980962634173e+00 1.654142612206504159e+00
2.270591860493294689e+02 -3.541094977958175960e+00 1.641627228762097213e+00
2.278642103568568587e+02 -3.654129314429758857e+00 1.628713751875576543e+00
2.287102153057703902e+02 -3.763879961743742175e+00 1.615499460389678399e+00
2.295955318308459141e+02 -3.870403578846078663e+00 1.601933058863196813e+00
2.305184912582142829e+02 -3.973756794055976371e+00 1.588111811439858245e+00
2.314848536570515876e+02 -4.073996203475132916e+00 1.573984407704179578e+00
2.324855227901896910e+02 -4.171401220025163781e+00 1.559573813062448799e+00
2.335188311660869829e+02 -4.266102654587293763e+00 1.544977268624627254e+00
2.345756833393781449e+02 -4.358305565285142791e+00 1.530143440587781622e+00
2.356618409624431365e+02 -4.448066405874963714e+00 1.515169554146824638e+00
2.367682093849612670e+02 -4.535664442277456132e+00 1.500078542897882228e+00
2.378931227048925052e+02 -4.621304617705684237e+00 1.484819048760208426e+00
2.390349154181054132e+02 -4.705191835421248747e+00 1.469562555919330160e+00
2.401919224178443528e+02 -4.787828092109413625e+00 1.454257689756846883e+00
2.413773356942548958e+02 -4.869492492833105146e+00 1.439001634320027589e+00
2.425820625816775475e+02 -4.950538384614721288e+00 1.423817281783680722e+00
2.438044391576665078e+02 -5.031393356101973247e+00 1.408653232432184987e+00
2.450502444738463623e+02 -5.112286005323951166e+00 1.393673565184786689e+00
2.463253149027200095e+02 -5.192871944548515195e+00 1.378790046149708237e+00
2.476132163830091315e+02 -5.272756362161564958e+00 1.364055636596055443e+00
2.489198002833965688e+02 -5.351470120615395842e+00 1.349449005959475700e+00
2.502360616462474354e+02 -5.428618323447282457e+00 1.334948815391177712e+00
2.515604242326619726e+02 -5.503731748330713103e+00 1.320533717817060637e+00
2.528913121658410148e+02 -5.576415414168659268e+00 1.306182358009343236e+00
2.542197215737600686e+02 -5.646125730697051814e+00 1.291947656172874437e+00
2.555366489316431284e+02 -5.712690483125482110e+00 1.277808241035778059e+00
2.568628044544910267e+02 -5.775937414750894838e+00 1.263742733459166212e+00
2.581743285854203691e+02 -5.834877108548906399e+00 1.249729746555298560e+00
2.594993605390639573e+02 -5.891491445903720425e+00 1.235896452821456437e+00
2.608140413875541412e+02 -5.944048091459940508e+00 1.222221450268809129e+00
2.621465109528538733e+02 -5.993043173364932308e+00 1.208683329575850340e+00
2.634729108914498283e+02 -6.038229943168675895e+00 1.195334957748312998e+00
2.648139532351940488e+02 -6.080104445823332426e+00 1.182154911279934550e+00
2.661606368758074268e+02 -6.117677014500795707e+00 1.169196043330989587e+00
2.675039609523401509e+02 -6.151443610521586614e+00 1.156436916903837320e+00
2.688497815376157405e+02 -6.181157318039752546e+00 1.143856088532577031e+00
2.701890982226959181e+02 -6.206571178754138884e+00 1.131432108475889375e+00
2.715129108024057132e+02 -6.226695356491853239e+00 1.119217804417572903e+00
2.728270759604635032e+02 -6.242768476836413782e+00 1.107265998166652166e+00
2.741225938527575750e+02 -6.253057781398045023e+00 1.095480938858768072e+00
2.754053214923097244e+02 -6.259544642400203251e+00 1.083841153673390734e+00
2.766736876822299109e+02 -6.260496211707272884e+00 1.072473731548655662e+00
2.779335496996991424e+02 -6.256408100219029933e+00 1.061357189385789823e+00
2.791759082285375939e+02 -6.247775871908647360e+00 1.050395755767563610e+00
2.804140490936451329e+02 -6.234352207831959980e+00 1.039716505185251938e+00
2.816538298431162275e+02 -6.216929709146329586e+00 1.029297940743595374e+00
2.828788230308276752e+02 -6.194666689909007928e+00 1.019192844885884019e+00
2.841097430015352074e+02 -6.168058515999812919e+00 1.009231145601207524e+00
2.853227340212835088e+02 -6.137154799824462437e+00 9.996141846609722936e-01
2.865310821134120829e+02 -6.102079383542952762e+00 9.902461663119643820e-01
2.877257882399533173e+02 -6.062956054232878422e+00 9.811798585056297206e-01
2.888978533359585867e+02 -6.019834259016067612e+00 9.723937426033602005e-01
2.900605633440359270e+02 -5.972911954167059889e+00 9.638662970900697680e-01
2.912049190968854191e+02 -5.922238469685396467e+00 9.555759977835520669e-01
2.923293497026102159e+02 -5.868085925381116397e+00 9.476498850469035062e-01
2.934471408795797629e+02 -5.810726378941287074e+00 9.399178629790346795e-01
2.945492931901191582e+02 -5.750357541012522056e+00 9.325069676383447304e-01
2.956416637770478815e+02 -5.687325624314986783e+00 9.253956662295432789e-01
2.967301096488280336e+02 -5.621753924768403188e+00 9.184881408062132158e-01
2.978204876655944418e+02 -5.554062804690614641e+00 9.118371389768522572e-01
2.989112261753205075e+02 -5.484301140008958519e+00 9.054954070969635227e-01
3.000007533508801316e+02 -5.412963437584660475e+00 8.994414069625118469e-01
3.010949255275028804e+02 -5.340172715555469019e+00 8.935793160048741690e-01
3.021847421396385016e+02 -5.266274770308080555e+00 8.879618779927388461e-01
3.032760591099514613e+02 -5.191615325015384030e+00 8.825675527185582459e-01
3.043673037869705240e+02 -5.116465745278670596e+00 8.773747996950264083e-01
3.054569032841076819e+02 -5.041023038381466037e+00 8.724363618518563568e-01
3.065424271121593733e+02 -4.965629590963009932e+00 8.676664458635412469e-01
3.076254434491292500e+02 -4.890318130885159320e+00 8.631679482763403577e-01
3.086992344994882274e+02 -4.814895346967227319e+00 8.589052297746494480e-01
3.097645105414765681e+02 -4.739539268965264895e+00 8.550655022522375415e-01
3.108294099175594170e+02 -4.664130715943970884e+00 8.515388444960282355e-01
3.118797856241680506e+02 -4.588624713825578461e+00 8.484381869073072124e-01
3.129237754041914172e+02 -4.512976212068569914e+00 8.458170343987506667e-01
3.139546599869593138e+02 -4.437214367497903211e+00 8.437140367055947499e-01
3.149657197801766984e+02 -4.361293977774947095e+00 8.421529885987327768e-01
3.159725199123022321e+02 -4.285244049024546698e+00 8.411651151522961944e-01
3.169534834223352959e+02 -4.208944946095754425e+00 8.407742152639753330e-01
3.179241747542393455e+02 -4.132425527483983174e+00 8.410040902302652333e-01
3.188704445967334209e+02 -4.055714579379537277e+00 8.418934006763164613e-01
3.197929999769296501e+02 -3.978692249853508223e+00 8.434659533888853034e-01
3.206925475520361033e+02 -3.901387184191540403e+00 8.457381299051167645e-01
3.215697936016217682e+02 -3.823902242842714294e+00 8.487411718065523969e-01
3.224180156696618269e+02 -3.746117368982265994e+00 8.524840392159445113e-01
3.232304909071052634e+02 -3.668135291213870719e+00 8.569979811515321400e-01
3.240153527647033229e+02 -3.589984391354178683e+00 8.622919656829381996e-01
3.247584492340790234e+02 -3.511618706326415928e+00 8.683823935942742711e-01
3.254679129415373495e+02 -3.433140780652164104e+00 8.752930986506058941e-01
3.261370193891109466e+02 -3.354504534507341429e+00 8.830330628179451358e-01
3.267590436473291788e+02 -3.275738116368102304e+00 8.916112732384839923e-01
3.273495453982218351e+02 -3.196943905212092041e+00 9.010218658087338905e-01
3.278943704758020772e+02 -3.118075662265308079e+00 9.112664105121709435e-01
3.284090776602868118e+02 -3.039161383807173156e+00 9.223390550038136348e-01
3.288869402185661102e+02 -2.960229019998990463e+00 9.342413815985706194e-01
3.293286592974241103e+02 -2.881380760740840596e+00 9.469749792109940500e-01
3.297349355655387626e+02 -2.802495904029759455e+00 9.605265869467606299e-01
3.301138975560133417e+02 -2.723825126352191983e+00 9.748829510963787914e-01
3.304513882577166441e+02 -2.645321933528987923e+00 9.900456821298636578e-01
3.307629635594561819e+02 -2.567236931089015517e+00 1.005986684889647487e+00
3.310418937907465420e+02 -2.489449275078090107e+00 1.022692728986266397e+00
3.312814487652121329e+02 -2.412209509385222717e+00 1.040150592391372752e+00
3.314971828241422713e+02 -2.335471016483700257e+00 1.058354490079952415e+00
3.316749363777308304e+02 -2.259484287670463498e+00 1.077276360919489306e+00
3.318302627002819918e+02 -2.184128373712474147e+00 1.096888153008304778e+00
3.319564294719106670e+02 -2.109505154979776087e+00 1.117169252310250771e+00
3.320615605235205408e+02 -2.035716492990627735e+00 1.138076769534543509e+00
3.321314940795912776e+02 -1.962715665394764608e+00 1.159582682163470713e+00
3.321892095545581469e+02 -1.890530218401795137e+00 1.181666406373873768e+00
3.322279723953164421e+02 -1.819261968632474913e+00 1.204285083902447040e+00
3.322410474773755595e+02 -1.748886439442141061e+00 1.227403295707111042e+00
3.322439841512093608e+02 -1.679423714685087221e+00 1.250985633870874247e+00
3.322374744870571135e+02 -1.610841871798465608e+00 1.274966988447829630e+00
3.322147816217321292e+02 -1.543116410171206265e+00 1.299319402855215744e+00
3.321840248064348202e+02 -1.476237680992665391e+00 1.323977790602582028e+00
3.321458943536222250e+02 -1.410166318583712330e+00 1.348832507166801031e+00
3.321010799854308289e+02 -1.344902325424160328e+00 1.373996770814235990e+00
3.320502708324393666e+02 -1.280414504137084908e+00 1.399212394788661662e+00
3.320082387057591404e+02 -1.216756928847247066e+00 1.424610679799409141e+00
3.319569477121903560e+02 -1.154180649483981691e+00 1.450098034485243659e+00
3.319073013401419416e+02 -1.092988562278919051e+00 1.475747504809393762e+00
3.318627741373864524e+02 -1.033468710743156604e+00 1.501632149957081497e+00
3.318119833626810191e+02 -9.759314285200676453e-01 1.527750758991818225e+00
3.317509740390215711e+02 -9.206796270635280166e-01 1.554176418009209470e+00
3.316980756572813789e+02 -8.679419415500621016e-01 1.580907943270790428e+00
3.316344753779795269e+02 -8.180510123419654223e-01 1.608018448337808826e+00
3.315636448376611725e+02 -7.711092102836176743e-01 1.635506777184988714e+00
3.314816267528916569e+02 -7.273674836301008417e-01 1.663446071314355734e+00
3.313993199765764643e+02 -6.870767921241062171e-01 1.691760919346686265e+00
3.312979094026078428e+02 -6.502652575940620627e-01 1.720598774623257388e+00
3.311882927745538723e+02 -6.173324331110028318e-01 1.749884254270440032e+00
3.310739389416125391e+02 -5.883807526414323030e-01 1.779690556782481226e+00
3.309360311658119258e+02 -5.635126662781531071e-01 1.810016611574926548e+00
3.307854655819161280e+02 -5.428306415130877971e-01 1.840935646041674145e+00
3.306257094547550537e+02 -5.265857315731979904e-01 1.872298051588198398e+00
3.304453728379490371e+02 -5.148061593026491689e-01 1.904251368183788040e+00
3.302479219842315956e+02 -5.075944526361707565e-01 1.936794583373047551e+00
3.300293943043391209e+02 -5.050531626331142832e-01 1.969852415796866874e+00
3.297932550774229412e+02 -5.073591485933662826e-01 2.003498165710785539e+00
3.295429691109478085e+02 -5.143921622382104930e-01 2.037656580978356224e+00
3.292745724007814374e+02 -5.263291175059149340e-01 2.072400991077336219e+00
3.289841004919363172e+02 -5.430498243910132361e-01 2.107730456581636602e+00
3.286898735399223597e+02 -5.645084084006651848e-01 2.143569769143955472e+00
3.283730695194239502e+02 -5.907333125828744258e-01 2.179992301979721159e+00
3.280520077375036863e+02 -6.217530161357297525e-01 2.216922875827274098e+00
3.277152936920568322e+02 -6.575960366010759062e-01 2.254360609419734374e+00
3.273663891839678968e+02 -6.980680816299610347e-01 2.292378919443605945e+00
3.270087556271975586e+02 -7.431977523467223623e-01 2.330828386481876624e+00
3.266458540592577151e+02 -7.930136952625056468e-01 2.369782455976769064e+00
3.262737168013019868e+02 -8.474703212611083281e-01 2.409166020659684548e+00
3.258883758185538113e+02 -9.064478081488946959e-01 2.448978270996114759e+00
3.255007194307979148e+02 -9.699749537678298283e-01 2.489292695118011878e+00
3.251067789211674608e+02 -1.037932044639667817e+00 2.529885661238568506e+00
3.247025852462057856e+02 -1.110273709168955403e+00 2.570904969097112414e+00
3.242915973954478090e+02 -1.186731786361923557e+00 2.612275581856535744e+00
3.238847024005079334e+02 -1.267186746092974881e+00 2.653922476523211671e+00
3.234630735926652392e+02 -1.351444841367318572e+00 2.695844927356805254e+00
3.230450257637073719e+02 -1.439386678103383943e+00 2.738042222269989168e+00
3.226265883722734884e+02 -1.530744367400415751e+00 2.780439379222866325e+00
3.222037906027091481e+02 -1.625472945814308012e+00 2.823035713119510959e+00
3.217800897232003763e+02 -1.723230393582097841e+00 2.865756268688822939e+00
3.213515143929373039e+02 -1.823749054845093642e+00 2.908600387369774332e+00
3.209289497203405972e+02 -1.926761356816308668e+00 2.951493140180587726e+00
3.205084238693688121e+02 -2.031999812399856165e+00 2.994433894591663314e+00
3.200859647671773587e+02 -2.139271306252960247e+00 3.037347747382149521e+00
3.196650284614153179e+02 -2.248159963266491257e+00 3.080159807997248755e+00
3.192490707769407550e+02 -2.358472851992615915e+00 3.122943765401068550e+00
3.188341189724879996e+02 -2.469794285956031565e+00 3.165550470404606020e+00
3.184310776930381053e+02 -2.581828204353750156e+00 3.207985749222628691e+00
3.180212215594008853e+02 -2.694682474563624641e+00 3.250206741424932932e+00
3.176304159935790494e+02 -2.808807444294578293e+00 3.292251278124807001e+00
3.172399561281802676e+02 -2.924430714517427976e+00 3.334082918571433130e+00
3.168534219659430846e+02 -3.041854275260026164e+00 3.375665233452381120e+00
3.164818216867259935e+02 -3.161305940261697422e+00 3.417036088187193066e+00
3.161138782542370791e+02 -3.283162199010064342e+00 3.458233359206650537e+00
3.157605995255517541e+02 -3.407576800624213753e+00 3.499146366720313761e+00
3.154255648584765481e+02 -3.534703605621607903e+00 3.539813008489204993e+00
3.150900684197815167e+02 -3.664845154044229947e+00 3.580196909071283073e+00
3.147799743466075597e+02 -3.798229815932754772e+00 3.620187419564274922e+00
3.144765765530798376e+02 -3.935086075671133443e+00 3.659896751348485466e+00
3.141834538926680125e+02 -4.075568249186794390e+00 3.699288558296704110e+00
3.139190418185815474e+02 -4.219756484515390760e+00 3.738326503491249841e+00
3.136572055929682961e+02 -4.367731045731980011e+00 3.776974258925596128e+00
3.134238088519662142e+02 -4.519423746241492346e+00 3.815269788698069764e+00
3.132075734151111988e+02 -4.674989366456857809e+00 3.853251065189978508e+00
3.130120777501348925e+02 -4.834359952823993112e+00 3.890956068736010742e+00
3.128334719359157816e+02 -4.997616235253365069e+00 3.928199936776646695e+00
3.126753343773449956e+02 -5.164764776415966985e+00 3.965169231527958971e+00
3.125486718203654277e+02 -5.335886538442196958e+00 4.001827671601284386e+00
3.124422059666853784e+02 -5.510914032004828655e+00 4.037990415135638500e+00
3.123520868911648449e+02 -5.689854166320471585e+00 4.073844043935385351e+00
3.122893214091226355e+02 -5.872788248554139834e+00 4.109278011558585852e+00
3.122500596930413508e+02 -6.059723416136827190e+00 4.144330343933756211e+00
3.122378803416639244e+02 -6.250592636013662329e+00 4.178890504942859074e+00
3.122415053482027929e+02 -6.445477554333102432e+00 4.212996530015906238e+00
3.122793702213897404e+02 -6.644311361559886997e+00 4.246612175200100481e+00
3.123327688533266837e+02 -6.846878791547258203e+00 4.279775483733759600e+00
3.124127086923619459e+02 -7.053113254576192759e+00 4.312524502105743451e+00
3.125153406626895958e+02 -7.262948269344434493e+00 4.344674429103061897e+00
3.126368158863861595e+02 -7.476168894927829101e+00 4.376411883379875079e+00
3.127881424058315929e+02 -7.692783147238665187e+00 4.407626351478207916e+00
3.129580434547052619e+02 -7.912576296943056420e+00 4.438281604878541842e+00
3.131500992317695591e+02 -8.135363432294880681e+00 4.468489983035669688e+00
3.133678902231060874e+02 -8.360982029710164909e+00 4.498140975395549468e+00
3.136075688747678782e+02 -8.589225097544243681e+00 4.527346921935874846e+00
3.138652879660173198e+02 -8.819885745132703292e+00 4.555997311673819716e+00
3.141446289825901204e+02 -9.052779466795929153e+00 4.584204483201149927e+00
3.144417454391681872e+02 -9.287701056379900066e+00 4.611857923187375086e+00
3.147602196027463037e+02 -9.524439462950557100e+00 4.639069966911621101e+00
3.150887774645672152e+02 -9.762718363009868838e+00 4.665730096763395451e+00
3.154458588640663947e+02 -1.000225558634206280e+01 4.691950642773183411e+00
3.158053340085035643e+02 -1.024275568673489900e+01 4.717695364615464904e+00
3.161856436977152498e+02 -1.048393816880997775e+01 4.742853734627543005e+00
3.165829441931745123e+02 -1.072552263044910603e+01 4.767538071336734795e+00
3.169859639392978465e+02 -1.096714705009509672e+01 4.791712121466728647e+00
3.173982886344294911e+02 -1.120865749158995683e+01 4.815339626463218003e+00
3.178160761997104942e+02 -1.144954354875702229e+01 4.838532889022055805e+00
3.182503418487625595e+02 -1.168959203944371872e+01 4.861255638604855989e+00
3.186830394689119430e+02 -1.192843203838737587e+01 4.883607164052762073e+00
3.191210144839128020e+02 -1.216602706491343966e+01 4.905560459835684561e+00
3.195717644262697377e+02 -1.240248002775154745e+01 4.927075511865853130e+00
3.200353591382354921e+02 -1.263781963914144058e+01 4.948112297962504513e+00
3.205192974871793581e+02 -1.287207469758890355e+01 4.968556503893130305e+00
3.210087939785415756e+02 -1.310512552010417764e+01 4.988516656931436977e+00
3.215187772205948704e+02 -1.333714964244367529e+01 5.007878424394839989e+00
3.220493198350018247e+02 -1.356795326679080205e+01 5.026601747211571158e+00
3.226004951683977424e+02 -1.379763981245140769e+01 5.044572272477437558e+00
3.231723773025031505e+02 -1.402616421397403990e+01 5.061824203529898369e+00
3.237650410632524540e+02 -1.425348148724532038e+01 5.078243165509561230e+00
3.243859903792045429e+02 -1.447962101203062701e+01 5.093789055443946445e+00
3.250278732379857729e+02 -1.470446368044519936e+01 5.108496041828778367e+00
3.256981950935350483e+02 -1.492796474637359161e+01 5.122249713706573004e+00
3.263970338206708561e+02 -1.515015382430784285e+01 5.135084214267704006e+00
3.271170397195029977e+02 -1.537098632110017249e+01 5.146959389938688290e+00
3.278657205697188601e+02 -1.559034343463360628e+01 5.157909356987850913e+00
3.286505849327790543e+02 -1.580818071940456626e+01 5.167819650623235894e+00
3.294568571030595194e+02 -1.602452808500142112e+01 5.176650075110029725e+00
3.302994755607324464e+02 -1.623926694397150783e+01 5.184508986887753856e+00
3.311710945204255268e+02 -1.645235306059423053e+01 5.191356160179336321e+00
3.320717973319682983e+02 -1.666381654903359077e+01 5.197077070117239295e+00
3.330016681292623275e+02 -1.687346473736403851e+01 5.201780026381311650e+00
3.339607918288388646e+02 -1.708140215000440776e+01 5.205424755318585284e+00
3.349566824781489345e+02 -1.728743623749232583e+01 5.207970966584779760e+00
3.359819982023970510e+02 -1.749152307517040228e+01 5.209452636287476679e+00
3.370368262524704619e+02 -1.769369307723067308e+01 5.209903723128507025e+00
3.381138263012704783e+02 -1.789367957662471298e+01 5.209209601048082838e+00
3.392279438412538752e+02 -1.809143880688012374e+01 5.207404192887933547e+00
3.403718400792327543e+02 -1.828692704876983299e+01 5.204521403043856687e+00
3.415381769832432610e+02 -1.847987777686111244e+01 5.200446550122330258e+00
3.427270456287772618e+02 -1.867032164097263802e+01 5.195287784119129171e+00
3.439459661946894471e+02 -1.885806647848272632e+01 5.188930385074736584e+00
3.451950312585555594e+02 -1.904321729556325238e+01 5.181482463764341517e+00
3.464594774422989758e+02 -1.922573056277693482e+01 5.173052110870150599e+00
3.477468271593611462e+02 -1.940519136108316545e+01 5.163598829660907441e+00
3.490571752097054627e+02 -1.958244761531399192e+01 5.153304953194166593e+00
3.503906171261934333e+02 -1.975745586893683381e+01 5.142055659493826703e+00
3.517472491708550706e+02 -1.992942984731638134e+01 5.130033239270790801e+00
3.531197399810818638e+02 -2.009832612395081597e+01 5.117345678117067642e+00
3.545081872667609559e+02 -2.026484411659570384e+01 5.103878089213527147e+00
3.559126894568651664e+02 -2.042894041328397137e+01 5.089738414064298055e+00
3.573333456965085020e+02 -2.059057160337590986e+01 5.074960288213108406e+00
3.587628274939747257e+02 -2.074895143852336687e+01 5.059651607981932031e+00
3.602086637689658914e+02 -2.090477933370723562e+01 5.043771679704990518e+00
3.616486707488152774e+02 -2.105726902308271420e+01 5.027279786483433099e+00
3.631052354689135768e+02 -2.120711989601684877e+01 5.010432321953700807e+00
3.645561755678170925e+02 -2.135354565292761109e+01 4.993114238532488258e+00
3.660164511382876640e+02 -2.149724564133405735e+01 4.975433315214074170e+00
3.674713095734770150e+02 -2.163817634675152135e+01 4.957497306850023655e+00
3.689214212564784248e+02 -2.177624201202161913e+01 4.939320325487948971e+00
3.703622912767059461e+02 -2.191113799826642250e+01 4.920839118812577517e+00
3.718048477108609973e+02 -2.204325025107999991e+01 4.902119641842302755e+00
3.732525909814041825e+02 -2.217073616826032989e+01 4.883004974206523130e+00
3.746867371547441508e+02 -2.229472444118404439e+01 4.863561021006591822e+00
3.761330730921062582e+02 -2.241411520589960205e+01 4.843705095162367691e+00
3.775728162450351419e+02 -2.252929421459623427e+01 4.823503051295086941e+00
3.790094698059829739e+02 -2.264064716197933080e+01 4.802723584599428719e+00
3.804539660059304538e+02 -2.274633117670756022e+01 4.781581065770319938e+00
3.818949527112515057e+02 -2.284747466317173448e+01 4.759918422392335202e+00
3.833359351725047759e+02 -2.294372028804430741e+01 4.737727123389730011e+00
3.847878476713687519e+02 -2.303396781210322430e+01 4.714998611969858366e+00
3.862319117661597829e+02 -2.311860259220745561e+01 4.691650022085613436e+00
3.876790630901397776e+02 -2.319726707322680070e+01 4.667747028924345010e+00
3.891328095960650444e+02 -2.327034645520166123e+01 4.643206714896516374e+00
3.905818032011828791e+02 -2.333748302050902623e+01 4.617946136656428280e+00
3.920295531828821822e+02 -2.339757613118436197e+01 4.591956608638171566e+00
3.934795694722115513e+02 -2.345101073142355119e+01 4.565229419604191818e+00
3.949279342969757636e+02 -2.349742884003863352e+01 4.537830116216753140e+00
3.963781588748780109e+02 -2.353795805316557832e+01 4.509675652617512576e+00
3.978263267049352407e+02 -2.357149736687085806e+01 4.480905808045090311e+00
3.992759502591318324e+02 -2.359843135010427062e+01 4.451437485943326777e+00
4.007305426225542533e+02 -2.361914447256869920e+01 4.421410415117669856e+00
4.021861891327281455e+02 -2.363327826770306572e+01 4.390815732382125525e+00
4.036464040689103285e+02 -2.364047416579844096e+01 4.359644549741755526e+00
4.051072739395730764e+02 -2.364185916221741834e+01 4.327887954587945174e+00
4.065723141700788688e+02 -2.363633164051105950e+01 4.295611293413915455e+00
4.080450407388065059e+02 -2.362501838087818484e+01 4.262731321537711615e+00
4.095066851119864282e+02 -2.360607471336022911e+01 4.229387620862336661e+00
4.109756210305061472e+02 -2.358137003149156286e+01 4.195422615622861784e+00
4.124479376919624087e+02 -2.355054511057279498e+01 4.160975840687576088e+00
4.139122964344797992e+02 -2.351249777623673509e+01 4.125963957337892118e+00
4.153796441203266454e+02 -2.346835424310007312e+01 4.090526454596520978e+00
4.168460713666174797e+02 -2.341701210319462234e+01 4.054505665038568907e+00
4.183002408768779787e+02 -2.336034016974688043e+01 4.018115316657577374e+00
4.197605291730266686e+02 -2.329723579560019786e+01 3.981346265203427492e+00
4.212081714233140701e+02 -2.322808188199799062e+01 3.944115061559331448e+00
4.226541165742667658e+02 -2.315326120717349667e+01 3.906561086137127159e+00
4.240944572284361698e+02 -2.307241358996496672e+01 3.868675131763021913e+00
4.255252863237632823e+02 -2.298517872347688140e+01 3.830522254595659426e+00
4.269426971121062024e+02 -2.289342467878279308e+01 3.792167491045942640e+00
4.283502114877439908e+02 -2.279679089339082410e+01 3.753601574708115063e+00
4.297513516151569206e+02 -2.269491667491797315e+01 3.714889503808926907e+00
4.311347832064068371e+02 -2.258818403469601677e+01 3.676096258159417207e+00
4.325040288999023232e+02 -2.247697485130614936e+01 3.637286799618687727e+00
4.338551831873808737e+02 -2.236241370414031593e+01 3.598451789064136985e+00
4.351917690921466715e+02 -2.224339653181396415e+01 3.559656153877564844e+00
4.365098814463808026e+02 -2.212104764080352481e+01 3.520890521429167919e+00
4.378130435695705955e+02 -2.199574836380983456e+01 3.482219786578921283e+00
4.390973505461084869e+02 -2.186787989322182568e+01 3.443708828677231271e+00
4.403588527829814439e+02 -2.173696861797086655e+01 3.405342493071164878e+00
4.415934216757101467e+02 -2.160283631236397994e+01 3.367156952122371649e+00
4.428117406003800056e+02 -2.146667844909853073e+01 3.329108345225612275e+00
4.440096362627598978e+02 -2.132671901401235814e+01 3.291227081840617963e+00
4.451829353784014529e+02 -2.118341034960954161e+01 3.253617842022844098e+00
4.463274646526496099e+02 -2.103646181330460507e+01 3.216236726451103145e+00
4.474613358118183442e+02 -2.088558261078956235e+01 3.179188390976724232e+00
4.485729471323169832e+02 -2.073196746442844329e+01 3.142354629654010356e+00
4.496655535234728518e+02 -2.057383960146135138e+01 3.105914359804283098e+00
4.507349814585730314e+02 -2.041165059754818856e+01 3.069823638048162273e+00
4.517844856576131747e+02 -2.024510903505899861e+01 3.034112794868600638e+00
4.528098923695113740e+02 -2.007392333651787908e+01 2.998737868161899911e+00
4.538144560557697105e+02 -1.989854459808250553e+01 2.963729170801658874e+00
4.547865743233206217e+02 -1.971719524794186285e+01 2.929042724195557224e+00
4.557295013095462082e+02 -1.953106889003960234e+01 2.894783109357463857e+00
4.566464909661842171e+02 -1.933913045750577098e+01 2.860906333464845464e+00
4.575259403436014054e+02 -1.914108755143001517e+01 2.827294113931503095e+00
4.583785313271473001e+02 -1.893664760458376861e+01 2.794125296493188415e+00
4.591852321707992246e+02 -1.872700355029944319e+01 2.761430154768687473e+00
4.599641526350616800e+02 -1.851186248128934153e+01 2.729164674341428398e+00
4.607036888205701644e+02 -1.829093131871189826e+01 2.697359120346815242e+00
4.613996649053609076e+02 -1.806391681129255744e+01 2.666118038057857742e+00
4.620627614812448769e+02 -1.783201120460683597e+01 2.635397402966780156e+00
4.626813737887486582e+02 -1.759492090033205969e+01 2.605227471885301238e+00
4.632587534545540393e+02 -1.735235212577467934e+01 2.575638500038733181e+00
4.638055801273983434e+02 -1.710549660352939583e+01 2.546660741666596284e+00
4.643176764133700090e+02 -1.685331737610044911e+01 2.518250167124999717e+00
4.647982929125508917e+02 -1.659700581594133695e+01 2.490437030500851190e+00
4.652506798544544040e+02 -1.633552461534194933e+01 2.463177303220723591e+00
4.656706587332037657e+02 -1.607080763179281035e+01 2.436575525177005819e+00
4.660689073434057832e+02 -1.580181720813070534e+01 2.410513387838973287e+00
4.664338180136697360e+02 -1.552900118319316825e+01 2.385021152394015242e+00
4.667760676924849577e+02 -1.525132155238520326e+01 2.360129083376605763e+00
4.670840478306593013e+02 -1.496996864363478785e+01 2.335793165805132965e+00
4.673610061160406417e+02 -1.468390410823926651e+01 2.311969389329290525e+00
4.675953330554813192e+02 -1.439283226212773670e+01 2.288688032382949711e+00
4.677977037085344136e+02 -1.409794292221529588e+01 2.265905095835190064e+00
4.679639359180989118e+02 -1.379745439774840143e+01 2.243650870656925367e+00
4.680824186420007891e+02 -1.349329900719056852e+01 2.221955655085664727e+00
4.681712536850146762e+02 -1.318443756482154861e+01 2.200775471795772376e+00
4.682188288770544773e+02 -1.287354489794792123e+01 2.180214919084192182e+00
4.682358165045573060e+02 -1.255958149879750785e+01 2.160304321046520926e+00
4.682180315383066045e+02 -1.224373620701878451e+01 2.141074011768124841e+00
4.681687166627276042e+02 -1.192645487203179222e+01 2.122480052515223203e+00
4.680836855534157621e+02 -1.160892602567604293e+01 2.104627082940586202e+00
4.679736079054436004e+02 -1.129010954485045914e+01 2.087396904273528087e+00
4.678417243597295965e+02 -1.097119366454005274e+01 2.070745614036351601e+00
4.676838464797616552e+02 -1.065188080569862983e+01 2.054629323251845996e+00
4.675106417787348505e+02 -1.033261608345633853e+01 2.039004157156321106e+00
4.673179202946641340e+02 -1.001235880529555189e+01 2.023826255915237571e+00
4.671083906791394043e+02 -9.692979426416545863e+00 2.008991214734741959e+00
4.668900733594429653e+02 -9.373136698564428215e+00 1.994449536772508358e+00
4.666481739268646152e+02 -9.052914858183301661e+00 1.980462599178233418e+00
4.663901821517665667e+02 -8.733140853191901698e+00 1.966920379394619722e+00
4.661013018578712490e+02 -8.412413006619585687e+00 1.954084290901622945e+00
4.657741642992343714e+02 -8.092300865591775860e+00 1.941918632411729462e+00
4.654088281364890349e+02 -7.770659689982024609e+00 1.930536289600568667e+00
4.650053510632147891e+02 -7.449801641623118975e+00 1.920050168814454450e+00
4.645563614327690516e+02 -7.128324603019112971e+00 1.910498914276468563e+00
4.640619149364342775e+02 -6.806312026550966898e+00 1.901921192292738816e+00
4.635220662314725928e+02 -6.484738670523202408e+00 1.894355691950466936e+00
4.629517256206917182e+02 -6.163613515696214407e+00 1.887692558804280107e+00
4.623435172811109055e+02 -5.843242588945240179e+00 1.882044813072407008e+00
4.617049209960763392e+02 -5.523857549878239404e+00 1.877376932799246223e+00
4.610434154366693633e+02 -5.205689978476520707e+00 1.873653421525845353e+00
4.603590497944917388e+02 -4.888971379233600700e+00 1.870987375949800136e+00
4.596444437659139908e+02 -4.573561767776563869e+00 1.869343352558558990e+00
4.588996442381255179e+02 -4.259023958491303219e+00 1.868760218767701042e+00
4.581172685755498719e+02 -3.945143553146210014e+00 1.869202586533208477e+00
4.572899329584527663e+02 -3.631706094469289603e+00 1.870857946964218588e+00
4.564102523728039955e+02 -3.318422786703936644e+00 1.873616686392897135e+00
4.554782689519532255e+02 -3.004930499636510710e+00 1.877592071462986123e+00
4.544865952691600341e+02 -2.691088906599367281e+00 1.882748832171077025e+00
4.534426993830314245e+02 -2.377277622435975069e+00 1.889126012909848384e+00
4.523540481333891421e+02 -2.064024789902445978e+00 1.896688405979890524e+00
4.512206787890972919e+02 -1.751858516533077337e+00 1.905475119091812219e+00
4.500500557483675834e+02 -1.441306878465127950e+00 1.915376725335435459e+00
4.488422138397870071e+02 -1.132749357211280339e+00 1.926432397645362782e+00
4.476120433763326787e+02 -8.267882609009146178e-01 1.938607058727278121e+00
4.463595767593487835e+02 -5.238030269445003162e-01 1.951939948474366471e+00
4.450848451857173700e+02 -2.235045246480929781e-01 1.966321773848372922e+00
4.437804503059442709e+02 7.424782267939726565e-02 1.981791843254782970e+00
4.424389925843706237e+02 3.698917352108960777e-01 1.998389499879221987e+00
4.410679280112062770e+02 6.637163721044277986e-01 2.016079838502224053e+00
4.396524263643347581e+02 9.559366115712341072e-01 2.034827989294631490e+00
4.381850846248186713e+02 1.246990181497425576e+00 2.054673401588354320e+00
4.366733553430361781e+02 1.536943388079507811e+00 2.075581277114841861e+00
4.351246899553572689e+02 1.825713963029481857e+00 2.097516853726277386e+00
4.335242537517880237e+02 2.112848209804318422e+00 2.120371122086866844e+00
4.319017810477230341e+02 2.398115268399751976e+00 2.144109392846868634e+00
4.302498633517151347e+02 2.681061411142941608e+00 2.168622729781954028e+00
4.285759478386494834e+02 2.961455740545873017e+00 2.193876516918137565e+00
4.268800523212153166e+02 3.238918768658688663e+00 2.219761891622472838e+00
4.251844786738185462e+02 3.513145264467007589e+00 2.246170028177397082e+00
4.234669577038009152e+02 3.784275668314654339e+00 2.273140704834117454e+00
4.217423610281179549e+02 4.052249822358856335e+00 2.300639453330429518e+00
4.199958459453382602e+02 4.317260096875436659e+00 2.328706125898551971e+00
4.182348539118546569e+02 4.579357684644710602e+00 2.357232044738465593e+00
4.164519688151829655e+02 4.838644249342506143e+00 2.386257135987461364e+00
4.146397736989779901e+02 5.095205067344138250e+00 2.415747079151426391e+00
4.128126648741636018e+02 5.349102338797417922e+00 2.445761130960007801e+00
4.109608689495527756e+02 5.600258558374412665e+00 2.476138478547734501e+00
4.090889974988263589e+02 5.848558281706703887e+00 2.506960453058550087e+00
4.071942329970351011e+02 6.093886007263967564e+00 2.538159855065355242e+00
4.052960422442902768e+02 6.336126173264310601e+00 2.569743804924043751e+00
4.033767495857780432e+02 6.575200296316821458e+00 2.601719459101468956e+00
4.014558204355196267e+02 6.810985256438002011e+00 2.633945442985744290e+00
3.995304344947957134e+02 7.043283580495224960e+00 2.666577551702209004e+00
3.975977708224066305e+02 7.271674872019000979e+00 2.699548765383436244e+00
3.956550078532172847e+02 7.495738658498317442e+00 2.733014949959076567e+00
3.937067517659185114e+02 7.714980104634597602e+00 2.766983439406430545e+00
3.917427514487215490e+02 7.928904292567782619e+00 2.801461602507602233e+00
3.897750402659432325e+02 8.137090502067991338e+00 2.836679693098903776e+00
3.877933659707056790e+02 8.338969356681936063e+00 2.872570865285927422e+00
3.857949041189941113e+02 8.534268521365799387e+00 2.909216874182444457e+00
3.837916864318035550e+02 8.723012699066915232e+00 2.946625225118862712e+00
3.817660307043940406e+02 8.905597910771477999e+00 2.984803456853332815e+00
3.797225392676581919e+02 9.082048656989110569e+00 3.023684857771251622e+00
3.776658139458826327e+02 9.252760749252200156e+00 3.063277032586068760e+00
3.755855993636895960e+02 9.417832755033742842e+00 3.103661902029459352e+00
3.734864963534474782e+02 9.577585978672926714e+00 3.144698568526323346e+00
3.713731052602130376e+02 9.732193040240048276e+00 3.186394733387466260e+00
3.692351692457600620e+02 9.881455021378284798e+00 3.228683845977733391e+00
3.670847160435243950e+02 1.002532144614501242e+01 3.271647953894889493e+00
3.649189162102913428e+02 1.016351885980048309e+01 3.315220568626872755e+00
3.627423681792063803e+02 1.029599652610514404e+01 3.359335232220060252e+00
3.605522415609678433e+02 1.042240643906906072e+01 3.403925516938469453e+00
3.583679905460325017e+02 1.054277187073038746e+01 3.448999308421480059e+00
3.561719271034571648e+02 1.065681881588214530e+01 3.494564521832283610e+00
3.539760761337174131e+02 1.076449597283744630e+01 3.540554818002023652e+00
3.517701770173860609e+02 1.086567760567045760e+01 3.586978170076672079e+00
3.495662537170145470e+02 1.096031210748148865e+01 3.633916863153934695e+00
3.473540446761033991e+02 1.104819914616424370e+01 3.681230359904673399e+00
3.451307162207706369e+02 1.112936107821372467e+01 3.729075284715866356e+00
3.429008625607383465e+02 1.120359724403393997e+01 3.777385438792130401e+00
3.406616490902517285e+02 1.127092966530913820e+01 3.826094650275053688e+00
3.384102407403017310e+02 1.133160304140034036e+01 3.875285340852264948e+00
3.361586586817649618e+02 1.138593617878446018e+01 3.924891391342980818e+00
3.338892102273053979e+02 1.143439627105514589e+01 3.974772424786763292e+00
3.316213439879170437e+02 1.147715319446809978e+01 4.025010940029686957e+00
3.293447947259385273e+02 1.151467377259027636e+01 4.075540893776990359e+00
3.270641534628878162e+02 1.154720178848823231e+01 4.126296267151458252e+00
3.247765824362098783e+02 1.157512939903052995e+01 4.177285348736504922e+00
3.224941001587639562e+02 1.159869999775907701e+01 4.228293600093095073e+00
3.201990113273680549e+02 1.161808249537226878e+01 4.279477923292117403e+00
3.179107619864707885e+02 1.163366845082190615e+01 4.330623825386165748e+00
3.156190843887529240e+02 1.164562636749920443e+01 4.381739685909899151e+00
3.133285671109485975e+02 1.165419882456697209e+01 4.432759622333011684e+00
3.110437983691788872e+02 1.165970247441004481e+01 4.483543489504969948e+00
3.087619376860680518e+02 1.166230518971378238e+01 4.534174013090581212e+00
3.064801404920045798e+02 1.166222565901651187e+01 4.584442487420549384e+00
3.042104035423986943e+02 1.165929220902522800e+01 4.634460091783643598e+00
3.019498628424042295e+02 1.165308684419767005e+01 4.684195139887822990e+00
2.996956541388531150e+02 1.164341419863206895e+01 4.733615963244072411e+00
2.974523412955502408e+02 1.162993011691297873e+01 4.782690910484866720e+00
2.952170596192710832e+02 1.161229021964602914e+01 4.831536913664374211e+00
2.930018009384293691e+02 1.159022418566667945e+01 4.879973786514874234e+00
2.907962718810973115e+02 1.156361003442951407e+01 4.928044208211481703e+00
2.886050356568197230e+02 1.153225127457235288e+01 4.975865155590019739e+00
2.864252270376345564e+02 1.149602547018085552e+01 5.023330768335223517e+00
2.842614090914791518e+02 1.145480995673674229e+01 5.070409482164220272e+00
2.821181448658774116e+02 1.140848184076191174e+01 5.117144027975313314e+00
2.799925690725655727e+02 1.135691799965796989e+01 5.163577147469706752e+00
2.778818164734515790e+02 1.129992079823988504e+01 5.209603025246275720e+00
2.757830219170382975e+02 1.123744093947697742e+01 5.255264421887436477e+00
2.737081770759544384e+02 1.116942889791913629e+01 5.300604106006336025e+00
2.716469887332140161e+02 1.109568635331991260e+01 5.345442002768588274e+00
2.695965922210846770e+02 1.101631189247591003e+01 5.389895177416671679e+00
2.675689798094372236e+02 1.093110674222536538e+01 5.433857849737798063e+00
2.655612873429477077e+02 1.084002047167416549e+01 5.477372810541147885e+00
2.635632226295239207e+02 1.074300242659102622e+01 5.520334286592992967e+00
2.615867788793264594e+02 1.064022458150104988e+01 5.562785073553349946e+00
2.596365213415102176e+02 1.053171012394137129e+01 5.604767967880354362e+00
2.576947306410547753e+02 1.041763059041635131e+01 5.646251482221192219e+00
2.557808296175664111e+02 1.029808301800764170e+01 5.687129844291087366e+00
2.538845282091787681e+02 1.017331279716554704e+01 5.727520129749177791e+00
2.520103935894421170e+02 1.004334225664095648e+01 5.767316560038103113e+00
2.501629935013343413e+02 9.908342083595796268e+00 5.806636202243805833e+00
2.483394679405459726e+02 9.768408475839995830e+00 5.845373266917305521e+00
2.465369575381902507e+02 9.623563144715198803e+00 5.883496240915371267e+00
2.447526035920982110e+02 9.473901885114516475e+00 5.921047886226750379e+00
2.429984047973657084e+02 9.319446011615164949e+00 5.957996671791040200e+00
2.412640755238299164e+02 9.160365212238044563e+00 5.994385339327009454e+00
2.395541875946582593e+02 8.996606134292765233e+00 6.030033768147402107e+00
2.378658852614955492e+02 8.828338088846846787e+00 6.065058958504610409e+00
2.361963135791210107e+02 8.655655920257125047e+00 6.099355045906804662e+00
2.345500467785788032e+02 8.478802860296699606e+00 6.133039000973957933e+00
2.329242315880009357e+02 8.297873397833088305e+00 6.166079210775627928e+00
2.313234439528631867e+02 8.113110416585570306e+00 6.198444044697621003e+00
2.297374040034043219e+02 7.924682348414911814e+00 6.230027569814283517e+00
2.281781178224708810e+02 7.732683177161153054e+00 6.261020967290836126e+00
2.266353073590419172e+02 7.537355293020388203e+00 6.291318263270042621e+00
2.251135521929591619e+02 7.338940929431339022e+00 6.320887745310049155e+00
2.236100044961376909e+02 7.137756450483444759e+00 6.349846244832378694e+00
2.221292457435502854e+02 6.933969504319980715e+00 6.378162002079284854e+00
2.206610016715277993e+02 6.727896161055984869e+00 6.405877515612047546e+00
2.192172840366855553e+02 6.519852349670664182e+00 6.432886690818850006e+00
2.177878205207812243e+02 6.310079578384383048e+00 6.459380539971327551e+00
2.163697681368302312e+02 6.098744938513611658e+00 6.485327196775781289e+00
2.149751415832951125e+02 5.886312525807325891e+00 6.510694765977637744e+00
2.135940591031733220e+02 5.672818073530152994e+00 6.535438655431017985e+00
2.122256187092906714e+02 5.458367050185753300e+00 6.559612141089759874e+00
2.108767353627785326e+02 5.242785136242475552e+00 6.583107233354678733e+00
2.095394683149428090e+02 5.026120747978058745e+00 6.605890193856076564e+00
2.082281628578866446e+02 4.808273623561738930e+00 6.627852967698788511e+00
2.069348802217475907e+02 4.589217677099986403e+00 6.648961749749195960e+00
2.056665393241497384e+02 4.368926718613959537e+00 6.669182700446836698e+00
2.044152033669623165e+02 4.147597307967616054e+00 6.688556228653202318e+00
2.031877932347208571e+02 3.925351624218319735e+00 6.706974140522545369e+00
2.019912307912911729e+02 3.702237468917721763e+00 6.724551056424409978e+00
2.008175821763852582e+02 3.478302552856373353e+00 6.741104425867592731e+00
1.996737712035041454e+02 3.253743066253619087e+00 6.756748794992393670e+00
1.985592943061523954e+02 3.028680831380049732e+00 6.771450105058153035e+00
1.974736488851535512e+02 2.803014738630508873e+00 6.785099975477718814e+00
1.964163333058880596e+02 2.576792167066244588e+00 6.797812837388077511e+00
1.953868468957826394e+02 2.350060420395342575e+00 6.809405948721166446e+00
1.943921182923584468e+02 2.122866729918800655e+00 6.819919378336217974e+00
1.934242203906476902e+02 1.895183973939923217e+00 6.829318871650272627e+00
1.924900837427832130e+02 1.667059247653051690e+00 6.837570133805297878e+00
1.915892115062961523e+02 1.438465299000186937e+00 6.844564545853426552e+00
1.907136794436680702e+02 1.209523382024823457e+00 6.850490581978917248e+00
1.898704209731540402e+02 9.803546927049566762e-01 6.855165257705360560e+00
1.890589421186554375e+02 7.509318047851416544e-01 6.858628397664391585e+00
1.882861782113960203e+02 5.213758066300788752e-01 6.860994068356812470e+00
1.875367804906610729e+02 2.918820205801249679e-01 6.862079160422370983e+00
1.868176862075888778e+02 6.234858831899212778e-02 6.862071939959123235e+00
1.861358335772530666e+02 -1.669549746933706169e-01 6.860789213308514434e+00
1.854833050815174147e+02 -3.961306112972572957e-01 6.858419161902241434e+00
1.848596125236283854e+02 -6.250277382177485963e-01 6.854927074074597115e+00
1.842716970325131456e+02 -8.536295172294839917e-01 6.850203911908862686e+00
1.837116440167379778e+02 -1.081889428341661574e+00 6.844512012101620080e+00
1.831789682203268512e+02 -1.309753551670756577e+00 6.837667967291163329e+00
1.826731853778864547e+02 -1.537167992537153971e+00 6.829859744446414638e+00
1.822012405704670073e+02 -1.764101906015183685e+00 6.820978133210371830e+00
1.817552231806058671e+02 -1.990551207684239543e+00 6.811062446784522884e+00
1.813346519489656998e+02 -2.216523713410280649e+00 6.800151954795949472e+00
1.809464749802565677e+02 -2.442039135728749866e+00 6.788285883171424118e+00
1.805827846983515883e+02 -2.667110509248293404e+00 6.775354847007689862e+00
1.802431029027713976e+02 -2.891750872337790934e+00 6.761546551462679133e+00
1.799269524239508939e+02 -3.115913836385460822e+00 6.746677240109569595e+00
1.796338571284551904e+02 -3.339716432254250744e+00 6.730860246336028752e+00
1.793707702740581169e+02 -3.562963691698778579e+00 6.714208859211044711e+00
1.791223611130998563e+02 -3.785609200797812601e+00 6.696613472854195948e+00
1.789030133480403890e+02 -4.007457961545179081e+00 6.678261570830302141e+00
1.786973983326240898e+02 -4.228537804847691817e+00 6.659192025011915206e+00
1.785124735260780255e+02 -4.448653684881517023e+00 6.639443662462790385e+00
1.783477690937663169e+02 -4.667759091864397192e+00 6.618980981815296261e+00
1.782028162582275854e+02 -4.885733196699214353e+00 6.597917003659865998e+00
1.780697189487771936e+02 -5.102306562517912703e+00 6.576364703425067404e+00
1.779554388511074023e+02 -5.317432557140540084e+00 6.554288444261278102e+00
1.778450325430736427e+02 -5.530886085975577515e+00 6.531708836401130647e+00
1.777547866108524772e+02 -5.742322620471103534e+00 6.508574480434377918e+00
1.776716541747385634e+02 -5.951367726115924128e+00 6.484815940337150586e+00
1.776048744459747866e+02 -6.157721184991373775e+00 6.460363734428161919e+00
1.775414026183476324e+02 -6.361082706813919074e+00 6.435148335294257116e+00
1.774979083117713117e+02 -6.561374773932235449e+00 6.409248736732363838e+00
1.774613487608484945e+02 -6.758668352268065505e+00 6.382743886694510316e+00
1.774409672558938951e+02 -6.953108602221253598e+00 6.355712687252462523e+00
1.774385797299166825e+02 -7.144617739041976279e+00 6.328233994578617683e+00
1.774411463950678183e+02 -7.333266444711308729e+00 6.300460902447317935e+00
1.774653418295649772e+02 -7.519051011798810080e+00 6.272323608243326021e+00
1.774981281598604994e+02 -7.702116188344166225e+00 6.243975114016545369e+00
1.775413251450840448e+02 -7.882383754739304749e+00 6.215271242027248455e+00
1.776116101587921037e+02 -8.059626801658321682e+00 6.186142052345986464e+00
1.776885197178133922e+02 -8.233841142042289007e+00 6.156368992459690936e+00
1.777887329642404950e+02 -8.404948171618361386e+00 6.125956314925735668e+00
1.779140731921205543e+02 -8.572869147000346857e+00 6.094611093025301685e+00
1.780515078249023588e+02 -8.737450896865111005e+00 6.062263205482621764e+00
1.782102901432081978e+02 -8.898614383728927990e+00 6.028916769693987376e+00
1.783922458594950342e+02 -9.055983281310181710e+00 5.994427291487700593e+00
1.785917730929351137e+02 -9.209255387031992868e+00 5.959095933446329596e+00
1.788106990440848563e+02 -9.358128333635352902e+00 5.922852396717204648e+00
1.790359949176824159e+02 -9.502151017425342516e+00 5.885849189407177384e+00
1.792843459971469997e+02 -9.641095011180343732e+00 5.848164492985072904e+00
1.795352964648702141e+02 -9.774508858687779522e+00 5.809950729737320074e+00
1.798055328768867298e+02 -9.902163771472780596e+00 5.771211712750101697e+00
1.800820289825028340e+02 -1.002449932569709468e+01 5.731951213443222670e+00
1.803666157974795397e+02 -1.014180633969292522e+01 5.692172962138604575e+00
1.806759815755943066e+02 -1.025452400421777455e+01 5.651880648668485385e+00
1.809896733284275570e+02 -1.036309131188330213e+01 5.611003639520747655e+00
1.813243802994429075e+02 -1.046802133728524353e+01 5.569619829033828573e+00
1.816670787834537464e+02 -1.056960409981798854e+01 5.527658506113181325e+00
1.820344589005400451e+02 -1.066827797821205515e+01 5.485123205503890098e+00
1.824134977662484687e+02 -1.076381258923347417e+01 5.442017425091379756e+00
1.828134579158842143e+02 -1.085590305313433213e+01 5.398493193746573660e+00
1.832213171759676982e+02 -1.094431855829160583e+01 5.354553938192585960e+00
1.836314820386573388e+02 -1.102875379203936745e+01 5.310277334423751050e+00
1.840606443361928939e+02 -1.110897750571238340e+01 5.265741025148750865e+00
1.844957827636608840e+02 -1.118475822938178155e+01 5.221022620768661859e+00
1.849313046053649998e+02 -1.125578998678713205e+01 5.176051133381126768e+00
1.853764740608453110e+02 -1.132236084548612709e+01 5.130978395331445618e+00
1.858256988203171431e+02 -1.138475864764999557e+01 5.085584792258862841e+00
1.862733867423026481e+02 -1.144304815855425694e+01 5.039947815711358636e+00
1.867362308822254704e+02 -1.149818531829202328e+01 4.993996363246999692e+00
1.872012110192170837e+02 -1.154978873604517098e+01 4.947585023074849708e+00
1.876701637368942954e+02 -1.159896246268995945e+01 4.900865492725976047e+00
1.881449257028490649e+02 -1.164532465036385744e+01 4.853618028707480825e+00
1.886273336493387660e+02 -1.168923605735645843e+01 4.805994282719889377e+00
1.891117960044116444e+02 -1.173031437801600596e+01 4.758220168853342535e+00
1.896001495744411329e+02 -1.177040558293851902e+01 4.710373014297900340e+00
1.900868499837757497e+02 -1.180904907780190349e+01 4.662598341096293453e+00
1.905739698309584469e+02 -1.184547271508349553e+01 4.614868806925247036e+00
1.910636288498366753e+02 -1.187956912320484371e+01 4.567448117296039278e+00
1.915579467364064215e+02 -1.191123070326690758e+01 4.520377112261862784e+00
1.920441864331058639e+02 -1.194109246469586871e+01 4.473622334666901068e+00
1.925318958652730430e+02 -1.196830352086911731e+01 4.427150314891894034e+00
1.930157661754616640e+02 -1.199201275993817895e+01 4.381001855597092209e+00
1.934979167600566541e+02 -1.201359735074044366e+01 4.335143465952997488e+00
1.939730385548826348e+02 -1.203146289851708239e+01 4.289541646372288852e+00
1.944506790722480787e+02 -1.204550045600448804e+01 4.244237173233901039e+00
1.949255289863535836e+02 -1.205708652441746764e+01 4.199196533089970984e+00
1.953997071705175301e+02 -1.206388320929263891e+01 4.154460490871976219e+00
1.958679039831473290e+02 -1.206800940681122292e+01 4.109921240572160350e+00
1.963322379546505942e+02 -1.206786961959556415e+01 4.065693823931641582e+00
1.967873990732291247e+02 -1.206335380297494275e+01 4.021744714089062533e+00
1.972429338217479540e+02 -1.205583736609140644e+01 3.978040383731548335e+00
1.976861034123751892e+02 -1.204372416286705771e+01 3.934621589727065327e+00
1.981338822239470971e+02 -1.202764633830531160e+01 3.891529090735148522e+00
1.985661026350038583e+02 -1.200749298952381849e+01 3.848729364800438368e+00
1.989997385112106087e+02 -1.198315300191768351e+01 3.806263177436282064e+00
1.994220500376227108e+02 -1.195451505030252193e+01 3.764097015680641256e+00
1.998425821545098415e+02 -1.192221043508731704e+01 3.722345939646666491e+00
2.002485944394653643e+02 -1.188538457835259798e+01 3.680976449538168271e+00
2.006496311920208484e+02 -1.184466836511093746e+01 3.640029337165022305e+00
2.010403796650095956e+02 -1.179994963940122865e+01 3.599545403431346546e+00
2.014303834476529573e+02 -1.175037320547006914e+01 3.559491175806965835e+00
2.018069006958795057e+02 -1.169731216906809479e+01 3.519833192787602538e+00
2.021794742148650528e+02 -1.164065376354078118e+01 3.480686571841991483e+00
2.025353613380572426e+02 -1.157954218609243391e+01 3.442017876329046100e+00
2.028915323589451987e+02 -1.151534993915416649e+01 3.403793683416072469e+00
2.032352437085937993e+02 -1.144647798651059212e+01 3.366129151983724199e+00
2.035686080362157497e+02 -1.137429843484127368e+01 3.328916606001244283e+00
2.038937374873115402e+02 -1.129869752495833879e+01 3.292196952915505737e+00
2.042127436819172033e+02 -1.121956130329589030e+01 3.256011117512338071e+00
2.045203093422433653e+02 -1.113751845843388111e+01 3.220325759271259081e+00
2.048185449707614509e+02 -1.105096898256236138e+01 3.185107556717192256e+00
2.051095604772765171e+02 -1.096202685331835625e+01 3.150323208262754360e+00
2.053880368058015904e+02 -1.086983452027739716e+01 3.116088000049724194e+00
2.056560826120363572e+02 -1.077427708188112909e+01 3.082368672770779749e+00
2.059158058900127060e+02 -1.067598228733353949e+01 3.049057706000042778e+00
2.061693139489752014e+02 -1.057557770357147575e+01 3.016270453028490284e+00
2.064112850400626655e+02 -1.047220504731678759e+01 2.983973724175129405e+00
2.066438250338551939e+02 -1.036723436241562446e+01 2.952208638117435502e+00
2.068690390473673517e+02 -1.025980701202093748e+01 2.920942055709369267e+00
2.070890314215505157e+02 -1.015129269119864830e+01 2.890215147810162755e+00
2.072984773488807377e+02 -1.004083241936232263e+01 2.859994829104751446e+00
2.075069079023535323e+02 -9.929052718115897846e+00 2.830322325936258654e+00
2.077089966132034533e+02 -9.816579944058590357e+00 2.801090326628604465e+00
2.078994161506757621e+02 -9.703297456755125339e+00 2.772414399832181076e+00
2.080951233526610906e+02 -9.589831291924273415e+00 2.744187294345270534e+00
2.082756757552656666e+02 -9.475271890539270103e+00 2.716312140155627830e+00
2.084567451296398417e+02 -9.360738970057516539e+00 2.688956348873796198e+00
2.086240322588278104e+02 -9.245073825175373017e+00 2.662149147985072961e+00
2.087929503717435296e+02 -9.129197543808482251e+00 2.635919799010523423e+00
2.089491983250601379e+02 -9.012842536855568909e+00 2.610223314857542221e+00
2.090933306895668977e+02 -8.895889645263522993e+00 2.585163311182925305e+00
2.092333293857770684e+02 -8.778368144191338374e+00 2.560769156742888963e+00
2.093548902698315999e+02 -8.660307180310686803e+00 2.537070257754360014e+00
2.094734215732301550e+02 -8.541661492746731810e+00 2.514170342256730084e+00
2.095746170899165008e+02 -8.422459984660767063e+00 2.492024610463184242e+00
2.096664546182397260e+02 -8.302731444454339638e+00 2.470736869628101573e+00
2.097420542010610802e+02 -8.182355983595035909e+00 2.450188117389385578e+00
2.098093915192628458e+02 -8.061585026082854100e+00 2.430556527137053724e+00
2.098615844844160563e+02 -7.940224194983124484e+00 2.411871747844259950e+00
2.098991782843582996e+02 -7.818376152616784758e+00 2.394014904906915486e+00
2.099227170289195499e+02 -7.696143471812646020e+00 2.377164301990406958e+00
2.099327437470395523e+02 -7.573405790751817079e+00 2.361201153831992805e+00
2.099298003850036594e+02 -7.450191235913141696e+00 2.346229571569698802e+00
2.099069994555289611e+02 -7.326676427578734163e+00 2.332279429531225468e+00
2.098648807386670399e+02 -7.202666500886047984e+00 2.319232082516149873e+00
2.098114112832481339e+02 -7.078337946476941589e+00 2.307266067579847757e+00
2.097397003585689674e+02 -6.953644348147621557e+00 2.296262836764818349e+00
2.096502845085430806e+02 -6.828613522564887184e+00 2.286252458847930047e+00
2.095511275560106697e+02 -6.703273241496923163e+00 2.277339336549233817e+00
2.094279072069126926e+02 -6.577651237564455577e+00 2.269405073210862600e+00
2.092811568075288449e+02 -6.451923777005579730e+00 2.262479890974264052e+00
2.091262653512189331e+02 -6.326118531425191094e+00 2.256594064414271461e+00
2.089563357346206942e+02 -6.200411717555083690e+00 2.251777921150913020e+00
2.087644698164865531e+02 -6.074756685473872153e+00 2.247987558930115259e+00
2.085660534771076300e+02 -5.949329625328121374e+00 2.245179129679191199e+00
2.083467581757600158e+02 -5.824232438994476624e+00 2.243383123530972689e+00
2.081145394121164998e+02 -5.699418462207660241e+00 2.242630085810222607e+00
2.078699233353135014e+02 -5.574989604152148281e+00 2.242876333986214998e+00
2.076060067543601519e+02 -5.450973502480911392e+00 2.244078241595372614e+00
2.073307421995894515e+02 -5.327397812282641532e+00 2.246192238625579485e+00
2.070446528828373971e+02 -5.204215927976687084e+00 2.249249095366181006e+00
2.067408327085499877e+02 -5.081604122648350597e+00 2.253205355713055358e+00
2.064272313357651569e+02 -4.959515852282255111e+00 2.258017620943061132e+00
2.061043691386711600e+02 -4.837978894940251351e+00 2.263642549947288085e+00
2.057579088676938852e+02 -4.717095355845283500e+00 2.270111142927830894e+00
2.054106541125736953e+02 -4.596967388876176841e+00 2.277305891045220854e+00
2.050482658111374406e+02 -4.477622917973717698e+00 2.285257910543823101e+00
2.046786890624879902e+02 -4.359089925461612225e+00 2.293924092320259511e+00
2.042950113868265873e+02 -4.241470740276369611e+00 2.303261385462289645e+00
2.039051761373777651e+02 -4.124793475598360182e+00 2.313226797246005884e+00
2.035096974604071818e+02 -4.009160600401830088e+00 2.323777393093908739e+00
2.031090886560516822e+02 -3.894526093402109534e+00 2.334870296494476083e+00
2.026964338384563860e+02 -3.780918297928877347e+00 2.346462688883578451e+00
2.022796729967129750e+02 -3.668439926204829504e+00 2.358437525985920935e+00
2.018593169540880581e+02 -3.557045213031763797e+00 2.370752104627148249e+00
2.014355980235675929e+02 -3.446781000477941337e+00 2.383453706750203960e+00
2.010076369039813358e+02 -3.337841432115261409e+00 2.396503681379629214e+00
2.005817041530987694e+02 -3.230290416262842079e+00 2.409953362094669149e+00
2.001417845003366267e+02 -3.124266250310010484e+00 2.423854138949756543e+00
1.997015753075732789e+02 -3.019907341029174574e+00 2.438108891105476683e+00
1.992524881263328496e+02 -2.917426491829111956e+00 2.452917687448324280e+00
1.988007904578666398e+02 -2.816813772435522889e+00 2.468183518145425914e+00
1.983453207111520555e+02 -2.718356507042882786e+00 2.484032278707773767e+00
1.978849165618541406e+02 -2.622119293379415517e+00 2.500367068493188238e+00
1.974184149610214831e+02 -2.528166856749444413e+00 2.517313891212730415e+00
1.969446521438115383e+02 -2.436638337027235313e+00 2.534850236884110597e+00
1.964698919885299802e+02 -2.347524441601293255e+00 2.552953648278434962e+00
1.959855409747796386e+02 -2.260964582800594425e+00 2.571676003841328217e+00
1.954978615934991240e+02 -2.177098314273867796e+00 2.591069233587147469e+00
1.950056873054471396e+02 -2.095916767340194387e+00 2.611036751469859585e+00
1.945004225506625914e+02 -2.017559788329199577e+00 2.631704872251720229e+00
1.939883278089504586e+02 -1.942018807878443054e+00 2.652977109825707558e+00
1.934682345591796491e+02 -1.869433978230440108e+00 2.674905594047844559e+00
1.929464019901863310e+02 -1.799797042491304566e+00 2.697542503035221362e+00
1.924142319608224057e+02 -1.733174188390089521e+00 2.720717211945676617e+00
1.918779824121831155e+02 -1.669706051514843415e+00 2.744630560269987640e+00
1.913364823285558032e+02 -1.609310584523601761e+00 2.769186299567293563e+00
1.907885600998650091e+02 -1.552128761365443310e+00 2.794362510221941598e+00
1.902330435344021851e+02 -1.498190304709945408e+00 2.820211600674986663e+00
1.896687598721142081e+02 -1.447450830873054928e+00 2.846711739638272398e+00
1.891019641487248748e+02 -1.399940419979181172e+00 2.873766855301710610e+00
1.885314825097141807e+02 -1.355644765494947057e+00 2.901429485036581379e+00
1.879487122254180917e+02 -1.314586889198028352e+00 2.929752207575322842e+00
1.873673351077685254e+02 -1.276760289116439351e+00 2.958639075180441225e+00
1.867787474251791480e+02 -1.242173512693828696e+00 2.988068463315456835e+00
1.861817733205859611e+02 -1.210805589720202136e+00 3.018018786295346700e+00
1.855826648291452443e+02 -1.182613463678747534e+00 3.048542779931721292e+00
1.849802451960837573e+02 -1.157584735988935964e+00 3.079544650157711949e+00
1.843733372459502107e+02 -1.135681213455861815e+00 3.111077206160040021e+00
1.837607634022528487e+02 -1.116879767057429085e+00 3.142970441978258922e+00
1.831413457077252360e+02 -1.101150049698552236e+00 3.175351520123519844e+00
1.825213341954491568e+02 -1.088450784779307234e+00 3.208124786151706598e+00
1.818995502098091777e+02 -1.078688170109094013e+00 3.241268901753326492e+00
1.812748147787654887e+02 -1.071776050145456294e+00 3.274762560319878002e+00
1.806385202861547441e+02 -1.067606205114704832e+00 3.308584486001499680e+00
1.800117722459931144e+02 -1.066078066848059613e+00 3.342639149250693720e+00
1.793785341737488750e+02 -1.067098721123953320e+00 3.376979616364334635e+00
1.787450544122909832e+02 -1.070553196510071636e+00 3.411584697998724991e+00
1.781175811054814915e+02 -1.076349036602296083e+00 3.446284664677488507e+00
1.774875055223649838e+02 -1.084342018547911790e+00 3.481132663302025865e+00
1.768536471329132098e+02 -1.094380725054965753e+00 3.516107582126814624e+00
1.762222536332815537e+02 -1.106321402876935922e+00 3.551188333234471362e+00
1.755995726210259420e+02 -1.119998251066633532e+00 3.586205284490225242e+00
1.749769949202422481e+02 -1.135349704450690833e+00 3.621285959503352636e+00
1.743533396580690180e+02 -1.152076730898655699e+00 3.656260768540368300e+00
1.737348012097036474e+02 -1.170237029510003524e+00 3.691189254769505546e+00
1.731199332813127114e+02 -1.189754547377393390e+00 3.726007464075849818e+00
1.725072365285498677e+02 -1.210909964846456521e+00 3.760657722538964354e+00
1.719026400133787718e+02 -1.233761356045057322e+00 3.795305223013869078e+00
1.712972161789662948e+02 -1.258515607016575499e+00 3.829743755978611830e+00
1.706968942761665460e+02 -1.285231282169363887e+00 3.864138543414130655e+00
1.701001753380545836e+02 -1.314041475080666377e+00 3.898283402621763205e+00
1.695129889054669263e+02 -1.345153808628371639e+00 3.932417863581149309e+00
1.689338363512625847e+02 -1.378553300947357840e+00 3.966335765739100516e+00
1.683537909047665835e+02 -1.414448066244947899e+00 4.000128091842215738e+00
1.677787827266153897e+02 -1.452749329918167964e+00 4.033737265718949416e+00
1.672147422319688985e+02 -1.493591412541008134e+00 4.067180001574134174e+00
1.666527434133161307e+02 -1.537108878662848177e+00 4.100473019264137875e+00
1.660987172643453107e+02 -1.583362252449741270e+00 4.133633043065924717e+00
1.655585951018592823e+02 -1.632338016668290592e+00 4.166528233433158590e+00
1.650160235369652924e+02 -1.684171462019695475e+00 4.199249603262818376e+00
1.644843629482751624e+02 -1.738849551802157389e+00 4.231739599130581730e+00
1.639621174013510370e+02 -1.796433770940093266e+00 4.264014950540939708e+00
1.634477913696406972e+02 -1.857060124359110498e+00 4.296018101660473043e+00
1.629324614041426287e+02 -1.920567717705994992e+00 4.327765777057771324e+00
1.624369179040490678e+02 -1.987241590468380448e+00 4.359200413430976084e+00
1.619373816331173259e+02 -2.056921311906350969e+00 4.390413008846578258e+00
1.614546439410205778e+02 -2.129595246906305750e+00 4.421271703957857291e+00
1.609723549284335320e+02 -2.205326270189787774e+00 4.451867481751708766e+00
1.605038786166112175e+02 -2.283880346395414040e+00 4.482142748769761376e+00
1.600402945124703820e+02 -2.365320795582035451e+00 4.512114184352501667e+00
1.595875393761856174e+02 -2.449636873093887779e+00 4.541724172374836499e+00
1.591441221863138935e+02 -2.536595199833539649e+00 4.571063650499254116e+00
1.587159808557140082e+02 -2.626259743963490045e+00 4.600074974917581550e+00
1.582941971957782243e+02 -2.718546116987179850e+00 4.628774769617311158e+00
1.578772819817423851e+02 -2.813444421270107298e+00 4.657105358143637019e+00
1.574711749668471441e+02 -2.910722112966724229e+00 4.685157612882925982e+00
1.570818165458687758e+02 -3.010518266905972684e+00 4.712725252833831924e+00
1.566928627177886142e+02 -3.112600738365852493e+00 4.739973393926645073e+00
1.563176835506249915e+02 -3.217034711334503250e+00 4.766844279812019636e+00
1.559473647424466947e+02 -3.323662710675103771e+00 4.793354414692093890e+00
1.555878493850873099e+02 -3.432401732766710456e+00 4.819371711647486123e+00
1.552376529255836033e+02 -3.543094675082714140e+00 4.845061192500701885e+00
1.548952915283537948e+02 -3.655658899735820366e+00 4.870290718659162188e+00
1.545592820868849060e+02 -3.769937662973214199e+00 4.895076691008457104e+00
1.542355705854482437e+02 -3.885774395142533866e+00 4.919509765303808457e+00
1.539226754098551453e+02 -4.003012697121581809e+00 4.943532000572731455e+00
1.536116873585201006e+02 -4.121570620219237036e+00 4.967085425046828817e+00
1.533085547040916765e+02 -4.241366379042110779e+00 4.990260602110573096e+00
1.530117981534136220e+02 -4.362110354029240078e+00 5.012925211749889698e+00
1.527273675585717285e+02 -4.483698790330840289e+00 5.035244034048226069e+00
1.524463568765379478e+02 -4.605968658540326111e+00 5.057084680162939883e+00
1.521747175804094638e+02 -4.728764506112208110e+00 5.078537575857017927e+00
1.519035452685030236e+02 -4.851931025253053420e+00 5.099470259516357906e+00
1.516462214255460594e+02 -4.975283335737170631e+00 5.119973082215084403e+00
1.513865866222417083e+02 -5.098648489874819667e+00 5.140128746635104662e+00
1.511314539012177249e+02 -5.221989995007628060e+00 5.159766626721023819e+00
1.508878088111881084e+02 -5.345312996719441934e+00 5.178931296723760624e+00
1.506477810742351835e+02 -5.468637622871626469e+00 5.197667289456972206e+00
1.504183579959320411e+02 -5.591954409583314245e+00 5.215870528432423825e+00
1.501990994235216021e+02 -5.715283724083990435e+00 5.233511177525755009e+00
1.499895661048855970e+02 -5.838636390474674975e+00 5.250559356649763032e+00
1.497893196970421741e+02 -5.962017994153538503e+00 5.267133707952896593e+00
1.495904944241480621e+02 -6.085439277451611950e+00 5.282981410512531895e+00
1.494149388367415838e+02 -6.208907221518593644e+00 5.298295298090673455e+00
1.492399323169543095e+02 -6.332437670382910611e+00 5.312896739851742822e+00
1.490798969386687247e+02 -6.456038241567248370e+00 5.326755624142506917e+00
1.489343990228528583e+02 -6.579722584296376020e+00 5.339916074269027035e+00
1.487955774945466771e+02 -6.703482147493854626e+00 5.352422164290516093e+00
1.486704289399772563e+02 -6.827308460510727706e+00 5.364095067825158658e+00
1.485510942115317619e+02 -6.951155987000846359e+00 5.374978758395349665e+00
1.484520001845623653e+02 -7.075008975646573717e+00 5.385117158267299864e+00
1.483652896609997356e+02 -7.198829457226165296e+00 5.394479854312773881e+00
1.482905347750061935e+02 -7.322579525127987488e+00 5.403036380892862311e+00
1.482273086468907195e+02 -7.446265900859062370e+00 5.410830502759094607e+00
1.481751853867704654e+02 -7.569776505689526758e+00 5.417757363961950290e+00
1.481411684479530209e+02 -7.693207303356206062e+00 5.423860621294633866e+00
1.481174055787755890e+02 -7.816357167480819435e+00 5.429109593237289921e+00
1.481027310403535182e+02 -7.939322144768239831e+00 5.433547826432092442e+00
1.481041512780761025e+02 -8.061975465610920821e+00 5.437218811669458418e+00
1.481190168818570783e+02 -8.184338956668190335e+00 5.440017416390922733e+00
1.481469079467786969e+02 -8.306360185371751470e+00 5.442061301729100187e+00
1.481874055676443334e+02 -8.427912454886794080e+00 5.443245221040149850e+00
1.482400918379763937e+02 -8.549091933033389878e+00 5.443538153482008646e+00
1.483052926834091920e+02 -8.669771946135702123e+00 5.443131870608704403e+00
1.483825921893671023e+02 -8.789974391354512306e+00 5.441772384459063083e+00
1.484715754331772075e+02 -8.909572597456296705e+00 5.439651349220438803e+00
1.485718284805157907e+02 -9.028588453564992733e+00 5.436737509363013920e+00
1.486829383812161609e+02 -9.146895269860447542e+00 5.432925266325542957e+00
1.488052359994654523e+02 -9.264514906267779182e+00 5.428331812230612563e+00
1.489375675032733284e+02 -9.381394916604769207e+00 5.422925712102722784e+00
1.490802656984938608e+02 -9.497482826719549465e+00 5.416824037634936140e+00
1.492321786820353395e+02 -9.612651845608736423e+00 5.409920949459781525e+00
1.493928983396497188e+02 -9.726849427033767981e+00 5.402333397975163543e+00
1.495635031730832338e+02 -9.840097264128418786e+00 5.394103989173565594e+00
1.497421012814853611e+02 -9.952268433500700340e+00 5.385200984510187361e+00
1.499282873625635659e+02 -1.006338452385984361e+01 5.375741151308224275e+00
1.501216570330054196e+02 -1.017324421313431770e+01 5.365766912179498860e+00
1.503225496534612091e+02 -1.028201753114177741e+01 5.355172061481044743e+00
1.505283341428835229e+02 -1.038950301923942199e+01 5.344073182818253720e+00
1.507400944827456328e+02 -1.049572199305071685e+01 5.332512515057632463e+00
1.509559441903602988e+02 -1.060062140319950252e+01 5.320457952382191991e+00
1.511762261521738537e+02 -1.070414811359968965e+01 5.308025894887439478e+00
1.513990556013325488e+02 -1.080632317979401513e+01 5.295109831190857541e+00
1.516240342801460486e+02 -1.090701899333731539e+01 5.281900323105195305e+00
1.518509682462184855e+02 -1.100632063887593937e+01 5.268277857785679252e+00
1.520797354916711583e+02 -1.110397573849451369e+01 5.254442759408439301e+00
1.523104182969165663e+02 -1.120009316447710113e+01 5.240210994472536576e+00
1.525430997275209677e+02 -1.129441025482818972e+01 5.225547036633376941e+00
1.527800921250756687e+02 -1.138696136003698989e+01 5.210563867030496787e+00
1.530192515775274273e+02 -1.147755785388585892e+01 5.195151557137235976e+00
1.532621490897873286e+02 -1.156615954637686094e+01 5.179274403167166696e+00
1.535088707236885739e+02 -1.165272611223252142e+01 5.162970926504600655e+00
1.537595032529846151e+02 -1.173714280299421908e+01 5.146131023661283166e+00
1.540133913131055863e+02 -1.181922044272109673e+01 5.128793100783886949e+00
1.542721087258885859e+02 -1.189906684130220427e+01 5.110921223676919034e+00
1.545350014739195785e+02 -1.197649252233903461e+01 5.092479401867882061e+00
1.548021590250003214e+02 -1.205138213666544367e+01 5.073431589201660152e+00
1.550736714813761239e+02 -1.212384302546650439e+01 5.053815967968437128e+00
1.553496295638819333e+02 -1.219361094847985250e+01 5.033670666056872633e+00
1.556301245959932942e+02 -1.226079291535055837e+01 5.012885190634233545e+00
1.559152484877827476e+02 -1.232534719755230057e+01 4.991646129875181970e+00
1.562050937197900851e+02 -1.238715760843764713e+01 4.969768602180704598e+00
1.564997533268092411e+02 -1.244618206689977669e+01 4.947439091971297387e+00
1.567985780465650976e+02 -1.250245259413747512e+01 4.924546898958420904e+00
1.571024048084083233e+02 -1.255585246002046773e+01 4.901129839978047187e+00
1.574113282117751282e+02 -1.260641331407872201e+01 4.877225682827934783e+00
1.577239576746101477e+02 -1.265409233207974538e+01 4.852797863629914055e+00
1.580411315918481421e+02 -1.269884649671965882e+01 4.827884054721015339e+00
1.583622031435494364e+02 -1.274063259491395605e+01 4.802373315052556713e+00
1.586872687831342716e+02 -1.277948149869109606e+01 4.776377508628220525e+00
1.590164253854096614e+02 -1.281542387917934889e+01 4.749859887935303782e+00
1.593490273944794922e+02 -1.284834163718731403e+01 4.722783661910395558e+00
1.596844296415843871e+02 -1.287826503489326946e+01 4.695260563920804486e+00
1.600234729978343751e+02 -1.290529841011383994e+01 4.667253718745778102e+00
1.603655130166540630e+02 -1.292939732365674033e+01 4.638800494088887838e+00
1.607091627512071739e+02 -1.295059140777567208e+01 4.609863934590566537e+00
1.610560069117656781e+02 -1.296891008069975015e+01 4.580481329862281292e+00
1.614046591675943318e+02 -1.298430826124535820e+01 4.550764215526396761e+00
1.617544763039907139e+02 -1.299681493401559429e+01 4.520601240255841979e+00
1.621063010390514307e+02 -1.300660743117548890e+01 4.490103867847667019e+00
1.624587478301082797e+02 -1.301364001328796505e+01 4.459234960777310519e+00
1.628126598652547443e+02 -1.301801528524935669e+01 4.428105915282557703e+00
1.631666520343843843e+02 -1.301968706077470017e+01 4.396605244931829581e+00
1.635200822502900451e+02 -1.301883177847669515e+01 4.364918566228436880e+00
1.638737942644937675e+02 -1.301547708298936890e+01 4.332860048180281254e+00
1.642264034727394346e+02 -1.300957610717514079e+01 4.300689531924565046e+00
1.645780110705426864e+02 -1.300137888840984601e+01 4.268221129799430358e+00
1.649272326933316606e+02 -1.299083809940210266e+01 4.235640344977315230e+00
1.652749125716301251e+02 -1.297805474811432269e+01 4.202835521052079137e+00
1.656196665007917659e+02 -1.296312960973020978e+01 4.169917827669666899e+00
1.659615959958416056e+02 -1.294616322569366140e+01 4.136849844132136411e+00
1.662993169309351060e+02 -1.292718161931194665e+01 4.103668411024959717e+00
1.666336736938972081e+02 -1.290628486193381441e+01 4.070484631339876813e+00
1.669632821553525162e+02 -1.288379563919558990e+01 4.037335304595941032e+00
1.672882959524637556e+02 -1.285976903828600193e+01 4.004176876652716821e+00
1.676083343512738679e+02 -1.283408186474295931e+01 3.971090137402414122e+00
1.679252971774207310e+02 -1.280671474200234883e+01 3.938001241843191558e+00
1.682314273051905502e+02 -1.277757377144691375e+01 3.905133463549117501e+00
1.685382812023519818e+02 -1.274649053200750259e+01 3.872264360787775583e+00
1.688395871577387197e+02 -1.271344493034894541e+01 3.839542896194231947e+00
1.691365016509296026e+02 -1.267834235012055011e+01 3.806969453403921566e+00
1.694301809808457904e+02 -1.264101365179561576e+01 3.774395838207313503e+00
1.697143528943922490e+02 -1.260151230660522259e+01 3.741970980724000473e+00
1.699901732659162974e+02 -1.255959441203088645e+01 3.709695235551520920e+00
1.702587977260062644e+02 -1.251523867642148424e+01 3.677494666436539550e+00
1.705288099909085702e+02 -1.246842356867666624e+01 3.645369614453743079e+00
1.707865084408361724e+02 -1.241897875152725383e+01 3.613394699184989456e+00
1.710404762009443118e+02 -1.236695649942978292e+01 3.581495969396581991e+00
1.712918677199968158e+02 -1.231233456503813173e+01 3.549748038239623593e+00
1.715269804000010367e+02 -1.225501617978694036e+01 3.518151233938729305e+00
1.717618246778309583e+02 -1.219497862158459078e+01 3.486705884496593910e+00
1.719901255538659939e+02 -1.213219893210517242e+01 3.455338035399481811e+00
1.722056076234142381e+02 -1.206665391769203488e+01 3.424196584841122881e+00
1.724242801084442362e+02 -1.199839443387473281e+01 3.393281867429964294e+00
1.726250100368949347e+02 -1.192739681949150743e+01 3.362445655414643131e+00
1.728238057268316652e+02 -1.185363718143378442e+01 3.331911144432552430e+00
1.730143899664679736e+02 -1.177716567950695392e+01 3.301530119721158840e+00
1.731979133975670493e+02 -1.169803224440367195e+01 3.271377225379456632e+00
1.733680977977408304e+02 -1.161621229579571946e+01 3.241452831603997442e+00
1.735335211144049197e+02 -1.153168102755045332e+01 3.211831602944181796e+00
1.736953323976553634e+02 -1.144456197656988117e+01 3.182365365546290903e+00
1.738472517843238734e+02 -1.135482989073501869e+01 3.153203092928211770e+00
1.739904271829695972e+02 -1.126253358148855810e+01 3.124270922721659183e+00
1.741185775583143425e+02 -1.116757307552289191e+01 3.095643575446274998e+00
1.742477063176228853e+02 -1.107014531811038971e+01 3.067172938259802528e+00
1.743641028447838721e+02 -1.097014990751827668e+01 3.039008050738517763e+00
1.744689125880871359e+02 -1.086763479857646608e+01 3.011075121622024398e+00
1.745632803464504832e+02 -1.076272202184510718e+01 2.983374664084011751e+00
1.746557786068385667e+02 -1.065553340289757678e+01 2.955981496990419899e+00
1.747401224811225404e+02 -1.054626484872227721e+01 2.928896179149009349e+00
1.748100263946207917e+02 -1.043488921672356717e+01 2.902119294061747290e+00
1.748740607750638105e+02 -1.032167630235981015e+01 2.875651451168852013e+00
1.749259386404759766e+02 -1.020667285785340361e+01 2.849493287085852700e+00
1.749742289894592773e+02 -1.008999972953264646e+01 2.823719750334987566e+00
1.750126433898713287e+02 -9.971851861265168537e+00 2.798257252057145372e+00
1.750423210196323112e+02 -9.852201163979680487e+00 2.773180801230723969e+00
1.750718286571470799e+02 -9.731242220307978030e+00 2.748416871858552657e+00
1.750874472710800944e+02 -9.609020870791388447e+00 2.723966254659172304e+00
1.750903137627169599e+02 -9.485731351697884506e+00 2.699904058236216375e+00
1.750889926071466505e+02 -9.361344881401739926e+00 2.676082576222129639e+00
1.750846191444994133e+02 -9.236129648874001674e+00 2.652651272932471382e+00
1.750634712217265871e+02 -9.110056549712989948e+00 2.629536799967121308e+00
1.750415392864038324e+02 -8.983467741790692074e+00 2.606740131319643883e+00
1.750050995772944873e+02 -8.856482381426484807e+00 2.584262280953696145e+00
1.749700249481242622e+02 -8.729259223905600606e+00 2.562109458598207379e+00
1.749220101455140934e+02 -8.601670164040193356e+00 2.540308534995680656e+00
1.748689181670947050e+02 -8.473849554817064700e+00 2.518817295196833062e+00
1.748111828250041810e+02 -8.345708765065019463e+00 2.497742135316245893e+00
1.747418087395454620e+02 -8.217159034447378829e+00 2.477115212985329329e+00
1.746612280335272089e+02 -8.088185761496188064e+00 2.456968731788701010e+00
1.745698719760293329e+02 -7.958848508187642778e+00 2.437186375165756758e+00
1.744755993268375391e+02 -7.828983870547382651e+00 2.417949008304111747e+00
1.743639829297864594e+02 -7.698651184317706786e+00 2.399140410969309301e+00
1.742503081590119507e+02 -7.567835395633016660e+00 2.380867262842635057e+00
1.741201461116069140e+02 -7.436447065735858786e+00 2.363087726799083299e+00
1.739813520541782168e+02 -7.304619509730188476e+00 2.345908583677458914e+00
1.738269236665588835e+02 -7.172188816831925884e+00 2.329288098999764411e+00
1.736647144379238910e+02 -7.039436690183942247e+00 2.313258874177106961e+00
1.734877202610667837e+02 -6.906199049635355358e+00 2.297779280171846406e+00
1.733037928288392209e+02 -6.772608871593089219e+00 2.282956308640878618e+00
1.731059262287641900e+02 -6.638650492848201523e+00 2.268748438529998523e+00
1.729019703398288357e+02 -6.504456749440080898e+00 2.255188487154269339e+00
1.726849174274702250e+02 -6.369863280506494974e+00 2.242309327237064664e+00
1.724551871905124756e+02 -6.235077084680359150e+00 2.230069603917863574e+00
1.722131984073221531e+02 -6.100082256951397497e+00 2.218502302236506019e+00
1.719593689324440788e+02 -5.964788560558847763e+00 2.207640464079200449e+00
1.717015440437353959e+02 -5.829328565893741931e+00 2.197368621591587967e+00
1.714252830385115658e+02 -5.693611954379496076e+00 2.187868498581719834e+00
1.711384293324775854e+02 -5.557771224384582709e+00 2.179024742858413966e+00
1.708413970564567421e+02 -5.421864562111289310e+00 2.170870627575416822e+00
1.705271710544411974e+02 -5.285801562991911950e+00 2.163365201024403550e+00
1.702035919327323086e+02 -5.149640370596550554e+00 2.156541853912320672e+00
1.698710710079390935e+02 -5.013587681528911766e+00 2.150359752601201269e+00
1.695300186563591751e+02 -4.877478765802027993e+00 2.144852406330931771e+00
1.691734159632586625e+02 -4.741520306752752489e+00 2.140053383908212314e+00
1.688090997735725978e+02 -4.605621854404325255e+00 2.135922030369701741e+00
1.684300492912967115e+02 -4.469915814863699488e+00 2.132417750625058783e+00
1.680440994813369855e+02 -4.334386037682647519e+00 2.129500009572943497e+00
1.676442276698384433e+02 -4.199164954734398769e+00 2.127276899198148996e+00
1.672382669470096630e+02 -4.064236451062144262e+00 2.125633721127892617e+00
1.668191927684581799e+02 -3.929733003738741903e+00 2.124530120687984969e+00
1.663874080088054086e+02 -3.795564269193766993e+00 2.124074370429280822e+00
1.659507429650925587e+02 -3.661937072559454887e+00 2.124226236120144939e+00
1.655095986602425739e+02 -3.528761144466737498e+00 2.124871260230300596e+00
1.650569468475868575e+02 -3.396169110365138799e+00 2.126043612399131533e+00
1.645931867164688924e+02 -3.264145077797564909e+00 2.127703238868865032e+00
1.641187165476812879e+02 -3.132747491678558038e+00 2.129810145908055397e+00
1.636413620699931073e+02 -3.002109139046775343e+00 2.132398683215739332e+00
1.631540914162702336e+02 -2.872140019787612353e+00 2.135428976799068401e+00
1.626573001816930457e+02 -2.742898768856522729e+00 2.138861212339759899e+00
1.621588114318197995e+02 -2.614592660966210236e+00 2.142655635039507178e+00
1.616515906604952022e+02 -2.487057630730331148e+00 2.146772549447156120e+00
1.611360308498498455e+02 -2.360575395824503708e+00 2.151246602770159555e+00
1.606199524801344580e+02 -2.235056343061847084e+00 2.155963934158015238e+00
1.601035944812750245e+02 -2.110637151466146832e+00 2.160969533871176296e+00
1.595791571687803696e+02 -1.987393714245165421e+00 2.166200785184077215e+00
1.590461160308490491e+02 -1.865405375342788608e+00 2.171753921973732737e+00
1.585113740988034579e+02 -1.744751583413605811e+00 2.177650952544787799e+00
1.579744052591945547e+02 -1.625437612734497828e+00 2.183839659329763982e+00
1.574346826171653220e+02 -1.507468851075344674e+00 2.190416449078365080e+00
1.568916785100578011e+02 -1.390999371023396325e+00 2.197403502012995613e+00
1.563374361712391192e+02 -1.276034800241009570e+00 2.204674487970399888e+00
1.557788547953790612e+02 -1.162580892683706235e+00 2.212400267041496171e+00
1.552154045026541098e+02 -1.050792099760701648e+00 2.220603188161736075e+00
1.546465547043561912e+02 -9.406001569173948473e-01 2.229157088696525957e+00
1.540717741186282979e+02 -8.321597886818734580e-01 2.238158711519010691e+00
1.534905307865564907e+02 -7.254772951175770812e-01 2.247630570544743911e+00
1.529022920885878705e+02 -6.205591227241012975e-01 2.257520950255408110e+00
1.523065247612500741e+02 -5.174118682609761821e-01 2.267926755708802755e+00
1.517101232643954063e+02 -4.162651330039874309e-01 2.278796378009569690e+00
1.511051247476931394e+02 -3.169772583964622914e-01 2.290078260772932861e+00
1.504984224690913948e+02 -2.197038811628158617e-01 2.301943750068531802e+00
1.498820524114748594e+02 -1.244522358019175545e-01 2.314192825814017862e+00
1.492554783512391055e+02 -3.115544151289516284e-02 2.326996936190578680e+00
1.486330202265078810e+02 6.003036045901217338e-02 2.340230445487642807e+00
1.479992840537173322e+02 1.491717045910131989e-01 2.353990617963932053e+00
1.473537320472927945e+02 2.361863804153979118e-01 2.368151916152181347e+00
1.467106826378957862e+02 3.210662799654932509e-01 2.382885984672277857e+00
1.460547403892163629e+02 4.037288278041293865e-01 2.397993097980217758e+00
1.454002228182937131e+02 4.843141121637087321e-01 2.413644994640189001e+00
1.447391619620900940e+02 5.626648976566771543e-01 2.429716325024786627e+00
1.440710177968054211e+02 6.388466071200684659e-01 2.446156068025796770e+00
1.434026782561580546e+02 7.128650417331894307e-01 2.463136097233075361e+00
1.427261741988736787e+02 7.846738068960065204e-01 2.480456912064160413e+00
1.420483928278628412e+02 8.542857351126005305e-01 2.498290471914670796e+00
1.413613643073271646e+02 9.217060285707517897e-01 2.516437360234781817e+00
1.406719751817821304e+02 9.869693987274296143e-01 2.534995335129482719e+00
1.399871116934876341e+02 1.050080637443542519e+00 2.553913627397938146e+00
1.392913747495295809e+02 1.111059185124805282e+00 2.573215790072322040e+00
1.385990783912939150e+02 1.169939128863408673e+00 2.592776846919087497e+00
1.378948230100819785e+02 1.226717202230013015e+00 2.612694708938089860e+00
1.371929221666104297e+02 1.281434495471870161e+00 2.632918755815234046e+00
1.364928325068983952e+02 1.334117027157124324e+00 2.653398401871600143e+00
1.357828679546628337e+02 1.384810655967634307e+00 2.674157378489794734e+00
1.350736273046015867e+02 1.433559537129304395e+00 2.695070882510736787e+00
1.343630809932642762e+02 1.480406121156712995e+00 2.716236992631563041e+00
1.336514278164911502e+02 1.525383724344973047e+00 2.737605250760529962e+00
1.329381236061497873e+02 1.568542526934171955e+00 2.759050944369719982e+00
1.322241097519481059e+02 1.609929515597520400e+00 2.780672239338916718e+00
1.315095847130088771e+02 1.649606310609828430e+00 2.802418761261621594e+00
1.307954897044836571e+02 1.687671450118981342e+00 2.824165877751609877e+00
1.300812802089672857e+02 1.724193534305960673e+00 2.846011831243540513e+00
1.293678973330208919e+02 1.759255794888882507e+00 2.867832036756108316e+00
1.286555393184581249e+02 1.792933809563794334e+00 2.889650498171274950e+00
1.279443507262944166e+02 1.825271015045381917e+00 2.911422598766193470e+00
1.272357471209025022e+02 1.856205247117047596e+00 2.933126310312047735e+00
1.265281190782644387e+02 1.885627343297143099e+00 2.954819548465944301e+00
1.258220857147484963e+02 1.913472484364974635e+00 2.976411678711830433e+00
1.251182661982296764e+02 1.939645910776480520e+00 2.998034932598339086e+00
1.244157940942248644e+02 1.964060064415708462e+00 3.019524421941531589e+00
1.237145458871523829e+02 1.986627160325755037e+00 3.041012405561115628e+00
1.230151409965183689e+02 2.007244330169652535e+00 3.062482586978605870e+00
1.223174561230622999e+02 2.025934761125829375e+00 3.083844396630975648e+00
1.216213680999912867e+02 2.042491135395504642e+00 3.105155841088305113e+00
1.209267539092057291e+02 2.057003043467886094e+00 3.126400651256366015e+00
1.202357192026189097e+02 2.069411283580164795e+00 3.147636848092583151e+00
1.195466556382212104e+02 2.079730712777192903e+00 3.168773890811295235e+00
1.188609264115910520e+02 2.087827397033014787e+00 3.189795526106689039e+00
1.181791520970731000e+02 2.093790029469079883e+00 3.210834070374210203e+00
1.175004678290742532e+02 2.097484230121561488e+00 3.231798990921305847e+00
1.168254946584968934e+02 2.098923964312741308e+00 3.252674038705730020e+00
1.161548538990293764e+02 2.098122976581642263e+00 3.273442963567106734e+00
1.154876814734385420e+02 2.095094791696537673e+00 3.294163796469961714e+00
1.148245992700062033e+02 2.089704148739625289e+00 3.314745997743844264e+00
1.141654866537740958e+02 2.082038419786779837e+00 3.335247589848636895e+00
1.135102233178652540e+02 2.072110477142745211e+00 3.355726589133042115e+00
1.128586892997431477e+02 2.059784411162262519e+00 3.376018154099355684e+00
1.122115078324468129e+02 2.045146949165239203e+00 3.396180285199851046e+00
1.115685596906897814e+02 2.028210322908939212e+00 3.416196689617801319e+00
1.109304688769813367e+02 2.008986553652895246e+00 3.436125347073435865e+00
1.102963741325329039e+02 1.987561737304614606e+00 3.455949941630207078e+00
1.096669002932296166e+02 1.963873195636759661e+00 3.475579860516639918e+00
1.090426726353302058e+02 1.938080895606409726e+00 3.495073043466527363e+00
1.084228312210235572e+02 1.910047466727042176e+00 3.514413131055188266e+00
1.078080022539771790e+02 1.879858187558800298e+00 3.533583747056989743e+00
1.071973267545085946e+02 1.847598137257663531e+00 3.552642780814278201e+00
1.065921747497862384e+02 1.813277914213905051e+00 3.571425252105388193e+00
1.059916882785422558e+02 1.776982205282898075e+00 3.590063294551764539e+00
1.053957527458022980e+02 1.738721221091028113e+00 3.608540453504365253e+00
1.048049969372666936e+02 1.698504981934559233e+00 3.626765968459384482e+00
1.042178216933224064e+02 1.656417603764049673e+00 3.644723338988338224e+00
1.036363426030693660e+02 1.612543017249445487e+00 3.662544607177548261e+00
1.030597045026199936e+02 1.566964970433285975e+00 3.680064655562120368e+00
1.024877956634278462e+02 1.519841314971795754e+00 3.697415474106871436e+00
1.019205049701319155e+02 1.471106874948610033e+00 3.714506174661768689e+00
1.013592076031257392e+02 1.420993434300634961e+00 3.731394407459405649e+00
1.008023080405612433e+02 1.369509755292956266e+00 3.747989226102049987e+00
1.002511827503251141e+02 1.316812999107045634e+00 3.764422504083298371e+00
9.970423752122492544e+01 1.262985878491321490e+00 3.780528949291867669e+00
9.916285015417417981e+01 1.208110944503029138e+00 3.796366087562632607e+00
9.862691346261530612e+01 1.152270589827676162e+00 3.811991411214919356e+00
9.809483528267413988e+01 1.095621335679624719e+00 3.827388094608197289e+00
9.756799549303501351e+01 1.038245268272310229e+00 3.842464993212771684e+00
9.704554617905709790e+01 9.802243258713206897e-01 3.857279493200602261e+00
9.652745335549900574e+01 9.216863824847113529e-01 3.871811575765382596e+00
9.601396526121486374e+01 8.625720742446545408e-01 3.886028846928678782e+00
9.550614408083282569e+01 8.029422639886625301e-01 3.899970072970079471e+00
9.500282423840093315e+01 7.426348310151252852e-01 3.913599696826274954e+00
9.450506941460990618e+01 6.817103759945524200e-01 3.926807837240314125e+00
9.401320121331988844e+01 6.200808074151696880e-01 3.939707421934814491e+00
9.352754200276859819e+01 5.578064796101657175e-01 3.952262769276888132e+00
9.304841492131693315e+01 4.947990628212183828e-01 3.964363870972650528e+00
9.257614388275945316e+01 4.311186813353889424e-01 3.976123525284226634e+00
9.211031074618085768e+01 3.666025001498295910e-01 3.987431635237029592e+00
9.165124099046606432e+01 3.014589972161842435e-01 3.998326625370320020e+00
9.120000371834511554e+01 2.355251326839624404e-01 4.008772590483992815e+00
9.075544031993150895e+01 1.688606212296926146e-01 4.018807861914456936e+00
9.031936432113818114e+01 1.014508023934990871e-01 4.028396439817710117e+00
8.989061870633076978e+01 3.335521196479639822e-02 4.037502275977503885e+00
8.947027576597712084e+01 -3.551526411379163362e-02 4.046089273129215513e+00
8.905718008860435475e+01 -1.051012512975880164e-01 4.054269851307365613e+00
8.865240557269865462e+01 -1.754920159870662355e-01 4.061933529694902845e+00
8.825628408800942282e+01 -2.465540435318631096e-01 4.069044060014755715e+00
8.786766264159238915e+01 -3.183024512424379449e-01 4.075713709434276133e+00
8.748836038870349796e+01 -3.907969869717519695e-01 4.081757558973050592e+00
8.711648311800439615e+01 -4.640008859348485615e-01 4.087362054469763528e+00
8.675310876691486328e+01 -5.378774347288249880e-01 4.092416454526061287e+00
8.639857324632218649e+01 -6.123751100945482584e-01 4.096884247508079113e+00
8.605247044013373170e+01 -6.874647161286482344e-01 4.100877434561112977e+00
8.571439503957978445e+01 -7.630873812939632517e-01 4.104359395135569244e+00
8.538542821227869695e+01 -8.392214090382876801e-01 4.107293453552103735e+00
8.506516626089438660e+01 -9.158005614152076035e-01 4.109791445591587156e+00
8.475394912672172154e+01 -9.928031947703230831e-01 4.111742300592833743e+00
8.445063188287983280e+01 -1.070192828434732624e+00 4.113183458601082698e+00
8.415629890747020170e+01 -1.147940425285793875e+00 4.114152303025194080e+00
8.387054970625541728e+01 -1.226016958923839661e+00 4.114686160326480824e+00
8.359298458028645484e+01 -1.304400837568362004e+00 4.114673732729571931e+00
8.332320462325945698e+01 -1.383055614574245196e+00 4.114226515478191182e+00
8.306081171865274371e+01 -1.461952269072442911e+00 4.113233095591184885e+00
8.280689420669736478e+01 -1.541076629934850395e+00 4.111804852676539390e+00
8.256031270595633487e+01 -1.620369944613240243e+00 4.109904541246296006e+00
8.232067144991324881e+01 -1.699792015785166477e+00 4.107494857577401071e+00
8.208831828324436231e+01 -1.779304854681420078e+00 4.104687006601321464e+00
8.186285898782372783e+01 -1.858861534289144135e+00 4.101443567807535828e+00
8.164390011358143795e+01 -1.938421041812480095e+00 4.097801345693445008e+00
8.143179180914125936e+01 -2.017929703589757651e+00 4.093722802730848542e+00
8.122539931212897102e+01 -2.097358322671202924e+00 4.089244626371427493e+00
8.102507428442805804e+01 -2.176647947723057364e+00 4.084403445573831171e+00
8.083042630202177747e+01 -2.255754439025233982e+00 4.079161547359596796e+00
8.064032284967169062e+01 -2.334626179352654152e+00 4.073629727408059509e+00
8.045586065544843279e+01 -2.413218926644325801e+00 4.067770156162336725e+00
8.027590867476128267e+01 -2.491480953308495838e+00 4.061619229481408411e+00
8.009933658935284484e+01 -2.569360470616069758e+00 4.055213285310435900e+00
7.992798614105541333e+01 -2.646813053132007987e+00 4.048514320379099196e+00
7.975935233494648458e+01 -2.723803061550258420e+00 4.041625061324596757e+00
7.959434046277172570e+01 -2.800300490647934737e+00 4.034468492098453041e+00
7.943322324057665185e+01 -2.876269256986278222e+00 4.026959760093503427e+00
7.927627407624230216e+01 -2.951680625132568903e+00 4.019236806573807108e+00
7.912376706172214824e+01 -3.026535488987485589e+00 4.011140382492750511e+00
7.897523412995251135e+01 -3.100760371198372667e+00 4.002734033371735833e+00
7.883169355155736469e+01 -3.174281703019005363e+00 3.993932682174106130e+00
7.869267858606657740e+01 -3.247196672763530856e+00 3.984725480223636040e+00
7.855846597799529718e+01 -3.319305236180244645e+00 3.975101524137189646e+00
7.842933311250546069e+01 -3.390704380952950903e+00 3.965124139785845880e+00
7.830555800577168668e+01 -3.461193855204627301e+00 3.954856599274119588e+00
7.818741929502579069e+01 -3.530870432084025623e+00 3.944139270936420694e+00
7.807445339325363420e+01 -3.599607921858264614e+00 3.933035320877901864e+00
7.796694014864340261e+01 -3.667354302577180647e+00 3.921607863013936601e+00
7.786515999863866000e+01 -3.734131716772639553e+00 3.909845676135166315e+00
7.776939395869548832e+01 -3.799962184701176415e+00 3.897663204495024569e+00
7.767918077569801483e+01 -3.864719034130827069e+00 3.885049125421587313e+00
7.759480258613659487e+01 -3.928424031190663968e+00 3.872066349943119157e+00
7.751579923387737381e+01 -3.991098810254102958e+00 3.858629172924298523e+00
7.744245392772967307e+01 -4.052616303872032866e+00 3.844874691239922537e+00
7.737505039364383208e+01 -4.113146440777055268e+00 3.830568536433062388e+00
7.731313002662113831e+01 -4.172487591402592066e+00 3.815921993937074763e+00
7.725697754741989343e+01 -4.230735116500655479e+00 3.800849168760916719e+00
7.720613531889385683e+01 -4.287761379774796211e+00 3.785338403727165346e+00
7.716088900217150126e+01 -4.343661446102125012e+00 3.769452280212317152e+00
7.712152470751402689e+01 -4.398381661286001609e+00 3.753253335398761603e+00
7.708684330991424360e+01 -4.451868216385980404e+00 3.736581212535434737e+00
7.705787460964832292e+01 -4.504067145104149184e+00 3.719572646236821711e+00
7.703416314237084350e+01 -4.555147171742104817e+00 3.702215762262136334e+00
7.701525383419080129e+01 -4.604905440695238994e+00 3.684424361824475191e+00
7.700143482154361152e+01 -4.653510349058595175e+00 3.666335056419424809e+00
7.699225176582621089e+01 -4.700832992753738893e+00 3.647861567640255043e+00
7.698725067295806923e+01 -4.746967148765670608e+00 3.629066145531902432e+00
7.698746354783610002e+01 -4.791857855421837620e+00 3.609936718935887079e+00
7.699169420349917914e+01 -4.835598544267452503e+00 3.590386896353340074e+00
7.699948958541837385e+01 -4.878059620493919724e+00 3.570553100828417481e+00
7.701188259062931252e+01 -4.919408445474655167e+00 3.550497436821822728e+00
7.702767787664819821e+01 -4.959515066842625330e+00 3.530059124099202972e+00
7.704716602058783792e+01 -4.998472201186173969e+00 3.509374483151714852e+00
7.706989499803908927e+01 -5.036372381802519449e+00 3.488505518596103805e+00
7.709541300203436265e+01 -5.073085106535373257e+00 3.467439920096578199e+00
7.712401126200825274e+01 -5.108702537220862538e+00 3.446165346798393703e+00
7.715523835769526784e+01 -5.143316647698187083e+00 3.424743711770429133e+00
7.718938587315389555e+01 -5.176870655411495825e+00 3.403236899451750563e+00
7.722525987570742245e+01 -5.209381870614274490e+00 3.381558199604475234e+00
7.726315224011287341e+01 -5.241015978660023222e+00 3.359695158787839642e+00
7.730261212762195555e+01 -5.271715621370412386e+00 3.337858148338450182e+00
7.734318880522177153e+01 -5.301497530019397608e+00 3.315886097334094895e+00
7.738517446496497598e+01 -5.330452524401828818e+00 3.293840761606061207e+00
7.742737570330058361e+01 -5.358596944992380706e+00 3.271709590729838357e+00
7.747013437537913205e+01 -5.385999826296048454e+00 3.249623511775477258e+00
7.751399049870218505e+01 -5.412644433959096446e+00 3.227544593016204111e+00
7.755730514374680240e+01 -5.438418159463374479e+00 3.205429815257733406e+00
7.760215356937511899e+01 -5.463208196094408109e+00 3.183236140638250333e+00
7.764689685762280646e+01 -5.487050105595234761e+00 3.161069080675112719e+00
7.769138174405925668e+01 -5.509904967405669929e+00 3.138885563304485871e+00
7.773694060312264753e+01 -5.531585095004341035e+00 3.116716784446298405e+00
7.778267725848567693e+01 -5.552125453363390584e+00 3.094445358561832116e+00
7.782918114382843555e+01 -5.571486524978146448e+00 3.072176737238804023e+00
7.787555594854569563e+01 -5.589628593506234644e+00 3.049942076261345392e+00
7.792239094381631048e+01 -5.606511744000791886e+00 3.027623953194514606e+00
7.796878962863412710e+01 -5.622021579736995456e+00 3.005327785990814515e+00
7.801608389122594645e+01 -5.636266356646297382e+00 2.983010416578320889e+00
7.806337698535637060e+01 -5.649131282819883637e+00 2.960702962475200817e+00
7.811051485704356878e+01 -5.660501369628056167e+00 2.938362250897848860e+00
7.815734329630852528e+01 -5.670484282931819386e+00 2.915945103382273196e+00
7.820445075913180233e+01 -5.679038926365612028e+00 2.893631187415845130e+00
7.825168268449034770e+01 -5.686049725724917181e+00 2.871228749546600234e+00
7.829814148159580611e+01 -5.691549480447435805e+00 2.848768884537078439e+00
7.834441502235844723e+01 -5.695496514166397795e+00 2.826356969497319849e+00
7.839034812384564077e+01 -5.697923242861980597e+00 2.803875531016489120e+00
7.843578537098558456e+01 -5.698787609086943817e+00 2.781429947322595631e+00
7.848057110438418249e+01 -5.698195933787249423e+00 2.758977031917299705e+00
7.852529224330484681e+01 -5.696031500183534213e+00 2.736547885232710975e+00
7.856904976868202084e+01 -5.692400256259302793e+00 2.714173612279552117e+00
7.861243005144045526e+01 -5.687333682301572324e+00 2.691885323798503205e+00
7.865527633576738253e+01 -5.680788792527225795e+00 2.669714137411711263e+00
7.869817439763644984e+01 -5.672796703788303141e+00 2.647542611768552323e+00
7.873948119330417228e+01 -5.663388353841884992e+00 2.625476165207578649e+00
7.877978185817921997e+01 -5.652520219690392977e+00 2.603545942893881637e+00
7.882040402561185033e+01 -5.640297170000343918e+00 2.581634534461023645e+00
7.885896080570380207e+01 -5.626749616572907620e+00 2.559847392664344135e+00
7.889677912463659482e+01 -5.611759232884400816e+00 2.538141417004777356e+00
7.893369986869529953e+01 -5.595504657207460930e+00 2.516473521864865948e+00
7.896956354363730668e+01 -5.577941510261164026e+00 2.494949204638665652e+00
7.900421026413251013e+01 -5.559099531448385534e+00 2.473525412839648663e+00
7.903747974332713966e+01 -5.539156864643664413e+00 2.452159112215813952e+00
7.906995411755801229e+01 -5.518068643022438380e+00 2.430955854856063247e+00
7.910147226612119198e+01 -5.495864125467607053e+00 2.409798362769588032e+00
7.913112980122311058e+01 -5.472646699019207972e+00 2.388866513484791732e+00
7.915950756314290970e+01 -5.448445314370803594e+00 2.368043073099504792e+00
7.918718594041183678e+01 -5.423288771923534313e+00 2.347359398354056381e+00
7.921251635511418954e+01 -5.397354291391383896e+00 2.326772587168919770e+00
7.923756393361617256e+01 -5.370521813433970948e+00 2.306388330183583246e+00
7.925993631197927414e+01 -5.342968270370096029e+00 2.286163777763319693e+00
7.928169764711314826e+01 -5.314721887901350250e+00 2.265981824503115583e+00
7.930194025755363896e+01 -5.285885038401546332e+00 2.246022527725437090e+00
7.931975595477027241e+01 -5.256411393233545226e+00 2.226168840428592866e+00
7.933646453963865497e+01 -5.226551626629859726e+00 2.206452313252530661e+00
7.935189961890915811e+01 -5.196259150578313779e+00 2.186978811908782294e+00
7.936585592838814307e+01 -5.165688351609852624e+00 2.167558544149845279e+00
7.937797430894538309e+01 -5.134757924245446858e+00 2.148378942890594168e+00
7.938859954978416056e+01 -5.103587543552125183e+00 2.129480351859535769e+00
7.939733304953162474e+01 -5.072073917858727299e+00 2.110680299381023861e+00
7.940451847900035887e+01 -5.040187925857543938e+00 2.092242050729544278e+00
7.940901326907710711e+01 -5.007974619730426902e+00 2.073983206909784993e+00
7.941115994404455591e+01 -4.975256094298580400e+00 2.055944256967120687e+00
7.941055760999766733e+01 -4.942151474732774830e+00 2.038240011748000402e+00
7.940829045368633388e+01 -4.908556935260503629e+00 2.020762470632512464e+00
7.940247072641849968e+01 -4.874442836432126391e+00 2.003626523268758231e+00
7.939418141860733158e+01 -4.839853728407446987e+00 1.986724249253810193e+00
7.938227640924358752e+01 -4.804759787267142812e+00 1.970096336318511332e+00
7.936709463597755132e+01 -4.769131101860695665e+00 1.953783513971004471e+00
7.934897442034062465e+01 -4.732863393677595454e+00 1.937752270618819050e+00
7.932751062831452771e+01 -4.696149437761119927e+00 1.922043421174451483e+00
7.930304033630228844e+01 -4.658884798116204706e+00 1.906697824129410135e+00
7.927441432230857288e+01 -4.621039248675852029e+00 1.891682098604231754e+00
7.924196840263191177e+01 -4.582731060282540625e+00 1.876962908379497863e+00
7.920678059377439695e+01 -4.543781303176391617e+00 1.862581245902950267e+00
7.916695693459696770e+01 -4.504382402044180722e+00 1.848503865765318555e+00
7.912431699917266315e+01 -4.464429588045797814e+00 1.834846135665012090e+00
7.907770837954146259e+01 -4.423966603399624553e+00 1.821500619329366577e+00
7.902672085916584876e+01 -4.383111421470926139e+00 1.808582777940163755e+00
7.897317208166555247e+01 -4.341684832869647792e+00 1.795985269506167992e+00
7.891516486965484489e+01 -4.299879000601515067e+00 1.783749366740444042e+00
7.885302990433238790e+01 -4.257588912191395458e+00 1.771842106895243685e+00
7.878784005517289302e+01 -4.214858084360054491e+00 1.760379142589800772e+00
7.871843903991769764e+01 -4.171729999695751090e+00 1.749179041093816167e+00
7.864515560013805384e+01 -4.128248110344255650e+00 1.738431836127034780e+00
7.856831783196685137e+01 -4.084307274705899715e+00 1.728030476592678388e+00
7.848751035219612504e+01 -4.040025178660918925e+00 1.717942244325199930e+00
7.840305996978500502e+01 -3.995370921778895745e+00 1.708208754305143184e+00
7.831455001759930212e+01 -3.950387871555987029e+00 1.698871671351479318e+00
7.822230602457678117e+01 -3.905045100145676074e+00 1.689824143291843939e+00
7.812591004811237383e+01 -3.859460238606565508e+00 1.681107935128459019e+00
7.802717201690781224e+01 -3.813676630137906365e+00 1.672764862170137201e+00
7.792492988885294380e+01 -3.767663333823743521e+00 1.664762506648187257e+00
7.781950666453306553e+01 -3.721612262386288617e+00 1.657068501319058695e+00
7.771122472082866750e+01 -3.675418201409207608e+00 1.649724813049030514e+00
7.760040581485169753e+01 -3.629198797591536962e+00 1.642699175873772788e+00
7.748737108815906538e+01 -3.582923144965219908e+00 1.635959374547974798e+00
7.737169823621147202e+01 -3.536783206129289425e+00 1.629547528077905705e+00
7.725370718316922591e+01 -3.490599547941338088e+00 1.623357239227026572e+00
7.713297441684223088e+01 -3.444489896739135748e+00 1.617505012024952782e+00
7.701130433403552900e+01 -3.398497724512946405e+00 1.611884550732371579e+00
7.688678656583287818e+01 -3.352666536076380766e+00 1.606538177317121452e+00
7.676048149853458824e+01 -3.306891305711333384e+00 1.601359697391512071e+00
7.663344893949236791e+01 -3.261438465314818291e+00 1.596465817656019137e+00
7.650377678315803109e+01 -3.216128789478146732e+00 1.591750444799403974e+00
7.637400936768791837e+01 -3.171154517596382227e+00 1.587181819407756711e+00
7.624290197518425316e+01 -3.126481299905897071e+00 1.582808111032155685e+00
7.611114055552859270e+01 -3.082208250030526120e+00 1.578625636604477744e+00
7.597859335632165312e+01 -3.038282182959215039e+00 1.574636358236924494e+00
7.584438525102666517e+01 -2.994724258513103976e+00 1.570842287872141529e+00
7.570838341629666957e+01 -2.951629984772553339e+00 1.567319770604119977e+00
7.557119733941668471e+01 -2.908872087457035516e+00 1.563996633972724926e+00
7.543195032082964246e+01 -2.866620497793499034e+00 1.560949321759168562e+00
7.529050798696606250e+01 -2.824822371308741253e+00 1.558105759744763841e+00
7.514673546312153007e+01 -2.783499225106399688e+00 1.555587059574304432e+00
7.500124021652875683e+01 -2.742598374084221025e+00 1.553328672628067064e+00
7.485314355946712794e+01 -2.702215784617317595e+00 1.551347810348278289e+00
7.470230916265843746e+01 -2.662298943675651675e+00 1.549661732086305754e+00
7.454934306371833941e+01 -2.623018279414105258e+00 1.548272888084309962e+00
7.439336517066053034e+01 -2.584247179680981610e+00 1.547183775839937825e+00
7.423572344572536963e+01 -2.546007696005877730e+00 1.546411796452758614e+00
7.407553690405555358e+01 -2.508470546517957978e+00 1.545959540850747382e+00
7.391266696274183801e+01 -2.471509417793204655e+00 1.545822217749305061e+00
7.374771744988431976e+01 -2.435220952176760267e+00 1.546017366642137514e+00
7.358054894372079957e+01 -2.399553333016626766e+00 1.546540287270488090e+00
7.341102161694230688e+01 -2.364603421360003566e+00 1.547393752575535020e+00
7.323899524609633715e+01 -2.330393908071108022e+00 1.548580579880053820e+00
7.306432922110109018e+01 -2.296799032891958081e+00 1.550088773700149192e+00
7.288762538989361417e+01 -2.263916004455125197e+00 1.551921238638686695e+00
7.270799956308722756e+01 -2.231767868710053726e+00 1.554080922157321965e+00
7.252679569893643929e+01 -2.200303511294610992e+00 1.556563385678772837e+00
7.234238606810886552e+01 -2.169620510348659881e+00 1.559371660719804042e+00
7.215611394393819467e+01 -2.139593721241408897e+00 1.562493963252895801e+00
7.196783660243320924e+01 -2.110320979759498616e+00 1.565925978149383502e+00
7.177666816756553203e+01 -2.081751686700257675e+00 1.569663430201599486e+00
7.158395096173715899e+01 -2.053983943919632349e+00 1.573702083475389202e+00
7.138879850610049971e+01 -2.026893138789504167e+00 1.578030312292598936e+00
7.119180970625558302e+01 -2.000651930616412777e+00 1.582651385595051252e+00
7.099284035784856428e+01 -1.975061700951538102e+00 1.587553752837339793e+00
7.079248882739464932e+01 -1.950221106876624644e+00 1.592718471611859643e+00
7.058986755807451630e+01 -1.926154665185793036e+00 1.598148920305782594e+00
7.038631725582762044e+01 -1.902738470508039681e+00 1.603826227237116653e+00
7.018169272529047475e+01 -1.880145897877931294e+00 1.609738983275250224e+00
6.997510571597759110e+01 -1.858179052699449496e+00 1.615883241042924023e+00
6.976789627362848023e+01 -1.837011607188029139e+00 1.622240229050337712e+00
6.955991857641751608e+01 -1.816445966693327918e+00 1.628798635914208814e+00
6.935028378139899985e+01 -1.796581822500390446e+00 1.635554609510075030e+00
6.914033137611011171e+01 -1.777370452024264580e+00 1.642474614357941842e+00
6.892991501502594076e+01 -1.758837570458287036e+00 1.649554857546439157e+00
6.871814536624209779e+01 -1.740934764841184146e+00 1.656769289389129485e+00
6.850636146330054999e+01 -1.723613778563152010e+00 1.664121600970974946e+00
6.829367370683482363e+01 -1.706826512301252263e+00 1.671578368078144639e+00
6.808142088657506008e+01 -1.690673591891688643e+00 1.679128477070225722e+00
6.786871318311195012e+01 -1.675107235119330795e+00 1.686745982188102344e+00
6.765688919001158297e+01 -1.659931252449636574e+00 1.694427246354062389e+00
6.744505891567732192e+01 -1.645321032210765644e+00 1.702138941759476332e+00
6.723452085510905363e+01 -1.631161262532075940e+00 1.709874347918491688e+00
6.702492797553598791e+01 -1.617503023129998274e+00 1.717636539003427609e+00
6.681589324991131207e+01 -1.604411256877145142e+00 1.725425481147666584e+00
6.660777245451679107e+01 -1.591921355585219189e+00 1.733248587585217049e+00
6.640092134609022878e+01 -1.580061445387259456e+00 1.741105860955244777e+00
6.619495283896017668e+01 -1.568874672053882202e+00 1.749004749003296721e+00
6.598947985223173873e+01 -1.558389487792026351e+00 1.756945286878086598e+00
6.578485815696646455e+01 -1.548641936429805854e+00 1.764927524476426646e+00
6.558070071827212644e+01 -1.539675653485216289e+00 1.772958953786379910e+00
6.537736337747233506e+01 -1.531519581118794493e+00 1.781039651178709438e+00
6.517445919414562638e+01 -1.524195396422131754e+00 1.789169704748883705e+00
6.497234412822801630e+01 -1.517717511291140742e+00 1.797341784959186395e+00
6.477063138197107151e+01 -1.512115357285134909e+00 1.805570857033407028e+00
6.456967708194648026e+01 -1.507411100319654640e+00 1.813849609851068356e+00
6.436983745591544448e+01 -1.503619640345308817e+00 1.822178168346856975e+00
6.417072600962954709e+01 -1.500756039312240109e+00 1.830556664162200642e+00
6.397269920862991199e+01 -1.498850377420319679e+00 1.838985234651041578e+00
6.377537081986284306e+01 -1.497903182502835495e+00 1.847464021890159680e+00
6.357909759330316746e+01 -1.497922571198541997e+00 1.855985743344329642e+00
6.338349360337825544e+01 -1.498916819957875735e+00 1.864550547587792373e+00
6.318891593038564736e+01 -1.500894364335158215e+00 1.873121443229752048e+00
6.299572183672091086e+01 -1.503856369866339859e+00 1.881787721653308765e+00
6.280278310795946339e+01 -1.507819016283666880e+00 1.890482678746183476e+00
6.261045740396021131e+01 -1.512783783214586064e+00 1.899161894354085112e+00
6.241984543470877611e+01 -1.518730020867508523e+00 1.907855229787241758e+00
6.222981963094421332e+01 -1.525659519105560191e+00 1.916666826882850172e+00
6.204073832986307480e+01 -1.533544507903494836e+00 1.925403689562884768e+00
6.185296011549356621e+01 -1.542372226294404847e+00 1.934169950932470350e+00
6.166684382896034577e+01 -1.552137492801484830e+00 1.942995454853894577e+00
6.148126290853377185e+01 -1.562827847456534025e+00 1.951835755041437137e+00
6.129806240970742692e+01 -1.574416122106030880e+00 1.960646397666996332e+00
6.111611633475050809e+01 -1.586882724055793670e+00 1.969457203974115611e+00
6.093578465242905651e+01 -1.600208206252602627e+00 1.978223702392867933e+00
6.075668480231669122e+01 -1.614358409053938015e+00 1.987049978175617015e+00
6.057917737404106617e+01 -1.629314172038001773e+00 1.995817255021081316e+00
6.040362328126186497e+01 -1.645041618951043283e+00 2.004555311731680778e+00
6.022889810042602932e+01 -1.661521869396542783e+00 2.013293914361539372e+00
6.005610625449839546e+01 -1.678721323662814680e+00 2.021988531875108741e+00
5.988412401121296114e+01 -1.696606517593234109e+00 2.030668902321244751e+00
5.971405650141774402e+01 -1.715129263997278386e+00 2.039290465005227926e+00
5.954552355193630575e+01 -1.734248935755392518e+00 2.047882926678497473e+00
5.937814536339192983e+01 -1.753917607116046051e+00 2.056327410223603991e+00
5.921302818781921928e+01 -1.774094908338107679e+00 2.064802154869200379e+00
5.904905016088534353e+01 -1.794740595227730662e+00 2.073188247377502069e+00
5.888657548414461473e+01 -1.815799690271301392e+00 2.081441038771627117e+00
5.872596876189986403e+01 -1.837232193817228021e+00 2.089664427060222263e+00
5.856759500789524253e+01 -1.858983368404246495e+00 2.097813722456858709e+00
5.840959114671351671e+01 -1.880991164790659420e+00 2.105844213621583805e+00
5.825380870022756596e+01 -1.903208504635041765e+00 2.113785450407182243e+00
5.809912827840682326e+01 -1.925573564677441896e+00 2.121592676105136466e+00
5.794593689773024181e+01 -1.948063066142786237e+00 2.129295061159842462e+00
5.779470322408791816e+01 -1.970688724128976999e+00 2.136846137782377753e+00
5.764443100073272319e+01 -1.993478508106241165e+00 2.144347647377458532e+00
5.749635292609497839e+01 -2.016453060855892598e+00 2.151604171357591966e+00
5.735021648358001300e+01 -2.039618267484990533e+00 2.158791681953466934e+00
5.720651245134479979e+01 -2.063009822853867359e+00 2.165788989987161184e+00
5.706424640170367724e+01 -2.086641230413209591e+00 2.172697728693345987e+00
5.692465288051463546e+01 -2.110526084508040690e+00 2.179396652016323266e+00
5.678673840107013149e+01 -2.134685495947327372e+00 2.185913051443074018e+00
5.665248129309492242e+01 -2.159133232490666021e+00 2.192274188327728357e+00
5.651940335609978661e+01 -2.183875716005021950e+00 2.198507293230248738e+00
5.638948388306883430e+01 -2.208919447943031855e+00 2.204490998259742263e+00
5.626247414840430849e+01 -2.234285863144599649e+00 2.210326753945275780e+00
5.613812591595588231e+01 -2.259981613511834464e+00 2.216041694594726330e+00
5.601619144176002152e+01 -2.286013421762083109e+00 2.221440070669491451e+00
5.589642347656443633e+01 -2.312388078458804230e+00 2.226697516195711213e+00
5.578006093819001165e+01 -2.339112439022577927e+00 2.231766780147407481e+00
5.566685757352944108e+01 -2.366171135673240666e+00 2.236600576369634830e+00
5.555582479545913799e+01 -2.393571144507830262e+00 2.241225866509691578e+00
5.544820302461526751e+01 -2.421304640711144263e+00 2.245669575956947828e+00
5.534374751573378148e+01 -2.449363852205041603e+00 2.249884309796883919e+00
5.524147119393193606e+01 -2.477748484936175721e+00 2.253896919287463163e+00
5.514261599585480411e+01 -2.506450863103296456e+00 2.257734217843367475e+00
5.504619586036398005e+01 -2.535463354427221372e+00 2.261274413533786554e+00
5.495345373931867528e+01 -2.564763510363583077e+00 2.264618526114278829e+00
5.486340458784972896e+01 -2.594343776412086022e+00 2.267718969050865230e+00
5.477654953970184692e+01 -2.624189203970541673e+00 2.270676683084406733e+00
5.469264740217052179e+01 -2.654284875587914705e+00 2.273369718290850106e+00
5.461145749093285673e+01 -2.684615901866482357e+00 2.275824651185422542e+00
5.453273962964881605e+01 -2.715167418364790475e+00 2.278142300831266454e+00
5.445773981940821074e+01 -2.745924582502657252e+00 2.280126310958138447e+00
5.438547606279824009e+01 -2.776865142119306462e+00 2.281951701136548660e+00
5.431570970299285506e+01 -2.807966860736592629e+00 2.283570598430400889e+00
5.424820258751390156e+01 -2.839222371178222737e+00 2.285009371101027309e+00
5.418345990183961192e+01 -2.870616887444664922e+00 2.286145777815570046e+00
5.412198733276085250e+01 -2.902113344946294138e+00 2.287080384897518748e+00
5.406206256148591649e+01 -2.933711824248094402e+00 2.287839432077293012e+00
5.400493510679378772e+01 -2.965367836169673144e+00 2.288374832275644533e+00
5.394962647763667007e+01 -2.997051745551051027e+00 2.288712738415140002e+00
5.389664434584272357e+01 -3.028733911527901945e+00 2.288879259747416128e+00
5.384575403841898833e+01 -3.060384684520158327e+00 2.288826178203903439e+00
5.379746420478026181e+01 -3.091959546533817438e+00 2.288579515277624488e+00
5.375079830865515618e+01 -3.123436249929038233e+00 2.288165248421148767e+00
5.370552312994426103e+01 -3.154785101051324592e+00 2.287609310970737386e+00
5.366214876130751321e+01 -3.185961528929585729e+00 2.286937592094158589e+00
5.362044293450497179e+01 -3.216943224092557063e+00 2.286101653259620115e+00
5.358017385161861057e+01 -3.247707850600843216e+00 2.285127295235729328e+00
5.354111018105561470e+01 -3.278225614797780185e+00 2.283965991104797588e+00
5.350302105335928360e+01 -3.308466690779835684e+00 2.282717736811851417e+00
5.346641889185393381e+01 -3.338393789186279825e+00 2.281333917219054097e+00
5.342963827379127650e+01 -3.367989004616986470e+00 2.279836367696407962e+00
5.339418638821489793e+01 -3.397237795033033247e+00 2.278157440214488183e+00
5.335939256839507294e+01 -3.426107854989674184e+00 2.276448504497692760e+00
5.332607225601029910e+01 -3.454693114660533748e+00 2.274489469161308453e+00
5.329355565573749232e+01 -3.482827462873740121e+00 2.272431616910899344e+00
5.326265906986146348e+01 -3.510604728902580352e+00 2.270203336717480536e+00
5.323271355250710712e+01 -3.538044404002126608e+00 2.267807258043043728e+00
5.320379340887041764e+01 -3.565017355230103657e+00 2.265245967573424224e+00
5.317745902422701221e+01 -3.591617240309025849e+00 2.262522009473022955e+00
5.315229984759531590e+01 -3.617863370992905114e+00 2.259563602155849615e+00
5.312839139553245360e+01 -3.643626426969348575e+00 2.256373205582363095e+00
5.310655241059033926e+01 -3.668925587302893643e+00 2.253027521569050950e+00
5.308611634956123737e+01 -3.693854244395466946e+00 2.249454643607730731e+00
5.306715988171513487e+01 -3.718282867469819841e+00 2.245656907716469863e+00
5.305050288180752460e+01 -3.742304701109452569e+00 2.241636609296610683e+00
5.303547991786147975e+01 -3.765864345303369110e+00 2.237321720005320369e+00
5.302216874895295007e+01 -3.788906320041735221e+00 2.232863022155651578e+00
5.301064748275219785e+01 -3.811523629945916536e+00 2.228114124603508994e+00
5.300173740297625358e+01 -3.833586344416399339e+00 2.223225731186096343e+00
5.299403162158159120e+01 -3.855187296344705583e+00 2.218051373133712367e+00
5.298835208107510653e+01 -3.876270662335325579e+00 2.212667394032000523e+00
5.298477820644912129e+01 -3.896854810986293050e+00 2.207001532766583729e+00
5.298264689709392172e+01 -3.916883733697039016e+00 2.201204341504680695e+00
5.298352385869250014e+01 -3.936375609527116737e+00 2.195203485160754475e+00
5.298526091470268540e+01 -3.955348519589485967e+00 2.188926592395739945e+00
5.298868151315521402e+01 -3.973820444989457190e+00 2.182449823124501087e+00
5.299460937802352589e+01 -3.991660697803046887e+00 2.175775018521109327e+00
5.300163999551975991e+01 -4.009035620120805277e+00 2.168903985044152716e+00
5.301059761552134120e+01 -4.025814314103361546e+00 2.161764211466691510e+00
5.302156390265849950e+01 -4.042014341119817722e+00 2.154431719925629984e+00
5.303387792741756357e+01 -4.057653152915125183e+00 2.146908215965195321e+00
5.304687899218976810e+01 -4.072748089832627372e+00 2.139269656101840056e+00
5.306213512729556214e+01 -4.087316379087851281e+00 2.131369114382780872e+00
5.307824323668909017e+01 -4.101300849592146136e+00 2.123282483978059076e+00
5.309602893394867351e+01 -4.114718497337300107e+00 2.115011343755930362e+00
5.311483235790632307e+01 -4.127586200327094446e+00 2.106557242378912509e+00
5.313473666842336485e+01 -4.139846433564383865e+00 2.097995982407930171e+00
5.315582520201498085e+01 -4.151590118104611093e+00 2.089254770404416650e+00
5.317743862742977257e+01 -4.162759485649258906e+00 2.080409351557795716e+00
5.319966060626331483e+01 -4.173445211217531536e+00 2.071386876300784774e+00
5.322257494846066095e+01 -4.183589277857180377e+00 2.062263034952462437e+00
5.324626560281188858e+01 -4.193133542430211413e+00 2.053039207851559134e+00
5.327081664742105716e+01 -4.202242584961709326e+00 2.043716749507422659e+00
5.329482661010190725e+01 -4.210783723024945857e+00 2.034296989256165311e+00
5.331912263393051177e+01 -4.218846995223353602e+00 2.024781231924432490e+00
5.334378912755826718e+01 -4.226373742704935488e+00 2.015170758500806514e+00
5.336816775561528203e+01 -4.233453742262035746e+00 2.005541110317287767e+00
5.339234309915730847e+01 -4.240028071474402971e+00 1.995819239228372011e+00
5.341565697601099316e+01 -4.246111958433395728e+00 1.986080642315139366e+00
5.343819410122031144e+01 -4.251794781022521619e+00 1.976252228576866221e+00
5.346081336067722134e+01 -4.257008741196143475e+00 1.966406019838616626e+00
5.348227031111721885e+01 -4.261726291220503171e+00 1.956525999525761561e+00
5.350283749598409599e+01 -4.265985556821966895e+00 1.946666981827169796e+00
5.352278748259232088e+01 -4.269750244277640938e+00 1.936809479232673770e+00
5.354239285258690018e+01 -4.272909640016641752e+00 1.926859703271155633e+00
5.356118335740109160e+01 -4.275575744295227132e+00 1.916872415763128279e+00
5.357943157881543783e+01 -4.277711853413165066e+00 1.906902362567624021e+00
5.359741008447094401e+01 -4.279132559505923084e+00 1.896929990838245761e+00
5.361464858341484785e+01 -4.280023734917319800e+00 1.886935733290650452e+00
5.363141958675622334e+01 -4.280199697092284872e+00 1.876825725471280570e+00
5.364799556328602392e+01 -4.279771760079123410e+00 1.866728940544534421e+00
5.366316326011217797e+01 -4.278628250053317039e+00 1.856625772563159638e+00
5.367868070353991072e+01 -4.276805922932214621e+00 1.846422320759038005e+00
5.369333450964870735e+01 -4.274267114029973058e+00 1.836173240844030552e+00
5.370665405024407590e+01 -4.270974021782062202e+00 1.825858895300538798e+00
5.372039711378742766e+01 -4.266962991528562732e+00 1.815533921188910549e+00
5.373335005115608709e+01 -4.262195948848046534e+00 1.805104380446302281e+00
5.374504194176178373e+01 -4.256708966958596463e+00 1.794699178209003598e+00
5.375723025465544680e+01 -4.250463700165326486e+00 1.784150079107873710e+00
5.376795815944570478e+01 -4.243495951373311037e+00 1.773660259606364864e+00
5.377824003270948339e+01 -4.235692822142742564e+00 1.763135757295646533e+00
5.378834727412200323e+01 -4.227238414320267701e+00 1.752556889226344117e+00
5.379706546275954793e+01 -4.217945279185689067e+00 1.741903969226392901e+00
5.380540852362778281e+01 -4.207848686193048415e+00 1.731231592224403926e+00
5.381364737904333140e+01 -4.197058056737707155e+00 1.720520068065579444e+00
5.382056710517223053e+01 -4.185459830968482287e+00 1.709823989337088568e+00
5.382643826377751139e+01 -4.173088886171448131e+00 1.699049381679831994e+00
5.383153122390510248e+01 -4.159979970684442918e+00 1.688176555113545252e+00
5.383537331868488707e+01 -4.146093421361435993e+00 1.677408671857208100e+00
5.383897734232666465e+01 -4.131463731590855559e+00 1.666503195619102984e+00
5.384112736701263202e+01 -4.116125268851977381e+00 1.655663294436097388e+00
5.384283574516641835e+01 -4.100112275818606378e+00 1.644795006453945385e+00
5.384362892655055788e+01 -4.083458871506642218e+00 1.633878658240678794e+00
5.384303312064698588e+01 -4.066124768962279923e+00 1.623043149084985481e+00
5.384205995914803822e+01 -4.048143843500066730e+00 1.612194534274062230e+00
5.383949231338736041e+01 -4.029549850475084405e+00 1.601313159887939763e+00
5.383634129716374872e+01 -4.010376426598488919e+00 1.590527947079779070e+00
5.383213208441134867e+01 -3.990657091293292158e+00 1.579744975334152146e+00
5.382638957217034203e+01 -3.970350964587146869e+00 1.569018900742880751e+00
5.382012404368642677e+01 -3.949565619054116183e+00 1.558255822750451491e+00
5.381285982149209701e+01 -3.928259947277186637e+00 1.547584702413637769e+00
5.380412093077493552e+01 -3.906467013866100402e+00 1.536911662124921696e+00
5.379343109283421853e+01 -3.884294057004807676e+00 1.526291403854357354e+00
5.378254222375677784e+01 -3.861625356025708555e+00 1.515778642864541670e+00
5.376949174796337161e+01 -3.838642217547453050e+00 1.505279541415860622e+00
5.375603094235596302e+01 -3.815302992613584188e+00 1.494774559974298089e+00
5.374093941514269090e+01 -3.791640212393822207e+00 1.484392741403938176e+00
5.372373927517016767e+01 -3.767760589910230440e+00 1.474114577636542966e+00
5.370618079634030551e+01 -3.743622171290264866e+00 1.463846293842956836e+00
5.368629973194051530e+01 -3.719331471571269976e+00 1.453642699598648447e+00
5.366583580292016364e+01 -3.694834543367266022e+00 1.443558325281262933e+00
5.364351760752226284e+01 -3.670252998788690046e+00 1.433572247470508598e+00
5.361954919647926232e+01 -3.645473707775431560e+00 1.423663264808940454e+00
5.359413425484321181e+01 -3.620457733184543780e+00 1.413810195859915408e+00
5.356747609737420390e+01 -3.595240332748593559e+00 1.404140446714668311e+00
5.353903482908252442e+01 -3.569782394060560193e+00 1.394484310568029350e+00
5.350827017600218483e+01 -3.544119003599790929e+00 1.384969236317712848e+00
5.347612715117248428e+01 -3.518136598276166094e+00 1.375574128117223127e+00
5.344206471065449904e+01 -3.491870101521906467e+00 1.366277912937362116e+00
5.340628425490948672e+01 -3.465280074895585205e+00 1.357133824613844242e+00
5.336824395523965592e+01 -3.438327003725313524e+00 1.348046553873615272e+00
5.332814442051784454e+01 -3.411045582780527496e+00 1.339069382867345670e+00
5.328544302400779742e+01 -3.383396151464324486e+00 1.330181335173208135e+00
5.324108240549929150e+01 -3.355413263043213856e+00 1.321435743301922816e+00
5.319451912845991615e+01 -3.327057119893586989e+00 1.312811682180699657e+00
5.314520934752808756e+01 -3.298362142784310613e+00 1.304362536636068048e+00
5.309483731122254113e+01 -3.269362689677064004e+00 1.295993151353165951e+00
5.304137267956847523e+01 -3.240018774551242320e+00 1.287756965341541937e+00
5.298649887236452827e+01 -3.210364636760050239e+00 1.279707445374985264e+00
5.292892755216514900e+01 -3.180434459901935629e+00 1.271749519420435126e+00
5.286959846785313744e+01 -3.150113807211341044e+00 1.264010994573458557e+00
5.280870811312566104e+01 -3.119511041487976755e+00 1.256352286353842773e+00
5.274496689024332596e+01 -3.088660193523416364e+00 1.248878975274003489e+00
5.267931328411561509e+01 -3.057446681054047932e+00 1.241555533016194257e+00
5.261194252134615823e+01 -3.025904445244246954e+00 1.234376174867533038e+00
5.254156373453705697e+01 -2.994141669673571204e+00 1.227350003387695399e+00
5.246911413692432546e+01 -2.962043648831830911e+00 1.220471295365039177e+00
5.239478768196872238e+01 -2.929644208150735007e+00 1.213741787213275414e+00
5.231803506322429342e+01 -2.896977139530858114e+00 1.207155818605579745e+00
5.223904938443288870e+01 -2.864076203885053573e+00 1.200722617848547280e+00
5.215876615974253383e+01 -2.830900850189507434e+00 1.194444017143054371e+00
5.207589197399736491e+01 -2.797559068553500783e+00 1.188307024533896916e+00
5.199061865842190855e+01 -2.764010258778919926e+00 1.182328394299275276e+00
5.190388045632220582e+01 -2.730288083443152214e+00 1.176502628774901194e+00
5.181512551890206453e+01 -2.696351903473779732e+00 1.170831692018542203e+00
5.172454441139146297e+01 -2.662309631238653385e+00 1.165302725010281426e+00
5.163158444421001292e+01 -2.628046315617281525e+00 1.159910330941483991e+00
5.153717817941338097e+01 -2.593744129102087292e+00 1.154664003790216498e+00
5.144077209212026958e+01 -2.559288102360351314e+00 1.149550986781896933e+00
5.134255507726736312e+01 -2.524786111330481919e+00 1.144573414338865058e+00
5.124197278139106970e+01 -2.490197462283466834e+00 1.139718598863864729e+00
5.113995610968289185e+01 -2.455555744897982784e+00 1.134988744311416609e+00
5.103669272304161808e+01 -2.420894551317705368e+00 1.130386089643278025e+00
5.093162704034667598e+01 -2.386247478701740476e+00 1.125905480619495025e+00
5.082568874594849717e+01 -2.351648131764237259e+00 1.121541798274976465e+00
5.071832145212646736e+01 -2.317055841799200877e+00 1.117289959030589586e+00
5.060896837183643981e+01 -2.282652803204035408e+00 1.113144914788767759e+00
5.049930082662185526e+01 -2.248398374963009871e+00 1.109116509713843346e+00
5.038876123943663998e+01 -2.214326217139087838e+00 1.105184910194390024e+00
5.027753447785457297e+01 -2.180395726332962969e+00 1.101352603342573788e+00
5.016502818624331184e+01 -2.146710225782080261e+00 1.097602276221582907e+00
5.005199929115900659e+01 -2.113205845215076817e+00 1.093941305504745554e+00
4.993768466781399695e+01 -2.079888362321975048e+00 1.090386981229571006e+00
4.982206364981282576e+01 -2.046837867987470805e+00 1.086934344079613979e+00
4.970511519790044730e+01 -2.013911634636960990e+00 1.083593327099293901e+00
4.958756073889020399e+01 -1.981264103084992678e+00 1.080366470589422478e+00
4.946789282959758083e+01 -1.948752616820286443e+00 1.077271207086984095e+00
4.934757500617813264e+01 -1.916531692303738543e+00 1.074302719525513483e+00
4.922509910821904811e+01 -1.884533036701045328e+00 1.071463654530333098e+00
4.910192796336005472e+01 -1.852688400611542274e+00 1.068771550645674306e+00
4.897655271164242663e+01 -1.821152430767575270e+00 1.066221696442936961e+00
4.885043549038599053e+01 -1.789782687678531437e+00 1.063824272114153535e+00
4.872206675879419180e+01 -1.758733915781405921e+00 1.061574635896046725e+00
4.859216514806115583e+01 -1.727938061022245009e+00 1.059490465629259415e+00
4.846144896135657376e+01 -1.697327123430382834e+00 1.057559760097715795e+00
4.832840767393693682e+01 -1.667056009659893423e+00 1.055792837254771355e+00
4.819375894860816345e+01 -1.636982550472883435e+00 1.054192620580127526e+00
4.805822013608941035e+01 -1.607261770726492456e+00 1.052754638821522537e+00
4.792027977550187501e+01 -1.577751623285879701e+00 1.051481882420998160e+00
4.778139744523242882e+01 -1.548532975440188419e+00 1.050384803225014929e+00
4.764080392357099214e+01 -1.519612476756286634e+00 1.049451600778261051e+00
4.749772969972065084e+01 -1.490996844409886668e+00 1.048685363754778610e+00
4.735363348492975177e+01 -1.462692864978841989e+00 1.048081784572498565e+00
4.720774520851919220e+01 -1.434633112698395552e+00 1.047651444095158979e+00
4.706078019930383505e+01 -1.406898801690633638e+00 1.047390097868688086e+00
4.691122501688121105e+01 -1.379422653640482777e+00 1.047286104095558779e+00
4.676053730333596548e+01 -1.352286033455596170e+00 1.047350136647017038e+00
4.660794594470705476e+01 -1.325496100372455688e+00 1.047570614560441316e+00
4.645416525286675125e+01 -1.298985809533572233e+00 1.047958271727754020e+00
4.629916646730747942e+01 -1.272836764035590873e+00 1.048494158019176226e+00
4.614292059713498872e+01 -1.246982082423274685e+00 1.049189065649758001e+00
4.598539842813878664e+01 -1.221503534166662241e+00 1.050038958631937858e+00
4.582657052996205493e+01 -1.196408690583793399e+00 1.051032400669886790e+00
4.566640726336765255e+01 -1.171630926233856451e+00 1.052180268095101567e+00
4.550636445764573068e+01 -1.147252270780672267e+00 1.053456322589970462e+00
4.534418357288507906e+01 -1.123206276301281115e+00 1.054871494207304972e+00
4.518132005775248672e+01 -1.099500869074537812e+00 1.056414454077299503e+00
4.501848634695198825e+01 -1.076144067322047260e+00 1.058073898959591030e+00
4.485416619885807421e+01 -1.053143982413620616e+00 1.059853407437895356e+00
4.468907171341897566e+01 -1.030508820034767403e+00 1.061741726006371511e+00
4.452317199987394503e+01 -1.008172597813287830e+00 1.063735053601363445e+00
4.435643601965463034e+01 -9.862179969173185956e-01 1.065822184375959436e+00
4.418957542934013816e+01 -9.646535125995466808e-01 1.067991935519637892e+00
4.402255891858430914e+01 -9.433391717073249527e-01 1.070240575072709754e+00
4.385461221813568500e+01 -9.224322346708395681e-01 1.072564393035294161e+00
4.368718944799222470e+01 -9.018672119190103142e-01 1.074944844121452192e+00
4.351951611533721120e+01 -8.816084286812984061e-01 1.077378260610448946e+00
4.335156046274718022e+01 -8.616945959420682088e-01 1.079860995092431386e+00
4.318403347631837619e+01 -8.421051009480517990e-01 1.082367134860017011e+00
4.301616038872859349e+01 -8.228268631313234716e-01 1.084900499798733264e+00
4.284862711028394244e+01 -8.038591542593761519e-01 1.087452697365692833e+00
4.268127698039964457e+01 -7.852206290348238138e-01 1.090010998956420396e+00
4.251392836234078487e+01 -7.669274391265703539e-01 1.092595032500281560e+00
4.234639956853486353e+01 -7.490106994010192754e-01 1.095209586139795244e+00
4.217925170369325372e+01 -7.314793467288466244e-01 1.097852036003734932e+00
4.201156016780674918e+01 -7.143424255498840303e-01 1.100519773977421512e+00
4.184462883930788735e+01 -6.976313733937203887e-01 1.103232492170709511e+00
4.167679023789494153e+01 -6.813554512032704569e-01 1.105980183880801659e+00
4.151009104771155478e+01 -6.655388854658704778e-01 1.108767713105607289e+00
4.134286377500153264e+01 -6.501837267963026523e-01 1.111599957252460857e+00
4.117641227118328828e+01 -6.353144203264901035e-01 1.114481806544735720e+00
4.100981189546415351e+01 -6.209480925463011225e-01 1.117410735075544448e+00
4.084362369768929568e+01 -6.070722664477834485e-01 1.120391656909611733e+00
4.067692308589572292e+01 -5.937191451755655658e-01 1.123422068781491312e+00
4.051101400901701766e+01 -5.808764719242773822e-01 1.126499477841957253e+00
4.034497195423453064e+01 -5.685618134937447943e-01 1.129628829401740697e+00
4.017935812952138974e+01 -5.567779901922379482e-01 1.132815077972151974e+00
4.001324813087556009e+01 -5.455427891940428653e-01 1.136048329952855207e+00
3.984794612468879649e+01 -5.348518226964029676e-01 1.139333556418522964e+00
3.968178500972363310e+01 -5.247008128300737484e-01 1.142668307451180754e+00
3.951681193939553083e+01 -5.151004481710056426e-01 1.146057568221255041e+00
3.935135997848309586e+01 -5.060466701020409630e-01 1.149491473314854684e+00
3.918599079018923703e+01 -4.975429575777848279e-01 1.152982447860650073e+00
3.902200897285148073e+01 -4.895928984400439998e-01 1.156513208451352748e+00
3.885700505644996383e+01 -4.821927606849572001e-01 1.160088760966455634e+00
3.869302669443739973e+01 -4.753389203824570641e-01 1.163714114890310070e+00
3.852915031993963879e+01 -4.690352895478903661e-01 1.167379425978433805e+00
3.836593816225153830e+01 -4.632710305650507010e-01 1.171082280673197751e+00
3.820320974800268488e+01 -4.580354123132302502e-01 1.174820267116834183e+00
3.804004190729329338e+01 -4.533400945977281160e-01 1.178590974513188838e+00
3.787774011982477873e+01 -4.491745573817901849e-01 1.182391992488203591e+00
3.771538151067633038e+01 -4.455358134752322452e-01 1.186228338799615756e+00
3.755352903125186259e+01 -4.423986943758858037e-01 1.190082745294652522e+00
3.739200295992467460e+01 -4.397604195689264750e-01 1.193967655719990750e+00
3.723136657770393754e+01 -4.376108822798404074e-01 1.197865798277806482e+00
3.707144050370094135e+01 -4.359252202349998551e-01 1.201774755085482038e+00
3.691130270054492257e+01 -4.346935281311227195e-01 1.205699533184088512e+00
3.675225981980033652e+01 -4.338985716114474034e-01 1.209637707197511292e+00
3.659413303206191870e+01 -4.335306429524908300e-01 1.213571990343105034e+00
3.643674370212896463e+01 -4.335727033100949535e-01 1.217514803895780373e+00
3.627991339403507709e+01 -4.340003816271387205e-01 1.221448849750702115e+00
3.612420671101028091e+01 -4.347894018536830885e-01 1.225379108242305337e+00
3.596870279525136738e+01 -4.359304384805616772e-01 1.229288267413034319e+00
3.581470950780233409e+01 -4.373942020904943995e-01 1.233188720838811703e+00
3.566130642307101795e+01 -4.391678370368907180e-01 1.237063140204678113e+00
3.550831617350853975e+01 -4.412281781118273516e-01 1.240901616438062849e+00
3.535630445410218670e+01 -4.435499204276491803e-01 1.244716515796210787e+00
3.520509435673324816e+01 -4.461048752467505207e-01 1.248490480806705660e+00
3.505525204455037169e+01 -4.488656827911088332e-01 1.252220999767085230e+00
3.490585825113507923e+01 -4.518058108473863577e-01 1.255905549448773417e+00
3.475748234843359086e+01 -4.549064106167712285e-01 1.259534777043481490e+00
3.460996201678256767e+01 -4.581813440936967075e-01 1.263109188938497107e+00
3.446388074792584888e+01 -4.616521537605861591e-01 1.266622460786060778e+00
3.431833662017431408e+01 -4.653345182983793515e-01 1.270075682752783264e+00
3.417465647735894407e+01 -4.692412966848868439e-01 1.273477358962596506e+00
3.403119608740131241e+01 -4.733855722702340896e-01 1.276806265197427681e+00
3.388928282617520438e+01 -4.777810226242896197e-01 1.280078303510826077e+00
3.374875867093487614e+01 -4.824410265435613576e-01 1.283287074897091706e+00
3.360872303883272139e+01 -4.873794052752136730e-01 1.286433592173575446e+00
3.347050413042583017e+01 -4.926081180983109542e-01 1.289503994421723476e+00
3.333320192284450201e+01 -4.981371863920417420e-01 1.292506688240913526e+00
3.319740234814666024e+01 -5.039724634649063173e-01 1.295442633861150217e+00
3.306294879138046383e+01 -5.101235812073301457e-01 1.298305344668124306e+00
3.292968492865392705e+01 -5.165972628784857301e-01 1.301088315090131564e+00
3.279745473008372159e+01 -5.234017784034893372e-01 1.303792448496827516e+00
3.266684529767066181e+01 -5.305454569761460792e-01 1.306418628409472982e+00
3.253770119800017824e+01 -5.380329711430246187e-01 1.308960289723366976e+00
3.240986729991367810e+01 -5.458623637095716408e-01 1.311425703343598759e+00
3.228318877704921874e+01 -5.540272744790989412e-01 1.313800834031195519e+00
3.215825394529785086e+01 -5.625228811551010732e-01 1.316101338464785053e+00
3.203416576004769922e+01 -5.713444118821419115e-01 1.318313138061056433e+00
3.191225599351268372e+01 -5.804849149409753162e-01 1.320451845411808600e+00
3.179162822666786070e+01 -5.899411996187980955e-01 1.322503337129577572e+00
3.167287202633787402e+01 -5.997064060392944818e-01 1.324475751959620640e+00
3.155583444196041754e+01 -6.097766888488688197e-01 1.326362348701377147e+00
3.144036284232192102e+01 -6.201460155336295799e-01 1.328163790944480338e+00
3.132630491713610610e+01 -6.308098787482562253e-01 1.329888146766359469e+00
3.121350867848908806e+01 -6.417630659565924933e-01 1.331521175041145755e+00
3.110256529717100449e+01 -6.530011432397371252e-01 1.333070895263301248e+00
3.099332343379270327e+01 -6.645182249217425063e-01 1.334530445530528020e+00
3.088488923980884948e+01 -6.763086802140403364e-01 1.335900367340620232e+00
3.077859769849511551e+01 -6.883595544155992618e-01 1.337181176999069132e+00
3.067355561552666998e+01 -7.006568068383604020e-01 1.338380793738805696e+00
3.057035579468066189e+01 -7.131862003148536910e-01 1.339492254450378006e+00
3.046810569816059555e+01 -7.259340421334136151e-01 1.340515998524924868e+00
3.036739878696529615e+01 -7.388851021954416787e-01 1.341459867657511795e+00
3.026882885095121978e+01 -7.520264738483961597e-01 1.342316820610635952e+00
3.017076150371111254e+01 -7.653443034985106808e-01 1.343094646440261775e+00
3.007453402754282124e+01 -7.788225258745514745e-01 1.343786250930472770e+00
2.997999836293248066e+01 -7.924458334482076260e-01 1.344406798190779018e+00
2.988626394305096312e+01 -8.062011601818810380e-01 1.344934283710471856e+00
2.979392619813834031e+01 -8.200709940892995098e-01 1.345391246077846104e+00
2.970283804957617235e+01 -8.340415464952570801e-01 1.345763055003911912e+00
2.961210990887258632e+01 -8.480982930992160274e-01 1.346057338010723248e+00
2.952308101658533346e+01 -8.622237435438855346e-01 1.346274266926423602e+00
2.943560526585905279e+01 -8.763952109844533878e-01 1.346413986141187236e+00
2.934879403595223479e+01 -8.905914956794591664e-01 1.346484040872719667e+00
2.926250186063000669e+01 -9.047802548731250782e-01 1.346484520390418105e+00
2.917732642634987172e+01 -9.189491999470974504e-01 1.346422914649981095e+00
2.909312290024152503e+01 -9.330674670835794604e-01 1.346299257536342164e+00
2.900976859942982600e+01 -9.471233276398617340e-01 1.346119499030797639e+00
2.892722849802413165e+01 -9.610998986197315519e-01 1.345876195014223953e+00
2.884548971543071616e+01 -9.750142850981939890e-01 1.345567817397265831e+00
2.876528251238690004e+01 -9.888612951688164898e-01 1.345185381886624842e+00
2.868585178317411888e+01 -1.002643151461639182e+00 1.344727304675562340e+00
2.860718555784145423e+01 -1.016376917619699505e+00 1.344191974093026376e+00
2.853001499921819928e+01 -1.030057354684575266e+00 1.343562893911964817e+00
2.845358589471918620e+01 -1.043686632645644208e+00 1.342838396768639697e+00
2.837862999319634838e+01 -1.057266900250752650e+00 1.342016787490012852e+00
2.830513649649104835e+01 -1.070800283180778578e+00 1.341096343131308544e+00
2.823235205594081876e+01 -1.084281453888702451e+00 1.340075313023342041e+00
2.816100927384503549e+01 -1.097712486505315832e+00 1.338951918829716980e+00
2.809109819466847568e+01 -1.111080570010655411e+00 1.337709497913496026e+00
2.802260913623770833e+01 -1.124395148225469931e+00 1.336368501866244340e+00
2.795478985078430512e+01 -1.137650776319349966e+00 1.334912213093000011e+00
2.788911686101449305e+01 -1.150834547440600764e+00 1.333338743361869083e+00
2.782483844583477151e+01 -1.163955804418103979e+00 1.331653605562072018e+00
2.776194597623810623e+01 -1.177001567983032571e+00 1.329854857122301892e+00
2.769968824095505511e+01 -1.189973676866641794e+00 1.327940528490536121e+00
2.763954278217440574e+01 -1.202873929470645420e+00 1.325916051624647762e+00
2.758075888093746642e+01 -1.215696653913106218e+00 1.323771975092919329e+00
2.752332889271062655e+01 -1.228428706450782615e+00 1.321513677637306206e+00
2.746798824279046158e+01 -1.241079183329563573e+00 1.319146511646301922e+00
2.741324408154522985e+01 -1.253634849160316200e+00 1.316660946638922747e+00
2.736057512487204946e+01 -1.266104705526463148e+00 1.314054854511190751e+00
2.730848896922366720e+01 -1.278475419418029224e+00 1.311340938093359831e+00
2.725846476698333376e+01 -1.290748463548582858e+00 1.308502161266694497e+00
2.720975337641680269e+01 -1.302925258251238727e+00 1.305551175995073754e+00
2.716160586182947156e+01 -1.314992313406105451e+00 1.302485752464352720e+00
2.711550199368259229e+01 -1.326950940501137266e+00 1.299303636035039844e+00
2.707069323344574130e+01 -1.338794966273667120e+00 1.296009975855966001e+00
2.702717406866473837e+01 -1.350525588136061605e+00 1.292609896788593060e+00
2.698419633784637384e+01 -1.362136516233628747e+00 1.289101071342474425e+00
2.694324056546393464e+01 -1.373621400586755525e+00 1.285503433372916726e+00
2.690281611165994846e+01 -1.384973829916673171e+00 1.281807179936781171e+00
2.686440384729862174e+01 -1.396187330505213486e+00 1.278032198412756282e+00
2.682651346859552888e+01 -1.407270221789218789e+00 1.274168640028208399e+00
2.678988333710045566e+01 -1.418208473537519554e+00 1.270236347000384125e+00
2.675376629936113915e+01 -1.429002846564733531e+00 1.266217997733578571e+00
2.671964385681862097e+01 -1.439661463377901240e+00 1.262140819031205119e+00
2.668528348036097597e+01 -1.450170093806703919e+00 1.257987446261855879e+00
2.665216695531175972e+01 -1.460536724170412137e+00 1.253770207240301637e+00
2.662029053097865372e+01 -1.470746986275986545e+00 1.249501409214136771e+00
2.658890775038908671e+01 -1.480816155003416457e+00 1.245171054209580186e+00
2.655801511503778300e+01 -1.490729720671100988e+00 1.240783981187830953e+00
2.652760924454780067e+01 -1.500502815038923909e+00 1.236359866458379919e+00
2.649768687134480416e+01 -1.510120783740667605e+00 1.231903510699272841e+00
2.646824483532086703e+01 -1.519583755653131751e+00 1.227412267736132101e+00
2.643928007848765560e+01 -1.528906642196661059e+00 1.222898330028931779e+00
2.641078963961980008e+01 -1.538074566566855150e+00 1.218366444064049592e+00
2.638278944412676097e+01 -1.547092495280715907e+00 1.213826833963689733e+00
2.635462784936726521e+01 -1.555948425359720222e+00 1.209267116269398645e+00
2.632641492359951130e+01 -1.564627910923350962e+00 1.204687814425239978e+00
2.629900364534933388e+01 -1.573131285622032527e+00 1.200089436084051719e+00
2.627101855790831664e+01 -1.581436520378503019e+00 1.195450188528015101e+00
2.624405560909871937e+01 -1.589543793013084017e+00 1.190777977596263693e+00
2.621748230068065411e+01 -1.597430917696898600e+00 1.186065838063414590e+00
2.619140902302697427e+01 -1.605097914638840662e+00 1.181306790823872355e+00
2.616520337964126597e+01 -1.612529867950359463e+00 1.176501271729299747e+00
2.613971868679463029e+01 -1.619719210342705606e+00 1.171649703728635750e+00
2.611506546300671872e+01 -1.626658294453505516e+00 1.166745069010769464e+00
2.609061142359704277e+01 -1.633346820904062469e+00 1.161802622900812931e+00
2.606572431025715275e+01 -1.639769552985851586e+00 1.156822752606092575e+00
2.604200039066978789e+01 -1.645918601478668419e+00 1.151790977715047459e+00
2.601880744290123459e+01 -1.651785996097943743e+00 1.146722520798942435e+00
2.599625609004283078e+01 -1.657408255424046795e+00 1.141602881111096313e+00
2.597371412470322838e+01 -1.662688106354289763e+00 1.136447261890845883e+00
2.595129217360300800e+01 -1.667691618001380771e+00 1.131241144063907855e+00
2.592984369212294737e+01 -1.672373352653102607e+00 1.125992285196661280e+00
2.590873645378324497e+01 -1.676836357980610703e+00 1.120701006597610183e+00
2.588808104988029513e+01 -1.680960749506366092e+00 1.115352765469185714e+00
2.586798804903332183e+01 -1.684775128128066513e+00 1.109955297160531318e+00
2.584856799176817432e+01 -1.688308013156334386e+00 1.104516330617456799e+00
2.582918855009053871e+01 -1.691513558886441615e+00 1.099021303831421159e+00
2.580996019215138304e+01 -1.694420121709198090e+00 1.093492791140065368e+00
2.579173617688205766e+01 -1.697055976746438155e+00 1.087923648572120650e+00
2.577314120855221802e+01 -1.699375034518664229e+00 1.082306727744062558e+00
2.575502844160321558e+01 -1.701405408152816712e+00 1.076664589755064183e+00
2.573750813526033809e+01 -1.703175130115290647e+00 1.070982650526900448e+00
2.572069048330185836e+01 -1.704637868977992854e+00 1.065268608096138436e+00
2.570394277381334547e+01 -1.705747213222679637e+00 1.059515301351026562e+00
2.568737505405563581e+01 -1.706605238581363926e+00 1.053737852268681552e+00
2.567035445527485749e+01 -1.707239657897851037e+00 1.047929096297292473e+00
2.565447652770789944e+01 -1.707529538028219829e+00 1.042089296238422946e+00
2.563836539036238449e+01 -1.707576717790311394e+00 1.036218714375634065e+00
2.562287357119922149e+01 -1.707334390922374601e+00 1.030325041301072497e+00
2.560736782707168757e+01 -1.706904240598410727e+00 1.024415968038966840e+00
2.559195764392469741e+01 -1.706165022455269575e+00 1.018476901465939388e+00
2.557675239695773328e+01 -1.705218266181458553e+00 1.012537819931586647e+00
2.556186134588032033e+01 -1.704016858612605878e+00 1.006584133521051694e+00
2.554665079521340942e+01 -1.702662178383466784e+00 1.000630968020212785e+00
2.553197259476538861e+01 -1.701106962593739391e+00 9.946785952739720660e-01
2.551719279501101667e+01 -1.699303874522543500e+00 9.887421470440559412e-01
2.550242014772694432e+01 -1.697428354878692813e+00 9.828144737116053520e-01
2.548776326661197444e+01 -1.695284354556414685e+00 9.768958581288614829e-01
2.547258778799506018e+01 -1.693047170468632734e+00 9.710014444170183001e-01
2.545774487173466838e+01 -1.690669178367282699e+00 9.651240966593348514e-01
2.544259985703675753e+01 -1.688251251227656180e+00 9.592715410935080955e-01
2.542800359856988734e+01 -1.685671342638642711e+00 9.534440814986978596e-01
2.541257828745434821e+01 -1.682955905248219919e+00 9.476494563303982099e-01
2.539717561926036637e+01 -1.680274291561917988e+00 9.418798378428763218e-01
2.538190893512392776e+01 -1.677401969924615877e+00 9.361542538448572870e-01
2.536540689825287842e+01 -1.674554444559070321e+00 9.304538817441191378e-01
2.535001217400475682e+01 -1.671501454746056492e+00 9.247896203774151891e-01
2.533361024125649053e+01 -1.668384094424001818e+00 9.191649486753694642e-01
2.531705773941033755e+01 -1.665120545266258523e+00 9.135684977244497018e-01
2.530046829013758014e+01 -1.661703211812396219e+00 9.080111929264175208e-01
2.528321249436082141e+01 -1.658124439110049364e+00 9.024891126511429551e-01
2.526540359940089431e+01 -1.654376513881112176e+00 8.969983453369305693e-01
2.524789749618903301e+01 -1.650525949211326004e+00 8.915498465865018263e-01
2.523006421151952594e+01 -1.646490635249487910e+00 8.861322978067130984e-01
2.521127357554342296e+01 -1.642188407437729980e+00 8.807566766964690652e-01
2.519238088937782649e+01 -1.637759898261634373e+00 8.754116875268621589e-01
2.517349841770597507e+01 -1.633197120996675356e+00 8.701157599697166845e-01
2.515399538656753364e+01 -1.628343470982160701e+00 8.648501943171337247e-01
2.513398365131342160e+01 -1.623339427924177514e+00 8.596260170003929835e-01
2.511357485959965530e+01 -1.618102572678835172e+00 8.544468392000708068e-01
2.509288044951888708e+01 -1.612624722574757641e+00 8.493014288517426458e-01
2.507126881281894271e+01 -1.606971932736199760e+00 8.441934243973714391e-01
2.504959379833168853e+01 -1.601135930410813257e+00 8.391264784294630852e-01
2.502722337033625877e+01 -1.595034116311004446e+00 8.340968296796162917e-01
2.500426811220457424e+01 -1.588732416470425957e+00 8.291155884020648958e-01
2.498158122507804180e+01 -1.582222433092203895e+00 8.241715949490476811e-01
2.495778718654845107e+01 -1.575495729413056267e+00 8.192759901926063293e-01
2.493373875969120590e+01 -1.568618114572463140e+00 8.144250740871764593e-01
2.490880281692407294e+01 -1.561506794476081206e+00 8.096300193778054322e-01
2.488383167918957639e+01 -1.554153223677839035e+00 8.048797301493694212e-01
2.485819177503402599e+01 -1.546697390259953897e+00 8.001928405718412574e-01
2.483273497998104062e+01 -1.539056399700333033e+00 7.955508600345320147e-01
2.480608444077295971e+01 -1.531221610264408062e+00 7.909724569278293593e-01
2.477909158497760700e+01 -1.523258634388341193e+00 7.864391754126034417e-01
2.475186478043422156e+01 -1.515084489555823088e+00 7.819622908368349945e-01
2.472451216991067113e+01 -1.506764733693052527e+00 7.775308115406376341e-01
2.469639883579622364e+01 -1.498290616046693557e+00 7.731560492066900103e-01
2.466763246995211034e+01 -1.489653362072063558e+00 7.688344773500065399e-01
2.463832053856882709e+01 -1.480918458321376807e+00 7.645551599011591870e-01
2.460931311715341252e+01 -1.472077086824512104e+00 7.603368931822653831e-01
2.457923155047006958e+01 -1.463046126474628172e+00 7.561613509711511139e-01
2.454892546280802179e+01 -1.453965288423701541e+00 7.520399398615544850e-01
2.451850141807524963e+01 -1.444825699955467169e+00 7.479766577112086923e-01
2.448732292006701527e+01 -1.435544189373290314e+00 7.439606654822163989e-01
2.445623891788322268e+01 -1.426186137893050043e+00 7.399960008238154474e-01
2.442461246624387172e+01 -1.416816914023630192e+00 7.360867215446782463e-01
2.439254923105198358e+01 -1.407427591450131299e+00 7.322220490761268685e-01
2.436015465492823040e+01 -1.397934950419875477e+00 7.284135103778679454e-01
2.432827679286743461e+01 -1.388478613138798723e+00 7.246429396314327809e-01
2.429553497284115693e+01 -1.378975344143394732e+00 7.209219051779384158e-01
2.426277680672175308e+01 -1.369490469200744798e+00 7.172397111925475910e-01
2.422936401600311740e+01 -1.360015026189167253e+00 7.136005395523263850e-01
2.419614377281759943e+01 -1.350614333492080377e+00 7.100085932425813651e-01
2.416320698640362252e+01 -1.341201593869912667e+00 7.064540527064672171e-01
2.412984867582630244e+01 -1.331898672332435085e+00 7.029377998419891194e-01
2.409609326950391761e+01 -1.322601037544838043e+00 6.994764075702446515e-01
2.406196498083900082e+01 -1.313427011243958775e+00 6.960641851981833605e-01
2.402823064452735480e+01 -1.304197785112117147e+00 6.927028918765247845e-01
2.399342837781781057e+01 -1.295031690188418461e+00 6.894091649967293289e-01
2.395906742712368498e+01 -1.285972780747143940e+00 6.861699501259538314e-01
2.392368548933685091e+01 -1.276916552185382470e+00 6.830019278352080780e-01
2.388879139362081361e+01 -1.267907076421916912e+00 6.798920869131469535e-01
2.385292242288365117e+01 -1.258839869274341217e+00 6.768497228232546181e-01
2.381684416070665478e+01 -1.249907592858787719e+00 6.738692959476146882e-01
2.377983631805540909e+01 -1.240931505449035743e+00 6.709675733227600247e-01
2.374266407529866640e+01 -1.232030014376837901e+00 6.681316301621178511e-01
2.370460674411143742e+01 -1.223098692887496952e+00 6.653634199213064315e-01
2.366642910966285740e+01 -1.214255982522385535e+00 6.626723459012789919e-01
2.362815292771500353e+01 -1.205397493464869019e+00 6.600604044908763290e-01
2.358831409185814820e+01 -1.196567423406120323e+00 6.575147567493394574e-01
2.354841964600791826e+01 -1.187735708382192890e+00 6.550522984302916685e-01
2.350849077669029086e+01 -1.179020874616200087e+00 6.526676614423269074e-01
2.346706281556397755e+01 -1.170244338826885722e+00 6.503629271522514133e-01
2.342564225218098528e+01 -1.161524677559795604e+00 6.481401979270888791e-01
2.338350689150991357e+01 -1.152831927469782469e+00 6.459941686662065141e-01
2.334142003184678771e+01 -1.144210437111008449e+00 6.439269833744605265e-01
2.329791629256288843e+01 -1.135630301198051306e+00 6.419482350252463387e-01
2.325450146223904468e+01 -1.127061645356762121e+00 6.400378236628385675e-01
2.321045265653521028e+01 -1.118548910856045353e+00 6.382128113989748996e-01
2.316504682639432744e+01 -1.110062288811590969e+00 6.364679954461237577e-01
2.311978926632903608e+01 -1.101616574976757468e+00 6.347981929946009405e-01
2.307395660756443334e+01 -1.093226600804743098e+00 6.332056693805361292e-01
2.302831099653514002e+01 -1.084892377887260784e+00 6.316927095449033080e-01
2.298138592320944795e+01 -1.076606527418119796e+00 6.302467611341082687e-01
2.293394323476318775e+01 -1.068369137980059280e+00 6.288775760443970908e-01
2.288600179907557930e+01 -1.060187766602912918e+00 6.275800684560562948e-01
2.283758034341928322e+01 -1.052055154741700305e+00 6.263565996622473264e-01
2.278944029321663933e+01 -1.043978942676176302e+00 6.251946927892203520e-01
2.274011443573356672e+01 -1.035959385427370094e+00 6.240967459614293888e-01
2.269036393408279295e+01 -1.028011638743515643e+00 6.230651753586434749e-01
2.264094982605771378e+01 -1.020136046601371360e+00 6.220949866171017195e-01
2.259114735804286411e+01 -1.012332998775529846e+00 6.211886312754840711e-01
2.254023165907209503e+01 -1.004602931673192590e+00 6.203337214640501918e-01
2.248970624995529377e+01 -9.969611858349382016e-01 6.195327430402539637e-01
2.243958887224430754e+01 -9.894082932992017687e-01 6.187881986178901395e-01
2.238841149235862815e+01 -9.819374066830565129e-01 6.180877505916020365e-01
2.233767731589157890e+01 -9.745491565781512211e-01 6.174339342585397628e-01
2.228666094661724273e+01 -9.672516522111543891e-01 6.168218724842542411e-01
2.223612256581883173e+01 -9.600456253689030328e-01 6.162392754156029717e-01
2.218533659640864286e+01 -9.529244309894859821e-01 6.156961535912481853e-01
2.213432021223535529e+01 -9.458963327699779766e-01 6.151802475464713815e-01
2.208383334232417639e+01 -9.389547902888253361e-01 6.146867409176655084e-01
2.203315017004500476e+01 -9.321081728973062974e-01 6.142108317929196870e-01
2.198227431558934697e+01 -9.253584088050200718e-01 6.137490838844417151e-01
2.193264169471063241e+01 -9.187037865408255177e-01 6.133034806466693967e-01
2.188196065829870562e+01 -9.121658677162511886e-01 6.128773705490044854e-01
2.183239650870995874e+01 -9.057365552627776317e-01 6.124741152946857614e-01
2.178240031868989135e+01 -8.994300922223289474e-01 6.121045178622908089e-01
2.173265161575013238e+01 -8.932459203076111853e-01 6.117571087946577224e-01
2.168308704622170424e+01 -8.871983935887778339e-01 6.114427159890619690e-01
2.163290037938142163e+01 -8.812796370031522608e-01 6.111573226335939024e-01
2.158351385164831271e+01 -8.754966883440445935e-01 6.109043519445568338e-01
2.153337832547299868e+01 -8.698640701260470509e-01 6.106946668522080790e-01
2.148391597356727445e+01 -8.643740763787377546e-01 6.105168562846717828e-01
2.143357760269718426e+01 -8.590339145732291959e-01 6.103743766033372653e-01
2.138378533783766855e+01 -8.538508490788164762e-01 6.102781229359576232e-01
2.133373278091242398e+01 -8.488247729529835306e-01 6.102167154582429642e-01
2.128335635476801713e+01 -8.439630647664727592e-01 6.102010691771689865e-01
2.123333530700616123e+01 -8.392657320129083276e-01 6.102272518607065876e-01
2.118286320869866302e+01 -8.347402679059980901e-01 6.102987687686811658e-01
2.113261929823499941e+01 -8.303942231136447472e-01 6.104117056314042333e-01
2.108179714492731804e+01 -8.262203491304174197e-01 6.105770133785204390e-01
2.103181882779830758e+01 -8.222263117408936672e-01 6.107759377144843516e-01
2.098113509402741883e+01 -8.184049776712221114e-01 6.110268739464854715e-01
2.093042520770626069e+01 -8.147715563837112374e-01 6.113185115065131736e-01
2.088036844830417138e+01 -8.113116016596965130e-01 6.116544037256568256e-01
2.082941560909540257e+01 -8.080330100775586777e-01 6.120306824544828883e-01
2.077898884579888517e+01 -8.049363076299140829e-01 6.124583427831021831e-01
2.072828183483272468e+01 -8.020146497337761193e-01 6.129186726070631197e-01
2.067723111680968273e+01 -7.992686779331817926e-01 6.134226790946314400e-01
2.062651609990075841e+01 -7.966990915428124875e-01 6.139665182483368122e-01
2.057607339311871542e+01 -7.943066476333316972e-01 6.145537796163853539e-01
2.052509680962337768e+01 -7.920773043071837050e-01 6.151732009000704382e-01
2.047426587507614215e+01 -7.900267907667479772e-01 6.158283810102951339e-01
2.042351732582010015e+01 -7.881411804686307976e-01 6.165229230198725485e-01
2.037278794713843055e+01 -7.864214611702279312e-01 6.172455771129702340e-01
2.032275741149232573e+01 -7.848612498117487624e-01 6.179999536331757248e-01
2.027187694161592546e+01 -7.834542207859509499e-01 6.187896660270723048e-01
2.022156915886943196e+01 -7.822015341933007404e-01 6.196034737848103990e-01
2.017102824122754612e+01 -7.810969790305147820e-01 6.204375671289207306e-01
2.012093410155404172e+01 -7.801269730623321408e-01 6.213029949996231593e-01
2.007048105063922705e+01 -7.792928477253530106e-01 6.221810945854191477e-01
2.002034914042602409e+01 -7.785885629101317873e-01 6.230829177542465125e-01
1.997047566205057123e+01 -7.780081351224337194e-01 6.239972322281294170e-01
1.992079798397267609e+01 -7.775382089206597236e-01 6.249276629581039799e-01
1.987051072004658536e+01 -7.771729133789834210e-01 6.258629783443903083e-01
1.982103707270681170e+01 -7.769064334731101695e-01 6.268068032562063019e-01
1.977231466091892997e+01 -7.767330097881923745e-01 6.277627619479587695e-01
1.972279552324419072e+01 -7.766320814964182695e-01 6.287121926233372182e-01
1.967464596606748728e+01 -7.766128561054219670e-01 6.296661455002733332e-01
1.962631821638693452e+01 -7.766474539202410377e-01 6.306133839711607347e-01
1.957775027001370916e+01 -7.767377627758457193e-01 6.315500976148744616e-01
1.953036589457984107e+01 -7.768634391303375075e-01 6.324799018072189138e-01
1.948261518062784248e+01 -7.770226772024866335e-01 6.333922338724535805e-01
1.943590989953044712e+01 -7.772133786749502171e-01 6.342866825205943915e-01
1.938868815147981550e+01 -7.774594102455255618e-01 6.351709426826382954e-01
1.934235949035077340e+01 -7.777698333922591356e-01 6.360452768304809545e-01
1.929610508140846648e+01 -7.781389037280368459e-01 6.369025145909888996e-01
1.925059187928080462e+01 -7.785832120665724387e-01 6.377429090627282360e-01
1.920574412569150624e+01 -7.791045419458794141e-01 6.385741364348829219e-01
1.916074335222499414e+01 -7.797195822640424767e-01 6.393890105586345074e-01
1.911551405309323926e+01 -7.804302130732013731e-01 6.401951959740371789e-01
1.907146652282538213e+01 -7.812383614356870343e-01 6.409854941391882610e-01
1.902778268375031701e+01 -7.821534288912170840e-01 6.417675564662291832e-01
1.898364459361746981e+01 -7.831848621857140369e-01 6.425341705607079401e-01
1.894120578817621592e+01 -7.843272956130495910e-01 6.432855449186153374e-01
1.889816293333364072e+01 -7.855902634227024395e-01 6.440293085790719241e-01
1.885592701276140915e+01 -7.869759137415400785e-01 6.447582257332348243e-01
1.881368064994651590e+01 -7.884864358641491267e-01 6.454724804421025919e-01
1.877209228548158038e+01 -7.901240591621684350e-01 6.461722479612526104e-01
1.873108767406496611e+01 -7.918910519650633750e-01 6.468651227744158794e-01
1.869059272150644446e+01 -7.937897204143511409e-01 6.475364048845709819e-01
1.864979065158426152e+01 -7.958224072936664895e-01 6.482010979669748929e-01
1.861009334792453984e+01 -7.979840624868632659e-01 6.488444822779472210e-01
1.857068434552457248e+01 -8.002770984677615163e-01 6.494741128272665254e-01
1.853149017241643648e+01 -8.027039607226458262e-01 6.500901057079421230e-01
1.849243751609299125e+01 -8.052596981590999237e-01 6.506851378373635919e-01
1.845419605986864298e+01 -8.079542469050022824e-01 6.512667317597676808e-01
1.841594997902247854e+01 -8.107752872975816372e-01 6.518349703579688903e-01
1.837836928199687847e+01 -8.137179560196075023e-01 6.523824966266390524e-01
1.834138130630034169e+01 -8.167848448325236710e-01 6.529093701570267694e-01
1.830491355438823575e+01 -8.199637142595418426e-01 6.534230669321086094e-01
1.826815085937105465e+01 -8.232646340743923208e-01 6.539161940818548624e-01
1.823250672572503817e+01 -8.266605552432355619e-01 6.543962031010917002e-01
1.819716631963069986e+01 -8.301690205305186643e-01 6.548556762760378014e-01
1.816205780943964498e+01 -8.337778797612874770e-01 6.553020399233827620e-01
1.812710953089649024e+01 -8.374750020013151941e-01 6.557278508376525039e-01
1.809299282229232375e+01 -8.412631310533309481e-01 6.561330812003806079e-01
1.805963635442703108e+01 -8.451301708705780680e-01 6.565251184482649993e-01
1.802622613050817790e+01 -8.490714694429141174e-01 6.568890517497593118e-01
1.799343399101428886e+01 -8.530898176548432632e-01 6.572396703434090215e-01
1.796044627327642118e+01 -8.571657347667803739e-01 6.575694649813302872e-01
1.792793515115643288e+01 -8.612946090741742111e-01 6.578709128833735154e-01
1.789657296447631651e+01 -8.654718401417295093e-01 6.581587626989869877e-01
1.786480371332833172e+01 -8.696854094155169745e-01 6.584254643240662341e-01
1.783330006752023067e+01 -8.739307359141914588e-01 6.586708822270245234e-01
1.780236344319853359e+01 -8.781883901976965667e-01 6.589022953800723892e-01
1.777162686796999225e+01 -8.824538068166138949e-01 6.591046837951322068e-01
1.774124351599895988e+01 -8.867224266887163697e-01 6.592927269176898086e-01
1.771106958846890223e+01 -8.909748395039088775e-01 6.594588051216768720e-01
1.768118429702603578e+01 -8.952064962583812235e-01 6.596101414114666772e-01
1.765144416163344943e+01 -8.994054233638305584e-01 6.597316596248737897e-01
1.762192871040329223e+01 -9.035596501833158545e-01 6.598379828422080706e-01
1.759257694181114218e+01 -9.076599619752200310e-01 6.599210506008504895e-01
1.756343381680043692e+01 -9.117081603278758273e-01 6.599786793776881710e-01
1.753447804760688200e+01 -9.157162295613485714e-01 6.600082870828268833e-01
1.750576278247357820e+01 -9.196812972151401366e-01 6.600147056680586433e-01
1.747734132078869962e+01 -9.236004900378693705e-01 6.599953243918931234e-01
1.744911854469992818e+01 -9.274932183416462195e-01 6.599400897856135817e-01
1.742129661873262947e+01 -9.313417485156291198e-01 6.598537906702880429e-01
1.739378072036045353e+01 -9.351654858535655146e-01 6.597412014224447452e-01
1.736655045609963111e+01 -9.389615470835539490e-01 6.595922252395377550e-01
1.733973414358732512e+01 -9.427270447547005938e-01 6.594041791562234023e-01
1.731331167614443700e+01 -9.464739432748154879e-01 6.591892223596836908e-01
1.728733737185499919e+01 -9.501919164950632934e-01 6.589297860526088790e-01
1.726164283812878253e+01 -9.538929171432050103e-01 6.586305718689139388e-01
1.723643123829616997e+01 -9.575740343973996316e-01 6.582962667864985518e-01
1.721168302216535650e+01 -9.612323499023932571e-01 6.579241147401367895e-01
1.718730449160796780e+01 -9.648723654236424085e-01 6.575039165844757116e-01
1.716335064964944834e+01 -9.684985737868049283e-01 6.570403151078106907e-01
1.713980234854633977e+01 -9.721080298008204501e-01 6.565379382950071729e-01
1.711671485537657134e+01 -9.756977778631548137e-01 6.559939709413064035e-01
1.709406928361823930e+01 -9.792722795448111084e-01 6.553981546174783013e-01
1.707184687523229982e+01 -9.828285561028529127e-01 6.547625010374649168e-01
1.705010328273875686e+01 -9.863710443707350839e-01 6.540841502757486214e-01
1.702874571727326014e+01 -9.898893108732176316e-01 6.533676557891963110e-01
1.700783008114792594e+01 -9.933877643679936975e-01 6.526026993404501209e-01
1.698741239938022218e+01 -9.968633699100231116e-01 6.517938043766755563e-01
1.696740025120022111e+01 -1.000313076291116765e+00 6.509380509607750609e-01
1.694777561904470886e+01 -1.003741243453903031e+00 6.500473608089389899e-01
1.692866917051552633e+01 -1.007144784829776318e+00 6.491113555316829764e-01
1.690991455578485159e+01 -1.010513166352885239e+00 6.481344983835218843e-01
1.689156839049244141e+01 -1.013858118851695522e+00 6.471212375676687056e-01
1.687361312006944303e+01 -1.017169066915983855e+00 6.460685778984565086e-01
1.685603130152401263e+01 -1.020442841246033572e+00 6.449735091722885727e-01
1.683880560166817375e+01 -1.023683677582433837e+00 6.438404345473658363e-01
1.682199307878626016e+01 -1.026880930569106676e+00 6.426737422322080784e-01
1.680542804672473522e+01 -1.030046214404875649e+00 6.414629488338690066e-01
1.678916777393647308e+01 -1.033161403281386503e+00 6.402198411683348578e-01
1.677326963092736634e+01 -1.036238057067267571e+00 6.389413345794562327e-01
1.675756823762370473e+01 -1.039265421734319794e+00 6.376243297210676397e-01
1.674212116217913859e+01 -1.042247569986007205e+00 6.362805693510179550e-01
1.672691178467009721e+01 -1.045173686736692753e+00 6.348994966857207656e-01
1.671192357821466956e+01 -1.048047781399730871e+00 6.335002539702915270e-01
1.669706582299460251e+01 -1.050866401734574129e+00 6.320648274575592085e-01
1.668247073769643407e+01 -1.053626061109754319e+00 6.306197594051016209e-01
1.666797349233009840e+01 -1.056323237434531936e+00 6.291470080297303369e-01
1.665355790648456846e+01 -1.058954372113650289e+00 6.276656595309589859e-01
1.663928216297039597e+01 -1.061515869029214354e+00 6.261650731226848787e-01
1.662505595436210371e+01 -1.064011521904139279e+00 6.246568796820179958e-01
1.661078904695922276e+01 -1.066437656650012666e+00 6.231378402081035883e-01
1.659653984465546372e+01 -1.068783130454586505e+00 6.216121310956698176e-01
1.658221825170352304e+01 -1.071051615962831161e+00 6.200839160200207756e-01
1.656781782599908581e+01 -1.073246575991599006e+00 6.185490210267956535e-01
1.655336941044872390e+01 -1.075348474420701805e+00 6.170071010694694325e-01
1.653883892773214725e+01 -1.077374705558532986e+00 6.154569023509904868e-01
1.652426663767537462e+01 -1.079305477735807317e+00 6.138971594115413266e-01
1.650969285013780308e+01 -1.081143239500333975e+00 6.123191670686202182e-01
1.649500935433612270e+01 -1.082890394019298652e+00 6.107364941174900919e-01
1.648047939963750963e+01 -1.084541870244221995e+00 6.091329851872433476e-01
1.646584628975899633e+01 -1.086085122489676147e+00 6.075147595079183338e-01
1.645129906449100687e+01 -1.087537271827982099e+00 6.058804978315801559e-01
1.643687822783837760e+01 -1.088878250645740176e+00 6.042214427601653171e-01
1.642240146065713091e+01 -1.090110229220283555e+00 6.025436841289752987e-01
1.640805788480101413e+01 -1.091242758859154227e+00 6.008384459423098400e-01
1.639373950772174737e+01 -1.092255630053799997e+00 5.991118001140484095e-01
1.637948691961211267e+01 -1.093158299250560628e+00 5.973549534082051027e-01
1.636526643904120704e+01 -1.093945318780767062e+00 5.955665328321845253e-01
1.635111867612604186e+01 -1.094611193653709069e+00 5.937525859792929239e-01
1.633708424522859559e+01 -1.095157810058027703e+00 5.919042963194839357e-01
1.632312947769508682e+01 -1.095587007218705722e+00 5.900351252901895327e-01
1.630929498515358134e+01 -1.095900577657467734e+00 5.881288141812698322e-01
1.629547280535861020e+01 -1.096092839152859710e+00 5.861988112699521025e-01
1.628185209962603253e+01 -1.096165491797347791e+00 5.842437020476338727e-01
1.626825059780589555e+01 -1.096120190046093068e+00 5.822546378930316680e-01
1.625478314638310451e+01 -1.095951114803974225e+00 5.802450497898719028e-01
1.624149028763287106e+01 -1.095667258947501388e+00 5.782135068854682425e-01
1.622818968937934159e+01 -1.095262714424247497e+00 5.761511451432760333e-01
1.621507040988077364e+01 -1.094738957828602421e+00 5.740713810381330440e-01
1.620195005977590341e+01 -1.094097422596202129e+00 5.719579133901986356e-01
1.618894335068829449e+01 -1.093332071213119816e+00 5.698241504436748484e-01
1.617601639140675829e+01 -1.092451680835815564e+00 5.676686400327531912e-01
1.616313525220222758e+01 -1.091457558814415529e+00 5.654899265400248343e-01
1.615026596225758837e+01 -1.090343543266585113e+00 5.632865511447323614e-01
1.613744879071879623e+01 -1.089118288697168646e+00 5.610644804115364481e-01
1.612472396086002036e+01 -1.087775553156446806e+00 5.588222498187884746e-01
1.611198308086420639e+01 -1.086331340536388579e+00 5.565658206782727602e-01
1.609926627573504021e+01 -1.084779330995621516e+00 5.542862952942521071e-01
1.608653933480522014e+01 -1.083128023214577240e+00 5.519970589154368223e-01
1.607376799336514139e+01 -1.081363593121731137e+00 5.496966381757341091e-01
1.606106649790033813e+01 -1.079509321143263811e+00 5.473761296282122490e-01
1.604832618691282420e+01 -1.077558737465561745e+00 5.450489133220808302e-01
1.603543833985811418e+01 -1.075520192515842410e+00 5.427135112202897682e-01
1.602259130967410172e+01 -1.073387143902368557e+00 5.403758724126596080e-01
1.600960196985990436e+01 -1.071175298467160308e+00 5.380270882217755846e-01
1.599650998117214229e+01 -1.068878042444832754e+00 5.356656774054371351e-01
1.598335493986062517e+01 -1.066503583432161673e+00 5.333124430047628817e-01
1.597002780946515266e+01 -1.064060093863394396e+00 5.309510456865312866e-01
1.595656805367685038e+01 -1.061548282793532527e+00 5.285948590374514033e-01
1.594294078472294629e+01 -1.058983681040747360e+00 5.262423996033032125e-01
1.592911104579283865e+01 -1.056366927836430492e+00 5.238996120798480316e-01
1.591511809348638806e+01 -1.053706055887833060e+00 5.215650127530049307e-01
1.590092682976737137e+01 -1.051001634652497518e+00 5.192445463414646634e-01
1.588657907871006358e+01 -1.048266767123042564e+00 5.169361580865575734e-01
1.587190458378404934e+01 -1.045490511715989168e+00 5.146503648882871929e-01
1.585710714247766262e+01 -1.042674460172873463e+00 5.123822561188773328e-01
1.584201905941208821e+01 -1.039812740572668481e+00 5.101194934842837592e-01
1.582676969675148548e+01 -1.036884588818386188e+00 5.078720245881381823e-01
1.581119120503168496e+01 -1.033906346910402396e+00 5.056349413500392798e-01
1.579541278998303966e+01 -1.030849750904756945e+00 5.034107652331459848e-01
1.577941501026588078e+01 -1.027723642571668039e+00 5.012020190787289664e-01
1.576317834316816580e+01 -1.024514542399434847e+00 4.989963705988776366e-01
1.574668318323509375e+01 -1.021231219507414245e+00 4.967963459796625458e-01
1.572998412433429039e+01 -1.017860121367394566e+00 4.946119017423372677e-01
1.571298710764110851e+01 -1.014402515394764670e+00 4.924307115633678178e-01
1.569574655406885633e+01 -1.010859632110905348e+00 4.902553082564447551e-01
1.567824251210812214e+01 -1.007217808334266662e+00 4.880956556628469611e-01
1.566052922310481677e+01 -1.003478200507313511e+00 4.859394355008594957e-01
1.564258655245510887e+01 -9.996493563122492709e-01 4.837891893771242291e-01
1.562431998773413611e+01 -9.957175012813798132e-01 4.816474623556697976e-01
1.560585777076652469e+01 -9.916911089605185969e-01 4.795168032365758060e-01
1.558710519460712973e+01 -9.875637592751166371e-01 4.773849081427846142e-01
1.556819030249240399e+01 -9.833364237584387713e-01 4.752691909170297380e-01
1.554894390120534986e+01 -9.790100374429263619e-01 4.731647849729911925e-01
1.552949382693100233e+01 -9.745854991698437164e-01 4.710594003054176526e-01
1.550974495853532353e+01 -9.700636719702343536e-01 4.689704655569207903e-01
1.548982491634575887e+01 -9.654379551697619410e-01 4.668857015364621943e-01
1.546956407537805056e+01 -9.607239983212777501e-01 4.648076916453497964e-01
1.544908983108931722e+01 -9.559002750125541459e-01 4.627464538543969441e-01
1.542838089609558061e+01 -9.509823670579192756e-01 4.606822992818323526e-01
1.540734158141768795e+01 -9.459709668155049656e-01 4.586326876753354376e-01
1.538609892825718717e+01 -9.408667347366969080e-01 4.565928009391576614e-01
1.536448272127946879e+01 -9.356628719439875619e-01 4.545578285120745465e-01
1.534269403798410991e+01 -9.303748346380333878e-01 4.525303960416235394e-01
1.532063669508996462e+01 -9.250106217786516760e-01 4.505205657035515898e-01
1.529836294753023118e+01 -9.195707762402958174e-01 4.485161231144216276e-01
1.527577635250772481e+01 -9.140558143880492814e-01 4.465271477395207356e-01
1.525307746867285807e+01 -9.084736557201251728e-01 4.445562997897923307e-01
1.523009530287402491e+01 -9.028321958721079454e-01 4.425988205100352957e-01
1.520695586007488842e+01 -8.971393080288131427e-01 4.406573891565722656e-01
1.518356215736512027e+01 -8.913879876876021902e-01 4.387272665617577005e-01
1.516003992364780650e+01 -8.855934959196263279e-01 4.368185804364130287e-01
1.513621761394879428e+01 -8.797562191684220601e-01 4.349191838558641998e-01
1.511229495993008953e+01 -8.738765275335088623e-01 4.330392255833677151e-01
1.508810013402811201e+01 -8.679622047299706544e-01 4.311740085245103216e-01
1.506375830031971930e+01 -8.620210213664935006e-01 4.293188466162807804e-01
1.503917162953498909e+01 -8.560607365851650163e-01 4.274839216983519208e-01
1.501439071629233091e+01 -8.500816713548174919e-01 4.256645702644972773e-01
1.498946601201281581e+01 -8.440989951614707998e-01 4.238561402966387059e-01
1.496444782503936111e+01 -8.381130142352893886e-01 4.220688480796905284e-01
1.493916347045014881e+01 -8.321388865599903539e-01 4.202980648954414700e-01
1.491381153860211128e+01 -8.261769100531405341e-01 4.185466021486367594e-01
1.488829334433353679e+01 -8.202422375136551036e-01 4.168098547222971462e-01
1.486272827725921353e+01 -8.143330890698173841e-01 4.150907945354555539e-01
1.483691991293299850e+01 -8.084542400692239505e-01 4.133929526727343484e-01
1.481096418762208522e+01 -8.025935360438377630e-01 4.117125805702542274e-01
1.478480833393793858e+01 -7.967462547536777739e-01 4.100459415255650053e-01
1.475847373302126009e+01 -7.909225358066779288e-01 4.084041673611729095e-01
1.473190734938463820e+01 -7.850953834032066148e-01 4.067835449698907757e-01
1.470505601642338966e+01 -7.792823793070849936e-01 4.051803729458894887e-01
1.467794072207624190e+01 -7.734639720288670750e-01 4.036058182009479300e-01
1.465058232761941603e+01 -7.676577612785882021e-01 4.020487741152720673e-01
1.462292728658614394e+01 -7.618442153249151971e-01 4.005204305285706701e-01
1.459507049780862431e+01 -7.560409552684977941e-01 3.990171318671651424e-01
1.456688389053744714e+01 -7.502284722181880028e-01 3.975352337129739455e-01
1.453846212817195926e+01 -7.444244113793684336e-01 3.960859593640320142e-01
1.450982547703312342e+01 -7.386167173947865150e-01 3.946582579362660770e-01
1.448084552569565631e+01 -7.328156331975118620e-01 3.932633743124964720e-01
1.445154232186865784e+01 -7.270017018701511180e-01 3.918977072346979118e-01
1.442201009178322479e+01 -7.211926220201716475e-01 3.905576658455556238e-01
1.439219439257859001e+01 -7.153763927659655408e-01 3.892470978788521441e-01
1.436204068218788521e+01 -7.095633122461136866e-01 3.879698611499167171e-01
1.433156860569313018e+01 -7.037339791488110841e-01 3.867149666979146083e-01
1.430079771463107541e+01 -6.979061477741396180e-01 3.854937203834437609e-01
1.426974746974275732e+01 -6.920678727266800223e-01 3.843025809884932920e-01
1.423836296014739311e+01 -6.862295071532374946e-01 3.831380167744793952e-01
1.420666347293709286e+01 -6.803939890759321818e-01 3.820039336975014632e-01
1.417466821216493500e+01 -6.745494127316405963e-01 3.808968185815472252e-01
1.414239630122453306e+01 -6.687061699762733014e-01 3.798131673522081586e-01
1.410979250160598220e+01 -6.628672365083614348e-01 3.787717699815776329e-01
1.407695006553099759e+01 -6.570281714736903034e-01 3.777468552417311831e-01
1.404388788743459138e+01 -6.511994021093694407e-01 3.767572308256966762e-01
1.401047622230649026e+01 -6.453765099336196132e-01 3.757994281260311209e-01
1.397688238839971042e+01 -6.395550870433975854e-01 3.748625588794474717e-01
1.394297650075003858e+01 -6.337455924272510366e-01 3.739580285254893166e-01
1.390877717357426313e+01 -6.279510665507980205e-01 3.730749660764642872e-01
1.387437723799417633e+01 -6.221671310254475173e-01 3.722173658538456831e-01
1.383972089259971128e+01 -6.163894166681589404e-01 3.713892307864713471e-01
1.380482655487390886e+01 -6.106358483104568080e-01 3.705871440722813825e-01
1.376978686196123292e+01 -6.049020745115647468e-01 3.698076975533281519e-01
1.373447153728251990e+01 -5.991911808374322801e-01 3.690474917527540311e-01
1.369904737554123741e+01 -5.934988331083002056e-01 3.683105642734051388e-01
1.366345825856734564e+01 -5.878429908236807444e-01 3.676009615065505831e-01
1.362779657307354952e+01 -5.822193371660999706e-01 3.669078819998135566e-01
1.359200607678297601e+01 -5.766309925930875879e-01 3.662353899350246911e-01
1.355610474898100293e+01 -5.710810867675484293e-01 3.655801301613916809e-01
1.352018479047981181e+01 -5.655727589309316183e-01 3.649461849856652229e-01
1.348418977301030175e+01 -5.601091583711103050e-01 3.643227892153323433e-01
1.344813748957982824e+01 -5.546860166359621758e-01 3.637140436562800727e-01
1.341211995428938941e+01 -5.493065048940657391e-01 3.631240585100484197e-01
1.337608055162738196e+01 -5.439812346906039986e-01 3.625420967705388908e-01
1.334011117028243554e+01 -5.387059737468761211e-01 3.619648593696744299e-01
1.330408078545323214e+01 -5.334839319531831103e-01 3.613964852682903794e-01
1.326822319241977333e+01 -5.283180987459111799e-01 3.608342659505924255e-01
1.323230028500628386e+01 -5.232105383125038589e-01 3.602777871815183164e-01
1.319651306052427664e+01 -5.181630966961744411e-01 3.597346440957924774e-01
1.316069103563256348e+01 -5.131702100170494329e-01 3.591975850946776960e-01
1.312488651454444444e+01 -5.082486192079440634e-01 3.586742252917417551e-01
1.308900317182662931e+01 -5.033779446064657881e-01 3.581573331424474094e-01
1.305316747036341951e+01 -4.985749709028230447e-01 3.576619722103033250e-01
1.301728296094806936e+01 -4.938416501759138044e-01 3.571809310631704482e-01
1.298140170057014053e+01 -4.891651034142480703e-01 3.567070083034417083e-01
1.294542711936137458e+01 -4.845621921617668804e-01 3.562552975786562048e-01
1.290941115575347098e+01 -4.800200932732929249e-01 3.558260457695077150e-01
1.287340569082270392e+01 -4.755557272765479349e-01 3.554046529076044791e-01
1.283723969934180609e+01 -4.711563331219861261e-01 3.550062421724743955e-01
1.280111351957564914e+01 -4.668240398169717920e-01 3.546310896627448694e-01
1.276485602025286425e+01 -4.625684395781067826e-01 3.542794809460461658e-01
1.272851887080652666e+01 -4.583843042419088465e-01 3.539368541844767346e-01
1.269207940980960991e+01 -4.542664433747826136e-01 3.536257983887438061e-01
1.265551493114738690e+01 -4.502171339701653285e-01 3.533317696946650099e-01
1.261887697041104950e+01 -4.462461217225435761e-01 3.530550895707820214e-01
1.258206845749838720e+01 -4.423409088176146198e-01 3.528035162013978820e-01
1.254514085394211875e+01 -4.385113251327933392e-01 3.525699591471714855e-01
1.250814558942523824e+01 -4.347523874838485902e-01 3.523621924363791735e-01
1.247105978199054732e+01 -4.310665855643422417e-01 3.521731408341788883e-01
1.243393480893738534e+01 -4.274564543674045369e-01 3.520105928949867069e-01
1.239667346037204254e+01 -4.239171464841861581e-01 3.518674871954319272e-01
1.235940136092880159e+01 -4.204512893240519578e-01 3.517441970030468212e-01
1.232209555660017486e+01 -4.170689855003605340e-01 3.516411015297282172e-01
1.228473308620056947e+01 -4.137506713273694792e-01 3.515585855228654522e-01
1.224736526942399806e+01 -4.105139720800771164e-01 3.514970388458885653e-01
1.220996914447045611e+01 -4.073542751576305632e-01 3.514568560501887817e-01
1.217252175623468702e+01 -4.042595866063611321e-01 3.514384359404969516e-01
1.213507444452752004e+01 -4.012402442008674575e-01 3.514347527856619968e-01
1.209760428179965075e+01 -3.982917752320666027e-01 3.514462125779881374e-01
1.206008836135979756e+01 -3.954171809590670272e-01 3.514806525921649882e-01
1.202257808555624230e+01 -3.926046508252575840e-01 3.515236275455107529e-01
1.198505060339094008e+01 -3.898647033468969902e-01 3.515904076155867419e-01
1.194755738206047191e+01 -3.871930433757626577e-01 3.516665512108550495e-01
1.191007564438096011e+01 -3.845854176969359939e-01 3.517524746538862046e-01
1.187265694009457384e+01 -3.820376138175271552e-01 3.518485950737066381e-01
1.183527858301605917e+01 -3.795603153560751508e-01 3.519627583621401934e-01
1.179799222201861930e+01 -3.771345305398707826e-01 3.520805253940715307e-01
1.176070099431711213e+01 -3.747710175261061427e-01 3.522097417672668263e-01
1.172353094656263472e+01 -3.724657127510322963e-01 3.523508240584565798e-01
1.168645962068685584e+01 -3.702145860243539754e-01 3.524893311505555293e-01
1.164946462402304483e+01 -3.680062105284083729e-01 3.526331056831290001e-01
1.161259791567052346e+01 -3.658589028869646542e-01 3.527825603736759463e-01
1.157583724208566522e+01 -3.637464379614811505e-01 3.529232494137872211e-01
1.153916042290477684e+01 -3.616797589969104609e-01 3.530704383420201209e-01
1.150261963648387464e+01 -3.596549774706497837e-01 3.532171053892151913e-01
1.146626713814449694e+01 -3.576682281145626141e-01 3.533562263524501756e-01
1.143000396591637013e+01 -3.557096041278334786e-01 3.534812206236452314e-01
1.139401745658907572e+01 -3.537895362527005982e-01 3.536095746534119177e-01
1.135819516469030432e+01 -3.519124105628563259e-01 3.537295048644745199e-01
1.132249900929045339e+01 -3.500826301393590856e-01 3.538440815022189101e-01
1.128703955780608403e+01 -3.483046136866966846e-01 3.539638002377255566e-01
1.125177889201641079e+01 -3.465753658923483860e-01 3.540694403941328505e-01
1.121675345833328841e+01 -3.449067612910290959e-01 3.541789200998111675e-01
1.118185121680447125e+01 -3.432958297900686739e-01 3.542804411590789182e-01
1.114710877439709691e+01 -3.417544691178435734e-01 3.543844875474906342e-01
1.111256281704529592e+01 -3.402723022482010973e-01 3.544866837230883916e-01
1.107817582499756170e+01 -3.388612468119409082e-01 3.545826514065404389e-01
1.104391035498612617e+01 -3.375183727946742818e-01 3.546828663764755030e-01
1.100987760573740104e+01 -3.362556155297897753e-01 3.547829451763960806e-01
1.097596599882576562e+01 -3.350626336844428899e-01 3.548785019339475433e-01
1.094221259443752103e+01 -3.339513792446184848e-01 3.549725768384820457e-01
1.090865452252679724e+01 -3.329115274433723792e-01 3.550682079242060696e-01
1.087525469740920769e+01 -3.319476186863759004e-01 3.551684312072603267e-01
1.084205038282427225e+01 -3.310716305177746621e-01 3.552614241233455483e-01
1.080900462297540088e+01 -3.302732646727870591e-01 3.553576474157290610e-01
1.077615480759395084e+01 -3.295496610644346736e-01 3.554527035167091009e-01
1.074346410303367350e+01 -3.289128268448622272e-01 3.555496217245824875e-01
1.071097001744143462e+01 -3.283524954825620679e-01 3.556440016203652466e-01
1.067863583200969124e+01 -3.278732694503994072e-01 3.557388698740917010e-01
1.064649916635507587e+01 -3.274723362097934354e-01 3.558298236363762190e-01
1.061452341002671673e+01 -3.271468976827761055e-01 3.559198873149848064e-01
1.058267200468394620e+01 -3.269090281491373595e-01 3.560120842826298704e-01
1.055098272645668978e+01 -3.267411054034153883e-01 3.561020085647256805e-01
1.051956768500513384e+01 -3.266552388635730608e-01 3.561926815561606285e-01
1.048824190528594613e+01 -3.266338441095352763e-01 3.562796953136632139e-01
1.045711759508527550e+01 -3.266890710448966395e-01 3.563660692244373651e-01
1.042623272726676298e+01 -3.268108068087917650e-01 3.564473932478751661e-01
1.039555103979015627e+01 -3.269963905290878547e-01 3.565266845313834199e-01
1.036503631949925897e+01 -3.272506146476107380e-01 3.566069589478886859e-01
1.033480096968465922e+01 -3.275678981623220687e-01 3.566763742550774219e-01
1.030473459340506892e+01 -3.279404590375977757e-01 3.567528000283624046e-01
1.027480112860754780e+01 -3.283687150466954585e-01 3.568169623119456513e-01
1.024518741651732689e+01 -3.288493994760028349e-01 3.568867268967651496e-01
1.021570893527240820e+01 -3.293800190982967280e-01 3.569428155661505953e-01
1.018640406986084734e+01 -3.299566265158082601e-01 3.570030893200334399e-01
1.015731126378291904e+01 -3.305760493858735383e-01 3.570482645688265455e-01
1.012846902146086947e+01 -3.312351481672866083e-01 3.570961963083071344e-01
1.009976734386864727e+01 -3.319285880467194860e-01 3.571350226173232167e-01
1.007124486538408270e+01 -3.326525533860160144e-01 3.571677343886986433e-01
1.004294028981400544e+01 -3.334017764866239464e-01 3.571973182395355995e-01
1.001481811008789080e+01 -3.341725088596593785e-01 3.572118994052576046e-01
9.986917178601258271e+00 -3.349595496356433943e-01 3.572293114217340304e-01
9.959127860163368595e+00 -3.357592164702408177e-01 3.572302405423928851e-01
9.931489169552197183e+00 -3.365663735829756975e-01 3.572325088015098071e-01
9.904114491618035032e+00 -3.373736881131734755e-01 3.572167900668331009e-01
9.876820167409002593e+00 -3.381775718038358969e-01 3.572008930944974847e-01
9.849722150741717641e+00 -3.389737354628298838e-01 3.571729000847777002e-01
9.822871749032829669e+00 -3.397631682385383600e-01 3.571282904553073623e-01
9.796099905108070161e+00 -3.405498696172309936e-01 3.570848146385718347e-01
9.769534800264205288e+00 -3.413371208867000406e-01 3.570230726971780344e-01
9.743230440088606059e+00 -3.421282261018743776e-01 3.569533690613866939e-01
9.717018090631635019e+00 -3.429257672292868597e-01 3.568785703790617880e-01
9.691100549419259025e+00 -3.437330876566791482e-01 3.567866767854715460e-01
9.665383596709112624e+00 -3.445528042350504694e-01 3.566805349460817620e-01
9.639847415539788855e+00 -3.453875477121408633e-01 3.565629810223086005e-01
9.614546593999477864e+00 -3.462399602320265224e-01 3.564294120146500044e-01
9.589387276694173678e+00 -3.471134355868178978e-01 3.562826421860084691e-01
9.564572867422999281e+00 -3.480091452269176711e-01 3.561254744660197202e-01
9.539935478980005712e+00 -3.489267783977009763e-01 3.559532718890893177e-01
9.515530202144592664e+00 -3.498682535856349474e-01 3.557613857683638581e-01
9.491412255774884343e+00 -3.508325159319714004e-01 3.555600122569563815e-01
9.467488420021455298e+00 -3.518222200136385536e-01 3.553444788458182679e-01
9.443888453666529514e+00 -3.528362987844081977e-01 3.551101010022993387e-01
9.420519392536677472e+00 -3.538759035913720541e-01 3.548670388484365668e-01
9.397511249542972678e+00 -3.549421730697558397e-01 3.546031554276273257e-01
9.374697028785188735e+00 -3.560347449550003152e-01 3.543285868641865566e-01
9.352132708290440632e+00 -3.571539821701937290e-01 3.540386007099931565e-01
9.329874387331782870e+00 -3.583002276910690065e-01 3.537358811324054497e-01
9.307829716863496472e+00 -3.594745452152606768e-01 3.534156723892227236e-01
9.286129314099959231e+00 -3.606764886414687288e-01 3.530806357417566321e-01
9.264606774706150460e+00 -3.619055858881494170e-01 3.527334213527176243e-01
9.243392937185161529e+00 -3.631628228901481181e-01 3.523618118675896360e-01
9.222470177911654687e+00 -3.644446994349307412e-01 3.519832928296461882e-01
9.201746690387349048e+00 -3.657513990646705793e-01 3.515856262207189831e-01
9.181279331232612861e+00 -3.670823309924302613e-01 3.511714209321398772e-01
9.161050764922718415e+00 -3.684346435751227888e-01 3.507507048077104228e-01
9.141118025827312366e+00 -3.698076806890548962e-01 3.503112116567039802e-01
9.121463946063270711e+00 -3.712007528164166792e-01 3.498555234366054756e-01
9.101997150210468845e+00 -3.726116511949255083e-01 3.493862139982464310e-01
9.082774900428663756e+00 -3.740373907007507603e-01 3.489058495420285233e-01
9.063780240489956341e+00 -3.754794099679292785e-01 3.484095607308931863e-01
9.045070557292060442e+00 -3.769391148751598530e-01 3.478998998572830348e-01
9.026554724865405888e+00 -3.784007940541564419e-01 3.473794129589435342e-01
9.008215949439959402e+00 -3.798784184197272484e-01 3.468432119304794559e-01
8.990111764087520996e+00 -3.813636438417677965e-01 3.462938316777511849e-01
8.972151172976888134e+00 -3.828555258592412636e-01 3.457263738596262348e-01
8.954391780304121085e+00 -3.843456644690910751e-01 3.451582207160694971e-01
8.936816934898290654e+00 -3.858404908286159340e-01 3.445770370247767111e-01
8.919484292567330996e+00 -3.873315556524370984e-01 3.439853405890606619e-01
8.902228677688764691e+00 -3.888103878402235924e-01 3.433856458985922733e-01
8.885182063618561443e+00 -3.902907815654934054e-01 3.427730361122576785e-01
8.868179300881180893e+00 -3.917493716031059670e-01 3.421574484112120396e-01
8.851426665246595604e+00 -3.931999190322487681e-01 3.415413892171323407e-01
8.834759019627060894e+00 -3.946338866847916571e-01 3.409125060755092140e-01
8.818159795903358855e+00 -3.960427264746035902e-01 3.402881579533443279e-01
8.801612425632322712e+00 -3.974327383825620452e-01 3.396559885944293034e-01
8.785178981794791397e+00 -3.987957616861663723e-01 3.390181503924963313e-01
8.768864690694986308e+00 -4.001400976771544160e-01 3.383754087303881830e-01
8.752604850600254949e+00 -4.014521629916307233e-01 3.377356094013833077e-01
8.736409038052922682e+00 -4.027406594347909263e-01 3.370843115466657935e-01
8.720361107726620986e+00 -4.039994342111539738e-01 3.364219293580648640e-01
8.704396342202986858e+00 -4.052371951821671092e-01 3.357563036384734190e-01
8.688598586684664227e+00 -4.064403708270659665e-01 3.350878449721508279e-01
8.672903116094149212e+00 -4.076176818933084922e-01 3.344021052067441269e-01
8.657319487079465858e+00 -4.087704293640196385e-01 3.337069190000174768e-01
8.641931539881513302e+00 -4.098924956299698774e-01 3.330026901795292149e-01
8.626674550039449940e+00 -4.109852021512170328e-01 3.322898198212310139e-01
8.611558081429850020e+00 -4.120498818445721967e-01 3.315612775978302174e-01
8.596591705584657461e+00 -4.130804512367157733e-01 3.308248865015671614e-01
8.581785004767747083e+00 -4.140856957751426481e-01 3.300736090918037768e-01
8.567147575272189286e+00 -4.150595564374082169e-01 3.293078321745282477e-01
8.552614747398209261e+00 -4.160034145373516790e-01 3.285279380647606051e-01
8.538344723087060828e+00 -4.169186628731706423e-01 3.277268758367763990e-01
8.524198595129657718e+00 -4.177992766179309814e-01 3.269198743175679156e-01
8.510186051967183474e+00 -4.186540973556105993e-01 3.260924432236755877e-01
8.496391097990123598e+00 -4.194696900637961967e-01 3.252523712020838342e-01
8.482674923301436465e+00 -4.202623400546292576e-01 3.244000120231895767e-01
8.469195891934354847e+00 -4.210186244259171429e-01 3.235357125343102380e-01
8.455889560917970726e+00 -4.217474085407868500e-01 3.226598122765971799e-01
8.442765817709279474e+00 -4.224501304423755044e-01 3.217652147696659082e-01
8.429760316406179399e+00 -4.231133701220962662e-01 3.208596722193952089e-01
8.416957331227333583e+00 -4.237534170593431071e-01 3.199435001505551157e-01
8.404292625188906740e+00 -4.243568406961102379e-01 3.190095771203256270e-01
8.391776302975147317e+00 -4.249399143743191054e-01 3.180730578668081732e-01
8.379418529439739416e+00 -4.254891855497520137e-01 3.171193746421451243e-01
8.367229531217526883e+00 -4.260060428131847710e-01 3.161488071395288091e-01
8.355219597914230079e+00 -4.264992843877251083e-01 3.151764823622211220e-01
8.343250515842498771e+00 -4.269628298789613918e-01 3.141878044371598233e-01
8.331481269306449278e+00 -4.274054304559751771e-01 3.131904530301665712e-01
8.319848055862765435e+00 -4.278135238857916911e-01 3.121772416082729262e-01
8.308287136100878101e+00 -4.282032298033389695e-01 3.111632592561793254e-01
8.296883399403661485e+00 -4.285683481372186687e-01 3.101413006925820559e-01
8.285573228169452520e+00 -4.289026411241003700e-01 3.091041514919772304e-01
8.274367346025707448e+00 -4.292221154355320700e-01 3.080668733598350695e-01
8.263202248006670914e+00 -4.295130209404640076e-01 3.070222343086351224e-01
8.252237331229331119e+00 -4.297912748846756670e-01 3.059704223887470542e-01
8.241260623034069255e+00 -4.300430326532051484e-01 3.049116177192128796e-01
8.230431611680874227e+00 -4.302766839961841283e-01 3.038534212685850555e-01
8.219612690029034496e+00 -4.305005659829969633e-01 3.027959986324499919e-01
8.208889134812189070e+00 -4.307006762067047689e-01 3.017320805564832620e-01
8.198271966970194669e+00 -4.308926697589767207e-01 3.006692485522937108e-01
8.187623662105306011e+00 -4.310624312348395604e-01 2.996076504506028915e-01
8.177029561606607544e+00 -4.312255006385009026e-01 2.985474293905665544e-01
8.166500731944925207e+00 -4.313750743436831070e-01 2.974887244900631389e-01
8.155899674211338990e+00 -4.315191465739200982e-01 2.964316715428252924e-01
8.145386017954789892e+00 -4.316507960537995237e-01 2.953838320882165025e-01
8.134824604815257487e+00 -4.317771506304335372e-01 2.943301493252744594e-01
8.124238259073095492e+00 -4.318948554538400431e-01 2.932913813983575313e-01
8.113652136107608825e+00 -4.319923214854438642e-01 2.922508129175154235e-01
8.103091355847093169e+00 -4.320876177622656744e-01 2.912140139414532425e-01
8.092580995258785492e+00 -4.321541895631422214e-01 2.901791273323128806e-01
8.081997513927843713e+00 -4.322100005849624504e-01 2.891442978529915608e-01
8.071440164301950659e+00 -4.322358233551717999e-01 2.881151012504471476e-01
8.060933850615549900e+00 -4.322420969263584545e-01 2.870822599186167445e-01
8.050429122078915256e+00 -4.322243595766467328e-01 2.860587853387753232e-01
8.039950733378416814e+00 -4.321781085518606735e-01 2.850279802872196511e-01
8.029523355024931419e+00 -4.320988033250379168e-01 2.840028662621967848e-01
8.019097284104969248e+00 -4.319818690498042346e-01 2.829741856178966675e-01
8.008697005986439521e+00 -4.318375568822900856e-01 2.819475438579009952e-01
7.998346906005099122e+00 -4.316538059918177961e-01 2.809211250790614178e-01
7.987996981676901420e+00 -4.314333891858276870e-01 2.798931207650986464e-01
7.977597122474861635e+00 -4.311716318143696824e-01 2.788543018251121719e-01
7.967319957200085234e+00 -4.308638441261474217e-01 2.778177323258798626e-01
7.957040866941661683e+00 -4.305201819936239627e-01 2.767816280120005690e-01
7.946783684203365894e+00 -4.301359375232244320e-01 2.757442132159203529e-01
7.936572124659639016e+00 -4.297063997212348108e-01 2.747037210041733957e-01
7.926355503073407860e+00 -4.292342867314436483e-01 2.736583932592952517e-01
7.916157300385412654e+00 -4.287148929119792840e-01 2.726064806970975307e-01
7.906000880959214605e+00 -4.281509491719296401e-01 2.715610995198238231e-01
7.895835210483223676e+00 -4.275451980854965695e-01 2.705130895536704272e-01
7.885683425025398208e+00 -4.268929688053311744e-01 2.694607274758089033e-01
7.875642833711156143e+00 -4.261970367979502905e-01 2.684022982291733861e-01
7.865513504494293429e+00 -4.254527699233569549e-01 2.673509514293061495e-01
7.855466819540827927e+00 -4.246704159870787199e-01 2.662901309131908145e-01
7.845376928112923309e+00 -4.238379631891230348e-01 2.652255727887343206e-01
7.835340736000390827e+00 -4.229657121050633961e-01 2.641704482830015688e-01
7.825306493387583551e+00 -4.220491354765324998e-01 2.631007931447537085e-01
7.815222367656868840e+00 -4.210911644514070407e-01 2.620372189611032687e-01
7.805185016560946210e+00 -4.200947610591735937e-01 2.609780574340250237e-01
7.795216744197718484e+00 -4.190554903137470033e-01 2.599142164798143861e-01
7.785191224248375619e+00 -4.179838053393936104e-01 2.588514646546349884e-01
7.775130640926751546e+00 -4.168827620147649293e-01 2.577955738105434658e-01
7.765131412553308188e+00 -4.157480182882787312e-01 2.567448900895810127e-01
7.755141348197851059e+00 -4.145826898186860121e-01 2.556903332622165181e-01
7.745108221844168028e+00 -4.133973485472056675e-01 2.546376811169900334e-01
7.735128346498942875e+00 -4.121803075113655290e-01 2.536001404560505046e-01
7.725075163662372013e+00 -4.109421888177403059e-01 2.525537763527558321e-01
7.715044951140763274e+00 -4.096862077855021322e-01 2.515192233832022617e-01
7.705059695585215529e+00 -4.084155985343274620e-01 2.504948298787181282e-01
7.694992815226735949e+00 -4.071336109378121404e-01 2.494715140631683647e-01
7.684940583255474245e+00 -4.058360789677511460e-01 2.484476202281772905e-01
7.674924999249541635e+00 -4.045262738580398532e-01 2.474363466016934743e-01
7.664819510629269139e+00 -4.032223287173723469e-01 2.464286031638959762e-01
7.654794718096827211e+00 -4.019200928716130106e-01 2.454375813696090536e-01
7.644724111462362970e+00 -4.006154128732679620e-01 2.444467553758204181e-01
7.634629773885365012e+00 -3.993264134115592778e-01 2.434618802350012601e-01
7.624532808555663621e+00 -3.980479003985505360e-01 2.424960765454958755e-01
7.614376030421564856e+00 -3.967780023146046942e-01 2.415325132069573166e-01
7.604249844518642831e+00 -3.955212338207619860e-01 2.405765811896009299e-01
7.594170404783291417e+00 -3.942672291542582141e-01 2.396336669610429071e-01
7.583931046739248671e+00 -3.930204514573962249e-01 2.386942958812842963e-01
7.573770837959254543e+00 -3.917779037838198808e-01 2.377712741244687455e-01
7.563483174221584449e+00 -3.905291253222218373e-01 2.368551188229621463e-01
7.553158611975272940e+00 -3.892859012246672190e-01 2.359437717882230112e-01
7.542813447534690852e+00 -3.880376891713088749e-01 2.350425999035965219e-01
7.532389713072963566e+00 -3.867887580606726994e-01 2.341495388875892703e-01
7.521903738933071182e+00 -3.855359002026303439e-01 2.332699505263591266e-01
7.511446148279084412e+00 -3.842832855970390593e-01 2.324017665701994251e-01
7.500810433618966044e+00 -3.830201748227717862e-01 2.315354893915615442e-01
7.490235785293492654e+00 -3.817506307646643116e-01 2.306839061006271119e-01
7.479515682389383358e+00 -3.804786606466024068e-01 2.298375192098777720e-01
7.468815003744534664e+00 -3.792007868408844296e-01 2.290016891973426227e-01
7.458001468498625108e+00 -3.779134748190239868e-01 2.281817786579254104e-01
7.447091328841395352e+00 -3.766205615548813279e-01 2.273682964881387214e-01
7.436175077972499103e+00 -3.753109709869563715e-01 2.265591838485475629e-01
7.425194590857741694e+00 -3.739958567466012962e-01 2.257672434449938537e-01
7.414165965876820863e+00 -3.726714618478340069e-01 2.249755703698849973e-01
7.403030948912276976e+00 -3.713414056394056528e-01 2.241969798510143330e-01
7.391805491481158619e+00 -3.699944011077963557e-01 2.234294380931609869e-01
7.380579741974298891e+00 -3.686339710727071783e-01 2.226709199099109748e-01
7.369295186580764323e+00 -3.672635947063052630e-01 2.219194096353283296e-01
7.357967491499712409e+00 -3.658792828085994375e-01 2.211803303582087765e-01
7.346537927990973493e+00 -3.644918668668157835e-01 2.204442597198926213e-01
7.335021931863599853e+00 -3.630824333189807129e-01 2.197166441207419052e-01
7.323509096462032630e+00 -3.616691833979928661e-01 2.189955144243499185e-01
7.311940315718637784e+00 -3.602405829649729108e-01 2.182863433554610988e-01
7.300330628862899296e+00 -3.587999378544439733e-01 2.175871894325480949e-01
7.288694931825445700e+00 -3.573579709874022958e-01 2.168961258806039460e-01
7.276973689405276779e+00 -3.558956862623839923e-01 2.162112411172949222e-01
7.265255782263030149e+00 -3.544238011360424934e-01 2.155306391575440295e-01
7.253481370259465599e+00 -3.529530390926745032e-01 2.148598682821334371e-01
7.241739024716980389e+00 -3.514644221599245166e-01 2.141970645653467620e-01
7.229894310094824306e+00 -3.499687036271057483e-01 2.135403803598544537e-01
7.218109768656534975e+00 -3.484692321626212674e-01 2.128954126855616968e-01
7.206250653580336341e+00 -3.469545292373760192e-01 2.122529181195585701e-01
7.194330632095222278e+00 -3.454428648576650107e-01 2.116185260389699119e-01
7.182437505092700292e+00 -3.439154078554965133e-01 2.109830249626826193e-01
7.170584644222739890e+00 -3.423830862489714577e-01 2.103595039468660333e-01
7.158710996967426077e+00 -3.408494504204999109e-01 2.097387820306859663e-01
7.146755376166788132e+00 -3.393106777252125617e-01 2.091265494399777713e-01
7.134879317468429072e+00 -3.377704334384216689e-01 2.085210818972220714e-01
7.123021386134207766e+00 -3.362324462532256808e-01 2.079132398944391613e-01
7.111194319704473799e+00 -3.347005116942292080e-01 2.073161812839533491e-01
7.099336470424990608e+00 -3.331710667151839833e-01 2.067207902889034721e-01
7.087608949404583747e+00 -3.316480488532436710e-01 2.061328182949468402e-01
7.075875652891933321e+00 -3.301354698138395105e-01 2.055431694249813812e-01
