# cl_TT                  cl_TE                    cl_EE
2.828664869153375321e+02 1.051903773820535459e+00 6.955405328589770418e-03
2.584717096643246919e+02 1.316379495478700923e+00 1.576372261064826891e-02
2.462551512512658007e+02 1.459765828387682429e+00 2.549560425459333410e-02
2.387174375910168749e+02 1.507790975497964148e+00 3.369908473186045833e-02
2.336608250666070603e+02 1.486939527042886233e+00 3.868239737573989090e-02
2.302486705766634714e+02 1.420024391012698395e+00 3.979034566378439330e-02
2.281020666657049674e+02 1.324837624611561626e+00 3.732858138363449874e-02
2.270037095986215547e+02 1.214461859200855809e+00 3.226714916538789973e-02
2.266939028173477197e+02 1.098712041958155528e+00 2.586609822052896371e-02
2.271021484054734287e+02 9.839418096790703006e-01 1.934085495060227505e-02
2.282109482029996457e+02 8.739983040182561780e-01 1.362576435931650391e-02
2.298018174235045876e+02 7.723658910130776212e-01 9.256446349203042989e-03
2.316910346931776701e+02 6.824442502018428502e-01 6.370399475754761655e-03
2.339061970130221653e+02 6.068272018583941163e-01 4.795958225261518111e-03
2.365048326618071144e+02 5.468018388832818211e-01 4.183492904464457783e-03
2.394274692807068163e+02 5.028146528311572272e-01 4.136879416727180098e-03
2.423249040783592534e+02 4.741506825485380383e-01 4.312455068977052997e-03
2.457527271758916925e+02 4.616267885877332056e-01 4.485126878638199394e-03
2.493022412123243328e+02 4.618186933561749252e-01 4.540969984816405243e-03
2.525232104471714933e+02 4.744058815970468301e-01 4.505209624697138239e-03
2.558972182870053018e+02 4.977199963378701186e-01 4.430261042098403330e-03
2.594763725302853459e+02 5.243563395068764343e-01 4.403555864744913666e-03
2.629630102885789711e+02 5.566857080845062367e-01 4.516996332283911876e-03
2.665765676291171644e+02 5.919253849807829537e-01 4.803781317708042189e-03
2.701220847566356156e+02 6.278007056000495245e-01 5.271933774888632775e-03
2.737719009143906419e+02 6.601169786966529784e-01 5.887975951617662428e-03
2.772688980934782990e+02 6.906571380682627881e-01 6.587427446661375287e-03
2.810193905302140820e+02 7.187897916904746332e-01 7.338366113065012027e-03
2.847421070953743651e+02 7.415737112962812461e-01 8.072917513491983943e-03
2.882865480043517437e+02 7.623267922823933063e-01 8.792174026299856213e-03
2.921472825088058585e+02 7.755044728051810887e-01 9.490634964537470256e-03
2.955586571130810967e+02 7.894128823901430669e-01 1.020337070448034539e-02
2.991138158939157279e+02 7.976798055696451284e-01 1.097120046572267089e-02
3.028075783164446193e+02 8.032094195847067075e-01 1.182668891375905813e-02
3.064509331664707474e+02 8.068354736348857248e-01 1.280584745365476174e-02
3.100315857350988722e+02 8.077756491373199177e-01 1.392469693640971048e-02
3.136355460720604356e+02 8.067956578030394121e-01 1.519691534530322533e-02
3.172323276877423837e+02 8.058299140243869729e-01 1.660747645954291016e-02
3.207832567365733212e+02 8.053505643607010711e-01 1.813092982471926559e-02
3.243235345744986375e+02 8.042817804850789232e-01 1.975837121473604518e-02
3.278848970453311154e+02 8.016385763402984477e-01 2.150143635655331689e-02
3.314448652422155419e+02 7.974885099180309966e-01 2.334851481346909494e-02
3.349800192255601701e+02 7.912502531238948533e-01 2.529587908916141464e-02
3.385102641429353980e+02 7.824741659566103458e-01 2.734393389628424556e-02
3.421048994588811070e+02 7.709101695795079756e-01 2.950114569041336135e-02
3.457379802348061730e+02 7.567830188290097793e-01 3.176790536271462129e-02
3.493176832418722029e+02 7.407700897003104412e-01 3.413897849967007653e-02
3.527910968993273855e+02 7.228274133471762619e-01 3.660764706522131456e-02
3.561433533461628258e+02 7.021672774163826292e-01 3.916891736527983170e-02
3.594980223056968498e+02 6.769378799157961257e-01 4.182151432869921082e-02
3.630134563878600034e+02 6.451999653617787045e-01 4.457866697007462770e-02
3.666195033120448556e+02 6.077112215794960859e-01 4.742516106029446427e-02
3.702385502828989274e+02 5.647174480812559016e-01 5.036526765021644841e-02
3.738674583637636601e+02 5.168945471956062354e-01 5.339602347442219676e-02
3.775095289940153975e+02 4.648661356342574380e-01 5.651627806453089070e-02
3.811493368397550512e+02 4.089654406781068618e-01 5.973259170181328959e-02
3.847643552193344476e+02 3.494581558620754591e-01 6.305330939013661928e-02
3.883415985343996226e+02 2.865658879698353423e-01 6.648816062719958841e-02
3.919059337455300920e+02 2.202781781524878191e-01 7.004252033728930460e-02
3.955022524646055331e+02 1.503845538135358262e-01 7.372339582269656078e-02
3.991613169298537400e+02 7.618850503326363155e-02 7.754316866875302083e-02
4.028609376812356686e+02 -9.921742318093453375e-04 8.147562148097123313e-02
4.066050004031621370e+02 -8.113477383009047583e-02 8.551777537167404297e-02
4.103813956031315797e+02 -1.642442331027450242e-01 8.966855229303594133e-02
4.141975293103861873e+02 -2.504507775716229845e-01 9.392724319470674432e-02
4.180597315875328377e+02 -3.400934553036363273e-01 9.829549798177121545e-02
4.219183719064867546e+02 -4.327934083869547366e-01 1.027721085876224238e-01
4.257075188674720607e+02 -5.281098706052786973e-01 1.073536425515271425e-01
4.293939310212670080e+02 -6.258202418655942623e-01 1.120382332471331621e-01
4.330754010415044490e+02 -7.268179727692627434e-01 1.168230300821010287e-01
4.368736648881416045e+02 -8.328575315722224204e-01 1.217156995982159873e-01
4.408337695003664862e+02 -9.438791834885190690e-01 1.266956914053388450e-01
4.449630754167217788e+02 -1.059994518888045745e+00 1.317572897926768960e-01
4.491671268354138533e+02 -1.180596576012327148e+00 1.368960964514516210e-01
4.533383920835709660e+02 -1.305055233767455025e+00 1.421077863088425763e-01
4.574750224431368224e+02 -1.433209287055505543e+00 1.473924060071720998e-01
4.615980446279272655e+02 -1.565027411946487979e+00 1.527520607718456658e-01
4.657213338116377486e+02 -1.700427315903891623e+00 1.581878779129284873e-01
4.698643231388495565e+02 -1.839440363067109674e+00 1.637001262772647681e-01
4.740702699883618152e+02 -1.982103910436435301e+00 1.692893226436307519e-01
4.783546481109433444e+02 -2.128805899380202593e+00 1.749511139778663071e-01
4.826983954899343416e+02 -2.278819068426287231e+00 1.806815207326050721e-01
4.870876699397886114e+02 -2.431973650842824242e+00 1.864766642611922487e-01
4.915188066922448797e+02 -2.588010979057282057e+00 1.923337629461267517e-01
4.959812340030949827e+02 -2.746851043777872814e+00 1.982508055445456607e-01
5.004817477349699857e+02 -2.908400610020976274e+00 2.042247386959990807e-01
5.050190293580494085e+02 -3.072667008041007009e+00 2.102532174238224971e-01
5.096021170052275124e+02 -3.239657572798269936e+00 2.163328616651263581e-01
5.142181034785249949e+02 -3.409315041172151339e+00 2.224611944435055388e-01
5.188781235330694699e+02 -3.581559123070002126e+00 2.286379799869647789e-01
5.235990337031723811e+02 -3.756388626801523856e+00 2.348474259621099458e-01
5.283775859461717346e+02 -3.933867472382083008e+00 2.410804989229512751e-01
5.331993391997183380e+02 -4.113660415360749667e+00 2.473469839375647961e-01
5.380693286089002640e+02 -4.295841965109215010e+00 2.536296061927511558e-01
5.429856575716107727e+02 -4.480244436714394318e+00 2.599284636755735955e-01
5.479464299127777167e+02 -4.666762860067671603e+00 2.662416119572911799e-01
5.529448612237329144e+02 -4.855358548402105789e+00 2.725627982443544761e-01
5.579862940582805777e+02 -5.045841909344712661e+00 2.788875406583016248e-01
5.630690243484110624e+02 -5.238173919985411153e+00 2.852066604009583228e-01
5.681886183495854539e+02 -5.432342883237244457e+00 2.915186063471286726e-01
5.733583843498113310e+02 -5.627785715834439095e+00 2.978105837415933599e-01
5.785755241710083965e+02 -5.824537173890051989e+00 3.040686848041549983e-01
5.838312773830666629e+02 -6.022645194585753536e+00 3.103039157719064689e-01
5.891263372629958894e+02 -6.222072794771308146e+00 3.165242651309094768e-01
5.944651204129680764e+02 -6.422749853081095139e+00 3.227203265404956500e-01
5.998416874046181420e+02 -6.624543205450632577e+00 3.288885348520911300e-01
6.052540862340673584e+02 -6.827415345673471414e+00 3.350324907833743260e-01
6.107048857543353506e+02 -7.031300884034301646e+00 3.411499958297858903e-01
6.161939304235002055e+02 -7.235994145895551455e+00 3.472302102620113406e-01
6.217144344919478272e+02 -7.441414519588211540e+00 3.532642669646497979e-01
6.272749146488657743e+02 -7.646936013227153772e+00 3.592296426409243293e-01
6.328762488036445575e+02 -7.852009419670998192e+00 3.651018290559500112e-01
6.385079866719220263e+02 -8.057266177416504860e+00 3.709059993030934810e-01
6.441749919240064628e+02 -8.262557766319513775e+00 3.766312708559686473e-01
6.498710436890245319e+02 -8.467728426945123843e+00 3.822746386165183918e-01
6.556002782025819897e+02 -8.672711332357309288e+00 3.878281521134540610e-01
6.613631679597212951e+02 -8.877336134299481429e+00 3.932858816757937026e-01
6.671502838483254436e+02 -9.081491134184682679e+00 3.986428089022089338e-01
6.729706103796730758e+02 -9.285087680089350926e+00 4.039023550703177423e-01
6.788161134591822474e+02 -9.488070996661434719e+00 4.090542036210119137e-01
6.846898517429167441e+02 -9.689860906834677934e+00 4.141013085424430362e-01
6.905834386726268121e+02 -9.889600444212245378e+00 4.189997910330471309e-01
6.965045371568859309e+02 -1.008829072209938893e+01 4.237951731204306904e-01
7.024460893558419912e+02 -1.028592839579172846e+01 4.284860001288945952e-01
7.084051904407947404e+02 -1.048255169489210203e+01 4.330791248390236658e-01
7.143842407036502209e+02 -1.067810102355336532e+01 4.375695564710724850e-01
7.203860512874010738e+02 -1.087243191698126843e+01 4.419566934018753224e-01
7.264041213119577378e+02 -1.106531193310373773e+01 4.462262262771777843e-01
7.324466330675861627e+02 -1.125660304987681570e+01 4.503646320341211373e-01
7.385050763642639140e+02 -1.144613987229072194e+01 4.543691721297676289e-01
7.445835827910065063e+02 -1.163343008049701943e+01 4.582178949429069337e-01
7.506488246141211675e+02 -1.181664999289272799e+01 4.618758909438923643e-01
7.567114146380077955e+02 -1.199739068168298672e+01 4.653828547120516523e-01
7.627638804741181957e+02 -1.217557690808431659e+01 4.687286901648209381e-01
7.687987497733198552e+02 -1.235098622263523538e+01 4.719106645227498786e-01
7.748048238156472962e+02 -1.252347073889344387e+01 4.749260458934426166e-01
7.807828398199471849e+02 -1.269300056684791045e+01 4.777721031724054823e-01
7.867386276843728865e+02 -1.285954584827867464e+01 4.804512965369702737e-01
7.926765607630303521e+02 -1.302319520873992964e+01 4.829705207618138485e-01
7.986017616807597506e+02 -1.318391169894832515e+01 4.853233616219426727e-01
8.045311570836798865e+02 -1.334179090690360425e+01 4.875196260803916770e-01
8.104315759463462427e+02 -1.349443696894630662e+01 4.895183312248082563e-01
8.163392504009269715e+02 -1.364411814442759585e+01 4.913736816027423626e-01
8.222497851503507036e+02 -1.379099961564573462e+01 4.930789314714352778e-01
8.281573129416349275e+02 -1.393485769032916366e+01 4.946326340667255850e-01
8.340492795684242537e+02 -1.407537675340391381e+01 4.960235885726564931e-01
8.399251427875739182e+02 -1.421224734387440947e+01 4.972492958962760334e-01
8.457741948822246059e+02 -1.434520322746389454e+01 4.982974717757648331e-01
8.515940910530796373e+02 -1.447397266219750733e+01 4.991551107205152160e-01
8.573808212597785996e+02 -1.459832796187312809e+01 4.998206352015155951e-01
8.631315007620283950e+02 -1.471806098747039471e+01 5.002924671522940292e-01
8.688176066136966256e+02 -1.483102337493449774e+01 5.005562017105453787e-01
8.744581150637637847e+02 -1.493860241532280320e+01 5.006224362816067419e-01
8.800574487342138355e+02 -1.504121139951353037e+01 5.004877872826675178e-01
8.856137852739988148e+02 -1.513874284336049136e+01 5.001575191061531367e-01
8.911317941928097071e+02 -1.523112262003264661e+01 4.996300499201605239e-01
8.966001799848137352e+02 -1.531825792148719323e+01 4.989037969546046281e-01
9.020233862724824121e+02 -1.540020927883722734e+01 4.979871274286116201e-01
9.073990919756528228e+02 -1.547695899604478598e+01 4.968805830208783414e-01
9.127235830097326925e+02 -1.554843628124366717e+01 4.955922722156849702e-01
9.179891599418427859e+02 -1.561467392810707011e+01 4.941255137465843661e-01
9.231729520189784353e+02 -1.567389579501603514e+01 4.924863268254353055e-01
9.282861384940292737e+02 -1.572706738111238423e+01 4.906917226533599741e-01
9.333375915136607546e+02 -1.577527498152750951e+01 4.887469124689679534e-01
9.383337424380008542e+02 -1.581860271722656641e+01 4.866572574111426297e-01
9.432706675758747679e+02 -1.585723829809891505e+01 4.844279720392419830e-01
9.481461296497797093e+02 -1.589120151452523722e+01 4.820736053528349441e-01
9.529576700768301407e+02 -1.592032584307705534e+01 4.795865455279452738e-01
9.577041525367901613e+02 -1.594444146677934881e+01 4.769527202531541055e-01
9.623861594057216280e+02 -1.596340757395797638e+01 4.741707146702339726e-01
9.669939180380602011e+02 -1.597704086973389970e+01 4.712349158260354942e-01
9.715045678831264695e+02 -1.598400454824776773e+01 4.681627866576002495e-01
9.759145656091238834e+02 -1.598428044543681814e+01 4.649518661596810376e-01
9.802389069384752247e+02 -1.597885288099456069e+01 4.615766796763836055e-01
9.844800181019638785e+02 -1.596773123378888393e+01 4.580321930203413161e-01
9.886445590315231584e+02 -1.595096723179304199e+01 4.543154887649694662e-01
9.927282626729813728e+02 -1.592854362867045204e+01 4.504236480982874435e-01
9.967380559493655028e+02 -1.590051588548474903e+01 4.463547028835398445e-01
1.000680867145370598e+03 -1.586689713040083838e+01 4.421065579063324091e-01
1.004544952190179174e+03 -1.582767959294443472e+01 4.376762900820110325e-01
1.008343151288609192e+03 -1.578303022599794936e+01 4.330609748523381319e-01
1.012050322172506526e+03 -1.573213084360747338e+01 4.282900645541306006e-01
1.015642895023254368e+03 -1.567467926497925212e+01 4.233903666195760751e-01
1.019142622263938961e+03 -1.561201698359169932e+01 4.183084851103370250e-01
1.022553780475637495e+03 -1.554436651059462093e+01 4.130426973409083713e-01
1.025860750551678166e+03 -1.547184680717753125e+01 4.075913580147250137e-01
1.029068331396294298e+03 -1.539451641059816822e+01 4.019527091551435838e-01
1.032168863941091104e+03 -1.531257915899639777e+01 3.961257715784457512e-01
1.035186586060432091e+03 -1.522633958755474559e+01 3.901080314077136624e-01
1.038128416528983962e+03 -1.513600866691067104e+01 3.839017070705755263e-01
1.040993512593268179e+03 -1.504150461666587901e+01 3.775226747330505672e-01
1.043782592923946822e+03 -1.494234644574988735e+01 3.710135426014180005e-01
1.046460239671683667e+03 -1.483751215979789428e+01 3.644705451052158707e-01
1.049078004312836356e+03 -1.472817835050028989e+01 3.578155172681260487e-01
1.051627232750290432e+03 -1.461423851094624737e+01 3.510626804009803759e-01
1.054090882057900899e+03 -1.449560263544942096e+01 3.442350616295422605e-01
1.056464996124503386e+03 -1.437214312817812711e+01 3.373419442884890151e-01
1.058741073371449147e+03 -1.424375428263803833e+01 3.304016996684842056e-01
1.060905532679015323e+03 -1.411033616129486923e+01 3.234323001721099988e-01
1.062956811524994009e+03 -1.397187343454868547e+01 3.164430209311533404e-01
1.064880352684737318e+03 -1.382818952353612474e+01 3.094566172048683894e-01
1.066671567988440756e+03 -1.367930686469834356e+01 3.024891898547278357e-01
1.068282233547081660e+03 -1.352433153423863921e+01 2.957009066656573482e-01
1.069765260639709140e+03 -1.336434013281650657e+01 2.889475818155222697e-01
1.071111548456724904e+03 -1.319920403091847128e+01 2.822532408781321944e-01
1.072323788166580698e+03 -1.302898628807140646e+01 2.756241662282563065e-01
1.073401724955616146e+03 -1.285368338102250618e+01 2.690673970312653096e-01
1.074342146778625875e+03 -1.267329170887759737e+01 2.625973689401430722e-01
1.075141806861086707e+03 -1.248785928656297628e+01 2.562129874131930385e-01
1.075806367255455598e+03 -1.229741957054515922e+01 2.499219503215485139e-01
1.076328221328549034e+03 -1.210203503878462961e+01 2.437364857700525522e-01
1.076701146581818875e+03 -1.190179797955494934e+01 2.376584612980617850e-01
1.076881781586621628e+03 -1.169651805529377597e+01 2.318750853129636635e-01
1.076904718232979576e+03 -1.148660930554661697e+01 2.262341724721354252e-01
1.076791373403836587e+03 -1.127216043146305502e+01 2.207060293954235530e-01
1.076533887757960429e+03 -1.105319571559237524e+01 2.152941416623549153e-01
1.076134320263770860e+03 -1.082987887547668038e+01 2.099992680634754361e-01
1.075588702749512549e+03 -1.060227753299035669e+01 2.048272522054431777e-01
1.074903190951629767e+03 -1.037044758663612498e+01 1.997680505137259255e-01
1.074081475901213253e+03 -1.013455704429643944e+01 1.948174098073906235e-01
1.073119587565341817e+03 -9.894566659871694370e+00 1.899683767889359665e-01
1.072028072375964030e+03 -9.650592858153773435e+00 1.852181546721727856e-01
1.070771487028374622e+03 -9.403169134119153227e+00 1.807087621937700783e-01
1.069371745488204397e+03 -9.152166589451510958e+00 1.763322124679642111e-01
1.067858381272870020e+03 -8.897575605799568521e+00 1.720247949689776290e-01
1.066226072661143235e+03 -8.639377119322199761e+00 1.677682246697850543e-01
1.064479624114215767e+03 -8.377792834633876140e+00 1.635507342321535496e-01
1.062613882917959927e+03 -8.112978998276858533e+00 1.593448622407911963e-01
1.060629545142790221e+03 -7.845028775984087765e+00 1.551352898034938366e-01
1.058534010260142168e+03 -7.574185483963618459e+00 1.509040592192594787e-01
1.056316877426057317e+03 -7.300539137309548288e+00 1.466218290435813976e-01
1.053983526545238419e+03 -7.024226489977334786e+00 1.422710911826298441e-01
1.051510883912495501e+03 -6.746133848325538196e+00 1.379646729291107154e-01
1.048926280801543498e+03 -6.466238923130255500e+00 1.336129108165122481e-01
1.046258343255396994e+03 -6.183249667601778299e+00 1.291150760527383923e-01
1.043522602348620239e+03 -5.898177724516508569e+00 1.244477322580797712e-01
1.040718161103541206e+03 -5.610490178622524304e+00 1.196459403117086234e-01
1.037853202819050239e+03 -5.320761002577418353e+00 1.147576412970017501e-01
1.034924891529558408e+03 -5.029431624988659699e+00 1.098259283688279297e-01
1.031924811718695082e+03 -4.736225102626832495e+00 1.048835375337922732e-01
1.028846813569355390e+03 -4.442175356657114271e+00 9.996547060481937585e-02
1.025695103607057035e+03 -4.148232858413611446e+00 9.510299930676049951e-02
1.022441824980170736e+03 -3.854352845458122623e+00 9.043604046828727927e-02
1.019073516685938330e+03 -3.562456751698017676e+00 8.601093160631356760e-02
1.015612134511245017e+03 -3.270700442889319604e+00 8.173526883763268525e-02
1.012063915586065491e+03 -2.980425502048752673e+00 7.764482706211028873e-02
1.008423149092015365e+03 -2.691123630918097032e+00 7.375847505976006191e-02
1.004695831531696513e+03 -2.402988965742847594e+00 7.009607376242822652e-02
1.000874092510088531e+03 -2.116426350212615937e+00 6.668661282478750840e-02
9.969701875917155576e+02 -1.831605900546854793e+00 6.355048778230616702e-02
9.929819131655922320e+02 -1.548897694288874805e+00 6.071019870448614991e-02
9.889037383490190223e+02 -1.269004442678550948e+00 5.818482767473145967e-02
9.847311437237145810e+02 -9.917608201167011917e-01 5.604185759357158125e-02
9.804610477567121052e+02 -7.191819599990536549e-01 5.435485037775793227e-02
9.761045803234833329e+02 -4.490874064150906508e-01 5.301273794402921319e-02
9.716685203073859611e+02 -1.819109563616567449e-01 5.201304971338893690e-02
9.671533097135999242e+02 8.191359630030513317e-02 5.137171736230248392e-02
9.625542761123315358e+02 3.423424586022157934e-01 5.109432001094939280e-02
9.578735630150148381e+02 5.999042953413399326e-01 5.118534856036637687e-02
9.531190485297405530e+02 8.545913523145798329e-01 5.163819838967882020e-02
9.482888416254138519e+02 1.105360204030677140e+00 5.245787315604158452e-02
9.433772932146268886e+02 1.353545913481389862e+00 5.364300968492463628e-02
9.383935006647913042e+02 1.597227613278143110e+00 5.522020846177887188e-02
9.333260411011027600e+02 1.835171248366463947e+00 5.729240156760641994e-02
9.281806259541251620e+02 2.069862747332800179e+00 5.964644439108267998e-02
9.229640211655563462e+02 2.301365080275182162e+00 6.238003258322843275e-02
9.176768703629038555e+02 2.529200063863737746e+00 6.541433730320812823e-02
9.123142720325053006e+02 2.754100285577247398e+00 6.871866634624598791e-02
9.068739382314731756e+02 2.975179448728787257e+00 7.230156099498244449e-02
9.013591490661426633e+02 3.192618232671522449e+00 7.612369835660390271e-02
8.957743094963634576e+02 3.407308840733699551e+00 8.017323352327811181e-02
8.901165509693128115e+02 3.619107810701947425e+00 8.440196795719254186e-02
8.843902355297027498e+02 3.828204074339990548e+00 8.891395086080311483e-02
8.785967246491952665e+02 4.031710881057496643e+00 9.362245444415959184e-02
8.727424165681705972e+02 4.233694750458956158e+00 9.852880230744182066e-02
8.668340603528715747e+02 4.434462250154999730e+00 1.035848171835621334e-01
8.608724976784546925e+02 4.633874857637111155e+00 1.087718552797300731e-01
8.548562796593545272e+02 4.832461241787878059e+00 1.140642976102668182e-01
8.487929407833916002e+02 5.030750088418976418e+00 1.194060762608303294e-01
8.426795986207116584e+02 5.229270102504168349e+00 1.247937899216507579e-01
8.365074879175570004e+02 5.428550010323863972e+00 1.301204756138591156e-01
8.302911559036926974e+02 5.627622972014488134e+00 1.354480668904105012e-01
8.240228858852206031e+02 5.827166242385739992e+00 1.407402013227996573e-01
8.177216696450029758e+02 6.022797681416766302e+00 1.460875810859896262e-01
8.113853471433064897e+02 6.216870074516525513e+00 1.513732559885000439e-01
8.050107881534536318e+02 6.409306453546184557e+00 1.566339557158339946e-01
7.986122859538965031e+02 6.599882568112397152e+00 1.619478143591016328e-01
7.921941511339800854e+02 6.788336659874371293e+00 1.672291186138846752e-01
7.857581212894192504e+02 6.973628498437766332e+00 1.725304824838666262e-01
7.793003439105939378e+02 7.155753552278526719e+00 1.779017880807491070e-01
7.728388690946502493e+02 7.334588269484893175e+00 1.833232808523493351e-01
7.663642646769652629e+02 7.508973461953881490e+00 1.887632475185143655e-01
7.598918103884810762e+02 7.678885630966437503e+00 1.942211683563782321e-01
7.534237108684711757e+02 7.842017099335502728e+00 1.996694537593463881e-01
7.469681789838600707e+02 7.998998303633027440e+00 2.051994207319891017e-01
7.405165134214045111e+02 8.150835038271424082e+00 2.108000358998358414e-01
7.340763240188520058e+02 8.296603900735528114e+00 2.164019282578990289e-01
7.276483328899722665e+02 8.437105861377661498e+00 2.220392978215019741e-01
7.212374632301634847e+02 8.572076630734510871e+00 2.277238590496631077e-01
7.148441922567175197e+02 8.700563039604070070e+00 2.334575559391760535e-01
7.084709473303339564e+02 8.822452510031123296e+00 2.392794888434633394e-01
7.021152759984855720e+02 8.938516239015552145e+00 2.451251957455490293e-01
6.957825326903149517e+02 9.048031654074002006e+00 2.510405584673255919e-01
6.894982478169141586e+02 9.149060818793479655e+00 2.568946753522917126e-01
6.832519880511453039e+02 9.242069738896493192e+00 2.627727868323056493e-01
6.770340354192700261e+02 9.329306719162078210e+00 2.687221327216139377e-01
6.708477367213462230e+02 9.410089871589056187e+00 2.747422542705439952e-01
6.647000705115044639e+02 9.485163153664871061e+00 2.808663197751986029e-01
6.585876583014944572e+02 9.554018022840658375e+00 2.870672952619100493e-01
6.525064174235727705e+02 9.616145897217721839e+00 2.932970361888737609e-01
6.464570630661347650e+02 9.672149848847302778e+00 2.995957627946148616e-01
6.404340195455226876e+02 9.721558943496431127e+00 3.059001331749282016e-01
6.344353995477997614e+02 9.764306516530133706e+00 3.122539230231351493e-01
6.284762784842401970e+02 9.798732563293990339e+00 3.185097319020053219e-01
6.225534315510097940e+02 9.824851742835900126e+00 3.246874614554611238e-01
6.166515127077316265e+02 9.844396180711097344e+00 3.307932664682040058e-01
6.107758149575043944e+02 9.858735172723466889e+00 3.370145662947611198e-01
6.049239365815807332e+02 9.867373553918135087e+00 3.433198004707674333e-01
5.991022286319041541e+02 9.871328351657497890e+00 3.497649427938790412e-01
5.933066852877744850e+02 9.870580827229746390e+00 3.563495934772260565e-01
5.875338457559784047e+02 9.866256850160487701e+00 3.631278665954775220e-01
5.817906057175268870e+02 9.858261062303464328e+00 3.700719563709753968e-01
5.760665568937490661e+02 9.846504389098159393e+00 3.772235321667544161e-01
5.703702740318757378e+02 9.830761134982916261e+00 3.845232032698964741e-01
5.647183669508442563e+02 9.810571234362804205e+00 3.918455874646594173e-01
5.590747211363632232e+02 9.787403659081629570e+00 3.993073583381726022e-01
5.534328387580449089e+02 9.761852072098500699e+00 4.069802396833954172e-01
5.477920505122598342e+02 9.733197954779869931e+00 4.148524102482261666e-01
5.421600334177807099e+02 9.702236545449034466e+00 4.228662383658149948e-01
5.365392760977812259e+02 9.668744142315889079e+00 4.309987552333752747e-01
5.309389309077891994e+02 9.632653909028105588e+00 4.392236936352259535e-01
5.253652540639126300e+02 9.593984496991259547e+00 4.474719770728130541e-01
5.198239202917965258e+02 9.552618270003494061e+00 4.557426070118153483e-01
5.143251533935818998e+02 9.508374708337871795e+00 4.638641098671093532e-01
5.089018750290817366e+02 9.460213913845436196e+00 4.717492182989083682e-01
5.035327105085237918e+02 9.409368297083197774e+00 4.794297629378811987e-01
4.982093244254533602e+02 9.355882852809704886e+00 4.870601326506417417e-01
4.929435306915578963e+02 9.299643724600239025e+00 4.944648995058522067e-01
4.877349315895559130e+02 9.240668626248835338e+00 5.017505841146812084e-01
4.825858276170555996e+02 9.178840031608078931e+00 5.088481201598180625e-01
4.774987493179355624e+02 9.114096100059647654e+00 5.156884410152643428e-01
4.724850047313146320e+02 9.046371381980026882e+00 5.222621586625350032e-01
4.675358019124017233e+02 8.975557610935711139e+00 5.285294504613319289e-01
4.626635318331189524e+02 8.901646345063410237e+00 5.344193385222264503e-01
4.579162637015987798e+02 8.823936309120261612e+00 5.395748476586992304e-01
4.532445639222353861e+02 8.743060589813934413e+00 5.443505654142880568e-01
4.486575411933326905e+02 8.659035984235536887e+00 5.486169218034555595e-01
4.441539478007454704e+02 8.571908514111621358e+00 5.525432170789763564e-01
4.397295079500588599e+02 8.481717752349418049e+00 5.560374042064183397e-01
4.353903028752196747e+02 8.388515863047709686e+00 5.591706032422512074e-01
4.311425142865941211e+02 8.292357930658734944e+00 5.619636473468729854e-01
4.269761073047764057e+02 8.193281281826918061e+00 5.644646465755867037e-01
4.228932965383500573e+02 8.091332530793225786e+00 5.666651405005201925e-01
4.188980690119217911e+02 7.986527903361942293e+00 5.685692657207310763e-01
4.150285521293510556e+02 7.879103458239502089e+00 5.698648859850772297e-01
4.112411585347585401e+02 7.769027773627938949e+00 5.707880528539239773e-01
4.075422282471676567e+02 7.656195741998918614e+00 5.714752988113213084e-01
4.039198509435036044e+02 7.540583610956473670e+00 5.718574876150345210e-01
4.003757173101342346e+02 7.422228896378539886e+00 5.719721729829976287e-01
3.969072302684110127e+02 7.301080243371795397e+00 5.718673934473655907e-01
3.935164992897655338e+02 7.177099137889748626e+00 5.715283648881748224e-01
3.902033368664692716e+02 7.050243569553401812e+00 5.709633527576161161e-01
3.869662979521036164e+02 6.920473995612196561e+00 5.702977255626877628e-01
3.838070782872945870e+02 6.787738352568763567e+00 5.694623528673602442e-01
3.807485862133520413e+02 6.652781708654591952e+00 5.682542792817696364e-01
3.777742518355328798e+02 6.515214536228691955e+00 5.669482248030329741e-01
3.748699687474757525e+02 6.374726471916761561e+00 5.656089522188519902e-01
3.720236222989045132e+02 6.231231770259686442e+00 5.643178175516746498e-01
3.692369143991957685e+02 6.084675624833798757e+00 5.631908472566061752e-01
3.665073671692589414e+02 5.935086331324651354e+00 5.621587904168418026e-01
3.638221474208841073e+02 5.782383302023504257e+00 5.613489131366699025e-01
3.611862931016984248e+02 5.626542388845164666e+00 5.608511142699927898e-01
3.585824965975827467e+02 5.467324129564421931e+00 5.606598826116179213e-01
3.560178113805091584e+02 5.304738438585757443e+00 5.608528752670779438e-01
3.535158496373854291e+02 5.140027754358761136e+00 5.611663392404182549e-01
3.510689068766593550e+02 4.973497703525298519e+00 5.616492029328222779e-01
3.486581292300775772e+02 4.804653647446156306e+00 5.624274005609480875e-01
3.462985514796208690e+02 4.633870102819294345e+00 5.633875500083609378e-01
3.439834999394300326e+02 4.461598368887456978e+00 5.645598825476769722e-01
3.417192139978162118e+02 4.288160614936256998e+00 5.658489555437195007e-01
3.395096983705342950e+02 4.113949413630066942e+00 5.671593143429881634e-01
3.373568027611458433e+02 3.939316321731009651e+00 5.685062469830911569e-01
3.352563874944480631e+02 3.764716447554725232e+00 5.697986721052307191e-01
3.332216728093345637e+02 3.590498393514786724e+00 5.709148720659703580e-01
3.312604543901589409e+02 3.418037151432927079e+00 5.717764920454039279e-01
3.293757467228289784e+02 3.248096868934343018e+00 5.722671924543789590e-01
3.275531742854925596e+02 3.079170487509203635e+00 5.725972949422475367e-01
3.257852187801162245e+02 2.911432823907159406e+00 5.728387342945605587e-01
3.240805730446223265e+02 2.744955110898214645e+00 5.729598667917228383e-01
3.224254513151303740e+02 2.579863638479793053e+00 5.729047908007540713e-01
3.208287032022788594e+02 2.416266512515099940e+00 5.727681407891246357e-01
3.192883190219454832e+02 2.254183367042925656e+00 5.725258618139252853e-01
3.178123881228243022e+02 2.093840954131366505e+00 5.721093565815098536e-01
3.163918104339573460e+02 1.935259484129522756e+00 5.715882062682523523e-01
3.150434100456306510e+02 1.779482964171215098e+00 5.707631440382746613e-01
3.137787686070039967e+02 1.628016578747488508e+00 5.695788334619503734e-01
3.125794949062430419e+02 1.478758354246928919e+00 5.681651181679822082e-01
3.114472149857084560e+02 1.331811742473321125e+00 5.665709502144593568e-01
3.103845331635604907e+02 1.187186398808014909e+00 5.647319290439825057e-01
3.093849166101631454e+02 1.044774200798603614e+00 5.626872097434009179e-01
3.084430087746875415e+02 9.045364442725688514e-01 5.604417863687010115e-01
3.075590650389763709e+02 7.664905426102353037e-01 5.580064141473601858e-01
3.067298359094641569e+02 6.305583156296380443e-01 5.554173292992854449e-01
3.059517195710102442e+02 4.966223680079528413e-01 5.526071905196072720e-01
3.052257631625894874e+02 3.650146564164010177e-01 5.496850126688135330e-01
3.045630469047818565e+02 2.379031023152457236e-01 5.464859807776250022e-01
3.039639210101952926e+02 1.121037460382924011e-01 5.432388453663670180e-01
3.034202858641507419e+02 -1.268769058652870034e-02 5.399212227385117302e-01
3.029343990245039322e+02 -1.368186379424318200e-01 5.365279059158358788e-01
3.025151242750537222e+02 -2.605329166425645604e-01 5.331393218340056972e-01
3.021578768410872158e+02 -3.840603920109054714e-01 5.297493373541543038e-01
3.018582929275081028e+02 -5.076301396924949305e-01 5.264024897307130191e-01
3.016133433501763648e+02 -6.314865514714804728e-01 5.230992109288384873e-01
3.014193237696511574e+02 -7.558439342905283187e-01 5.198399227109076204e-01
3.012754756190655598e+02 -8.809611823620332460e-01 5.166250367155338363e-01
3.011779027665705257e+02 -1.003445432803174775e+00 5.134791838713126388e-01
3.011142309129933778e+02 -1.127270675227388441e+00 5.104805613693699229e-01
3.010993480369701274e+02 -1.252850446715144672e+00 5.076310828703926026e-01
3.011240026035586652e+02 -1.380859976054081617e+00 5.049893464625457851e-01
3.012000672662657053e+02 -1.512661802525945731e+00 5.026697872918797216e-01
3.013267124088889091e+02 -1.647235537374755365e+00 5.006450006426045318e-01
3.015037343676656860e+02 -1.784448450149240140e+00 4.989330963412398345e-01
3.017343482929126139e+02 -1.924299948664872195e+00 4.975389493583887157e-01
3.020181927990873305e+02 -2.065853473802286455e+00 4.964952930019214117e-01
3.023426953938742372e+02 -2.209022516136203595e+00 4.957923428965689272e-01
3.027107482547688164e+02 -2.350525708266552716e+00 4.954396237697446526e-01
3.031092968703011934e+02 -2.491913839609036341e+00 4.953971121816448386e-01
3.035297889120667492e+02 -2.632846210850634083e+00 4.957205624554712475e-01
3.039732954302730263e+02 -2.773540878006108823e+00 4.964171202513698034e-01
3.044343179346733450e+02 -2.913255329758887680e+00 4.973928652518889160e-01
3.049152680193133165e+02 -3.052157328778006828e+00 4.987001157756825731e-01
3.054182010682091573e+02 -3.189236143568829007e+00 5.003983170402053204e-01
3.059383333965827205e+02 -3.324868268442660035e+00 5.023970950739431451e-01
3.064824892102773219e+02 -3.458783627256458271e+00 5.047610691672782535e-01
3.070597782659883137e+02 -3.591403416305080754e+00 5.075057414253906218e-01
3.076490977880309288e+02 -3.719574581582054229e+00 5.107823166499271261e-01
3.082687728547635970e+02 -3.844711160946316042e+00 5.143871882780531868e-01
3.088991296383821350e+02 -3.967661637770373950e+00 5.184463836243307089e-01
3.095483872850733746e+02 -4.088320340024855781e+00 5.228844974461155370e-01
3.102039801789838975e+02 -4.206547158499447825e+00 5.277304060956654608e-01
3.108658241742857626e+02 -4.322223075422793492e+00 5.329510200374649731e-01
3.115355508386218730e+02 -4.435240358002479510e+00 5.385132474870368835e-01
3.122062201510000250e+02 -4.545565217845090267e+00 5.444964854485198069e-01
3.128876056669654986e+02 -4.653283722995817051e+00 5.508058670779171218e-01
3.135747511377568912e+02 -4.758410912156197270e+00 5.574993529015439542e-01
3.142636709177135117e+02 -4.859629039886694812e+00 5.647211933924464189e-01
3.149620000841778733e+02 -4.957161365677286824e+00 5.723562673272751811e-01
3.156806818723560468e+02 -5.052477013234429215e+00 5.803454479845608915e-01
3.164167776117287190e+02 -5.145527956263171276e+00 5.887260043603206316e-01
3.171706694376530322e+02 -5.236522165104410931e+00 5.974316415807134906e-01
3.179409377401679535e+02 -5.325473883350806403e+00 6.064140860159483726e-01
3.187245891211147750e+02 -5.412564394308597038e+00 6.156886548709226137e-01
3.195227925285345805e+02 -5.497919702807064546e+00 6.252222733364889429e-01
3.203326091696169442e+02 -5.581562143179733759e+00 6.350443628172520727e-01
3.211511000744234821e+02 -5.663689629656176727e+00 6.450784837837191255e-01
3.219756327828327471e+02 -5.743750331072654092e+00 6.554891825391638838e-01
3.228002259686614934e+02 -5.821501967874976202e+00 6.662808118194962770e-01
3.236444938147286052e+02 -5.898772971641934149e+00 6.773237275076403607e-01
3.245173019658066096e+02 -5.975768780738802910e+00 6.884668410028341734e-01
3.254157247131900021e+02 -6.052766194654372711e+00 6.997476728078649844e-01
3.263481795295401753e+02 -6.130081396614794009e+00 7.111445723695767329e-01
3.273117246764641095e+02 -6.208040525439828095e+00 7.226151872188463221e-01
3.283196460783757971e+02 -6.286974282106606360e+00 7.341126919440366105e-01
3.293671669621973592e+02 -6.367132633904313721e+00 7.455883476037150626e-01
3.304664623407185218e+02 -6.448833307144181681e+00 7.569899456579741726e-01
3.316065791231788467e+02 -6.532044023371581076e+00 7.684062753731442097e-01
3.327740891371472571e+02 -6.615993896181374900e+00 7.801159535544259782e-01
3.339838536864298817e+02 -6.701729547897006256e+00 7.918434957073398062e-01
3.352322714432457360e+02 -6.789218850771616687e+00 8.036523638776623679e-01
3.365084891012349999e+02 -6.878305282362163098e+00 8.155936005748403161e-01
3.378093278042857150e+02 -6.968989481971219035e+00 8.277263092683178058e-01
3.391294720377586032e+02 -7.061168495262691636e+00 8.400968204135931261e-01
3.404643464831014512e+02 -7.154794833143196975e+00 8.527618394987969141e-01
3.418102749698848584e+02 -7.249786759700115546e+00 8.657703457042644768e-01
3.431563989521475264e+02 -7.346058366922636473e+00 8.791641563440074636e-01
3.445120508007382796e+02 -7.443572179977461900e+00 8.930172747155519231e-01
3.458443723247846151e+02 -7.541814557430963184e+00 9.077643083153245085e-01
3.471873052319000976e+02 -7.641310964498980063e+00 9.229850079835858478e-01
3.485322523474854961e+02 -7.742026677878037333e+00 9.387116487495594797e-01
3.498779738860377506e+02 -7.843910606057137080e+00 9.549705311181820866e-01
3.512269590272598521e+02 -7.946899360655861777e+00 9.717747246272453454e-01
3.525742034241561669e+02 -8.051045775601000543e+00 9.891462457190000057e-01
3.539199918027140939e+02 -8.156403956390377630e+00 1.007096680970194669e+00
3.552645495091289263e+02 -8.262908891916815435e+00 1.025631771812289594e+00
3.565970061373644171e+02 -8.370643580684024698e+00 1.044764679445479683e+00
3.579286617885774717e+02 -8.479543699027974668e+00 1.064515979335999729e+00
3.592235036090960989e+02 -8.590099841979238704e+00 1.085379865834477542e+00
3.605153775718786164e+02 -8.701955470664977099e+00 1.106884423183127852e+00
3.617989722693617978e+02 -8.815135028367553360e+00 1.128999870395327898e+00
3.630739889871061905e+02 -8.929619505097301513e+00 1.151706772481213337e+00
3.643380388167875026e+02 -9.045291437806319834e+00 1.175002810095593597e+00
3.656013228032087454e+02 -9.162136933584887899e+00 1.198878626890258703e+00
3.668529613321776424e+02 -9.280108328433387399e+00 1.223314168927596368e+00
3.680995302967846783e+02 -9.399115735934278959e+00 1.248293945562450880e+00
3.693459198589190464e+02 -9.519046256916830373e+00 1.273776288034329962e+00
3.705835888339609596e+02 -9.639772771531367468e+00 1.299743673865151772e+00
3.718000811865321680e+02 -9.762091900356438146e+00 1.326560963354628253e+00
3.730082567377519922e+02 -9.885309052258367757e+00 1.353839171548634424e+00
3.742112143203274854e+02 -1.000911162850902336e+01 1.381549698814846350e+00
3.754132578928999919e+02 -1.013337962382066237e+01 1.409527622155365423e+00
3.766183134337354659e+02 -1.025802519744804542e+01 1.437809522212669666e+00
3.778228565587399430e+02 -1.038296059279350914e+01 1.466272568271822063e+00
3.790398925610147671e+02 -1.050808974426221454e+01 1.494901504990391317e+00
3.802663579200511776e+02 -1.063332447031014283e+01 1.523623990556221885e+00
3.814978051346508892e+02 -1.075858193158065568e+01 1.552393010956232500e+00
3.827544935266683410e+02 -1.088370440372160175e+01 1.581121636231053396e+00
3.840120320445178095e+02 -1.100985197841865570e+01 1.610093819834298667e+00
3.852817061322558629e+02 -1.113623684513025758e+01 1.639058672149431573e+00
3.865729609254319143e+02 -1.126207364929562971e+01 1.667792801849398820e+00
3.878930737914233191e+02 -1.138712904655463731e+01 1.696168912528020822e+00
3.892351548859874129e+02 -1.151113167472141185e+01 1.724165983557940818e+00
3.906121841876469034e+02 -1.163406260495206723e+01 1.751683535458388175e+00
3.920136082808494962e+02 -1.175611190956635888e+01 1.778779035810216902e+00
3.934361712406588367e+02 -1.187757683851452661e+01 1.805542721903077519e+00
3.948863639759912871e+02 -1.199888146659787402e+01 1.831914990935368248e+00
3.963532521732105920e+02 -1.212030372114445420e+01 1.858020321325415170e+00
3.978282112291526573e+02 -1.224339400050756588e+01 1.884141326413184103e+00
3.993072600038724431e+02 -1.236849994548325604e+01 1.910220595011493439e+00
4.008015276256917900e+02 -1.249473479652661290e+01 1.936139337405819338e+00
4.023116453129132992e+02 -1.262221053854989705e+01 1.961887025471098278e+00
4.038311870030257182e+02 -1.275118957726926538e+01 1.987561291719815326e+00
4.053658222169698888e+02 -1.288172181317646725e+01 2.013156228205538412e+00
4.069141768631012042e+02 -1.301396087961398251e+01 2.038705310340929167e+00
4.084780550659010032e+02 -1.314810918768253245e+01 2.064229324362989892e+00
4.100549891217885374e+02 -1.328436932854589791e+01 2.089728797590199250e+00
4.116428463441318399e+02 -1.342273526895585434e+01 2.115307849541351981e+00
4.132411245152483730e+02 -1.356441899143906227e+01 2.140987980867479656e+00
4.148501640986132202e+02 -1.371049712887379002e+01 2.166937860367037949e+00
4.164705543663175149e+02 -1.385919697942261308e+01 2.192897845889475228e+00
4.181007851276204406e+02 -1.401057884592888847e+01 2.218927155913872351e+00
4.197472893652149537e+02 -1.416478268456482148e+01 2.245028978463596392e+00
4.214036352692334617e+02 -1.432185927520102453e+01 2.271145463675641185e+00
4.230680471737892958e+02 -1.448177692790756588e+01 2.297364091753264947e+00
4.247491056642706440e+02 -1.464446291714668114e+01 2.323623325472762069e+00
4.264351438795843592e+02 -1.480986826393165856e+01 2.349922857365768447e+00
4.281347433192547669e+02 -1.497797771826479263e+01 2.376297440248089643e+00
4.298463368239466149e+02 -1.514935365431274583e+01 2.402754530925279575e+00
4.315610271464125276e+02 -1.532595192707504950e+01 2.429427956837628244e+00
4.332849879806241233e+02 -1.550496362930304883e+01 2.456088325825248386e+00
4.350164902705732288e+02 -1.568620972370298006e+01 2.482746944418910306e+00
4.367621785860205819e+02 -1.586951142525820302e+01 2.509373268786946554e+00
4.385156178854166455e+02 -1.605472837222908211e+01 2.535964000877285240e+00
4.402749220238258658e+02 -1.624164206299152013e+01 2.562457783725499372e+00
4.420432803171733553e+02 -1.643004041820037386e+01 2.588898899363788253e+00
4.438178688369944211e+02 -1.661966152276453812e+01 2.615238119398017869e+00
4.456057428087744938e+02 -1.681013537555108783e+01 2.641452794177723273e+00
4.473898557213511253e+02 -1.700124386136898735e+01 2.667509961800103913e+00
4.491928517318171998e+02 -1.719568911786105403e+01 2.693503583085630648e+00
4.509956353623236396e+02 -1.738987864896729008e+01 2.719269927698137135e+00
4.528036416443671897e+02 -1.758342101768576882e+01 2.744770190571678814e+00
4.546207532485303204e+02 -1.777591079105522454e+01 2.770039370713465399e+00
4.564420395998571394e+02 -1.796696444840870655e+01 2.795038288660129489e+00
4.582758745845819703e+02 -1.815602126067719624e+01 2.819698299624096016e+00
4.601099287415266872e+02 -1.834262421501309603e+01 2.844002692877578120e+00
4.619539539339859289e+02 -1.852634650506050207e+01 2.867831197572998203e+00
4.638001899169737499e+02 -1.870672437488690676e+01 2.891225490742123316e+00
4.656450653305788023e+02 -1.888322060761709764e+01 2.914169463659316950e+00
4.675116450933494434e+02 -1.905837299393060391e+01 2.936557400044514932e+00
4.693734153472162234e+02 -1.922954484815098652e+01 2.958370256072551108e+00
4.712530868941177573e+02 -1.939669483656250648e+01 2.979661801119596554e+00
4.731421448848836917e+02 -1.956018381034634501e+01 3.000482877369659018e+00
4.750419832218831289e+02 -1.972024223539352761e+01 3.020776270137785602e+00
4.769523080575678478e+02 -1.987717791169844261e+01 3.040520777285792953e+00
4.788831833259735049e+02 -2.003129660851810812e+01 3.059807745357619790e+00
4.808318384158769732e+02 -2.018283393134111137e+01 3.078475797115513668e+00
4.827905546503828305e+02 -2.033201446686897640e+01 3.096613528542605298e+00
4.847692335778850179e+02 -2.047916657469439272e+01 3.114173758988902474e+00
4.867744379201315041e+02 -2.062684908784651938e+01 3.131033196179769718e+00
4.888033772942146129e+02 -2.077357636335996105e+01 3.147155105295343258e+00
4.908477697684754162e+02 -2.091898106351489872e+01 3.162606515111093142e+00
4.929180607633458067e+02 -2.106316822944805978e+01 3.177369580283004868e+00
4.950043626909216528e+02 -2.120617573263466937e+01 3.191495066294143257e+00
4.971128579353462555e+02 -2.134816423886536185e+01 3.204906933024660898e+00
4.992389341412799695e+02 -2.148919543053951386e+01 3.217615102622117362e+00
5.013893617588740881e+02 -2.162940856743238527e+01 3.229635165160887222e+00
5.035595131839858141e+02 -2.176886843250380110e+01 3.240889557970413559e+00
5.057494661310265087e+02 -2.190757254697263079e+01 3.251475813708002871e+00
5.079729502376853247e+02 -2.204711634129513342e+01 3.261116279465682055e+00
5.102228566303971320e+02 -2.218677205051104551e+01 3.269967725123203994e+00
5.124913071673511240e+02 -2.232557194435482373e+01 3.278058152152293570e+00
5.147806721107974681e+02 -2.246351667912556138e+01 3.285454765671994348e+00
5.170897405030489153e+02 -2.260058485207211731e+01 3.292117252386316917e+00
5.194153034911945497e+02 -2.273671398804759036e+01 3.298068843851942766e+00
5.217625463703011519e+02 -2.287178944172336514e+01 3.303313100771103628e+00
5.241222531063336874e+02 -2.300568285803879220e+01 3.307885107054107543e+00
5.264988506007622391e+02 -2.313827139319496595e+01 3.311675936084724992e+00
5.288954833488423901e+02 -2.326943897563672792e+01 3.314754952061597759e+00
5.313078568051714683e+02 -2.339989291785384751e+01 3.316906202296442174e+00
5.337394821675840149e+02 -2.352960924266115228e+01 3.318065944482635032e+00
5.361810216337626116e+02 -2.365723564406953727e+01 3.318561750721322312e+00
5.386369561734046556e+02 -2.378266684063522618e+01 3.318398633968091094e+00
5.410932965806122183e+02 -2.390561815648164412e+01 3.317690330763524820e+00
5.435550918218253855e+02 -2.402590861592264915e+01 3.316487089459644544e+00
5.460226495226437464e+02 -2.414336607202021057e+01 3.314839123159498691e+00
5.484968735667380315e+02 -2.425776969081398349e+01 3.312741854361514804e+00
5.509641964058837402e+02 -2.436877460833503761e+01 3.310335403183397585e+00
5.534285597758984068e+02 -2.447624531964490657e+01 3.307654175449927347e+00
5.558956308306023857e+02 -2.458015472422403391e+01 3.304558367098331395e+00
5.583672263937531852e+02 -2.468062003943769156e+01 3.300842186605568163e+00
5.608260777378732200e+02 -2.477651343035389431e+01 3.296950056710094668e+00
5.632700649170575389e+02 -2.486754285757337612e+01 3.292860070928298466e+00
5.656979116522921913e+02 -2.495342478526209362e+01 3.288653847925880669e+00
5.681032452647750688e+02 -2.503378573631076875e+01 3.284399418541065430e+00
5.704874969677422314e+02 -2.510841197314351447e+01 3.280119883862183894e+00
5.728457274645998041e+02 -2.517731043251140122e+01 3.275791652695420719e+00
5.751819387372644314e+02 -2.524044064186502467e+01 3.271386336216398849e+00
5.775071839287604689e+02 -2.529779525225135117e+01 3.266774105453151833e+00
5.798136278809730584e+02 -2.534953570228992703e+01 3.261738958566766211e+00
5.821286647199781328e+02 -2.539574721226878040e+01 3.255989429549071446e+00
5.844302006769377158e+02 -2.543611464273194045e+01 3.249891013850878529e+00
5.867196720219943700e+02 -2.547068496217268674e+01 3.243327806859454210e+00
5.889985169419832118e+02 -2.549940892986776930e+01 3.236341350474930323e+00
5.912719717294877455e+02 -2.552234786936278255e+01 3.228841928546545503e+00
5.935420464368430657e+02 -2.553942051629211463e+01 3.220785058642040788e+00
5.958058207407718783e+02 -2.555070010808880809e+01 3.212177171993447988e+00
5.980587480243365235e+02 -2.555606378830512782e+01 3.202904801179291550e+00
6.003128249549063185e+02 -2.555544509969522693e+01 3.192916275482885258e+00
6.025671148814681146e+02 -2.554884532052085078e+01 3.182193585337330877e+00
6.048310101372840109e+02 -2.553551136976879476e+01 3.170005779370475896e+00
6.070884529438220625e+02 -2.551590215887671320e+01 3.157001731130046451e+00
6.093482987012409922e+02 -2.548993440751437944e+01 3.143061808466526053e+00
6.116060914625766145e+02 -2.545776160126542464e+01 3.128288330156083319e+00
6.138551070458820504e+02 -2.541921931425747871e+01 3.112709789533778526e+00
6.161020102648693637e+02 -2.537459771611073123e+01 3.096368529940338288e+00
6.183482639439968125e+02 -2.532445315515255047e+01 3.079256845495961237e+00
6.205953327794995857e+02 -2.526821672334805413e+01 3.061423501070039244e+00
6.228380663683171861e+02 -2.520560707351495111e+01 3.043000626770224315e+00
6.250756575850829222e+02 -2.513737834911403723e+01 3.023869751637060510e+00
6.273258960742050476e+02 -2.506252895299454764e+01 3.003538187590665487e+00
6.295745323449507396e+02 -2.498183301227390629e+01 2.982515259073281300e+00
6.318156669856266490e+02 -2.489490491652028226e+01 2.960927083470888732e+00
6.340490042773921004e+02 -2.480215574414661006e+01 2.938682955218453685e+00
6.362686345727055368e+02 -2.470335744679040246e+01 2.915835359162239460e+00
6.384790319222378230e+02 -2.459862779894102047e+01 2.892462807893552590e+00
6.406780299278865414e+02 -2.448803109229599784e+01 2.868529547833962301e+00
6.428632512617886050e+02 -2.437196949132473378e+01 2.844137152579338412e+00
6.450299501250948424e+02 -2.425046016510236768e+01 2.819322048963810445e+00
6.471723712604031107e+02 -2.412352000377466155e+01 2.794089459792307828e+00
6.493103201033768528e+02 -2.399032728904158418e+01 2.768162394285715422e+00
6.514344890059360296e+02 -2.385045193681080988e+01 2.741793121531039823e+00
6.535254408437284610e+02 -2.370573655776754762e+01 2.715288497122232858e+00
6.555970932598140735e+02 -2.355578267739834075e+01 2.688708368171766505e+00
6.576324873063540508e+02 -2.340156812725967939e+01 2.662111252413693396e+00
6.596373242641667503e+02 -2.324280872521490693e+01 2.635561914048142551e+00
6.616079126804473844e+02 -2.307956935065336523e+01 2.609203321011948074e+00
6.635378414002814225e+02 -2.291265534069545495e+01 2.583057444758773524e+00
6.654350120656995387e+02 -2.274144054093759948e+01 2.557225305511637181e+00
6.672820145202243793e+02 -2.256640296459968908e+01 2.531736537507266238e+00
6.690903818704233572e+02 -2.238611238996856656e+01 2.506438015733290392e+00
6.708585149093797781e+02 -2.220174947007456723e+01 2.481432694566547248e+00
6.725706982188064558e+02 -2.201369958327945398e+01 2.456829304395345748e+00
6.742323138460029668e+02 -2.182090769128486940e+01 2.432576419926178790e+00
6.758453787965839865e+02 -2.162337991882330712e+01 2.408656233942183089e+00
6.774097504484417414e+02 -2.142131577167326029e+01 2.385031522737325993e+00
6.789259833495500516e+02 -2.121457063211407501e+01 2.361699397330597527e+00
6.803954005963303189e+02 -2.100267361878383809e+01 2.338633895918851291e+00
6.818233883052774900e+02 -2.078596593643679569e+01 2.315875978198264296e+00
6.832083067856760863e+02 -2.056408576305530289e+01 2.293425947765470152e+00
6.845573085612222712e+02 -2.033499151544811312e+01 2.271037333474920317e+00
6.858680807834640518e+02 -2.009923760252192437e+01 2.248637274769733185e+00
6.871411880450027638e+02 -1.985754562354560449e+01 2.226475541106009537e+00
6.883744395255336030e+02 -1.961020673836527450e+01 2.204479884799314338e+00
6.895606421787598492e+02 -1.935630164564344469e+01 2.182660636984298907e+00
6.907124621906041284e+02 -1.909689655737892977e+01 2.160933075798075365e+00
6.918209409837760404e+02 -1.883089480600600041e+01 2.139296136433046946e+00
6.928885820171392425e+02 -1.855834553105620799e+01 2.117765309614123126e+00
6.939180247809521234e+02 -1.827869240848836441e+01 2.096233688021181152e+00
6.948981140599105402e+02 -1.799311490356894083e+01 2.074802771132750578e+00
6.958464826423363547e+02 -1.769972335968391874e+01 2.053379635297023942e+00
6.967479545584748166e+02 -1.739719958033015956e+01 2.031727983362788592e+00
6.976106015197455008e+02 -1.708820706657045818e+01 2.010183836547449587e+00
6.984301855081614576e+02 -1.677211857309560017e+01 1.988719355098654162e+00
6.992024678979413466e+02 -1.644925171426877952e+01 1.967378741496141892e+00
6.999270923604682366e+02 -1.612070090585157445e+01 1.946167354443374409e+00
7.006094434199931129e+02 -1.578583766778687192e+01 1.925079274681677166e+00
7.012442104893676742e+02 -1.544456782019111785e+01 1.904158667297667584e+00
7.018296856223371378e+02 -1.509722451313379743e+01 1.883449687934912964e+00
7.023644393410014573e+02 -1.474482161061341046e+01 1.862928371297401853e+00
7.028515411592817372e+02 -1.438580421633365169e+01 1.842588138553053811e+00
7.032870912608207163e+02 -1.401850165531862125e+01 1.822276788942524872e+00
7.036755060175893277e+02 -1.364645406241430692e+01 1.802205058768710844e+00
7.040125381229884169e+02 -1.326976136887600610e+01 1.782393966449159262e+00
7.042939389802204460e+02 -1.288809608779045313e+01 1.762821830352813368e+00
7.045230095070151037e+02 -1.250254352022391124e+01 1.743495028059453222e+00
7.047057325102197183e+02 -1.211355537128157422e+01 1.724406523313076534e+00
7.048378551784456931e+02 -1.172110796831391610e+01 1.705652850701316225e+00
7.049151231866347871e+02 -1.132589554674902566e+01 1.687254966988924076e+00
7.049533919010747240e+02 -1.092824662535612035e+01 1.669294852733897772e+00
7.049474818841988508e+02 -1.052993830560106048e+01 1.651689464798457685e+00
7.048940858270427725e+02 -1.012637267393323803e+01 1.634588737817581627e+00
7.047954866781665260e+02 -9.722242798933535823e+00 1.618020537832929762e+00
7.046548426689722646e+02 -9.317875499036942344e+00 1.602007022373818534e+00
7.044708251642574623e+02 -8.913890748582675272e+00 1.586525512845427199e+00
7.042414567066737163e+02 -8.510476612266943519e+00 1.571583555710357905e+00
7.039616444621032088e+02 -8.107793705040743149e+00 1.557217147090111942e+00
7.036364967704363380e+02 -7.706398371164889127e+00 1.543463239124248210e+00
7.032584071439760010e+02 -7.305468832908021071e+00 1.530206653689287322e+00
7.028317886080168364e+02 -6.904404854033728611e+00 1.517557563393051367e+00
7.023408241667322045e+02 -6.504071439683912104e+00 1.505600734033529342e+00
7.017913311246836656e+02 -6.101146706610607318e+00 1.494389228486740828e+00
7.011778713277026327e+02 -5.697582525180129309e+00 1.483914746905916404e+00
7.005001785671768175e+02 -5.293676570429833639e+00 1.474257521671529014e+00
6.997632556355476936e+02 -4.890185827471181135e+00 1.465388537320561513e+00
6.989588347403051785e+02 -4.486507616029884460e+00 1.457346772528813394e+00
6.980950667354110237e+02 -4.082897345339643103e+00 1.450171238232909499e+00
6.971753833430340137e+02 -3.679169123472041836e+00 1.443850734182310136e+00
6.961997703082791986e+02 -3.275483619302415939e+00 1.438385660161666246e+00
6.951720789945748038e+02 -2.871214933629217647e+00 1.433750246331366496e+00
6.940889375931576524e+02 -2.467684310198078101e+00 1.430031816452439930e+00
6.929505087640494594e+02 -2.061842741114025213e+00 1.427305544707440088e+00
6.917514830210178616e+02 -1.655032862982327657e+00 1.425509275444123425e+00
6.905028899166591145e+02 -1.247155131392336358e+00 1.424595964314721686e+00
6.891947604527857720e+02 -8.387122551842411955e-01 1.424508688629120501e+00
6.878240251912255872e+02 -4.284807249879585833e-01 1.425225099421953301e+00
6.863878229960967019e+02 -1.669086312901628746e-02 1.426742764532509700e+00
6.848897752918225024e+02 3.973061535720959214e-01 1.429054072935940223e+00
6.833184364196121123e+02 8.132179960257472917e-01 1.432198540525847719e+00
6.816839067689169269e+02 1.231317287047567710e+00 1.436151924135349756e+00
6.799808050728875060e+02 1.649617731914960528e+00 1.440999862991890756e+00
6.782072313695324510e+02 2.070217750644150811e+00 1.447020792180149007e+00
6.763619140546052222e+02 2.491654112506565877e+00 1.454212006427474613e+00
6.744540343146788928e+02 2.912250275078029915e+00 1.462393938648150371e+00
6.724830043320858977e+02 3.331474118331779977e+00 1.471624290762312715e+00
6.704589108579853018e+02 3.749893604743337772e+00 1.481783935095113858e+00
6.683814808679749149e+02 4.167008564368679835e+00 1.492816600067236710e+00
6.662545097117863406e+02 4.582947540269885600e+00 1.504666078113669370e+00
6.640803369891872308e+02 4.998466036374655808e+00 1.517276227127320798e+00
6.618594064063793212e+02 5.412626928408677429e+00 1.530528236312225010e+00
6.596025150805049861e+02 5.825955091982767620e+00 1.544269852814924793e+00
6.572921284604045695e+02 6.239249003316216680e+00 1.558856396992778892e+00
6.549332750626533652e+02 6.651697008588754123e+00 1.574211449840523303e+00
6.525232512675139560e+02 7.063021223374858160e+00 1.590222250445600283e+00
6.500587161908387088e+02 7.472197571647420489e+00 1.606786944649197135e+00
6.475434445100862604e+02 7.879818947367666304e+00 1.623946132784986007e+00
6.449772376869159416e+02 8.284631063725512945e+00 1.641700793536250425e+00
6.423589407356544143e+02 8.687266739471434462e+00 1.659995434539195180e+00
6.396923179196597857e+02 9.086722223493667983e+00 1.678774641722677208e+00
6.369934620057670145e+02 9.482292502766584974e+00 1.697859760206108293e+00
6.342646851320755559e+02 9.873446279585913032e+00 1.717209986467968408e+00
6.315101294515857262e+02 1.025990608942415960e+01 1.736867171813974098e+00
6.287346301425305910e+02 1.064148214915855029e+01 1.756948274768312723e+00
6.259537992418673866e+02 1.101694749310210852e+01 1.777082715755049946e+00
6.231602250974848403e+02 1.138658742601300133e+01 1.797265810334867764e+00
6.203498032613337045e+02 1.175093282841165987e+01 1.817558423500612141e+00
6.175119312712413375e+02 1.211031969241054895e+01 1.838072427464949365e+00
6.146360031087989455e+02 1.246512988582499482e+01 1.858908879378172507e+00
6.117167355879175830e+02 1.281584876363627323e+01 1.880127502346153001e+00
6.087470817406737069e+02 1.316282281755498040e+01 1.901795883308430080e+00
6.057300060289741168e+02 1.350581611410978056e+01 1.923978279000733149e+00
6.026714037079171931e+02 1.384428713260181709e+01 1.946772276733139240e+00
5.995567093172521709e+02 1.417772663551624746e+01 1.970710696383751070e+00
5.964114830836665533e+02 1.450514316018843886e+01 1.995189313362875971e+00
5.932393001613060051e+02 1.482603314556793883e+01 2.020278169942071766e+00
5.900523553013355240e+02 1.513976352597638098e+01 2.046004281123599888e+00
5.868496359050152478e+02 1.544623704545328025e+01 2.072385676041438085e+00
5.836256393146343271e+02 1.574579482474629089e+01 2.099412807752850441e+00
5.803697217659668013e+02 1.603888378950506421e+01 2.127178973181420130e+00
5.770831380953760572e+02 1.632600787588495805e+01 2.155718046849230962e+00
5.737544383556784169e+02 1.660753050479442905e+01 2.185027252747817172e+00
5.703707597495522350e+02 1.688400791163601511e+01 2.215178051337602039e+00
5.669176138151426585e+02 1.715520937204960816e+01 2.246815156544355485e+00
5.634204432108375613e+02 1.742131791150534426e+01 2.279300680318827155e+00
5.598724439077828947e+02 1.768187277132036073e+01 2.312546083649466233e+00
5.562964984531918162e+02 1.793654182519569318e+01 2.346519862297646419e+00
5.526892330590249003e+02 1.818490080470187920e+01 2.381159969822809419e+00
5.490548469088413412e+02 1.842661690293905608e+01 2.416420423595176281e+00
5.454076249414002859e+02 1.866130323033654648e+01 2.452202867205123038e+00
5.417403292196662505e+02 1.888896833530011676e+01 2.488525890507349292e+00
5.380559090770939292e+02 1.910966979716031844e+01 2.525418031403705132e+00
5.343433270081521869e+02 1.932363100906371045e+01 2.562950488208277200e+00
5.305905010652078317e+02 1.952989030124390624e+01 2.601582589907290632e+00
5.267998587779399031e+02 1.972941319447004105e+01 2.640970032561468450e+00
5.229699588386250753e+02 1.992257856349137413e+01 2.681029211609843976e+00
5.191105620810307073e+02 2.010958906308195182e+01 2.721742489933654863e+00
5.152180550506253667e+02 2.029068254202053367e+01 2.762925803505564826e+00
5.112967206111247833e+02 2.046610134844044993e+01 2.804492274140358177e+00
5.073604978931153937e+02 2.063608745288064128e+01 2.846298069018116550e+00
5.034085076156755463e+02 2.080091111841946017e+01 2.888245629114113644e+00
4.994527642249931318e+02 2.096082284921252281e+01 2.930108101140290522e+00
4.954994639587513348e+02 2.111598180512132572e+01 2.971883558728497743e+00
4.915369497317591936e+02 2.126493460075288766e+01 3.013817010233246663e+00
4.875711582160814714e+02 2.140811615621111841e+01 3.055750460271541069e+00
4.836114916725886701e+02 2.154586206413232574e+01 3.097413084439175179e+00
4.796553413229997318e+02 2.167794754756976516e+01 3.138788678306206226e+00
4.757105748322356362e+02 2.180414798687180067e+01 3.179931549228226295e+00
4.717706449082202198e+02 2.192428101774417115e+01 3.220731635484268995e+00
4.678442558210641664e+02 2.203857807659316492e+01 3.261139172983275714e+00
4.639265348292035469e+02 2.214764975037378747e+01 3.301082119783431246e+00
4.600136255857107130e+02 2.225162424515697168e+01 3.340524709787797253e+00
4.561109438442612145e+02 2.235072976009082524e+01 3.379494461242739778e+00
4.522011245409137814e+02 2.244366069815522025e+01 3.418387924875178285e+00
4.482896577604091135e+02 2.253081350218973711e+01 3.457045936645390061e+00
4.443846183114298469e+02 2.261329849122724056e+01 3.495267706940200281e+00
4.404799461973846064e+02 2.269075030591410780e+01 3.533061836293907909e+00
4.365840282763966229e+02 2.276284396537204202e+01 3.570511114693945220e+00
4.326967070068307635e+02 2.282918664339594272e+01 3.607572362981493086e+00
4.288186035848929691e+02 2.288936046390566403e+01 3.644202433308422862e+00
4.249620647940511162e+02 2.294302959605161973e+01 3.680413414427065266e+00
4.211204845237768382e+02 2.298981273216663368e+01 3.716258461427717208e+00
4.172983367052806898e+02 2.302940267412119013e+01 3.751720906362151275e+00
4.134843281789270009e+02 2.306029596243868340e+01 3.786987838412566365e+00
4.096872400341495108e+02 2.308152732564796850e+01 3.822248434722050892e+00
4.059007481316223789e+02 2.309454093175587985e+01 3.857198519236988865e+00
4.021231195851049165e+02 2.309912816072376884e+01 3.892009303345144389e+00
3.983565441405810361e+02 2.309496211790114373e+01 3.926637822424059454e+00
3.945968037530213905e+02 2.308202601494635076e+01 3.961120106416839537e+00
3.908490424843649294e+02 2.306051954479610799e+01 3.995512087775385801e+00
3.871066387352829565e+02 2.303079949881272270e+01 4.029716707835846456e+00
3.833768514999879926e+02 2.299306048470143438e+01 4.063779159808590613e+00
3.796568273066613983e+02 2.294763242536814474e+01 4.097711477483679587e+00
3.759464941722881122e+02 2.289391692359384933e+01 4.131537745170169806e+00
3.722417842338138598e+02 2.283055865843072141e+01 4.165398836283726425e+00
3.685555568018025383e+02 2.276015351061583658e+01 4.198932228099995889e+00
3.648762323685174351e+02 2.268282520477795572e+01 4.232264889613566616e+00
3.612160308327664779e+02 2.259882099779278519e+01 4.265254703391263114e+00
3.575687946695622372e+02 2.250823050087540977e+01 4.297916588747400013e+00
3.539399332055578498e+02 2.241124629009385316e+01 4.330161891162091159e+00
3.503295508052771083e+02 2.230800474037042846e+01 4.362010604922606838e+00
3.467334335872880047e+02 2.219867600488101900e+01 4.393370774322772121e+00
3.431609080257749724e+02 2.208350138205427982e+01 4.424277745672918094e+00
3.396118603623116883e+02 2.196222899837860965e+01 4.454742766366427631e+00
3.360817147959774047e+02 2.183241099395662133e+01 4.484800348792352231e+00
3.325756651583099597e+02 2.169725961782402024e+01 4.514319697259726816e+00
3.290940418107087453e+02 2.155694029667589717e+01 4.543359485563767564e+00
3.256428804925138252e+02 2.141175147575593485e+01 4.571774224364049566e+00
3.222158177296012695e+02 2.126208615677712288e+01 4.599654419730081933e+00
3.188138067588600961e+02 2.110832254205061176e+01 4.627015476068399025e+00
3.154378416988183176e+02 2.095088987512139767e+01 4.653769989284524122e+00
3.120933446847050163e+02 2.079021686286519355e+01 4.679934088536425563e+00
3.087790771977998929e+02 2.062673168402291779e+01 4.705560811594439841e+00
3.054908400134935960e+02 2.046078805503856657e+01 4.730555271868808198e+00
3.022279258391612302e+02 2.028965446664512129e+01 4.754919523189635733e+00
2.989991058326286861e+02 2.011692148544782199e+01 4.778669196786914597e+00
2.957927773360945025e+02 1.994302883025191520e+01 4.801656262506384110e+00
2.926113152647562856e+02 1.976790198326944648e+01 4.823946301234135703e+00
2.894634601240812799e+02 1.959113463936251875e+01 4.845476129542423571e+00
2.863415996535009640e+02 1.941243999943604948e+01 4.866215307086543262e+00
2.832481292154001835e+02 1.923168353247315920e+01 4.886129825701866380e+00
2.801932260749701982e+02 1.904874984131530624e+01 4.905276300967138958e+00
2.771636038327980600e+02 1.886357815778247371e+01 4.923645741521076147e+00
2.741732026017607495e+02 1.867609583108377791e+01 4.941125526693101122e+00
2.712208932110914930e+02 1.848383950890121596e+01 4.957678439992906583e+00
2.683085959701572278e+02 1.828862975784375777e+01 4.973302296101000941e+00
2.654395113486500577e+02 1.809105533156328249e+01 4.988117725609408026e+00
2.626104053181903737e+02 1.789099079915677848e+01 5.002016321999201764e+00
2.598180466394287009e+02 1.768827718558668849e+01 5.014993170714488357e+00
2.570677087075355871e+02 1.748277372313637201e+01 5.027061828974334290e+00
2.543604663169232083e+02 1.727438523703586526e+01 5.038231867263864849e+00
2.516949024781737307e+02 1.706293761596370118e+01 5.048387738971237937e+00
2.490709751770791627e+02 1.684833257101433190e+01 5.057554412545781197e+00
2.464854680213841505e+02 1.663049505161281516e+01 5.065668492218224905e+00
2.439493572816700748e+02 1.640763383190783742e+01 5.072627635754163755e+00
2.414585896794426105e+02 1.618063684734906715e+01 5.078484674110740116e+00
2.390124499412233376e+02 1.595054097245547098e+01 5.083279008929556753e+00
2.366061474287410817e+02 1.571731510262545406e+01 5.086980684164366551e+00
2.342454972468502206e+02 1.548092667020403823e+01 5.089701013067188029e+00
2.319259645372485465e+02 1.524146715147598208e+01 5.091344110717619387e+00
2.296491048862729940e+02 1.499907656579719983e+01 5.091966312864694366e+00
2.274173356131843491e+02 1.475383007438844096e+01 5.091606686572591300e+00
2.252244153842325431e+02 1.450584909987838955e+01 5.090287249306127748e+00
2.230787512842570948e+02 1.425532058776624389e+01 5.087921330110436458e+00
2.209790077011186327e+02 1.400115577725126670e+01 5.084465514688327303e+00
2.189228351622519426e+02 1.374351903057609370e+01 5.079899467143467184e+00
2.169150843172602094e+02 1.348385300912848273e+01 5.074381124466434301e+00
2.149455328376774332e+02 1.322215818697860357e+01 5.067920000621306542e+00
2.130143185747532755e+02 1.295861792247732858e+01 5.060600482602006345e+00
2.111198321824282402e+02 1.269334690955220246e+01 5.052420784884743554e+00
2.092635938530787314e+02 1.242653204734663674e+01 5.043387217327707006e+00
2.074451975790624090e+02 1.215831800959818310e+01 5.033512407445114967e+00
2.056643310136748255e+02 1.188889063641762611e+01 5.022850113654753201e+00
2.039135421919917803e+02 1.161864462192520087e+01 5.011523619390469975e+00
2.022008109467428483e+02 1.134733998535151223e+01 4.999341281575357065e+00
2.005355484221185804e+02 1.107488317943494494e+01 4.986345638605331310e+00
1.988996356326954071e+02 1.080273273740654183e+01 4.972796377552787916e+00
1.972970986092896908e+02 1.053133835519385109e+01 4.958889881752623019e+00
1.957248062946621587e+02 1.026098222245411939e+01 4.944647244843647371e+00
1.941796310277443638e+02 9.991832235433713905e+00 4.930143005551435920e+00
1.926584485195845104e+02 9.724170222616265846e+00 4.915436062037791487e+00
1.911635302323657299e+02 9.458278028716494035e+00 4.900548396143308061e+00
1.896897190740181998e+02 9.194328911718907094e+00 4.885544404407928809e+00
1.882409138061891269e+02 8.932340256068384221e+00 4.870360611358213632e+00
1.868227546678640181e+02 8.671993477896924318e+00 4.854707716659663497e+00
1.854364447288833730e+02 8.412819630687261352e+00 4.838383557864769813e+00
1.840783814518024997e+02 8.155789488126666598e+00 4.821620509722453818e+00
1.827513293461944954e+02 7.900851897727717343e+00 4.804451255311498414e+00
1.814560582549384833e+02 7.648132050151579264e+00 4.786857499208381661e+00
1.801851952721392536e+02 7.397667775803014045e+00 4.768750428165965616e+00
1.789487822288394341e+02 7.149492508002526669e+00 4.750103672168273228e+00
1.777462942586840313e+02 6.903629160165719370e+00 4.730901401512634941e+00
1.765745469389224240e+02 6.660088379370406209e+00 4.711164154423688188e+00
1.754407154555817101e+02 6.418882147767605240e+00 4.690736639713120937e+00
1.743409989460330962e+02 6.179969713838151968e+00 4.669763395051277577e+00
1.732875762645773534e+02 5.943052874240803085e+00 4.647525427918771435e+00
1.722681330529691763e+02 5.708590973197776641e+00 4.624726524269989980e+00
1.712882334546052334e+02 5.476555179831355424e+00 4.601227190692510405e+00
1.703416742101850900e+02 5.246885563410307540e+00 4.577035342644060201e+00
1.694326114288924998e+02 5.019505857911363833e+00 4.552158793812643545e+00
1.685622248659951765e+02 4.794334588539527431e+00 4.526516353061312614e+00
1.677265154721492308e+02 4.571295204296096593e+00 4.500130235519812061e+00
1.669259340551731441e+02 4.350358705255650271e+00 4.472904981105576994e+00
1.661609339548301989e+02 4.131379990461586438e+00 4.444824932705330411e+00
1.654393445484741676e+02 3.914458322567303750e+00 4.415993664211688596e+00
1.647618319272645238e+02 3.699862759643764321e+00 4.385682256953433722e+00
1.641284452582617064e+02 3.487652807008440714e+00 4.354600425924196827e+00
1.635257266666208977e+02 3.277785067992259993e+00 4.322804001862858847e+00
1.629608925879514061e+02 3.070397228774167875e+00 4.290271219047367524e+00
1.624344106601332101e+02 2.865528381576425421e+00 4.256984827799205284e+00
1.619424130734834932e+02 2.663364947061473753e+00 4.223047874929067191e+00
1.614858868088089139e+02 2.464047389641536689e+00 4.188461930574004732e+00
1.610575251363374321e+02 2.267695976944034797e+00 4.153195406988658966e+00
1.606646908396459139e+02 2.074507856027246522e+00 4.117254866230499744e+00
1.602980474427406818e+02 1.884680611112017568e+00 4.080646794567303282e+00
1.599730754578552308e+02 1.699107126455430494e+00 4.042881940404238428e+00
1.596689621143699185e+02 1.517413727367767029e+00 4.004347098808327843e+00
1.593940582044368171e+02 1.339167536114195922e+00 3.965382277991145621e+00
1.591378985021296728e+02 1.163962873187005753e+00 3.926186172614673620e+00
1.589070973988185926e+02 9.914309114082173746e-01 3.886957411533672246e+00
1.586936842355844419e+02 8.213025253204442322e-01 3.847936861155017318e+00
1.584987499663419612e+02 6.532508410325633674e-01 3.809270404554228939e+00
1.583192595524118929e+02 4.868822515800076967e-01 3.771134822525333163e+00
1.581493110778530138e+02 3.219178737794672340e-01 3.733567692687020934e+00
1.580037174979563019e+02 1.583184881135363820e-01 3.696550193082973390e+00
1.578710921086461383e+02 -3.254575612713361821e-03 3.659583664539633130e+00
1.577627120921052608e+02 -1.632901250409020955e-01 3.622848411117491896e+00
1.576709066534972976e+02 -3.224516042724120402e-01 3.586324296399135303e+00
1.575853213944454865e+02 -4.807780519385610463e-01 3.550019950570684646e+00
1.575147829309038343e+02 -6.379563118657891607e-01 3.513851432938194908e+00
1.574581803120284746e+02 -7.933930841937831824e-01 3.477833839507252112e+00
1.574137563302430181e+02 -9.465494898605314456e-01 3.442069614501794828e+00
1.573733512503275449e+02 -1.096774310554629928e+00 3.406590270931074471e+00
1.573460058769405521e+02 -1.243524526624023796e+00 3.371485234559373101e+00
1.573187304709665852e+02 -1.386144151527122004e+00 3.336881350398875679e+00
1.573091927697423955e+02 -1.523154079235178981e+00 3.302552093534887767e+00
1.573058954770335731e+02 -1.654801125948748730e+00 3.268453989282105621e+00
1.573098322405715237e+02 -1.782394606435273587e+00 3.234788613971503857e+00
1.573305162718310442e+02 -1.906353794850727201e+00 3.201490445951370667e+00
1.573585074562317061e+02 -2.027130171035731454e+00 3.168488866137992854e+00
1.574000141795644367e+02 -2.145117556032933415e+00 3.135759770976630278e+00
1.574577953942516331e+02 -2.260635802312335851e+00 3.103214322938432801e+00
1.575322034729737197e+02 -2.373608561341152612e+00 3.070812448092723468e+00
1.576256432045554163e+02 -2.483523664040320877e+00 3.038638289528503122e+00
1.577299293878616595e+02 -2.589903621606822082e+00 3.006705384022229310e+00
1.578394735576838741e+02 -2.691442076350896606e+00 2.974929324767344063e+00
1.579737905661695549e+02 -2.786847181962303299e+00 2.943269271580863489e+00
1.581135126051844111e+02 -2.877138249448365048e+00 2.911994506596799148e+00
1.582569216206901785e+02 -2.961961371668170973e+00 2.881042001628362215e+00
1.584103109880051079e+02 -3.041536540221825735e+00 2.850405405166837713e+00
1.585670753231944445e+02 -3.115965924480407878e+00 2.819912217382244179e+00
1.587345274653634135e+02 -3.185736335836008237e+00 2.789525846216843519e+00
1.589134482137574480e+02 -3.250965306693103241e+00 2.759056300362627834e+00
1.590998133939897912e+02 -3.312225003395513845e+00 2.728515228730278963e+00
1.592966398533665426e+02 -3.369424031427834088e+00 2.697713348526778798e+00
1.595079203801435028e+02 -3.422181093410466612e+00 2.666648731230799818e+00
1.597315412823257930e+02 -3.468567151164665407e+00 2.635406758012091455e+00
1.599641727202353536e+02 -3.512352303230547701e+00 2.604302761091168428e+00
1.602015390734460425e+02 -3.552885177111475112e+00 2.573442658078158196e+00
1.604466524305019561e+02 -3.589820650636233346e+00 2.542909343497819386e+00
1.607025236965999682e+02 -3.623468748814036466e+00 2.512934025460673571e+00
1.609630984906854678e+02 -3.654592180468283047e+00 2.483527897444967270e+00
1.612279282324741700e+02 -3.683409584620002342e+00 2.454651275417735423e+00
1.614976520797214334e+02 -3.709267001835567346e+00 2.426324488377300970e+00
1.617723791425043771e+02 -3.733528459406756816e+00 2.398536921236052777e+00
1.620477809327267664e+02 -3.755327126486083689e+00 2.371243935294323979e+00
1.623355283726944549e+02 -3.772431241924762535e+00 2.344388736752846203e+00
1.626283933679648044e+02 -3.788844594533260501e+00 2.318072906581477799e+00
1.629271466024741812e+02 -3.803322891693583951e+00 2.292308794655338655e+00
1.632281209119082916e+02 -3.817579067705568541e+00 2.267049701709726417e+00
1.635306191867372547e+02 -3.830731961827452903e+00 2.242375081191676944e+00
1.638368591430248387e+02 -3.843971328523879460e+00 2.218245817103583040e+00
1.641439871569407103e+02 -3.857463920590379569e+00 2.194674436326238709e+00
1.644592979695312351e+02 -3.871355462790029733e+00 2.171718226324384826e+00
1.647718354699917995e+02 -3.886138780143706395e+00 2.149366874617109069e+00
1.650920294390264189e+02 -3.901561006886144156e+00 2.127647740411820365e+00
1.654092379442535616e+02 -3.915025525731007150e+00 2.106548360060368275e+00
1.657303316200781751e+02 -3.928885590681738815e+00 2.086194063985762792e+00
1.660449428255821260e+02 -3.942502191064658490e+00 2.066558685942329721e+00
1.663594323278056777e+02 -3.956187016175142457e+00 2.047691194104014123e+00
1.666737846060100026e+02 -3.969215766376935406e+00 2.029604805865978356e+00
1.669871105727124814e+02 -3.981554930834047212e+00 2.012252440913392171e+00
1.672977427546208844e+02 -3.993753201779942419e+00 1.995688100876001014e+00
1.676003948462800395e+02 -4.004865756376083219e+00 1.979941781831800141e+00
1.679043002218141964e+02 -4.015517090133670308e+00 1.964966715732773261e+00
1.682021546083115027e+02 -4.024366767477128626e+00 1.950861147386350192e+00
1.684908926320297553e+02 -4.030556588464452084e+00 1.937641492582868663e+00
1.687744002784670840e+02 -4.035072568087457512e+00 1.925291705328330494e+00
1.690538169492635348e+02 -4.038333990987085009e+00 1.913808615344729791e+00
1.693246808317813930e+02 -4.040111543733246435e+00 1.903146013261085123e+00
1.695894069751445841e+02 -4.039850532719724718e+00 1.893257806503227059e+00
1.698461985266619934e+02 -4.038385971097109284e+00 1.884182208161663263e+00
1.700927823140825410e+02 -4.034880741927763026e+00 1.875967026558447381e+00
1.703315657534177205e+02 -4.029533221384203223e+00 1.868509792974820893e+00
1.705649536983323173e+02 -4.022936729837736536e+00 1.861860818690618036e+00
1.707882107450447506e+02 -4.014256899943529078e+00 1.856024354259441234e+00
1.709988918532496882e+02 -4.003242663298343551e+00 1.851192645201253262e+00
1.712004494517793205e+02 -3.989540725212169736e+00 1.847299879473633277e+00
1.713954071454544135e+02 -3.974948517722625141e+00 1.844276405272570640e+00
1.715818076298596111e+02 -3.958661347459715429e+00 1.842103616500681440e+00
1.717649254031306043e+02 -3.941271819400516740e+00 1.840765510052674969e+00
1.719375226772521046e+02 -3.922962281385139249e+00 1.840244169569259736e+00
1.721068607807399076e+02 -3.903846131734618474e+00 1.840542474747527857e+00
1.722667406405676616e+02 -3.883402592825185629e+00 1.841519715038221650e+00
1.724221578495937024e+02 -3.862188546659931276e+00 1.843224252712953426e+00
1.725666175264043716e+02 -3.839649770063876311e+00 1.845663774685523340e+00
1.727109546030399656e+02 -3.815859216979298640e+00 1.848957806845636709e+00
1.728421690209375470e+02 -3.790714775524745672e+00 1.853030314291886693e+00
1.729676133108769420e+02 -3.765191152829966637e+00 1.857720633972792745e+00
1.730916880041768593e+02 -3.739495771018443104e+00 1.862985093089336353e+00
1.732105564134634790e+02 -3.713803476648404711e+00 1.868812773556581597e+00
1.733298518441799843e+02 -3.688265495494429391e+00 1.875176628762639019e+00
1.734468628535779828e+02 -3.663089431352101855e+00 1.882031665566289647e+00
1.735626533513600691e+02 -3.638373808627026307e+00 1.889267235512645859e+00
1.736823334532015792e+02 -3.614443457785990965e+00 1.896895458437901860e+00
1.738040337702902320e+02 -3.591379676159468737e+00 1.904927498024109545e+00
1.739256435877203160e+02 -3.569030005231862646e+00 1.913307835614602048e+00
1.740464353595174316e+02 -3.547270560239308868e+00 1.922300505129541648e+00
1.741743162785129755e+02 -3.527031038564349963e+00 1.931422850396903534e+00
1.743092052007776829e+02 -3.508568427007255686e+00 1.940704541976522979e+00
1.744465444688609068e+02 -3.492082141695158182e+00 1.950060316689068429e+00
1.745904238277933018e+02 -3.477466358968136717e+00 1.959511306663523245e+00
1.747410042018156844e+02 -3.464719735046213334e+00 1.969143584876663411e+00
1.748937834738166544e+02 -3.453744497906276578e+00 1.978950138927769054e+00
1.750546138748901512e+02 -3.444485863969552142e+00 1.989070387979850363e+00
1.752124418398143462e+02 -3.436889315692936986e+00 1.999474843139802616e+00
1.753615706366235827e+02 -3.430931598929000792e+00 2.010282750151033415e+00
1.755120303685682472e+02 -3.426154266211566490e+00 2.021922815019369324e+00
1.756619296813931044e+02 -3.423304928818605042e+00 2.034041250305389070e+00
1.758083470618269644e+02 -3.422303482572744748e+00 2.046621024401396038e+00
1.759580992027589446e+02 -3.423258977459831431e+00 2.059675698283221834e+00
1.761030281966137352e+02 -3.426139456637573133e+00 2.073284728306516111e+00
1.762479990455360621e+02 -3.430886645227743337e+00 2.087482577366116754e+00
1.763875180254503903e+02 -3.437492480489263702e+00 2.102252692643238774e+00
1.765236589631915649e+02 -3.445905479009584216e+00 2.117578637509149875e+00
1.766590845695066037e+02 -3.456007487287824365e+00 2.133511164909967839e+00
1.767859642700007043e+02 -3.467871306381277385e+00 2.150064108946307506e+00
1.769022429579507900e+02 -3.481218659000862026e+00 2.167739404697728300e+00
1.770140809422923382e+02 -3.496274018225498548e+00 2.186009592303000737e+00
1.771130044926181881e+02 -3.513084294331175528e+00 2.204910888025177762e+00
1.772129260424595429e+02 -3.531667467182073583e+00 2.224390062250653166e+00
1.773053459595199115e+02 -3.551975142224691684e+00 2.244490973862662830e+00
1.773908144536434293e+02 -3.574003448650092007e+00 2.265198053801591893e+00
1.774697099333359915e+02 -3.597749863651832580e+00 2.286495832587184029e+00
1.775455190154162324e+02 -3.623226161857121763e+00 2.308368938097508316e+00
1.776179701073816659e+02 -3.650350202597218097e+00 2.330802093272791087e+00
1.776794581684526690e+02 -3.679053197916383411e+00 2.353780113745172375e+00
1.777285833847085428e+02 -3.709650192565450144e+00 2.377671365110991530e+00
1.777723716281467432e+02 -3.741861444141216797e+00 2.402072452246542422e+00
1.778117018910910190e+02 -3.775626148785557579e+00 2.426952383774676480e+00
1.778491280818039399e+02 -3.810940233879624994e+00 2.452228394971903924e+00
1.778833033751798212e+02 -3.847699979906130885e+00 2.477885726824869295e+00
1.779118829841486047e+02 -3.885862843228274244e+00 2.503823774171195726e+00
1.779387501912383414e+02 -3.925437139296746203e+00 2.530036566642584805e+00
1.779655189481177615e+02 -3.966304919953978825e+00 2.556471646627390015e+00
1.779950385371483890e+02 -4.008492592034132329e+00 2.583116825544562456e+00
1.780270252941811862e+02 -4.051935708004142711e+00 2.609837211509983046e+00
1.780553846149206834e+02 -4.097074157392882832e+00 2.637034411836386649e+00
1.780846594823475755e+02 -4.143556462525717521e+00 2.664376982362893553e+00
1.781224469002833928e+02 -4.190981583118733589e+00 2.691629622908199515e+00
1.781642852428140031e+02 -4.239311720566196762e+00 2.718778158774865172e+00
1.782160562699167770e+02 -4.288440554721456799e+00 2.745739333773839608e+00
1.782732847700625030e+02 -4.338222787370249023e+00 2.772432234288575437e+00
1.783359006964052469e+02 -4.388524039047130287e+00 2.798791447902118534e+00
1.784075888964960654e+02 -4.439229521630671194e+00 2.824723539229188507e+00
1.784944471702334567e+02 -4.490176801546100549e+00 2.850214544710373055e+00
1.785912529359461018e+02 -4.541264295230790893e+00 2.875058160700723509e+00
1.786983753585509760e+02 -4.593395712539591003e+00 2.899714889655029104e+00
1.788155965777659446e+02 -4.646495004985160548e+00 2.924066572028084288e+00
1.789434751729197615e+02 -4.700326508485358268e+00 2.947946342723662738e+00
1.790797672243949421e+02 -4.755011184605606012e+00 2.971441008104834580e+00
1.792255781757261275e+02 -4.810634020420491375e+00 2.994533821762554560e+00
1.793842084862351669e+02 -4.867318883855632272e+00 3.017226912616932655e+00
1.795486024781488936e+02 -4.925181056459389417e+00 3.039633286928682843e+00
1.797235292808407792e+02 -4.984338303056485842e+00 3.061755049644410143e+00
1.799071649267816611e+02 -5.044905229900726873e+00 3.083575490641692785e+00
1.800946536981619488e+02 -5.106975701781809818e+00 3.105111368501255686e+00
1.802893056115259185e+02 -5.171265549876108203e+00 3.126622795794515852e+00
1.804892918737915295e+02 -5.238123925972049122e+00 3.148109394897034452e+00
1.806953074497595253e+02 -5.306756324063348629e+00 3.169400383214665329e+00
1.809051155230047812e+02 -5.377242160305825358e+00 3.190420348440646148e+00
1.811197217949419382e+02 -5.449649456300907246e+00 3.211281222893564102e+00
1.813425427740039311e+02 -5.524009025270141926e+00 3.231943153372844435e+00
1.815713451036182846e+02 -5.600316836797919251e+00 3.252422768239454420e+00
1.817984590370818410e+02 -5.678558034833714352e+00 3.272736663112325139e+00
1.820367082423846625e+02 -5.758711935336629395e+00 3.292839699923221453e+00
1.822782280059974482e+02 -5.840768768357451179e+00 3.312790189160254251e+00
1.825236207563721393e+02 -5.925198234311550571e+00 3.332706738131893331e+00
1.827780632303905577e+02 -6.012789592667132865e+00 3.352566842197525876e+00
1.830340083636832844e+02 -6.102204740205829481e+00 3.372240026887006081e+00
1.832916347821587522e+02 -6.193364203286801484e+00 3.391742620105553829e+00
1.835583455799578303e+02 -6.286186854947348301e+00 3.411028216030800309e+00
1.838338136603973112e+02 -6.380626737901168077e+00 3.430075173714234538e+00
1.841107944850517981e+02 -6.476571889362678469e+00 3.448908213400898592e+00
1.843924020154233006e+02 -6.573963205007097521e+00 3.467510831405404836e+00
1.846799843604526359e+02 -6.672610744632777369e+00 3.485874045605841243e+00
1.849713291631917684e+02 -6.772418706849185455e+00 3.503917554550385560e+00
1.852714583665229497e+02 -6.873435977723785228e+00 3.521812255858094876e+00
1.855704932207086415e+02 -6.976961823316487177e+00 3.539501188308310731e+00
1.858755579728504301e+02 -7.081093366593711913e+00 3.556924226772746778e+00
1.861867426630671218e+02 -7.185680330059041943e+00 3.573945918167540370e+00
1.865084434836681169e+02 -7.290555391584156553e+00 3.590688964293176522e+00
1.868347021400958283e+02 -7.395466465597243300e+00 3.607030419498701956e+00
1.871626773643513957e+02 -7.500158254104913880e+00 3.622992084564748083e+00
1.874997983495296126e+02 -7.604327183661319545e+00 3.638545210514015693e+00
1.878415872855881901e+02 -7.707802142030867110e+00 3.653704972574333798e+00
1.881896022843178855e+02 -7.810345539251586366e+00 3.668486447536718043e+00
1.885512795480095747e+02 -7.911616596911332344e+00 3.682756235122919719e+00
1.889103275521385967e+02 -8.013330598870320287e+00 3.696660722654392384e+00
1.892801324608763309e+02 -8.113250803856280058e+00 3.710040287336624498e+00
1.896585227473529471e+02 -8.211108180283780200e+00 3.722886481787912150e+00
1.900404010705598523e+02 -8.306617026365064049e+00 3.735146797684175013e+00
1.904286133537480055e+02 -8.399532752392685708e+00 3.746801781651118102e+00
1.908237776906649401e+02 -8.490066421758116988e+00 3.757870257745836273e+00
1.912257981041429957e+02 -8.578307165696832826e+00 3.768324933714875424e+00
1.916324031369940997e+02 -8.664493055069675265e+00 3.778178525302583246e+00
1.920487532761254101e+02 -8.748637031661885999e+00 3.787425369286414600e+00
1.924702595289884925e+02 -8.830922920691527622e+00 3.796071885118618816e+00
1.929033272885910435e+02 -8.913102813967286764e+00 3.804048618712835506e+00
1.933467601242236356e+02 -8.993834314846690603e+00 3.811452132134057980e+00
1.938037768544754158e+02 -9.073051944790620382e+00 3.818239660398302426e+00
1.942656706895922127e+02 -9.150868533257010995e+00 3.824412139295007229e+00
1.947340943024736930e+02 -9.227358918806901400e+00 3.829973107087583983e+00
1.952167844539924033e+02 -9.302629430791530041e+00 3.834876580100504029e+00
1.957064583120402972e+02 -9.376803628449103201e+00 3.839112847272498463e+00
1.962049427540195552e+02 -9.450003925174645047e+00 3.842730732179922004e+00
1.967101927613847465e+02 -9.522314098613538391e+00 3.845727087710431036e+00
1.972251147465373720e+02 -9.593795470464350217e+00 3.847986084831754194e+00
1.977520611849379293e+02 -9.665636637288498534e+00 3.849564355960937156e+00
1.982877473887565714e+02 -9.737217575985349427e+00 3.850376983491952121e+00
1.988311540367674297e+02 -9.807999864808387258e+00 3.850507451854604302e+00
1.993873371982651577e+02 -9.877973006341125739e+00 3.850025618213336998e+00
1.999509991849236314e+02 -9.947160873734754105e+00 3.848862778986284816e+00
2.005189920880410455e+02 -1.001564922454960183e+01 3.847033443980500511e+00
2.010941844825104567e+02 -1.008338659778440416e+01 3.844514115849761104e+00
2.016803551983371960e+02 -1.015033000442924305e+01 3.841364692417119642e+00
2.022725503931859805e+02 -1.021648530309350278e+01 3.837550065785312103e+00
2.028734904520489692e+02 -1.028183929334054092e+01 3.833117446474234580e+00
2.034784981818275753e+02 -1.034718260534702594e+01 3.827826937057434709e+00
2.040989827701990578e+02 -1.041229142631329196e+01 3.821791046069860087e+00
2.047174554081484246e+02 -1.047639332440634874e+01 3.815182772494960517e+00
2.053417048663972651e+02 -1.053936168032227094e+01 3.807913736252660275e+00
2.059728663332520568e+02 -1.060107637658796342e+01 3.800106262784743283e+00
2.066076056704902157e+02 -1.066141347626346203e+01 3.791801323371697841e+00
2.072489277637303928e+02 -1.072024576738791879e+01 3.782976378891552027e+00
2.078950080720130700e+02 -1.077745798153942758e+01 3.773657064154794849e+00
2.085440248174076032e+02 -1.083292479585507628e+01 3.763993996633128614e+00
2.091871703412830072e+02 -1.088652297929687762e+01 3.753855576220726853e+00
2.098459329296542819e+02 -1.093858019830342876e+01 3.743315789417422934e+00
2.104997365963517382e+02 -1.098916521301535809e+01 3.732192158650005975e+00
2.111581091531891730e+02 -1.103745293562573870e+01 3.720703040177113952e+00
2.118167535992914452e+02 -1.108331663725765281e+01 3.708969431645832593e+00
2.124706808315358444e+02 -1.112660786899314935e+01 3.697015565402358206e+00
2.131198066270884226e+02 -1.116715809145541805e+01 3.684791993999377624e+00
2.137667600435605664e+02 -1.120478880416940903e+01 3.672419281676722047e+00
2.144127411475976999e+02 -1.123932465956808713e+01 3.659963680959970933e+00
2.150524783394629651e+02 -1.127057731762098847e+01 3.647449225976334031e+00
2.156841779703882480e+02 -1.129839934154395742e+01 3.634968621131938971e+00
2.163082080931434348e+02 -1.132277404764841222e+01 3.622379099553121762e+00
2.169353899354456132e+02 -1.134417244642945377e+01 3.609499612636680510e+00
2.175527390767433360e+02 -1.136190594543738186e+01 3.596551698870724678e+00
2.181619959904886628e+02 -1.137612964869184395e+01 3.583557404220458320e+00
2.187688240888402902e+02 -1.138684316793701612e+01 3.570476379137837775e+00
2.193715774567432391e+02 -1.139413743212356422e+01 3.557253269156641196e+00
2.199703459658699103e+02 -1.139799933130662524e+01 3.543868653621417231e+00
2.205652213973118876e+02 -1.139852407932854383e+01 3.530204658403244711e+00
2.211569015247228265e+02 -1.139575460857946432e+01 3.516367679156978454e+00
2.217457668719468984e+02 -1.138976132089591964e+01 3.502165071336695412e+00
2.223326638936554218e+02 -1.138056117972715597e+01 3.487639308740959176e+00
2.229232939410065057e+02 -1.136850460817208130e+01 3.472411378348296385e+00
2.235115596889558560e+02 -1.135318907710227876e+01 3.456722653384198818e+00
2.240980708274319113e+02 -1.133471714342124415e+01 3.440644712739190592e+00
2.246825694053619316e+02 -1.131311729498844976e+01 3.424162112678077019e+00
2.252653751451509834e+02 -1.128838007560100465e+01 3.407279550975909288e+00
2.258460786863586804e+02 -1.126048128010548588e+01 3.389959102267875668e+00
2.264258277818856016e+02 -1.122949968421245259e+01 3.372265364821951827e+00
2.270042823826021561e+02 -1.119543901905247374e+01 3.354159268866849342e+00
2.275809604831915465e+02 -1.115836191807859556e+01 3.335698058527865051e+00
2.281559728645462144e+02 -1.111816763436385003e+01 3.316924074232256547e+00
2.287369112262780675e+02 -1.107503135184211018e+01 3.297273627635003646e+00
2.293152135539166352e+02 -1.102882547903896615e+01 3.277242874093516001e+00
2.298917550078631109e+02 -1.097964827665195742e+01 3.256848443329121601e+00
2.304655944234457365e+02 -1.092752217140181337e+01 3.236071772529156565e+00
2.310367202976637770e+02 -1.087250524266808505e+01 3.214919846958682381e+00
2.316041958693470235e+02 -1.081462761616502100e+01 3.193394227329305224e+00
2.321681374437418981e+02 -1.075396633597814322e+01 3.171503126464054301e+00
2.327280792083647896e+02 -1.069050063513417648e+01 3.149364790514850743e+00
2.332831759742124405e+02 -1.062438506469577248e+01 3.126959389829525371e+00
2.338325829328869645e+02 -1.055556228061318791e+01 3.104259532472204874e+00
2.343831510225314503e+02 -1.048381597284020472e+01 3.081088360660396930e+00
2.349277413993436028e+02 -1.040931840536359232e+01 3.057668728295285465e+00
2.354657412373615841e+02 -1.033225801895399165e+01 3.034121668908374314e+00
2.359963065752099851e+02 -1.025271883552593088e+01 3.010506687735798437e+00
2.365182412399617249e+02 -1.017068060906556504e+01 2.986817012113259562e+00
2.370310152211190484e+02 -1.008623155365126500e+01 2.963125320798748241e+00
2.375342133919433536e+02 -9.999474505165791172e+00 2.939450553481294470e+00
2.380266009845286703e+02 -9.910383261325939941e+00 2.915811613932686175e+00
2.385073335873252915e+02 -9.819163490503724390e+00 2.892291882313487772e+00
2.389755664987945636e+02 -9.725756209290890908e+00 2.869006447223449996e+00
2.394343481213761606e+02 -9.629849769348119537e+00 2.845644396066452142e+00
2.398807808183972838e+02 -9.531769605780510801e+00 2.822582494958550292e+00
2.403120308994945731e+02 -9.431799710513372403e+00 2.799886902964570989e+00
2.407269835471345800e+02 -9.330071707985135632e+00 2.777757804745918602e+00
2.411245121560101268e+02 -9.226717618277643140e+00 2.756186007679181760e+00
2.415045776986663384e+02 -9.121790112671389394e+00 2.735268332158721005e+00
2.418666610362487575e+02 -9.015252389153546986e+00 2.714980116659477360e+00
2.422112375537398350e+02 -8.906982094237283931e+00 2.695287186360367127e+00
2.425387170889932520e+02 -8.796856156506871471e+00 2.676068637344416690e+00
2.428495598140966081e+02 -8.684821542481500956e+00 2.657350210010406055e+00
2.431469820834990401e+02 -8.570277504767727095e+00 2.638884623646364780e+00
2.434304478482235652e+02 -8.453030491946755376e+00 2.620617208220651140e+00
2.436976751075990251e+02 -8.333584564143379225e+00 2.602793360898326913e+00
2.439498218634177817e+02 -8.211954080828343550e+00 2.585348626005950834e+00
2.441863042449880936e+02 -8.088044791353715013e+00 2.568255991114060333e+00
2.444075211319343737e+02 -7.961824920610205858e+00 2.551465696986546128e+00
2.446141953647122023e+02 -7.833214286477118371e+00 2.535031583887565887e+00
2.448056574811251096e+02 -7.702138528568886144e+00 2.518890947358876975e+00
2.449828957161375627e+02 -7.568688531374649919e+00 2.503044569222321325e+00
2.451454840984227417e+02 -7.432813246785234362e+00 2.487455582123038411e+00
2.452958387043953223e+02 -7.294035540575462662e+00 2.472071248151187284e+00
2.454338158206076344e+02 -7.151889556703036277e+00 2.456690072562951688e+00
2.455571022585735363e+02 -7.007325481812756607e+00 2.441617563149903969e+00
2.456666149542089386e+02 -6.860281512461984477e+00 2.426719504382582215e+00
2.457617618588339496e+02 -6.710751638771900396e+00 2.412099153188258072e+00
2.458424474642249891e+02 -6.558828932789580790e+00 2.397670948951251990e+00
2.459088348986465462e+02 -6.404471426983414872e+00 2.383447466356534594e+00
2.459609544796601028e+02 -6.247735757395425082e+00 2.369404814519076918e+00
2.459987914507732114e+02 -6.088677963310418662e+00 2.355523465762277002e+00
2.460216560206546319e+02 -5.927284894746985167e+00 2.341782645876580471e+00
2.460310730589686727e+02 -5.763253193084373116e+00 2.328212736781253067e+00
2.460273076953077123e+02 -5.596036727489763329e+00 2.314704491011741361e+00
2.460089977398818064e+02 -5.426865110607876019e+00 2.301388802380044840e+00
2.459765615117613891e+02 -5.255838769113740483e+00 2.288321923123042723e+00
2.459285740249002004e+02 -5.083171964363808470e+00 2.275538607196228469e+00
2.458650593346687572e+02 -4.908974875596635812e+00 2.263105528531655697e+00
2.457901836124351576e+02 -4.733390308366977273e+00 2.250969277552978820e+00
2.457012355546886226e+02 -4.556609054456650654e+00 2.239224179304653894e+00
2.455998371060490797e+02 -4.378717863142279398e+00 2.227757531247780864e+00
2.454808546594636880e+02 -4.199969565225885937e+00 2.216654771609613661e+00
2.453438212579115714e+02 -4.020280162616218789e+00 2.205954764458348816e+00
2.451917579960606872e+02 -3.838499632934298855e+00 2.195461259854630587e+00
2.450306624196210805e+02 -3.656311794083153099e+00 2.185339501637145521e+00
2.448496510478269954e+02 -3.473832769657556163e+00 2.175648963842542472e+00
2.446569681673735204e+02 -3.291369600984515920e+00 2.166361501848765414e+00
2.444467814541096118e+02 -3.109125387562089227e+00 2.157544722813149907e+00
2.442192359626021982e+02 -2.927288281532808067e+00 2.149207284364583970e+00
2.439796329694328278e+02 -2.746097846504357065e+00 2.141306163574016264e+00
2.437199399682293404e+02 -2.565793316700587301e+00 2.133931428224227655e+00
2.434520568919537595e+02 -2.386680064537546997e+00 2.127151720360983322e+00
2.431599321612000324e+02 -2.209019185062148782e+00 2.120828685391788593e+00
2.428561360519977654e+02 -2.031493698590990604e+00 2.115126641585357348e+00
2.425355814359365070e+02 -1.855464037196233429e+00 2.109962848985553308e+00
2.421976737069422256e+02 -1.680930450301146406e+00 2.105404248225843933e+00
2.418400900567407916e+02 -1.507706333327460735e+00 2.101468328946262787e+00
2.414703896744113933e+02 -1.335677049253444881e+00 2.098131920576982612e+00
2.410857717354367082e+02 -1.164761234440608861e+00 2.095365200152138563e+00
2.406832223866800575e+02 -9.948224095569075942e-01 2.093197616586916610e+00
2.402584699178791539e+02 -8.256533233483219769e-01 2.091638349213663872e+00
2.398230332084645795e+02 -6.572316955251231718e-01 2.090576980811611918e+00
2.393686095844925319e+02 -4.893677942759697141e-01 2.090101430215022926e+00
2.388917568073643451e+02 -3.207333204442824326e-01 2.090176850139046305e+00
2.383965453213613159e+02 -1.522212647237297101e-01 2.090793783849901999e+00
2.378905172057317827e+02 1.580725201247206585e-02 2.092013434119414761e+00
2.373655613893721466e+02 1.833346595015570013e-01 2.093826051338583571e+00
2.368205669855712756e+02 3.504090212697937856e-01 2.096222045706114034e+00
2.362581975744035958e+02 5.169605479447972884e-01 2.099191988024517119e+00
2.356802638096409055e+02 6.830315392764235716e-01 2.102776269905339834e+00
2.350864941832424790e+02 8.485607393820741029e-01 2.106948070646197380e+00
2.344751908070318507e+02 1.013640525261841452e+00 2.111730802971032883e+00
2.338550091027685767e+02 1.178244221831349803e+00 2.117068688184348346e+00
2.332110511242575797e+02 1.343305062309725795e+00 2.123015011993868661e+00
2.325450037499767859e+02 1.508366823082571084e+00 2.129601644040265640e+00
2.318673755116905113e+02 1.673031970282135239e+00 2.136665080970025166e+00
2.311743220097459925e+02 1.837209956081288453e+00 2.144309822273650301e+00
2.304616476668637972e+02 2.000918918001907354e+00 2.152465600331895601e+00
2.297335697493491864e+02 2.163989150325951183e+00 2.161124614184716020e+00
2.289917428098308108e+02 2.326367180295074277e+00 2.170279225760070485e+00
2.282345210050220317e+02 2.488063536198288794e+00 2.179921959498234862e+00
2.274630865434839109e+02 2.648916363738341495e+00 2.189982276259344829e+00
2.266814699017708392e+02 2.808843188945911784e+00 2.200497870940942402e+00
2.258811915029531576e+02 2.968415422243231738e+00 2.211576891492366137e+00
2.250625078002329928e+02 3.127523170622215520e+00 2.223205742897158999e+00
2.242309347352800160e+02 3.285409735626830141e+00 2.235160998646193775e+00
2.233898811570522014e+02 3.442088483845786584e+00 2.247526452421984899e+00
2.225346897163520623e+02 3.597393294827428978e+00 2.260201856845947876e+00
2.216699765605216044e+02 3.751261345023676252e+00 2.273196882191725443e+00
2.207921841538860122e+02 3.903543058564693524e+00 2.286504254417781823e+00
2.199014073698674565e+02 4.054161664845508106e+00 2.300104669274003033e+00
2.190018848908012501e+02 4.202832843890007553e+00 2.313958291834931291e+00
2.180907774997404545e+02 4.349484196973959271e+00 2.327990062912135727e+00
2.171734907387601368e+02 4.494209993012498572e+00 2.342339669371273470e+00
2.162436213174445072e+02 4.637119917590828422e+00 2.357020321663128026e+00
2.153116734031704880e+02 4.777368751703165550e+00 2.371858434898919121e+00
2.143718887590587201e+02 4.914920928107902043e+00 2.386824537755622533e+00
2.134256840028757267e+02 5.049476975288578195e+00 2.401849317580262877e+00
2.124744731223790666e+02 5.180969481016892253e+00 2.416928056780268452e+00
2.115240967553402243e+02 5.309285291266295559e+00 2.431975761409137959e+00
2.105683918604685800e+02 5.434470046722658765e+00 2.447072768197618320e+00
2.096065536069525876e+02 5.556550036611659138e+00 2.462237669108766625e+00
2.086414865479488867e+02 5.675513960738662433e+00 2.477485294207653066e+00
2.076647332419579186e+02 5.791652533697678074e+00 2.492870763545087076e+00
2.066802725433009300e+02 5.905338377320831000e+00 2.508638779962323984e+00
2.056929273464492098e+02 6.015944505190553571e+00 2.524538675567734369e+00
2.047004683350855032e+02 6.123657215417806832e+00 2.540641487163988632e+00
2.036995221090521966e+02 6.228420881328959879e+00 2.556987655936206139e+00
2.026922117642475314e+02 6.330327339012768562e+00 2.573552210876190127e+00
2.016780879872194134e+02 6.429383953684915554e+00 2.590310296106895116e+00
2.006563414309065649e+02 6.525593940611236654e+00 2.607342524903927927e+00
1.996294470939817529e+02 6.618992797201622480e+00 2.624636757869129866e+00
1.985936634167480861e+02 6.709553282575138944e+00 2.642139542205458547e+00
1.975466757890395399e+02 6.797428628691867480e+00 2.659992527716899868e+00
1.964921501557059571e+02 6.882755527320793654e+00 2.678502778814983554e+00
1.954342499223381253e+02 6.965356539577213013e+00 2.697252537212145640e+00
1.943656732514956786e+02 7.045188743156527877e+00 2.716291600764829450e+00
1.932865093256838804e+02 7.122326787002842607e+00 2.735595933162285220e+00
1.922005419152073387e+02 7.196741103893608660e+00 2.755178548321278953e+00
1.911086253697351651e+02 7.268475030409677906e+00 2.775067548534980943e+00
1.900063801539569397e+02 7.337623923272155402e+00 2.795239154846237639e+00
1.888997820689351954e+02 7.404075332646367080e+00 2.815669667633237339e+00
1.877852889811129558e+02 7.467972706353501522e+00 2.836335463309985538e+00
1.866607138035344349e+02 7.529167420884487427e+00 2.857286556255393517e+00
1.855296031992448036e+02 7.587752095880756720e+00 2.878757464610523176e+00
1.843955665789362683e+02 7.643625084746036080e+00 2.900502684486195193e+00
1.832516843625614911e+02 7.696787603276216139e+00 2.922410629967464146e+00
1.821008899787762516e+02 7.747240876233110640e+00 2.944525687623808619e+00
1.809492955461325039e+02 7.795021300380649443e+00 2.966788732696600928e+00
1.797969764200844054e+02 7.840224914765526520e+00 2.989166745260114055e+00
1.786440072821225442e+02 7.882845982193571466e+00 3.011682304868676496e+00
1.774846773982447132e+02 7.922902300100439277e+00 3.034196620751602236e+00
1.763224695377927276e+02 7.960487733938870214e+00 3.056754823511486752e+00
1.751598324333999699e+02 7.995550439837006529e+00 3.079381409082993404e+00
1.739929698817562951e+02 8.027981043072273337e+00 3.102159073426445701e+00
1.728245677037057817e+02 8.057835524056146781e+00 3.124954564328790596e+00
1.716559537580983488e+02 8.085276568361907223e+00 3.147640481179429184e+00
1.704872001675936133e+02 8.110394378070596488e+00 3.170152652078950695e+00
1.693218600282112050e+02 8.133173989471933041e+00 3.192494815754260529e+00
1.681612038017190969e+02 8.153626052748395026e+00 3.214547854232571389e+00
1.670055694636217538e+02 8.171833250534131565e+00 3.236341015911556429e+00
1.658532994296431013e+02 8.187803901750017488e+00 3.257760074616748547e+00
1.647012510739778008e+02 8.201688633632381098e+00 3.278813908554123469e+00
1.635637801988798969e+02 8.213455253151153101e+00 3.299386499921557636e+00
1.624255991768741296e+02 8.222867519394313263e+00 3.319694575151212579e+00
1.612880050478832459e+02 8.230005159885223520e+00 3.339522461670721309e+00
1.601636878727870226e+02 8.235040526327011889e+00 3.358888299998817661e+00
1.590428334753282229e+02 8.237900346269839247e+00 3.377703699534363224e+00
1.579334406989329125e+02 8.238585188632910672e+00 3.396094469735488897e+00
1.568288613829872133e+02 8.236968033547015011e+00 3.413977407086970839e+00
1.557328048758059822e+02 8.233048024090621198e+00 3.431469599580470042e+00
1.546426289425826042e+02 8.226746317499452843e+00 3.448553225841672898e+00
1.535601861848528529e+02 8.218005404096127009e+00 3.465322775326591387e+00
1.524799080655930936e+02 8.206786630698921670e+00 3.481687143454972766e+00
1.514052272158262156e+02 8.192694254785520158e+00 3.497871329535686691e+00
1.503422783250699410e+02 8.175597540749517833e+00 3.513892369476028676e+00
1.492798697961327719e+02 8.155914706407729753e+00 3.529620451798552327e+00
1.482259948583727578e+02 8.133627628038963664e+00 3.545007002114858974e+00
1.471733488678139565e+02 8.108701662734640436e+00 3.560150791359527833e+00
1.461320672157643514e+02 8.081131669464785006e+00 3.575023355374894685e+00
1.450939384761255155e+02 8.050913378523940622e+00 3.589643465389286803e+00
1.440597975245330531e+02 8.018054003711700517e+00 3.603969525072065139e+00
1.430324378571455100e+02 7.982558056100695687e+00 3.618062444597135663e+00
1.420109009394339807e+02 7.944420425777992456e+00 3.631947441491655493e+00
1.409933763312255621e+02 7.903327217606700650e+00 3.645597325365341757e+00
1.399794696486374335e+02 7.858887116839182951e+00 3.659221498529706018e+00
1.389712647833071344e+02 7.811828748941493039e+00 3.672608355949265491e+00
1.379690969786737185e+02 7.762217312183455675e+00 3.685705354277557966e+00
1.369724953954067530e+02 7.710094949213912585e+00 3.698581054344790786e+00
1.359818953346465662e+02 7.655512274947271045e+00 3.711187743769446712e+00
1.349971606751494448e+02 7.598513610262095597e+00 3.723546067940629811e+00
1.340192282547779428e+02 7.539158790015192402e+00 3.735626549309134514e+00
1.330474563012162719e+02 7.477507745920997984e+00 3.747460471864860310e+00
1.320818356411081709e+02 7.413653717461884618e+00 3.758978014352798880e+00
1.311228824691739305e+02 7.347482364017224654e+00 3.770309057019162413e+00
1.301685962427497145e+02 7.278290521663379309e+00 3.781410295796989285e+00
1.292205972092491209e+02 7.207109887072427945e+00 3.792247871859121933e+00
1.282794949320908984e+02 7.134039823268477853e+00 3.802768443944142263e+00
1.273451707011028162e+02 7.059208843391014732e+00 3.812906506776064575e+00
1.264175081511058636e+02 6.982692529241998791e+00 3.822690076208470789e+00
1.254977477938779344e+02 6.904709380493640580e+00 3.832133773899342621e+00
1.245860418947755903e+02 6.825427738601337779e+00 3.841198246214814205e+00
1.236827480657256899e+02 6.744939712615617644e+00 3.849816248608584512e+00
1.227890134437701448e+02 6.663465428149077496e+00 3.858091081200223815e+00
1.219041927068335980e+02 6.581063723113969921e+00 3.865963269500871657e+00
1.210283041100593380e+02 6.496743516189787293e+00 3.873491995566019863e+00
1.201627757648958124e+02 6.411912514896260795e+00 3.880538800389202514e+00
1.193069909779257500e+02 6.326736260443518667e+00 3.887124222577549748e+00
1.184615240167512553e+02 6.241319980105343390e+00 3.893179254170243020e+00
1.176262836553446220e+02 6.155932255941285902e+00 3.898768366990101431e+00
1.168011813283295908e+02 6.070693712320445634e+00 3.903823661461589545e+00
1.159866268360346453e+02 5.985721804787137224e+00 3.908278906115450813e+00
1.151828209492028492e+02 5.900998699101664080e+00 3.912160139755837207e+00
1.143902339640916068e+02 5.816416048856651422e+00 3.915525901891840910e+00
1.136081738596071062e+02 5.731938607463554547e+00 3.918391429350610355e+00
1.128374908799149381e+02 5.646324459419578723e+00 3.920706606602731181e+00
1.120786375556071164e+02 5.560518191815423172e+00 3.922496692448711020e+00
1.113308561406551718e+02 5.474437604004397606e+00 3.923748010677037712e+00
1.105943657756083098e+02 5.388069458844224613e+00 3.924480638728216064e+00
1.098691010019705914e+02 5.301364660181805633e+00 3.924675348353894311e+00
1.091555262647835605e+02 5.214256378023646832e+00 3.924303043279757652e+00
1.084530146502007710e+02 5.126680560400813214e+00 3.923446814043071829e+00
1.077619777738093063e+02 5.038527096043078579e+00 3.922040096174562507e+00
1.070812673352642861e+02 4.949750717971512337e+00 3.920042518441880119e+00
1.064124134860951472e+02 4.860337342828044527e+00 3.917589395151884535e+00
1.057559208364295671e+02 4.769416368359053138e+00 3.914529434007819830e+00
1.051110720431067875e+02 4.677582060924068585e+00 3.910992934127114573e+00
1.044777757358181987e+02 4.585033701860127486e+00 3.906921834586956077e+00
1.038567180913358357e+02 4.491867612914445473e+00 3.902347910365776773e+00
1.032472137314556875e+02 4.398042409586357060e+00 3.897268651567972864e+00
1.026493689676119914e+02 4.303598067205556710e+00 3.891698619236823031e+00
1.020630898824507824e+02 4.208520251809849455e+00 3.885582652684484550e+00
1.014890342165497827e+02 4.112794658848468288e+00 3.879006431411190725e+00
1.009257912657523804e+02 4.016470915283691490e+00 3.871991584539439479e+00
1.003741542756270633e+02 3.919559863222506380e+00 3.864456010273635389e+00
9.983483830523201163e+01 3.821419274550984735e+00 3.856394286991381648e+00
9.930738051660576104e+01 3.722305276117672257e+00 3.847809198235535799e+00
9.879095597902339421e+01 3.622703246885774941e+00 3.838745166282858889e+00
9.828562229395751615e+01 3.522713269492697474e+00 3.829260683261683784e+00
9.779034452031010005e+01 3.422326030763027216e+00 3.819310513076842994e+00
9.730556361045513825e+01 3.321638834427542708e+00 3.808909084140886137e+00
9.683116933166724039e+01 3.220734698015414565e+00 3.798140521194625308e+00
9.636705422615408168e+01 3.119682001367916957e+00 3.786937146243445795e+00
9.591311359026524030e+01 3.018593434731119185e+00 3.775378798270850655e+00
9.546854414016502233e+01 2.917438382886242909e+00 3.763435072473175325e+00
9.503435775374923367e+01 2.816089811314615332e+00 3.751085430016066979e+00
9.461160405017407982e+01 2.714402142939781548e+00 3.738307870894848062e+00
9.419735718684781034e+01 2.613069579879957249e+00 3.725250911302528056e+00
9.379244554536592204e+01 2.512201797815384996e+00 3.711901433905541836e+00
9.339582905382452793e+01 2.411914972009354230e+00 3.698246171384889980e+00
9.300719085605102521e+01 2.312277535736447120e+00 3.684351253024864992e+00
9.262593522376745625e+01 2.213376997143728264e+00 3.670254328307571701e+00
9.225239936246842376e+01 2.115366129075001655e+00 3.655899858020269289e+00
9.188526992209096989e+01 2.018400070285864434e+00 3.641397461412016590e+00
9.152530798379223143e+01 1.922523856813656451e+00 3.626649415678454780e+00
9.117155043732175557e+01 1.827651960012439458e+00 3.611772376383017846e+00
9.082598513804502716e+01 1.733645886891252763e+00 3.596608835625520584e+00
9.048611122809404606e+01 1.641191907908036596e+00 3.581304854356637701e+00
9.015160167403892899e+01 1.550288762324316449e+00 3.565945639106620657e+00
8.982289965618913641e+01 1.460917462168895842e+00 3.550462957136826248e+00
8.950097398125554093e+01 1.373050224038555145e+00 3.534865841431083844e+00
8.918610478303969558e+01 1.286666614779560902e+00 3.519140243443370952e+00
8.887800978424805010e+01 1.201727173787125347e+00 3.503227984151172425e+00
8.857737037666723268e+01 1.118195407442713618e+00 3.487156578246882077e+00
8.828457792652847047e+01 1.036031724430323209e+00 3.470953422156712875e+00
8.799999970346560474e+01 9.551157036632498265e-01 3.454462634214729988e+00
8.772626703817935834e+01 8.750540638559807238e-01 3.437580934682520351e+00
8.746018407558386798e+01 7.962795257705331808e-01 3.420397875473350169e+00
8.720281982258742914e+01 7.187489694384918693e-01 3.402990693351404250e+00
8.695335004301570336e+01 6.424561631297556197e-01 3.385289988807343775e+00
8.671198784419240724e+01 5.673777716661878578e-01 3.367301504047287342e+00
8.647908477698194929e+01 4.934946130806925901e-01 3.349058247097659979e+00
8.625448092532177213e+01 4.207900067205804784e-01 3.330542786715428694e+00
8.603861372683503816e+01 3.492544152839139882e-01 3.311721998415657175e+00
8.583095060392554387e+01 2.788629946277164096e-01 3.292592911539347078e+00
8.563185807021076812e+01 2.096114535928060296e-01 3.273181810911411471e+00
8.544532348743111072e+01 1.412038483033277447e-01 3.253171890801333621e+00
8.526663429042091025e+01 7.395870581362255780e-02 3.232915553973973122e+00
8.509687413891138874e+01 7.867595294079814117e-03 3.212366651511731508e+00
8.493493009357023027e+01 -5.707235348048523421e-02 3.191551158587209169e+00
8.478115217973025608e+01 -1.208670934726432805e-01 3.170458435410877129e+00
8.463564747405888511e+01 -1.835323580224344775e-01 3.149105810528546101e+00
8.449742882391313969e+01 -2.450885379439580458e-01 3.127512933395826256e+00
8.436672727556067741e+01 -3.055495889251488850e-01 3.105609278497634573e+00
8.424339739590097054e+01 -3.649316879868094166e-01 3.083521753166458268e+00
8.412729458994715515e+01 -4.232827227154368210e-01 3.061175863290443555e+00
8.402093524536165603e+01 -4.806282528181455849e-01 3.038404789899861846e+00
8.392200439244606969e+01 -5.368740282600414915e-01 3.015351819372424025e+00
8.382898203346046273e+01 -5.921043806651339336e-01 2.992085505388281774e+00
8.374172635347267146e+01 -6.462267795772989043e-01 2.968659443102773743e+00
8.366009608958192700e+01 -6.992785938679044744e-01 2.945195290797700149e+00
8.358395047383919518e+01 -7.512246516757954407e-01 2.921686303375091942e+00
8.351264805478038511e+01 -8.020926570212515427e-01 2.898115682870231691e+00
8.344566075394494931e+01 -8.518287387395884203e-01 2.874605010678375372e+00
8.338284894678363912e+01 -9.004819848671132831e-01 2.851211096249942845e+00
8.332407327648425621e+01 -9.481323677359350111e-01 2.827887167859200801e+00
8.327110992528207589e+01 -9.945880003251948986e-01 2.804452528533868616e+00
8.322206174080156416e+01 -1.039947578416681173e+00 2.781114154206827394e+00
8.317485416350696426e+01 -1.084293923741330712e+00 2.757944281213722704e+00
8.312934834493904646e+01 -1.127620384889639116e+00 2.735025312299425249e+00
8.308506147352305504e+01 -1.170024416668814071e+00 2.712300166437182636e+00
8.304130931984721542e+01 -1.211460479438373206e+00 2.689916012104779597e+00
8.299746246532940575e+01 -1.251953441911527687e+00 2.667850945780156913e+00
8.295312779418917160e+01 -1.291541617863222191e+00 2.646174437646629851e+00
8.290889083683282479e+01 -1.330201433265497668e+00 2.624947032353851739e+00
8.286406185428697313e+01 -1.367830184327499143e+00 2.604004091660457210e+00
8.282173288062666927e+01 -1.404130830174122435e+00 2.583277269682535238e+00
8.278140857360872928e+01 -1.439235715660127202e+00 2.562754906045105141e+00
8.274143293989160952e+01 -1.473098923442357933e+00 2.542463946318402446e+00
8.270227455271339068e+01 -1.505800147100158526e+00 2.522471125132896397e+00
8.266369896185413779e+01 -1.537237473966397872e+00 2.502699115240099914e+00
8.262628392063875538e+01 -1.567415917847420292e+00 2.483155845593787436e+00
8.259027980277816994e+01 -1.596324636937444419e+00 2.463745725803121900e+00
8.255504055369551963e+01 -1.623882951324277402e+00 2.444490777459937370e+00
8.252158105741141014e+01 -1.650137144279532952e+00 2.425473365377863733e+00
8.248949054737661868e+01 -1.674987827034287058e+00 2.406532498069262616e+00
8.246032657851768022e+01 -1.698248327511461708e+00 2.387645468318865039e+00
8.243443701637842480e+01 -1.719859765224492909e+00 2.368829490571443319e+00
8.240992602959903479e+01 -1.739978211674932496e+00 2.350176808272813389e+00
8.238726515894239810e+01 -1.758685590097009310e+00 2.331665141129034780e+00
8.236653411494062027e+01 -1.775998819140387042e+00 2.313343605251586332e+00
8.234766023832628434e+01 -1.791845869925196233e+00 2.295182263878953410e+00
8.233037382775030721e+01 -1.806304665154799149e+00 2.277084783843162263e+00
8.231484914215121762e+01 -1.819388735950288938e+00 2.259166894632014255e+00
8.230083882372663595e+01 -1.831046538397466339e+00 2.241362893510211229e+00
8.228878273069733496e+01 -1.841329620021612934e+00 2.223640117770419700e+00
8.227849219312865614e+01 -1.850066835453532788e+00 2.205923000937004108e+00
8.227159477903155960e+01 -1.856987642020210938e+00 2.188239692796864588e+00
8.226651078898009928e+01 -1.862647710357174136e+00 2.170695953364815356e+00
8.226225360747767468e+01 -1.867027931980026034e+00 2.153245451055200821e+00
8.225989663275525743e+01 -1.870171108155620043e+00 2.135904294113865731e+00
8.225802768634362394e+01 -1.872211288247414895e+00 2.118741871858067505e+00
8.225730438963272206e+01 -1.873132738100561578e+00 2.101757978534651183e+00
8.225779757968869887e+01 -1.872977849255912153e+00 2.084896692332690815e+00
8.225949208041805605e+01 -1.871857521262549229e+00 2.068197329647796234e+00
8.226173151197750144e+01 -1.869846485791043289e+00 2.051738931572847591e+00
8.226497650834657804e+01 -1.866933262798723847e+00 2.035405798363090657e+00
8.226966703604469444e+01 -1.862513280759214851e+00 2.019189465245215143e+00
8.227536827311108425e+01 -1.857483489999792292e+00 2.003203303785086042e+00
8.228107526364171065e+01 -1.851820996455655566e+00 1.987475591491158378e+00
8.228651601120778025e+01 -1.845592870085895010e+00 1.971961257978720905e+00
8.229179085700737062e+01 -1.838989508330969080e+00 1.956727602237893215e+00
8.229713929010736706e+01 -1.832038619125733403e+00 1.941794875256553032e+00
8.230176328505912409e+01 -1.824820231873294452e+00 1.927082069894086258e+00
8.230560857010685538e+01 -1.817443114678825911e+00 1.912700259590458085e+00
8.230868940593096283e+01 -1.810045610058548471e+00 1.898597430787718032e+00
8.231072265833175550e+01 -1.802721351087240187e+00 1.884855113616633160e+00
8.231241099861550481e+01 -1.794899898631700186e+00 1.871367264852119128e+00
8.231311595582687346e+01 -1.787367122144762233e+00 1.858281184571487055e+00
8.231200542462558190e+01 -1.780356036377203965e+00 1.845648608940889446e+00
8.230957353326525094e+01 -1.773813003314000714e+00 1.833500225421190066e+00
8.230602608421193622e+01 -1.767615031949113957e+00 1.821789819715152081e+00
8.230085618684297799e+01 -1.761698876787169521e+00 1.810482484531773295e+00
8.229350674953482780e+01 -1.755950163586027513e+00 1.799650238012806103e+00
8.228535965611433767e+01 -1.750325718421822829e+00 1.789203377149224394e+00
8.227489314362982498e+01 -1.744792513786551647e+00 1.779173320923749690e+00
8.226269933396049794e+01 -1.739140904237151286e+00 1.769537624439089907e+00
8.224916742063368247e+01 -1.732747926537184346e+00 1.760197486087270224e+00
8.223380717325591149e+01 -1.726012826614680584e+00 1.751282513716746925e+00
8.221637782633314373e+01 -1.719065722966340637e+00 1.742733491565893411e+00
8.219698305624089585e+01 -1.711951218577789868e+00 1.734537851239469575e+00
8.217605491484134461e+01 -1.704544225859741191e+00 1.726713994192104806e+00
8.215298775539002918e+01 -1.696823195035140230e+00 1.719267859306201407e+00
8.212763537117531598e+01 -1.688770318313502772e+00 1.712220567738239829e+00
8.210077635792485751e+01 -1.680321444072962134e+00 1.705522477708000473e+00
8.207125090724095173e+01 -1.671541523657475548e+00 1.699137594442670096e+00
8.204053955051332991e+01 -1.662271463997959442e+00 1.693142109294980768e+00
8.200639232720847360e+01 -1.652027073738196128e+00 1.687502748046237455e+00
8.197077547631961636e+01 -1.641052153574496408e+00 1.682102438540425293e+00
8.193267764165437939e+01 -1.629608128703894598e+00 1.677082231455417460e+00
8.189174649411160090e+01 -1.617642327505421918e+00 1.672332678347697277e+00
8.184902536724328570e+01 -1.605242933917591541e+00 1.667917427668781372e+00
8.180431447154464308e+01 -1.592374523654991991e+00 1.663796303817723921e+00
8.175741207757428697e+01 -1.579068340791603076e+00 1.659954475669923601e+00
8.170867602928335316e+01 -1.565429371121690894e+00 1.656502046000126294e+00
8.165822851559545370e+01 -1.551492614927756364e+00 1.653278662090911011e+00
8.160656999510646870e+01 -1.537265688639908312e+00 1.650450541922724668e+00
8.155239361449638125e+01 -1.522469405704384160e+00 1.647898733617790379e+00
8.149616666501390227e+01 -1.507044912379143176e+00 1.645640904042020347e+00
8.143849949980693737e+01 -1.491515581315536521e+00 1.643724088498563329e+00
8.138007055566642123e+01 -1.475844750384173176e+00 1.642063957285560205e+00
8.132006276482134410e+01 -1.460099533893211676e+00 1.640688351751992569e+00
8.125896966532562260e+01 -1.444369968512219549e+00 1.639516718283916097e+00
8.119656372596642768e+01 -1.428690510204334352e+00 1.638580269620475649e+00
8.113358554144440404e+01 -1.413040784144972362e+00 1.637855282779290489e+00
8.107015005944202812e+01 -1.397609079130581522e+00 1.637339395537340758e+00
8.100672921093034518e+01 -1.382440488431391890e+00 1.637064232006355757e+00
8.094196719778983606e+01 -1.367314517909729910e+00 1.637023059124642410e+00
8.087609811341219768e+01 -1.352269562106099388e+00 1.637186995306944892e+00
8.081103452298367529e+01 -1.337642693112921943e+00 1.637506720887883072e+00
8.074585567107207851e+01 -1.323660171088726134e+00 1.637967570693648067e+00
8.068193433298716855e+01 -1.310326524741293852e+00 1.638601957348196914e+00
8.061846698801359423e+01 -1.297814385190586339e+00 1.639367861678030058e+00
8.055661788539160284e+01 -1.286166895654290432e+00 1.640254018902604471e+00
8.049633694087070523e+01 -1.275499267332989017e+00 1.641208579030583037e+00
8.043720484006587412e+01 -1.265867649485499236e+00 1.642208962948523698e+00
8.038015479473881442e+01 -1.257224640334326571e+00 1.643358974747108903e+00
8.032360139190031134e+01 -1.249437281707782121e+00 1.644555109430912765e+00
8.026644316506367716e+01 -1.242215158659976337e+00 1.646068283996741544e+00
8.021007555532024469e+01 -1.235798968444357993e+00 1.647689833037992324e+00
8.015391917301039371e+01 -1.230221648272168622e+00 1.649416339006830379e+00
8.009780990457393557e+01 -1.225402288350913249e+00 1.651317094175472011e+00
8.004131247240047742e+01 -1.221287392917315140e+00 1.653384928771515439e+00
7.998411412130008102e+01 -1.217857125264159457e+00 1.655588048813059210e+00
7.992698231125247332e+01 -1.215140436868280549e+00 1.657996043182238477e+00
7.986957339824324720e+01 -1.213063144037979324e+00 1.660618350066106474e+00
7.981145399765945569e+01 -1.211718194214417288e+00 1.663428496648002630e+00
7.975259477421164434e+01 -1.210955966573462828e+00 1.666489438607798856e+00
7.969142159853286955e+01 -1.210526208868593079e+00 1.669935705042671081e+00
7.962980078782473470e+01 -1.210715617377397413e+00 1.673595077716190538e+00
7.956713229844461921e+01 -1.211592168708062855e+00 1.677492534700921745e+00
7.950325328477033793e+01 -1.212975440967374530e+00 1.681595424363329094e+00
7.943845276996226801e+01 -1.214913717989613673e+00 1.685958630714615714e+00
7.937256393912400654e+01 -1.217396718765144215e+00 1.690549043331581514e+00
7.930490732449968050e+01 -1.220310945408267012e+00 1.695333360800269196e+00
7.923657879532265724e+01 -1.223750430242050324e+00 1.700367055839486552e+00
7.916601410194618893e+01 -1.227596140991041862e+00 1.705617425270886445e+00
7.909488686183031803e+01 -1.231920047994574441e+00 1.711036364795883058e+00
7.902010554548621712e+01 -1.236485361388644399e+00 1.716864276583101923e+00
7.894444263209076951e+01 -1.241545286038163720e+00 1.722911283474613420e+00
7.886796108622779400e+01 -1.247031930187376236e+00 1.729139094619233541e+00
7.879011739742499287e+01 -1.252967745578698500e+00 1.735551050729023714e+00
7.871140345282485384e+01 -1.259334728978686258e+00 1.742145708614886157e+00
7.863204303411625062e+01 -1.266108841286262443e+00 1.748888336635042062e+00
7.855171158156393574e+01 -1.273325407634784412e+00 1.755748282229971924e+00
7.847053913595600250e+01 -1.280941931014765833e+00 1.762755020191658861e+00
7.838930978849548126e+01 -1.288889158884997777e+00 1.769873716050637036e+00
7.830766120820665321e+01 -1.297212982531277925e+00 1.777072489337081729e+00
7.822382976527623555e+01 -1.305823621922099109e+00 1.784507540207266540e+00
7.813995526908379929e+01 -1.314901533661607447e+00 1.792036738181215894e+00
7.805629780440783350e+01 -1.324305627864844848e+00 1.799595436923834502e+00
7.797408042370938119e+01 -1.334090063044425012e+00 1.807172140206946276e+00
7.789282156643831456e+01 -1.344306302654414420e+00 1.814738153008231158e+00
7.781307555818268895e+01 -1.354888678140505620e+00 1.822271379816909898e+00
7.773543871542003103e+01 -1.365834236822647263e+00 1.829750979446873149e+00
7.766004216966202023e+01 -1.377161461856799551e+00 1.837147846984385824e+00
7.758701739979474610e+01 -1.388903450398698336e+00 1.844436796276606172e+00
7.751649627416648514e+01 -1.400918567207839471e+00 1.851578302004662113e+00
7.744803887360924932e+01 -1.413328581021495722e+00 1.858675682059157896e+00
7.738185576661513210e+01 -1.426124957269071070e+00 1.865644281414452710e+00
7.731996639853751674e+01 -1.439216534495871613e+00 1.872377435132859258e+00
7.726153951754616855e+01 -1.452630546823714619e+00 1.878853984998083426e+00
7.720742220821513513e+01 -1.466317235656708462e+00 1.885079943714794704e+00
7.715669732676434478e+01 -1.480338850191317057e+00 1.891076952563204294e+00
7.710935759227530184e+01 -1.494745460525809699e+00 1.896866623269564123e+00
7.706514690270937251e+01 -1.509515023016151813e+00 1.902464940687287109e+00
7.702386605603344094e+01 -1.524758094254707208e+00 1.907896476188062795e+00
7.698527045672575753e+01 -1.540364697201606736e+00 1.913178242187332012e+00
7.694869726500742502e+01 -1.556535351310444293e+00 1.918411332787263612e+00
7.691310331977051362e+01 -1.573335167953850311e+00 1.923622306687839512e+00
7.688047456848160266e+01 -1.590574396579575334e+00 1.928715960168176480e+00
7.685005747539018728e+01 -1.608369821960090151e+00 1.933706546663782389e+00
7.682137997905904570e+01 -1.626649863668574891e+00 1.938608751441758260e+00
7.679506676463118708e+01 -1.645458941882650405e+00 1.943428557575914262e+00
7.677014767865240685e+01 -1.664751968441596341e+00 1.948182245597784190e+00
7.674681263968892608e+01 -1.684569326356623264e+00 1.952868957343301126e+00
7.672525029241667482e+01 -1.704931225492649860e+00 1.957496093261307246e+00
7.670427416487034122e+01 -1.725822816007496430e+00 1.962063757199986824e+00
7.668417640760586096e+01 -1.747330175410761077e+00 1.966656043317344338e+00
7.666357524946799629e+01 -1.769553548931402265e+00 1.971313072729752314e+00
7.664439497358995368e+01 -1.792376608385673586e+00 1.975925052750438171e+00
7.662592181737960573e+01 -1.815710233685142505e+00 1.980491122412741722e+00
7.660864057283751549e+01 -1.839481323730126183e+00 1.985019130251253427e+00
7.659227932212105827e+01 -1.863778691056173553e+00 1.989502820119507520e+00
7.657735096558107557e+01 -1.888527092437905619e+00 1.993948332559951409e+00
7.656337426059306495e+01 -1.913726272149198993e+00 1.998351363962775018e+00
7.655048047695272828e+01 -1.939351844899610988e+00 2.002709386689157878e+00
7.653915363981884923e+01 -1.965358834605438032e+00 2.007016451194528539e+00
7.652888645384383892e+01 -1.991808433178890780e+00 2.011301593021631806e+00
7.651859042185692772e+01 -2.018943491354168618e+00 2.015643929660882794e+00
7.650952894714104957e+01 -2.046361513204325799e+00 2.019913188993503805e+00
7.650146382252171406e+01 -2.074030432746568842e+00 2.024107532209229010e+00
7.649457897020036512e+01 -2.101900803589073163e+00 2.028217736801071425e+00
7.648878567804909778e+01 -2.129913070153807375e+00 2.032230668584247724e+00
7.648412457027585276e+01 -2.158011175924900549e+00 2.036140888588138687e+00
7.648065650601644450e+01 -2.186144189878710176e+00 2.039942290515237566e+00
7.647887924970426354e+01 -2.214251040720192076e+00 2.043621603086086314e+00
7.647861861222384050e+01 -2.242267242028231244e+00 2.047169064704466912e+00
7.648012046941714459e+01 -2.270172091015452587e+00 2.050581234019498211e+00
7.648249150939635399e+01 -2.298366743969708637e+00 2.053950727382585217e+00
7.648677831551277961e+01 -2.326278268505112212e+00 2.057143652767966735e+00
7.649274800739264890e+01 -2.353833268919296007e+00 2.060138609786063224e+00
7.650090827951351002e+01 -2.380955533123276791e+00 2.062927587466419688e+00
7.651102854954871191e+01 -2.407569732234590809e+00 2.065537923469226822e+00
7.652258138589469638e+01 -2.433603652003911488e+00 2.067885711112102065e+00
7.653659600222414383e+01 -2.458959318642721659e+00 2.069954139799108361e+00
7.655278055699029949e+01 -2.483543171523368009e+00 2.071829842470199967e+00
7.657102886026569877e+01 -2.507274253183047641e+00 2.073375631510914197e+00
7.659174306245074604e+01 -2.530185766046507911e+00 2.074645334048193401e+00
7.661503828201355759e+01 -2.552868695724067383e+00 2.075779486808174479e+00
7.664018927871626374e+01 -2.574926719465882918e+00 2.076662381792247825e+00
7.666867432679687511e+01 -2.596355633696373122e+00 2.077262805307878324e+00
7.669952649034743786e+01 -2.617211600901850233e+00 2.077603947454438327e+00
7.673277421092284101e+01 -2.637543625429436212e+00 2.077713072645542169e+00
7.676827687979776726e+01 -2.657397310901429499e+00 2.077608229754451585e+00
7.680642564148260476e+01 -2.676818751920229555e+00 2.077249462060166252e+00
7.684645565862585670e+01 -2.695856476087261644e+00 2.076688045326902099e+00
7.688879280411818229e+01 -2.714553622466016503e+00 2.075909918920443520e+00
7.693262003893835299e+01 -2.732947091498126202e+00 2.074942379697347405e+00
7.697897284846139598e+01 -2.751494584651652087e+00 2.073789851889986657e+00
7.702735580180363684e+01 -2.769920855040592045e+00 2.072445393624731569e+00
7.707755929725729516e+01 -2.788107368563417676e+00 2.070837424253540338e+00
7.713012309427293189e+01 -2.806081165071513173e+00 2.069098822440719854e+00
7.718422400700630703e+01 -2.823862227862891316e+00 2.067122308500506822e+00
7.724026847217373870e+01 -2.841466596204178074e+00 2.064946208197791844e+00
7.729866457127417334e+01 -2.858911117892413589e+00 2.062617894074373570e+00
7.735811771289014871e+01 -2.876197488383424705e+00 2.060091096425165968e+00
7.741935839132811736e+01 -2.893336154891832379e+00 2.057383547879849672e+00
7.748186638085820732e+01 -2.910329555711025584e+00 2.054473516332024019e+00
7.754611072895154678e+01 -2.927538916397621094e+00 2.051393120556212590e+00
7.761224025610590616e+01 -2.944824316578985357e+00 2.048117542473966601e+00
7.767909502907181718e+01 -2.961955143822305736e+00 2.044713013182817729e+00
7.774752761207976448e+01 -2.978903666464698841e+00 2.041072266232509147e+00
7.781733390355127256e+01 -2.995641509142719983e+00 2.037301794502452079e+00
7.788811415891821355e+01 -3.012152754315693404e+00 2.033381351752111765e+00
7.795981944787689599e+01 -3.028404724885159993e+00 2.029310786622363860e+00
7.803216519891776670e+01 -3.044370093721778137e+00 2.025057799415478144e+00
7.810617512882541291e+01 -3.060019046126911224e+00 2.020670992865559068e+00
7.817997938655240375e+01 -3.075311168052827338e+00 2.016198850753794680e+00
7.825529701336245125e+01 -3.090437373680593680e+00 2.011520691063305666e+00
7.833200201831246545e+01 -3.105396437253892028e+00 2.006745350087680180e+00
7.840901672771339292e+01 -3.119874189986462376e+00 2.001886333616023972e+00
7.848581176749665644e+01 -3.133826567940171781e+00 1.996829804703832423e+00
7.856251294976814847e+01 -3.147209219180265194e+00 1.991718074108654202e+00
7.863971794293190953e+01 -3.159965489939358552e+00 1.986502694527168655e+00
7.871642765837192712e+01 -3.172035754448437217e+00 1.981182448079330971e+00
7.879279486960462009e+01 -3.183363814167692762e+00 1.975804917223977109e+00
7.886898148884104387e+01 -3.193884831923041290e+00 1.970355598961371246e+00
7.894377220449493393e+01 -3.203540571456322983e+00 1.964854921276119271e+00
7.901837943579072032e+01 -3.212404500499279614e+00 1.959326775090775019e+00
7.909233242151145760e+01 -3.220554162920401531e+00 1.953633658247163396e+00
7.916563060704777399e+01 -3.227610532979424462e+00 1.947924792510979053e+00
7.923727933241573851e+01 -3.233504622598901701e+00 1.942199509558868664e+00
7.930747216816547507e+01 -3.238180566560978413e+00 1.936502300202736615e+00
7.937601571214993612e+01 -3.241664859763715434e+00 1.930746477575102205e+00
7.944278202817534407e+01 -3.244004301244304056e+00 1.925002361416068064e+00
7.950871569307844311e+01 -3.245245304700815847e+00 1.919175832031605244e+00
7.957378820141538256e+01 -3.245427801924467115e+00 1.913306557079902825e+00
7.963759382665553233e+01 -3.244587793181542779e+00 1.907406152264638388e+00
7.970027291750542986e+01 -3.242834566743317826e+00 1.901459960457387854e+00
7.976362299164847514e+01 -3.240424778469406242e+00 1.895267330502617975e+00
7.982679430940926579e+01 -3.237094138621284589e+00 1.889004865872507377e+00
7.988866815499811480e+01 -3.232891941869596941e+00 1.882672829857790386e+00
7.995013086879535535e+01 -3.227829355723028648e+00 1.876228938583914152e+00
8.001085567036501800e+01 -3.221930259378090966e+00 1.869696538811862929e+00
8.007123200868853985e+01 -3.215218099303232879e+00 1.863053722884298935e+00
8.013166430680273322e+01 -3.207705383452733816e+00 1.856279968153121684e+00
8.019179822652756684e+01 -3.199413380105525562e+00 1.849398427657293453e+00
8.025122299025584027e+01 -3.190367123149215445e+00 1.842432194908590448e+00
8.031060687327213543e+01 -3.180579380459317207e+00 1.835401313622268438e+00
8.037157303419816401e+01 -3.170289950260874789e+00 1.828135827481479625e+00
8.043236186996345793e+01 -3.159290904771977715e+00 1.820750844506367594e+00
8.049285478712174324e+01 -3.147602558046201260e+00 1.813217299034143304e+00
8.055322810293024816e+01 -3.135241817701860612e+00 1.805595331339284737e+00
8.061322232808637978e+01 -3.122225810337787788e+00 1.797848277693014696e+00
8.067255893150547763e+01 -3.108574267471905905e+00 1.789954776288035454e+00
8.073150185357823716e+01 -3.094280598571667706e+00 1.781995590911811700e+00
8.079014575634965922e+01 -3.079424183060240683e+00 1.773892122153711171e+00
8.084801367521802717e+01 -3.063916409359007886e+00 1.765708646852233388e+00
8.090549308389211092e+01 -3.047819478634229640e+00 1.757440084754452903e+00
8.096329352936973578e+01 -3.031290869600281823e+00 1.748977709050598683e+00
8.102021472959997084e+01 -3.014116342639476365e+00 1.740443871752702876e+00
8.107701600413085430e+01 -2.996399599732979535e+00 1.731856030271942126e+00
8.113222184003630844e+01 -2.978127902438416630e+00 1.723168854073117817e+00
8.118607067218576390e+01 -2.959223770639670903e+00 1.714440563207791701e+00
8.123854524066459248e+01 -2.939773351221191877e+00 1.705703822013741267e+00
8.128906735599318267e+01 -2.919764459789588873e+00 1.696935222453701320e+00
8.133809414530854554e+01 -2.899219811398838331e+00 1.688157237566557889e+00
8.138516804934766924e+01 -2.878147360319831538e+00 1.679327336783962066e+00
8.142992933233070119e+01 -2.856492101054647126e+00 1.670588699139685440e+00
8.147354270330644965e+01 -2.834357845119691355e+00 1.661741298157625168e+00
8.151568846191493378e+01 -2.811620269809166572e+00 1.652998675223945391e+00
8.155446794513154884e+01 -2.788369587761605040e+00 1.644290089570993096e+00
8.159044783675318513e+01 -2.764576270859864682e+00 1.635679634937555083e+00
8.162315852954988316e+01 -2.740244623330153839e+00 1.627197484134428995e+00
8.165277252270368535e+01 -2.715358853263253547e+00 1.618932759654858167e+00
8.167862608228146826e+01 -2.689957005819662239e+00 1.610811746574325243e+00
8.169997062616366179e+01 -2.664076681692124637e+00 1.602873955362329017e+00
8.171764253559166491e+01 -2.637627194249458018e+00 1.595174283213131705e+00
8.173042074518953370e+01 -2.610734918669945337e+00 1.587728276520868675e+00
8.173995488519818764e+01 -2.583240275669037356e+00 1.580363382636171599e+00
8.174631480177562537e+01 -2.555147197522233071e+00 1.573159060494110584e+00
8.174822395054644630e+01 -2.526513640260003690e+00 1.566175391243358916e+00
8.174586082180955771e+01 -2.497357628885023217e+00 1.559410296015825148e+00
8.174016040205137301e+01 -2.467663210219388947e+00 1.552752422719151371e+00
8.173077597078744816e+01 -2.437392226885841673e+00 1.546237619742946379e+00
8.171805645012013031e+01 -2.406561479245346913e+00 1.539846419496953223e+00
8.170194415750530936e+01 -2.375131843607005688e+00 1.533614928479298145e+00
8.168278748798333311e+01 -2.343148781845171058e+00 1.527494326111506373e+00
8.166023200875531529e+01 -2.310583829833994240e+00 1.521509384922927755e+00
8.163504535782118410e+01 -2.277424409622152535e+00 1.515524401601879623e+00
8.160774512647657275e+01 -2.243566426625519306e+00 1.509577181491109421e+00
8.157789313673538345e+01 -2.209084560759390747e+00 1.503726759919120637e+00
8.154532841973183110e+01 -2.174084782800533855e+00 1.497954050871187714e+00
8.150944184537874548e+01 -2.138485868870641848e+00 1.492240032411361828e+00
8.147113758028248753e+01 -2.102317901322718008e+00 1.486565748960474442e+00
8.143028279072957787e+01 -2.065592014967361223e+00 1.480959444242388789e+00
8.138679664869526675e+01 -2.028308342567694655e+00 1.475389644942245670e+00
8.134039716611836468e+01 -1.990444878692879893e+00 1.469864906515925940e+00
8.129114714667761632e+01 -1.952082870758397926e+00 1.464324620419664269e+00
8.124046319785823300e+01 -1.913094499168183749e+00 1.458770560431098318e+00
8.118758619367163476e+01 -1.873359464414816156e+00 1.453154157358894638e+00
8.113196376192911430e+01 -1.833165736417084801e+00 1.447624690748138265e+00
8.107392441080790491e+01 -1.792500202588668268e+00 1.442139719813455567e+00
8.101348100814944075e+01 -1.751371565601690605e+00 1.436647562757274565e+00
8.095038392129586668e+01 -1.709905292294146006e+00 1.431226289005372410e+00
8.088495709377413334e+01 -1.668019460996247982e+00 1.425908001164095884e+00
8.081698915415539375e+01 -1.625798402567946832e+00 1.420674701257969463e+00
8.074644543046102285e+01 -1.583237075928723314e+00 1.415447786236519567e+00
8.067364515714758966e+01 -1.540424536934675181e+00 1.410317250185371130e+00
8.059753634235076447e+01 -1.497286938826758673e+00 1.405291366178046841e+00
8.052032637185354247e+01 -1.453649112169875801e+00 1.400200064780353859e+00
8.043987244908576884e+01 -1.409814401246921145e+00 1.395194093755141695e+00
8.035621540340625302e+01 -1.365814480526758246e+00 1.390279045678120218e+00
8.027037775163960021e+01 -1.321723733476002360e+00 1.385473165877046720e+00
8.018112063454408656e+01 -1.277588122836282647e+00 1.380775962602983187e+00
8.008913879134570379e+01 -1.233467056341376322e+00 1.376182888959277983e+00
7.999404824824797799e+01 -1.189420823529120153e+00 1.371745940016950716e+00
7.989565093742538693e+01 -1.145434273823446869e+00 1.367498457408351076e+00
7.979454266691509190e+01 -1.101686643040547864e+00 1.363394332671805653e+00
7.968953925677357120e+01 -1.058102944195648210e+00 1.359416868104334375e+00
7.958204670229631006e+01 -1.014356000758927179e+00 1.355550754991466267e+00
7.947156130333432600e+01 -9.709949171772791487e-01 1.351881551014219474e+00
7.935689130966193261e+01 -9.279757214885496763e-01 1.348445472883718521e+00
7.923833098957787513e+01 -8.854018559682237388e-01 1.345159275760939410e+00
7.911583264706541740e+01 -8.433205343200588233e-01 1.342112844017056661e+00
7.898973065565176910e+01 -8.016848620059408015e-01 1.339296874669944737e+00
7.885989333849529714e+01 -7.604806610353497254e-01 1.336691761739967177e+00
7.872659305593164447e+01 -7.196937099544256089e-01 1.334313953298788435e+00
7.858991412524993336e+01 -6.793097538643405597e-01 1.332095076501241149e+00
7.844933156819077169e+01 -6.392413269845872437e-01 1.330143625649506056e+00
7.830605335827425506e+01 -5.991035891500966493e-01 1.328323002444949719e+00
7.815887403161470104e+01 -5.591745810040106290e-01 1.326655256818454198e+00
7.800872724349770237e+01 -5.195024888236917660e-01 1.325241509604586199e+00
7.785508120273800614e+01 -4.800448532962335313e-01 1.324004462528100001e+00
7.769811258491749584e+01 -4.407621986792112923e-01 1.322932032573203465e+00
7.753835456298780571e+01 -4.016509039171699547e-01 1.322019260712792521e+00
7.737527028700928611e+01 -3.626507093646124114e-01 1.321271104202659030e+00
7.720832123450189499e+01 -3.238049780423633561e-01 1.320669285316690589e+00
7.703891095341754180e+01 -2.850015407513720733e-01 1.320273190535776076e+00
7.686577938038837488e+01 -2.463223873351192972e-01 1.319998095240656921e+00
7.669032676198240495e+01 -2.074091730006419332e-01 1.319775104381954112e+00
7.651136006288362523e+01 -1.684237969221063225e-01 1.319750136211200520e+00
7.632892626113735446e+01 -1.295351902971328129e-01 1.319877847122234105e+00
7.614400879053619065e+01 -9.068776191830071887e-02 1.320079915189595665e+00
7.595585439682298556e+01 -5.189544713155474359e-02 1.320416397477138348e+00
7.576512878109492988e+01 -1.317394651111560358e-02 1.320905707651578220e+00
7.557129784888593349e+01 2.544464216364094103e-02 1.321511875921669077e+00
7.537476938613879440e+01 6.401319113196292376e-02 1.322199040927410252e+00
7.517594963842365985e+01 1.024808462884447408e-01 1.323058880283425998e+00
7.497453296291958225e+01 1.408350912146966449e-01 1.323964092940840054e+00
7.476975642766747399e+01 1.792382156150183758e-01 1.325000075085372098e+00
7.456270025468479901e+01 2.177199669480477939e-01 1.326152526160078837e+00
7.435318421954067958e+01 2.560363630786628431e-01 1.327404829198890246e+00
7.414134677075543323e+01 2.941993357871788284e-01 1.328765928210688285e+00
7.392695640105337418e+01 3.321872483927064690e-01 1.330171163384945121e+00
7.371000230767816674e+01 3.699560333648507227e-01 1.331641075489883308e+00
7.349087659342889367e+01 4.074689649225283761e-01 1.333188735032353023e+00
7.326982855791773375e+01 4.446961535946802324e-01 1.334820238468937381e+00
7.304628763186420315e+01 4.815857526822316936e-01 1.336563492606475778e+00
7.282178076142282919e+01 5.180520585258262534e-01 1.338340183318616372e+00
7.259451819887485158e+01 5.542363047740969106e-01 1.340186077260958841e+00
7.236591839918609992e+01 5.901197985941062374e-01 1.342157946457228634e+00
7.213540467799782618e+01 6.254308695328816281e-01 1.344165136336351152e+00
7.190407546266249028e+01 6.602003449802659185e-01 1.346276008826754911e+00
7.167166951571471145e+01 6.942771908374971712e-01 1.348408915784558015e+00
7.143783322548333103e+01 7.276532479379513862e-01 1.350618133428961976e+00
7.120344193179487036e+01 7.603394975130762790e-01 1.352869168819927470e+00
7.096779177171322317e+01 7.921937242301138049e-01 1.355158189671337610e+00
7.073118471605252466e+01 8.232160915635042819e-01 1.357477532150319410e+00
7.049427328026028761e+01 8.533727162919544362e-01 1.359819563924399510e+00
7.025640315855862639e+01 8.826739221541070046e-01 1.362186734585421943e+00
7.001730244227294975e+01 9.112627463068125877e-01 1.364618084417270838e+00
6.977822393143084412e+01 9.389746332417097108e-01 1.367085355199264995e+00
6.953785901330792285e+01 9.657706052682339948e-01 1.369587445751139221e+00
6.929665747053364555e+01 9.917248532157609819e-01 1.372142907035903470e+00
6.905494810258529981e+01 1.016884702973435806e+00 1.374754698381951634e+00
6.881236298985717781e+01 1.041263147713711312e+00 1.377422447125443483e+00
6.856850573183346853e+01 1.064931528051140441e+00 1.380141081335033437e+00
6.832375819085569901e+01 1.087848094701535206e+00 1.382921996127876252e+00
6.807786045040596434e+01 1.110098941885615309e+00 1.385763454291799368e+00
6.783060740905710873e+01 1.131687797066601719e+00 1.388678066440661496e+00
6.758054480571919953e+01 1.152878660569126579e+00 1.391712646963921829e+00
6.732951839014769746e+01 1.173451173770123646e+00 1.394817433299293308e+00
6.707743138005983496e+01 1.193411165741431024e+00 1.397999341287787134e+00
6.682405469987881474e+01 1.212764077830575715e+00 1.401257991508511269e+00
6.656973204832790714e+01 1.231552411978218187e+00 1.404593050638466512e+00
6.631363075962622133e+01 1.249742754839039627e+00 1.408004229174615318e+00
6.605648051739041193e+01 1.267303154340411853e+00 1.411501697722645998e+00
6.579855277954656856e+01 1.284274305135235439e+00 1.415080731211207477e+00
6.553968101445771310e+01 1.300726403502949768e+00 1.418741928939702968e+00
6.527925291630673144e+01 1.316610643757849752e+00 1.422472561575301331e+00
6.501692667588341124e+01 1.332166409752283398e+00 1.426353242982066449e+00
6.475311680558669991e+01 1.347209925446258394e+00 1.430311767123116917e+00
6.448798498104973476e+01 1.361706284162055969e+00 1.434330559782908132e+00
6.422194900341689561e+01 1.375733189979828630e+00 1.438406692721855284e+00
6.395500714374166762e+01 1.389244677148856688e+00 1.442537816479411150e+00
6.368710930565927697e+01 1.402259063310044240e+00 1.446720466931388227e+00
6.341826656997818645e+01 1.414737110314405300e+00 1.450940534827328099e+00
6.314901434459655150e+01 1.426774854090564482e+00 1.455200116925601472e+00
6.287877795307308304e+01 1.438270941946075965e+00 1.459489206922869542e+00
6.260867844063871956e+01 1.449323768427059012e+00 1.463803229133261441e+00
6.233659276439577468e+01 1.459881401312306037e+00 1.468206237158879546e+00
6.206423905826958531e+01 1.469951082969237266e+00 1.472641337087220004e+00
6.179230861848968459e+01 1.479547870186406655e+00 1.477069000365719864e+00
6.151984302248143166e+01 1.488588514722655853e+00 1.481486525431614742e+00
6.124793200423203388e+01 1.497121224136192419e+00 1.485880852788385109e+00
6.097638686082537163e+01 1.505120501210705175e+00 1.490237086853915649e+00
6.070540805306778509e+01 1.512625116318982554e+00 1.494550682701132116e+00
6.043533057828415167e+01 1.519591786677342959e+00 1.498804538596545166e+00
6.016532023037719057e+01 1.526015810483324575e+00 1.502982763833873747e+00
5.989670025600916148e+01 1.531892085779189783e+00 1.507068596667997307e+00
5.962840650017169253e+01 1.537304221114093039e+00 1.511127853870907201e+00
5.936147585924029357e+01 1.542164350099200387e+00 1.515106145276415850e+00
5.909527713506719238e+01 1.546513747200437106e+00 1.518947164038367159e+00
5.883105829292252764e+01 1.550276392129517955e+00 1.522642816746790917e+00
5.856867201251824184e+01 1.553479444188563319e+00 1.526174450303112495e+00
5.830873884653927774e+01 1.556128896694566555e+00 1.529530516077523883e+00
5.805110250054590892e+01 1.558219847615625930e+00 1.532717675865636231e+00
5.779554964645920734e+01 1.559729690502698496e+00 1.535755417754112617e+00
5.754186754515580304e+01 1.560618836392801079e+00 1.538648833803930804e+00
5.728984407473347318e+01 1.560950893683409779e+00 1.541420955284599881e+00
5.704021216637066516e+01 1.560627293986866615e+00 1.544118225380894049e+00
5.679070199286366005e+01 1.559706890814104296e+00 1.546758872781278660e+00
5.654329239470689572e+01 1.558209018138883462e+00 1.549296195282315214e+00
5.629796159769696118e+01 1.556125020918863289e+00 1.551736977268332263e+00
5.605357054216504764e+01 1.553445897044658741e+00 1.554095410538226973e+00
5.581046914335907871e+01 1.550202772477863533e+00 1.556377066391772868e+00
5.556845036539588278e+01 1.546386630030314624e+00 1.558588264401610246e+00
5.532785912197714850e+01 1.541946322745844755e+00 1.560730426473392995e+00
5.508882819962616395e+01 1.536996376749680593e+00 1.562811163658236913e+00
5.485045559975475271e+01 1.531439610774680604e+00 1.564841412321933412e+00
5.461352474286535852e+01 1.525255223455457942e+00 1.566854589215117111e+00
5.437699993981421187e+01 1.518449996720318440e+00 1.568882799555354923e+00
5.414139745488338917e+01 1.511064804116949434e+00 1.570869961060972875e+00
5.390698398843671413e+01 1.503123785928791145e+00 1.572807795052745705e+00
5.367323886128384203e+01 1.494640435476014328e+00 1.574710140146913018e+00
5.344053190974063483e+01 1.485621545055438419e+00 1.576570054852232117e+00
5.320866550106032378e+01 1.476078301291100070e+00 1.578387845190739602e+00
5.297744306675829051e+01 1.466015766097025219e+00 1.580172752038671691e+00
5.274728269390242019e+01 1.455448702932432115e+00 1.581919366987871278e+00
5.251757890478784674e+01 1.444402085206287323e+00 1.583618719546416198e+00
5.228925012387109206e+01 1.432833242357866022e+00 1.585305832373533619e+00
5.206050060433664584e+01 1.420654397618099418e+00 1.587014467888720359e+00
5.183376949425860403e+01 1.408017837697656871e+00 1.588673860325529930e+00
5.160788920525013879e+01 1.394950102205883669e+00 1.590284356292611667e+00
5.138366612498529662e+01 1.381458839718117115e+00 1.591843122227504015e+00
5.116071681030178553e+01 1.367573338395726257e+00 1.593344550105719293e+00
5.093890477890282398e+01 1.353318467865183061e+00 1.594784177694612559e+00
5.071867149492234716e+01 1.338720313137240270e+00 1.596152398082744561e+00
5.049994978306018112e+01 1.323806627866956243e+00 1.597445547270824662e+00
5.028294685464776137e+01 1.308604118491246249e+00 1.598663471330450836e+00
5.006690082933202746e+01 1.293109207390130244e+00 1.599797852961795108e+00
4.985255465445741407e+01 1.277159279162339844e+00 1.600909217153251518e+00
4.963917027492198031e+01 1.261007970459639527e+00 1.601916224160436331e+00
4.942832777484210993e+01 1.244681963571015348e+00 1.602813844019993939e+00
4.921882405753610357e+01 1.228219535104663640e+00 1.603591203674032295e+00
4.901181948473844585e+01 1.211652195289370182e+00 1.604242337463612555e+00
4.880683755404722035e+01 1.195015784824554395e+00 1.604750955406137880e+00
4.860393215694943336e+01 1.178351194688894932e+00 1.605116178429820240e+00
4.840345192888965187e+01 1.161693285521676167e+00 1.605325192064283923e+00
4.820559580871174177e+01 1.145086417776800536e+00 1.605364331776750531e+00
4.801042000001018550e+01 1.128580802268374983e+00 1.605222809578436882e+00
4.781664710197903645e+01 1.111929089148607774e+00 1.604951459064575481e+00
4.762580068804717115e+01 1.095352740014065684e+00 1.604499035613154767e+00
4.743706788971139332e+01 1.078837680627898532e+00 1.603873006849329874e+00
4.725081697449111573e+01 1.062367195133156139e+00 1.603073657899584337e+00
4.706710527946575695e+01 1.045907912144389718e+00 1.602113668619026488e+00
4.688615740063752213e+01 1.029441121125476588e+00 1.600990287956777003e+00
4.670716363802815607e+01 1.012948464284688654e+00 1.599716299396727104e+00
4.653060521858683529e+01 9.964082810243475308e-01 1.598303119003783301e+00
4.635679916636352260e+01 9.797961564723958183e-01 1.596745162975772292e+00
4.618544797916350575e+01 9.630918608189676933e-01 1.595059699411363718e+00
4.601619741913082606e+01 9.460513925056205364e-01 1.593277269621182990e+00
4.584953851581963846e+01 9.288357717842525840e-01 1.591380159692963758e+00
4.568485913106177776e+01 9.114837761202244648e-01 1.589354894252842820e+00
4.552295893024722062e+01 8.939878028429435464e-01 1.587216630445017485e+00
4.536293562313030492e+01 8.763301243475442037e-01 1.584956547613236566e+00
4.520492391578221714e+01 8.585028808975772030e-01 1.582584567275145959e+00
4.504910081601803284e+01 8.405018587156358745e-01 1.580106770057806642e+00
4.489575007973675014e+01 8.223241830858681878e-01 1.577521946487674631e+00
4.474426115535587201e+01 8.039660002458849375e-01 1.574836629181154413e+00
4.459482131994523257e+01 7.854239187253045928e-01 1.572050085494715921e+00
4.444741462251937492e+01 7.664999492418692606e-01 1.569183503670008584e+00
4.430245930979643987e+01 7.472822921251988104e-01 1.566224570984306341e+00
4.415926794169831737e+01 7.278852769181853866e-01 1.563171548903876218e+00
4.401841844544795634e+01 7.083194111437274287e-01 1.560029443890464718e+00
4.387906869521390973e+01 6.885949250622874773e-01 1.556792358768577023e+00
4.374204017459904748e+01 6.687219269349453654e-01 1.553473017584372950e+00
4.360657083140961987e+01 6.487106700503106893e-01 1.550072447015593768e+00
4.347310332810704381e+01 6.285727458016547864e-01 1.546585146481883166e+00
4.334139048364337299e+01 6.083226288867591425e-01 1.543016463144915473e+00
4.321161034496862641e+01 5.879798428231142182e-01 1.539374477486040727e+00
4.308382152545532762e+01 5.674148342982922033e-01 1.535660118793885198e+00
4.295775454314494368e+01 5.466490805005103093e-01 1.531866914574065763e+00
4.283317739897680099e+01 5.258487075980093906e-01 1.527995729620662102e+00
4.271052893649494564e+01 5.050336931836433285e-01 1.524049177334630967e+00
4.258954283708781219e+01 4.842306763954040139e-01 1.520029314108726659e+00
4.246995385255447530e+01 4.634745810756150664e-01 1.515938696725838586e+00
4.235197362124616660e+01 4.428029159122472969e-01 1.511782039848641901e+00
4.223520335933666559e+01 4.222523996824488757e-01 1.507561482306893685e+00
4.212028521383101065e+01 4.018618069738543741e-01 1.503287438312147506e+00
4.200679658656390814e+01 3.816676503886747840e-01 1.498956035586922475e+00
4.189523300005129158e+01 3.616139396295584008e-01 1.494571831975564313e+00
4.178560666610972163e+01 3.416618462599992911e-01 1.490126949623283625e+00
4.167732768232875884e+01 3.220268665835215316e-01 1.485633271753356022e+00
4.157013871097981905e+01 3.027471811084466724e-01 1.481097463867816932e+00
4.146410197947553655e+01 2.838615896926860449e-01 1.476514171792890240e+00
4.135953252346408959e+01 2.654092580517760092e-01 1.471889449939111971e+00
4.125573250001858838e+01 2.474181882961318801e-01 1.467221457015822406e+00
4.115321009316897261e+01 2.298722139015400290e-01 1.462508987279496298e+00
4.105193426705651660e+01 2.127481288031874695e-01 1.457755818400344960e+00
4.095219129700045357e+01 1.960237030392834312e-01 1.452955482111372598e+00
4.085344360826015020e+01 1.796276673003514845e-01 1.448097896258736750e+00
4.075674763540229861e+01 1.634039915018391798e-01 1.443170275684180437e+00
4.066199789980623081e+01 1.475210286718253994e-01 1.438184579933151630e+00
4.056809058991215267e+01 1.319579693632455530e-01 1.433143111505106315e+00
4.047621780522948143e+01 1.166961435781416617e-01 1.428042801940587747e+00
4.038588209319958366e+01 1.017153510300451424e-01 1.422881112301089157e+00
4.029691394885277589e+01 8.699664433549872400e-02 1.417653646464865025e+00
4.020963322634352721e+01 7.252176148217880092e-02 1.412360072209023487e+00
4.012332470962773101e+01 5.827114385177251804e-02 1.406996287334847828e+00
4.003893388005931797e+01 4.422857054249798581e-02 1.401562257785365917e+00
3.995682119856045489e+01 3.037287780534248666e-02 1.396052516238824204e+00
3.987669913791275889e+01 1.652675581875848870e-02 1.390433265729839052e+00
3.979784834894304169e+01 2.880200084649118305e-03 1.384742239530091013e+00
3.972089549655652974e+01 -1.058184807901548473e-02 1.378983746538789523e+00
3.964572918405581703e+01 -2.386163519565377700e-02 1.373157647533183034e+00
3.957223844276701641e+01 -3.696330879361798410e-02 1.367266720165034588e+00
3.950031270728583621e+01 -4.989070015024316129e-02 1.361312226152946669e+00
3.943035856748560519e+01 -6.265259518920431037e-02 1.355295419658186118e+00
3.936204867903592231e+01 -7.525001013741126898e-02 1.349218971136576517e+00
3.929497427050645797e+01 -8.770064948825653794e-02 1.343089251018829478e+00
3.922976254071113544e+01 -1.000058096159963661e-01 1.336897878922911342e+00
3.916644909365212612e+01 -1.122993435325430056e-01 1.330597376490374240e+00
3.910500435481694836e+01 -1.244575167186590114e-01 1.324238510152138115e+00
3.904503591498004766e+01 -1.364683662751205728e-01 1.317832396624172064e+00
3.898604586878028044e+01 -1.483280577998025984e-01 1.311385312193503960e+00
3.892852900374845149e+01 -1.600320211560024297e-01 1.304896328163898112e+00
3.887237740564308552e+01 -1.715763092945023494e-01 1.298374088605488641e+00
3.881697726424530970e+01 -1.829624399360646192e-01 1.291828409863481797e+00
3.876299612310207010e+01 -1.941767059161315645e-01 1.285257864142484996e+00
3.871029397441972719e+01 -2.052208375456735234e-01 1.278675207709661255e+00
3.865852644384621328e+01 -2.160837936483646082e-01 1.272089037668853173e+00
3.860751538896595747e+01 -2.268331276004297015e-01 1.265457405691432724e+00
3.855817298399535531e+01 -2.374117566608688057e-01 1.258826070790508345e+00
3.850944256691610690e+01 -2.477857152239432703e-01 1.252210471697186467e+00
3.846149217291713995e+01 -2.579439257737949909e-01 1.245626470075354320e+00
3.841413002685973765e+01 -2.678851526762195956e-01 1.239082957495116766e+00
3.836701166886816594e+01 -2.776021183845242546e-01 1.232580782829856725e+00
3.831997304920421499e+01 -2.870886056658257246e-01 1.226136115099630386e+00
3.827325510590701896e+01 -2.963354592899998252e-01 1.219751740883855184e+00
3.822674949480833106e+01 -3.053411140458089923e-01 1.213440369364996885e+00
3.817938535225513874e+01 -3.140894194697017028e-01 1.207213259467906363e+00
3.813299906727930022e+01 -3.225978353910429197e-01 1.201034188863651986e+00
3.808665327826835068e+01 -3.308409809452214634e-01 1.194930806340936291e+00
3.803987562845117765e+01 -3.388060023416469835e-01 1.188925497250430841e+00
3.799261897718901082e+01 -3.464898624828831597e-01 1.183011050912836426e+00
3.794557620816552657e+01 -3.538892501442721383e-01 1.177187685685847640e+00
3.789858764575316030e+01 -3.610005830437018060e-01 1.171447125131699574e+00
3.785175983897818242e+01 -3.678297012852733139e-01 1.165783787836168317e+00
3.780496034396624339e+01 -3.743750077691659350e-01 1.160195314389349530e+00
3.775800869019299455e+01 -3.806351207127948166e-01 1.154664021312900468e+00
3.771217334802853571e+01 -3.866220727976090177e-01 1.149197931259460459e+00
3.766602472023259907e+01 -3.923200039213120549e-01 1.143741177953198740e+00
3.762109611491995764e+01 -3.977302136578106939e-01 1.138290729132537260e+00
3.757693680623535926e+01 -4.028507359953800715e-01 1.132882694110797894e+00
3.753295517392935920e+01 -4.076946540319941192e-01 1.127497709108559176e+00
3.748926742448307436e+01 -4.122595735155140106e-01 1.122137166304847833e+00
3.744598924814647489e+01 -4.165522491822324369e-01 1.116807193405066290e+00
3.740323580218754529e+01 -4.205662051033157156e-01 1.111497988017472460e+00
3.736112169460237453e+01 -4.243154536882452477e-01 1.106205847193809877e+00
3.731976096829183120e+01 -4.277972897942403652e-01 1.100929224730326395e+00
3.727926708570974057e+01 -4.310159024044837861e-01 1.095670135404839929e+00
3.723922386847753785e+01 -4.339550094180160689e-01 1.090395912811977785e+00
3.719997486708670920e+01 -4.365905931020153674e-01 1.085085982790307213e+00
3.716158912686000093e+01 -4.389788724821575006e-01 1.079786590455162898e+00
3.712322624005015825e+01 -4.411193452009538052e-01 1.074483516369864722e+00
3.708597171204321796e+01 -4.430233920919591784e-01 1.069185029223294281e+00
3.704936256229177616e+01 -4.446945250888944545e-01 1.063886538099348744e+00
3.701304479784111834e+01 -4.461439946086548369e-01 1.058588141136724836e+00
3.697723670407697227e+01 -4.473782478525766271e-01 1.053294991216938703e+00
3.694239894794611700e+01 -4.484078235999639506e-01 1.048006208323908339e+00
3.690795582167250188e+01 -4.492499213306401784e-01 1.042737923192798233e+00
3.687318106231212056e+01 -4.498905427027145021e-01 1.037488298669290154e+00
3.684009069458723218e+01 -4.502661205696768532e-01 1.032207672628100870e+00
3.680750474421061114e+01 -4.504798188417943328e-01 1.026966166628232369e+00
3.677529457982864614e+01 -4.505572783522245883e-01 1.021759372398477472e+00
3.674290681288176330e+01 -4.504599144709783287e-01 1.016599908994084256e+00
3.671082296092948383e+01 -4.502366123242185769e-01 1.011485569573393528e+00
3.667920269762436192e+01 -4.499390669794797737e-01 1.006427196227547061e+00
3.664770995430758660e+01 -4.495632582038362468e-01 1.001420089414509329e+00
3.661644488448970236e+01 -4.490936823206011508e-01 9.964688397562889710e-01
3.658550685453938911e+01 -4.485874854270184842e-01 9.915890227542505375e-01
3.655426507103106815e+01 -4.480229373958399264e-01 9.867722721636476013e-01
3.652322962286221042e+01 -4.473120004917109926e-01 9.819954961660671833e-01
3.649251721780377267e+01 -4.466314924472284398e-01 9.773105893275896294e-01
3.646096471209443735e+01 -4.459641218378054273e-01 9.727230429091809905e-01
3.642933484686388113e+01 -4.453665764812195227e-01 9.682532918374903153e-01
3.639772216809045347e+01 -4.448586418991245517e-01 9.638995248003723315e-01
3.636577891355415915e+01 -4.444006183369809682e-01 9.596690006176066268e-01
3.633316827001716831e+01 -4.440474426010836417e-01 9.555714831393429254e-01
3.629948458370822095e+01 -4.438517894797157637e-01 9.516022399886692185e-01
3.626594821215692122e+01 -4.436883638177178679e-01 9.477493974165961399e-01
3.623174541874109877e+01 -4.435918556349985886e-01 9.440041711213914555e-01
3.619789519426737456e+01 -4.433615158342457674e-01 9.403271097157303027e-01
3.616351457776151790e+01 -4.431800929021136870e-01 9.367515396018593066e-01
3.612874868441600995e+01 -4.429447918700806786e-01 9.332675997111458122e-01
3.609379286926817798e+01 -4.427017636668073575e-01 9.298882506922071522e-01
3.605848413699238364e+01 -4.424330239786353203e-01 9.266001428793907424e-01
3.602291521968064103e+01 -4.421554189958154524e-01 9.234055857735741224e-01
3.598723358315945120e+01 -4.417794488365796024e-01 9.203064101071167791e-01
3.595124600600320264e+01 -4.413887638847120987e-01 9.172963789476911156e-01
3.591514376009695297e+01 -4.408574351606615593e-01 9.143642764217332353e-01
3.587839373872229487e+01 -4.402652859233427418e-01 9.115165554929799407e-01
3.584197852530513728e+01 -4.394431094701887197e-01 9.087168850057629754e-01
3.580533258163936949e+01 -4.385332787943333477e-01 9.059817037692239339e-01
3.576892828968144755e+01 -4.374383953139691639e-01 9.033140871549514284e-01
3.573184870024518034e+01 -4.362200700585612267e-01 9.007104738135078836e-01
3.569489597884872722e+01 -4.349043497269200476e-01 8.981674708124163242e-01
3.565741585975006700e+01 -4.334614790600302414e-01 8.956853883473435696e-01
3.562013430453466611e+01 -4.318913298001678669e-01 8.932572149690845009e-01
3.558272445249079396e+01 -4.301954737473629997e-01 8.908891200606823269e-01
3.554504074815931602e+01 -4.283816975340679623e-01 8.885705939022501276e-01
3.550751547427374533e+01 -4.264322859535011889e-01 8.863061273251149341e-01
3.546958768687667174e+01 -4.242422770197553650e-01 8.840799599939985765e-01
3.543143853728884807e+01 -4.218649567687838831e-01 8.818921464538759247e-01
3.539380167631382790e+01 -4.194442000816650529e-01 8.797579006457363349e-01
3.535589434177398971e+01 -4.168913519598760331e-01 8.776685002281419123e-01
3.531760509765387468e+01 -4.142186616259587173e-01 8.756262018132565661e-01
3.527966545326937364e+01 -4.115445675498953237e-01 8.736309074090703453e-01
3.524177055591595575e+01 -4.087804828130467416e-01 8.716805951688035847e-01
3.520369048910576737e+01 -4.059641863515349725e-01 8.697715358035450484e-01
3.516560147681096282e+01 -4.031076449627004621e-01 8.679100512466083606e-01
3.512767907923009858e+01 -4.001930714824509794e-01 8.660851524739157092e-01
3.508932293572406280e+01 -3.972252892863408769e-01 8.642929699873315164e-01
3.505133616462883595e+01 -3.941927884957510120e-01 8.625369082140901256e-01
3.501314956761017783e+01 -3.911456760300255908e-01 8.608190583683561492e-01
3.497518822106362535e+01 -3.881637774129000351e-01 8.591447918491882385e-01
3.493761120271403087e+01 -3.852560216754009059e-01 8.575079876623212805e-01
3.489986083583409027e+01 -3.824713328815775304e-01 8.559137318666359961e-01
3.486212745962090764e+01 -3.798208490685351379e-01 8.543653240910189517e-01
3.482470907000698190e+01 -3.772721970536609404e-01 8.528595914448953152e-01
3.478750205583102684e+01 -3.749585392157973596e-01 8.514056153409540473e-01
3.475109615435378174e+01 -3.728746814470625948e-01 8.499917427961177774e-01
3.471428599005086824e+01 -3.709608410772171627e-01 8.486325615272423128e-01
3.467776865751328330e+01 -3.692326844813969555e-01 8.473141432819134566e-01
3.464185351186824136e+01 -3.677525330956596394e-01 8.460411375685532587e-01
3.460640037156358062e+01 -3.665582066808224515e-01 8.448072352777427074e-01
3.457084865270688567e+01 -3.656066510938869585e-01 8.436218870416173354e-01
3.453528527120017344e+01 -3.648937659423819868e-01 8.424777565210785912e-01
3.450025763609031770e+01 -3.644270169995365016e-01 8.413802449305723963e-01
3.446521186902464251e+01 -3.641104907385588896e-01 8.403281546865212226e-01
3.443013074363524595e+01 -3.639878338434648919e-01 8.393232109529472629e-01
3.439538144895528404e+01 -3.640733103734234977e-01 8.383745820114348879e-01
3.436026236917902565e+01 -3.642266825351402892e-01 8.374762060908608197e-01
3.432531132457301482e+01 -3.643759261737615218e-01 8.366458156942200297e-01
3.429005656220377318e+01 -3.646970526815602742e-01 8.358730342594620222e-01
3.425458199371755086e+01 -3.651256815680761769e-01 8.351520403085770372e-01
3.421927498713209559e+01 -3.656155707440883473e-01 8.344868565084950784e-01
3.418405044238352275e+01 -3.662052048835792162e-01 8.338702714952069828e-01
3.414841702306745930e+01 -3.668476605810533919e-01 8.333050227193630199e-01
3.411237325087416394e+01 -3.675463418488739142e-01 8.327889792657914292e-01
3.407623243530256474e+01 -3.683206127175130962e-01 8.323288230161576262e-01
3.404036962374640751e+01 -3.690926757893953636e-01 8.319178696670722628e-01
3.400412316251006928e+01 -3.699490104149175673e-01 8.315511056179800686e-01
3.396706446747621300e+01 -3.706810924933893747e-01 8.312704168037939878e-01
3.392978718457585785e+01 -3.715075010517831511e-01 8.310385174629713045e-01
3.389267612236881178e+01 -3.722844295073257093e-01 8.308569943832285754e-01
3.385505997361388353e+01 -3.731360529613889088e-01 8.307305898616117457e-01
3.381748033121749586e+01 -3.740465746358753174e-01 8.306519368707869777e-01
3.377985137085354239e+01 -3.749690470919912477e-01 8.306199608888633623e-01
3.374212887700893759e+01 -3.758588229416099380e-01 8.306280620458876829e-01
3.370422674944957464e+01 -3.768158376096314433e-01 8.306714349355087679e-01
3.366587066006095341e+01 -3.777613735847737964e-01 8.307575273841359964e-01
3.362764393325034007e+01 -3.787581203204786195e-01 8.308736128346069227e-01
3.358866630352842719e+01 -3.796442851470425150e-01 8.310458139333085636e-01
3.355007414251743825e+01 -3.805987956155466034e-01 8.312550732819976584e-01
3.351159426558364629e+01 -3.815449650916699076e-01 8.314893667962787172e-01
3.347251217411948687e+01 -3.825139611862555244e-01 8.317380859957722583e-01
3.343412339846570092e+01 -3.835402357910440707e-01 8.320071726643765153e-01
3.339565223510134473e+01 -3.846083913768867935e-01 8.322886488530819582e-01
3.335726298234283860e+01 -3.856904726684869389e-01 8.325798768792083138e-01
3.331923719811453566e+01 -3.868279569817684727e-01 8.328724690609914383e-01
3.328199102010351140e+01 -3.880498852488996619e-01 8.331606460303153661e-01
3.324440462087422077e+01 -3.893447765007135297e-01 8.334489828592659411e-01
3.320750306979496713e+01 -3.906357687000260315e-01 8.337437925146135020e-01
3.317074821711717192e+01 -3.919989119531166466e-01 8.340386326559235952e-01
3.313396196099435542e+01 -3.934303550914902137e-01 8.343090586796413355e-01
3.309833778477955235e+01 -3.949530946602720638e-01 8.345454972792861748e-01
3.306368591525809819e+01 -3.965834357868656679e-01 8.347452752322179759e-01
3.302979864565160995e+01 -3.983213500361446613e-01 8.348973501390902774e-01
3.299630823824135462e+01 -4.001664733551260067e-01 8.349945095295541186e-01
3.296367045957546082e+01 -4.021271487061025551e-01 8.350347708505876376e-01
3.293183724281780655e+01 -4.041957589220195879e-01 8.350241085729401824e-01
3.290144508313430549e+01 -4.063707489546458662e-01 8.349599049283055185e-01
3.287078402332597449e+01 -4.086339705476095818e-01 8.348768913299914329e-01
3.284059547185503902e+01 -4.110044369769285666e-01 8.347807671439578803e-01
3.281161831921612304e+01 -4.134894035992707773e-01 8.346547803136358246e-01
3.278281729910748510e+01 -4.160834694619615637e-01 8.345052328547252207e-01
3.275415936825431373e+01 -4.187880918799563590e-01 8.343310478193221025e-01
3.272668312854891326e+01 -4.216093319592420507e-01 8.341436938966643178e-01
3.269935626301444387e+01 -4.245375146329760652e-01 8.339450066416119745e-01
3.267239695489869433e+01 -4.275638500452416113e-01 8.337382237991645129e-01
3.264577906186129042e+01 -4.306900723986745172e-01 8.335284647608750541e-01
3.261986980865037822e+01 -4.339144370541572204e-01 8.333104626212430865e-01
3.259383330324710926e+01 -4.372286463990256999e-01 8.331198298324407059e-01
3.256751273039063221e+01 -4.406405590300403463e-01 8.329604647528933148e-01
3.254170523114139257e+01 -4.441371892001785837e-01 8.328048656745126177e-01
3.251562993655922895e+01 -4.477219151159167465e-01 8.326546353535593248e-01
3.248986533008479682e+01 -4.513879051652509578e-01 8.325113411946567510e-01
3.246428695481180426e+01 -4.551339701119944681e-01 8.323765141740355755e-01
3.243875818674518285e+01 -4.589572577883357374e-01 8.322516477866618301e-01
3.241338598120780290e+01 -4.628516218446198649e-01 8.321436251483071977e-01
3.238802765458054722e+01 -4.668113165918919005e-01 8.320450056888544221e-01
3.236289114297830594e+01 -4.708375799192747735e-01 8.319585920788734601e-01
3.233707084860336778e+01 -4.749249500780177158e-01 8.318930310736644129e-01
3.231172540755567013e+01 -4.790912147194198445e-01 8.318717163393407610e-01
3.228585195888853576e+01 -4.833116518516787363e-01 8.318651598944925007e-01
3.226035542474350848e+01 -4.875693451672379886e-01 8.318601008202121116e-01
3.223449809666556831e+01 -4.918619502344301342e-01 8.318608222029757471e-01
3.220898600905345432e+01 -4.961833691673390723e-01 8.318664922993380673e-01
3.218325416994785115e+01 -5.005264230889240329e-01 8.318726937564351331e-01
3.215777383301582404e+01 -5.048837429768757712e-01 8.318794289536810549e-01
3.213223670297689694e+01 -5.092497984456955118e-01 8.318840968075325026e-01
3.210697763348575506e+01 -5.136227166258617860e-01 8.318808346063947257e-01
3.208137013153900341e+01 -5.179939000593400955e-01 8.318813207324631254e-01
3.205653730426381998e+01 -5.224121511367174620e-01 8.318985109710935744e-01
3.203128396964852698e+01 -5.268039546776935866e-01 8.319050246826882322e-01
3.200651532727194848e+01 -5.311682213844045597e-01 8.318869023858064260e-01
3.198223213934953080e+01 -5.354836160366471809e-01 8.318417956464716490e-01
3.195795298013046448e+01 -5.397449366138407090e-01 8.317681935296905582e-01
3.193420302929161991e+01 -5.439366785535687532e-01 8.316583597748790080e-01
3.191048628398905151e+01 -5.480434562568682333e-01 8.315047822801350241e-01
3.188734301515758673e+01 -5.520543406810597409e-01 8.313056510844880620e-01
3.186501432975409998e+01 -5.559584432052629976e-01 8.310584201903141732e-01
3.184270627588284697e+01 -5.597300925022390405e-01 8.307486177947954742e-01
3.182081834824057864e+01 -5.634616216998852289e-01 8.304134973473882297e-01
3.179958203322384946e+01 -5.670428919073011720e-01 8.300115452092688972e-01
3.177915578874884872e+01 -5.704639483522813137e-01 8.295289609039981915e-01
3.175950979623499038e+01 -5.737313099615596323e-01 8.289757787717275672e-01
3.174004298722127970e+01 -5.768605296824078632e-01 8.283566762861486188e-01
3.172123618522135402e+01 -5.798687787075684774e-01 8.276686814916041079e-01
3.170301655983491784e+01 -5.827628753904198211e-01 8.269242281207138667e-01
3.168504819283878859e+01 -5.855567933991020491e-01 8.261213812587051564e-01
3.166755229159781138e+01 -5.882655055783808651e-01 8.252692797543015324e-01
3.165063148017105021e+01 -5.909009200877644030e-01 8.243673202828705193e-01
3.163397505723574810e+01 -5.935571097751660696e-01 8.234517926089253148e-01
3.161698911987664218e+01 -5.961764207379530722e-01 8.224947024197498679e-01
3.160108211042982163e+01 -5.987520910996044776e-01 8.215014784408181114e-01
3.158556640078222344e+01 -6.012903419986311837e-01 8.204751655600579507e-01
3.157015725655401539e+01 -6.037978519231027574e-01 8.194124183704057929e-01
3.155548300509432025e+01 -6.062842970210895466e-01 8.183214005585980333e-01
3.154049277052967781e+01 -6.087525108420227538e-01 8.171991410720212956e-01
3.152620758416610869e+01 -6.112065985425773063e-01 8.160529692246457634e-01
3.151184312236457785e+01 -6.136518565072743847e-01 8.148811286033836865e-01
3.149822829702801030e+01 -6.160854642869345588e-01 8.136826760922030166e-01
3.148399424149881654e+01 -6.186056161409292375e-01 8.124853921189436612e-01
3.147043364324024495e+01 -6.211713227566639794e-01 8.112794012141529842e-01
3.145690110716385846e+01 -6.237325744199974098e-01 8.100494634774701996e-01
3.144396803340981350e+01 -6.262952952997792311e-01 8.087995395946763200e-01
3.143117068814102666e+01 -6.288583270951109139e-01 8.075336138935729213e-01
3.141784185780691629e+01 -6.314245136121237056e-01 8.062515366272541284e-01
3.140483955332785371e+01 -6.339856841536527510e-01 8.049542563041537369e-01
3.139228239748586802e+01 -6.365392046810236515e-01 8.036444448632014126e-01
3.137908887888902498e+01 -6.390863536521295130e-01 8.023200167750427214e-01
3.136701263160411202e+01 -6.416141428808186387e-01 8.009793809254019958e-01
3.135417077256433416e+01 -6.441864092425101385e-01 7.996410101927340364e-01
3.134171661641221363e+01 -6.467873214713072416e-01 7.982959335151414981e-01
3.132897565272675067e+01 -6.493500449371660821e-01 7.969357180885292546e-01
3.131653501167777875e+01 -6.518657301295720519e-01 7.955636943589440291e-01
3.130427847205719161e+01 -6.543254162524232420e-01 7.941802254824072982e-01
3.129168517455987342e+01 -6.567200278430500582e-01 7.927829113027873298e-01
3.127911215495247532e+01 -6.590355886240756300e-01 7.913724677144673425e-01
3.126671491567517691e+01 -6.612586742684286589e-01 7.899467411178788812e-01
3.125404116209441696e+01 -6.633798457441519858e-01 7.885096134157657533e-01
3.124097675232872007e+01 -6.653825574767477935e-01 7.870545640621607886e-01
3.122820732287217993e+01 -6.673101391697198181e-01 7.855917636121152459e-01
3.121501142990540956e+01 -6.691638399309715046e-01 7.841230634212431605e-01
3.120197394828847237e+01 -6.708498885390290489e-01 7.826341726410370736e-01
3.118898219001990668e+01 -6.723532212686027520e-01 7.811278535710639570e-01
3.117560268645462074e+01 -6.736539750069829857e-01 7.796075500362510402e-01
3.116194390464709585e+01 -6.747316667029212844e-01 7.780717244591651705e-01
3.114841644565773393e+01 -6.755653113444732849e-01 7.765208114350614643e-01
3.113448714969416642e+01 -6.761418410543080793e-01 7.749561225814208809e-01
3.112005314275942780e+01 -6.764377288440590608e-01 7.733750855103216360e-01
3.110573210690687773e+01 -6.764692822252147408e-01 7.717749863969407542e-01
3.109170025733596887e+01 -6.762768534574078449e-01 7.701636056843234046e-01
3.107723037433985169e+01 -6.759371137557858011e-01 7.685268160318401431e-01
3.106272951346991462e+01 -6.753856251729819515e-01 7.668766529611822369e-01
3.104764925173009615e+01 -6.746259963708517438e-01 7.652033904085417948e-01
3.103289197952000222e+01 -6.736761786730577350e-01 7.635065807065425370e-01
3.101820957008587953e+01 -6.725501225558893070e-01 7.617938009235362129e-01
3.100298770591157549e+01 -6.712603905465756027e-01 7.600597987979590409e-01
3.098786428559056816e+01 -6.698138341493400372e-01 7.583096495125681846e-01
3.097271823561264981e+01 -6.682205495171784637e-01 7.565346291556782621e-01
3.095757874191499681e+01 -6.664976472909919236e-01 7.547422645772280392e-01
3.094239919777977477e+01 -6.646564856632225515e-01 7.529284691966923182e-01
3.092747192759508224e+01 -6.627923731887871428e-01 7.510925712511257180e-01
3.091246837219827626e+01 -6.608192647558177590e-01 7.492264093829285043e-01
3.089747678194012792e+01 -6.587439519556635981e-01 7.473420636063635714e-01
3.088246820519040980e+01 -6.565730505219813384e-01 7.454325064682844060e-01
3.086744273093790980e+01 -6.543167277348975741e-01 7.434973186219023811e-01
3.085238610711552454e+01 -6.519819497938869057e-01 7.415405215903172476e-01
3.083733573324262167e+01 -6.495651764025203168e-01 7.395660908406060940e-01
3.082221051524694033e+01 -6.470804621952266356e-01 7.375676281274028412e-01
3.080712159092053071e+01 -6.445195019063549857e-01 7.355483319345493820e-01
3.079200324935182564e+01 -6.418959133323463018e-01 7.335173223186820524e-01
3.077707223549066740e+01 -6.392881773511236432e-01 7.314536197247908378e-01
3.076217257455515863e+01 -6.366167147003736204e-01 7.293703940602769276e-01
3.074725080058012594e+01 -6.338850718500116388e-01 7.272784839828204673e-01
3.073225732102798347e+01 -6.310874986186316704e-01 7.251667537892083626e-01
3.071712138549099791e+01 -6.282310334402253504e-01 7.230442671351966499e-01
3.070194174971179280e+01 -6.253105283909980994e-01 7.209157272243205128e-01
3.068660803464163678e+01 -6.223257423376150621e-01 7.187754739350954436e-01
3.067108065649360071e+01 -6.192807965355895394e-01 7.166249353830280722e-01
3.065533054343888608e+01 -6.161730864143126762e-01 7.144731509101548417e-01
3.063937050851153643e+01 -6.129967553702517780e-01 7.123218756941545049e-01
3.062341960214615710e+01 -6.098040678113214597e-01 7.101467194753006140e-01
3.060723383489953164e+01 -6.065494542888216767e-01 7.079741920915540998e-01
3.059074157677902406e+01 -6.032189431668060209e-01 7.058098780317827448e-01
3.057384140876839496e+01 -5.998019176150423126e-01 7.036572501616259467e-01
3.055656855579591635e+01 -5.962977630757910763e-01 7.015131225300301754e-01
3.053887309983074161e+01 -5.926995824813150460e-01 6.993822908340469047e-01
3.052064705181013693e+01 -5.890052861778211080e-01 6.972741303181706485e-01
3.050194281748269276e+01 -5.852115541645430685e-01 6.951901890972175257e-01
3.048263318006234712e+01 -5.813045425865079885e-01 6.931331588357519946e-01
3.046267850769170593e+01 -5.772885787937929170e-01 6.911121056876534663e-01
3.044225760817794679e+01 -5.731777058072443642e-01 6.891119764629944910e-01
3.042120309331249217e+01 -5.689484013605009549e-01 6.871397869692625893e-01
3.039935128542508380e+01 -5.645835646714539857e-01 6.852130465878498722e-01
3.037667372005628863e+01 -5.600753418321815502e-01 6.833339592086200565e-01
3.035311159127287794e+01 -5.554308187444119138e-01 6.814948237524061092e-01
3.032881140773435646e+01 -5.506505656194849996e-01 6.796967776483254786e-01
3.030377322664858042e+01 -5.457423381144458352e-01 6.779299995131324863e-01
3.027802213448239499e+01 -5.407106785366253554e-01 6.761958876498246340e-01
3.025164018341230232e+01 -5.355553576038576402e-01 6.744849020364972469e-01
3.022467612462429187e+01 -5.302835485104273605e-01 6.728059119271565525e-01
3.019727773288433070e+01 -5.249084688188437875e-01 6.711257455045502862e-01
3.016962715262197747e+01 -5.194290203475874224e-01 6.694635543937115241e-01
3.014144933841160423e+01 -5.138376527345868139e-01 6.678136858582011115e-01
3.011281703176811320e+01 -5.081364643746386633e-01 6.661850630581543919e-01
3.008380716315590320e+01 -5.023307157519225630e-01 6.645682907525320982e-01
3.005436968028786637e+01 -4.964278307799930845e-01 6.629649174865738237e-01
3.002454931434730057e+01 -4.904247460993644281e-01 6.613700893138597658e-01
2.999437769701356871e+01 -4.843243962626927468e-01 6.597838402752624898e-01
2.996386563855326912e+01 -4.781378515894624814e-01 6.582000044829763308e-01
2.993305744945782720e+01 -4.718551851988934676e-01 6.566160031377298312e-01
2.990203534537584673e+01 -4.654947076667011463e-01 6.550214697813554476e-01
2.987092213950664643e+01 -4.590406160244083766e-01 6.534072349159950610e-01
2.983951930617858750e+01 -4.525049194522072216e-01 6.517878275084970641e-01
2.980779956708643752e+01 -4.458956485439322104e-01 6.501728674109776840e-01
2.977587011218905744e+01 -4.392103701910959335e-01 6.485529113191228490e-01
2.974362255451894299e+01 -4.324558030445098122e-01 6.469339278216698075e-01
2.971119701043262396e+01 -4.256381011674808534e-01 6.453115611994783007e-01
2.967847205569299263e+01 -4.187546309406735001e-01 6.436872919226902523e-01
2.964550451375357554e+01 -4.118214975807469869e-01 6.420588727453721001e-01
2.961225191949193558e+01 -4.048308187720416340e-01 6.404307804800523085e-01
2.957877220738564361e+01 -3.977882995018822143e-01 6.387915744286452036e-01
2.954518518265656013e+01 -3.906787696525429454e-01 6.371239553855552185e-01
2.951129719506107918e+01 -3.835229296614804939e-01 6.354584979771735753e-01
2.947712154661542527e+01 -3.763303495029129975e-01 6.337931729713706108e-01
2.944262905134889152e+01 -3.691105266187883482e-01 6.321354786282943339e-01
2.940777906141953935e+01 -3.618690746955289805e-01 6.304820434336646517e-01
2.937259602900220301e+01 -3.546102795527770746e-01 6.288436788993562176e-01
2.933704296922387300e+01 -3.473434431985716886e-01 6.272158009397266198e-01
2.930110547459137038e+01 -3.400717988299719052e-01 6.256075524886829387e-01
2.926484564928828291e+01 -3.328083987280754941e-01 6.240254699603510202e-01
2.922808836042595715e+01 -3.255541933203656702e-01 6.224611545859638495e-01
2.919118732776551184e+01 -3.182763722086811575e-01 6.209052870971227822e-01
2.915371966019597849e+01 -3.110228985087213904e-01 6.193722775711599793e-01
2.911576763418063862e+01 -3.037976467816765891e-01 6.178778245639888755e-01
2.907726529607765187e+01 -2.966162442242125663e-01 6.164229051942983206e-01
2.903814608966427713e+01 -2.894839302710065509e-01 6.150085382384450350e-01
2.899838725028888575e+01 -2.824088786844398125e-01 6.136402238290016298e-01
2.895801726239469431e+01 -2.753992670288158973e-01 6.123235179216715007e-01
2.891694593667676116e+01 -2.684720577544217890e-01 6.110654693753969635e-01
2.887515251889618639e+01 -2.616321192401978024e-01 6.098621484794947145e-01
2.883264872677735724e+01 -2.548767399784511167e-01 6.087199104109867198e-01
2.878961615385794914e+01 -2.481243471917324306e-01 6.076107514950979116e-01
2.874603812715995943e+01 -2.414351738090146637e-01 6.065425194085838356e-01
2.870180174859131483e+01 -2.347977859502895781e-01 6.055247872538385145e-01
2.865692399359464915e+01 -2.282049042962353558e-01 6.045530007822255136e-01
2.861151153404763292e+01 -2.216465412882817343e-01 6.036222062947259603e-01
2.856549917369760294e+01 -2.151177977606917313e-01 6.027197757053741611e-01
2.851897991609402538e+01 -2.086080375367636297e-01 6.018536088398114270e-01
2.847193026634667135e+01 -2.021157623864986708e-01 6.010163505077295021e-01
2.842438014755695974e+01 -1.956329660968057216e-01 6.002076585170172951e-01
2.837634824120556587e+01 -1.891630899352008677e-01 5.994250993448332343e-01
2.832793052827171110e+01 -1.826419531569911103e-01 5.986531920671871454e-01
2.827912396544487095e+01 -1.761042443771566879e-01 5.978985344199011509e-01
2.822991192692541773e+01 -1.695596780261810210e-01 5.971665658716572844e-01
2.818030066502156927e+01 -1.630110312043338561e-01 5.964558161203735720e-01
2.813026456931788744e+01 -1.564543766042905404e-01 5.957716017134206954e-01
2.807987289294654332e+01 -1.498938703289526553e-01 5.951027924989450435e-01
2.802912260201511074e+01 -1.433184015556658308e-01 5.944477693854691713e-01
2.797796932589147900e+01 -1.367360147711037255e-01 5.938075826635449417e-01
2.792646755534236291e+01 -1.301359637230027899e-01 5.931818725585978891e-01
2.787465637803534690e+01 -1.235240964743066355e-01 5.925735245784846672e-01
2.782256601352534631e+01 -1.168448225665573575e-01 5.919591989140868815e-01
2.777016884865789592e+01 -1.101309438565786086e-01 5.913463797577755976e-01
2.771748330792762260e+01 -1.034064206117514956e-01 5.907485541324213330e-01
2.766445387527972244e+01 -9.668008530927077460e-02 5.901548252959839536e-01
2.761113015281069849e+01 -8.995407030323680775e-02 5.895716646200366284e-01
2.755754004518746569e+01 -8.322633372200063939e-02 5.889994720704945230e-01
2.750371758804993050e+01 -7.651077281486919068e-02 5.884318605370372213e-01
2.744959279991555690e+01 -6.980939499205031373e-02 5.878720325262930535e-01
2.739524421130611387e+01 -6.313109564230882931e-02 5.873232282324571951e-01
2.734063791269619870e+01 -5.648069704388011814e-02 5.867746348367210985e-01
2.728589549994979535e+01 -4.982560871036621764e-02 5.862361934606635794e-01
2.723086401269868873e+01 -4.317133338225615652e-02 5.857033786208316606e-01
2.717565375641333247e+01 -3.657149441162504261e-02 5.851733276517514515e-01
2.712022813863825732e+01 -3.003318898273095450e-02 5.846585303357573205e-01
2.706463147542457293e+01 -2.356636084272656362e-02 5.841497471763199556e-01
2.700881417286301200e+01 -1.718004683611880357e-02 5.836544766721574184e-01
2.695285605213400615e+01 -1.087901287246897594e-02 5.831669007028589258e-01
2.689668417119762367e+01 -4.681596004514960996e-03 5.826890676819900250e-01
2.684036988575480009e+01 1.402065307222119788e-03 5.822251976097608805e-01
2.678380927752232665e+01 7.368664143555797921e-03 5.817692845254286427e-01
2.672715720273259521e+01 1.322172872100724032e-02 5.813213338369697114e-01
2.667032929460407686e+01 1.896814322023530203e-02 5.808907067392042878e-01
2.661339234287703803e+01 2.454138152871297024e-02 5.804713963355798700e-01
2.655632740843187989e+01 2.992831613342297054e-02 5.800743271669265289e-01
2.649924050776346007e+01 3.511325637999242189e-02 5.796999231361726901e-01
2.644205569090572894e+01 4.009935500200974279e-02 5.793453943258389804e-01
2.638478288411080896e+01 4.490365223563823338e-02 5.790088945527085418e-01
2.632744299648267727e+01 4.953695000022038941e-02 5.786943443091635553e-01
2.626994052471220087e+01 5.400934553771757213e-02 5.783959128649911463e-01
2.621238015166559876e+01 5.833786330494938194e-02 5.781177038305673754e-01
2.615461056209945312e+01 6.254614755713491792e-02 5.778569702172133837e-01
2.609664852558177017e+01 6.669018790505165661e-02 5.776082635784522967e-01
2.603846851578477128e+01 7.071397222310998876e-02 5.773815421912633639e-01
2.598012156602161937e+01 7.462934342314457570e-02 5.771701338345585075e-01
2.592165851409660604e+01 7.843954490902861620e-02 5.769735108472167084e-01
2.586301618885497078e+01 8.215322101354120832e-02 5.767967020144736390e-01
2.580418264225906810e+01 8.577627032706042209e-02 5.766376202826501984e-01
2.574519034976201581e+01 8.931413299235610448e-02 5.764940367202916471e-01
2.568607669397322013e+01 9.277535746222882740e-02 5.763653637137978736e-01
2.562671904414270685e+01 9.616217466519415280e-02 5.762546642803717534e-01
2.556717149779028375e+01 9.948831837566170233e-02 5.761577196195966089e-01
2.550728039922707069e+01 1.028246491685718272e-01 5.760735932917965263e-01
2.544721462827206437e+01 1.060958140044931525e-01 5.760078011583779078e-01
2.538692750569126133e+01 1.093228290802802788e-01 5.759538390570229094e-01
2.532640181160127923e+01 1.124969245035163101e-01 5.759111241088082922e-01
2.526568695252365160e+01 1.156241015564779956e-01 5.758813652625763835e-01
2.520478808522083369e+01 1.187026180001529430e-01 5.758617240457206687e-01
2.514376127050037724e+01 1.217308601665270523e-01 5.758546879911212724e-01
2.508257552087345843e+01 1.247141116692833951e-01 5.758538058318339870e-01
2.502128601438406363e+01 1.276431424947604976e-01 5.758658641509301068e-01
2.495996473223315348e+01 1.305229141364531442e-01 5.758816351080291440e-01
2.489833661259133635e+01 1.333958214253877506e-01 5.759184116479633131e-01
2.483659075859980092e+01 1.362303618795903948e-01 5.759634253870066223e-01
2.477485068056607886e+01 1.390036157214691315e-01 5.760112324845334530e-01
2.471306938252691054e+01 1.417205225101384747e-01 5.760650416212924618e-01
2.465123569863868980e+01 1.443798579007818106e-01 5.761209062891190502e-01
2.458939896965614125e+01 1.469828774815981065e-01 5.761757242653342548e-01
2.452760859872991972e+01 1.495242962003101583e-01 5.762322485133395400e-01
2.446585630986834659e+01 1.519996833440538098e-01 5.762840695270785574e-01
2.440416049241751040e+01 1.543994230366332043e-01 5.763312846158906710e-01
2.434257080400624673e+01 1.567313518165689701e-01 5.763698674798642951e-01
2.428098492172356515e+01 1.590171526177551198e-01 5.764048109809428722e-01
2.421947763735493808e+01 1.612260926958598017e-01 5.764445439088471401e-01
2.415822614072517993e+01 1.633448135089576869e-01 5.764624153217886571e-01
2.409722579463667813e+01 1.653619629697681559e-01 5.764726551955785538e-01
2.403647326809888085e+01 1.672798214990700305e-01 5.764653608320701172e-01
2.397604337201170210e+01 1.690921259430916701e-01 5.764370806645073841e-01
2.391589296055726876e+01 1.707865718191697024e-01 5.763858119211021647e-01
2.385612952532728670e+01 1.723610779403152160e-01 5.763068123305765678e-01
2.379677232167306755e+01 1.738173882340992293e-01 5.762032443777390656e-01
2.373783491792473654e+01 1.751376638940167207e-01 5.760721185877268891e-01
2.367925312730306331e+01 1.763456840584695651e-01 5.759219203255521169e-01
2.362090578559604737e+01 1.774389963566668782e-01 5.757500609695660465e-01
2.356298699861479662e+01 1.784120460621432813e-01 5.755587787667136856e-01
2.350542899585532908e+01 1.792566245737653996e-01 5.753518538292951012e-01
2.344823683089258992e+01 1.799820166894497975e-01 5.751257949461389130e-01
2.339133156170893102e+01 1.805911276694142087e-01 5.748855216668307122e-01
2.333473807881235729e+01 1.810867458719952194e-01 5.746352378009050854e-01
2.327841830821812863e+01 1.814715447641457313e-01 5.743728072628385695e-01
2.322231609288681753e+01 1.817543772134919133e-01 5.741005329188589856e-01
2.316647913300916883e+01 1.819402932579116394e-01 5.738273648130057802e-01
2.311073444092348339e+01 1.820304389501119779e-01 5.735552518311609616e-01
2.305509113676150790e+01 1.820337994515537072e-01 5.732853807388520462e-01
2.299954187697454344e+01 1.819440203102078157e-01 5.730143484856403679e-01
2.294420263533208271e+01 1.817631286898680476e-01 5.727414036218295701e-01
2.288895907989338596e+01 1.814930512753050451e-01 5.724690301857839891e-01
2.283387988106338184e+01 1.811396048141413750e-01 5.721980819202805435e-01
2.277889386056302357e+01 1.806999841666061257e-01 5.719275592633797922e-01
2.272396825545693488e+01 1.801838409581626721e-01 5.716553426744180877e-01
2.266917275798730103e+01 1.795906707972491634e-01 5.713894994541651728e-01
2.261447311165944285e+01 1.789165132977421913e-01 5.711276421912496737e-01
2.255984542133335680e+01 1.781775922074326501e-01 5.708656307346731129e-01
2.250512784011738532e+01 1.773603317377776822e-01 5.706264875099705813e-01
2.245053659870388074e+01 1.764774160163049277e-01 5.703920697039445153e-01
2.239607768438006019e+01 1.755203776045402009e-01 5.701518076634884968e-01
2.234169867638015816e+01 1.745032025811701359e-01 5.699176387481127426e-01
2.228747728412850648e+01 1.734229665053879377e-01 5.696885217414796587e-01
2.223334281720402572e+01 1.722801511741450242e-01 5.694541618787878345e-01
2.217932187937050159e+01 1.710851874501633230e-01 5.692209386653404035e-01
2.212539868063675641e+01 1.698423569239172481e-01 5.689862149151162507e-01
2.207162592842930238e+01 1.685455144113308656e-01 5.687432059985293442e-01
2.201790582191847179e+01 1.672058827982207119e-01 5.685014334052124196e-01
2.196417493619154726e+01 1.658069471443499032e-01 5.682677789624405174e-01
2.191066056307043297e+01 1.643683646698729239e-01 5.680295163565927119e-01
2.185737206210662364e+01 1.628905392585607848e-01 5.677803666269312100e-01
2.180433154093913828e+01 1.613768561825090486e-01 5.675225684371014712e-01
2.175154306524542491e+01 1.598334528252333964e-01 5.672489364067747619e-01
2.169909655300546447e+01 1.582560542160483807e-01 5.669581052692361789e-01
2.164697996651353762e+01 1.566561628641993109e-01 5.666486784006287136e-01
2.159524139311642443e+01 1.550329300837660906e-01 5.663192275823658584e-01
2.154389888353314575e+01 1.533872882925378101e-01 5.659682927812953457e-01
2.149294060645967619e+01 1.517361139218744992e-01 5.655945284432618569e-01
2.144229366198052134e+01 1.500452783026095804e-01 5.652077176320638996e-01
2.139210076926878656e+01 1.483490389607449167e-01 5.647874269894368471e-01
2.134237450219591281e+01 1.466517024214077924e-01 5.643350869643118939e-01
2.129317276262239389e+01 1.449635825011777734e-01 5.638415615619256638e-01
2.124451436873658494e+01 1.432804077065646386e-01 5.633108568948266281e-01
2.119639710338101324e+01 1.416025533516740986e-01 5.627362061955458739e-01
2.114880894952353785e+01 1.399285554845690616e-01 5.621223379122284314e-01
2.110172465289353383e+01 1.382451990300139766e-01 5.614798095268704881e-01
2.105514771268461516e+01 1.365580961778908031e-01 5.608031255155152550e-01
2.100896584487158236e+01 1.348556544735690366e-01 5.600996445762481679e-01
2.096316849017946993e+01 1.330985382886927804e-01 5.593906480064362308e-01
2.091779037441719780e+01 1.313142072475353694e-01 5.586518119291385975e-01
2.087280705862013974e+01 1.295078399492431143e-01 5.578925413354642870e-01
2.082822626182538528e+01 1.276659256804185405e-01 5.571116804033264813e-01
2.078398815158569590e+01 1.257979457344692298e-01 5.563086765229339203e-01
2.074007623004484557e+01 1.238916266256625265e-01 5.554943381964402294e-01
2.069652777107049246e+01 1.219453624712648343e-01 5.546634382200317237e-01
2.065326538576337612e+01 1.199633041393296656e-01 5.538107164552397155e-01
2.061039417331627988e+01 1.179405047252876926e-01 5.529503397097326189e-01
2.056785642893138899e+01 1.158729685061736236e-01 5.520769813056374264e-01
2.052553112325899320e+01 1.137241159526502371e-01 5.512035751870700828e-01
2.048356320364113259e+01 1.115133370239368010e-01 5.503320814959421492e-01
2.044193915981448839e+01 1.092585760797021022e-01 5.494431478566673688e-01
2.040064483782315463e+01 1.069541214839951210e-01 5.485493179693976540e-01
2.035959738933809859e+01 1.046011962539199758e-01 5.476458318972119432e-01
2.031883784989966202e+01 1.022012514492024876e-01 5.467380537924489969e-01
2.027835850935325013e+01 9.975734923070118942e-02 5.458204325566853310e-01
2.023810496010992921e+01 9.726975006595128814e-02 5.448986795464760835e-01
2.019815077135755743e+01 9.473394804550211434e-02 5.439736719954684219e-01
2.015842148103883247e+01 9.216031900228080498e-02 5.430397650180672775e-01
2.011890788075074354e+01 8.951259225835213329e-02 5.421065936153748321e-01
2.007965727299377079e+01 8.681170196932774807e-02 5.411763186631335376e-01
2.004065183890170232e+01 8.407836314921525445e-02 5.402433602567944249e-01
2.000190961748556617e+01 8.130963762038706522e-02 5.393001606375510404e-01
1.996341231402167438e+01 7.852033773413935602e-02 5.383534864713545032e-01
1.992516405966952320e+01 7.571089966630681345e-02 5.374015874859267017e-01
1.988716192491034818e+01 7.288514113346775125e-02 5.364434263458706109e-01
1.984939611243166624e+01 7.005031326961741467e-02 5.354786591703212251e-01
1.981187903666229033e+01 6.721183110005195249e-02 5.345047273837917334e-01
1.977458694993624633e+01 6.437852758835233002e-02 5.335226949025545506e-01
1.973747330463377025e+01 6.151986099995473967e-02 5.325402140715582711e-01
1.970059545096357922e+01 5.864818111762080260e-02 5.315539741937842511e-01
1.966402605735442677e+01 5.579434530167299428e-02 5.305598602849521672e-01
1.962762412835110482e+01 5.297669982321583093e-02 5.295543281655215040e-01
1.959150146630070211e+01 5.019488743102420991e-02 5.285376930995193678e-01
1.955566661291424069e+01 4.746382521418560790e-02 5.275078235863048803e-01
1.952007184059916867e+01 4.478815007946076315e-02 5.264682199499123305e-01
1.948477835198538699e+01 4.217525644360314158e-02 5.254114941917966686e-01
1.944974657150314812e+01 3.964033649202541171e-02 5.243465045922377499e-01
1.941490234378806790e+01 3.719211472070418911e-02 5.232614482387578647e-01
1.938044077964950773e+01 3.482120409241057368e-02 5.221706485975180501e-01
1.934621994358345987e+01 3.249539557547911212e-02 5.210603946758941563e-01
1.931225269779094589e+01 3.024932233562249023e-02 5.199411734163352783e-01
1.927859474032823783e+01 2.807474449950646614e-02 5.188009501594224027e-01
1.924523945061650920e+01 2.596444374227540458e-02 5.176512999684859118e-01
1.921212771672371034e+01 2.391246218765324255e-02 5.164855118848045157e-01
1.917931594332018008e+01 2.191269137973879746e-02 5.153083840779979496e-01
1.914680751230668676e+01 1.995904858458980025e-02 5.141140469409106739e-01
1.911462357975758763e+01 1.804588660939988182e-02 5.129122374184895694e-01
1.908268541909680138e+01 1.616699865839534012e-02 5.116930048827739164e-01
1.905102017796524194e+01 1.431020040777531907e-02 5.104699881279576301e-01
1.901982252209882773e+01 1.243188562045721181e-02 5.092286256875354633e-01
1.898885319531012783e+01 1.057501479130508633e-02 5.079834345813131202e-01
1.895824334497984509e+01 8.736268526359596692e-03 5.067221313897691815e-01
1.892796030729725842e+01 6.912541537654240051e-03 5.054488157277253757e-01
1.889792355962939396e+01 5.099867553469405838e-03 5.041686222697236985e-01
1.886824276196605865e+01 3.294952029771421737e-03 5.028752512048104695e-01
1.883881981473836831e+01 1.495106596750903636e-03 5.015777328293570259e-01
1.880972196136973551e+01 -3.024267459768075687e-04 5.002687798835515620e-01
1.878093312168063278e+01 -2.100021013969121091e-03 4.989471041497323678e-01
1.875239371851004222e+01 -3.899670379298193594e-03 4.976172940494765218e-01
1.872425536439241611e+01 -5.753313254083881022e-03 4.962743494293236912e-01
1.869633776868587205e+01 -7.613545046323943154e-03 4.949234948115513455e-01
1.866878101948716306e+01 -9.478666932192778005e-03 4.935671404582674393e-01
1.864144295200075518e+01 -1.134735852162153946e-02 4.922002143309386346e-01
1.861438283009887584e+01 -1.321876987046580881e-02 4.908249272595212043e-01
1.858757244764334970e+01 -1.509176256539374386e-02 4.894466882538649477e-01
1.856103199168471463e+01 -1.696518180800929421e-02 4.880604055289079479e-01
1.853474192892982231e+01 -1.883728170723625653e-02 4.866726646813308577e-01
1.850876647951790943e+01 -2.070736520789525845e-02 4.852778931641227311e-01
1.848296922418008137e+01 -2.257318762334718440e-02 4.838832773210821614e-01
1.845748397990084300e+01 -2.446936988395187820e-02 4.824832273780518821e-01
1.843225968949998261e+01 -2.636369123509067075e-02 4.810829782897814155e-01
1.840720235293861862e+01 -2.824719513763923259e-02 4.796802275396269688e-01
1.838235565219190448e+01 -3.011682232273925341e-02 4.782794852653515782e-01
1.835763201104148123e+01 -3.197013203837417022e-02 4.768781859391856282e-01
1.833310194477271082e+01 -3.380324964327033332e-02 4.754786682688627586e-01
1.830867884564793968e+01 -3.561149822122224723e-02 4.740846848594907348e-01
1.828434453881706290e+01 -3.739184824770148269e-02 4.726929654161625138e-01
1.826009398800392702e+01 -3.913885010485634863e-02 4.713144890038815649e-01
1.823596252226818848e+01 -4.084817410779074259e-02 4.699418021494417008e-01
1.821203575050043355e+01 -4.254055641732233661e-02 4.685710179385513263e-01
1.818814571241729894e+01 -4.419566578802443246e-02 4.672093708864004102e-01
1.816428153313052007e+01 -4.579641547360287918e-02 4.658617261227815387e-01
1.814043337255976240e+01 -4.734171887069527074e-02 4.645256883393113490e-01
1.811659200064926267e+01 -4.882250632881098007e-02 4.632057942868882949e-01
1.809267345047339504e+01 -5.023361258401501384e-02 4.619018337675778185e-01
1.806872764738314174e+01 -5.158333853150206399e-02 4.606106713765998339e-01
1.804474682061703916e+01 -5.287292333772132535e-02 4.593276921500081267e-01
1.802077031642503968e+01 -5.410115140370311271e-02 4.580633651341808887e-01
1.799683181671930043e+01 -5.527762674512668589e-02 4.568096048654008978e-01
1.797310449496191609e+01 -5.641507568383601068e-02 4.555587191828469606e-01
1.794944628906007367e+01 -5.750789454986850180e-02 4.543113558891452852e-01
1.792590229145973169e+01 -5.855830065873553897e-02 4.530670547367725565e-01
1.790241746563929581e+01 -5.955504318192883506e-02 4.518339141123127178e-01
1.787912225326770255e+01 -6.051198242278064965e-02 4.506063638776232616e-01
1.785591295877993545e+01 -6.142398007159995121e-02 4.493824585909777514e-01
1.783279716484174671e+01 -6.229537979783413698e-02 4.481633983851036618e-01
1.780983751216977495e+01 -6.312907385948619832e-02 4.469420806533799806e-01
1.778707506002247030e+01 -6.393215521809404722e-02 4.457196271059219450e-01
1.776444716280031599e+01 -6.469742852192711391e-02 4.445041551822971337e-01
1.774201053513510828e+01 -6.543913582309304755e-02 4.432787079710772127e-01
1.771988450851131347e+01 -6.615746339390543573e-02 4.420405669570039997e-01
1.769791211942994380e+01 -6.684996636082274346e-02 4.408059105533186361e-01
1.767614654195559964e+01 -6.750863861771594365e-02 4.395709638976481592e-01
1.765453010205151685e+01 -6.814360595377313978e-02 4.383273282445971364e-01
1.763310852732558587e+01 -6.875456104426282133e-02 4.370819025956356740e-01
1.761189057192217788e+01 -6.934012383142278135e-02 4.358359242631388852e-01
1.759084001647114448e+01 -6.990378813566934524e-02 4.345852358136186866e-01
1.756996259895726453e+01 -7.044283545547778969e-02 4.333337694846328692e-01
1.754926387594709070e+01 -7.096474995139735731e-02 4.320786869459338209e-01
1.752878859876931728e+01 -7.146884699429427446e-02 4.308162331396278022e-01
1.750855907438661774e+01 -7.195953063628726665e-02 4.295404607765491156e-01
1.748857984916523733e+01 -7.243280249512711044e-02 4.282574185878301187e-01
1.746871072900191635e+01 -7.288690900198449563e-02 4.269782149895952061e-01
1.744898738002005345e+01 -7.332522130177616948e-02 4.256943020448069048e-01
1.742939525558707459e+01 -7.374686736059000991e-02 4.244128636705297719e-01
1.740992890585672725e+01 -7.415578407999397215e-02 4.231353183938360019e-01
1.739062568850824775e+01 -7.455156379567774716e-02 4.218631048873142664e-01
1.737145347359402336e+01 -7.494068656454996868e-02 4.205916466649022301e-01
1.735234812724646147e+01 -7.531247139822461190e-02 4.193263345454547597e-01
1.733338172863139803e+01 -7.568013191296069087e-02 4.180695082872947776e-01
1.731461271552020165e+01 -7.603063765708939492e-02 4.168054604169741384e-01
1.729589862727960181e+01 -7.638117922774662061e-02 4.155600726267594802e-01
1.727724211439318225e+01 -7.671978068272844453e-02 4.143201974131678345e-01
1.725864559771875051e+01 -7.705215771782995826e-02 4.130934229128755408e-01
1.724003662914099877e+01 -7.738316794480190608e-02 4.118856820525676476e-01
1.722140322897537246e+01 -7.771479480272071305e-02 4.106927514137628243e-01
1.720278372738199835e+01 -7.804374098263069937e-02 4.095155205766214390e-01
1.718408335918916308e+01 -7.837712420414306991e-02 4.083638295143972030e-01
1.716534032297665746e+01 -7.871685835228595107e-02 4.072386506562648001e-01
1.714650401936034640e+01 -7.905595692139195940e-02 4.061320868514026738e-01
1.712769170061681123e+01 -7.939834473004105109e-02 4.050480523009724054e-01
1.710875620190086366e+01 -7.973913666837964542e-02 4.039884513493472995e-01
1.708981274268808193e+01 -8.008653784202428294e-02 4.029511382720898927e-01
1.707075454390809810e+01 -8.042703095561719306e-02 4.019363062999849467e-01
1.705166622620669514e+01 -8.076729746909179497e-02 4.009472811292842942e-01
1.703252284320998911e+01 -8.110095267441756739e-02 3.999770562815012642e-01
1.701340636276193408e+01 -8.142616526711957126e-02 3.990235585714038691e-01
1.699423673306476346e+01 -8.173597149416572671e-02 3.980879911561234774e-01
1.697505415266468987e+01 -8.203440804250015927e-02 3.971677778190309538e-01
1.695591788488402685e+01 -8.231595226790401620e-02 3.962603670393788358e-01
1.693680324553936956e+01 -8.256762685583540762e-02 3.953544054867953461e-01
1.691780104480996272e+01 -8.279111070236393199e-02 3.944601706813262165e-01
1.689877342224079726e+01 -8.299481712609099726e-02 3.935684972719693531e-01
1.687975526003114624e+01 -8.317307685752613200e-02 3.926918827835084169e-01
1.686078119742778725e+01 -8.332745685722765805e-02 3.918191999593075292e-01
1.684188563216496348e+01 -8.345847171740310155e-02 3.909534206665480349e-01
1.682300310380218633e+01 -8.356427638052274509e-02 3.900921653633290243e-01
1.680414643018309206e+01 -8.364233231333047247e-02 3.892387917291458832e-01
1.678538109023838487e+01 -8.369633275546027595e-02 3.883877029781167556e-01
1.676666876236304304e+01 -8.372834412726756770e-02 3.875484986949618293e-01
1.674808802658539619e+01 -8.371823550492553390e-02 3.867002560880075657e-01
1.672962988315273947e+01 -8.367025307052418370e-02 3.858578043041707151e-01
1.671121764475758553e+01 -8.359427837050913135e-02 3.850169402096522142e-01
1.669288385165152278e+01 -8.349873817658937103e-02 3.841823978813065921e-01
1.667462673185380240e+01 -8.337804465448847568e-02 3.833519868749125648e-01
1.665638214257587180e+01 -8.323490892683822751e-02 3.825193981654773090e-01
1.663823192841438470e+01 -8.306656844523419014e-02 3.816874819757765658e-01
1.662017604276149996e+01 -8.288148142548167063e-02 3.808621535027524874e-01
1.660218021729145477e+01 -8.268347951842082433e-02 3.800413115749110560e-01
1.658427572225251367e+01 -8.246983087103300358e-02 3.792228766596675849e-01
1.656644921245257152e+01 -8.222993634907463378e-02 3.784003105365215669e-01
1.654871934284119561e+01 -8.196279078434397236e-02 3.775739620159135890e-01
1.653106613722053098e+01 -8.169003097022578541e-02 3.767598563256071009e-01
1.651344954449536573e+01 -8.141602912633491562e-02 3.759489424959361892e-01
1.649593289783966554e+01 -8.114141865771319628e-02 3.751392446868891395e-01
1.647848123213445959e+01 -8.086913789315534895e-02 3.743368743262732168e-01
1.646107406518153127e+01 -8.060608299655372400e-02 3.735400807475138252e-01
1.644371376816057762e+01 -8.035239251130557592e-02 3.727441910200874342e-01
1.642642437888184048e+01 -8.011453497162313031e-02 3.719631610762004215e-01
1.640919237190092872e+01 -7.989526052853689053e-02 3.711795496436890995e-01
1.639196676235827255e+01 -7.968775174958775409e-02 3.704066594463568673e-01
1.637486102129479448e+01 -7.948908731105763792e-02 3.696436394614409093e-01
1.635784625041056017e+01 -7.932121291618011993e-02 3.688862285615239767e-01
1.634080807124146872e+01 -7.919844859168530260e-02 3.681422416861607205e-01
1.632380715965696538e+01 -7.912479030646066280e-02 3.674163164512138091e-01
1.630688983906381395e+01 -7.910176482868344627e-02 3.667027502490394775e-01
1.628998818426312312e+01 -7.913923177512505180e-02 3.659992142764423306e-01
1.627314134642298527e+01 -7.922764040727463264e-02 3.653176767350896359e-01
1.625628921696441864e+01 -7.936108607566363937e-02 3.646434829254923127e-01
1.623947214184200050e+01 -7.953736187634599664e-02 3.639856094993636493e-01
1.622273917441420821e+01 -7.974426039631261898e-02 3.633459591757669527e-01
1.620596398420209994e+01 -7.995689652110873902e-02 3.627104722607148446e-01
1.618923625854185033e+01 -8.018884184954590266e-02 3.620820294647351667e-01
1.617253568967925759e+01 -8.044003936948147804e-02 3.614695970218960719e-01
1.615581993531966276e+01 -8.071577230616974741e-02 3.608696039653158105e-01
1.613915533826547488e+01 -8.100177217911451455e-02 3.602828319909879839e-01
1.612246693114357754e+01 -8.129748768057228070e-02 3.597005039462538023e-01
1.610578114150088425e+01 -8.160180826838821233e-02 3.591343595590955617e-01
1.608906416956113716e+01 -8.190668289168395733e-02 3.585764329657198934e-01
1.607238098305618834e+01 -8.221448946526946355e-02 3.580245721439285211e-01
1.605577772055166008e+01 -8.251331887502229290e-02 3.574851173640528623e-01
1.603903874748572278e+01 -8.277736916720743188e-02 3.569478232986377786e-01
1.602238798456493640e+01 -8.303232968856691376e-02 3.564256470360930296e-01
1.600565258615518616e+01 -8.327125689408407250e-02 3.559081110443140794e-01
1.598892496761530779e+01 -8.350048467116392981e-02 3.553951045656796870e-01
1.597219392608240440e+01 -8.371391510110211265e-02 3.548894610838865260e-01
1.595543350768476465e+01 -8.391291790263184780e-02 3.543925531482273183e-01
1.593872128134039912e+01 -8.409894126520259250e-02 3.539057685091618888e-01
1.592194297600816100e+01 -8.426615329659681297e-02 3.534201469097269510e-01
1.590523395864096301e+01 -8.441465201402219287e-02 3.529429373551067894e-01
1.588846638501923891e+01 -8.455059152603268402e-02 3.524682378204468391e-01
1.587174861388116831e+01 -8.464374869435495330e-02 3.520009520843462858e-01
1.585497628333594911e+01 -8.471820243716517151e-02 3.515450386134082450e-01
1.583819812643388936e+01 -8.477847171848523766e-02 3.510899399543800925e-01
1.582147857651136036e+01 -8.482041523088847124e-02 3.506383899442782059e-01
1.580478302695338400e+01 -8.485302674313868754e-02 3.501922203872561146e-01
1.578809371668873318e+01 -8.487767503560740556e-02 3.497465268256104709e-01
1.577139066737370854e+01 -8.489096243990482127e-02 3.493074302783737428e-01
1.575475746694072932e+01 -8.489205535680131864e-02 3.488719425455700796e-01
1.573818531795953390e+01 -8.488784618815940763e-02 3.484370795288551648e-01
1.572167621595492015e+01 -8.487803770096476186e-02 3.480071247093020070e-01
1.570513607808486434e+01 -8.485446457354085814e-02 3.475750040245827455e-01
1.568862279685158434e+01 -8.481817075826009189e-02 3.471439614169619658e-01
1.567222914271205347e+01 -8.479337239675956150e-02 3.467125630782796342e-01
1.565591218743380963e+01 -8.477358827524481000e-02 3.462846989700024691e-01
1.563969764003497431e+01 -8.476961633202395596e-02 3.458573995766169307e-01
1.562356896392102712e+01 -8.478152981676942423e-02 3.454276960771112681e-01
1.560755490020282465e+01 -8.480771267925582557e-02 3.449926198339220984e-01
1.559166367862411384e+01 -8.486525989512878898e-02 3.445548941111750696e-01
1.557595341738841377e+01 -8.494561957143427489e-02 3.441147493664543089e-01
1.556033160257116421e+01 -8.505611178844839360e-02 3.436692144092271528e-01
1.554490586114417816e+01 -8.519182176771478154e-02 3.432259653713947700e-01
1.552956196644994158e+01 -8.535138890469072537e-02 3.427747992168270197e-01
1.551433989108027944e+01 -8.555437314502709056e-02 3.423182387342182942e-01
1.549930619750015737e+01 -8.578315209073192338e-02 3.418536012080505282e-01
1.548442395984236164e+01 -8.604462181507815943e-02 3.413889392941179546e-01
1.546959397396696723e+01 -8.633535334705670639e-02 3.409218337678596167e-01
1.545486270184159494e+01 -8.665129564533158302e-02 3.404560159343950621e-01
1.544025231718658020e+01 -8.699319697405992480e-02 3.399848549269900988e-01
1.542572706156914641e+01 -8.736183102140533674e-02 3.395166242706696424e-01
1.541121386834939777e+01 -8.775094634860264309e-02 3.390483679497598990e-01
1.539681219020180514e+01 -8.815176226235456325e-02 3.385877781986930124e-01
1.538237979146541257e+01 -8.856452682502261031e-02 3.381287652995951798e-01
1.536800469824337867e+01 -8.899283790667217309e-02 3.376788150090846430e-01
1.535366500298809811e+01 -8.944210181032806461e-02 3.372277841428219514e-01
1.533938715013373333e+01 -8.990359162749672617e-02 3.367839811745658163e-01
1.532508117552892202e+01 -9.037662432972667914e-02 3.363447002701132060e-01
1.531084292582574591e+01 -9.086226775003997114e-02 3.359089591404271213e-01
1.529656124901012682e+01 -9.135732556416568950e-02 3.354824378752647718e-01
1.528229055077314591e+01 -9.186276692919892461e-02 3.350584117379646343e-01
1.526801375430136964e+01 -9.236569689400449257e-02 3.346373077026726928e-01
1.525368810978808831e+01 -9.287513619923935815e-02 3.342300418745803858e-01
1.523935530906972069e+01 -9.338275602713570767e-02 3.338306781384521305e-01
1.522493904499359552e+01 -9.388850749472418822e-02 3.334343863834521304e-01
1.521055783544569628e+01 -9.439590180668912256e-02 3.330471563253147860e-01
1.519614658650170647e+01 -9.490931029058977120e-02 3.326677821872177643e-01
1.518170487308651673e+01 -9.542022671819326562e-02 3.322915308968875658e-01
1.516723242826319407e+01 -9.592480884506963956e-02 3.319187120134790003e-01
1.515278284060432057e+01 -9.642422961498700595e-02 3.315520024985842973e-01
1.513826935961675169e+01 -9.692579343175572459e-02 3.311890887764203928e-01
1.512377305895051371e+01 -9.741302415304362028e-02 3.308300676946073771e-01
1.510924471145381176e+01 -9.789531979792495675e-02 3.304756487339643445e-01
1.509456441582882036e+01 -9.836646513766798827e-02 3.301313647110930005e-01
1.507998497732052101e+01 -9.882976535361231996e-02 3.297887042707995930e-01
1.506533521349082250e+01 -9.928164082303315985e-02 3.294478014875298344e-01
1.505074733348694416e+01 -9.972700196362412062e-02 3.291076250211814602e-01
1.503618455547387533e+01 -1.001614808271881901e-01 3.287674057231889657e-01
1.502159729330475102e+01 -1.005865788433509961e-01 3.284266837973713882e-01
1.500709231056067239e+01 -1.009985792397601057e-01 3.280844257380731155e-01
1.499262401901265740e+01 -1.014014357624590246e-01 3.277400734385617631e-01
1.497827082043218283e+01 -1.017862301454153656e-01 3.273914533465571708e-01
1.496392618747333714e+01 -1.021578298693290032e-01 3.270378120474799477e-01
1.494959262330734440e+01 -1.025140758335383873e-01 3.266860085384513668e-01
1.493539408799593460e+01 -1.028604813313947347e-01 3.263275640358315743e-01
1.492122961410328763e+01 -1.031862975277115652e-01 3.259597568268913226e-01
1.490720557809155800e+01 -1.034971005095702834e-01 3.255817747086259817e-01
1.489330232567515466e+01 -1.037888694709232923e-01 3.251921246477285643e-01
1.487953059091007546e+01 -1.040591399384860199e-01 3.247892994122991706e-01
1.486589606014586273e+01 -1.043059439622692902e-01 3.243722782325850762e-01
1.485241813003215050e+01 -1.045397159349618077e-01 3.239414401291606516e-01
1.483907471972230674e+01 -1.047553131058091558e-01 3.234992623729660011e-01
1.482584389285276316e+01 -1.049606647115680774e-01 3.230461695159196900e-01
1.481265804365403227e+01 -1.051535073773882945e-01 3.225910669815610365e-01
1.479961018187452204e+01 -1.053398852250732459e-01 3.221285018650090759e-01
1.478660994437494480e+01 -1.055146984109383984e-01 3.216585240006742952e-01
1.477366446291784641e+01 -1.056821239938413454e-01 3.211817317331738808e-01
1.476081291664581840e+01 -1.058487695311905591e-01 3.206999855695888413e-01
1.474803420138694499e+01 -1.060039971232772105e-01 3.202135779558674122e-01
1.473530734634249839e+01 -1.061581600951478355e-01 3.197238489425145991e-01
1.472261151274801350e+01 -1.063146423694710518e-01 3.192309683971014667e-01
1.470992599261754208e+01 -1.064691434523919039e-01 3.187356248722950092e-01
1.469730263938399695e+01 -1.066246083526220523e-01 3.182391151506963611e-01
1.468470468184042410e+01 -1.067951118725031096e-01 3.177481587535537777e-01
1.467213350217411083e+01 -1.069666058798716957e-01 3.172595519913938289e-01
1.465960012557714265e+01 -1.071524534049635852e-01 3.167709142854344684e-01
1.464709843356454577e+01 -1.073414383234911201e-01 3.162832096795302750e-01
1.463458975113746163e+01 -1.075361556416614267e-01 3.157963517907154682e-01
1.462209055700505189e+01 -1.077388517468484547e-01 3.153108866683533296e-01
1.460958878050554688e+01 -1.079503093980211381e-01 3.148274888367062485e-01
1.459712672739549610e+01 -1.081683181018113643e-01 3.143459794505670812e-01
1.458465273710741172e+01 -1.083915763389463466e-01 3.138672003105625885e-01
1.457214748196319043e+01 -1.086251817097929895e-01 3.133901595485559244e-01
1.455964846544047298e+01 -1.088759831109855913e-01 3.129207320459305164e-01
1.454707990047234034e+01 -1.091373011239809565e-01 3.124560630619602764e-01
1.453451174418269787e+01 -1.094057380316381806e-01 3.119939919493411318e-01
1.452195151144879581e+01 -1.096791928639373331e-01 3.115346442121187387e-01
1.450940937416402932e+01 -1.099591253666867691e-01 3.110774565049639895e-01
1.449681148409880471e+01 -1.102447748495026386e-01 3.106222386715609129e-01
1.448418767971713095e+01 -1.105311760936611848e-01 3.101690624044926015e-01
1.447156020722907499e+01 -1.108148385188372637e-01 3.097171797383746483e-01
1.445897378513622478e+01 -1.111003234759558034e-01 3.092672691132066221e-01
1.444629569359057086e+01 -1.113780654141117432e-01 3.088182181038142682e-01
1.443361920530948694e+01 -1.116651417049119299e-01 3.083726252498427134e-01
1.442094770903305267e+01 -1.119518266304810744e-01 3.079309964942332778e-01
1.440827143655320164e+01 -1.122237584901665114e-01 3.074895378201657481e-01
1.439557272871829419e+01 -1.124851390553529701e-01 3.070470069308188776e-01
1.438283403941314020e+01 -1.127335780019430717e-01 3.066027410311841228e-01
1.437007785615916511e+01 -1.129594742470282215e-01 3.061570114620695837e-01
1.435728861412573032e+01 -1.131619871819448259e-01 3.057082944386834145e-01
1.434451654160417888e+01 -1.133384599268978526e-01 3.052566330541446327e-01
1.433168948087327621e+01 -1.134840852388976362e-01 3.048010332806362355e-01
1.431894395878422799e+01 -1.135953759157649900e-01 3.043408403484768043e-01
1.430609489144578284e+01 -1.136749950964219824e-01 3.038767984014164036e-01
1.429332352192111699e+01 -1.137256613416540579e-01 3.034111680757963225e-01
1.428049826912608822e+01 -1.137307251981553580e-01 3.029380949098259279e-01
1.426772204735145699e+01 -1.136922548954677481e-01 3.024589851488629355e-01
1.425494472007877711e+01 -1.136137444334273244e-01 3.019743259366205468e-01
1.424216798166727393e+01 -1.134977358821771809e-01 3.014840739663559033e-01
1.422941731034813984e+01 -1.133477645472204254e-01 3.009887604363027935e-01
1.421665454243920301e+01 -1.131656881906987350e-01 3.004887345435515167e-01
1.420391379111096164e+01 -1.129552676839545577e-01 2.999846288492658553e-01
1.419116659387810664e+01 -1.127182708598192529e-01 2.994764387882957180e-01
1.417837915381445590e+01 -1.124612469169405521e-01 2.989654219689513726e-01
1.416569855069205630e+01 -1.122011939057065005e-01 2.984535726864593341e-01
1.415297297852300851e+01 -1.119209024950169884e-01 2.979392000777347227e-01
1.414030919052105340e+01 -1.116222881032463421e-01 2.974219175168046903e-01
1.412762508123332239e+01 -1.113075563121487810e-01 2.969013901025401303e-01
1.411494214615033194e+01 -1.109788038340619037e-01 2.963790538718321099e-01
1.410229529188394437e+01 -1.106374001073316959e-01 2.958539983576463639e-01
1.408966829345698279e+01 -1.102841715941570849e-01 2.953268784432537264e-01
1.407704494217709090e+01 -1.099208559887230180e-01 2.947978654492477424e-01
1.406440903951279076e+01 -1.095489429892774480e-01 2.942673703458771883e-01
1.405181904111017133e+01 -1.091696071869920348e-01 2.937349260104535342e-01
1.403922042909833579e+01 -1.088054068886281506e-01 2.932040986207021249e-01
1.402664959455316485e+01 -1.084353272351768205e-01 2.926705912250082697e-01
1.401409031799132343e+01 -1.080605771791480624e-01 2.921367226982871101e-01
1.400152635940116319e+01 -1.076810226953722194e-01 2.916010835065327433e-01
1.398894145224913643e+01 -1.072974361562699930e-01 2.910648704729840164e-01
1.397636331406246946e+01 -1.069092439367694963e-01 2.905280865668364298e-01
1.396382051633101362e+01 -1.065174206077858093e-01 2.899907323259124925e-01
1.395129667809553986e+01 -1.061226633277124604e-01 2.894533928409986911e-01
1.393870939022495392e+01 -1.057242533242759575e-01 2.889157078634241871e-01
1.392616582102871270e+01 -1.053226284315336714e-01 2.883789095255392954e-01
1.391363807825018561e+01 -1.049343001853340340e-01 2.878431958844369087e-01
1.390114341273650567e+01 -1.045435214226832499e-01 2.873076159958193876e-01
1.388858495978925767e+01 -1.041480262436582371e-01 2.867724553764358086e-01
1.387600256627604800e+01 -1.037472955189129575e-01 2.862387838379676364e-01
1.386342941356470426e+01 -1.033407209888735079e-01 2.857059893095197367e-01
1.385078492141202844e+01 -1.029269596468819908e-01 2.851744959565570836e-01
1.383809807720014184e+01 -1.025052611732845259e-01 2.846447591837095725e-01
1.382540937807879367e+01 -1.020740354390930055e-01 2.841167755816588203e-01
1.381260318253224106e+01 -1.016320382610931272e-01 2.835918410366002895e-01
1.379983084785490632e+01 -1.011779801125217010e-01 2.830689907269924865e-01
1.378692856470937400e+01 -1.007232016259884677e-01 2.825491140323801997e-01
1.377406053961788679e+01 -1.002574709303948597e-01 2.820323735863684567e-01
1.376106612359893866e+01 -9.977465440174759781e-02 2.815190757636403807e-01
1.374799666554795685e+01 -9.927212620405080623e-02 2.810096448948786740e-01
1.373483438765378573e+01 -9.874822643532636668e-02 2.805041632867143475e-01
1.372156140614526798e+01 -9.820062747147703663e-02 2.800037291390434224e-01
1.370815973025421464e+01 -9.762708080642833186e-02 2.795078634289359654e-01
1.369461468175216190e+01 -9.702588626891275880e-02 2.790171391911420717e-01
1.368098898331200530e+01 -9.639841984007835318e-02 2.785313479318480834e-01
1.366723878964927863e+01 -9.574836688173209154e-02 2.780501718489451490e-01
1.365345619292500956e+01 -9.508535072459922688e-02 2.775725419708381936e-01
1.363957199442295121e+01 -9.440977780614254189e-02 2.770975607709599831e-01
1.362564041232028522e+01 -9.371748950147990032e-02 2.766252728253468796e-01
1.361166321551696790e+01 -9.301036462656377124e-02 2.761560611117982456e-01
1.359760859448331871e+01 -9.228981855363041498e-02 2.756889093742760921e-01
1.358346343398117106e+01 -9.155738874636965008e-02 2.752236199347930512e-01
1.356927731091924194e+01 -9.081492243781202900e-02 2.747601448630941912e-01
1.355510699011663611e+01 -9.006346912664162097e-02 2.742974764494383044e-01
1.354086168502112564e+01 -8.930463988751811966e-02 2.738358650408594386e-01
1.352656024001355384e+01 -8.853955400999714842e-02 2.733741317630895007e-01
1.351225051002575483e+01 -8.777347325862087934e-02 2.729114556001558944e-01
1.349800714541010827e+01 -8.700892216150192537e-02 2.724472927410004353e-01
1.348367577261726957e+01 -8.624004475429343508e-02 2.719823869446032494e-01
1.346937434835674807e+01 -8.546640982168896006e-02 2.715164620022966213e-01
1.345503959537733429e+01 -8.469009269988665711e-02 2.710495055858698210e-01
1.344071169393079934e+01 -8.391078012047796519e-02 2.705818363368269752e-01
1.342639317515444120e+01 -8.312846312799646031e-02 2.701124565371364472e-01
1.341204239449039548e+01 -8.234350754300966135e-02 2.696424442138117827e-01
1.339765948550174812e+01 -8.155641674607491676e-02 2.691706359933086490e-01
1.338331346663339083e+01 -8.076729540152960407e-02 2.686982848242317479e-01
1.336896413344118884e+01 -7.997800315547227978e-02 2.682234299359440577e-01
1.335463403178943409e+01 -7.919187285963728840e-02 2.677442659922051882e-01
1.334032676456257782e+01 -7.840237944271527537e-02 2.672647106279913420e-01
1.332596938057444724e+01 -7.760992362221737217e-02 2.667838218205935141e-01
1.331166213982642965e+01 -7.681416191949205774e-02 2.663023011957235120e-01
1.329730880732762444e+01 -7.601473601892655418e-02 2.658198056221818262e-01
1.328296317623896705e+01 -7.521219883274403439e-02 2.653364649998669056e-01
1.326858133274636486e+01 -7.440544380387370538e-02 2.648530693390042656e-01
1.325416219602360179e+01 -7.359485774034385530e-02 2.643689287277191102e-01
1.323977247219208131e+01 -7.278026131093415230e-02 2.638852982079463727e-01
1.322528995934332308e+01 -7.196083082506662953e-02 2.634023174994805649e-01
1.321088297960836400e+01 -7.114050346121512935e-02 2.629169672260548984e-01
1.319637527569482849e+01 -7.031819320060235523e-02 2.624344881039250565e-01
1.318188878396209596e+01 -6.948609872207231475e-02 2.619544802730285893e-01
1.316735555981567884e+01 -6.864938374625244311e-02 2.614783230275186110e-01
1.315273594301925186e+01 -6.780848172731404611e-02 2.610069394166992240e-01
1.313806608534634357e+01 -6.696490626619112929e-02 2.605408495536616909e-01
1.312332724057344890e+01 -6.611020472193712694e-02 2.600805596109512785e-01
1.310850291192563866e+01 -6.525514534999746208e-02 2.596264567750417585e-01
1.309361974712883914e+01 -6.439417297736507728e-02 2.591796746839877819e-01
1.307860065548952910e+01 -6.352780675129790500e-02 2.587413593458631755e-01
1.306356690884525484e+01 -6.266032292185208519e-02 2.583065006115757845e-01
1.304845143179348277e+01 -6.178860887948061514e-02 2.578814754696299727e-01
1.303317876876810111e+01 -6.091538421685459975e-02 2.574672155714499144e-01
1.301776191573569896e+01 -6.003803563940358218e-02 2.570629906227795414e-01
1.300225349899286442e+01 -5.915685223323940978e-02 2.566674506770449948e-01
1.298667809870246437e+01 -5.827058787906586740e-02 2.562802952542887480e-01
1.297095523316342813e+01 -5.737818467044143722e-02 2.559007395947850427e-01
1.295517958309756779e+01 -5.648581786936623939e-02 2.555276951744653857e-01
1.293936171192753903e+01 -5.558754184119340386e-02 2.551604655610973937e-01
1.292349366088068230e+01 -5.468293456032770339e-02 2.547983685092268247e-01
1.290754679786981818e+01 -5.377257046431965781e-02 2.544360703477234198e-01
1.289152469774698417e+01 -5.285492961519477201e-02 2.540774286662746961e-01
1.287552347357711113e+01 -5.193285483162558835e-02 2.537210686838352047e-01
1.285940928258064808e+01 -5.100388299965556010e-02 2.533669265780855162e-01
1.284328262773104079e+01 -5.007238880643478246e-02 2.530148990507991580e-01
1.282710405995457492e+01 -4.913849003854272451e-02 2.526645999384325436e-01
1.281088745948759744e+01 -4.819696353407430800e-02 2.523158296195101569e-01
1.279470390089740306e+01 -4.725406517556374891e-02 2.519678135547718245e-01
1.277840436888422992e+01 -4.631735318276566232e-02 2.516209565197027320e-01
1.276214557274160377e+01 -4.536961719247727814e-02 2.512749560517788527e-01
1.274586306341192277e+01 -4.442097799005263747e-02 2.509261971736327923e-01
1.272960823741145298e+01 -4.347183298410615959e-02 2.505766029879045176e-01
1.271332575303435242e+01 -4.252658459316632084e-02 2.502266996281928835e-01
1.269704349749889083e+01 -4.157990723217014351e-02 2.498768352613897625e-01
1.268071886469011211e+01 -4.063673826910051134e-02 2.495259736555146823e-01
1.266443176249086733e+01 -3.969971551363444401e-02 2.491747327012368562e-01
1.264809819245187938e+01 -3.876372629103979478e-02 2.488226490701327676e-01
1.263174661839668822e+01 -3.783125274003298205e-02 2.484692695806030860e-01
1.261542164571748437e+01 -3.690945587121029214e-02 2.481154232037251495e-01
1.259906418796823857e+01 -3.599777452084060303e-02 2.477618913562067426e-01
1.258268788854188536e+01 -3.508495514646189223e-02 2.474046355930737406e-01
1.256637547332777416e+01 -3.417582887070898245e-02 2.470458366791832006e-01
1.255002884189580747e+01 -3.328478786354463481e-02 2.466866543179196125e-01
1.253364098471141119e+01 -3.240595414193386814e-02 2.463280939123577151e-01
1.251728266603876705e+01 -3.153671034513026716e-02 2.459697621489834451e-01
1.250089437082698041e+01 -3.068067277195374656e-02 2.456120843858233260e-01
1.248453558788207651e+01 -2.984139443210629197e-02 2.452551688323479362e-01
1.246816216146866019e+01 -2.901684484672705649e-02 2.448987842454433406e-01
1.245168884157675038e+01 -2.821334213175552552e-02 2.445441513082882712e-01
1.243530977349922573e+01 -2.742991694524151564e-02 2.441914361564658520e-01
1.241886724904266970e+01 -2.665591927503855110e-02 2.438396322519887915e-01
1.240236033889751788e+01 -2.590604309157988269e-02 2.434886089765743722e-01
1.238591327761757910e+01 -2.517530248475632199e-02 2.431407559271855368e-01
1.236941887720675126e+01 -2.446690789269506325e-02 2.427978736891650002e-01
1.235291967445091110e+01 -2.378404300307978766e-02 2.424596261285358045e-01
1.233636955215023612e+01 -2.313382270770104193e-02 2.421264718199028498e-01
1.231982592167488377e+01 -2.251029295201934649e-02 2.417995403116973141e-01
1.230323313171136057e+01 -2.192021787818286896e-02 2.414789298853441679e-01
1.228659411074375996e+01 -2.136397532718456449e-02 2.411653807293957785e-01
1.226994928391554573e+01 -2.083466676365923476e-02 2.408582736540118563e-01
1.225331391575583417e+01 -2.032670312087590109e-02 2.405555794286741711e-01
1.223662164973585220e+01 -1.983030280563620809e-02 2.402570775141200377e-01
1.221989135034420748e+01 -1.934844291823207760e-02 2.399636942344003654e-01
1.220318503971457424e+01 -1.888867970934614629e-02 2.396745839614295992e-01
1.218641980165380367e+01 -1.843897942156037459e-02 2.393903548357586286e-01
1.216962798799223577e+01 -1.799923082975919686e-02 2.391104668273114631e-01
1.215283235849518917e+01 -1.756698725575981876e-02 2.388340229517897095e-01
1.213595981691788239e+01 -1.713406432881774480e-02 2.385611153749121194e-01
1.211908397834543827e+01 -1.670357693495255758e-02 2.382914097707444501e-01
1.210224656588000869e+01 -1.627953914063153679e-02 2.380239000806042560e-01
1.208531142159362304e+01 -1.584400665929026897e-02 2.377600838875106315e-01
1.206841827871694051e+01 -1.539792635349041157e-02 2.374961449251318524e-01
1.205145588299119730e+01 -1.494346378765167016e-02 2.372350083323113423e-01
1.203453892761853083e+01 -1.447658745519247656e-02 2.369756333708540330e-01
1.201754801203296630e+01 -1.400644575299446297e-02 2.367180212925064087e-01
1.200053347353892441e+01 -1.352619422141324371e-02 2.364624683861569487e-01
1.198355982118351903e+01 -1.303501518168752836e-02 2.362077951481418026e-01
1.196653595643473977e+01 -1.253223089318719792e-02 2.359538773721342464e-01
1.194951951227605313e+01 -1.201137300228328347e-02 2.357005881349124587e-01
1.193244922869856239e+01 -1.148241375160019041e-02 2.354473660732778750e-01
1.191536725024758603e+01 -1.094216053148615309e-02 2.351946925602410865e-01
1.189829425192453094e+01 -1.036827959017617116e-02 2.349397909361459202e-01
1.188123524592962532e+01 -9.788330830089503679e-03 2.346851805989648154e-01
1.186412855403500899e+01 -9.195658013605169726e-03 2.344306829323893060e-01
1.184701568938366556e+01 -8.593444470150852707e-03 2.341763577482831038e-01
1.182993283855904920e+01 -7.984471131079992276e-03 2.339218562995044326e-01
1.181283980672164446e+01 -7.368365369369708415e-03 2.336672178114245213e-01
1.179579991456194676e+01 -6.750304008390243735e-03 2.334125743594836766e-01
1.177874702786747285e+01 -6.125212625109205389e-03 2.331575456381118072e-01
1.176169764535925388e+01 -5.503983028085516170e-03 2.329022420921477432e-01
1.174468738103677445e+01 -4.877646757964816150e-03 2.326464733688672348e-01
1.172764231564060466e+01 -4.249393392946612495e-03 2.323890751268029298e-01
1.171070574209952930e+01 -3.621440979556786455e-03 2.321307918419538985e-01
1.169370806325899537e+01 -2.999370004802402734e-03 2.318711736265539336e-01
1.167677020971251522e+01 -2.388423529784481237e-03 2.316108603153201051e-01
1.165987840533084174e+01 -1.790772629657874605e-03 2.313488175308775208e-01
1.164301335169122886e+01 -1.209918413607417344e-03 2.310858457451594183e-01
1.162619395411694079e+01 -6.478297022772666613e-04 2.308217516001891123e-01
1.160945319648245011e+01 -1.078911012662137585e-04 2.305565596511779669e-01
1.159277130409746803e+01 4.053432533202322072e-04 2.302897882395040230e-01
1.157608844599772979e+01 8.881637105994091494e-04 2.300217581115899801e-01
1.155946407633050299e+01 1.347083789193730986e-03 2.297521330836636289e-01
1.154292709290213104e+01 1.777103633163562959e-03 2.294813141693679559e-01
1.152647743369036704e+01 2.171154986247261168e-03 2.292082079661315053e-01
1.151005566316562501e+01 2.521895630028542484e-03 2.289330173252605849e-01
1.149369785149594847e+01 2.835233675061985849e-03 2.286563092303923461e-01
1.147741729914559805e+01 3.111631465781324653e-03 2.283779088770274968e-01
1.146116653104353134e+01 3.349820638227678487e-03 2.280986739525787399e-01
