# cl_TT                  cl_TE                    cl_EE
1.362209423306743020e+03 4.031279710039847863e+00 1.938513772143036010e-02
1.141296262198612567e+03 3.545664624953789534e+00 2.321881055859063847e-02
1.029251242533083996e+03 2.918851340829642371e+00 2.031424138534075954e-02
9.607991250057996240e+02 2.298126712400740512e+00 1.405847842757681349e-02
9.149442691082806505e+02 1.767311787975854420e+00 8.202596565901894288e-03
8.826128117796305332e+02 1.356981903122143729e+00 4.456783496932417710e-03
8.590871460279498706e+02 1.068492704128393589e+00 2.679523656052743442e-03
8.420482425134143796e+02 8.875315151342108022e-01 2.009064587097127066e-03
8.293222356579520920e+02 7.927441283994307586e-01 1.737978786796982866e-03
8.197185440739823434e+02 7.628399531810361456e-01 1.571498205556801997e-03
8.130225599241757664e+02 7.776868480795952054e-01 1.484699462965052711e-03
8.084020440317500515e+02 8.201162950877635138e-01 1.514106825160921451e-03
8.049223366401176918e+02 8.777945339586775697e-01 1.659321578664807537e-03
8.025531175233041949e+02 9.434720944718426594e-01 1.893792552491436109e-03
8.015851578026124571e+02 1.013904098961712297e+00 2.201081074580777015e-03
8.019261180865280494e+02 1.086949345086427821e+00 2.586513696413603354e-03
8.022029272176351924e+02 1.160246828089004589e+00 3.065495313918223993e-03
8.047757737406594742e+02 1.238707162265709538e+00 3.655892658221464309e-03
8.071824062429063815e+02 1.318092790536391057e+00 4.354168921840317029e-03
8.099171865921863400e+02 1.399980035210732554e+00 5.152347020814117620e-03
8.131524042291243859e+02 1.482108212860814289e+00 6.057869169734292174e-03
8.164729569564211715e+02 1.564304060890249204e+00 7.071906334552462321e-03
8.201492824251384945e+02 1.646434184788764243e+00 8.199795796430323774e-03
8.243568994773361283e+02 1.721980198720864497e+00 9.438903182833007638e-03
8.286423380137090362e+02 1.795067658028586477e+00 1.079366491884245667e-02
8.333401373812104111e+02 1.865826120444275871e+00 1.228014125115674086e-02
8.382116267735755173e+02 1.928879277481365229e+00 1.389553932497844882e-02
8.432428998175510060e+02 1.990061283961530592e+00 1.564875438875125077e-02
8.486939206573699721e+02 2.043205782669606396e+00 1.755089756434511511e-02
8.538902802113390180e+02 2.096920207091120147e+00 1.960112019776135209e-02
8.595561787636438567e+02 2.144396475644580580e+00 2.182426166295126785e-02
8.651671425336045331e+02 2.186776639144291323e+00 2.419244003749419780e-02
8.707447758508681090e+02 2.227951016329495548e+00 2.673802280844618864e-02
8.769803210263655728e+02 2.257879001654586215e+00 2.944985123163443297e-02
8.830399519606304466e+02 2.285369032880470552e+00 3.233599706083197661e-02
8.892756917341205281e+02 2.304626507343198849e+00 3.541571124932425818e-02
8.956181391645018266e+02 2.318023444093616714e+00 3.867745515560001152e-02
9.020234011456670942e+02 2.325594772135000987e+00 4.212273307314844811e-02
9.085226746258337016e+02 2.325769786488431912e+00 4.575892774983598976e-02
9.151185521772079028e+02 2.317511106806405596e+00 4.959335344405259999e-02
9.218106309917873205e+02 2.301847648852842099e+00 5.363253354800053690e-02
9.285847604478782387e+02 2.279925665859530159e+00 5.788262584408562089e-02
9.354639324735605896e+02 2.251286936999936206e+00 6.234763289651425178e-02
9.424859964005632946e+02 2.215168728461268000e+00 6.702873351553359504e-02
9.495963950170538510e+02 2.171249709938900985e+00 7.192505323244979820e-02
9.567795022919634675e+02 2.119116930094211870e+00 7.703924415543644821e-02
9.640164256215706473e+02 2.058315997095463867e+00 8.236796813847442611e-02
9.713031293436916940e+02 1.988466849537369852e+00 8.790714331532584191e-02
9.787024330588919838e+02 1.909328382134768409e+00 9.366382949405992198e-02
9.862781936996564127e+02 1.820911651267283826e+00 9.964548964290917410e-02
9.939721355064282307e+02 1.724034172968616607e+00 1.058567448712473269e-01
1.001704734725578646e+03 1.619505184545845689e+00 1.122981625151753260e-01
1.009448465617631655e+03 1.507274801447221702e+00 1.189710520409692912e-01
1.017190658568454978e+03 1.386923544137006248e+00 1.258782079229515960e-01
1.025037516737886790e+03 1.257435006203125427e+00 1.330161046457999929e-01
1.033095321965230141e+03 1.117969818208874200e+00 1.403826807109602448e-01
1.041329236345312211e+03 9.684121443386536354e-01 1.479784687436091206e-01
1.049659850779121143e+03 8.089336595915134209e-01 1.558047437224859277e-01
1.058074610112034179e+03 6.401220586684164271e-01 1.638553518427603162e-01
1.066585445235645693e+03 4.625185690078412737e-01 1.721251831856393244e-01
1.075190809820665208e+03 2.761218950780211512e-01 1.806133045866186448e-01
1.083898786693724560e+03 8.078027405390128535e-02 1.893205696989352094e-01
1.092702600395082300e+03 -1.236506026921745105e-01 1.982470891099741006e-01
1.101617758860326148e+03 -3.373744462565925195e-01 2.073952017314566743e-01
1.110675617809857158e+03 -5.606671073293673091e-01 2.167605168428792251e-01
1.119866932294392882e+03 -7.932536613943739212e-01 2.263384676938197948e-01
1.129168591667422788e+03 -1.034715904243754148e+00 2.361214721816367879e-01
1.138550055115322948e+03 -1.284665326477984593e+00 2.461041767392325164e-01
1.147995636698515000e+03 -1.542906538559888130e+00 2.562819707206036579e-01
1.157491090457030168e+03 -1.809477543735063199e+00 2.666530660778719253e-01
1.167131932738762771e+03 -2.085179113396139261e+00 2.772173079414185226e-01
1.177007691564351035e+03 -2.370785421997127607e+00 2.879736499765935265e-01
1.187103896310826940e+03 -2.666000949394057962e+00 2.989151034760686443e-01
1.197398646316599070e+03 -2.970195888731009592e+00 3.100339372613383770e-01
1.207830750591836477e+03 -3.282749658159138662e+00 3.213206151712013070e-01
1.218285858687071823e+03 -3.602543765089288641e+00 3.327702652572228637e-01
1.228766325337491253e+03 -3.929560911810889401e+00 3.443769535411353999e-01
1.239333930705841567e+03 -4.264080928457456565e+00 3.561354894887529543e-01
1.250028168631555218e+03 -4.606532207220712216e+00 3.680406832314925825e-01
1.260887956139983089e+03 -4.957065224683057103e+00 3.800867777772105049e-01
1.271927621554668121e+03 -5.315461642399724518e+00 3.922672311698313652e-01
1.283123774872618924e+03 -5.681596626432824593e+00 4.045734487937933666e-01
1.294475310344661239e+03 -6.055048209112966262e+00 4.169975798069004980e-01
1.305973693205471591e+03 -6.435765841999798731e+00 4.295310315428228498e-01
1.317614863360736990e+03 -6.823303814638491893e+00 4.421677971689885189e-01
1.329368091030477217e+03 -7.217344280986044858e+00 4.549003246463332317e-01
1.341214549727604663e+03 -7.617545653755554369e+00 4.677221622536546497e-01
1.353165126241248572e+03 -8.023640637409824805e+00 4.806268595877949412e-01
1.365223279019680376e+03 -8.435510513527118448e+00 4.936035106367391290e-01
1.377399587521529611e+03 -8.852825762450756031e+00 5.066448660338520593e-01
1.389695973200639855e+03 -9.275602161466528273e+00 5.197412134246640614e-01
1.402128907123198815e+03 -9.703570407386338914e+00 5.328827830978289937e-01
1.414692575815649889e+03 -1.013675834967533618e+01 5.460620355958289984e-01
1.427403451478201077e+03 -1.057489672484886967e+01 5.592684619600677420e-01
1.440255721988328105e+03 -1.101779057651700988e+01 5.724930408336954546e-01
1.453251004399065550e+03 -1.146524497452768898e+01 5.857260100498775657e-01
1.466398345027961568e+03 -1.191706501772318383e+01 5.989568667259344004e-01
1.479677077785903521e+03 -1.237298155330106653e+01 6.121765958640443817e-01
1.493103679400112014e+03 -1.283272546328160679e+01 6.253784132809273588e-01
1.506672342673193498e+03 -1.329602766756763899e+01 6.385525658582293929e-01
1.520384689935234064e+03 -1.376284197759880890e+01 6.516818746272686758e-01
1.534227488034016687e+03 -1.423260226455115429e+01 6.647714482638337197e-01
1.548202361766796685e+03 -1.470518814816156805e+01 6.777966847300790354e-01
1.562303508850151502e+03 -1.518025644855310041e+01 6.907552698166037342e-01
1.576525128280792842e+03 -1.565738975663115795e+01 7.036374638316996721e-01
1.590861420336310630e+03 -1.613639357151435760e+01 7.164409583877049403e-01
1.605299158216154410e+03 -1.661692488645829968e+01 7.291485914342125119e-01
1.619847401424774034e+03 -1.709856647579440292e+01 7.417580607395594106e-01
1.634492925643649414e+03 -1.758112403236058796e+01 7.542522105659376086e-01
1.649230287526306483e+03 -1.806432846527854608e+01 7.666281201879315832e-01
1.664062878941974532e+03 -1.854768562148460020e+01 7.788803723975945559e-01
1.678987015940998162e+03 -1.903107227182734107e+01 7.909880717263232386e-01
1.693999015622144498e+03 -1.951406813433722931e+01 8.029377545048010933e-01
1.709095196073130410e+03 -1.999640157833222531e+01 8.147308172621633426e-01
1.724279304657243983e+03 -2.047780106038630166e+01 8.263538033661684823e-01
1.739547661245984045e+03 -2.095792084366685515e+01 8.377858314087389680e-01
1.754889158149909690e+03 -2.143641528412723929e+01 8.490283086327402584e-01
1.770307545098951095e+03 -2.191308740003645639e+01 8.600677891996912905e-01
1.785799144120886922e+03 -2.238759174031390131e+01 8.708982592503741182e-01
1.801360277821509044e+03 -2.285958295368507720e+01 8.815062802050823709e-01
1.816979840965943595e+03 -2.332886435763065336e+01 8.918858454562577087e-01
1.832661585463594292e+03 -2.379509080610224814e+01 9.020309520003962911e-01
1.848401835255169317e+03 -2.425791725802433163e+01 9.119281720605230124e-01
1.864189486254939311e+03 -2.471714734555854776e+01 9.215789380999589442e-01
1.880028291349094161e+03 -2.517251052461019611e+01 9.309698293744549380e-01
1.895907146948540458e+03 -2.562366207559099607e+01 9.401022852760652082e-01
1.911822378000364552e+03 -2.607040595443375608e+01 9.489628918650918621e-01
1.927777737956200554e+03 -2.651247194233381066e+01 9.575530951940973701e-01
1.943762123698091727e+03 -2.694951564573868907e+01 9.658594878200189582e-01
1.959764680514253314e+03 -2.738133024264442739e+01 9.738823652867316660e-01
1.975797832013994594e+03 -2.780759031973610718e+01 9.816173988501674108e-01
1.991844536810852787e+03 -2.822803375044378171e+01 9.890442491304950456e-01
2.007910038698807057e+03 -2.864224994735545238e+01 9.961722929105257807e-01
2.023984724925465571e+03 -2.905012556197214479e+01 1.002973767850670717e+00
2.040073839627730877e+03 -2.945117593169689840e+01 1.009450627498775344e+00
2.056167770475702127e+03 -2.984513934614863828e+01 1.015589971041448436e+00
2.072264333778469791e+03 -3.023182847824564590e+01 1.021393756543357734e+00
2.088353917848604851e+03 -3.061098181509763450e+01 1.026849087388567394e+00
2.104449196477810347e+03 -3.098233793922882384e+01 1.031950497157620994e+00
2.120533130569100649e+03 -3.134570980964087283e+01 1.036707377803099517e+00
2.136603538331034542e+03 -3.170076190872287114e+01 1.041099409367293838e+00
2.152665667028452390e+03 -3.204738165705659014e+01 1.045128558248830775e+00
2.168702479690075961e+03 -3.238530799309075547e+01 1.048796791963297448e+00
2.184719225325493881e+03 -3.271420565374396716e+01 1.052091222250083336e+00
2.200691440595020140e+03 -3.303403658895092576e+01 1.055021246629943565e+00
2.216616948388307264e+03 -3.334439140712719762e+01 1.057588834807910105e+00
2.232486144554571183e+03 -3.364515792365246938e+01 1.059788528475968938e+00
2.248289426387463664e+03 -3.393607545680997362e+01 1.061622297817032878e+00
2.264017192762116338e+03 -3.421688339175905469e+01 1.063092112957159774e+00
2.279652201066354792e+03 -3.448744066421218690e+01 1.064198395714565537e+00
2.295206064519843494e+03 -3.474748994949669623e+01 1.064935375238506898e+00
2.310667898431248886e+03 -3.499674490065862642e+01 1.065303160335547172e+00
2.326041676942708818e+03 -3.523506779300063130e+01 1.065301858986223538e+00
2.341323948112482867e+03 -3.546209810387518502e+01 1.064916721460738680e+00
2.356526119095222384e+03 -3.567769821112023010e+01 1.064155281888736093e+00
2.371629886165061180e+03 -3.588158197309504516e+01 1.063002787982373798e+00
2.386646661636300905e+03 -3.607353757687500462e+01 1.061474199316876588e+00
2.401565575523476127e+03 -3.625335325258457431e+01 1.059554760363714987e+00
2.416383189046418920e+03 -3.642089155489139785e+01 1.057251998782219315e+00
2.431081209674941420e+03 -3.657586651065193450e+01 1.054566011865093911e+00
2.445656204615899696e+03 -3.671821503474273385e+01 1.051496894742190769e+00
2.460104744188623954e+03 -3.684757694402907191e+01 1.048059596939566296e+00
2.474408545189635788e+03 -3.696396350754043425e+01 1.044239352144851418e+00
2.488571612697802721e+03 -3.706708889376600524e+01 1.040043676530596040e+00
2.502583098365248134e+03 -3.715689015415033225e+01 1.035480083584245037e+00
2.516439585498120778e+03 -3.723323008821549251e+01 1.030556083992645533e+00
2.530137660723960380e+03 -3.729619437684868899e+01 1.025279185534880400e+00
2.543673913996716237e+03 -3.734564588070004731e+01 1.019656892981154916e+00
2.557044938589083358e+03 -3.738152177372810314e+01 1.013689279646472263e+00
2.570239902721935778e+03 -3.740375925934168322e+01 1.007391272351527922e+00
2.583270262932444894e+03 -3.741236985363979528e+01 1.000770366287653035e+00
2.596117765577119371e+03 -3.740729081821963575e+01 9.938340532870978405e-01
2.608779016876062542e+03 -3.738853372705182210e+01 9.865898217476132270e-01
2.621258054493843247e+03 -3.735625874989008111e+01 9.790600132613797024e-01
2.633544058900485652e+03 -3.731037438660948169e+01 9.712429938838986754e-01
2.645633627806907043e+03 -3.725074805691627233e+01 9.631526634328220204e-01
2.657515929888657865e+03 -3.717729264445392801e+01 9.547863744107678574e-01
2.669194993235244510e+03 -3.708984677770737193e+01 9.461414755557407963e-01
2.680667420181333910e+03 -3.698839768027177399e+01 9.372301684808063138e-01
2.691922387181186423e+03 -3.687293260350977420e+01 9.280572225629178940e-01
2.702963929727232880e+03 -3.674336454258860130e+01 9.186274032319338145e-01
2.713788657161513584e+03 -3.659968080287878678e+01 9.089380435585725504e-01
2.724385752533217328e+03 -3.644194299917938196e+01 8.990013292414877899e-01
2.734759257503350454e+03 -3.626991563724010348e+01 8.888294418402979957e-01
2.744898358795084732e+03 -3.608380894760963997e+01 8.784197020073093443e-01
2.754807101444586806e+03 -3.588353604920250461e+01 8.677775972997151532e-01
2.764482103599645598e+03 -3.566923293215881330e+01 8.569182677742810395e-01
2.773912556369641607e+03 -3.544088703840735377e+01 8.458479350305203592e-01
2.783102508727898112e+03 -3.519863439346948297e+01 8.345757874858114045e-01
2.792048582315171188e+03 -3.494261103695288995e+01 8.231087804392369645e-01
2.800739971297504326e+03 -3.467273016923672913e+01 8.114568358204884424e-01
2.809173298929143584e+03 -3.438912784936397316e+01 7.996283850774705826e-01
2.817360045770617489e+03 -3.409208870809438707e+01 7.876340832434388650e-01
2.825289407811589172e+03 -3.378167452662123083e+01 7.754845803174154062e-01
2.832965438103216911e+03 -3.345816993348744717e+01 7.631905211435270342e-01
2.840392189946478993e+03 -3.312171098264718694e+01 7.507640309550760449e-01
2.847573716789303944e+03 -3.277250799922332902e+01 7.382157439018138811e-01
2.854491787081810799e+03 -3.241069700743475579e+01 7.255562885815944885e-01
2.861165310993579169e+03 -3.203663685922929716e+01 7.127962878968115978e-01
2.867582663960313766e+03 -3.165034638537786549e+01 6.999495695844716314e-01
2.873736364691898416e+03 -3.125204436489772775e+01 6.870316555748163800e-01
2.879603253744542599e+03 -3.084153525994035405e+01 6.740605294862737074e-01
2.885189884803287441e+03 -3.041892061955089588e+01 6.610534257863754926e-01
2.890465669494881695e+03 -2.998422765545126367e+01 6.480283152976547001e-01
2.895437160865375063e+03 -2.953740923513078087e+01 6.350016765265384944e-01
2.900088626562987429e+03 -2.907842558660991727e+01 6.219922096720034155e-01
2.904411762233419267e+03 -2.860745971335611415e+01 6.090171222829309228e-01
2.908435404924220165e+03 -2.812462768125904944e+01 5.960928719264950715e-01
2.912143821243973434e+03 -2.763006775137543869e+01 5.832381373636957855e-01
2.915543562534480316e+03 -2.712390917333826579e+01 5.704708470467879655e-01
2.918648608197559042e+03 -2.660629446285921418e+01 5.578066932919214516e-01
2.921458080678243732e+03 -2.607735710913439320e+01 5.452643319703099900e-01
2.923978530555352791e+03 -2.553723642404068883e+01 5.328616681867792693e-01
2.926209079885869869e+03 -2.498609981975609173e+01 5.206091706247711892e-01
2.928133993903733426e+03 -2.442412200205725625e+01 5.085328993013682464e-01
2.929752394473139248e+03 -2.385149981984145029e+01 4.966433063752747068e-01
2.931063403442644812e+03 -2.326831854782100351e+01 4.849508355721958708e-01
2.932058714350859191e+03 -2.267484158539313555e+01 4.734807787875175977e-01
2.932730020832987066e+03 -2.207116874598221656e+01 4.622435626007767029e-01
2.933083873376968313e+03 -2.145762252498205669e+01 4.512496049061609504e-01
2.933104537626250021e+03 -2.083422810927308788e+01 4.405241715587159823e-01
2.932798564532702130e+03 -2.020138192311388536e+01 4.300702345852966957e-01
2.932172505353722954e+03 -1.955918307134853151e+01 4.199056139154467848e-01
2.931225483345369867e+03 -1.890802760254223003e+01 4.100332639789585065e-01
2.929949193800373905e+03 -1.824801423648514387e+01 4.004784154746719449e-01
2.928350189130712806e+03 -1.757946434466220254e+01 3.912514336572832097e-01
2.926427593841690395e+03 -1.690262481264131722e+01 3.823552467461305837e-01
2.924187961249579530e+03 -1.621774232043514630e+01 3.738076310559258486e-01
2.921622988439637084e+03 -1.552506333983338216e+01 3.656189260481038095e-01
2.918739229666957272e+03 -1.482490841571988760e+01 3.577846061050198312e-01
2.915543239646376605e+03 -1.411752359737092277e+01 3.503224224276564880e-01
2.912026716832531292e+03 -1.340322900425527664e+01 3.432426898044397268e-01
2.908188788440993449e+03 -1.268234454181897775e+01 3.365482868037802389e-01
2.904043438758490993e+03 -1.195504133425685644e+01 3.302495126892912025e-01
2.899574938990819192e+03 -1.122171314228496719e+01 3.243566593074838078e-01
2.894804702353905213e+03 -1.048267922986531708e+01 3.188577262969521375e-01
2.889724428849810010e+03 -9.738184365403380838e+00 3.137629914718555457e-01
2.884340675286074202e+03 -8.988547390399107329e+00 3.090678693737500815e-01
2.878652570132634537e+03 -8.234235505026644475e+00 3.047900533467790551e-01
2.872659241769901200e+03 -7.475344286105302771e+00 3.009249457803548911e-01
2.866374675077654501e+03 -6.712340525002304048e+00 2.974679435226899593e-01
2.859797997913529798e+03 -5.945542246357705451e+00 2.944218666127116912e-01
2.852928337684668804e+03 -5.175118711664897120e+00 2.917821019777531166e-01
2.845779677911714771e+03 -4.401461840673712267e+00 2.895514605488366811e-01
2.838358573034629899e+03 -3.624814798048217490e+00 2.877104642887172714e-01
2.830656719912893095e+03 -2.845494848293264933e+00 2.862693450867979106e-01
2.822695527772187688e+03 -2.063893360389600140e+00 2.852234751126858647e-01
2.814466691243254900e+03 -1.280178678601728848e+00 2.845533672819298143e-01
2.805984188651100794e+03 -4.947418284598183447e-01 2.842692458326175897e-01
2.797238953245963330e+03 2.919353899213806836e-01 2.843433856414440686e-01
2.788233739280461123e+03 1.079527564963176145e+00 2.848116915715792619e-01
2.778963112300007197e+03 1.867544216630466991e+00 2.856944051586226552e-01
2.769436492530235682e+03 2.655420729956854853e+00 2.870266245237602654e-01
2.759633584611352489e+03 3.442815483855111935e+00 2.888211631209731123e-01
2.749563804238781358e+03 4.229238428457676946e+00 2.911131203376819965e-01
2.739229136254392870e+03 5.014422497565414361e+00 2.939227402404982481e-01
2.728638991194315622e+03 5.797655052173780632e+00 2.972628404197425467e-01
2.717795348441534315e+03 6.579709246726435090e+00 3.011685258806381382e-01
2.706715041136454147e+03 7.358684148329333041e+00 3.056526194250809847e-01
2.695392614293054066e+03 8.135650278483788966e+00 3.107353755300572007e-01
2.683844894776179899e+03 8.909449763664625266e+00 3.164370524653514760e-01
2.672073849435253123e+03 9.680410506426994743e+00 3.227779127515366664e-01
2.660081441699535389e+03 1.044737484153287710e+01 3.297707952581810376e-01
2.647862203133101048e+03 1.121141370756072675e+01 3.374211156388258193e-01
2.635418090051484796e+03 1.197062679848346001e+01 3.457417234546820151e-01
2.622758483449239975e+03 1.272459957084740090e+01 3.547380458835244776e-01
2.609877903888469518e+03 1.347440324108194964e+01 3.644229448143928574e-01
2.596770868150595106e+03 1.421813777294112136e+01 3.748092888780260035e-01
2.583439317550039050e+03 1.495687455557597900e+01 3.858950971098504268e-01
2.569900046260107047e+03 1.568871372148312915e+01 3.976932526998123718e-01
2.556140131199318148e+03 1.641472682512239345e+01 4.102092182740519344e-01
2.542183787183542336e+03 1.713375699641793659e+01 4.234261795099573122e-01
2.528018083435233166e+03 1.784687594983054737e+01 4.373644722357258874e-01
2.513652370408693059e+03 1.855218413833475921e+01 4.520147275712075308e-01
2.499103423123976881e+03 1.925075343298322395e+01 4.673824422824655045e-01
2.484365727810948101e+03 1.994142727728767639e+01 4.834656939921457841e-01
2.469441195365427120e+03 2.062379202704395453e+01 5.002625697645027847e-01
2.454339161413784950e+03 2.129891978522614693e+01 5.177563096262787212e-01
2.439068958036037202e+03 2.196565422684897939e+01 5.359375918254154492e-01
2.423625057146657127e+03 2.262432477417020138e+01 5.548119613761339775e-01
2.408016783984030553e+03 2.327451809175378727e+01 5.743552601391215262e-01
2.392253460504678060e+03 2.391582092166400031e+01 5.945656254439558586e-01
2.376329548782831353e+03 2.454782008363361712e+01 6.154337768478181925e-01
2.360254364515901671e+03 2.517084531022578986e+01 6.369430162855374000e-01
2.344029792081617416e+03 2.578522641188152065e+01 6.590840849119340428e-01
2.327672569699100677e+03 2.639055044187214349e+01 6.818254498347717796e-01
2.311177147789369428e+03 2.698566169614926835e+01 7.051653026945574609e-01
2.294545402488513901e+03 2.757237588816218121e+01 7.290795613353151516e-01
2.277794064109580177e+03 2.814879463313691943e+01 7.535515833242899530e-01
2.260925003851669317e+03 2.871599096258818307e+01 7.785795944179554340e-01
2.243932662257821903e+03 2.927355231321186579e+01 8.040504067221605489e-01
2.226826334370025506e+03 2.982180903073127709e+01 8.300588378663898981e-01
2.209615313128734670e+03 3.035960586329849420e+01 8.565511503056653098e-01
2.192294032767343197e+03 3.088801613477817298e+01 8.833993349386822791e-01
2.174871782302342126e+03 3.140662756744389128e+01 9.106982452359199121e-01
2.157342992214985770e+03 3.191428511446908090e+01 9.383198963461680808e-01
2.139724376278089039e+03 3.241206229712294373e+01 9.662848827345348335e-01
2.122017789872656522e+03 3.290028986138328548e+01 9.945395278061432975e-01
2.104225086748136164e+03 3.337855577425689546e+01 1.023030167544315194e+00
2.086355647775530088e+03 3.384710340543600893e+01 1.051857700557786934e+00
2.068419253694448344e+03 3.430582623484713878e+01 1.080849835912061740e+00
2.050418355741417145e+03 3.475453030070944038e+01 1.110137412608360075e+00
2.032362832023073906e+03 3.519302167856184127e+01 1.139702715832184188e+00
2.014262559181078359e+03 3.562036364055411042e+01 1.169528044128681721e+00
1.996112555697705375e+03 3.603636231942449086e+01 1.199669993083225972e+00
1.977930123644278183e+03 3.644082386702542919e+01 1.230036604998320682e+00
1.959717706918442673e+03 3.683355444751113339e+01 1.260684503095036435e+00
1.941477747924878031e+03 3.721436023017907502e+01 1.291596041203228129e+00
1.923205259197355645e+03 3.758304738198459916e+01 1.322679303965035968e+00
1.904924965114921633e+03 3.793793638970068116e+01 1.354065241053498569e+00
1.886624446707749030e+03 3.828031906199735346e+01 1.385661966370207887e+00
1.868320996761350216e+03 3.860925867594198024e+01 1.417526175774384001e+00
1.850017049661577175e+03 3.892456130854905894e+01 1.449566013291055944e+00
1.831707609686705155e+03 3.922603299300966739e+01 1.481763921838130438e+00
1.813409964346424886e+03 3.951347970978220303e+01 1.514250926948882858e+00
1.795126542565590853e+03 3.978745021257767434e+01 1.546860935974854634e+00
1.776867199667899513e+03 4.004700751414847559e+01 1.579650722818846109e+00
1.758626932256927148e+03 4.029195738216540690e+01 1.612602794135808315e+00
1.740408163198472266e+03 4.052284832999379205e+01 1.645773956543365335e+00
1.722235598253416583e+03 4.073948593742868240e+01 1.679072466311239298e+00
1.704089370859582687e+03 4.094093284152561552e+01 1.712480880057762445e+00
1.685994182271530690e+03 4.112773723258668923e+01 1.745981771424696571e+00
1.667937589648257472e+03 4.130044717513713692e+01 1.779557731241937502e+00
1.649936861150463073e+03 4.145812492905164248e+01 1.813265651180938631e+00
1.631986977439273687e+03 4.160131828101329887e+01 1.847088156883701204e+00
1.614097773384285574e+03 4.172908919598700095e+01 1.880933608080025632e+00
1.596271652976728092e+03 4.184198514913786937e+01 1.914784665689429843e+00
1.578511017651506791e+03 4.194129628289798006e+01 1.948698291897165369e+00
1.560825694617812360e+03 4.202534122423362817e+01 1.982582899700291224e+00
1.543210651797928449e+03 4.209466692253704423e+01 2.016495486946665139e+00
1.525675711227547026e+03 4.214907730259081120e+01 2.050418785830969259e+00
1.508215835664307860e+03 4.218986176307414127e+01 2.084261262871096587e+00
1.490840842008970867e+03 4.221608099525398217e+01 2.118079969363749537e+00
1.473560544636025043e+03 4.222828115232574220e+01 2.151783407292701344e+00
1.456369898735465995e+03 4.222626533896511347e+01 2.185428663227023893e+00
1.439271285417118179e+03 4.221132211145162216e+01 2.218998557670005756e+00
1.422267083425301735e+03 4.218251129801883792e+01 2.252475928385647030e+00
1.405367097565292852e+03 4.214112100491113466e+01 2.285843630190453002e+00
1.388573702090187453e+03 4.208695343759745811e+01 2.319158818213167716e+00
1.371881840799188012e+03 4.201981056758992850e+01 2.352255813609155588e+00
1.355293883846997687e+03 4.193949412963834078e+01 2.385191804265092141e+00
1.338812199512661437e+03 4.184729128939242315e+01 2.417949710445265854e+00
1.322431725978121221e+03 4.174226046629773634e+01 2.450438184413100462e+00
1.306154828166667130e+03 4.162494550713763886e+01 2.482714460527002398e+00
1.289983869539145417e+03 4.149514717975680611e+01 2.514687220785310817e+00
1.273913783897960684e+03 4.135340884227462510e+01 2.546413728358187800e+00
1.257946932248856228e+03 4.119953077254478302e+01 2.577728409565468226e+00
1.242093102968393623e+03 4.103554150809087275e+01 2.608837121355486843e+00
1.226347226925995983e+03 4.086049800107070951e+01 2.639648599211273261e+00
1.210719912932612715e+03 4.067562264661160754e+01 2.670215934148330916e+00
1.195217628481990914e+03 4.048114349160749725e+01 2.700501051327834023e+00
1.179840234322408605e+03 4.027648268740457382e+01 2.730461663156123819e+00
1.164595019471293654e+03 4.006329064827235698e+01 2.760129775525468343e+00
1.149496701400262282e+03 3.984024620751847579e+01 2.789388836603738930e+00
1.134537712818607133e+03 3.960751362908014528e+01 2.818270870121046379e+00
1.119725343607480681e+03 3.936525693904077627e+01 2.846733624118651385e+00
1.105066884299788171e+03 3.911363992729557992e+01 2.874734853690207981e+00
1.090562197906815300e+03 3.885208331426544248e+01 2.902158036702334076e+00
1.076211148440923580e+03 3.858149325775926286e+01 2.929035223510563224e+00
1.062021029432896739e+03 3.830025004565067803e+01 2.955324185649326196e+00
1.047991707392359785e+03 3.800963079337418549e+01 2.980982698521700502e+00
1.034137907012458527e+03 3.770964956957933367e+01 3.005968540578531023e+00
1.020444641214569856e+03 3.740039450093076567e+01 3.030313775994957215e+00
1.006934066438371929e+03 3.708210205730876652e+01 3.053976186835056783e+00
9.935986276184178223e+02 3.675500848642926144e+01 3.076913555722853744e+00
9.804456284049440455e+02 3.641920124837700001e+01 3.099157948513225236e+00
9.674749462224589251e+02 3.607499043455737109e+01 3.120592862955100077e+00
9.546864607190082097e+02 3.572253735151524268e+01 3.141398928881155239e+00
9.420949105550740796e+02 3.536192880565331365e+01 3.161311072363306884e+00
9.296853233796861105e+02 3.499347423833814474e+01 3.180584200433204778e+00
9.174724426991206201e+02 3.461726002585867690e+01 3.198953231244281881e+00
9.054487294809387095e+02 3.423352089779024254e+01 3.216598778811874837e+00
8.936215039501834099e+02 3.384249137072130509e+01 3.233478600710391504e+00
8.819832322226404813e+02 3.344418289836335845e+01 3.249550447813599696e+00
8.705412397296721565e+02 3.303890385657840056e+01 3.264772063541592662e+00
8.593028545314381290e+02 3.262673955927393621e+01 3.279175466626178093e+00
8.482531222701768456e+02 3.220784939273966074e+01 3.292718383384471537e+00
8.374068046167660668e+02 3.178246681590225720e+01 3.305358530517141791e+00
8.267638091553811819e+02 3.135075079351909721e+01 3.317127897924217361e+00
8.163166177118586120e+02 3.091278579633857149e+01 3.328058464533918404e+00
8.060725713752028696e+02 3.046880465174859509e+01 3.337959347144969779e+00
7.960315854109646807e+02 3.001903997691420400e+01 3.347085351317127699e+00
7.861861492195198480e+02 2.956379846244597687e+01 3.355319852230442379e+00
7.765361829898225778e+02 2.910323802210482214e+01 3.362694778607946411e+00
7.670890376484734361e+02 2.863773921059715377e+01 3.369316328636493107e+00
7.578446381049898264e+02 2.816745952293704036e+01 3.375142118900600785e+00
7.487880548449135176e+02 2.769270481245558457e+01 3.380278317850835545e+00
7.399266456229037203e+02 2.721370644093458324e+01 3.384682511269370586e+00
7.312603420029724930e+02 2.673069556291994786e+01 3.388386552268863650e+00
7.227890776502537165e+02 2.624390312672649017e+01 3.391422277296791243e+00
7.144979315731771976e+02 2.575355987566114635e+01 3.393747222154134491e+00
7.064016981696672701e+02 2.525982206598532898e+01 3.395467472037422496e+00
6.984854603726718096e+02 2.476284575214625505e+01 3.396540527076162608e+00
6.907491597028238175e+02 2.426293535579625882e+01 3.396923868895887821e+00
6.831927395234655478e+02 2.376023910575204567e+01 3.396797810694828446e+00
6.758087166509824328e+02 2.325497189114523522e+01 3.396045512304005420e+00
6.686044663718262200e+02 2.274729641080169529e+01 3.394772964290625694e+00
6.615725090140463180e+02 2.223741231678276620e+01 3.392937570038152550e+00
6.547127949773342834e+02 2.172549976262917326e+01 3.390719562856833402e+00
6.480260017998745070e+02 2.121176656386579040e+01 3.387989938622561148e+00
6.415082820939670682e+02 2.069656738668329865e+01 3.384794192561978221e+00
6.351639439565396970e+02 2.018026228353908280e+01 3.381165715691193618e+00
6.289972971981555929e+02 1.966325868219833239e+01 3.376989309866264666e+00
6.229977966605097208e+02 1.914591927984658071e+01 3.372224037899697713e+00
6.171697556435842671e+02 1.862853976408999301e+01 3.366977506671802178e+00
6.115174892394039716e+02 1.811161624000694559e+01 3.361134449224930432e+00
6.060378860240015229e+02 1.759549610451378854e+01 3.354579574875676595e+00
6.007204081073795123e+02 1.708052662057336235e+01 3.347494702826625534e+00
5.955842329421582235e+02 1.656712920826575797e+01 3.339764493744258100e+00
5.906039698855430515e+02 1.605542803519514550e+01 3.331347866865872032e+00
5.857988004734011156e+02 1.554584429276407498e+01 3.322277999589259512e+00
5.811656233451839171e+02 1.503850193672501057e+01 3.312513760053297229e+00
5.767013393773546568e+02 1.453374768056628419e+01 3.302088273724087752e+00
5.723954234206784122e+02 1.403177958714325690e+01 3.291034639468616074e+00
5.682670661431750432e+02 1.353279564507852228e+01 3.279237362122295441e+00
5.642983189729816331e+02 1.303721662889106092e+01 3.266803769569825544e+00
5.605009493483449887e+02 1.254516612430044376e+01 3.253692594797509940e+00
5.568644423654105822e+02 1.205699052273850747e+01 3.239862542460453465e+00
5.534005709802119100e+02 1.157288761397501453e+01 3.225272288442382340e+00
5.500988260077352834e+02 1.109312944687800240e+01 3.210029046419400789e+00
5.469561296226818286e+02 1.061806233975170599e+01 3.194017149905744368e+00
5.439842638077790298e+02 1.014788404022206514e+01 3.177195185822994095e+00
5.411727286980135432e+02 9.682792302659594341e+00 3.159670277563420004e+00
5.385184560736583990e+02 9.222984898592413217e+00 3.141400950544545267e+00
5.360258094479790998e+02 8.768362493074786101e+00 3.122419982285437268e+00
5.336768707488016616e+02 8.319048639519769139e+00 3.102834401981881207e+00
5.314908671971303420e+02 7.875092655913020323e+00 3.082676923084117782e+00
5.294424595243077647e+02 7.436469634917684424e+00 3.061905942888901944e+00
5.275360255370090954e+02 7.003377587845099228e+00 3.040554109147651118e+00
5.257759467706507621e+02 6.575717469928688885e+00 3.018802603184663536e+00
5.241517518346148563e+02 6.153538890938270889e+00 2.996535438512624605e+00
5.226752581999935501e+02 5.737040124566157751e+00 2.973785161494007845e+00
5.213285737746307404e+02 5.326122416565128859e+00 2.950658567503408047e+00
5.201235237218089651e+02 4.920984261671184967e+00 2.927039566602215981e+00
5.190570803649978870e+02 4.521601427722941047e+00 2.903034884259937609e+00
5.181262198839228859e+02 4.128024098029278832e+00 2.878602643571690045e+00
5.173279222992687210e+02 3.740302595934385632e+00 2.853849499023358049e+00
5.166665997966891837e+02 3.358487392586133602e+00 2.828733502263777844e+00
5.161318116388559929e+02 2.982406263891436815e+00 2.803286952423066580e+00
5.157205491681202147e+02 2.612035715181777906e+00 2.777616395953832029e+00
5.154223790471905886e+02 2.247278137546941057e+00 2.751679775996453969e+00
5.152417282405543801e+02 1.888184664872578411e+00 2.725583566295453952e+00
5.151681705339600512e+02 1.534583762548528352e+00 2.699359920632355525e+00
5.151987114958292295e+02 1.186378367395915179e+00 2.672966672802653321e+00
5.153303600283190917e+02 8.434716097841370441e-01 2.646584470639330000e+00
5.155601282597922363e+02 5.054696849516279178e-01 2.620171075049315679e+00
5.158998881295334513e+02 1.722018425762349703e-01 2.593832777616869922e+00
5.163392295131084211e+02 -1.565767424479243275e-01 2.567601550226322527e+00
5.168751734930464181e+02 -4.811849654755783745e-01 2.541435045232956824e+00
5.175121588911401886e+02 -8.017681231205250336e-01 2.515506798327248106e+00
5.182545737826793584e+02 -1.118000616117947432e+00 2.489739733700760738e+00
5.190845102928303731e+02 -1.429531805514697274e+00 2.464198375925965134e+00
5.200063478791038278e+02 -1.735936539660764888e+00 2.438872931142703759e+00
5.210096114269654208e+02 -2.036863717689727071e+00 2.413753570939420445e+00
5.220912561454216529e+02 -2.331887719135552040e+00 2.388830432773120016e+00
5.232482390604517377e+02 -2.620656967685659922e+00 2.364093620431131804e+00
5.244700905081544988e+02 -2.902671077528574006e+00 2.339607488036173688e+00
5.257463423289705133e+02 -3.177800834813726993e+00 2.315362073584409597e+00
5.270962411140782251e+02 -3.445916777149526489e+00 2.291347383031177465e+00
5.284944645505244125e+02 -3.706072072135620843e+00 2.267553390912969036e+00
5.299676898251342436e+02 -3.960290973082131405e+00 2.244118608013101479e+00
5.314905965754501267e+02 -4.206883300890928545e+00 2.221032948049441735e+00
5.330898636521546905e+02 -4.446387121360741546e+00 2.198286295413480307e+00
5.347401720796401605e+02 -4.678597402176786879e+00 2.175942789442216529e+00
5.364607734790778295e+02 -4.904051680021459525e+00 2.153992258216270717e+00
5.382412064420277602e+02 -5.121801552519940515e+00 2.132498786400877755e+00
5.400710098143316600e+02 -5.332384015310470460e+00 2.111452149107789111e+00
5.419545792866945249e+02 -5.535592953881653955e+00 2.090842096295081998e+00
5.438814538913059096e+02 -5.731221975445218497e+00 2.070658353692530707e+00
5.458411726077713411e+02 -5.918321570690385336e+00 2.050964907256518810e+00
5.478381309770568350e+02 -6.098170450592506953e+00 2.031825720645696443e+00
5.498618676220672796e+02 -6.269075697876099085e+00 2.013156169217700242e+00
5.519167775784064816e+02 -6.433058278808695185e+00 1.994945891561043183e+00
5.539998271815477437e+02 -6.588424689455400163e+00 1.977333074042763927e+00
5.561154107133037314e+02 -6.735709632324548224e+00 1.960307317863042131e+00
5.582530653049286684e+02 -6.875447507688145166e+00 1.943783923640145073e+00
5.604246126498561580e+02 -7.007429574911908432e+00 1.927901026519254657e+00
5.626344455714992137e+02 -7.132486752842052802e+00 1.912648179773762003e+00
5.648646712984980240e+02 -7.249815410027876439e+00 1.898089206440130017e+00
5.671345382489610074e+02 -7.359948701135299309e+00 1.884065066447607073e+00
5.694187241659623169e+02 -7.462973759219069692e+00 1.870788125788517497e+00
5.717290479639895011e+02 -7.559051676609205295e+00 1.858173606155998803e+00
5.740550429254993787e+02 -7.648343217834549179e+00 1.846285287127661379e+00
5.763862417544471555e+02 -7.730934532624249123e+00 1.835112656834066103e+00
5.787344616333618887e+02 -7.807060003019303807e+00 1.824645196643517986e+00
5.810892341310233178e+02 -7.876805106089749486e+00 1.814872382349769886e+00
5.834475186147684553e+02 -7.940477828320402054e+00 1.805932252369206958e+00
5.858211306134393226e+02 -7.998385812147313700e+00 1.797665707921382916e+00
5.881996000794715656e+02 -8.050762069693599088e+00 1.790210782247800170e+00
5.905873131533921878e+02 -8.097987830733726966e+00 1.783556940797613066e+00
5.929886554757111981e+02 -8.140221122880769045e+00 1.777619365932430640e+00
5.954080121977544877e+02 -8.177916754069739724e+00 1.772461808637299185e+00
5.978423396399568901e+02 -8.211157759290490077e+00 1.768148022719516543e+00
6.002885936476870938e+02 -8.240472517682194464e+00 1.764667482510381635e+00
6.027511579434502664e+02 -8.266017632906116575e+00 1.761935384068938903e+00
6.052195590738616602e+02 -8.288172200419237967e+00 1.760015496893110321e+00
6.076981798035428710e+02 -8.307314956592906086e+00 1.758897314614885188e+00
6.101839740519468478e+02 -8.323749995226574327e+00 1.758570339704724983e+00
6.126738952253687103e+02 -8.337706767970111343e+00 1.759098368174948135e+00
6.151642507287909893e+02 -8.349570580725510283e+00 1.760404090054377590e+00
6.176561938940218397e+02 -8.359459829062057423e+00 1.762588573944279924e+00
6.201428036323754895e+02 -8.367277348283291616e+00 1.765611784858407196e+00
6.226245865538832049e+02 -8.373297038566340333e+00 1.769656553148980738e+00
6.251094769150759021e+02 -8.377495316068838349e+00 1.774608591184115181e+00
6.275831231584481884e+02 -8.379922533533378015e+00 1.780576479058785688e+00
6.300534579470963763e+02 -8.380628700341773651e+00 1.787609388477519934e+00
6.325135563393422444e+02 -8.379737770039126232e+00 1.795741654046824287e+00
6.349564924079718367e+02 -8.377299077812631722e+00 1.804992774464642791e+00
6.373976242028057868e+02 -8.373435912438434769e+00 1.815389698759310333e+00
6.398151668538588410e+02 -8.368122671167348869e+00 1.826951970775801959e+00
6.422244759726894472e+02 -8.361481999570472112e+00 1.839699158711112226e+00
6.446111923930884586e+02 -8.353636230801923190e+00 1.853665712998118664e+00
6.469758121600723371e+02 -8.344558825280550707e+00 1.868871254086247991e+00
6.493188297119512526e+02 -8.334371511791387022e+00 1.885328001971159351e+00
6.516407377585454697e+02 -8.323270011462986062e+00 1.903063062422489793e+00
6.539345988054199097e+02 -8.311226911607745294e+00 1.922081286407157474e+00
6.561934733755527986e+02 -8.298437374938490763e+00 1.942409841362277900e+00
6.584252765788839952e+02 -8.285022014090621667e+00 1.964053642261304633e+00
6.606156362284773422e+02 -8.271026900463057885e+00 1.987025066179195720e+00
6.627724628085527456e+02 -8.256646423852769701e+00 2.011343953451712796e+00
6.648888075896596774e+02 -8.241926167834273897e+00 2.037015323778941234e+00
6.669577191962797542e+02 -8.226985769895001965e+00 2.064044234074129847e+00
6.689945285261535446e+02 -8.212018931276720224e+00 2.092420922905562808e+00
6.709848501693694516e+02 -8.197070576498454386e+00 2.122143096681689656e+00
6.729440090842467725e+02 -8.182259714058128353e+00 2.153201074077203625e+00
6.748650420232870601e+02 -8.167705163263395463e+00 2.185592643851307137e+00
6.767484108164376266e+02 -8.153599848181926291e+00 2.219315637604803548e+00
6.785945739083938406e+02 -8.139913674169781288e+00 2.254353074176444593e+00
6.804114146023783860e+02 -8.126987806496959621e+00 2.290688017427939815e+00
6.821845275592945654e+02 -8.114866129475007739e+00 2.328318434016189098e+00
6.839292171568739604e+02 -8.103889525150234974e+00 2.367212624349142924e+00
6.856384989531110250e+02 -8.094027332456995794e+00 2.407353793729305913e+00
6.873053846605063200e+02 -8.085620192902018388e+00 2.448725196679196081e+00
6.889451671290589729e+02 -8.078711509666804957e+00 2.491317566299186659e+00
6.905434218359009719e+02 -8.073641726201962854e+00 2.535099401855757328e+00
6.921154336381474650e+02 -8.070379785213788182e+00 2.580039254801159032e+00
6.936541982817234384e+02 -8.069117407114996254e+00 2.626113158071255782e+00
6.951675641231042846e+02 -8.070046249858425114e+00 2.673274913609683612e+00
6.966410903585972392e+02 -8.073209352174247400e+00 2.721493235020274515e+00
6.980974738169604734e+02 -8.078723994212966275e+00 2.770744320093244450e+00
6.995296938078427047e+02 -8.086781707568544419e+00 2.820982138254351845e+00
7.009307255334521187e+02 -8.097447719728318560e+00 2.872168144788545430e+00
7.023158251598021025e+02 -8.110831815916965226e+00 2.924263853284525538e+00
7.036853880955487739e+02 -8.126991780212545535e+00 2.977201122998074823e+00
7.050323773816387529e+02 -8.145992831900464637e+00 3.030949014738654412e+00
7.063646087904065780e+02 -8.167915063261345310e+00 3.085439508068077430e+00
7.076824658317112835e+02 -8.192808878797533723e+00 3.140560073625548565e+00
7.089863281681447233e+02 -8.220764088115039669e+00 3.196421094364700011e+00
7.102765716875397857e+02 -8.251839345725020536e+00 3.252761598140924360e+00
7.115677990505129173e+02 -8.286162647695105576e+00 3.309707695217898760e+00
7.128423909775012817e+02 -8.323995096234554580e+00 3.367150833024745715e+00
7.141118118396717591e+02 -8.365633725397506382e+00 3.425146691915676556e+00
7.153800942367413427e+02 -8.411360792265819342e+00 3.483751016704979442e+00
7.166364107477000971e+02 -8.461480927504648974e+00 3.542945333582904865e+00
7.178773590861496814e+02 -8.516291430737673807e+00 3.602785517500498802e+00
7.191218189082728713e+02 -8.576015424156606670e+00 3.663253225505631594e+00
7.203515251204390779e+02 -8.640980141688196170e+00 3.724404464049588359e+00
7.215704947922004067e+02 -8.711282662006922806e+00 3.786221022243953627e+00
7.227753138669351074e+02 -8.787168763198405230e+00 3.848759039087562783e+00
7.239774223241581694e+02 -8.868884364595011505e+00 3.911926153140737661e+00
7.251585441887937122e+02 -8.956452685161776728e+00 3.975852920179306693e+00
7.263301144424597169e+02 -9.050268520474848088e+00 4.040447112280492803e+00
7.274961373793598796e+02 -9.150429700233846830e+00 4.105765135396068466e+00
7.286383300101565510e+02 -9.257034231393662438e+00 4.171789178864634628e+00
7.297681206147351531e+02 -9.370180307382444340e+00 4.238575782396232228e+00
7.308895070880616913e+02 -9.490114884428981767e+00 4.305958702001425387e+00
7.319916286826468195e+02 -9.616862273483764767e+00 4.374068894407557195e+00
7.330784794974147189e+02 -9.750521283779113091e+00 4.442888815902503730e+00
7.341466235095895172e+02 -9.891190948996996468e+00 4.512326705655674175e+00
7.352000513522689289e+02 -1.003904482056444714e+01 4.582439436004632327e+00
7.362427520354156059e+02 -1.019395956005679515e+01 4.653135378184312110e+00
7.372712846608036443e+02 -1.035610921725506195e+01 4.724471536036949360e+00
7.382822068312852934e+02 -1.052537097228177387e+01 4.796430695165764924e+00
7.392943597542878251e+02 -1.070169656338300790e+01 4.868921422556736545e+00
7.402894414862807935e+02 -1.088511229730468166e+01 4.942000916669869959e+00
7.412862904755138516e+02 -1.107564477626462818e+01 5.015577872974194662e+00
7.422740304438908652e+02 -1.127332090851528257e+01 5.089635333962527319e+00
7.432566405166434151e+02 -1.147794506847451856e+01 5.164230688620714105e+00
7.442380985443086274e+02 -1.168954480844126564e+01 5.239198537849390824e+00
7.452223811197857231e+02 -1.190814801883515628e+01 5.314596394873403185e+00
7.462060352400853844e+02 -1.213370865547101296e+01 5.390333267086355740e+00
7.471856066639120399e+02 -1.236610675034712692e+01 5.466392505878522101e+00
7.481724966152795560e+02 -1.260537127293272697e+01 5.542831805920469534e+00
7.491632483819076924e+02 -1.285138300690861435e+01 5.619411786897278382e+00
7.501544040119190413e+02 -1.310409741137411999e+01 5.696264544241436134e+00
7.511499326576619069e+02 -1.336324749746228946e+01 5.773299380287137517e+00
7.521612305672484808e+02 -1.362871525637977577e+01 5.850425653915458213e+00
7.531699793234257641e+02 -1.390030881930444018e+01 5.927627063158522169e+00
7.541950009851664163e+02 -1.417791103464847779e+01 6.004887360762602988e+00
7.552328312748823009e+02 -1.446125662763700781e+01 6.082116069715135964e+00
7.562800046189070144e+02 -1.475030362770930381e+01 6.159297049243198430e+00
7.573404824886688402e+02 -1.504471339366765115e+01 6.236339926765854358e+00
7.584107966929404938e+02 -1.534422204060874506e+01 6.313228663820806830e+00
7.595023344238222762e+02 -1.564856616556815361e+01 6.389872987944848148e+00
7.606116248540749893e+02 -1.595748285637144015e+01 6.466256958528190601e+00
7.617351958396632199e+02 -1.627078398366838741e+01 6.542290398623099357e+00
7.628770022763338829e+02 -1.658805907511322530e+01 6.617883177223795599e+00
7.640409977605344238e+02 -1.690912102420672269e+01 6.693093775013022828e+00
7.652237062556689580e+02 -1.723356039672504991e+01 6.767757865554832719e+00
7.664364636064478873e+02 -1.756106655896824975e+01 6.841867030986899856e+00
7.676607167897717545e+02 -1.789164821297750763e+01 6.915367808676245787e+00
7.689224381285993104e+02 -1.822563572463361581e+01 6.988288358292432889e+00
7.702030286898091163e+02 -1.856313715767885952e+01 7.060582593854646483e+00
7.715061734857957845e+02 -1.890433541300053122e+01 7.132204465760819012e+00
7.728429848307537213e+02 -1.924933966642582917e+01 7.203182242781235978e+00
7.742022890040490211e+02 -1.959840822354676249e+01 7.273544227011924157e+00
7.755951964237758602e+02 -1.995157710603513124e+01 7.343170185290969876e+00
7.770253883255439860e+02 -2.030888290548271513e+01 7.412088481594739875e+00
7.784742601494630208e+02 -2.067051135324057043e+01 7.480253224882726037e+00
7.799677767874946994e+02 -2.103657447224619403e+01 7.547544267415790209e+00
7.814873324830272168e+02 -2.140718486236146845e+01 7.614064337051397402e+00
7.830366060929720788e+02 -2.178238141820892793e+01 7.679767617983371153e+00
7.846341328543685449e+02 -2.216212933001787988e+01 7.744608315966854839e+00
7.862538777059324957e+02 -2.254639436748638914e+01 7.808540656507013011e+00
7.879218039711876145e+02 -2.293499431265694000e+01 7.871593166519403439e+00
7.896267332912531174e+02 -2.332797037683979013e+01 7.933794388955192289e+00
7.913723442178335290e+02 -2.372514149855001264e+01 7.995172880900295098e+00
7.931548873086508138e+02 -2.412647575952515311e+01 8.055534361138507293e+00
7.949780419785280401e+02 -2.453186753228962047e+01 8.115055976215222344e+00
7.968529166537957735e+02 -2.494128604481285549e+01 8.173692030435278255e+00
7.987683355289184419e+02 -2.535455252725163078e+01 8.231248267358447279e+00
8.007205521277066964e+02 -2.577156305932075853e+01 8.287901852286452709e+00
8.027206778157170675e+02 -2.619228856678662609e+01 8.343532818687728891e+00
8.047649685626741984e+02 -2.661662625060382936e+01 8.398169767138796260e+00
8.068571101572453017e+02 -2.704439958272295286e+01 8.451692729221280231e+00
8.089859333202346079e+02 -2.747558115209055885e+01 8.504130299421030159e+00
8.111699839692778369e+02 -2.790999552583456733e+01 8.555436782493337944e+00
8.133906682283618466e+02 -2.834731924418108662e+01 8.605640758325771245e+00
8.156591077397689560e+02 -2.878737794912075998e+01 8.654770796280580214e+00
8.179715697195474604e+02 -2.922999781181750478e+01 8.702632602520429472e+00
8.203243238116494922e+02 -2.967485695979177507e+01 8.749403285852112688e+00
8.227284989381330433e+02 -3.012185688841250908e+01 8.794962804019618829e+00
8.251729416931229935e+02 -3.057067675366871029e+01 8.839265379026056024e+00
8.276613582342523614e+02 -3.102102592968630645e+01 8.882413778441147656e+00
8.301974577168422229e+02 -3.147263657382221069e+01 8.924287895691255912e+00
8.327775240723728984e+02 -3.192519676480475610e+01 8.964990448875852280e+00
8.353978444811008330e+02 -3.237839506598817962e+01 9.004401277555317051e+00
8.380621378379516955e+02 -3.283194280342647176e+01 9.042623041571475895e+00
8.407666981606499803e+02 -3.328553097434437547e+01 9.079535517842629133e+00
8.435152513915704731e+02 -3.373884509662683939e+01 9.115241299195592006e+00
8.462966704408623855e+02 -3.419150577469864061e+01 9.149620091175203029e+00
8.491295453742026211e+02 -3.464312811890510346e+01 9.182774410894547046e+00
8.519878999888313729e+02 -3.509331430964056153e+01 9.214658167368845909e+00
8.548903320873307621e+02 -3.554168181745972532e+01 9.245150942878105127e+00
8.578331583884148586e+02 -3.598784853865907252e+01 9.274355124852087684e+00
8.608052712827976620e+02 -3.643135107560607366e+01 9.302224486249437874e+00
8.638104239317526662e+02 -3.687193443447826979e+01 9.328712750472538673e+00
8.668449452567966773e+02 -3.730898746261647858e+01 9.353922156302049373e+00
8.699200250237006458e+02 -3.774219653520656692e+01 9.377806321837429238e+00
8.730176311737826609e+02 -3.817109170124116702e+01 9.400458036574857346e+00
8.761439705147162158e+02 -3.859554222535966517e+01 9.421858389180673754e+00
8.793057414639911258e+02 -3.901555816310890634e+01 9.441979068731852109e+00
8.825022182998657172e+02 -3.943107564653092112e+01 9.460791702669586911e+00
8.857401078640423293e+02 -3.984203115884043456e+01 9.478193571372489856e+00
8.890038361578172044e+02 -4.024821295842746594e+01 9.494304740270788301e+00
8.923075467864271104e+02 -4.064970677070020599e+01 9.509022356964889511e+00
8.956505308460723427e+02 -4.104622722719899741e+01 9.522317783399730118e+00
8.990320836093648040e+02 -4.143778640755110132e+01 9.534088027054936632e+00
9.024515045072164412e+02 -4.182424812867144936e+01 9.544378589679993752e+00
9.059080971081724556e+02 -4.220547650175412713e+01 9.553086331544694332e+00
9.094085974459698036e+02 -4.258141020552003653e+01 9.560182320240553366e+00
9.129448889445721989e+02 -4.295183962520097509e+01 9.565711829009176270e+00
9.165237157939467352e+02 -4.331662969227377857e+01 9.569571484597751976e+00
9.201443978735718474e+02 -4.367571987341092665e+01 9.571806399667668330e+00
9.237988307266539323e+02 -4.402897559214014223e+01 9.572387320721279735e+00
9.274937705855126069e+02 -4.437618821721332552e+01 9.571359193577672286e+00
9.312359776465631285e+02 -4.471722361767707099e+01 9.568618311372937058e+00
9.350099309963092082e+02 -4.505202215062686122e+01 9.564135163612233370e+00
9.388298270414575200e+02 -4.538037579813703104e+01 9.558028718254830025e+00
9.426875810375059928e+02 -4.570215100488398718e+01 9.550269286324443385e+00
9.465825404723522070e+02 -4.601728866493700565e+01 9.540752804070478987e+00
9.505140567011861776e+02 -4.632550697421235952e+01 9.529597965675321802e+00
9.544814849343882770e+02 -4.662682140112788431e+01 9.516774804478163929e+00
9.584916125786143084e+02 -4.692095040439434683e+01 9.502253258755800402e+00
9.625363741799494619e+02 -4.720776111951914089e+01 9.486077454040334089e+00
9.666151364717208025e+02 -4.748719506047424943e+01 9.468291418472061238e+00
9.707198416742644440e+02 -4.775889668704236612e+01 9.448790514690248443e+00
9.748647208993919548e+02 -4.802273337388896124e+01 9.427618572779531192e+00
9.790417240555086664e+02 -4.827857254431511791e+01 9.404819322242625290e+00
9.832428049080457413e+02 -4.852605880372694713e+01 9.380287824014514442e+00
9.874673494423120701e+02 -4.876513390785981983e+01 9.354141887036330871e+00
9.917221758788487023e+02 -4.899551676171133607e+01 9.326276366344112390e+00
9.960066779908020180e+02 -4.921722338726900148e+01 9.296808863230637598e+00
1.000305396773824668e+03 -4.943012120548244326e+01 9.265856873928633775e+00
1.004625162219450203e+03 -4.963370616853835315e+01 9.233389221840392125e+00
1.008965379937865350e+03 -4.982873697951308856e+01 9.199597474329888058e+00
1.013325459533231879e+03 -5.001508085323374786e+01 9.164375957530536354e+00
1.017704814629665066e+03 -5.019186206557446894e+01 9.127916023736561968e+00
1.022095434547468017e+03 -5.035894760567826012e+01 9.090334633308991386e+00
1.026496741030191515e+03 -5.051694715803274960e+01 9.051525787136968759e+00
1.030908159920579692e+03 -5.066572741442399064e+01 9.011606227167741068e+00
1.035329121185943222e+03 -5.080515489091800418e+01 8.970618301961120977e+00
1.039751630592001447e+03 -5.093435307476973151e+01 8.928678533309474474e+00
1.044182554775969948e+03 -5.105393091143479722e+01 8.885754765396573163e+00
1.048599051165180981e+03 -5.116301144643418297e+01 8.841814731521264292e+00
1.053022851497023339e+03 -5.126220314747197904e+01 8.797123187879499540e+00
1.057431121630239204e+03 -5.135062854643104657e+01 8.751573361868119960e+00
1.061838173408394596e+03 -5.142889556167136078e+01 8.705281219986771291e+00
1.066228609514332447e+03 -5.149686897527986673e+01 8.658362617268325678e+00
1.070602404607912604e+03 -5.155438559053816050e+01 8.610841894496644500e+00
1.074954153374586440e+03 -5.160117123447319187e+01 8.562674803936676682e+00
1.079293822466607253e+03 -5.163766655582210063e+01 8.513948434279406285e+00
1.083623954405138875e+03 -5.166208332802262504e+01 8.464526912578554274e+00
1.087924810860760090e+03 -5.167560427768203368e+01 8.414497105501217433e+00
1.092221227780649542e+03 -5.167718322294979316e+01 8.363797202113213203e+00
1.096493475154220732e+03 -5.166725923246212915e+01 8.312513848250389970e+00
1.100744112127508970e+03 -5.164627093939925118e+01 8.260436445929233429e+00
1.104983130258165147e+03 -5.161242802081984848e+01 8.207799988862561236e+00
1.109198240063187541e+03 -5.156691102756169443e+01 8.154467944488649422e+00
1.113392012712068663e+03 -5.150941435914438671e+01 8.100452239112021502e+00
1.117574451611585118e+03 -5.143888908418565364e+01 8.045764691588948025e+00
1.121725850582737849e+03 -5.135577143121379606e+01 7.990342730583622100e+00
1.125856220584151060e+03 -5.125975426968469151e+01 7.934272245902403320e+00
1.129968147875526029e+03 -5.115127276648345145e+01 7.877490455379808409e+00
1.134049365575536058e+03 -5.103001870269024209e+01 7.819934472848403040e+00
1.138102466964594441e+03 -5.089494046076326583e+01 7.761615592675891406e+00
1.142130048679960964e+03 -5.074647151716497007e+01 7.702545007366764729e+00
1.146127282255180944e+03 -5.058430192520685864e+01 7.642808092238605688e+00
1.150096770704658184e+03 -5.040960680841141794e+01 7.582341556158185725e+00
1.154033691701919224e+03 -5.022133217403869310e+01 7.521304860366919698e+00
1.157940654153920377e+03 -5.001990907722402824e+01 7.459634518848091922e+00
1.161820269720026772e+03 -4.980576794029677501e+01 7.397489800793057846e+00
1.165667724326809548e+03 -4.957859570747476141e+01 7.334881314608078462e+00
1.169485634729827780e+03 -4.933807866995264391e+01 7.271819576506788785e+00
1.173269191671093949e+03 -4.908538812635182325e+01 7.208315012164396407e+00
1.177021016434660169e+03 -4.881946619832364576e+01 7.144452241940692616e+00
1.180743732349046240e+03 -4.854148283174814082e+01 7.080167232158691704e+00
1.184417679587229713e+03 -4.824963594291799751e+01 7.015618714466925532e+00
1.188060341817917788e+03 -4.794583692542483533e+01 6.950668203235356835e+00
1.191666919251819536e+03 -4.762976796191217232e+01 6.885474265550360684e+00
1.195225185189899094e+03 -4.730036768636134070e+01 6.819972538732802292e+00
1.198745199272063246e+03 -4.695880251670048011e+01 6.754321433447508127e+00
1.202222165573990196e+03 -4.660400963742692682e+01 6.688382151337783910e+00
1.205643860806285147e+03 -4.623789683780998416e+01 6.622387238755805150e+00
1.209027775915887105e+03 -4.585939982496437750e+01 6.556346321004378197e+00
1.212354260785631368e+03 -4.546893922751166173e+01 6.490194671656315251e+00
1.215633379240341810e+03 -4.506693491927231321e+01 6.424090348929031080e+00
1.218860338801565831e+03 -4.465306317820603255e+01 6.358042780585251741e+00
1.222030347247022974e+03 -4.422699951561973819e+01 6.292135616900234041e+00
1.225138612472572277e+03 -4.379064717563773002e+01 6.226452449663437250e+00
1.228187770707712616e+03 -4.334368011965478473e+01 6.161002531222731449e+00
1.231180458034102003e+03 -4.288577152621882504e+01 6.095869344076351837e+00
1.234104453557546094e+03 -4.241733662106607738e+01 6.031136319995535899e+00
1.236962392685373743e+03 -4.193878983730745347e+01 5.966886842685794612e+00
1.239749481956078853e+03 -4.145128764586565495e+01 5.903129966979561161e+00
1.242468355624323522e+03 -4.095375721098989885e+01 5.839948988568028021e+00
1.245114218849110102e+03 -4.044735339622468473e+01 5.777352879752666759e+00
1.247689704287145105e+03 -3.993248742033659937e+01 5.715424859234188304e+00
1.250190015289380881e+03 -3.940956968857801712e+01 5.654248111419414968e+00
1.252610443067241022e+03 -3.887817773034434055e+01 5.593823791278660806e+00
1.254946633342251516e+03 -3.833827419458116736e+01 5.534196450786478039e+00
1.257209176211281601e+03 -3.779121735304727991e+01 5.475328618207991660e+00
1.259393803743688295e+03 -3.723539331109455475e+01 5.417257082467037854e+00
1.261496246598369453e+03 -3.667141585024902639e+01 5.360092896052064404e+00
1.263512233943737101e+03 -3.609915508577881837e+01 5.303798527428111420e+00
1.265459778431618815e+03 -3.551848029966037501e+01 5.248484997978084543e+00
1.267327177671603977e+03 -3.493074560885502677e+01 5.194040467431748631e+00
1.269117584261298362e+03 -3.433433295368443794e+01 5.140650221333245007e+00
1.270826720666719893e+03 -3.372985194184261815e+01 5.088276689480451864e+00
1.272457735856011595e+03 -3.311716850745942509e+01 5.036956582897547108e+00
1.274006348533930122e+03 -3.249614774562922292e+01 4.986652329796608107e+00
1.275475703778774687e+03 -3.186739674729493288e+01 4.937400645552170175e+00
1.276854087929176558e+03 -3.122929325937708711e+01 4.889163968667243232e+00
1.278144641923434165e+03 -3.058318553056290057e+01 4.842053314252524387e+00
1.279350504537793540e+03 -2.992819246714533321e+01 4.796031142987402518e+00
1.280459955624858821e+03 -2.926417497455199523e+01 4.750985647592155026e+00
1.281483557803560871e+03 -2.859099312417847472e+01 4.707102173307577075e+00
1.282402157945614590e+03 -2.790999182573990822e+01 4.664417519843994775e+00
1.283233742265169440e+03 -2.722102948993039107e+01 4.622894227843826975e+00
1.283966581102869895e+03 -2.652396370170251672e+01 4.582569148841954210e+00
1.284596370612042165e+03 -2.581865122398017931e+01 4.543553448216023583e+00
1.285133661042276344e+03 -2.510643367191631725e+01 4.505809757623322476e+00
1.285566714919656306e+03 -2.438716617750652205e+01 4.469375028446428644e+00
1.285898648727441696e+03 -2.366070306486857788e+01 4.434286251222166797e+00
1.286140004483017947e+03 -2.292838352604716334e+01 4.400580458565834796e+00
1.286286464611959218e+03 -2.218931745217638252e+01 4.368220444585563911e+00
1.286341136921078260e+03 -2.144484245045758897e+01 4.337243334796096583e+00
1.286307126167867636e+03 -2.069406684138250796e+01 4.307612022014461139e+00
1.286180105627261582e+03 -1.993906951183161169e+01 4.279438019759629341e+00
1.285970602056681173e+03 -1.917895724335085461e+01 4.252610047623121226e+00
1.285666853856365833e+03 -1.841432173133348726e+01 4.227165451655644723e+00
1.285279381079750692e+03 -1.764426825450762237e+01 4.203141640226373710e+00
1.284796415238211694e+03 -1.687012986020377880e+01 4.180501803374930603e+00
1.284221040956010711e+03 -1.609101036490014636e+01 4.159209199157977821e+00
1.283541482470548544e+03 -1.530675570556705090e+01 4.139301439984981457e+00
1.282768245282588168e+03 -1.451869678648083273e+01 4.120741928435082357e+00
1.281896974301864475e+03 -1.372519248140081238e+01 4.103568427072175950e+00
1.280915882092280754e+03 -1.292831516165175110e+01 4.087818777739958165e+00
1.279842890516428042e+03 -1.212716519427822881e+01 4.073456620843759701e+00
1.278666203825421007e+03 -1.132455647116038122e+01 4.060594248628347280e+00
1.277396307001332843e+03 -1.051958807315526201e+01 4.049269757426126937e+00
1.276028823895766436e+03 -9.713586965175792898e+00 4.039521333899291022e+00
1.274566802169880475e+03 -8.907136671444293441e+00 4.031312974260394810e+00
1.273005856482951913e+03 -8.101562961355321946e+00 4.024757337484881070e+00
1.271356453432303397e+03 -7.295962525632917028e+00 4.019744330484477324e+00
1.269621626392229928e+03 -6.491660003165146797e+00 4.016238244782618594e+00
1.267796975404501836e+03 -5.688493822973998526e+00 4.014203475655366837e+00
1.265892952120845621e+03 -4.887044726777247661e+00 4.013604524751276159e+00
1.263905146295260920e+03 -4.086407281773765554e+00 4.014406002686238928e+00
1.261836226326819542e+03 -3.288583484177199256e+00 4.016507849102329608e+00
1.259694905947593043e+03 -2.492349823073224613e+00 4.019848121690388965e+00
1.257467263931685920e+03 -1.697904583922189348e+00 4.024671629727113675e+00
1.255161658503380522e+03 -9.061884575192897806e-01 4.030851884034174049e+00
1.252764157142484464e+03 -1.159132193213590067e-01 4.038633934443494056e+00
1.250268249895961389e+03 6.712384057003631943e-01 4.047965820677428717e+00
1.247674849292671752e+03 1.457298238377878530e+00 4.058944275726880768e+00
1.244984861912301085e+03 2.239841439955172042e+00 4.071666161167245335e+00
1.242191759959016281e+03 3.020157677060014034e+00 4.086154185931994753e+00
1.239296437890893458e+03 3.798051256058955438e+00 4.102431192044028840e+00
1.236299784003872901e+03 4.572435370461917614e+00 4.120520156794539091e+00
1.233217537071978541e+03 5.343189167743969570e+00 4.140295627864258421e+00
1.230043144541527454e+03 6.109894908956928994e+00 4.161855142906616400e+00
1.226784904233760471e+03 6.872209365310564699e+00 4.185147814047796011e+00
1.223451107601819103e+03 7.629789513672424306e+00 4.210122896843245144e+00
1.220042611344202442e+03 8.382292515522426157e+00 4.236878359170419550e+00
1.216552837374816136e+03 9.129747113390214608e+00 4.265363749039765118e+00
1.212982629499954328e+03 9.872479326265226618e+00 4.295603046853877949e+00
1.209325396700765623e+03 1.061059244399583079e+01 4.327546100081994140e+00
1.205574541472982446e+03 1.134418985673381819e+01 4.361365758874473642e+00
1.201723459822917903e+03 1.207344931740909466e+01 4.396937893072220049e+00
1.197772969620203185e+03 1.279862292075161179e+01 4.434361378171024271e+00
1.193716453906208017e+03 1.351973994836657944e+01 4.473586679172948166e+00
1.189562145960072939e+03 1.423630971388543465e+01 4.514638702372730350e+00
1.185318272619736490e+03 1.494769295972722745e+01 4.557468229544078042e+00
1.180985625959339131e+03 1.565325040345130603e+01 4.602100486046222017e+00
1.176572420023343739e+03 1.635234271721390797e+01 4.648412291326092571e+00
1.172079434165446173e+03 1.704447907434778031e+01 4.696429193844162242e+00
1.167522298144335764e+03 1.772894571155138621e+01 4.746102621387207954e+00
1.162901778773087017e+03 1.840525160973937346e+01 4.797458448796121822e+00
1.158218636675194375e+03 1.907357417503440189e+01 4.850374148082419623e+00
1.153466197994760478e+03 1.973394210036322960e+01 4.904875922962157908e+00
1.148637782811817488e+03 2.038668104674759363e+01 4.960990142273386638e+00
1.143741561912255975e+03 2.103196792272148841e+01 5.018669056793845229e+00
1.138763415110081951e+03 2.166990514842632365e+01 5.077865082960635768e+00
1.133696644725698661e+03 2.230081777037662505e+01 5.138605086486191631e+00
1.128549404016915787e+03 2.292465917436129885e+01 5.200841815362641007e+00
1.123329840562384106e+03 2.354123391703959456e+01 5.264528183269587380e+00
1.118023811297636712e+03 2.414997485669033495e+01 5.329542985872646632e+00
1.112661737756692901e+03 2.475053740265733992e+01 5.395839467525444633e+00
1.107236894310899970e+03 2.534235379592886517e+01 5.463296753858195132e+00
1.101757406714222725e+03 2.592507879191524367e+01 5.531868418273461430e+00
1.096223967147669782e+03 2.649821822486676837e+01 5.601433914329691177e+00
1.090659547716822090e+03 2.706135184047784037e+01 5.671872858531422423e+00
1.085042545397171125e+03 2.761450469566098676e+01 5.743213596522176445e+00
1.079388493985248715e+03 2.815750087449965378e+01 5.815410351666423061e+00
1.073683209045280819e+03 2.869041660019906459e+01 5.888491791047371748e+00
1.067934786460113401e+03 2.921318651526744503e+01 5.962338173857157919e+00
1.062136460779179060e+03 2.972579531585345691e+01 6.036978484211566354e+00
1.056281462018029515e+03 3.022821087964927855e+01 6.112367579356022596e+00
1.050384898365765366e+03 3.072040317080806915e+01 6.188552063250899238e+00
1.044437978855709616e+03 3.120230441987876446e+01 6.265350791463901281e+00
1.038446362539874599e+03 3.167383405403122865e+01 6.342822930275104021e+00
1.032408275976601089e+03 3.213491095806598707e+01 6.420879229581582415e+00
1.026344226726958368e+03 3.258545345820632377e+01 6.499504871698701614e+00
1.020237576647002129e+03 3.302541644778323615e+01 6.578685186075050595e+00
1.014108825483301985e+03 3.345470965945644082e+01 6.658257080431532415e+00
1.007956184162665636e+03 3.387316793602590792e+01 6.738354739849707009e+00
1.001777859933259151e+03 3.428040264777775548e+01 6.818889640259796714e+00
9.955720564535862422e+02 3.467602452748026565e+01 6.899996247396108728e+00
9.893444022303224301e+02 3.505956937150784825e+01 6.981660597162698600e+00
9.830856656537528124e+02 3.543057230810850200e+01 7.063868860457215959e+00
9.768088968338464610e+02 3.578864206581062035e+01 7.146830191440373348e+00
9.705048575822543171e+02 3.613323810796119773e+01 7.230456740726522114e+00
9.641717348955457965e+02 3.646411631892956251e+01 7.314809354055384460e+00
9.578225693865111907e+02 3.678132898944254237e+01 7.399874719392428801e+00
9.514406852626252658e+02 3.708529908557152055e+01 7.485639647992849532e+00
9.450316888567707565e+02 3.737607739934582440e+01 7.572016788416653377e+00
9.386011836546059612e+02 3.765408536957446017e+01 7.658993191009372481e+00
9.321399136714532005e+02 3.791944651628447360e+01 7.746630305338031874e+00
9.256534769300985772e+02 3.817250641136919853e+01 7.834766843579519247e+00
9.191474688366694181e+02 3.841346124738379331e+01 7.923390195395413116e+00
9.126126255562409142e+02 3.864213497353021154e+01 8.012413574752505596e+00
9.060619658400991057e+02 3.885849926686038458e+01 8.101898867725564557e+00
8.994936493505859971e+02 3.906230210165141870e+01 8.191759495750995157e+00
8.929132617882004297e+02 3.925351343752022615e+01 8.281908979865193032e+00
8.863189582678977558e+02 3.943180522222819206e+01 8.372260937908411194e+00
8.797311767975166958e+02 3.959721993075957158e+01 8.462803365202407946e+00
8.731332115540176346e+02 3.974950200160048297e+01 8.553524348195095328e+00
8.665380681149694055e+02 3.988861780931632239e+01 8.644337778077549217e+00
8.599364650872142875e+02 4.001445851887314120e+01 8.735231914880888127e+00
8.533414042901348466e+02 4.012698864125951559e+01 8.826269384541058471e+00
8.467436007374450355e+02 4.022602317189596022e+01 8.917290041925873822e+00
8.401411961231743817e+02 4.031159899737910024e+01 9.008430952361965893e+00
8.335397589084950596e+02 4.038352918402910063e+01 9.099606404098610213e+00
8.269374277100403106e+02 4.044184866881357721e+01 9.190730755767729576e+00
8.203323397411085125e+02 4.048681424961937125e+01 9.281867000312079341e+00
8.137374876053694379e+02 4.051875600889930951e+01 9.372929627868208158e+00
8.071361492909396702e+02 4.053815158822324349e+01 9.463758906130870230e+00
8.005487434206842181e+02 4.054518047872593201e+01 9.554418011192773008e+00
7.939659742005690077e+02 4.054031828102171886e+01 9.644821606828644533e+00
7.873934016243996439e+02 4.052381671303126609e+01 9.734884408262555411e+00
7.808291565289906657e+02 4.049607502030542605e+01 9.824595462397178736e+00
7.742862257535725803e+02 4.045734283531152897e+01 9.913721010493910413e+00
7.677478821496914634e+02 4.040779445473489062e+01 1.000239875284507818e+01
7.612345398476315950e+02 4.034782596780741670e+01 1.009039501036202680e+01
7.547368992210883789e+02 4.027760955014856847e+01 1.017769898916801097e+01
7.482605171083200730e+02 4.019739059318515473e+01 1.026422564311958929e+01
7.418109502339925712e+02 4.010748770013134390e+01 1.034981567029578464e+01
7.353863269839018812e+02 4.000806983204762446e+01 1.043453264345356146e+01
7.289846731885593272e+02 3.989937832321822953e+01 1.051815120182642893e+01
7.226184608711010924e+02 3.978135296452920500e+01 1.060077585524463117e+01
7.162852030612227736e+02 3.965370878227835760e+01 1.068237073968713347e+01
7.099824133244544555e+02 3.951638257054547410e+01 1.076290000063680274e+01
7.037150342490931507e+02 3.936916147339204741e+01 1.084232778929890983e+01
6.974805808843243540e+02 3.921183155224519368e+01 1.092076682577831548e+01
6.912914259313700995e+02 3.904425207045557755e+01 1.099803269419037122e+01
6.851376581342376539e+02 3.886642977854061343e+01 1.107416382325838100e+01
6.790242241743720797e+02 3.867829606611111615e+01 1.114927291534339560e+01
6.729486437645099386e+02 3.847985553200998510e+01 1.122324980842436659e+01
6.669158664947780153e+02 3.827111170464836221e+01 1.129605860605494527e+01
6.609308436288038138e+02 3.805206704655290650e+01 1.136773767326811679e+01
6.549910999003686811e+02 3.782272295962412301e+01 1.143832534893784825e+01
6.490941620108570760e+02 3.758300550760413472e+01 1.150771137459937776e+01
6.432375587765135379e+02 3.733298827326572678e+01 1.157593402424811124e+01
6.374336779760083118e+02 3.707274379879815740e+01 1.164303153308919114e+01
6.316726247458112766e+02 3.680219502689843836e+01 1.170881924275298935e+01
6.259519351271153482e+02 3.652156101058294979e+01 1.177340958150701233e+01
6.202840045610631705e+02 3.623076265465734735e+01 1.183669207540730994e+01
6.146663746315163053e+02 3.592986842690682892e+01 1.189870476145784117e+01
6.090891615576183540e+02 3.561894580194129389e+01 1.195933704922893170e+01
6.035647697353998637e+02 3.529828412321674591e+01 1.201862685048140555e+01
5.980981784754300179e+02 3.496802319768750067e+01 1.207661200776521682e+01
5.926720854387772306e+02 3.462845044261698035e+01 1.213325600651478275e+01
5.873063335730422523e+02 3.427977804849135879e+01 1.218844797064531882e+01
5.819910560914885309e+02 3.392236584355138973e+01 1.224229979216249653e+01
5.767312467030560583e+02 3.355634989088873255e+01 1.229470042575534272e+01
5.715319030372925226e+02 3.318201392113176240e+01 1.234576158543239544e+01
5.663905984162686309e+02 3.279956649765524901e+01 1.239537203914617258e+01
5.613049103235314305e+02 3.240914103281898662e+01 1.244349473846644472e+01
5.562724205191782403e+02 3.201094437171000351e+01 1.249016681427240272e+01
5.513055718516441175e+02 3.160510824234901150e+01 1.253535100547435732e+01
5.463945266138065335e+02 3.119191212385931422e+01 1.257908422178525498e+01
5.415443083975268337e+02 3.077141184703964427e+01 1.262118040552246967e+01
5.367525171420181778e+02 3.034388531386269960e+01 1.266175051198787216e+01
5.320167575789373586e+02 2.990953538232023945e+01 1.270068252086913496e+01
5.273420676731233243e+02 2.946871273613027498e+01 1.273808713323482422e+01
5.227260620081585785e+02 2.902161877024432002e+01 1.277392635006893684e+01
5.181737885684673302e+02 2.856860274466503213e+01 1.280816203539459686e+01
5.136754437656549044e+02 2.810993895400951104e+01 1.284068162896727117e+01
5.092435142623310185e+02 2.764582674781619787e+01 1.287166956006462470e+01
5.048682069386661055e+02 2.717661340156874417e+01 1.290101297583024476e+01
5.005545907071979173e+02 2.670264557039039488e+01 1.292867315524064509e+01
4.963003115211689646e+02 2.622434359340334709e+01 1.295475978915748350e+01
4.921104491297004984e+02 2.574197866420998793e+01 1.297923384296611715e+01
4.879752320773579868e+02 2.525596998599967336e+01 1.300213040383465746e+01
4.839071795014447162e+02 2.476673622572459621e+01 1.302333582706412152e+01
4.798965310723597213e+02 2.427462125184006325e+01 1.304303343407066151e+01
4.759409604323802228e+02 2.377989415558760200e+01 1.306118352494747192e+01
4.720530035797281130e+02 2.328312068981065153e+01 1.307774622616658355e+01
4.682231494525254334e+02 2.278443671379221414e+01 1.309267317767907279e+01
4.644502502717410266e+02 2.228404269123234016e+01 1.310603116671678237e+01
4.607408246482761456e+02 2.178185780181894060e+01 1.311772992196697096e+01
4.570865402463468286e+02 2.127802368839507352e+01 1.312775327196374953e+01
4.535013555508522813e+02 2.077253306059394333e+01 1.313601057587857568e+01
4.499769497789282582e+02 2.026545256642166848e+01 1.314248528844398756e+01
4.465198646413597885e+02 1.975684852974794126e+01 1.314716067449328563e+01
4.431217909490225111e+02 1.924700982171611940e+01 1.315009409062853862e+01
4.397892820187842062e+02 1.873615074753842080e+01 1.315119413300166862e+01
4.365288969755360426e+02 1.822441106719873360e+01 1.315059205323754910e+01
4.333323440520349550e+02 1.771193029955179910e+01 1.314812177244846225e+01
4.302061939882245838e+02 1.719899630981698024e+01 1.314391414790573087e+01
4.271495949769575873e+02 1.668582247945114361e+01 1.313795127079470149e+01
4.241617010090302529e+02 1.617239915941661366e+01 1.313014074860351066e+01
4.212416718664400719e+02 1.565886510786203090e+01 1.312061283813372548e+01
4.183886731142664530e+02 1.514535894318460052e+01 1.310920046009543150e+01
4.156093044415651434e+02 1.463201916400181624e+01 1.309595918284679605e+01
4.128953146001618961e+02 1.411890988553110482e+01 1.308087008771294713e+01
4.102533147942167489e+02 1.360616942639532034e+01 1.306391405192129795e+01
4.076824936171693707e+02 1.309386176134468194e+01 1.304499746463289078e+01
4.051746170386664403e+02 1.258219939142718324e+01 1.302432364408674914e+01
4.027363134415567743e+02 1.207139479659256409e+01 1.300172428580405182e+01
4.003667885567757025e+02 1.156151188825305987e+01 1.297725373042635688e+01
3.980726821489288341e+02 1.105276316282710702e+01 1.295104039661738682e+01
3.958383545998696604e+02 1.054543543775023728e+01 1.292291536354249537e+01
3.936704569943001957e+02 1.003951845346731453e+01 1.289308092246527337e+01
3.915756460526594083e+02 9.535373444463145276e+00 1.286136774187546905e+01
3.895457274137989430e+02 9.032990323760673235e+00 1.282797770274294713e+01
3.875799406684329824e+02 8.532611683891996535e+00 1.279288963079948083e+01
3.856849593413272714e+02 8.034346542273356206e+00 1.275600786391574815e+01
3.838526058221901849e+02 7.538333784547417871e+00 1.271760795355578466e+01
3.820821363974494602e+02 7.044719899228255144e+00 1.267751954675382287e+01
3.803728128803485902e+02 6.553651569115117148e+00 1.263594350520888376e+01
3.787313309407729207e+02 6.065252663247408194e+00 1.259278335438980179e+01
3.771495350332115208e+02 5.579620542654520676e+00 1.254809098523629096e+01
3.756267034252422832e+02 5.096840937071783095e+00 1.250191808789716852e+01
3.741695481741749063e+02 4.616987965051474241e+00 1.245431615252893565e+01
3.727699300517176084e+02 4.140142725048655770e+00 1.240518790314380482e+01
3.714271435687847429e+02 3.666386630217611575e+00 1.235473299953113546e+01
3.701404885977972299e+02 3.195860855627783437e+00 1.230277948669436050e+01
3.689092703435777025e+02 2.728543508271407347e+00 1.224945234738522259e+01
3.677402276626817184e+02 2.264725062093455588e+00 1.219487636915797957e+01
3.666178196295088583e+02 1.804547820984589324e+00 1.213895329497878350e+01
3.655562239530320312e+02 1.348303073588041245e+00 1.208188180891297669e+01
3.645399101374834459e+02 8.960596966647406125e-01 1.202371183633378671e+01
3.635756378943368645e+02 4.481098770571034229e-01 1.196449311220582068e+01
3.626627436989274429e+02 4.597715185082624188e-03 1.190420089891692612e+01
3.618005690955557156e+02 -4.342579033910760056e-01 1.184295883817763695e+01
3.609810322991762632e+02 -8.680890033811918816e-01 1.178089038546733391e+01
3.602109131950273309e+02 -1.296749916175331307e+00 1.171797024454138025e+01
3.594750196137680973e+02 -1.719936499145050313e+00 1.165423097979761913e+01
3.587891099676971862e+02 -2.137306655311488335e+00 1.158964001526564047e+01
3.581395421455889618e+02 -2.548508338572722742e+00 1.152414835546438532e+01
3.575349638191405006e+02 -2.953263158326909110e+00 1.145770682689745712e+01
3.569617422732453065e+02 -3.351292075094316480e+00 1.139026607990500217e+01
3.564359627858094655e+02 -3.742538230265504584e+00 1.132192515759647478e+01
3.559440017500547810e+02 -4.127092641981629839e+00 1.125278293085168890e+01
3.554945250467588380e+02 -4.505119901184385434e+00 1.118293810040834835e+01
3.550887745599034133e+02 -4.876561017356222827e+00 1.111248919903348131e+01
3.547131397392161603e+02 -5.241504816009487477e+00 1.104160887728428797e+01
3.543837276106144145e+02 -5.599965068411566271e+00 1.097024677184609587e+01
3.540869358793152060e+02 -5.952103322610625469e+00 1.089857520898738841e+01
3.538240229326592043e+02 -6.297857466757039724e+00 1.082646922257713484e+01
3.536111077377015590e+02 -6.637015993785476020e+00 1.075387797422921210e+01
3.534271712833945003e+02 -6.969589400482826491e+00 1.068060190552610500e+01
3.532883399734594718e+02 -7.295513035438974114e+00 1.060666415836403331e+01
3.531958870615555952e+02 -7.614721364944930571e+00 1.053179059337131207e+01
3.531362325348715103e+02 -7.927073672349730593e+00 1.045592977746641772e+01
3.531180847457892469e+02 -8.232502608416369938e+00 1.037910441999986411e+01
3.531427268882740691e+02 -8.530642757679363086e+00 1.030118852550069164e+01
3.532040168724190039e+02 -8.821202040372472908e+00 1.022250166505859248e+01
3.533032438968289739e+02 -9.103887413911738946e+00 1.014299186126696206e+01
3.534268432672986364e+02 -9.378256291470153272e+00 1.006282985982211287e+01
3.535909663654934434e+02 -9.644087945686484531e+00 9.982111999201084274e+00
3.537746253618593641e+02 -9.900937794484081067e+00 9.901008781462278918e+00
3.539939765814921770e+02 -1.014858308957649768e+01 9.819542025640837224e+00
3.542354652137053108e+02 -1.038746860564768326e+01 9.737733438762242955e+00
3.545003952740433988e+02 -1.061788951067992315e+01 9.655604619955331813e+00
3.548049294637405637e+02 -1.084028848952359603e+01 9.573177064667630631e+00
3.551280905766288356e+02 -1.105510716716832498e+01 9.490397885478071061e+00
3.554860448597468690e+02 -1.126286038324818861e+01 9.407362667017324043e+00
3.558652467189107256e+02 -1.146383904976891799e+01 9.324018336464718004e+00
3.562818653784934213e+02 -1.165848156109852773e+01 9.240386018653897082e+00
3.567223579374145856e+02 -1.184655666866263601e+01 9.156486757255629882e+00
3.571954676793374688e+02 -1.202775774293441557e+01 9.072490086551521671e+00
3.576876538303062034e+02 -1.220185133515647102e+01 8.988416902271696429e+00
3.581928048198092824e+02 -1.236852860579801927e+01 8.904362317024519413e+00
3.587270948424848029e+02 -1.252755388776349754e+01 8.820421381785763515e+00
3.592769852689291383e+02 -1.267869039982958768e+01 8.736689090954888215e+00
3.598363662610593110e+02 -1.282162596081064976e+01 8.653111820465477777e+00
3.604139849882084263e+02 -1.295664153946857233e+01 8.569858750466874397e+00
3.610037320938794210e+02 -1.308401698558885684e+01 8.486727602521183300e+00
3.615994982660572532e+02 -1.320380817926546513e+01 8.403813196385151230e+00
3.622174591599727478e+02 -1.331696128391375034e+01 8.321061754290612456e+00
3.628440768206861549e+02 -1.342308424233862141e+01 8.238345189772607213e+00
3.634806696613449049e+02 -1.352326955162473432e+01 8.155832530531673896e+00
3.641285556419545628e+02 -1.361712292546623004e+01 8.073321372278988051e+00
3.647890521512272244e+02 -1.370499180228847713e+01 7.990980719140802435e+00
3.654560475408088678e+02 -1.378647967884269931e+01 7.909053855033664426e+00
3.661308577129170203e+02 -1.386341745452918772e+01 7.827635498541579473e+00
3.668074695093523019e+02 -1.393534611641197785e+01 7.746886001586075210e+00
3.674876979035894351e+02 -1.400156432076158985e+01 7.666782532637329339e+00
3.681734569465293134e+02 -1.406205216277211356e+01 7.587590754724723219e+00
3.688666594645136456e+02 -1.411678865749083833e+01 7.509353503459758272e+00
3.695543602590900605e+02 -1.416649458165798592e+01 7.432039359336559237e+00
3.702458977610008901e+02 -1.421040397590421023e+01 7.355616936495634306e+00
3.709357521840573781e+02 -1.424774982251082278e+01 7.280129171448565195e+00
3.716258304832981594e+02 -1.427999255861418249e+01 7.205544761251243990e+00
3.723106095640708872e+02 -1.430562023956010975e+01 7.131832452136157130e+00
3.729994212444107688e+02 -1.432460555796601298e+01 7.059035328092233108e+00
3.736867387675814598e+02 -1.433840585299844861e+01 6.987122248880725195e+00
3.743744617681391560e+02 -1.434476327482521363e+01 6.916136422000922934e+00
3.750570594883661784e+02 -1.434587597985202834e+01 6.845972557080178156e+00
3.757364273971726334e+02 -1.434022695572960693e+01 6.776748288217631533e+00
3.764070304093074242e+02 -1.432778387711875467e+01 6.708432761233876107e+00
3.770781878569673609e+02 -1.430999911657665358e+01 6.640995205367169696e+00
3.777369316603953280e+02 -1.428535274557908075e+01 6.574479221393604078e+00
3.784000047023080242e+02 -1.425455239114466011e+01 6.508928502667680860e+00
3.790470055989961793e+02 -1.421756190745341897e+01 6.444312556086507549e+00
3.796946721266964460e+02 -1.417434422285309736e+01 6.380675273484318843e+00
3.803300259935911072e+02 -1.412486135209821825e+01 6.317986368939057407e+00
3.809623712160436639e+02 -1.406981724386835175e+01 6.256364233512982764e+00
3.815787239416978878e+02 -1.400842928843730739e+01 6.195778805397297972e+00
3.821883824755645378e+02 -1.394139967076786846e+01 6.136274424495844038e+00
3.827857854532499005e+02 -1.386868687868097894e+01 6.077895552920582034e+00
3.833802251662211233e+02 -1.378950571635100353e+01 6.020612495409723763e+00
3.839587057345406151e+02 -1.370529865815345616e+01 5.964395686674026642e+00
3.845305131319973952e+02 -1.361602168754360953e+01 5.909364262170005766e+00
3.850826450078421885e+02 -1.352088714634432698e+01 5.855488927783337516e+00
3.856318090613427785e+02 -1.342133508937282116e+01 5.802740530454201462e+00
3.861649961621472471e+02 -1.331583345406158791e+01 5.751238628730551916e+00
3.866840503737070662e+02 -1.320582075572916381e+01 5.700880078733551848e+00
3.871908121742812909e+02 -1.309124909278181015e+01 5.651710455079220097e+00
3.876871183780649517e+02 -1.297206983240287670e+01 5.603775487215259865e+00
3.881673737057422500e+02 -1.284897646151131489e+01 5.557046779194846131e+00
3.886334074055477572e+02 -1.272043326289623977e+01 5.511496096391550914e+00
3.890870448234209107e+02 -1.258861801195922503e+01 5.467095368649125930e+00
3.895226789731178769e+02 -1.245273647834600261e+01 5.423965260375709363e+00
3.899421271571561647e+02 -1.231273661824869592e+01 5.382078039563508831e+00
3.903472025372296343e+02 -1.216930859190973813e+01 5.341331864262931717e+00
3.907397140552540122e+02 -1.202314194643244960e+01 5.301847919507549634e+00
3.911140380047113467e+02 -1.187343996390340095e+01 5.263599002660767745e+00
3.914719746534702836e+02 -1.172163385503023036e+01 5.226632376727741836e+00
3.918153198167835853e+02 -1.156692576784837811e+01 5.190921206100911789e+00
3.921458647816551206e+02 -1.141074581707345637e+01 5.156513126261888402e+00
3.924579678822968845e+02 -1.125229509350104706e+01 5.123381679420563550e+00
3.927608394781344145e+02 -1.109225985902853928e+01 5.091574884111059518e+00
3.930488284818381999e+02 -1.093132589684804046e+01 5.060992387222412958e+00
3.933162789908552099e+02 -1.076943569700832093e+01 5.031756883995778473e+00
3.935798152714183402e+02 -1.060727414739165475e+01 5.003768419440477011e+00
3.938187542636999865e+02 -1.044398833353212197e+01 4.976933549031084425e+00
3.940489071370294027e+02 -1.028074658622449356e+01 4.951407114975379997e+00
3.942562059646140256e+02 -1.011643664239439389e+01 4.927201907525970981e+00
3.944562910985131339e+02 -9.952025826837482825e+00 4.904330926377446609e+00
3.946350843153787764e+02 -9.787292600636588347e+00 4.882733099309218616e+00
3.947933588692298486e+02 -9.622163687024235301e+00 4.862496134776232992e+00
3.949393110961946149e+02 -9.456714094477312926e+00 4.843633673420401742e+00
3.950588469724048082e+02 -9.291018573069756314e+00 4.826159573525484525e+00
3.951675805287083563e+02 -9.125077354574917976e+00 4.810162196402718138e+00
3.952514070158506456e+02 -8.958964743306092160e+00 4.795581557694516661e+00
3.953185013277629309e+02 -8.792754856662087448e+00 4.782506463120908435e+00
3.953621762263288701e+02 -8.626373082363814504e+00 4.770803092625538255e+00
3.953905957229793557e+02 -8.460116087387392625e+00 4.760634986470702934e+00
3.953970616629543429e+02 -8.293834724004820913e+00 4.752017345715573882e+00
3.953822987660425383e+02 -8.127676889508659741e+00 4.744817033621869129e+00
3.953470262710977181e+02 -7.961790417010606191e+00 4.739198277983375007e+00
3.952919579356072290e+02 -7.796100249828802120e+00 4.735028404326221185e+00
3.952178020400691594e+02 -7.630679883957940390e+00 4.732397821548556038e+00
3.951178330469114712e+02 -7.465751393065985120e+00 4.731322888931535964e+00
3.949927483149204477e+02 -7.301165468988861207e+00 4.731671633552990031e+00
3.948506681178751592e+02 -7.137144281758595277e+00 4.733609452110702165e+00
3.946848506170619544e+02 -6.973687236554013680e+00 4.737004843599082804e+00
3.944959769398288358e+02 -6.810868132624621651e+00 4.741875110906605961e+00
3.942921512118144278e+02 -6.648760904621780377e+00 4.748312077778113149e+00
3.940591871924797260e+02 -6.487439647328851144e+00 4.756184955149309168e+00
3.937977500670446034e+02 -6.327127207269887421e+00 4.765511758880557558e+00
3.935233564911670214e+02 -6.167898073154878702e+00 4.776310742847599045e+00
3.932292328881973731e+02 -6.009975534174595957e+00 4.788600398909257372e+00
3.929086005520662184e+02 -5.853360286582165450e+00 4.802325173242727452e+00
3.925769607536096260e+02 -5.698276158591068175e+00 4.817429749551729756e+00
3.922200963476261109e+02 -5.544873000018365694e+00 4.833933332141296724e+00
3.918460702864469454e+02 -5.393152422187429629e+00 4.851855361852563497e+00
3.914555122835508314e+02 -5.243264955078503320e+00 4.871141231861649601e+00
3.910416188807417370e+02 -5.095287219681101654e+00 4.891736570346683521e+00
3.906124385684154845e+02 -4.949296234061489663e+00 4.913587239515159411e+00
3.901685868064290048e+02 -4.805295152116591417e+00 4.936713617996074888e+00
3.897032460975938193e+02 -4.663510419519946382e+00 4.961062032587297388e+00
3.892244511135616563e+02 -4.523946094311334321e+00 4.986579040373250393e+00
3.887328037206338536e+02 -4.386681002170504051e+00 5.013211427203612125e+00
3.882140447072636675e+02 -4.251868757331838111e+00 5.040980489539051312e+00
3.876910523145505749e+02 -4.119663499640378923e+00 5.069759182152749233e+00
3.871495588132630701e+02 -3.990145631245967994e+00 5.099569250216413607e+00
3.865975773859497622e+02 -3.863396119936067574e+00 5.130358376737974346e+00
3.860282604562068514e+02 -3.739570802098706626e+00 5.162074463880058417e+00
3.854496131704275967e+02 -3.618751834806084311e+00 5.194665630649479837e+00
3.848622084278795228e+02 -3.501096281534770593e+00 5.228080210462132449e+00
3.842666153117176577e+02 -3.386613280000218662e+00 5.262266748586552190e+00
3.836559708193069014e+02 -3.275386910633498960e+00 5.297173999468656191e+00
3.830382649932423078e+02 -3.167576214179561589e+00 5.332676640438560156e+00
3.824140559504756425e+02 -3.063192358419143613e+00 5.368723835812371448e+00
3.817836588488493135e+02 -2.962323467226415374e+00 5.405353524211038874e+00
3.811464275766004448e+02 -2.865140522129606460e+00 5.442512435928073877e+00
3.805089015702967004e+02 -2.771668642887853196e+00 5.480236069224879714e+00
3.798553319546820717e+02 -2.682007992101981930e+00 5.518560113179971083e+00
3.791996800715540985e+02 -2.596259507152733015e+00 5.557371877272057503e+00
3.785336191045580563e+02 -2.514599198799674973e+00 5.596855988892496470e+00
3.778636759064317516e+02 -2.436981031928374009e+00 5.636900121736181823e+00
3.771889460237421758e+02 -2.363656924490648681e+00 5.677614976646861322e+00
3.765085221221802385e+02 -2.294656777080043231e+00 5.718888576850691408e+00
3.758214940612346027e+02 -2.230011337207127742e+00 5.760831965144746825e+00
3.751269489685907956e+02 -2.169826496248691061e+00 5.803407782485973776e+00
3.744313996646022247e+02 -2.114060452069501661e+00 5.846578831029867196e+00
3.737264996857016399e+02 -2.062820855847430579e+00 5.890382353602077181e+00
3.730187567596218514e+02 -2.016216257571998405e+00 5.934855746103925966e+00
3.723072478290632716e+02 -1.974207551233307711e+00 5.979887986357713459e+00
3.715836191264432955e+02 -1.936905120717562268e+00 6.025591047415053580e+00
3.708543712998750834e+02 -1.904271717374654171e+00 6.071854192286021856e+00
3.701185744382718212e+02 -1.876419605297324100e+00 6.118715387147471318e+00
3.693827248484807342e+02 -1.853313438270687286e+00 6.166212729987822883e+00
3.686384600820966284e+02 -1.834993120927440824e+00 6.214161595706101160e+00
3.678922724151047419e+02 -1.821573819080514411e+00 6.262748899697688110e+00
3.671432238770048571e+02 -1.812948835726700736e+00 6.311864541858922095e+00
3.663903746823040137e+02 -1.809235321751139880e+00 6.361472819590068717e+00
3.656327833132738192e+02 -1.810440009525472682e+00 6.411612423251315640e+00
3.648695066043468387e+02 -1.816496363681443738e+00 6.462247864580630718e+00
3.641070281785259795e+02 -1.827413156793410431e+00 6.513269472085429612e+00
3.633444018349199496e+02 -1.843155624098256284e+00 6.564716236911659841e+00
3.625732516387524242e+02 -1.863727183308899527e+00 6.616627241171823215e+00
3.618074854144346091e+02 -1.889102587049322990e+00 6.668893086245202717e+00
3.610387247382743112e+02 -1.919272500158784256e+00 6.721478738564219846e+00
3.602660184358786637e+02 -1.954198936396656761e+00 6.774349241364836516e+00
3.594958426807976366e+02 -1.993822693190362205e+00 6.827543993417032553e+00
3.587272443949315175e+02 -2.038116098898338890e+00 6.880953893720922920e+00
3.579592697019643310e+02 -2.087026562889477077e+00 6.934618470696511494e+00
3.571909640328161686e+02 -2.140517436562360487e+00 6.988354459827704979e+00
3.564213722333385590e+02 -2.198545732925032858e+00 7.042275783313478144e+00
3.556569670244614940e+02 -2.261058416574061258e+00 7.096273560661471969e+00
3.548967924137299406e+02 -2.327950808596781496e+00 7.150313237787208287e+00
3.541398921596531864e+02 -2.399126759367538941e+00 7.204360298578997401e+00
3.533778815375216027e+02 -2.474468937787495992e+00 7.258380259944068769e+00
3.526320892085772130e+02 -2.553868546794415550e+00 7.312264383331430473e+00
3.518867021874122543e+02 -2.637225324926192993e+00 7.366052520244230628e+00
3.511481927651987007e+02 -2.724417833925381061e+00 7.419710256717330310e+00
3.504230335815910280e+02 -2.815348029275789532e+00 7.473054624780599120e+00
3.497028410481334504e+02 -2.909866976553351581e+00 7.526125514918652115e+00
3.489866605239781734e+02 -3.007819420788190090e+00 7.578888536990192826e+00
3.482809664417281965e+02 -3.109058641823042368e+00 7.631309298643248695e+00
3.475922340836900162e+02 -3.213416738958426944e+00 7.683204833206794149e+00
3.469120830083263627e+02 -3.320830910333254060e+00 7.734689295587871882e+00
3.462395622281819101e+02 -3.431001745612878739e+00 7.785579689120283753e+00
3.455810505646842898e+02 -3.543974774910872760e+00 7.835924528037920389e+00
3.449351007574591108e+02 -3.659612047406631152e+00 7.885658464105581800e+00
3.443001672581670505e+02 -3.778120543146253230e+00 7.934724799165385534e+00
3.436821344788843362e+02 -3.899485471234162226e+00 7.983289647376910381e+00
3.430720318661647070e+02 -4.023841680947976229e+00 8.031147662024578082e+00
3.424757474256739442e+02 -4.151176520687594795e+00 8.078464865367736891e+00
3.418917427936655145e+02 -4.281552680800527533e+00 8.125035808441303686e+00
3.413259100580711447e+02 -4.415108185261621188e+00 8.171100684411797488e+00
3.407767151767405380e+02 -4.551759248709239536e+00 8.216453921381836167e+00
3.402351980941169245e+02 -4.691645967878818269e+00 8.261187012258266904e+00
3.397072579064019919e+02 -4.834612326883573452e+00 8.305242808592231185e+00
3.391987962730137838e+02 -4.980726170918270412e+00 8.348638365956782437e+00
3.387008608254172373e+02 -5.130056344335971907e+00 8.391390655332989112e+00
3.382193586746567462e+02 -5.282598395138542458e+00 8.433516558020498266e+00
3.377601998144434106e+02 -5.438274562390757794e+00 8.474884293568639038e+00
3.373070121709090472e+02 -5.597156613575988260e+00 8.515584832254159409e+00
3.368731401516586175e+02 -5.759168696882900562e+00 8.555560472567130148e+00
3.364570746382669881e+02 -5.924310177473131489e+00 8.594827686753490070e+00
3.360573097773825566e+02 -6.092655622721234288e+00 8.633328548885904397e+00
3.356649147176187853e+02 -6.263983369438447468e+00 8.671079296989201879e+00
3.353006754444306807e+02 -6.438518343148043499e+00 8.708021761204292943e+00
3.349408113576913593e+02 -6.616040639837700077e+00 8.744246209517152479e+00
3.346061155512024925e+02 -6.796479777312650405e+00 8.779619925524126955e+00
3.342802430328855507e+02 -6.979840394596105391e+00 8.814232904784933709e+00
3.339765659464217151e+02 -7.165830816908752787e+00 8.848026432712419620e+00
3.336861751853742817e+02 -7.354457305789596333e+00 8.881015930549946091e+00
3.334150222068388416e+02 -7.545652623312602891e+00 8.913142383907912247e+00
3.331616340396869873e+02 -7.739127446459013626e+00 8.944495188887895409e+00
3.329319700407301639e+02 -7.934890332680020641e+00 8.975015013767745131e+00
3.327171368963931286e+02 -8.132801999614120092e+00 9.004716645286118037e+00
3.325156737227507051e+02 -8.332798156033607739e+00 9.033540417499699160e+00
3.323335521117911640e+02 -8.534592347998916750e+00 9.061575058240881830e+00
3.321767478245299117e+02 -8.738270206786904026e+00 9.088611984144137068e+00
3.320289557808537211e+02 -8.943546593536090938e+00 9.114813848303464638e+00
3.319035885492345415e+02 -9.150434130218727091e+00 9.140120268483716615e+00
3.317917779304598298e+02 -9.358723194368998577e+00 9.164544957460424968e+00
3.316995167420249686e+02 -9.568279032151009389e+00 9.187952868942899087e+00
3.316253737983406040e+02 -9.778893170239575383e+00 9.210505895122516051e+00
3.315679222899087222e+02 -9.990431961553159823e+00 9.232068595290344959e+00
3.315257398103690321e+02 -1.020268799683306682e+01 9.252653893595841339e+00
3.315048367320682132e+02 -1.041545436659912660e+01 9.272348792395215256e+00
3.315037995293002950e+02 -1.062852463948413906e+01 9.291091518703311181e+00
3.315137908006113889e+02 -1.084176712396332576e+01 9.308820088267260928e+00
3.315408343405596838e+02 -1.105505056298148681e+01 9.325620869750292030e+00
3.315835301088111464e+02 -1.126803611818805706e+01 9.341357164508638178e+00
3.316479109494454178e+02 -1.148057105046339821e+01 9.356189188509468124e+00
3.317251575580871190e+02 -1.169244356225224024e+01 9.369979801822449161e+00
3.318213118999653943e+02 -1.190344963054351801e+01 9.382814490760129189e+00
3.319275638252512408e+02 -1.211338555628948477e+01 9.394555664596850875e+00
3.320573928359971774e+02 -1.232201822872152519e+01 9.405288354428471109e+00
3.321946716087715572e+02 -1.252913036890335974e+01 9.415093284523607053e+00
3.323459703388100479e+02 -1.273465630500874113e+01 9.423811791591742093e+00
3.325179658255896129e+02 -1.293857586565485818e+01 9.431503752261967577e+00
3.327024828267421981e+02 -1.314088394826629269e+01 9.438228806954986894e+00
3.329062074723065621e+02 -1.334154592648638626e+01 9.443897791268678787e+00
3.331284022268026774e+02 -1.354055705445952107e+01 9.448495584983390927e+00
3.333683342518643826e+02 -1.373790307402406796e+01 9.452006827162950486e+00
3.336252754181578553e+02 -1.393356450057549090e+01 9.454564481868517944e+00
3.338910739665409437e+02 -1.412752700014863194e+01 9.455929852454049822e+00
3.341872962701649499e+02 -1.431977245276251587e+01 9.456309699009972647e+00
3.344909433421998415e+02 -1.451029155795519188e+01 9.455539118854181524e+00
3.348161626981076324e+02 -1.469906672689331018e+01 9.453601530169459366e+00
3.351622499126242474e+02 -1.488608632209654736e+01 9.450554387721480154e+00
3.355210769778512940e+02 -1.507131640697722830e+01 9.446454898676421408e+00
3.358993773608479501e+02 -1.525472300814183235e+01 9.441137171512790971e+00
3.362890326083593209e+02 -1.543623495087289932e+01 9.434657916553936374e+00
3.367042141025534079e+02 -1.561581069149929490e+01 9.427073595075858847e+00
3.371368129626384871e+02 -1.579338629615029355e+01 9.418366135517272753e+00
3.375861534474758514e+02 -1.596889770300342093e+01 9.408517216791556947e+00
3.380515646052970169e+02 -1.614232526957820468e+01 9.397582551695339959e+00
3.385323802718858133e+02 -1.631353032622275734e+01 9.385469036403351950e+00
3.390353674170810336e+02 -1.648258200072183755e+01 9.372231884577331584e+00
3.395524410882076154e+02 -1.664925206768769073e+01 9.357851777053598497e+00
3.400822066177693728e+02 -1.681360919380534824e+01 9.342383429139944795e+00
3.406314452831148287e+02 -1.697549893056502057e+01 9.325881307501665773e+00
3.411972862529651138e+02 -1.713491510905706861e+01 9.308251063642444478e+00
3.417790919323250023e+02 -1.729177696678827658e+01 9.289620952000488430e+00
3.423762294391770524e+02 -1.744592912505634885e+01 9.269896129615464275e+00
3.429880705833926982e+02 -1.759743870039519820e+01 9.249055790919525677e+00
3.436147346777007670e+02 -1.774614958106692697e+01 9.227301735623170131e+00
3.442556028405161896e+02 -1.789205382216449891e+01 9.204389818174286475e+00
3.449100608006875177e+02 -1.803499448928727489e+01 9.180521350871455155e+00
3.455774988639857384e+02 -1.817496277034472030e+01 9.155674553527255455e+00
3.462573118762942954e+02 -1.831180081946161664e+01 9.129753121762920642e+00
3.469496420184670455e+02 -1.844549886903885039e+01 9.102883362412603319e+00
3.476531502576921753e+02 -1.857597235744657738e+01 9.075042777511225012e+00
3.483679876406043832e+02 -1.870313619089210633e+01 9.046357199911593483e+00
3.490928239027562086e+02 -1.882683043846300563e+01 9.016729377487296304e+00
3.498270759198232440e+02 -1.894696887787316442e+01 8.986284675972068925e+00
3.505716504853273250e+02 -1.906353897441548639e+01 8.955073946884507308e+00
3.513244872397799554e+02 -1.917637900963453035e+01 8.923073529573857243e+00
3.520850156167585965e+02 -1.928547519476047611e+01 8.890408103885437896e+00
3.528526691054681805e+02 -1.939059023288045935e+01 8.857127841923881917e+00
3.536276280151276410e+02 -1.949185756691872129e+01 8.823134126935096688e+00
3.544071052260322290e+02 -1.958903852486402997e+01 8.788550973317507342e+00
3.551920316278817609e+02 -1.968211656835056189e+01 8.753427895225335931e+00
3.559803705246732193e+02 -1.977100013953294066e+01 8.717739909297137046e+00
3.567723173971193660e+02 -1.985559692581346170e+01 8.681610388006957280e+00
3.575658428069864385e+02 -1.993588812492419393e+01 8.644939645110847337e+00
3.583604064840801584e+02 -2.001170557636865865e+01 8.607924923238362780e+00
3.591556547062068034e+02 -2.008310812034412862e+01 8.570454288326105896e+00
3.599512267930878693e+02 -2.014987647318491781e+01 8.532739662237011302e+00
3.607469484242948852e+02 -2.021216688479638890e+01 8.494609513358124531e+00
3.615426484013930235e+02 -2.026976332811824122e+01 8.456040685382291144e+00
3.623403870539114564e+02 -2.032274603464717799e+01 8.417158400948574482e+00
3.631377706232872242e+02 -2.037097149436591792e+01 8.377864847879964216e+00
3.639361223457439678e+02 -2.041444385815907125e+01 8.338136317052024182e+00
3.647352825033200361e+02 -2.045316635617784229e+01 8.298023206357839854e+00
3.655350939888791686e+02 -2.048706700018250615e+01 8.257427174270198122e+00
3.663346593649670240e+02 -2.051599856987067483e+01 8.216398278023113733e+00
3.671353120968696544e+02 -2.054011001720846252e+01 8.174912127375806747e+00
3.679361594346536890e+02 -2.055925218572588875e+01 8.132944172483515644e+00
3.687370536448374310e+02 -2.057334921584725862e+01 8.090469708359938394e+00
3.695378490664618312e+02 -2.058254710022074718e+01 8.047538162933253858e+00
3.703384020018511933e+02 -2.058661940453403005e+01 8.004198818184772080e+00
3.711385706071688446e+02 -2.058571009188867151e+01 7.960352247869418640e+00
3.719382147828908387e+02 -2.057981352814826081e+01 7.916196023336902421e+00
3.727371960643164925e+02 -2.056884875582412064e+01 7.871556166892241357e+00
3.735353775122208049e+02 -2.055280805198209393e+01 7.826629991776861139e+00
3.743318807687234084e+02 -2.053175691966266925e+01 7.781317555671122044e+00
3.751273144535881556e+02 -2.050561122931185665e+01 7.735667366799200195e+00
3.759215455507836054e+02 -2.047443434524617700e+01 7.689727822074638119e+00
3.767129564655750755e+02 -2.043821426811532049e+01 7.643472928804664335e+00
3.775021590923082044e+02 -2.039693791188766170e+01 7.596950876954030818e+00
3.782882805325364188e+02 -2.035059109784334908e+01 7.550061193943957250e+00
3.790711914939830649e+02 -2.029923283257683764e+01 7.502926167514075928e+00
3.798507633500726683e+02 -2.024292101949808398e+01 7.455519433598221113e+00
3.806261252001536945e+02 -2.018156388733071083e+01 7.407814548752007511e+00
3.813964066004776328e+02 -2.011521712012100238e+01 7.359933562610208924e+00
3.821622231309197559e+02 -2.004400957022576080e+01 7.311849889354726351e+00
3.829227049522630750e+02 -1.996792040478204910e+01 7.263611163721282793e+00
3.836762395393146221e+02 -1.988700195367471579e+01 7.215190679510660843e+00
3.844241857548165626e+02 -1.980130542397169791e+01 7.166635962122742676e+00
3.851649310687064940e+02 -1.971080661483305008e+01 7.118068774094418849e+00
3.858976056333545444e+02 -1.961555448339629493e+01 7.069387986632421850e+00
3.866228250193226472e+02 -1.951574542762428521e+01 7.020715286172253933e+00
3.873389759415661047e+02 -1.941135186859840900e+01 6.972023762407171255e+00
3.880466731714679440e+02 -1.930249366829324131e+01 6.923435047833408795e+00
3.887443024290942617e+02 -1.918914099628159775e+01 6.874847905763728839e+00
3.894309916261864259e+02 -1.907148574841094657e+01 6.826458220358236240e+00
3.901073536045258834e+02 -1.894957013090092701e+01 6.778090450599637329e+00
3.907717718645623108e+02 -1.882336094589841480e+01 6.730014754299979529e+00
3.914241146446698849e+02 -1.869312101148295113e+01 6.682055591528711425e+00
3.920627634855244423e+02 -1.855881489657723193e+01 6.634408848574697259e+00
3.926883273100213501e+02 -1.842055462532837140e+01 6.586973291832192601e+00
3.932991853182107889e+02 -1.827845111390317356e+01 6.539870557698709952e+00
3.938952010677743942e+02 -1.813261417472084247e+01 6.493073740412718564e+00
3.944747510395313839e+02 -1.798307823761470203e+01 6.446630247879692632e+00
3.950384387184088837e+02 -1.782995092193221964e+01 6.400661806956880362e+00
3.955846374893723123e+02 -1.767356160906508578e+01 6.355215901698297642e+00
3.961133052353964104e+02 -1.751398219323013805e+01 6.310257403913041685e+00
3.966240572885407119e+02 -1.735114927588438150e+01 6.265866304883264348e+00
3.971188361272679685e+02 -1.718511340202296722e+01 6.221965710457464382e+00
3.975899254065990931e+02 -1.701584977107714636e+01 6.178775921818962402e+00
3.980489204314775975e+02 -1.684325824459162746e+01 6.136071605518756300e+00
3.984895863132441605e+02 -1.666738620484137812e+01 6.093998917020178041e+00
3.989131142685880604e+02 -1.648820571286625025e+01 6.052555521156836704e+00
3.993206931778248645e+02 -1.630561351744656662e+01 6.011590597066078345e+00
3.997060811436505219e+02 -1.611972819852313421e+01 5.971250544094862889e+00
4.000704621011871609e+02 -1.593037019252469122e+01 5.931533285632783148e+00
4.004150173778827480e+02 -1.573758178716606615e+01 5.892362557419115632e+00
4.007483539545888220e+02 -1.554140428165750443e+01 5.853736479308827789e+00
4.010567909761434180e+02 -1.534172943085299856e+01 5.815727559989408491e+00
4.013489297652904497e+02 -1.513867087435242986e+01 5.778259851145917558e+00
4.016259403350196635e+02 -1.493226701451754401e+01 5.741406086098624684e+00
4.018741329526693562e+02 -1.472248102893351707e+01 5.705164833878118458e+00
4.021095281568814244e+02 -1.450934945031027290e+01 5.669534787264656650e+00
4.023258582225037685e+02 -1.429290789630941738e+01 5.634440483776464781e+00
4.025168521292858372e+02 -1.407319108330545809e+01 5.600029444123778788e+00
4.026985205319624583e+02 -1.385030712407841769e+01 5.566300759093077311e+00
4.028497288790742914e+02 -1.362428897542544703e+01 5.533105093895667181e+00
4.029864808378690100e+02 -1.339516873670288888e+01 5.500664676984976076e+00
4.031024914163792801e+02 -1.316305194878732543e+01 5.468830469281285467e+00
4.031989002902682842e+02 -1.292804332644611165e+01 5.437676436390864509e+00
4.032694150300339402e+02 -1.269017249111724333e+01 5.407202418742826922e+00
4.033225960814070845e+02 -1.244946827109768073e+01 5.377482702687860439e+00
4.033595716462780274e+02 -1.220610728563134728e+01 5.348368890527154029e+00
4.033740376164765848e+02 -1.196011682837206003e+01 5.320009889012763615e+00
4.033671142102302269e+02 -1.171159773574633434e+01 5.292331928755014125e+00
4.033324892098682994e+02 -1.146050155467521137e+01 5.265409985600495446e+00
4.032861313033303645e+02 -1.120707626218338682e+01 5.239096366923467585e+00
4.032142915752869499e+02 -1.095127201632890390e+01 5.213540699883963292e+00
4.031180735539185207e+02 -1.069318687651297139e+01 5.188669950585296675e+00
4.029985764581445551e+02 -1.043299253960661410e+01 5.164485561691456006e+00
4.028643234980854118e+02 -1.017086007640042844e+01 5.141063455964355100e+00
4.027089767770348772e+02 -9.907034235370588249e+00 5.118405472723794425e+00
4.025261939472110839e+02 -9.641536329230945057e+00 5.096513654739985633e+00
4.023244848680475343e+02 -9.374684240298854832e+00 5.075390251546178177e+00
4.020974981655278384e+02 -9.106572457098423001e+00 5.055037722671270828e+00
4.018537345960621110e+02 -8.837369229750576594e+00 5.035533024292216275e+00
4.015868336108935637e+02 -8.567316591597943898e+00 5.016804761791052947e+00
4.012978583747676566e+02 -8.296433247050622128e+00 4.998930326741380270e+00
4.009952957363399264e+02 -8.024960294673038064e+00 4.981838765783820122e+00
4.006653428000457211e+02 -7.752989831944832488e+00 4.965533633925629964e+00
4.003090486526399445e+02 -7.480762111730643760e+00 4.950092997236269277e+00
3.999348859906208986e+02 -7.208294147398937035e+00 4.935372301434044040e+00
3.995438943997386900e+02 -6.935899720127084223e+00 4.921524358898601292e+00
3.991222519870417500e+02 -6.663595133810291671e+00 4.908479366543928357e+00
3.986858454669015828e+02 -6.391767789639120956e+00 4.896242042112194603e+00
3.982208433457145702e+02 -6.120581941245670343e+00 4.884817342845599875e+00
3.977430717276913583e+02 -5.850238060936433726e+00 4.874212481432991240e+00
3.972384345486478310e+02 -5.580636639410019306e+00 4.864442969610271561e+00
3.967150649756904386e+02 -5.311937283301901402e+00 4.855452294838658034e+00
3.961736629860261587e+02 -5.044076545170139703e+00 4.847332758642457939e+00
3.956074953636093596e+02 -4.776990797505411557e+00 4.840102627695698878e+00
3.950172523980896244e+02 -4.510690539761076145e+00 4.833780418796847833e+00
3.944036195347480316e+02 -4.245260421892593783e+00 4.828236333212503339e+00
3.937747057266120123e+02 -3.980562133885580778e+00 4.823637958916140001e+00
3.931163300369418039e+02 -3.716680130295384910e+00 4.819856003665601740e+00
3.924440200960358993e+02 -3.453624519735613241e+00 4.816984280490631321e+00
3.917435853058010480e+02 -3.191331088339195432e+00 4.814968291022226232e+00
3.910231152995444859e+02 -2.929958457180533937e+00 4.813902360215331022e+00
3.902758382001921973e+02 -2.669368121110674785e+00 4.813732502921912015e+00
3.895098340321474666e+02 -2.409867307064956776e+00 4.814479274851493962e+00
3.887183213325080828e+02 -2.151317595235791469e+00 4.816089205888928859e+00
3.879093705656111979e+02 -1.893877777211374180e+00 4.818657650794381908e+00
3.870761907368872130e+02 -1.637558177976010443e+00 4.822131655255776472e+00
3.862268428100061897e+02 -1.382517812828909509e+00 4.826532806328822645e+00
3.853545263233031051e+02 -1.128618709163042633e+00 4.831882948737871608e+00
3.844598644592315395e+02 -8.760944806591657308e-01 4.838129901048107584e+00
3.835434757140932334e+02 -6.249560818075637902e-01 4.845296022217478793e+00
3.826059739193006521e+02 -3.751403973181330342e-01 4.853403927514372107e+00
3.816553966141856904e+02 -1.268073983923673764e-01 4.862327920807170578e+00
3.806774916688697203e+02 1.201055361791310144e-01 4.872239694749400662e+00
3.796802874109677646e+02 3.654378970444338570e-01 4.883014061807006811e+00
3.786643792511536049e+02 6.091031565041421514e-01 4.894674654199206110e+00
3.776229297111149776e+02 8.511630303840855838e-01 4.907171072197088257e+00
3.765639535036856955e+02 1.091530322567330069e+00 4.920527449816739285e+00
3.754880325129402650e+02 1.329968903712949402e+00 4.934693886386214423e+00
3.743957441767926184e+02 1.566613674673943857e+00 4.949695012008159978e+00
3.732802331706433279e+02 1.801227710559420103e+00 4.965555702402870253e+00
3.721494964936170504e+02 2.033870791535490774e+00 4.982226793640956330e+00
3.709966701046889739e+02 2.264379397782480652e+00 4.999659363773010234e+00
3.698297423624952671e+02 2.492738106683032751e+00 5.017804730850699890e+00
3.686418406648747350e+02 2.718782438693506442e+00 5.036763017849078317e+00
3.674409448921870194e+02 2.942495971446100533e+00 5.056411732969607442e+00
3.662201740504534087e+02 3.163713186046514192e+00 5.076702901366295428e+00
3.649800713681113393e+02 3.382490865115093559e+00 5.097737346266783653e+00
3.637286043439246441e+02 3.598588089023757153e+00 5.119467552485875927e+00
3.624663080963363768e+02 3.812060484902280333e+00 5.141771947358340533e+00
3.611862854152993236e+02 4.022740223343806321e+00 5.164677748585702943e+00
3.598890635166114862e+02 4.230607417383660085e+00 5.188138110979043205e+00
3.585751657475372554e+02 4.435567253706925506e+00 5.212106407124768026e+00
3.572525399949788039e+02 4.637449974619046067e+00 5.236610507965374417e+00
3.559142736947179060e+02 4.836307994288171486e+00 5.261604212789438684e+00
3.545608789442346733e+02 5.032044463733603479e+00 5.287041529647790838e+00
3.532002925668595594e+02 5.224413253602478768e+00 5.312876672187542226e+00
3.518255911272517551e+02 5.413538921746890331e+00 5.339064056408240333e+00
3.504372760504497819e+02 5.599099578046287995e+00 5.365632580844092558e+00
3.490432736922244885e+02 5.781143986583152206e+00 5.392462772661513526e+00
3.476439493743606590e+02 5.959506876715508383e+00 5.419593246322436109e+00
3.462317194492347312e+02 6.134134846770166405e+00 5.446951550399070641e+00
3.448062960864746742e+02 6.304983279716494415e+00 5.474623313608174335e+00
3.433748166878383472e+02 6.472006732950132957e+00 5.502620062501825338e+00
3.419369872668593757e+02 6.635233207057368077e+00 5.530879217719224528e+00
3.404925108810625147e+02 6.794689847922701809e+00 5.559486940679144062e+00
3.390410877156833180e+02 6.950254365691296954e+00 5.588455279191410163e+00
3.375749868188252663e+02 7.101952155112463139e+00 5.617647880008684425e+00
3.361013312392288981e+02 7.249807715243134609e+00 5.647225685831949171e+00
3.346198130640779027e+02 7.393696069535223181e+00 5.677201230223200668e+00
3.331301218592555529e+02 7.533714170833272661e+00 5.707438633471218381e+00
3.316319447607137931e+02 7.669735188245886626e+00 5.738025015909069992e+00
3.301249665671149955e+02 7.801779912954974527e+00 5.768973359649000265e+00
3.286088698336504308e+02 7.929868179925904315e+00 5.800222504268229606e+00
3.270833349669366612e+02 8.054018857049586089e+00 5.831859992944200322e+00
3.255554686711421368e+02 8.174026984212021674e+00 5.863824934014989942e+00
3.240175189939889151e+02 8.290058031333948918e+00 5.896056563498463632e+00
3.224765888252794070e+02 8.401979337318374874e+00 5.928717091058741673e+00
3.209249225940947667e+02 8.509805801992845531e+00 5.961597427390752379e+00
3.193621914183084414e+02 8.613625593998508023e+00 5.994860014596651077e+00
3.178029215540656196e+02 8.713303008642318659e+00 6.028370269962648464e+00
3.162319243938750901e+02 8.808924161250654805e+00 6.062216565724912520e+00
3.146488666679637163e+02 8.900425562477748187e+00 6.096264523253289269e+00
3.130682705442976612e+02 8.987816962121279118e+00 6.130676992719186202e+00
3.114749436271710579e+02 9.071032775917140967e+00 6.165245496676497794e+00
3.098834058592760812e+02 9.150229213845083365e+00 6.200133060144499275e+00
3.082858911699108830e+02 9.225264290406220979e+00 6.235205654099358341e+00
3.066820609757461966e+02 9.296217804437764798e+00 6.270403607958388470e+00
3.050790042803143365e+02 9.363109057605473851e+00 6.305890171516269405e+00
3.034689527224030599e+02 9.425904279062525148e+00 6.341457241817634483e+00
3.018589940757773888e+02 9.484628047519612082e+00 6.377268193037891386e+00
3.002413589464180177e+02 9.539296433417662868e+00 6.413115036279450010e+00
2.986231342712153491e+02 9.589954138512814197e+00 6.449086965882956157e+00
2.970114067145627814e+02 9.636615067416265390e+00 6.485124653170719178e+00
2.953909777140557367e+02 9.679306896545146088e+00 6.521243091684763016e+00
2.937763620279949350e+02 9.718071073477489108e+00 6.557308741384475503e+00
2.921523610284139636e+02 9.752910818359245226e+00 6.593410940841283541e+00
2.905334895973418838e+02 9.783872836117028626e+00 6.629490484388163019e+00
2.889194061187780562e+02 9.810987890514079268e+00 6.665488183769067376e+00
2.872986267464793286e+02 9.834305718749044800e+00 6.701419146271102356e+00
2.856819530719185423e+02 9.853873491083311009e+00 6.737149918834931306e+00
2.840675589690997072e+02 9.869735813170324334e+00 6.772769900176260904e+00
2.824558473851991494e+02 9.881927300515862100e+00 6.808219917876482619e+00
2.808464790897501189e+02 9.890498580990547239e+00 6.843366506485523360e+00
2.792406012681472021e+02 9.895496242041494028e+00 6.878299036132606403e+00
2.776386191041461871e+02 9.896980662954804941e+00 6.912958289617947116e+00
2.760416815366406809e+02 9.895048304586996579e+00 6.947210740526341688e+00
2.744494528404731000e+02 9.889764859345547166e+00 6.981145681858060392e+00
2.728630840515888849e+02 9.881209826868939672e+00 7.014629519648154954e+00
2.712829845461949390e+02 9.869454234993362718e+00 7.047677185129634481e+00
2.697094788225198272e+02 9.854546156182067307e+00 7.080236954665004134e+00
2.681440338434212549e+02 9.836467244339520022e+00 7.112287755247904464e+00
2.665850605181561264e+02 9.815161355463612125e+00 7.143890415419844153e+00
2.650331997653227063e+02 9.790615900521093096e+00 7.174957133743421700e+00
2.634890940881054462e+02 9.762787570051768782e+00 7.205622891096814975e+00
2.619519019837957785e+02 9.731639484422998976e+00 7.235725460974049561e+00
2.604215265277008484e+02 9.697133774371760495e+00 7.265399672361747996e+00
2.588986154512451208e+02 9.659216733578929848e+00 7.294631703622806995e+00
2.573830755492965068e+02 9.617959966973881336e+00 7.323333360942468673e+00
2.558748155918431166e+02 9.573203839940756410e+00 7.351564923827297982e+00
2.543737463999221688e+02 9.525084901566096107e+00 7.379312289639837097e+00
2.528820094258945517e+02 9.473590194358624927e+00 7.406635535699072292e+00
2.513980341477111722e+02 9.418780115839970435e+00 7.433446063924639802e+00
2.499232236578587845e+02 9.360565579462656771e+00 7.459729446554567822e+00
2.484582405611973854e+02 9.299079443883975671e+00 7.485619704919163730e+00
2.470022642121213039e+02 9.234230824042425567e+00 7.511027887263471037e+00
2.455559621260477456e+02 9.166076521085884110e+00 7.535939198157972641e+00
2.441200043799325101e+02 9.094672468100899465e+00 7.560338710464712619e+00
2.426935780119339938e+02 9.020073743160102353e+00 7.584285644378498503e+00
2.412773584303445489e+02 8.942186015672545452e+00 7.607690512530060012e+00
2.398712809764266183e+02 8.861136977554364691e+00 7.630612249680557291e+00
2.384752838263906085e+02 8.776979223174762978e+00 7.653109641476662617e+00
2.370893080573472957e+02 8.689615980102512793e+00 7.675018469780470198e+00
2.357140405472385964e+02 8.599172541155928329e+00 7.696397209600561951e+00
2.343494283686016502e+02 8.505699145214057566e+00 7.717229891078432935e+00
2.329961645212875112e+02 8.409245275819840160e+00 7.737574662571405248e+00
2.316534594888616141e+02 8.309933960058190294e+00 7.757415219808453166e+00
2.303220126389281575e+02 8.207738933694768590e+00 7.776660802134963468e+00
2.290025266120028107e+02 8.102856074601149317e+00 7.795369039350103613e+00
2.276942217090246459e+02 7.995183434412103551e+00 7.813523097615242996e+00
2.263978072876020917e+02 7.884841239475716357e+00 7.831105959459387478e+00
2.251125104765876586e+02 7.771949057031995345e+00 7.848174703872359714e+00
2.238397904043490030e+02 7.656551528645694660e+00 7.864563368974183177e+00
2.225788812401808912e+02 7.538766954391282304e+00 7.880402933301208002e+00
2.213297635843296973e+02 7.418638743267993441e+00 7.895675611649694225e+00
2.200931645162266364e+02 7.296209714357909881e+00 7.910289135527534654e+00
2.188675863008803333e+02 7.171596398214505008e+00 7.924225317199552698e+00
2.176552491137778134e+02 7.044914771471765924e+00 7.937614330321940415e+00
2.164554055685245260e+02 6.916280275176134751e+00 7.950289006151415094e+00
2.152680549329546977e+02 6.785882116835722400e+00 7.962379098881879891e+00
2.140932003331713247e+02 6.653686155166176341e+00 7.973791298536646366e+00
2.129323344607055333e+02 6.519954903567199977e+00 7.984580645984088676e+00
2.117839825974859593e+02 6.384727564761025320e+00 7.994653396524646460e+00
2.106496453291403839e+02 6.248191467651227349e+00 8.004138435094546367e+00
2.095278558958543158e+02 6.110459236345064937e+00 8.012867289534094439e+00
2.084201229015648664e+02 5.971643093362316357e+00 8.020894112986059810e+00
2.073264733307260883e+02 5.831854879510362188e+00 8.028272831364304807e+00
2.062454525731312742e+02 5.691280357422985325e+00 8.034982857923303357e+00
2.051785814567858779e+02 5.550030664744590503e+00 8.040929091426221476e+00
2.041251564233529905e+02 5.408216617966399298e+00 8.046164764917165257e+00
2.030852406071175267e+02 5.265993477701993442e+00 8.050668304300726774e+00
2.020589801774189027e+02 5.123323786189135198e+00 8.054416742479768132e+00
2.010472880269786060e+02 4.980288854599240977e+00 8.057460869238711965e+00
2.000488527237188521e+02 4.836746905041355404e+00 8.059776952168418163e+00
1.990645955311217676e+02 4.692778792494462614e+00 8.061266735420215213e+00
1.980946990763049200e+02 4.548316608299118435e+00 8.062054572569275379e+00
1.971393501912110366e+02 4.403440835247629970e+00 8.062116008055173921e+00
1.961987399167910837e+02 4.258083234719428845e+00 8.061352059737737719e+00
1.952730635052356263e+02 4.112324001890391045e+00 8.059886352061225168e+00
1.943617775852605973e+02 3.966020369462281536e+00 8.057619414294682869e+00
1.934650858305847692e+02 3.819400896955677194e+00 8.054600097401742431e+00
1.925839389565086606e+02 3.672322656977005995e+00 8.050802722992635552e+00
1.917170633745826933e+02 3.524865524537943440e+00 8.046275649891633464e+00
1.908661610307812850e+02 3.377035064339938497e+00 8.040992706797814193e+00
1.900299667165689641e+02 3.228911119056814272e+00 8.034927475557113397e+00
1.892094479036524319e+02 3.080424980075608055e+00 8.028053291036311379e+00
1.884033477217558641e+02 2.931656542713500180e+00 8.020491808106703147e+00
1.876126419550857065e+02 2.782537193360908212e+00 8.012141584215495271e+00
1.868375676869745519e+02 2.633221248081066612e+00 8.002975213585303393e+00
1.860768804480665324e+02 2.483714556106373816e+00 7.993113611012227615e+00
1.853323112081812098e+02 2.333978517660205032e+00 7.982380311252544658e+00
1.846018808413418242e+02 2.184071243427551767e+00 7.970970021053640941e+00
1.838865856198261781e+02 2.034051006703260889e+00 7.958780068246663397e+00
1.831866830164725855e+02 1.883991120667784847e+00 7.945781819981205807e+00
1.825016916807433063e+02 1.733942817073493847e+00 7.932094967057042645e+00
1.818311342484741431e+02 1.583987264984771715e+00 7.917690390850610882e+00
1.811760229853344413e+02 1.434168735753915902e+00 7.902538731363530466e+00
1.805358884188427453e+02 1.284576334830831223e+00 7.886758955378235569e+00
1.799110078142842042e+02 1.135254881335234778e+00 7.870246940203021957e+00
1.793001766392185914e+02 9.862643544417770691e-01 7.853046892548667834e+00
1.787044227069451665e+02 8.376576277103938706e-01 7.835202782993921922e+00
1.781232919684826754e+02 6.894879166058860420e-01 7.816758347561954423e+00
1.775563341484986495e+02 5.418013690959536666e-01 7.797608522397135644e+00
1.770031027099691414e+02 3.946593694202942815e-01 7.777870863064213935e+00
1.764631548176204774e+02 2.481162715195257829e-01 7.757439845424100255e+00
1.759375369702050875e+02 1.022119889177889041e-01 7.736432568643046181e+00
1.754250707863851062e+02 -4.296856049701435615e-02 7.714817339776820937e+00
1.749253243046193802e+02 -1.873585777343026171e-01 7.692562242973967734e+00
1.744386119417260659e+02 -3.308930228833771858e-01 7.669783708779507769e+00
1.739645087801627881e+02 -4.734974554171302308e-01 7.646449382522979121e+00
1.735025933591436740e+02 -6.151028740038211318e-01 7.622600977322133708e+00
1.730531904645096404e+02 -7.556271290308852473e-01 7.598205709670817321e+00
1.726151425772428638e+02 -8.950120480493587438e-01 7.573304869132229555e+00
1.721887811658939995e+02 -1.033169192809216597e+00 7.547939537618447936e+00
1.717736981325605257e+02 -1.170024413656820306e+00 7.522076308762233765e+00
1.713687457626616606e+02 -1.305495549088474316e+00 7.495830141389283163e+00
1.709750080135248993e+02 -1.439507267367764243e+00 7.469167228561807370e+00
1.705913434514308165e+02 -1.571976195058357728e+00 7.442127851226445046e+00
1.702166137025842829e+02 -1.702818330927590385e+00 7.414752097937247655e+00
1.698526547378118039e+02 -1.831956460173368884e+00 7.387005584661657132e+00
1.694969350427991799e+02 -1.959331130312913505e+00 7.358995431523343456e+00
1.691502436419140167e+02 -2.084926178421537379e+00 7.330652500798439775e+00
1.688127161322092604e+02 -2.208728320589916194e+00 7.301900598927574926e+00
1.684844908806724391e+02 -2.330731006137436889e+00 7.272886207796743996e+00
1.681657089623657555e+02 -2.450956690197860777e+00 7.243458503911440083e+00
1.678557712622779832e+02 -2.569352824689277170e+00 7.213689346675582037e+00
1.675555669160302728e+02 -2.685866130030443166e+00 7.183501864708156326e+00
1.672645019041816852e+02 -2.800613435752628444e+00 7.152893310244829550e+00
1.669827274905095180e+02 -2.913413683333850646e+00 7.121860779592536161e+00
1.667103973190153283e+02 -3.024382183464370044e+00 7.090475500649256801e+00
1.664476673448159545e+02 -3.133336337619258227e+00 7.058808553476945136e+00
1.661946957639274274e+02 -3.240389896019436833e+00 7.026708023924760127e+00
1.659509001069579881e+02 -3.345432963405266413e+00 6.994244708828021295e+00
1.657164428368513995e+02 -3.448429123688955045e+00 6.961489269735166907e+00
1.654914884405777968e+02 -3.549415430949904859e+00 6.928437953687984319e+00
1.652762033549212219e+02 -3.648428117281763861e+00 6.895012597550039146e+00
1.650700130563667472e+02 -3.745354017492673826e+00 6.861209199383546675e+00
1.648730876552429834e+02 -3.840227695177787393e+00 6.827097922862040313e+00
1.646848561490041050e+02 -3.933082868135486798e+00 6.792600251214348184e+00
1.645054920149113116e+02 -4.023803834143801161e+00 6.757860409224612397e+00
1.643351702970041686e+02 -4.112571165118804828e+00 6.722651099733900182e+00
1.641733246924998753e+02 -4.199193149098973343e+00 6.687190626720834530e+00
1.640201331427643083e+02 -4.283774335639818354e+00 6.651400064859270600e+00
1.638750320837471861e+02 -4.366195545535489053e+00 6.615274681640528343e+00
1.637382020361514776e+02 -4.446559566441742994e+00 6.578883942008231678e+00
1.636098246902312212e+02 -4.524819730341975266e+00 6.542297229513573065e+00
1.634885971553384536e+02 -4.600928475903419468e+00 6.505361000486324485e+00
1.633754460544896290e+02 -4.674837344202750877e+00 6.468218773249679643e+00
1.632698132685954135e+02 -4.746719825335691922e+00 6.430865431819312583e+00
1.631711415258491229e+02 -4.816377086877511537e+00 6.393221514134828531e+00
1.630796171561398751e+02 -4.883980805768907807e+00 6.355430350811608342e+00
1.629946843405087691e+02 -4.949404614036843952e+00 6.317412368878655649e+00
1.629157878658609206e+02 -5.012744080939628866e+00 6.279236514053279983e+00
1.628438587149462080e+02 -5.073945293468295148e+00 6.240897405003139831e+00
1.627775998114699121e+02 -5.133101988758636658e+00 6.202315338121595190e+00
1.627164572807890579e+02 -5.190084135370611307e+00 6.163633426317003838e+00
1.626613632059494137e+02 -5.245057916989518176e+00 6.124920469784462362e+00
1.626110213740402628e+02 -5.297891463982912441e+00 6.086022393783284912e+00
1.625656213733147126e+02 -5.348674837889854317e+00 6.047082237936125537e+00
1.625246100106693063e+02 -5.397497181281366352e+00 6.008168743495774677e+00
1.624874340698251558e+02 -5.444223868018419843e+00 5.969276358120449544e+00
1.624542830701480511e+02 -5.488942205430791255e+00 5.930399524146315215e+00
1.624246035210651655e+02 -5.531738585372935724e+00 5.891606966853007776e+00
1.623985845172845188e+02 -5.572549919182377742e+00 5.852967415715900401e+00
1.623749291596184321e+02 -5.611386490551160122e+00 5.814401042146065457e+00
1.623538258217320447e+02 -5.648406241793047400e+00 5.775902314731570009e+00
1.623347195724880976e+02 -5.683543359496487035e+00 5.737688570963654477e+00
1.623170549391768418e+02 -5.716805412100458561e+00 5.699605753923939311e+00
1.623010186715437726e+02 -5.748273353860275492e+00 5.661722684996176369e+00
1.622853111665240249e+02 -5.777952962207312915e+00 5.624033934531285972e+00
1.622701846745516434e+02 -5.805909823210006593e+00 5.586676042428909916e+00
1.622561583677093324e+02 -5.832154294310288201e+00 5.549610485016608585e+00
1.622415889601452363e+02 -5.856607985294633778e+00 5.512792150419025816e+00
1.622285463857546404e+02 -5.879191634049178106e+00 5.476175977734398792e+00
1.622153853818089999e+02 -5.899973679900568868e+00 5.439865528609387546e+00
1.622019452688165870e+02 -5.918947419831552814e+00 5.403815857773646592e+00
1.621895498860060343e+02 -5.935956732085439391e+00 5.368056368065093231e+00
1.621772933524764255e+02 -5.951067501166115825e+00 5.332467964411830685e+00
1.621657541793799453e+02 -5.964270491692123422e+00 5.297154475804356721e+00
1.621540238676529668e+02 -5.975555640135655544e+00 5.262145525713890493e+00
1.621426781867110947e+02 -5.984912063426944151e+00 5.227322252985211470e+00
1.621308057737008710e+02 -5.992253784419117046e+00 5.192788733710177240e+00
1.621197222487235763e+02 -5.997716875223347621e+00 5.158500568039930734e+00
1.621085131455240287e+02 -6.001213765871194816e+00 5.124487734979429554e+00
1.620970051931634828e+02 -6.002656104845858209e+00 5.090706029629995300e+00
1.620850234232971445e+02 -6.002177619953619647e+00 5.057111350898209956e+00
1.620731339482274791e+02 -5.999762711509006863e+00 5.023882556166869406e+00
1.620611582346084560e+02 -5.995320746861981576e+00 4.990827197393829628e+00
1.620481730479251041e+02 -5.988908922250113065e+00 4.957975793204266068e+00
1.620347389027790541e+02 -5.980509423948469738e+00 4.925433265909773262e+00
1.620206715037593312e+02 -5.970178007237136875e+00 4.893081811472200116e+00
1.620057845271578856e+02 -5.957895441656327229e+00 4.861026604440520593e+00
1.619898895684158902e+02 -5.943790374063449455e+00 4.829224384306256113e+00
1.619735389253658013e+02 -5.927767923951576812e+00 4.797706309823106530e+00
1.619557970421604409e+02 -5.909955397568583457e+00 4.766503679258736526e+00
1.619372117991854623e+02 -5.890405167275888587e+00 4.735647934089379341e+00
1.619175859586263755e+02 -5.869094685173312342e+00 4.705170662632791156e+00
1.618974627860173712e+02 -5.846075063976353903e+00 4.674955036612480797e+00
1.618751546625256310e+02 -5.821396807624524605e+00 4.645107232173836920e+00
1.618512000484003011e+02 -5.795035542119531868e+00 4.615659299310197028e+00
1.618268777671725616e+02 -5.767114880594140125e+00 4.586494881726776107e+00
1.617997499507403631e+02 -5.737683587578089828e+00 4.557720637648128736e+00
1.617710903458763028e+02 -5.706641310471847639e+00 4.529294825527014012e+00
1.617406844263751964e+02 -5.674184295731810934e+00 4.501175874195433302e+00
1.617083150215299270e+02 -5.640285419707989689e+00 4.473470952938264134e+00
1.616737622757059967e+02 -5.604991338185286942e+00 4.446138840472638520e+00
1.616368036091070337e+02 -5.568496785584429176e+00 4.419138494861278410e+00
1.615979565148012114e+02 -5.530773173306304358e+00 4.392577623342775794e+00
1.615569928519540213e+02 -5.491865739748420516e+00 4.366341267559810113e+00
1.615129388104369923e+02 -5.451893566452341133e+00 4.340611790730729780e+00
1.614663033818821702e+02 -5.410901027378586470e+00 4.315274612195583614e+00
1.614175926570274555e+02 -5.368932088812997883e+00 4.290363910907234235e+00
1.613650812894946114e+02 -5.326178892891253902e+00 4.265839777308692682e+00
1.613107551463442348e+02 -5.282536073210998495e+00 4.241811066132421537e+00
1.612521400946963581e+02 -5.238195039578209311e+00 4.218238264587792052e+00
1.611912159955059849e+02 -5.193198293810221244e+00 4.195007777965309437e+00
1.611269883284058722e+02 -5.147662297144879773e+00 4.172303349153692942e+00
1.610584595085490491e+02 -5.101554636710887713e+00 4.150011792526199450e+00
1.609868573701085950e+02 -5.055139743589166734e+00 4.128168696762477552e+00
1.609119209712876284e+02 -5.008384641900636147e+00 4.106884143052350389e+00
1.608333803615921624e+02 -4.961456600881622769e+00 4.085970431480159704e+00
1.607509389115184320e+02 -4.914284685768773642e+00 4.065608060925487877e+00
1.606650337869180589e+02 -4.866998241372153977e+00 4.045828319069117107e+00
1.605753561507850407e+02 -4.819503557946578809e+00 4.026439857894076546e+00
1.604823368222943998e+02 -4.771781022510952042e+00 4.007697246399094304e+00
1.603849177625222353e+02 -4.723885136177930377e+00 3.989409569654630339e+00
1.602835234071471575e+02 -4.675647397487463941e+00 3.971608981306174790e+00
1.601778321557843867e+02 -4.627196304275613237e+00 3.954402137444308352e+00
1.600690048732689377e+02 -4.578437386509872198e+00 3.937673063364050652e+00
1.599552278775046830e+02 -4.529350357647510705e+00 3.921528855243296086e+00
1.598376556194401701e+02 -4.479989131973449723e+00 3.905853979685418143e+00
1.597152108394288064e+02 -4.430333274916695707e+00 3.890681691683581356e+00
1.595882987456264459e+02 -4.380362303852307626e+00 3.876045467962116131e+00
1.594573213489282466e+02 -4.329981421870090053e+00 3.861904723715195775e+00
1.593219346346145642e+02 -4.279392952524993632e+00 3.848293379748197296e+00
1.591825342407261701e+02 -4.228502089015396592e+00 3.835245579007370509e+00
1.590380269629346515e+02 -4.177288328849003030e+00 3.822721403005831853e+00
1.588888021061706297e+02 -4.125879774448085513e+00 3.810681155151668165e+00
1.587359886626707066e+02 -4.074107449180885077e+00 3.799159643973846201e+00
1.585777411514279436e+02 -4.022173865868665210e+00 3.788117615739340582e+00
1.584159251494518230e+02 -3.969984492180083535e+00 3.777664604482475763e+00
1.582494317939951713e+02 -3.917593468489855457e+00 3.767687513914906638e+00
1.580778919764997852e+02 -3.865129341140887131e+00 3.758296317764919348e+00
1.579031620327938015e+02 -3.812423661611621828e+00 3.749378357989695321e+00
1.577233810843154629e+02 -3.759679554627880282e+00 3.740969761419230100e+00
1.575389137409687521e+02 -3.706803183133298152e+00 3.733032588285678965e+00
1.573508644549146993e+02 -3.653849465694778420e+00 3.725677681674596009e+00
1.571581062054513609e+02 -3.600873525779862749e+00 3.718718965361706985e+00
1.569609947002137744e+02 -3.547930707924552785e+00 3.712341994096919340e+00
1.567598827322498494e+02 -3.494928026775701912e+00 3.706435400754229725e+00
1.565543773731298813e+02 -3.441995600524332399e+00 3.700962312429295409e+00
1.563448256720990628e+02 -3.389115249180911782e+00 3.695960348938486018e+00
1.561308290160600052e+02 -3.336343360731526708e+00 3.691467337730994114e+00
1.559127288305484456e+02 -3.283662339635784910e+00 3.687372745215658387e+00
1.556901209414683080e+02 -3.231203472685264533e+00 3.683714809021369607e+00
1.554648269478050224e+02 -3.179024093688270547e+00 3.680531969162774697e+00
1.552356944098629015e+02 -3.127107598496976948e+00 3.677788582630290737e+00
1.550030538936011624e+02 -3.075660593872730164e+00 3.675449204908419976e+00
1.547672333355198475e+02 -3.024592927645430862e+00 3.673552871419024868e+00
1.545285580783264834e+02 -2.974037687722649981e+00 3.672064528383510051e+00
1.542873509073157265e+02 -2.923979798877031744e+00 3.670949314120459661e+00
1.540431892524223656e+02 -2.874627454359847789e+00 3.670246840272717748e+00
1.537963908960374511e+02 -2.825817861776803497e+00 3.669848338955367772e+00
1.535465283414027624e+02 -2.777685808294115155e+00 3.669868077856102584e+00
1.532954001918285769e+02 -2.730292256590783229e+00 3.670197656741783110e+00
1.530410885102812131e+02 -2.683698641600237078e+00 3.670877422427738068e+00
1.527846443750648859e+02 -2.637818316512225980e+00 3.671799332160965434e+00
1.525271165808473768e+02 -2.592936550058427159e+00 3.673078368463726928e+00
1.522665803403609459e+02 -2.548893420507578167e+00 3.674606835388656734e+00
1.520055656771314148e+02 -2.505900946463806012e+00 3.676351489739190903e+00
1.517428263716044796e+02 -2.463938139391759208e+00 3.678358274998375865e+00
1.514791029499163812e+02 -2.423090358474709660e+00 3.680617961748999800e+00
1.512143311236409318e+02 -2.383284262484591132e+00 3.683126217884065134e+00
1.509477017468242934e+02 -2.344521362957921795e+00 3.685878868813478704e+00
1.506791465320280281e+02 -2.306878035114339642e+00 3.688946177895894074e+00
1.504093380970551550e+02 -2.270208394476998848e+00 3.692249992807657755e+00
1.501374615073418965e+02 -2.234664291726758734e+00 3.695860876377280224e+00
1.498634428292515963e+02 -2.200175338222638999e+00 3.699700969348854507e+00
1.495872063440269528e+02 -2.166746049745540859e+00 3.703885691217090770e+00
1.493094174325601671e+02 -2.134307288918202428e+00 3.708344891038841240e+00
1.490292541208349917e+02 -2.102939124823969497e+00 3.713090264668341245e+00
1.487466356362962472e+02 -2.072573707790028141e+00 3.718133639483438557e+00
1.484622224599227991e+02 -2.043366695370970820e+00 3.723472114217675433e+00
1.481751878740053598e+02 -2.015177275976193449e+00 3.729102912148007043e+00
1.478869321908998415e+02 -1.988013877699890797e+00 3.735038234237974653e+00
1.475966257972779374e+02 -1.962034175802871205e+00 3.741275542135727328e+00
1.473041805493906793e+02 -1.937099398842961229e+00 3.747804982880654112e+00
1.470102498289847119e+02 -1.913294319998628534e+00 3.754639098618990367e+00
1.467147429299063504e+02 -1.890555846020804731e+00 3.761768252776149790e+00
1.464175679505022742e+02 -1.868970157363064377e+00 3.769190339691707248e+00
1.461186318516949711e+02 -1.848549863448124553e+00 3.776903352464385133e+00
1.458178405157351278e+02 -1.829159724591503444e+00 3.784890522409022129e+00
1.455158416406272579e+02 -1.810888074590817132e+00 3.793150028578389232e+00
1.452117962950744356e+02 -1.793749691442109606e+00 3.801680137147987359e+00
1.449070931542070468e+02 -1.777685801714769642e+00 3.810471769116716256e+00
1.446001487155585323e+02 -1.762786935082001127e+00 3.819523353025206625e+00
1.442923500409234236e+02 -1.748921510478967711e+00 3.828818535891028052e+00
1.439835978083289376e+02 -1.736181540436008364e+00 3.838348464214921041e+00
1.436730492095990996e+02 -1.724511216532223390e+00 3.848104351556933089e+00
1.433620893533632170e+02 -1.714004046019689032e+00 3.858077474435143817e+00
1.430498743181313444e+02 -1.704531436574230563e+00 3.868251739848004966e+00
1.427370453909109358e+02 -1.696262682725944382e+00 3.878625966173271600e+00
1.424235006258315650e+02 -1.688996415900771764e+00 3.889184165592150855e+00
1.421098805780488874e+02 -1.682829157159388300e+00 3.899902968243706081e+00
1.417953398626169701e+02 -1.677783900555076313e+00 3.910781331410642991e+00
1.414812613935972934e+02 -1.673735830157250248e+00 3.921795965185053134e+00
1.411675422728928879e+02 -1.670858021250164027e+00 3.932931041621225532e+00
1.408533366891481080e+02 -1.668952888653883804e+00 3.944178190473844214e+00
1.405400273215780942e+02 -1.668195021254782695e+00 3.955514209873931986e+00
1.402275112283680585e+02 -1.668388346150577073e+00 3.966923347097008001e+00
1.399149427449584948e+02 -1.669634679009882383e+00 3.978397294273239737e+00
1.396037048870807666e+02 -1.671888021564019278e+00 3.989898042341452733e+00
1.392936952381870412e+02 -1.675177410293949398e+00 4.001417303553717275e+00
1.389840688465933454e+02 -1.679458347280132990e+00 4.012924508725837391e+00
1.386762096272051963e+02 -1.684687081238348982e+00 4.024418801393500722e+00
1.383692734124502977e+02 -1.690820604734676547e+00 4.035862178368810227e+00
1.380646450229164373e+02 -1.697965218090139228e+00 4.047238912258086074e+00
1.377614813170490038e+02 -1.706079391958347014e+00 4.058518405435817655e+00
1.374611682604613634e+02 -1.714973763604333623e+00 4.069692327533020126e+00
1.371628639742183395e+02 -1.724831117395451363e+00 4.080722612737103461e+00
1.368679024567727822e+02 -1.735538384111118937e+00 4.091598891666433424e+00
1.365759194280661575e+02 -1.747126574462972259e+00 4.102325086719988079e+00
1.362864980932474452e+02 -1.759635398384793881e+00 4.112903094924964975e+00
1.359999653787455145e+02 -1.773075562905638725e+00 4.123342202817805280e+00
1.357166491515229154e+02 -1.787451051697474647e+00 4.133644225605548783e+00
1.354361354374206314e+02 -1.802781404337796101e+00 4.143818359757757364e+00
1.351580113086239976e+02 -1.819071996838915517e+00 4.153866322229467833e+00
1.348826077701868940e+02 -1.836336320350860030e+00 4.163789774769375285e+00
1.346095141405253344e+02 -1.854595974538822301e+00 4.173597748264811891e+00
1.343390637710504905e+02 -1.873858375638713936e+00 4.183291782075181153e+00
1.340708484247329864e+02 -1.894124177645829743e+00 4.192873348457568206e+00
1.338052039937992959e+02 -1.915387264889025110e+00 4.202336420335465839e+00
1.335417248763601208e+02 -1.937657029394744601e+00 4.211697180864641510e+00
1.332807496921740835e+02 -1.960936077892136753e+00 4.220949449544320942e+00
1.330226184923783990e+02 -1.985220223615063562e+00 4.230094391880766302e+00
1.327669299682705457e+02 -2.010505906203856608e+00 4.239133087351450335e+00
1.325140271642247853e+02 -2.036805039710428922e+00 4.248066525773116275e+00
1.322635118495819597e+02 -2.064100433558012426e+00 4.256895603725228128e+00
1.320157302297253352e+02 -2.092382925113792869e+00 4.265613692680271463e+00
1.317702873161577202e+02 -2.121643941923882615e+00 4.274221492243408527e+00
1.315275326357948131e+02 -2.151875492065888018e+00 4.282682456650317881e+00
1.312878174343165654e+02 -2.183062725922415570e+00 4.291086215133451454e+00
1.310500090436422624e+02 -2.215206211130391623e+00 4.299366291336140122e+00
1.308144622587216475e+02 -2.248292208857372465e+00 4.307478380506140958e+00
1.305822765383821888e+02 -2.282285234911147764e+00 4.315452344800032591e+00
1.303523247002987659e+02 -2.317172619087668028e+00 4.323392210201891572e+00
1.301249671304003641e+02 -2.352912495756313227e+00 4.331104745996441352e+00
1.299005661463270940e+02 -2.389478362793178601e+00 4.338693729842511893e+00
1.296794860301748997e+02 -2.426851641861652364e+00 4.346188527382429001e+00
1.294606073904389518e+02 -2.465006810146049165e+00 4.353544089433128761e+00
1.292457842034139617e+02 -2.503903960243459181e+00 4.360715232749350356e+00
1.290339011635092561e+02 -2.543511073269001610e+00 4.367730920857063381e+00
1.288253307231829012e+02 -2.583796578377274944e+00 4.374545694449881950e+00
1.286197046169218083e+02 -2.624714483755662187e+00 4.381262519368864794e+00
1.284173995596199518e+02 -2.666234077546131065e+00 4.387761366633409210e+00
1.282187944391500309e+02 -2.708310201797301087e+00 4.394070627568510190e+00
1.280227846731756358e+02 -2.750912953055966170e+00 4.400218544485905880e+00
1.278304964103955541e+02 -2.793997955999564464e+00 4.406158924939341581e+00
1.276408295457605107e+02 -2.837521207018634861e+00 4.411919706558784959e+00
1.274549147552254880e+02 -2.881424204252576171e+00 4.417454387946374794e+00
1.272723993444465833e+02 -2.925656219236693278e+00 4.422790593653785685e+00
1.270929329418561906e+02 -2.970159426664221058e+00 4.427807221718688346e+00
1.269176531909205892e+02 -3.014883747421673643e+00 4.432680142795057066e+00
1.267454715963848884e+02 -3.059779406452078021e+00 4.437287930319836704e+00
1.265767877199043880e+02 -3.104782062153138344e+00 4.441583276283324722e+00
1.264120035296130453e+02 -3.149842505768601697e+00 4.445667273060632141e+00
1.262515234188267641e+02 -3.194896933876072431e+00 4.449492277801704532e+00
1.260935257187261413e+02 -3.239874362531440788e+00 4.453010477907189291e+00
1.259399053953407446e+02 -3.284718898026082190e+00 4.456248173072647312e+00
1.257895885501022235e+02 -3.329360009111768104e+00 4.459157206896043668e+00
1.256429863132064639e+02 -3.373766431866867865e+00 4.461765000751509724e+00
1.255004997926488812e+02 -3.417944489418440313e+00 4.464030390095207856e+00
1.253610438113307168e+02 -3.461917458083355381e+00 4.466062069240275711e+00
1.252257642251494332e+02 -3.505701346831832765e+00 4.467671421051242042e+00
1.250943237581439718e+02 -3.549297454269737973e+00 4.469041067432444336e+00
1.249671305166432376e+02 -3.592736924036372237e+00 4.470056316842263122e+00
1.248431094920377973e+02 -3.636028731620440713e+00 4.470825147918243481e+00
1.247234167424954023e+02 -3.679181954657513298e+00 4.471232507640940490e+00
1.246069823881183680e+02 -3.722213186513663175e+00 4.471311728096516447e+00
1.244957104601166691e+02 -3.765131664812674028e+00 4.471095958793424252e+00
1.243870505532232045e+02 -3.807939256665733296e+00 4.470618166055928100e+00
1.242829118473051864e+02 -3.850637872260962880e+00 4.469762565484723282e+00
1.241829775920772505e+02 -3.893244306820394574e+00 4.468636039007509275e+00
1.240869336107246568e+02 -3.935760512480147799e+00 4.467271000480007359e+00
1.239944682970489964e+02 -3.978188440304398998e+00 4.465476828365019024e+00
1.239052726111989386e+02 -4.020530025638394456e+00 4.463434133510293833e+00
1.238205257440315137e+02 -4.062787173508532135e+00 4.461100490960367537e+00
1.237399237698960377e+02 -4.104939459025877646e+00 4.458433290370487967e+00
1.236624224731175161e+02 -4.146988683003232090e+00 4.455464019490486649e+00
1.235892086781303618e+02 -4.188921715787943256e+00 4.452223980719144159e+00
1.235199860629679307e+02 -4.230725339621677961e+00 4.448670007734456533e+00
1.234537179814933694e+02 -4.272393662732045350e+00 4.444833032707829368e+00
1.233915987893068120e+02 -4.313913248462174721e+00 4.440743803087582542e+00
1.233325968180216563e+02 -4.355270529546150016e+00 4.436284314957330999e+00
1.232779113684772909e+02 -4.396436937435304060e+00 4.431559230989490672e+00
1.232265156823108612e+02 -4.437398601833637990e+00 4.426524463451968927e+00
1.231788710974876011e+02 -4.478134051895164447e+00 4.421284308815810249e+00
1.231346985223426742e+02 -4.518621630941837886e+00 4.415720030919128014e+00
1.230937212484648597e+02 -4.558839482956307698e+00 4.409861279235154363e+00
1.230556649273293885e+02 -4.598765539205522224e+00 4.403811806204513957e+00
1.230217432157913038e+02 -4.638377505000166323e+00 4.397378050637139602e+00
1.229909435752495028e+02 -4.677645418245065301e+00 4.390737690228585954e+00
1.229629985849227154e+02 -4.716539064836171136e+00 4.383845374613652979e+00
1.229376430789259587e+02 -4.755042822558675830e+00 4.376729860529478877e+00
1.229153569523653289e+02 -4.793133363389395107e+00 4.369271162540820264e+00
1.228966222963941277e+02 -4.830764784309316440e+00 4.361571971864501407e+00
1.228796948622733112e+02 -4.867928021782923054e+00 4.353660523750556344e+00
1.228658038747808519e+02 -4.904569127751091884e+00 4.345490598952006067e+00
1.228539521544143156e+02 -4.940648684451046435e+00 4.337090092278049092e+00
1.228446302590813275e+02 -4.976126935909937821e+00 4.328486730717390429e+00
1.228375879448212800e+02 -5.010963776318730467e+00 4.319633791638765707e+00
1.228333198009279386e+02 -5.045103881888889141e+00 4.310558671575411616e+00
1.228308367092644176e+02 -5.078513841347546354e+00 4.301288604577629293e+00
1.228298943130882606e+02 -5.111152431470424418e+00 4.291850664142523364e+00
1.228309929802019838e+02 -5.142963177858622892e+00 4.282271765217523729e+00
1.228338920954924021e+02 -5.173911486013140326e+00 4.272504382773955278e+00
1.228383528580218638e+02 -5.203962345806573353e+00 4.262575120959587238e+00
1.228441382426068316e+02 -5.233072892857257408e+00 4.252436148311288022e+00
1.228510129609419721e+02 -5.261199826808793389e+00 4.242188050549047240e+00
1.228594862573267221e+02 -5.288291973116540312e+00 4.231782698919738905e+00
1.228678812090130634e+02 -5.314322631565282506e+00 4.221243045110324665e+00
1.228776565717395641e+02 -5.339290072788030805e+00 4.210505382684965880e+00
1.228880848537390165e+02 -5.363179881330415455e+00 4.199725657683081259e+00
1.228999257700049554e+02 -5.386103440528211550e+00 4.188688261220374187e+00
1.229124548611728045e+02 -5.407911649507055607e+00 4.177548867179948111e+00
1.229264347923185738e+02 -5.428714899135301586e+00 4.166240166915406995e+00
1.229411439712904439e+02 -5.448548787923033210e+00 4.154769006039220614e+00
1.229566050119612868e+02 -5.467299830407226224e+00 4.143142103751719318e+00
1.229743275271867731e+02 -5.485076866781525062e+00 4.131366055723831643e+00
1.229928510763534319e+02 -5.501913921235639826e+00 4.119373053526391715e+00
1.230122021329968902e+02 -5.517695911036499368e+00 4.107169454614080450e+00
1.230331512070206230e+02 -5.532455773358622153e+00 4.094835785349284940e+00
1.230549842966421608e+02 -5.546300174840986585e+00 4.082303893561389785e+00
1.230777313502687065e+02 -5.559112370877655529e+00 4.069579802161768178e+00
1.231021662230752725e+02 -5.570997900177014905e+00 4.056669428787449405e+00
1.231275781282856912e+02 -5.581913161039413040e+00 4.043504305481224748e+00
1.231540000983775940e+02 -5.591813972400445643e+00 4.030238715918753378e+00
1.231814661059585490e+02 -5.600804135124722194e+00 4.016729714140415020e+00
1.232107538544586873e+02 -5.608764009034824305e+00 4.003131395850969554e+00
1.232404133934625463e+02 -5.615796208722781735e+00 3.989300633707320021e+00
1.232712240840475175e+02 -5.621854181091141989e+00 3.975317065170117736e+00
1.233032232136277457e+02 -5.626965051173434595e+00 3.961111678349396037e+00
1.233357059506472666e+02 -5.631081050703711455e+00 3.946838232897592391e+00
1.233701966391196265e+02 -5.634228080959651663e+00 3.932427562395401477e+00
1.234045060726115537e+02 -5.636431425363915615e+00 3.917810428278618584e+00
1.234394169633927731e+02 -5.637715745855682137e+00 3.903066090279256439e+00
1.234757125560022644e+02 -5.637956512526860919e+00 3.888199459369027444e+00
1.235119480755811168e+02 -5.637325701549753099e+00 3.873215384726233612e+00
1.235489076911735964e+02 -5.635697524343108888e+00 3.858044373709069941e+00
1.235866331285254915e+02 -5.633094126048089123e+00 3.842765445849153139e+00
1.236244236227348665e+02 -5.629537016260817595e+00 3.827383285838366511e+00
1.236615787056877451e+02 -5.625047067047995952e+00 3.811976814035359595e+00
1.236996266633120598e+02 -5.619644511241957296e+00 3.796402055962490252e+00
1.237371246423623461e+02 -5.613274657513724009e+00 3.780737846832064708e+00
1.237748584473470004e+02 -5.605956456235402285e+00 3.764988701050422826e+00
1.238121283169643618e+02 -5.597708215117662256e+00 3.749159099236144765e+00
1.238489773805655147e+02 -5.588473315130593200e+00 3.733327775238616919e+00
1.238854487743621888e+02 -5.578343060718638391e+00 3.717424869145844468e+00
1.239208427575026548e+02 -5.567259545782466290e+00 3.701529064807782543e+00
1.239552023331145705e+02 -5.555312787965450028e+00 3.685570459336652949e+00
1.239885703641895134e+02 -5.542443595205035045e+00 3.669627700623190325e+00
1.240209895244382068e+02 -5.528592133583628332e+00 3.653705140330184786e+00
1.240525022491207068e+02 -5.513920778966268088e+00 3.637807120889901658e+00
1.240816650158326127e+02 -5.498294133897040581e+00 3.621937978991921714e+00
1.241092624705055982e+02 -5.481799013813422938e+00 3.606102049062771542e+00
1.241353360382565967e+02 -5.464373031512622880e+00 3.590303666736612165e+00
1.241591838744460858e+02 -5.446101733421148339e+00 3.574621455818344451e+00
1.241808464859327330e+02 -5.426921468123818038e+00 3.558985481225837244e+00
1.241996210124114697e+02 -5.406842239687936313e+00 3.543474386437703849e+00
1.242155468480739131e+02 -5.385947710755833562e+00 3.528018262908337199e+00
1.242294485765532670e+02 -5.364168586575885023e+00 3.512691509054761685e+00
1.242400935322148712e+02 -5.341494162664261580e+00 3.497477147842646517e+00
1.242477769785750610e+02 -5.317983635195242975e+00 3.482428232475095253e+00
1.242527934080700902e+02 -5.293621306997014386e+00 3.467523561186094838e+00
1.242554364953667090e+02 -5.268316591987989739e+00 3.452667680586905874e+00
1.242552562161052805e+02 -5.242201153883209841e+00 3.437913739501200272e+00
1.242525444712134544e+02 -5.215257493635094832e+00 3.423314925267864961e+00
1.242475922066774530e+02 -5.187318954639989599e+00 3.408850183525439892e+00
1.242399465338829145e+02 -5.158589712711723507e+00 3.394498504979511111e+00
1.242298963556345512e+02 -5.128901946758388064e+00 3.380164645141932045e+00
1.242177294877388505e+02 -5.098384396248239803e+00 3.365976261558161653e+00
1.242022469462316963e+02 -5.066942382873024009e+00 3.351912499486533026e+00
1.241852199155073606e+02 -5.034629234474340187e+00 3.337878278565697965e+00
1.241654470268262855e+02 -5.001423441178594942e+00 3.323927146458947934e+00
1.241424684929054365e+02 -4.967302945765950994e+00 3.310038431454106700e+00
1.241180517382148025e+02 -4.932319434258414681e+00 3.296265812545176921e+00
1.240909915148541529e+02 -4.896449776214951477e+00 3.282514471969346204e+00
1.240608240395554134e+02 -4.859744599245950702e+00 3.268912515730461710e+00
1.240293126264551944e+02 -4.822179729722270380e+00 3.255290992057540578e+00
1.239945049704788573e+02 -4.783804767693638382e+00 3.241852445866969301e+00
1.239574186270257741e+02 -4.744520244488836802e+00 3.228502370141769884e+00
1.239183268021939170e+02 -4.704523332027569005e+00 3.215220626306655838e+00
1.238760154840034886e+02 -4.663639299778660430e+00 3.201987163547258763e+00
1.238314975846785018e+02 -4.621915791439531240e+00 3.188856305092121701e+00
1.237850415686179986e+02 -4.579474266764093748e+00 3.175808183943444440e+00
1.237354285863609817e+02 -4.536212876553886275e+00 3.162897312572618524e+00
1.236829237845980600e+02 -4.492177889334715957e+00 3.150029735056603997e+00
1.236277906069565091e+02 -4.447415133673606746e+00 3.137185880181100117e+00
1.235695479307318010e+02 -4.401895724150823419e+00 3.124569130991739829e+00
1.235091985446399576e+02 -4.355664637986887300e+00 3.111937275766676780e+00
1.234455149472870943e+02 -4.308766441304443084e+00 3.099493912489422076e+00
1.233794963318262177e+02 -4.261245299029909894e+00 3.087145616212821242e+00
1.233106543862455595e+02 -4.213144984927421177e+00 3.074873358905598764e+00
1.232384989397333044e+02 -4.164434608257604253e+00 3.062806795232505319e+00
1.231640236099347732e+02 -4.115157191066310283e+00 3.050852847261931622e+00
1.230859916059200145e+02 -4.065355395083494194e+00 3.038992840637307236e+00
1.230053927173040336e+02 -4.015071532237411311e+00 3.027356790181110036e+00
1.229217291189598598e+02 -3.964347575277076707e+00 3.015851984423008503e+00
1.228345010217668687e+02 -3.913150884995764134e+00 3.004534405091017657e+00
1.227446923242100212e+02 -3.861597071563537487e+00 2.993311595017317472e+00
1.226517992546712321e+02 -3.809652871436838506e+00 2.982314077502835392e+00
1.225553160247054763e+02 -3.757359008875738926e+00 2.971449657089738405e+00
1.224547348130922302e+02 -3.704830207039476964e+00 2.960774838796196295e+00
1.223517742557814358e+02 -3.651958065153551036e+00 2.950346262767643779e+00
1.222444367513753321e+02 -3.598931054281559572e+00 2.940072138861566931e+00
1.221344367978669112e+02 -3.545714544135208701e+00 2.929935098677685090e+00
1.220205154647023278e+02 -3.492347948480837516e+00 2.920066480515663532e+00
1.219021545559900517e+02 -3.438944736600792584e+00 2.910449196752444401e+00
1.217810622694259592e+02 -3.385469594308309293e+00 2.900992018663994809e+00
1.216552305057582970e+02 -3.332035569536619501e+00 2.891752428183567147e+00
1.215263732202374740e+02 -3.278594948572624457e+00 2.882786323367086734e+00
1.213932709308751470e+02 -3.225274681084925543e+00 2.874068549868454614e+00
1.212561976883729642e+02 -3.171966695000191017e+00 2.865572371622938874e+00
1.211154253881351224e+02 -3.118637043668417430e+00 2.857271200535607125e+00
1.209712237638695314e+02 -3.065325917666926525e+00 2.849287164394245231e+00
1.208231175469557854e+02 -3.011999089632281024e+00 2.841445406694055986e+00
1.206706292966584044e+02 -2.958696493131312888e+00 2.833868355429193908e+00
1.205147650661653955e+02 -2.905309384044614252e+00 2.826530022781503781e+00
1.203550430592815559e+02 -2.851877486488557878e+00 2.819404572761710526e+00
1.201917221331075325e+02 -2.798366154236600511e+00 2.812540605280924755e+00
1.200243161264103549e+02 -2.744740666163409060e+00 2.805838306145417960e+00
1.198530795289170499e+02 -2.691040521697397825e+00 2.799346581502468290e+00
1.196775218113387496e+02 -2.637230885770155631e+00 2.793040207702884636e+00
1.194986359313564606e+02 -2.583351167775775448e+00 2.786968398610502273e+00
1.193159269952757455e+02 -2.529366466515796663e+00 2.781106238836825728e+00
1.191288979306832516e+02 -2.475316149145310618e+00 2.775503250921176335e+00
1.189392779949854173e+02 -2.421239579598183145e+00 2.770060544934461966e+00
1.187450800995375602e+02 -2.367101846994339898e+00 2.764827952537063371e+00
1.185480291650934390e+02 -2.312942344531947469e+00 2.759855459958818980e+00
1.183468766126564020e+02 -2.258800497844764887e+00 2.755044640916749277e+00
1.181426002156122621e+02 -2.204567209824813911e+00 2.750520073988415692e+00
1.179354327674731593e+02 -2.150356289925577258e+00 2.746139071294974698e+00
1.177241192555862312e+02 -2.096207331900696857e+00 2.742004234407249275e+00
1.175096310458843902e+02 -2.042011442003170973e+00 2.738077179811151840e+00
1.172921945533056203e+02 -1.987808384645094462e+00 2.734349390582107908e+00
1.170705484181825113e+02 -1.933712310487541330e+00 2.730827359243801489e+00
1.168456576936753351e+02 -1.879614633960707826e+00 2.727502873867470701e+00
1.166177425188719781e+02 -1.825555462238893645e+00 2.724375302564446155e+00
1.163862781328777771e+02 -1.771575039625047365e+00 2.721436736169257298e+00
1.161514805598397828e+02 -1.717713758862174922e+00 2.718694272616258623e+00
1.159143066248008012e+02 -1.663937888858668224e+00 2.716147731157313228e+00
1.156734826303257364e+02 -1.610362436334756397e+00 2.713782223222869217e+00
1.154292185492177367e+02 -1.556954022857201858e+00 2.711612721678045901e+00
1.151824652079387334e+02 -1.503753746291899285e+00 2.709632061468890019e+00
1.149326858008249559e+02 -1.450728624639025854e+00 2.707840652065214737e+00
1.146800844152845116e+02 -1.397994457270390845e+00 2.706224191395711909e+00
1.144241203826887983e+02 -1.345444418031172429e+00 2.704775949828807313e+00
1.141657368051942996e+02 -1.293269050250985375e+00 2.703504197397515352e+00
1.139043892381787515e+02 -1.241362009091199647e+00 2.702395060867546217e+00
1.136402742186254073e+02 -1.189840056298783200e+00 2.701449664252843164e+00
1.133728436191380524e+02 -1.138671652793832756e+00 2.700654414124043612e+00
1.131030331778188867e+02 -1.087899819135931478e+00 2.700010711664332597e+00
1.128310340187151866e+02 -1.037567861834425065e+00 2.699520094569379580e+00
1.125562926780400659e+02 -9.877193830103582206e-01 2.699176807243496068e+00
1.122797396361472977e+02 -9.383982899028739944e-01 2.698975227642264052e+00
1.120008180049898243e+02 -8.895745207130967280e-01 2.698909865711446976e+00
1.117189692263657435e+02 -8.414411877960171759e-01 2.698975361772521175e+00
1.114358616058057407e+02 -7.939688856586971655e-01 2.699181341555768388e+00
1.111509333318301600e+02 -7.472028338106694312e-01 2.699507844378731480e+00
1.108643638460308125e+02 -7.011143184224696290e-01 2.699957319825754709e+00
1.105755639912345742e+02 -6.558146630694553503e-01 2.700511854680446078e+00
1.102853319106866792e+02 -6.112314382802250812e-01 2.701175709375821743e+00
1.099929543764822029e+02 -5.673579848956794569e-01 2.701962491143731881e+00
1.096984595390251656e+02 -5.242623102361224641e-01 2.702863639779449212e+00
1.094018741245375423e+02 -4.817899618174779075e-01 2.703885567367064091e+00
1.091039663030677218e+02 -4.400840193982734072e-01 2.705027371153805760e+00
1.088032743818053945e+02 -3.989908342893692117e-01 2.706303116477918103e+00
1.085013066840822944e+02 -3.586543045016547526e-01 2.707704692847063832e+00
1.081965989033925837e+02 -3.189958971517724562e-01 2.709231525122461903e+00
1.078906568181894841e+02 -2.799375056860980981e-01 2.710897999606815656e+00
1.075820136466421246e+02 -2.416243068963634666e-01 2.712696319986044102e+00
1.072721727621364494e+02 -2.039047826997431589e-01 2.714633646730015837e+00
1.069596650487049772e+02 -1.669249942445334978e-01 2.716702381298619517e+00
1.066452487821457282e+02 -1.306086032650006501e-01 2.718917305458841582e+00
1.063296811611923403e+02 -9.487972824661890237e-02 2.721263580358849854e+00
1.060114898389712010e+02 -5.988580037550409602e-02 2.723748742466874706e+00
1.056914299699583353e+02 -2.547758424638549984e-02 2.726372987619952504e+00
1.053702557419751287e+02 8.196549109349292664e-03 2.729129168437751218e+00
1.050464919084349731e+02 4.128488545361973239e-02 2.732017648402497834e+00
1.047216336710813636e+02 7.371237825250581688e-02 2.735046299205411646e+00
1.043949468726057006e+02 1.054777783333917113e-01 2.738200784660782094e+00
1.040656965397357823e+02 1.365793462485953014e-01 2.741481699742519318e+00
1.037353754265346879e+02 1.670148483605712331e-01 2.744882282790599870e+00
1.034032470426747921e+02 1.968558366486154732e-01 2.748410697792645241e+00
1.030700598671787276e+02 2.260247947244748978e-01 2.752060318189009536e+00
1.027343332120909025e+02 2.545922685842905708e-01 2.755817152406197401e+00
1.023975571066222159e+02 2.824797295587396229e-01 2.759689554419801460e+00
1.020589924911056414e+02 3.096824219988408289e-01 2.763663650795635363e+00
1.017193854314047599e+02 3.362693606717387373e-01 2.767747907916185302e+00
1.013787386532638521e+02 3.621604778661419721e-01 2.771921130638083319e+00
1.010370544168889495e+02 3.874237552317045252e-01 2.776191886189363522e+00
1.006943345566236019e+02 4.119780878143404768e-01 2.780553931150965941e+00
1.003505805207324926e+02 4.358161328242909360e-01 2.784993636879692147e+00
1.000057934112808624e+02 4.590043081113286405e-01 2.789519699973290745e+00
9.966145969414563410e+01 4.814599403463671878e-01 2.794103712525675576e+00
9.931535139387061406e+01 5.032483979337158964e-01 2.798754442681566701e+00
9.896895448399983763e+01 5.243602396183916214e-01 2.803458404883302890e+00
9.862301191704983694e+01 5.447854973150961788e-01 2.808202141968618726e+00
9.827603799460322875e+01 5.645136756458061233e-01 2.812987078918167683e+00
9.792877541760758220e+01 5.835337516874676833e-01 2.817799806503081594e+00
9.758122398641036455e+01 6.019084584318515896e-01 2.822634363387363177e+00
9.723338347588723707e+01 6.195514344441399590e-01 2.827477376483785942e+00
9.688599651051809758e+01 6.364500747445374085e-01 2.832315486366428825e+00
9.653906293431522556e+01 6.527398148921905729e-01 2.837142772690913972e+00
9.619183985070797860e+01 6.682584307582366545e-01 2.841953322922889491e+00
9.584581300241075041e+01 6.830660240371194680e-01 2.846726372726584131e+00
9.550023980090270470e+01 6.971924595370884159e-01 2.851456016466197063e+00
9.515512070599443462e+01 7.105927964819928055e-01 2.856136347618466687e+00
9.481119926510891105e+01 7.232810004227621103e-01 2.860739170848801916e+00
9.446773364727636135e+01 7.352630898949960025e-01 2.865265997604786730e+00
9.412543631106720454e+01 7.465362984024948023e-01 2.869706696345228458e+00
9.378415040508619427e+01 7.570939848958083696e-01 2.874049159233576844e+00
9.344368777428991280e+01 7.669355846211524108e-01 2.878314199912950677e+00
9.310386070896583988e+01 7.760451667113958951e-01 2.882507757442732466e+00
9.276522481739733905e+01 7.844285787494192919e-01 2.886628321879368908e+00
9.242685055806819605e+01 7.920911647273106704e-01 2.890674359877547062e+00
9.209003745167963473e+01 7.990154832023719234e-01 2.894666597012805376e+00
9.175311427245826223e+01 8.052058808011701707e-01 2.898596016623488314e+00
9.141812459942764235e+01 8.106513540655523320e-01 2.902468427228239278e+00
9.108339850174799324e+01 8.153626949946368718e-01 2.906289603164581514e+00
9.075023808905027067e+01 8.193279249263033526e-01 2.910065281951648597e+00
9.041771770086758409e+01 8.225420121120750050e-01 2.913793733326758506e+00
9.008639811584396284e+01 8.250291611312869922e-01 2.917480613357596564e+00
8.975535524517529495e+01 8.267685339397536914e-01 2.921124105178531050e+00
8.942589434071393839e+01 8.277833948104122985e-01 2.924722344803633245e+00
8.909709301721932206e+01 8.280668317527816180e-01 2.928280846965874318e+00
8.876951545928922371e+01 8.276263317192346092e-01 2.931805074282621604e+00
8.844224111245540598e+01 8.264540724892376344e-01 2.935285578098248749e+00
8.811657888888215950e+01 8.245640698844375338e-01 2.938727709455959847e+00
8.779086735212932524e+01 8.219698983579571960e-01 2.942129331646218482e+00
8.746716026166964753e+01 8.186698401077433518e-01 2.945495674535235864e+00
8.714379825127717538e+01 8.146766044627820058e-01 2.948817047171481853e+00
8.682135153720302867e+01 8.099950489860952008e-01 2.952105977224178890e+00
8.650113427543344358e+01 8.046296141446253047e-01 2.955345210249125110e+00
8.618074757817490195e+01 7.985917581417886213e-01 2.958539705889084548e+00
8.586225072508925393e+01 7.918925352094704495e-01 2.961694350603283787e+00
8.554473283832538755e+01 7.845351740562936937e-01 2.964799098779380859e+00
8.522876991727395080e+01 7.765373698700125393e-01 2.967851255629563756e+00
8.491419635741942784e+01 7.679164347182150241e-01 2.970848046719225533e+00
8.460010497359320425e+01 7.586670197445968267e-01 2.973786615880116280e+00
8.428781836265444838e+01 7.488056926595818563e-01 2.976664023158492878e+00
8.397643191525399686e+01 7.383412318665102392e-01 2.979484671149236430e+00
8.366652801221114544e+01 7.273043475239000522e-01 2.982230589615268990e+00
8.335794754003444496e+01 7.157031192351488436e-01 2.984913431997025857e+00
8.305127558091807316e+01 7.035527173662901035e-01 2.987515046706337607e+00
8.274635576199636944e+01 6.908828394341602896e-01 2.990032045362793767e+00
8.244229027401409837e+01 6.777080048601561435e-01 2.992468372618280803e+00
8.214041122947071472e+01 6.640498482877491560e-01 2.994820447672014385e+00
8.184056650492178164e+01 6.499222712563592630e-01 2.997069734177527423e+00
8.154260542784636812e+01 6.353463073788194748e-01 2.999227308643966694e+00
8.124637879286312625e+01 6.203501309164201061e-01 3.001274431977442703e+00
8.095248171237913937e+01 6.049616370967693113e-01 3.003214546320618794e+00
8.066002512655340695e+01 5.891935941695678469e-01 3.005028703384410971e+00
8.037034999288357540e+01 5.730785654924147599e-01 3.006727561379356484e+00
8.008257028994701443e+01 5.566325195324189901e-01 3.008291956740429374e+00
7.979654437082788832e+01 5.398815809184529524e-01 3.009710044453336675e+00
7.951287497588596409e+01 5.228538683154569933e-01 3.010992153379171477e+00
7.923142357492206145e+01 5.055802463825679327e-01 3.012118786476864152e+00
7.895279604889300629e+01 4.880906207794835083e-01 3.013085189629695737e+00
7.867611419595634459e+01 4.704139474015583966e-01 3.013886493721564808e+00
7.840197523404457058e+01 4.525717910147096790e-01 3.014512033333214269e+00
7.813018776152391354e+01 4.345545256267768219e-01 3.014965446976945795e+00
7.786129298102684970e+01 4.163451528099580967e-01 3.015244574681194223e+00
7.759434805141626157e+01 3.979324472653066325e-01 3.015354565465290460e+00
7.733064027130284046e+01 3.793079206291808947e-01 3.015307876386362107e+00
7.706848724171040033e+01 3.604627853044982677e-01 3.015087129890908990e+00
7.680917955355987203e+01 3.413875925184339799e-01 3.014711968126603026e+00
7.655252378424120252e+01 3.220731332155067350e-01 3.014179625356807612e+00
7.629758533879083870e+01 3.025097047249895033e-01 3.013494640635683730e+00
7.604565979556737432e+01 2.826894230591775470e-01 3.012646572089540342e+00
7.579581590109154376e+01 2.626063067093359904e-01 3.011647138058291429e+00
7.554860974956596920e+01 2.422585146622363850e-01 3.010500503143288320e+00
7.530385628158904865e+01 2.216404075714967503e-01 3.009203277714818103e+00
7.506137212235310585e+01 2.007492427697919191e-01 3.007751945828706752e+00
7.482097558418851690e+01 1.795807267428507492e-01 3.006150293201899526e+00
7.458322950349385394e+01 1.581305102668169593e-01 3.004401978546379137e+00
7.434795557193874060e+01 1.363979120304309456e-01 3.002503104961989244e+00
7.411497717207690528e+01 1.143888993983236541e-01 3.000464504789080333e+00
7.388411937725837220e+01 9.211386930175624599e-02 2.998274597717592194e+00
7.365595178587690839e+01 6.958171492361232835e-02 2.995951389157544664e+00
7.342956001481692851e+01 4.680132069962152780e-02 2.993483043413753819e+00
7.320625987238788923e+01 2.378380011751233050e-02 2.990887310522206910e+00
7.298514034525950933e+01 5.365622905232253536e-04 2.988152099539620021e+00
7.276677776993878410e+01 -2.292925048192316281e-02 2.985287477143572232e+00
7.255100732330258495e+01 -4.660543906532098324e-02 2.982288526085743907e+00
7.233766585247839487e+01 -7.048153853005631464e-02 2.979157630502985654e+00
7.212659186894001095e+01 -9.454852326378790361e-02 2.975904476232527518e+00
7.191762554183664236e+01 -1.187965694585267629e-01 2.972516337780577000e+00
7.171135152557585002e+01 -1.432165318305566315e-01 2.969002648847211212e+00
7.150761328155583385e+01 -1.677977062256594543e-01 2.965357861051387545e+00
7.130551306917001853e+01 -1.925295293131178698e-01 2.961583729510230079e+00
7.110638327613372667e+01 -2.173939929077305655e-01 2.957681885068653038e+00
7.090932939778261357e+01 -2.423718750917145115e-01 2.953661263280202398e+00
7.071494420087159938e+01 -2.674436229956492217e-01 2.949515820036612723e+00
7.052233637137756261e+01 -2.925900870861010139e-01 2.945246817347889845e+00
7.033210184173744040e+01 -3.177904327565524434e-01 2.940862824119766739e+00
7.014483810717915446e+01 -3.430259946776094138e-01 2.936357431927562267e+00
6.995891570627962608e+01 -3.682770000125781817e-01 2.931738969288289809e+00
6.977567805103674914e+01 -3.935212973719000584e-01 2.927000789176353646e+00
6.959498440089221560e+01 -4.187373200143209573e-01 2.922158411736031969e+00
6.941595268122102880e+01 -4.439055634674750617e-01 2.917190098484705008e+00
6.923918797117742940e+01 -4.690018920556989768e-01 2.912118565213717591e+00
6.906455398071661023e+01 -4.940057022232827166e-01 2.906929271225973999e+00
6.889117303203479992e+01 -5.188954577601252449e-01 2.901629847269630691e+00
6.872039738047446633e+01 -5.436464536329504993e-01 2.896220383309286106e+00
6.855209501959051011e+01 -5.682285799198273368e-01 2.890700858088229630e+00
6.838539249577674184e+01 -5.926129998711069380e-01 2.885078568729741999e+00
6.822016055734977158e+01 -6.167595143685317138e-01 2.879353275325752914e+00
6.805701413304169023e+01 -6.406477537625661078e-01 2.873532058964140656e+00
6.789582663992680978e+01 -6.642385433319457633e-01 2.867614466391785744e+00
6.773648587883501193e+01 -6.875144237425723226e-01 2.861606491301056376e+00
6.757893326007990709e+01 -7.104638020686135924e-01 2.855503088623344787e+00
6.742312453134159966e+01 -7.331116438318419082e-01 2.849305663140631495e+00
6.726975950596825271e+01 -7.554603680327544035e-01 2.843008091102881441e+00
6.711805353369777549e+01 -7.775195540477425338e-01 2.836611578466255335e+00
6.696796598117437327e+01 -7.993133636071300119e-01 2.830117234113584068e+00
6.682020020706228536e+01 -8.208433928061200646e-01 2.823511214756950327e+00
6.667397503178257523e+01 -8.421183794050048910e-01 2.816794439973673292e+00
6.652999605214847634e+01 -8.631467685182273586e-01 2.809967737171985558e+00
6.638822711057449055e+01 -8.839367067961210189e-01 2.803031843288038782e+00
6.624789026913387602e+01 -9.044886084016624528e-01 2.795987406513081197e+00
6.610969428848616758e+01 -9.248100061857957854e-01 2.788834988050338914e+00
6.597360609647314789e+01 -9.448932612618737847e-01 2.781560207200494350e+00
6.583959359665355748e+01 -9.647526995348569834e-01 2.774185741628129254e+00
6.570688280664595027e+01 -9.843874648831986152e-01 2.766697045701890012e+00
6.557692917147308265e+01 -1.003788942599729950e+00 2.759094350816568397e+00
6.544896052654998186e+01 -1.022970468042904812e+00 2.751385238940191158e+00
6.532294841082998005e+01 -1.041922751947362169e+00 2.743569787837258023e+00
6.519812236972427399e+01 -1.060651017750945835e+00 2.735648001368690796e+00
6.507594126810555224e+01 -1.079160140635701204e+00 2.727627239817073779e+00
6.495563625300758304e+01 -1.097447215086474914e+00 2.719499936835632070e+00
6.483718206653003335e+01 -1.115501550968826194e+00 2.711273314873052787e+00
6.472129701860578166e+01 -1.133334383178582705e+00 2.702954530520328191e+00
6.460647161963778728e+01 -1.150934297960792385e+00 2.694535819880287786e+00
6.449416839838468718e+01 -1.168311799604984769e+00 2.686016785710600541e+00
6.438287919444958618e+01 -1.185454737111768297e+00 2.677411827887609785e+00
6.427406781114865453e+01 -1.202365442887447067e+00 2.668705575439092037e+00
6.416697014298640056e+01 -1.219045873163123295e+00 2.659912315500486013e+00
6.406082265336186765e+01 -1.235482748590699842e+00 2.651031425386526585e+00
6.395709085225593071e+01 -1.251677265117752347e+00 2.642062231483266022e+00
6.385501225867196240e+01 -1.267622806588501350e+00 2.633011439807201093e+00
6.375456771330318162e+01 -1.283319799274172057e+00 2.623885709880288353e+00
6.365499568102327288e+01 -1.298760853180657815e+00 2.614684228620680173e+00
6.355776356349665690e+01 -1.313938188585044742e+00 2.605428425999174458e+00
6.346136782648003560e+01 -1.328843634400168394e+00 2.596109978856602218e+00
6.336727665246088037e+01 -1.343468626716879166e+00 2.586750239987492428e+00
6.327398723285410398e+01 -1.357819064224318639e+00 2.577340813631371574e+00
6.318222558552760404e+01 -1.371878165355351786e+00 2.567902984578455339e+00
6.309123235197873925e+01 -1.385643609110807528e+00 2.558420865330552907e+00
6.300247694470775883e+01 -1.399120105957732063e+00 2.548923110275167936e+00
6.291371483921118113e+01 -1.412289683851587485e+00 2.539393777810944108e+00
6.282641589636791224e+01 -1.425156257934646842e+00 2.529846616184685981e+00
6.274056448934162944e+01 -1.437701060204096049e+00 2.520295352429474445e+00
6.265540231062481524e+01 -1.449934637904876533e+00 2.510731409656779434e+00
6.257091401404951370e+01 -1.461837426838999754e+00 2.501161051152892334e+00
6.248708435166755493e+01 -1.473419178448024391e+00 2.491605382725178064e+00
6.240389814560248283e+01 -1.484659533458955183e+00 2.482070641647381670e+00
6.232134025985347847e+01 -1.495552592599947550e+00 2.472555627354761754e+00
6.223939557205648754e+01 -1.506106917379121279e+00 2.463073988837347628e+00
6.215804894521014035e+01 -1.516300960925085484e+00 2.453631941927780336e+00
6.207730684274719124e+01 -1.526135685697010524e+00 2.444240838675932448e+00
6.199651939530870237e+01 -1.535606705811262351e+00 2.434888015647095560e+00
6.191580111235584383e+01 -1.544709862349295415e+00 2.425573378621508347e+00
6.183600921048349619e+01 -1.553455463481826504e+00 2.416296837864754465e+00
6.175577224502990248e+01 -1.561831144450901876e+00 2.407036025378539001e+00
6.167668992699971398e+01 -1.569846439557889051e+00 2.397798295642987298e+00
6.159813324969334047e+01 -1.577488214100013497e+00 2.388576157793484089e+00
6.152021580068696238e+01 -1.584765236659532395e+00 2.379362134586239019e+00
6.144230806375692566e+01 -1.591671039688207889e+00 2.370156192999144373e+00
6.136526589604589077e+01 -1.598206207039998716e+00 2.360958318116661125e+00
6.128920199521706280e+01 -1.604370948247295203e+00 2.351761086998018335e+00
6.121348587184537138e+01 -1.610172529640361061e+00 2.342579384279099397e+00
6.113748665701866969e+01 -1.615602992206803590e+00 2.333413262603367233e+00
6.106280158019976767e+01 -1.620661439691835959e+00 2.324247944784401554e+00
6.098879893209859659e+01 -1.625346613435068699e+00 2.315098396049298124e+00
6.091558937805569229e+01 -1.629701465794854309e+00 2.305949899356990240e+00
6.084254026156286699e+01 -1.633634883199186705e+00 2.296817484298203205e+00
6.076976124819718450e+01 -1.637218823744965190e+00 2.287686502367924479e+00
6.069810429984411826e+01 -1.640413471958612979e+00 2.278564627467526194e+00
6.062693514421107466e+01 -1.643327234903480649e+00 2.269452144529203075e+00
6.055636175488167083e+01 -1.645845328643171346e+00 2.260334523165179910e+00
6.048649149168564065e+01 -1.648001199855153587e+00 2.251219561392076240e+00
6.041743107653445577e+01 -1.649827963050419344e+00 2.242115102525893189e+00
6.034854373469512012e+01 -1.651284121417492257e+00 2.233006752049071952e+00
6.027993484162627169e+01 -1.652402138293702638e+00 2.223917306301695707e+00
6.021245190027188698e+01 -1.653214158247233945e+00 2.214839899189062766e+00
6.014471317878413004e+01 -1.653677728275152914e+00 2.205767717412738804e+00
6.007756469904350638e+01 -1.653824369623389856e+00 2.196723715671038413e+00
6.001110887549493356e+01 -1.653685299211486548e+00 2.187693763275244230e+00
5.994544732969012557e+01 -1.653217151167575283e+00 2.178686072688476028e+00
5.987993803537659687e+01 -1.652376265476671380e+00 2.169694059479221782e+00
5.981468096927067535e+01 -1.651267260237653245e+00 2.160733485744636084e+00
5.974903242235099299e+01 -1.649920186511590225e+00 2.151797891648202121e+00
5.968457632193160123e+01 -1.648216250276904882e+00 2.142888310426165788e+00
5.961992436909792303e+01 -1.646259235498951368e+00 2.134005841608827225e+00
5.955591586713551777e+01 -1.644004092271644568e+00 2.125159080907917275e+00
5.949190353030599709e+01 -1.641554076576290599e+00 2.116356693368654174e+00
5.942798197347231337e+01 -1.638789338610014079e+00 2.107585129786091915e+00
5.936424486227363673e+01 -1.635812629731263845e+00 2.098875483288888510e+00
5.930078489897307747e+01 -1.632577890964698630e+00 2.090214350531980347e+00
5.923695097392580777e+01 -1.629187393112803584e+00 2.081618116558440423e+00
5.917357665778690290e+01 -1.625594608928769835e+00 2.073088386020753404e+00
5.911000884917821452e+01 -1.621752786382951061e+00 2.064641697867608094e+00
5.904633626815639502e+01 -1.617837805507281068e+00 2.056272384841428380e+00
5.898264661019739918e+01 -1.613653916784739906e+00 2.047982288090488989e+00
5.891828370078775379e+01 -1.609376582653125887e+00 2.039788186692634397e+00
5.885407599071014317e+01 -1.604958216030129670e+00 2.031684657039387165e+00
5.878936520673644850e+01 -1.600499604433845535e+00 2.023681215684417278e+00
5.872497768308937793e+01 -1.595878499137982631e+00 2.015780035351411037e+00
5.865951017823336855e+01 -1.591121039408458282e+00 2.007990802654509466e+00
5.859379711577499705e+01 -1.586396716708043275e+00 2.000306871224084126e+00
5.852796995222683307e+01 -1.581483269288552762e+00 1.992745144336483643e+00
5.846068362058712609e+01 -1.576598935307661264e+00 1.985283909078109144e+00
5.839430613120212854e+01 -1.571516100286212581e+00 1.977931255165404023e+00
5.832674738095013112e+01 -1.566378422589622899e+00 1.970687934017245180e+00
5.825888749841220005e+01 -1.561106572397132686e+00 1.963539931188622134e+00
5.819086266411486719e+01 -1.555695372732847970e+00 1.956495608865982616e+00
5.812206510632881162e+01 -1.550139523012444620e+00 1.949548564820148489e+00
5.805262876733534938e+01 -1.544433606116933477e+00 1.942692489770973419e+00
5.798342930004653084e+01 -1.538646378989934060e+00 1.935936024712016312e+00
5.791385555994113332e+01 -1.532697929242356594e+00 1.929265619743170346e+00
5.784329527250479686e+01 -1.526508249283375029e+00 1.922690104716170634e+00
5.777262070103823532e+01 -1.520220093964221642e+00 1.916196119636702777e+00
5.770196013969901117e+01 -1.513827570208886364e+00 1.909800113579748437e+00
5.763069791196785729e+01 -1.507176144160544240e+00 1.903481489960777040e+00
5.755896003950759621e+01 -1.500408349343023140e+00 1.897249462071367132e+00
5.748687140628349113e+01 -1.493443809286217672e+00 1.891105911671249418e+00
5.741455575803978206e+01 -1.486276378672381826e+00 1.885037960941467583e+00
5.734139286707980432e+01 -1.478974150462350368e+00 1.879047686148906715e+00
5.726824703747207224e+01 -1.471530896003594657e+00 1.873137261169516510e+00
5.719449576540669256e+01 -1.463866072127026907e+00 1.867301529322185960e+00
5.712025824505294480e+01 -1.456047678731852368e+00 1.861550288564104871e+00
5.704639536966997326e+01 -1.448069415333179677e+00 1.855871149844778856e+00
5.697153839294850997e+01 -1.439924971594362502e+00 1.850274107273522706e+00
5.689654594093880746e+01 -1.431682317831341145e+00 1.844754396395230422e+00
5.682078983904420255e+01 -1.423260861476064898e+00 1.839322207579532353e+00
5.674512645458833049e+01 -1.414654304521528294e+00 1.833965544219045229e+00
5.666892535953769539e+01 -1.406004933925717681e+00 1.828702221092107116e+00
5.659304067378845104e+01 -1.397232210961881771e+00 1.823513009083340686e+00
5.651609689360168431e+01 -1.388329912050321191e+00 1.818415918520774888e+00
5.643894590569745162e+01 -1.379366135536666205e+00 1.813391915470268234e+00
5.636169565149251071e+01 -1.370260457916931740e+00 1.808451776646921028e+00
5.628445296686832222e+01 -1.361081074532009216e+00 1.803584090685281582e+00
5.620658075230517170e+01 -1.351821955694445743e+00 1.798799827925427586e+00
5.612818364851879238e+01 -1.342477136772877833e+00 1.794095198309414219e+00
5.604936520746118589e+01 -1.333115008221936071e+00 1.789459079342569536e+00
5.597097073382146704e+01 -1.323729755048184353e+00 1.784910157419129728e+00
5.589161595186325115e+01 -1.314241363222506953e+00 1.780430072208186498e+00
5.581214402298346755e+01 -1.304792760041980415e+00 1.776030271308025377e+00
5.573265421350380677e+01 -1.295378402906740778e+00 1.771714867961095896e+00
5.565250190305265221e+01 -1.285918569047532989e+00 1.767473212134308858e+00
5.557252709852267714e+01 -1.276482212191855314e+00 1.763309603315150520e+00
5.549208310336072714e+01 -1.267138401649414714e+00 1.759228433171080574e+00
5.541126503254725577e+01 -1.257882044829978341e+00 1.755219328173846405e+00
5.533016698799568189e+01 -1.248633893191721356e+00 1.751294290640665219e+00
5.524962490452577413e+01 -1.239537682125565476e+00 1.747435699537807086e+00
5.516824522123965124e+01 -1.230514435738731427e+00 1.743655736503461728e+00
5.508686190367693314e+01 -1.221633890088116958e+00 1.739944386582530145e+00
5.500482228122381656e+01 -1.212891648313763726e+00 1.736306579130454386e+00
5.492295840027507126e+01 -1.204357753203401993e+00 1.732747330231251492e+00
5.484135112011286850e+01 -1.195948450859136480e+00 1.729257172036318346e+00
5.475930788911274050e+01 -1.187781439695621000e+00 1.725835297729310991e+00
5.467687066731887313e+01 -1.179746348631997233e+00 1.722496128031914209e+00
5.459408051918311600e+01 -1.171955834621076553e+00 1.719231881483533453e+00
5.451172046421908135e+01 -1.164225603252776242e+00 1.716042286794649874e+00
5.442834415301810225e+01 -1.156668681801104492e+00 1.712942010116915714e+00
5.434547572901604440e+01 -1.149324006642570506e+00 1.709916083829181144e+00
5.426166716534685719e+01 -1.142082144586415549e+00 1.706979332195037280e+00
5.417844096254236064e+01 -1.134982431617088006e+00 1.704116943384615279e+00
5.409434748626286193e+01 -1.127915843514104344e+00 1.701336466718837315e+00
5.401016483081469488e+01 -1.121070701392330671e+00 1.698630669679570993e+00
5.392518466276172262e+01 -1.114264124597785566e+00 1.696014678391677633e+00
5.384018358013513961e+01 -1.107610586539571784e+00 1.693473977871832403e+00
5.375445179179599364e+01 -1.101001934370505086e+00 1.691008980800847938e+00
5.366876447732812494e+01 -1.094553094086983203e+00 1.688627597814927439e+00
5.358315330206427518e+01 -1.088156373483406991e+00 1.686330379417890102e+00
5.349616360244660740e+01 -1.081852883516603914e+00 1.684103086215511969e+00
5.340931141682303007e+01 -1.075609691530737377e+00 1.681961257573903801e+00
5.332262649618021300e+01 -1.069542675375690255e+00 1.679898211697759214e+00
5.323465232523822266e+01 -1.063470825879528681e+00 1.677914757535075241e+00
5.314690315388264708e+01 -1.057510518230672325e+00 1.676011764905085411e+00
5.305866417343435160e+01 -1.051629814198054680e+00 1.674182734601428857e+00
5.297070571335719791e+01 -1.045871315745120045e+00 1.672428653522183506e+00
5.288156908782949728e+01 -1.040203601000928346e+00 1.670757993076390280e+00
5.279276646270513140e+01 -1.034595510607067448e+00 1.669149565817123371e+00
5.270358103219133739e+01 -1.029090433931510340e+00 1.667619378956955778e+00
5.261329554581934076e+01 -1.023657744640545042e+00 1.666161205909094889e+00
5.252342083543683060e+01 -1.018311656744285587e+00 1.664768869662121453e+00
5.243323882697507088e+01 -1.013066656800324594e+00 1.663443669436270644e+00
5.234351673747065092e+01 -1.007922649381163271e+00 1.662186950622397852e+00
5.225279292179708790e+01 -1.002872387454424530e+00 1.660985246355035194e+00
5.216183390461338831e+01 -9.979163309750330724e-01 1.659847417522784196e+00
5.207066306198678518e+01 -9.930626486380874640e-01 1.658767509262892403e+00
5.197930347804893358e+01 -9.883049344420101745e-01 1.657747034246032314e+00
5.188852080154580193e+01 -9.836519225645100617e-01 1.656772685848930449e+00
5.179685192714220676e+01 -9.791052036479417353e-01 1.655846049769341688e+00
5.170506202684447317e+01 -9.746815110475898214e-01 1.654968745531608221e+00
5.161391606605479865e+01 -9.703830084901365893e-01 1.654134996335880237e+00
5.152269315449775178e+01 -9.662121476961390565e-01 1.653346483952701673e+00
5.143067223708623459e+01 -9.621716691653200426e-01 1.652590061862445836e+00
5.133936061964381992e+01 -9.582794595266260762e-01 1.651867466843923493e+00
5.124877981425405693e+01 -9.545388386520116120e-01 1.651180460460249355e+00
5.115746555955637120e+01 -9.509459883880730935e-01 1.650515970544769617e+00
5.106692485101072521e+01 -9.475048095058130615e-01 1.649875802789857682e+00
5.097643611565411703e+01 -9.442269218191654545e-01 1.649254353886646651e+00
5.088676340697266198e+01 -9.411168074741068645e-01 1.648638609719392356e+00
5.079718508436418745e+01 -9.381718108107837129e-01 1.648037856966029002e+00
5.070772233759292646e+01 -9.354044231508827911e-01 1.647439111202414708e+00
5.061913920598765770e+01 -9.328125690095566691e-01 1.646836828516645479e+00
5.053071409238602740e+01 -9.304093189875970449e-01 1.646225475380483694e+00
5.044245296684577795e+01 -9.281994079827602384e-01 1.645601060158386586e+00
5.035578625971911038e+01 -9.261756461155095099e-01 1.644965731182408186e+00
5.026841499560646298e+01 -9.243522195961272336e-01 1.644323175172268670e+00
5.018249731718289297e+01 -9.227138874070053287e-01 1.643677082223151897e+00
5.009647731810961346e+01 -9.212679786675725957e-01 1.643038572434433853e+00
5.001102774126887596e+01 -9.200072496869974303e-01 1.642396480800987879e+00
4.992607865655251231e+01 -9.189395960619871628e-01 1.641761925621224139e+00
4.984081747861017675e+01 -9.180509095170948930e-01 1.641131165067440056e+00
4.975666032456187082e+01 -9.173422181444084167e-01 1.640507880573604638e+00
4.967205218630523689e+01 -9.168222564405987818e-01 1.639903175188182072e+00
4.958840962807265385e+01 -9.164777501938220494e-01 1.639305858542174699e+00
4.950417812346750424e+01 -9.163105564254057089e-01 1.638719586986001842e+00
4.942077475278333054e+01 -9.163228047840308310e-01 1.638155433641438785e+00
4.933738837483498685e+01 -9.165094671959825856e-01 1.637602173419681950e+00
4.925395098395403437e+01 -9.168732124735138322e-01 1.637070851558856122e+00
4.917113772677621597e+01 -9.174095474310248743e-01 1.636557640325662755e+00
4.908813841384673538e+01 -9.181216713122871687e-01 1.636066122535966061e+00
4.900562887629511977e+01 -9.190130450782802995e-01 1.635592433340849583e+00
4.892279964220312394e+01 -9.200725322570723064e-01 1.635147543780611779e+00
4.884107012809116100e+01 -9.213041098085278380e-01 1.634712689203052793e+00
4.875888880999526975e+01 -9.226971521011804178e-01 1.634306222951668941e+00
4.867693308478229852e+01 -9.242635699562333773e-01 1.633916759765411397e+00
4.859588078109952392e+01 -9.259858094040397392e-01 1.633547744447963357e+00
4.851418167020412398e+01 -9.278688472600175041e-01 1.633195165400186166e+00
4.843325732691664598e+01 -9.299104747642901181e-01 1.632869838269184859e+00
4.835230130009219351e+01 -9.321012945389803850e-01 1.632552834460092805e+00
4.827125046822695964e+01 -9.344395741629197838e-01 1.632254906565845154e+00
4.819078505481665076e+01 -9.369238146127139011e-01 1.631971916907774434e+00
4.811084297350782890e+01 -9.395527469711977275e-01 1.631707121242437442e+00
4.803061984313214339e+01 -9.423104723526747328e-01 1.631448882380767573e+00
4.795079750763789406e+01 -9.452110285472533624e-01 1.631200382272519178e+00
4.787131554568239977e+01 -9.482389596789898567e-01 1.630964764002672096e+00
4.779211412012322313e+01 -9.513938826847055941e-01 1.630730273801066943e+00
4.771387682729555735e+01 -9.546681985576148666e-01 1.630499973166859462e+00
4.763505937093770370e+01 -9.580545169092729019e-01 1.630276880904646841e+00
4.755708942115108329e+01 -9.615530804486364103e-01 1.630049115173819230e+00
4.747916678275550595e+01 -9.651569043277672399e-01 1.629812177302642828e+00
4.740197758367580860e+01 -9.688517721055511789e-01 1.629576378915410295e+00
4.732472294781987898e+01 -9.726385166799235149e-01 1.629322270621720747e+00
4.724809034785892692e+01 -9.765107310368307258e-01 1.629060067623343988e+00
4.717202511251966257e+01 -9.804621923188068244e-01 1.628777650082151141e+00
4.709647327364925928e+01 -9.844794291124429053e-01 1.628477703706044943e+00
4.702063874288779743e+01 -9.885565737066848158e-01 1.628148005198458259e+00
4.694595466310929766e+01 -9.926879292213995898e-01 1.627791134526181738e+00
4.687236924426690621e+01 -9.968679650085408017e-01 1.627409617102844486e+00
4.679834577397785011e+01 -1.001076455276226351e+00 1.626983637640207592e+00
4.672606247288572945e+01 -1.005323044439935032e+00 1.626523037520684722e+00
4.665398415418582800e+01 -1.009580387146680192e+00 1.626015315286376772e+00
4.658206207815197075e+01 -1.013850998532566550e+00 1.625455339001672606e+00
4.651173396105252067e+01 -1.018115250807060557e+00 1.624845345236873406e+00
4.644145815398535149e+01 -1.022371679944281908e+00 1.624173930800156818e+00
4.637262987263706293e+01 -1.026616777099184308e+00 1.623442170147310071e+00
4.630366498307967760e+01 -1.030872615290886030e+00 1.622659781110759258e+00
4.623595150852288072e+01 -1.035146532466577618e+00 1.621828989506927554e+00
4.616864979072333597e+01 -1.039431126232296831e+00 1.620944528248291938e+00
4.610240667120241653e+01 -1.043741390283557724e+00 1.620008493185492560e+00
4.603712699176688972e+01 -1.048077567285593092e+00 1.619030342279936585e+00
4.597197359960192387e+01 -1.052454856862011567e+00 1.618004609757958789e+00
4.590685302190721728e+01 -1.056873696741588153e+00 1.616940618750349001e+00
4.584315830499838285e+01 -1.061334613970869034e+00 1.615832767164881778e+00
4.578005484274594039e+01 -1.065845647745324198e+00 1.614690240397113508e+00
4.571670888470152505e+01 -1.070414915513307808e+00 1.613507297276621122e+00
4.565525887873550204e+01 -1.075035750707583171e+00 1.612285554503826601e+00
4.559338712281227401e+01 -1.079716410561105233e+00 1.611033986075783853e+00
4.553249095178056649e+01 -1.084457785458414314e+00 1.609746637702297312e+00
4.547174005818089881e+01 -1.089260821680498870e+00 1.608424911365329946e+00
4.541179066787523766e+01 -1.094126515796452814e+00 1.607070136520353243e+00
4.535255703497783486e+01 -1.099055909057539804e+00 1.605690998041778839e+00
4.529395427639380500e+01 -1.104050081798124472e+00 1.604273822461487864e+00
4.523515553582205229e+01 -1.109110147848660688e+00 1.602834576105096831e+00
4.517756332240507078e+01 -1.114229820615159294e+00 1.601359438019853698e+00
4.512035249865942887e+01 -1.119410264230903618e+00 1.599856798202078600e+00
4.506344161819591676e+01 -1.124652659683491374e+00 1.598327544017863922e+00
4.500675008786461717e+01 -1.129950770972480312e+00 1.596765060070860054e+00
4.495094099951073474e+01 -1.135313224702940715e+00 1.595177513166836647e+00
4.489519262120186482e+01 -1.140726362916176573e+00 1.593565567222720469e+00
4.484016973321484301e+01 -1.146183951115614219e+00 1.591922383271808128e+00
4.478579511844316841e+01 -1.151687172938603787e+00 1.590248476214657813e+00
4.473199239251413672e+01 -1.157222339827684632e+00 1.588551714914043789e+00
4.467794316347816164e+01 -1.162798027557530700e+00 1.586825037282823647e+00
4.462505836625955880e+01 -1.168385644265108159e+00 1.585076163866595333e+00
4.457252124650661074e+01 -1.174001137194035538e+00 1.583297884666237776e+00
4.452025869435648531e+01 -1.179630704145281372e+00 1.581497772803360569e+00
4.446819840275258429e+01 -1.185260501895378349e+00 1.579668471423315346e+00
4.441701169550496786e+01 -1.190891497979841063e+00 1.577809979088304004e+00
4.436662784998190290e+01 -1.196509752442404872e+00 1.575929650156540518e+00
4.431623408957252508e+01 -1.202108698104454421e+00 1.574012481795911800e+00
4.426650408095905931e+01 -1.207689135853318385e+00 1.572073112884006862e+00
4.421662658596278561e+01 -1.213229516599574564e+00 1.570103826036836070e+00
4.416727679335176759e+01 -1.218723078457080167e+00 1.568096833170451676e+00
4.411913064027404374e+01 -1.224162985541871640e+00 1.566066561091134401e+00
4.407063629845362840e+01 -1.229534895191556787e+00 1.564005081960182286e+00
4.402247117541161003e+01 -1.234831810305374367e+00 1.561911827286240673e+00
4.397494198276189081e+01 -1.240031790002171119e+00 1.559793588539811093e+00
4.392768759290729719e+01 -1.245127658798393711e+00 1.557634804388076999e+00
4.388086756561998669e+01 -1.250112145751706594e+00 1.555449559802216442e+00
4.383434501989728460e+01 -1.254963023670384148e+00 1.553229588278826290e+00
4.378820660871583925e+01 -1.259672818488657198e+00 1.550981414280642179e+00
4.374231680811420375e+01 -1.264226520252990538e+00 1.548689212189079401e+00
4.369676360817467753e+01 -1.268609007570453695e+00 1.546366805472744854e+00
4.365149089512983949e+01 -1.272809130359032759e+00 1.544005701052120205e+00
4.360653272092498867e+01 -1.276831965841095373e+00 1.541604899703732601e+00
4.356185329649353832e+01 -1.280693983385539081e+00 1.539163372191497237e+00
4.351749173848735808e+01 -1.284396669188447193e+00 1.536687456282824993e+00
4.347348777517134977e+01 -1.287941379349838433e+00 1.534176000808665785e+00
4.342973316871240996e+01 -1.291351621350906198e+00 1.531620366429672586e+00
4.338641740538725600e+01 -1.294613623727139062e+00 1.529026711457794230e+00
4.334343341665502436e+01 -1.297750616093052312e+00 1.526401135930592234e+00
4.330074898566167008e+01 -1.300763398908116208e+00 1.523734825689227579e+00
4.325848101963332226e+01 -1.303652625140040433e+00 1.521026338210798912e+00
4.321659840465401459e+01 -1.306433653621297708e+00 1.518289031743357498e+00
4.317514484485532478e+01 -1.309099403996841327e+00 1.515506495991987501e+00
4.313394171698009671e+01 -1.311664923566695728e+00 1.512684551361289209e+00
4.309318232686391781e+01 -1.314130242318040320e+00 1.509828964698755716e+00
4.305283762975911799e+01 -1.316495226450909772e+00 1.506938021742296518e+00
4.301280478556238762e+01 -1.318767003596185594e+00 1.504002527922440935e+00
4.297312999741716766e+01 -1.320952531376047512e+00 1.501028094220111520e+00
4.293378564916765328e+01 -1.323051166008324842e+00 1.498020281279142996e+00
4.289481886018542411e+01 -1.325062087656605714e+00 1.494977171875541799e+00
4.285620290603992544e+01 -1.326991725827073587e+00 1.491889371744875570e+00
4.281791148952308390e+01 -1.328838899763236547e+00 1.488769723819487245e+00
4.277999301151361777e+01 -1.330609672292493384e+00 1.485616167323538628e+00
4.274234770766456393e+01 -1.332295061974833494e+00 1.482434023681372892e+00
4.270502476943404702e+01 -1.333900753759388103e+00 1.479213712337119624e+00
4.266807376392055318e+01 -1.335424811248506316e+00 1.475960465040104808e+00
4.263139605351033623e+01 -1.336865102425335072e+00 1.472672041693961820e+00
4.259496763284474952e+01 -1.338226725447688503e+00 1.469361016324116198e+00
4.255891339858276012e+01 -1.339507149461006685e+00 1.466017636261581325e+00
4.252306143444192799e+01 -1.340696212185945368e+00 1.462646964848912212e+00
4.248746298156277135e+01 -1.341805830985088432e+00 1.459254025715404302e+00
4.245209529013317962e+01 -1.342825430509687612e+00 1.455836375424948592e+00
4.241693588830921868e+01 -1.343751653935914891e+00 1.452391532847695732e+00
4.238196256741576917e+01 -1.344588360891535439e+00 1.448924408556595100e+00
4.234722765043025561e+01 -1.345324340427901832e+00 1.445439877548977847e+00
4.231256084273484674e+01 -1.345970450894608206e+00 1.441927923644562792e+00
4.227801491767517916e+01 -1.346507619716233117e+00 1.438400782362487362e+00
4.224364285038070221e+01 -1.346946268532491775e+00 1.434855800323937780e+00
4.220927495137189567e+01 -1.347274313198635998e+00 1.431290293134963587e+00
4.217496455148211965e+01 -1.347494304107098806e+00 1.427716403298120884e+00
4.214069085155244210e+01 -1.347593711479081469e+00 1.424123959701307784e+00
4.210643318944393343e+01 -1.347574637584347590e+00 1.420532477338475097e+00
4.207209673985934728e+01 -1.347431530638826258e+00 1.416924303455086687e+00
4.203780963150077099e+01 -1.347158612236253550e+00 1.413326330726722535e+00
4.200340294553608800e+01 -1.346749876565443094e+00 1.409720858409636568e+00
4.196885639944566293e+01 -1.346199089766179524e+00 1.406127305573830144e+00
4.193422404621468758e+01 -1.345499789425812054e+00 1.402535357356865298e+00
4.189941140639870554e+01 -1.344652712568868091e+00 1.398956964846260975e+00
4.186432401759643795e+01 -1.343650938739823220e+00 1.395389204782062853e+00
4.182901598383616459e+01 -1.342479889931539994e+00 1.391836566082883309e+00
4.179339282387947208e+01 -1.341139615709896704e+00 1.388303522990689487e+00
4.175744526699278936e+01 -1.339631417177850725e+00 1.384786122056696822e+00
4.172120784067882937e+01 -1.337940003624685348e+00 1.381283881840080774e+00
4.168465168041817748e+01 -1.336088478501339605e+00 1.377795324629875751e+00
4.164782211593337280e+01 -1.334062576124406263e+00 1.374318964174481073e+00
4.161076436998680350e+01 -1.331870089270438928e+00 1.370845878892714031e+00
4.157337497374363977e+01 -1.329518585055915469e+00 1.367389426841826072e+00
4.153592173375009367e+01 -1.327007977653376081e+00 1.363933248835779599e+00
4.149815231248214076e+01 -1.324330529489828656e+00 1.360483268467257645e+00
4.146025989659955968e+01 -1.321507994325010538e+00 1.357037980274332645e+00
4.142228891181633088e+01 -1.318524763550245282e+00 1.353588451302459195e+00
4.138406072248214684e+01 -1.315387294561332743e+00 1.350140607708837148e+00
4.134576788290508631e+01 -1.312109255743565406e+00 1.346685522903551036e+00
4.130730556937491826e+01 -1.308674386515410459e+00 1.343229132478433785e+00
4.126871726499152260e+01 -1.305095926029357756e+00 1.339762522316872984e+00
4.122997189326040512e+01 -1.301372045067201055e+00 1.336284215135370212e+00
4.119111236951408017e+01 -1.297500704829337437e+00 1.332800171951841195e+00
4.115218130215879455e+01 -1.293487087459523677e+00 1.329301508477888749e+00
4.111314669427622448e+01 -1.289336169948529953e+00 1.325801638285532214e+00
4.107405049610414949e+01 -1.285052726460968797e+00 1.322284275740990944e+00
4.103478574039495186e+01 -1.280633902378307987e+00 1.318762864160136994e+00
4.099554222970152040e+01 -1.276084073452696810e+00 1.315236007026364007e+00
4.095613797154531710e+01 -1.271407419963564545e+00 1.311694897624487322e+00
4.091668771706014951e+01 -1.266600500921520212e+00 1.308153033687948774e+00
4.087723153104276719e+01 -1.261674541714410402e+00 1.304609076855093752e+00
4.083758621296046698e+01 -1.256625723336831868e+00 1.301054282187111388e+00
4.079793955343927792e+01 -1.251457470100879599e+00 1.297502212696020063e+00
4.075810748816697782e+01 -1.246173023969951110e+00 1.293936741978622074e+00
4.071820263880504598e+01 -1.240768018911639459e+00 1.290371482062468100e+00
4.067818860182438812e+01 -1.235252768665815903e+00 1.286805214306533385e+00
4.063802850581964776e+01 -1.229629984421333866e+00 1.283236747062161953e+00
4.059768500227279020e+01 -1.223894777549561219e+00 1.279664916592240242e+00
4.055719454026621662e+01 -1.218056947391344069e+00 1.276096016299956615e+00
4.051659307462927728e+01 -1.212111270592170387e+00 1.272528940866862746e+00
4.047576749100971938e+01 -1.206074645586875160e+00 1.268970043753458565e+00
4.043475273237476131e+01 -1.199941525227237404e+00 1.265410852910951567e+00
4.039350894139445103e+01 -1.193721061256600047e+00 1.261865213259258711e+00
4.035199573721853028e+01 -1.187399965275336422e+00 1.258332145628429100e+00
4.031032077612102427e+01 -1.181001938252905337e+00 1.254803275769351911e+00
4.026836832797343391e+01 -1.174520818079142881e+00 1.251292548385137593e+00
4.022602212106266251e+01 -1.167965152363774628e+00 1.247799085982398859e+00
4.018346247071470145e+01 -1.161328487729196945e+00 1.244329474499033861e+00
4.014049772266614013e+01 -1.154626514253226821e+00 1.240875478807456300e+00
4.009715851623442973e+01 -1.147852498059202198e+00 1.237436328298825883e+00
4.005347492919301544e+01 -1.141014425761843087e+00 1.234033574099195008e+00
4.000932790635692271e+01 -1.134120150467464727e+00 1.230651662767835886e+00
3.996474638936606283e+01 -1.127169966134549783e+00 1.227304791937191997e+00
3.991968446210959343e+01 -1.120178895349083215e+00 1.223992340689195935e+00
3.987409563029473247e+01 -1.113146978666588849e+00 1.220721155076338382e+00
3.982800710112515219e+01 -1.106081562428776310e+00 1.217490691886639720e+00
3.978137121256003184e+01 -1.098982444856702489e+00 1.214307875807163484e+00
3.973422185222948855e+01 -1.091862352845037742e+00 1.211171248409864454e+00
3.968640088654255749e+01 -1.084711798176627884e+00 1.208090269337340539e+00
3.963812885836113509e+01 -1.077534227079529394e+00 1.205058587700687855e+00
3.958925429279870656e+01 -1.070325549214683036e+00 1.202062465681306813e+00
3.953992224513941522e+01 -1.063066712334406638e+00 1.199110492414333429e+00
3.948998002919136496e+01 -1.055775703801247190e+00 1.196196442728713949e+00
3.943957148164498960e+01 -1.048425841865364694e+00 1.193321562699387828e+00
3.938869125735105570e+01 -1.041027490714968362e+00 1.190487141809681626e+00
3.933733339256692574e+01 -1.033568636944073527e+00 1.187679656774933923e+00
3.928549130114035393e+01 -1.026059462999479477e+00 1.184900485479861709e+00
3.923323205413625914e+01 -1.018487780504186757e+00 1.182158479176868449e+00
3.918047352539471717e+01 -1.010856175515964628e+00 1.179440249645681726e+00
3.912728152155007422e+01 -1.003167155419281142e+00 1.176747311516732619e+00
3.907364692748285506e+01 -9.954082959043080159e-01 1.174088654503968376e+00
3.901963426924186251e+01 -9.875819581360077981e-01 1.171451030596668330e+00
3.896523314292653595e+01 -9.796978642614477817e-01 1.168836096412027903e+00
3.891035821055726984e+01 -9.717433879560644083e-01 1.166245557102785435e+00
3.885514632995587903e+01 -9.637281285616717819e-01 1.163681166970520708e+00
3.879951084961996344e+01 -9.556467734599044528e-01 1.161129873381285149e+00
3.874358730566748932e+01 -9.475013873340211168e-01 1.158608387483812896e+00
3.868721343331274909e+01 -9.392939881135763391e-01 1.156111186372538624e+00
3.863052343096929775e+01 -9.310265513499722534e-01 1.153625370398015049e+00
3.857342797193222594e+01 -9.227010146688396919e-01 1.151167805520505016e+00
3.851605990173934657e+01 -9.143118539442623982e-01 1.148725697099346910e+00
3.845825425017645927e+01 -9.058758012913106228e-01 1.146301160571867150e+00
3.840014249602902652e+01 -8.973724229165033206e-01 1.143903793663163082e+00
3.834170686304020848e+01 -8.888184073273717178e-01 1.141513535173933391e+00
3.828285460066136636e+01 -8.802155716351320880e-01 1.139147520647664891e+00
3.822371511561922830e+01 -8.715657230494996410e-01 1.136800656055701575e+00
3.816411998529817140e+01 -8.628632353543936873e-01 1.134467903303788994e+00
3.810427150753945114e+01 -8.541247671580087797e-01 1.132151709003432760e+00
3.804407414780592944e+01 -8.453595533549692620e-01 1.129862004854901736e+00
3.798358023932642169e+01 -8.365694099944748219e-01 1.127586494587933919e+00
3.792269284869009738e+01 -8.277561674938588299e-01 1.125335224360382913e+00
3.786161147696984131e+01 -8.189291038377273235e-01 1.123110869606907647e+00
3.780016350884133658e+01 -8.100975210522305403e-01 1.120908735238469900e+00
3.773847276530663919e+01 -8.012707499952785861e-01 1.118731612489390903e+00
3.767643952096144488e+01 -7.924432984019805781e-01 1.116574922308318341e+00
3.761418620740084862e+01 -7.836319973276716366e-01 1.114449000443200166e+00
3.755153743171694458e+01 -7.748388640246138825e-01 1.112341955665183901e+00
3.748868853167814308e+01 -7.660659631971047379e-01 1.110264239784825691e+00
3.742546274501433601e+01 -7.573228398238410763e-01 1.108211505753863735e+00
3.736197976591384418e+01 -7.486190951884450495e-01 1.106179464156289427e+00
3.729813576615017467e+01 -7.399643911605411351e-01 1.104178739636455076e+00
3.723397481891170457e+01 -7.313610260190326340e-01 1.102205157162685412e+00
3.716954033878521813e+01 -7.228262235614967279e-01 1.100254598329560851e+00
3.710487508941154999e+01 -7.143624236403364192e-01 1.098337857598068013e+00
3.703979834129169291e+01 -7.059869993733051130e-01 1.096450928373087441e+00
3.697450014876620372e+01 -6.977025474193199184e-01 1.094597287472784064e+00
3.690887280808144766e+01 -6.895266049189403557e-01 1.092773037788833390e+00
3.684302993804313786e+01 -6.814589600630598376e-01 1.090981570768142062e+00
3.677678376409613037e+01 -6.735024304621979319e-01 1.089225556743765422e+00
3.671024213987330853e+01 -6.656420911405920293e-01 1.087500096354784063e+00
3.664336377211244411e+01 -6.578705419773609453e-01 1.085800341572270566e+00
3.657618108352805564e+01 -6.501953388713762605e-01 1.084136351507722917e+00
3.650865165862713724e+01 -6.425869979574277968e-01 1.082503378079161527e+00
3.644073254044997867e+01 -6.350607099820340107e-01 1.080896721741695377e+00
3.637245452768640774e+01 -6.275946308310027533e-01 1.079326587185035935e+00
3.630384790511777027e+01 -6.202041672730883581e-01 1.077780940550500777e+00
3.623486817434336160e+01 -6.128676955633125534e-01 1.076270078476356584e+00
3.616561891875359436e+01 -6.056008469209280820e-01 1.074789485270451150e+00
3.609598040067105273e+01 -5.983822258778218606e-01 1.073334688519203217e+00
3.602605527715630274e+01 -5.912276955134611045e-01 1.071916114685753652e+00
3.595587148087614082e+01 -5.841235239237537735e-01 1.070521946250218459e+00
3.588530795151601893e+01 -5.770783841901349076e-01 1.069162690700992124e+00
3.581439178469113926e+01 -5.700713573495131969e-01 1.067834037676170134e+00
3.574322396328219753e+01 -5.631187888810424980e-01 1.066531714563964561e+00
3.567175652165436617e+01 -5.562074348101226917e-01 1.065258913764433935e+00
3.559994112722968396e+01 -5.493464613475511626e-01 1.064018863266153359e+00
3.552780337835377367e+01 -5.425154475655747932e-01 1.062799968892128355e+00
3.545536853491010021e+01 -5.357312416278998679e-01 1.061612955020592608e+00
3.538266153214973286e+01 -5.289811066749111612e-01 1.060453721829470508e+00
3.530963271069399667e+01 -5.222747202820158252e-01 1.059318201022246386e+00
3.523630639668526499e+01 -5.156144620438236625e-01 1.058209783235558588e+00
3.516270663104133831e+01 -5.089879861969738295e-01 1.057124460430578505e+00
3.508885718179507052e+01 -5.024053643410402170e-01 1.056058253371633171e+00
3.501470727249233761e+01 -4.958693730124782428e-01 1.055029495843264886e+00
3.494035444414221558e+01 -4.893754946727084665e-01 1.054011978703632835e+00
3.486582171567987842e+01 -4.829342037677050170e-01 1.053024089333016722e+00
3.479098331095223529e+01 -4.765412543632907005e-01 1.052061955767430890e+00
3.471601036973520138e+01 -4.701925379155779128e-01 1.051114302725204119e+00
3.464077668922837461e+01 -4.638989410804941760e-01 1.050192164373603187e+00
3.456530443410238007e+01 -4.576640618155810580e-01 1.049284313631733578e+00
3.448968986155590954e+01 -4.514842105797820526e-01 1.048394403363464011e+00
3.441388047890843183e+01 -4.453558399335279527e-01 1.047526109154003349e+00
3.433789790176727053e+01 -4.392978308910475693e-01 1.046675700470130810e+00
3.426183786126966879e+01 -4.333069241731594690e-01 1.045839468551510221e+00
3.418557307692471881e+01 -4.273874350148713641e-01 1.045013725979642150e+00
3.410927324762352697e+01 -4.215363979228142766e-01 1.044202234621339098e+00
3.403288507329061474e+01 -4.157732815831220452e-01 1.043408776892821965e+00
3.395650367828026361e+01 -4.100954203126351838e-01 1.042622298690408567e+00
3.388007548300646476e+01 -4.045077290540723403e-01 1.041846622435809611e+00
3.380362105989209454e+01 -3.990152766563616060e-01 1.041078161678165026e+00
3.372723513865834377e+01 -3.936232875353673499e-01 1.040320777451525736e+00
3.365086376100411059e+01 -3.883371433577900156e-01 1.039563492880653861e+00
3.357452713624854113e+01 -3.831549563899698252e-01 1.038810206233432121e+00
3.349831964646561744e+01 -3.780824279041862246e-01 1.038064833861818137e+00
3.342218700116368524e+01 -3.731328498814177053e-01 1.037316453128291460e+00
3.334622337658755242e+01 -3.683048216505681594e-01 1.036561587064175338e+00
3.327030000365529361e+01 -3.636045366056239736e-01 1.035804203953325731e+00
3.319465238945943497e+01 -3.590368438820015218e-01 1.035041461104945659e+00
3.311904204812529429e+01 -3.546007151269315316e-01 1.034272935480448519e+00
3.304366906559864248e+01 -3.502937808422346144e-01 1.033506248775631686e+00
3.296836203987548686e+01 -3.461064150966911557e-01 1.032734180897115994e+00
3.289317235600010036e+01 -3.420514503025527953e-01 1.031964382764537946e+00
3.281800277596892812e+01 -3.381047516947393583e-01 1.031189662263444884e+00
3.274297886413521042e+01 -3.342795020083366153e-01 1.030425125300304279e+00
3.266800329459439922e+01 -3.305742040838988705e-01 1.029663604952175238e+00
3.259312727763420270e+01 -3.269726817950418529e-01 1.028897945714132733e+00
3.251825343522363454e+01 -3.234886509371034391e-01 1.028143287690564289e+00
3.244343294510202469e+01 -3.201062930613954860e-01 1.027399923927315717e+00
3.236871698444733880e+01 -3.168396827526543391e-01 1.026653299437365385e+00
3.229393389064451725e+01 -3.136733611326096849e-01 1.025918580270157365e+00
3.221928344118668264e+01 -3.106069060888047573e-01 1.025196082320597224e+00
3.214459403113381342e+01 -3.076475038661495298e-01 1.024486126883517700e+00
3.206991695421029931e+01 -3.047876637658942234e-01 1.023774182752377193e+00
3.199522928245123410e+01 -3.020200743983588176e-01 1.023082863417154487e+00
3.192050816392064405e+01 -2.993450313838299515e-01 1.022397642257649064e+00
3.184580512096185601e+01 -2.967704364984132259e-01 1.021718849643473259e+00
3.177102321493901016e+01 -2.942820832120772168e-01 1.021054243188210142e+00
3.169621419595962664e+01 -2.918882255219908406e-01 1.020396721262987416e+00
3.162142995200380469e+01 -2.895824347262784260e-01 1.019754034926102060e+00
3.154664824192921202e+01 -2.873658827949689964e-01 1.019119073019883137e+00
3.147192127930604855e+01 -2.852399121382993008e-01 1.018499574043586486e+00
3.139715289900470196e+01 -2.831986051776843594e-01 1.017888411204162846e+00
3.132246999200881277e+01 -2.812436387761264034e-01 1.017285875903982895e+00
3.124785110534525145e+01 -2.793842817832818404e-01 1.016692247819263706e+00
3.117327502660677752e+01 -2.776002506531319858e-01 1.016107793326106457e+00
3.109879508497791534e+01 -2.759085617976865801e-01 1.015532763930635740e+00
3.102439060168923746e+01 -2.743041018298043032e-01 1.014967394709489490e+00
3.095004119084150673e+01 -2.727744811629745358e-01 1.014411902767176077e+00
3.087580106001973590e+01 -2.713297441783090180e-01 1.013859057366645944e+00
3.080165046011665808e+01 -2.699652241193378766e-01 1.013309035140350867e+00
3.072756998530685379e+01 -2.686838246824262977e-01 1.012769418637023966e+00
3.065361487259312412e+01 -2.674737314141117372e-01 1.012225481509674063e+00
3.057976645034695196e+01 -2.663455498336688154e-01 1.011692185604726291e+00
3.050608072029244866e+01 -2.652951599919932124e-01 1.011154752851233241e+00
3.043253980484877985e+01 -2.643185694366956273e-01 1.010613234113001635e+00
3.035920052778946854e+01 -2.634119094471921163e-01 1.010067651302989589e+00
3.028604586013997491e+01 -2.625862879566161490e-01 1.009525424617454981e+00
3.021313349928093572e+01 -2.618232156740778471e-01 1.008971658091900148e+00
3.014037302968526788e+01 -2.611340291282743253e-01 1.008413708736326742e+00
3.006789735077891379e+01 -2.605153168409202746e-01 1.007851472247867530e+00
2.999569126884279768e+01 -2.599637723502477571e-01 1.007269953856809286e+00
2.992374007246710477e+01 -2.594687622462742982e-01 1.006676409358521429e+00
2.985210382351312930e+01 -2.590494643833152200e-01 1.006070631079215572e+00
2.978076879656001097e+01 -2.586805809276221946e-01 1.005437518979295675e+00
2.970972176783991969e+01 -2.583740468606348650e-01 1.004791650295345340e+00
2.963902430315025782e+01 -2.581270282890395507e-01 1.004125280715485014e+00
2.956873847774154029e+01 -2.579367760279234756e-01 1.003430629142699537e+00
2.949877208090451930e+01 -2.577940379584345854e-01 1.002700622555173560e+00
2.942930562600853506e+01 -2.577078723147815942e-01 1.001953416127025598e+00
2.936021677527128304e+01 -2.576808288361807642e-01 1.001178159540600854e+00
2.929145798754824526e+01 -2.577155308583691795e-01 1.000378822055151495e+00
2.922313080042786027e+01 -2.578146729001518644e-01 9.995667642587697799e-01
2.915518869396250778e+01 -2.579735900506391344e-01 9.987235964855284420e-01
2.908765993811789485e+01 -2.582025409082540635e-01 9.978680341974005552e-01
2.902042473846434589e+01 -2.584969922171751477e-01 9.969890431173079604e-01
2.895351236570560260e+01 -2.588673304518479545e-01 9.960978380158057588e-01
2.888695258357961748e+01 -2.593017183908061796e-01 9.951907413381680945e-01
2.882070135972065117e+01 -2.598106636787722024e-01 9.942640403198744758e-01
2.875471514306030585e+01 -2.603898756639610457e-01 9.933288441319751971e-01
2.868909942434406801e+01 -2.610499775069846651e-01 9.923813709476275724e-01
2.862373731182357872e+01 -2.617793632467614318e-01 9.914178051256227198e-01
2.855866094175065584e+01 -2.625887668171507650e-01 9.904417260518663113e-01
2.849390290421458261e+01 -2.634666909463184159e-01 9.894566802810961237e-01
2.842942195242629921e+01 -2.644165479810688391e-01 9.884661820225829620e-01
2.836525156253933844e+01 -2.654492306679850366e-01 9.874588569114782777e-01
2.830135135957280212e+01 -2.665533979268236431e-01 9.864455842115594786e-01
2.823775567753732929e+01 -2.677251874536272780e-01 9.854223554879110170e-01
2.817442498582315835e+01 -2.689756432845019085e-01 9.843925600478186100e-01
2.811139444994585901e+01 -2.702935732529881951e-01 9.833521285904907039e-01
2.804862535870096352e+01 -2.716826899283605878e-01 9.823043902121061377e-01
2.798615368581524621e+01 -2.731393247136987834e-01 9.812452159590263623e-01
2.792394151813619274e+01 -2.746598552900541557e-01 9.801778757263301944e-01
2.786195133493345821e+01 -2.762555613397874588e-01 9.791056100459751832e-01
2.780022028785494115e+01 -2.779080533807483100e-01 9.780242018115252733e-01
2.773886019807776293e+01 -2.796286984015475263e-01 9.769368329875672829e-01
2.767768613668079425e+01 -2.813991917756614169e-01 9.758392278495378047e-01
2.761681069131083177e+01 -2.832309826486257842e-01 9.747345095546355864e-01
2.755627254809922988e+01 -2.851132739277005834e-01 9.736183432409302174e-01
2.749603649188511056e+01 -2.870427339687901536e-01 9.724937924565174585e-01
2.743606769073996077e+01 -2.890234946963242124e-01 9.713638904676776820e-01
2.737648026478802876e+01 -2.910493215074946849e-01 9.702167831479900917e-01
2.731716587129004381e+01 -2.931117822194886924e-01 9.690702986025829802e-01
2.725809084200907151e+01 -2.952106443328331165e-01 9.679050914748691392e-01
2.719944475429979747e+01 -2.973419870504442897e-01 9.667389258477075975e-01
2.714104616786432089e+01 -2.995026554709615541e-01 9.655523910834774570e-01
2.708293689819299388e+01 -3.016880290692780520e-01 9.643631846180202860e-01
2.702515917206853047e+01 -3.038942469903913590e-01 9.631518277040229670e-01
2.696775563410852428e+01 -3.061174618088434718e-01 9.619359481199166728e-01
2.691062078676564795e+01 -3.083516074278590535e-01 9.607034241911337480e-01
2.685379813173127062e+01 -3.105921094746750821e-01 9.594569540395432306e-01
2.679733161063413149e+01 -3.128329100042758770e-01 9.581991980125582620e-01
2.674119132946592714e+01 -3.150694347166247966e-01 9.569179211022137421e-01
2.668542213365073579e+01 -3.172956173380278577e-01 9.556305621641294490e-01
2.662992076564543709e+01 -3.195068665400965791e-01 9.543173778892641845e-01
2.657473300700665320e+01 -3.216970900499593333e-01 9.529957254454232141e-01
2.651997940279599675e+01 -3.238579471529625109e-01 9.516457781375911029e-01
2.646548385172937046e+01 -3.259847866149918061e-01 9.502848081057567731e-01
2.641136724780638545e+01 -3.280726994882716130e-01 9.489005905433441912e-01
2.635767416855208367e+01 -3.301240008517517532e-01 9.474893251373188718e-01
2.630422621546322404e+01 -3.321444524214532956e-01 9.460697117100854703e-01
2.625114263793097180e+01 -3.341390287762103783e-01 9.446232626935476828e-01
2.619846892070181710e+01 -3.361126552493858277e-01 9.431611577650957923e-01
2.614602822103402602e+01 -3.380694601771889740e-01 9.416871016611152445e-01
2.609401563998517659e+01 -3.400142557009389610e-01 9.401898954791307883e-01
2.604232967318554159e+01 -3.419510473002799200e-01 9.386731498250155958e-01
2.599094362960624949e+01 -3.438837719247623270e-01 9.371404279579881313e-01
2.593990563170967079e+01 -3.458162934054734294e-01 9.355878173902930639e-01
2.588911576393326897e+01 -3.477531408381731026e-01 9.340187866458202759e-01
2.583877177148864490e+01 -3.496965329484008622e-01 9.324367570799307892e-01
2.578870050537758019e+01 -3.516471168086247601e-01 9.308376748136202306e-01
2.573895218567586696e+01 -3.536076780913912643e-01 9.292174394841629104e-01
2.568957754499565738e+01 -3.555779375155037614e-01 9.275867614631068125e-01
2.564047925414607221e+01 -3.575612328824107622e-01 9.259414490895231387e-01
2.559178333100797786e+01 -3.595570874915888226e-01 9.242772661209923690e-01
2.554339342958841996e+01 -3.615671498442001863e-01 9.226047892986257715e-01
2.549543652983307140e+01 -3.635929624306076247e-01 9.209122675719135787e-01
2.544774294066580467e+01 -3.656344736317074240e-01 9.192101932841989509e-01
2.540036627086333709e+01 -3.676922640818805488e-01 9.174941616088413410e-01
2.535336056375745173e+01 -3.697668019838361575e-01 9.157671568856031730e-01
2.530663171435123004e+01 -3.718591843890223791e-01 9.140246972977833506e-01
2.526030886993627433e+01 -3.739689074350078801e-01 9.122696930355855827e-01
2.521422442774022343e+01 -3.760953510539055689e-01 9.105050194864351409e-01
2.516850828425962305e+01 -3.782392639741592455e-01 9.087186621444374168e-01
2.512314211480010684e+01 -3.803968206599041002e-01 9.069282883824938413e-01
2.507803363687672515e+01 -3.825677923965152827e-01 9.051218223721625433e-01
2.503323944006920954e+01 -3.847510904520622388e-01 9.033020169485483919e-01
2.498874211442474902e+01 -3.869432808385144251e-01 9.014790270546907403e-01
2.494459879605170016e+01 -3.891430419995852708e-01 8.996406981561162475e-01
2.490079257850198857e+01 -3.913489372143892364e-01 8.977897098176778057e-01
2.485723249107923394e+01 -3.935579300501447775e-01 8.959287208280253267e-01
2.481397632769900596e+01 -3.957661285152940245e-01 8.940603710129972903e-01
2.477100777490264250e+01 -3.979739863978813963e-01 8.921798546764638793e-01
2.472838495767553724e+01 -4.001818479024266684e-01 8.902897790587478433e-01
2.468601756816653747e+01 -4.023728642223963203e-01 8.883927377010163440e-01
2.464388969595499645e+01 -4.045597940323542030e-01 8.864838837559355644e-01
2.460205980845818985e+01 -4.067330070049430812e-01 8.845657882858749543e-01
2.456043788158935115e+01 -4.088901992389134543e-01 8.826335850874382771e-01
2.451908251579641984e+01 -4.110215386185134823e-01 8.807046855364863980e-01
2.447797806854398317e+01 -4.131319519317652733e-01 8.787667814911012121e-01
2.443718320535954902e+01 -4.152114135190813071e-01 8.768224166513779450e-01
2.439653375099804933e+01 -4.172498039805222492e-01 8.748741310143079986e-01
2.435616266034073263e+01 -4.192591971658013450e-01 8.729170335702378658e-01
2.431590573802607125e+01 -4.212144352202850106e-01 8.709610882870655324e-01
2.427597017894561304e+01 -4.231274138212038904e-01 8.690088298757998597e-01
2.423619172355616769e+01 -4.249876569733590514e-01 8.670479361367281479e-01
2.419655463412937735e+01 -4.267846035011819139e-01 8.650957986356990759e-01
2.415704312089063777e+01 -4.285224650150662451e-01 8.631400963544899607e-01
2.411771973404000136e+01 -4.301917985453642679e-01 8.611830375574056617e-01
2.407858913458649752e+01 -4.318030756937445980e-01 8.592255176048714249e-01
2.403958574985822949e+01 -4.333456866409975961e-01 8.572755330908256033e-01
2.400071822529123722e+01 -4.348312256983967727e-01 8.553187969839944893e-01
2.396206942449017774e+01 -4.362563497266463419e-01 8.533558802459551007e-01
2.392357358005125434e+01 -4.376324914590326021e-01 8.513947832432697815e-01
2.388531343010610897e+01 -4.389487174202644781e-01 8.494360787113836020e-01
2.384722308797353207e+01 -4.402162974443492582e-01 8.474654829781725907e-01
2.380931089736958484e+01 -4.414389904372214013e-01 8.454909972068374024e-01
2.377165943805519177e+01 -4.426130432910092005e-01 8.435131934132311660e-01
2.373420268181555670e+01 -4.437420462555692890e-01 8.415326421712342464e-01
2.369694885018107300e+01 -4.448295030246280368e-01 8.395424835644805794e-01
2.365990613874426529e+01 -4.458714005982176709e-01 8.375507114974465317e-01
2.362308272545804044e+01 -4.468784923359371830e-01 8.355504595241816101e-01
2.358648677928196591e+01 -4.478465823641151755e-01 8.335422851102824993e-01
2.355005218553725754e+01 -4.487788082581833371e-01 8.315267404874575607e-01
2.351393568884791208e+01 -4.496782101678096222e-01 8.294969435138450642e-01
2.347799691748624085e+01 -4.505402998074911625e-01 8.274682903040054827e-01
2.344224409304367640e+01 -4.513753427376302474e-01 8.254264560365039971e-01
2.340675975523490848e+01 -4.521712137580441437e-01 8.233793927080123032e-01
2.337140363570900092e+01 -4.529453924459329039e-01 8.213276150891566374e-01
2.333633264976622357e+01 -4.536855334090843517e-01 8.192716284979442154e-01
2.330148091828840506e+01 -4.544014617906584341e-01 8.172119283003598245e-01
2.326685690732031730e+01 -4.550954569484339518e-01 8.151415711486277305e-01
2.323239486564144940e+01 -4.557548212418551792e-01 8.130684597182177287e-01
2.319817767874543435e+01 -4.563964473579841252e-01 8.109930574504223832e-01
2.316413973709622098e+01 -4.570073888509098015e-01 8.089083884606976804e-01
2.313028978760406318e+01 -4.576042844318573000e-01 8.068297509708000081e-01
2.309663664971417063e+01 -4.581739288310170966e-01 8.047427190169524902e-01
2.306318921355057583e+01 -4.587178407667549251e-01 8.026477128455625776e-01
2.302995643655731683e+01 -4.592448326938763925e-01 8.005599993458151209e-01
2.299679877158778396e+01 -4.597487241083022536e-01 7.984651225220963378e-01
2.296387386143732812e+01 -4.602380535841512632e-01 7.963709026629584020e-01
2.293111654625122497e+01 -4.606989359617379431e-01 7.942702954506475344e-01
2.289846170436310402e+01 -4.611470600620820592e-01 7.921785347162001445e-01
2.286599280804944456e+01 -4.615756898394340335e-01 7.900885634827490289e-01
2.283364477671495862e+01 -4.619779493935333714e-01 7.879933202987862151e-01
2.280142681308272046e+01 -4.623691083521490053e-01 7.859080257045771845e-01
2.276927382041524339e+01 -4.627345841318939446e-01 7.838256136738043223e-01
2.273734351936382225e+01 -4.630893698410350479e-01 7.817464466781692822e-01
2.270542216148433567e+01 -4.634186089712163392e-01 7.796708891130158525e-01
2.267366734459105260e+01 -4.637295957375033306e-01 7.776067375266627613e-01
2.264193944046423113e+01 -4.640294923089292589e-01 7.755543658917236627e-01
2.261032155761936835e+01 -4.643030464276802216e-01 7.735067276587580531e-01
2.257882238470083180e+01 -4.645645929116417605e-01 7.714716429300464418e-01
2.254730188367538446e+01 -4.647986302735299668e-01 7.694495155886093007e-01
2.251584268348172557e+01 -4.650192513005281247e-01 7.674407638712624768e-01
2.248445292175444621e+01 -4.652181487202345367e-01 7.654458226204462479e-01
2.245299193681470840e+01 -4.654017613900755523e-01 7.634651455501821893e-01
2.242161594410449155e+01 -4.655615656329192276e-01 7.615066358618121090e-01
2.239018808313661069e+01 -4.657034850990564023e-01 7.595554089481703075e-01
2.235873711265868735e+01 -4.658246853246408303e-01 7.576316429810137087e-01
2.232729580150847681e+01 -4.659145048540262457e-01 7.557178760132952089e-01
2.229589656599750214e+01 -4.659919112011321474e-01 7.538189610355391368e-01
2.226457144753188899e+01 -4.660312231612545042e-01 7.519323546086884580e-01
2.223320352417706047e+01 -4.660512569473815869e-01 7.500555471570783395e-01
2.220189830784796570e+01 -4.660336203544506173e-01 7.481934931566802671e-01
2.217068659123927077e+01 -4.659895739757269340e-01 7.463363278041373894e-01
2.213952443017279137e+01 -4.659154671755590948e-01 7.444965103573129017e-01
2.210844169449399033e+01 -4.658076008368753351e-01 7.426568271305329372e-01
2.207746777012952322e+01 -4.656622333435581074e-01 7.408298195908903372e-01
2.204655726292724793e+01 -4.654755864611151428e-01 7.390057870384231231e-01
2.201573855488664933e+01 -4.652587077798112092e-01 7.371899293186454649e-01
2.198503951185092831e+01 -4.650003345321822579e-01 7.353800625554384185e-01
2.195441319324037366e+01 -4.647040407052139277e-01 7.335740481015323722e-01
2.192381213088755132e+01 -4.643659571096315219e-01 7.317623646007620497e-01
2.189341117701464157e+01 -4.639822045784421367e-01 7.299578216110350626e-01
2.186308751934532424e+01 -4.635637552150613794e-01 7.281584178830941001e-01
2.183286638391561496e+01 -4.631067232126817035e-01 7.263621978992514938e-01
2.180277247201840041e+01 -4.626072254238702275e-01 7.245672515216888820e-01
2.177275568277659090e+01 -4.620688132076711807e-01 7.227717134537287036e-01
2.174283968830233960e+01 -4.614876188352485809e-01 7.209737625192281785e-01
2.171304766036493206e+01 -4.608672148911922561e-01 7.191864774665301940e-01
2.168332799899375374e+01 -4.602111882067951854e-01 7.174006941527233394e-01
2.165370291342753006e+01 -4.595157133682054584e-01 7.156147177211544808e-01
2.162426843778488816e+01 -4.587844108453911218e-01 7.138268928792806944e-01
2.159482303082183208e+01 -4.580134912892943055e-01 7.120504590907933418e-01
2.156553614618218973e+01 -4.572140411523769599e-01 7.102689788418388162e-01
2.153627970090719401e+01 -4.563748810853243687e-01 7.084883343512368148e-01
2.150714808112312326e+01 -4.555071357751854788e-01 7.067218690336907194e-01
2.147808674666142181e+01 -4.546070915329719075e-01 7.049458154835931412e-01
2.144904082097268727e+01 -4.536784803026319146e-01 7.031810053512251857e-01
2.142010368162524259e+01 -4.527250499093682934e-01 7.014260121693518535e-01
2.139129413367576049e+01 -4.517431339719001904e-01 6.996720060058365664e-01
2.136248215022747488e+01 -4.507439349070460621e-01 6.979250364578648558e-01
2.133368603047659562e+01 -4.497312365538277956e-01 6.961911739045930636e-01
2.130499814001574777e+01 -4.487014016021189100e-01 6.944690791379820594e-01
2.127636208369523274e+01 -4.476582255105842623e-01 6.927500013901168874e-01
2.124772129535672249e+01 -4.466129335500666486e-01 6.910400614753612336e-01
2.121916762672724133e+01 -4.455544643110465053e-01 6.893528216131159514e-01
2.119056995076285688e+01 -4.444940366191458825e-01 6.876647135978457559e-01
2.116201988230154996e+01 -4.434354328954048796e-01 6.859967490379768051e-01
2.113353466229716204e+01 -4.423824242578473509e-01 6.843476627197736528e-01
2.110498289100132752e+01 -4.413387673058187799e-01 6.827087679681923538e-01
2.107645596044920211e+01 -4.403007726303816982e-01 6.810788121649506976e-01
2.104797093357229798e+01 -4.392721584947680835e-01 6.794714040856142390e-01
2.101939627184576409e+01 -4.382714763262556268e-01 6.778778713147137758e-01
2.099089754537372698e+01 -4.372949663097371875e-01 6.763118297020507264e-01
2.096234317177034256e+01 -4.363388400264822664e-01 6.747571844618550641e-01
2.093375012183720685e+01 -4.354215633743825919e-01 6.732201283768699529e-01
2.090513629371824678e+01 -4.345379960963448029e-01 6.717140244572890051e-01
2.087644904581237171e+01 -4.336852380475232915e-01 6.702214825599668302e-01
2.084778522863573613e+01 -4.328664937908495158e-01 6.687471400090643225e-01
2.081916739092400448e+01 -4.320700754376934349e-01 6.672956377240029102e-01
2.079039520573478583e+01 -4.312991158189163898e-01 6.658567643024633220e-01
2.076171401283958673e+01 -4.305492836620369856e-01 6.644425987529729571e-01
2.073292340539830292e+01 -4.298087842944123826e-01 6.630429415658685155e-01
2.070412005161664837e+01 -4.290880742367671474e-01 6.616550294688042788e-01
2.067532626190754996e+01 -4.283752927929419529e-01 6.602835369526990350e-01
2.064648997173753031e+01 -4.276734059966434964e-01 6.589257212566805855e-01
2.061763328980193322e+01 -4.269779242614465398e-01 6.575862808993755415e-01
2.058885247768477811e+01 -4.262917622839831333e-01 6.562625009394884579e-01
2.055994651067975809e+01 -4.256029576899906797e-01 6.549442550503781213e-01
2.053115989001886987e+01 -4.249143886140953064e-01 6.536437210912320328e-01
2.050229121712681035e+01 -4.242289216434425025e-01 6.523508132523238023e-01
2.047351028773517356e+01 -4.235419885562183850e-01 6.510703261096417727e-01
2.044468951547899849e+01 -4.228490201801565762e-01 6.498070802634454690e-01
2.041584960780310709e+01 -4.221528806416063317e-01 6.485510679913092380e-01
2.038708525736614163e+01 -4.214415885715410703e-01 6.472997406447558166e-01
2.035834226670329627e+01 -4.207254654348160927e-01 6.460654393156632924e-01
2.032964037441712435e+01 -4.200000006387085150e-01 6.448308269989845298e-01
2.030092466461733736e+01 -4.192681436825285157e-01 6.436083175845433990e-01
2.027221411137936258e+01 -4.185180263994011107e-01 6.423955078493621684e-01
2.024360155744667722e+01 -4.177526837955435890e-01 6.411900361341698051e-01
2.021503084390978344e+01 -4.169752048843690106e-01 6.399895841811371611e-01
2.018651964260983789e+01 -4.161813119154742502e-01 6.387993071633097930e-01
2.015801087295313820e+01 -4.153816529970793536e-01 6.376095501356793260e-01
2.012952125486068766e+01 -4.145572395051279613e-01 6.364255627428786477e-01
2.010114129702464325e+01 -4.137263086316523286e-01 6.352452152634399107e-01
2.007281243713804386e+01 -4.128774754605307185e-01 6.340738561789531769e-01
2.004454988577232655e+01 -4.120143100759969812e-01 6.329094561023052012e-01
2.001636833900890977e+01 -4.111479159465439848e-01 6.317500365055725986e-01
1.998820769394462715e+01 -4.102597945844486671e-01 6.305936698367753390e-01
1.996015590116929772e+01 -4.093612783865878124e-01 6.294384793683951429e-01
1.993215183575159699e+01 -4.084638228540719007e-01 6.282900671223533573e-01
1.990428243931074448e+01 -4.075492983501312061e-01 6.271466564672263377e-01
1.987641131364537372e+01 -4.066294215587364924e-01 6.260065194881638817e-01
1.984869871946233388e+01 -4.057086178509434760e-01 6.248754040801310916e-01
1.982100732560003920e+01 -4.047765964798610838e-01 6.237442473668387555e-01
1.979334793025681094e+01 -4.038529236262021760e-01 6.226188873041916816e-01
1.976580520058306689e+01 -4.029201695642734560e-01 6.214903472224364567e-01
1.973838913153884533e+01 -4.019907654867878044e-01 6.203719752718451774e-01
1.971103507438598612e+01 -4.010698627656129611e-01 6.192548717793957547e-01
1.968367805114958102e+01 -4.001553332932935025e-01 6.181450282366529603e-01
1.965647563836650846e+01 -3.992526258498593772e-01 6.170410392809018152e-01
1.962936230138664584e+01 -3.983673367444702795e-01 6.159340995408193464e-01
1.960234656554692378e+01 -3.975052081387932534e-01 6.148377137175027318e-01
1.957536248793276101e+01 -3.966646973630468254e-01 6.137431230192210707e-01
1.954856683149423446e+01 -3.958518306424533284e-01 6.126564433288809175e-01
1.952181912169669431e+01 -3.950727711545339305e-01 6.115689481240230707e-01
