# cl_TT                  cl_TE                    cl_EE
9.121680088423602228e+02 5.704380780937099438e+00 5.677916036479295492e-02
7.789230073859696404e+02 6.619083836538032450e+00 1.157606385641860580e-01
6.976241610145164032e+02 6.898494598106679199e+00 1.733473569994749830e-01
6.391054714003255413e+02 6.751095373453261494e+00 2.155946865737055629e-01
5.939884149889138598e+02 6.341973642373714526e+00 2.351857820470088789e-01
5.581474648951411837e+02 5.789578155779920188e+00 2.313759977547900637e-01
5.293267687881253778e+02 5.172974990338801149e+00 2.084174115553912021e-01
5.060721098899723529e+02 4.542388403543020203e+00 1.733046968756142281e-01
4.871865259493536087e+02 3.929629619304725097e+00 1.335764456401663802e-01
4.719869844803145611e+02 3.352110443156852693e+00 9.566756235423766463e-02
4.599712397134269963e+02 2.818408815356787667e+00 6.396064847389151820e-02
4.503442137535633947e+02 2.336504599216418399e+00 4.050767957142879100e-02
4.424605475697613315e+02 1.914805129568375008e+00 2.531731750508112860e-02
4.361550608744969963e+02 1.559207271942524287e+00 1.699551533074029203e-02
4.313668638074709065e+02 1.271906219017052697e+00 1.348200164260607119e-02
4.278431856271101879e+02 1.051954942922256553e+00 1.269005842576365062e-02
4.247085871058245630e+02 8.948591163716248520e-01 1.293730185423948471e-02
4.231446340215223358e+02 7.998505643604457704e-01 1.317163644825899635e-02
4.216460846823567294e+02 7.551673401899292593e-01 1.291022187353261554e-02
4.207239634102252808e+02 7.536062893867396806e-01 1.223459597022826667e-02
4.202101650770949277e+02 7.839575534470135665e-01 1.138957039640811283e-02
4.196835143183119499e+02 8.374539439657101569e-01 1.072454294591899254e-02
4.194758782795863681e+02 9.057008001133771691e-01 1.055981838073100261e-02
4.197598949533247037e+02 9.748938818367692827e-01 1.096383417142861652e-02
4.200671060601335967e+02 1.042779730694798124e+00 1.190566731773113653e-02
4.207329446596892808e+02 1.105760873222264351e+00 1.318418820083274920e-02
4.215240783680417849e+02 1.155577486581489621e+00 1.454108948513821789e-02
4.224338374512424821e+02 1.195902338094549044e+00 1.575828278050428813e-02
4.237286214082292304e+02 1.219090553895583851e+00 1.666266432937938552e-02
4.247353547564433711e+02 1.234280457896760996e+00 1.721171353299821849e-02
4.261782076538009960e+02 1.235830340116116588e+00 1.745290006831205082e-02
4.275323248925071198e+02 1.226581198811850459e+00 1.749563700022677137e-02
4.288182395072660711e+02 1.212583210827499425e+00 1.753376782866911815e-02
4.307237163438592233e+02 1.187266760523206788e+00 1.769966776511329790e-02
4.324113073268955532e+02 1.162859129662256352e+00 1.812501002779082909e-02
4.342312437487768761e+02 1.135464914914648293e+00 1.889085756859606308e-02
4.361129035925743551e+02 1.108975504471931828e+00 2.001288765574608941e-02
4.380116285692741940e+02 1.084945595752420999e+00 2.144322398548484387e-02
4.399579636591031999e+02 1.063324322296168800e+00 2.312072020899888156e-02
4.419543143266893708e+02 1.044177458440122663e+00 2.499278977783003439e-02
4.440019528411035026e+02 1.027970458802125009e+00 2.704056593106056450e-02
4.460888686461274233e+02 1.014869430770320102e+00 2.925344459704307121e-02
4.482401930468729461e+02 1.003435966590465522e+00 3.161866733186270706e-02
4.504959141504269269e+02 9.919271043597331916e-01 3.412065278135061747e-02
4.528035674918088489e+02 9.790279074245651358e-01 3.674116870129037760e-02
4.551494372956762504e+02 9.632784285656006418e-01 3.946311646346407909e-02
4.575164953943013302e+02 9.431639023116725751e-01 4.226280955375000953e-02
4.599025703754810479e+02 9.172438534450850778e-01 4.511581854463544983e-02
4.623723460201318289e+02 8.842167232407216471e-01 4.800885647105201243e-02
4.649910989885997310e+02 8.432330089485876590e-01 5.093161836607961596e-02
4.677001954113212037e+02 7.950493623923505782e-01 5.388127040598429673e-02
4.704193092155558702e+02 7.406140525732332058e-01 5.685350378445227365e-02
4.731201127577216425e+02 6.800161901786739849e-01 5.984475252516862492e-02
4.757891350551888650e+02 6.129752554604576131e-01 6.285293633018645965e-02
4.785312969108071570e+02 5.387530812384146994e-01 6.587641814327718781e-02
4.814496720061993074e+02 4.573457593573490576e-01 6.894207588649849117e-02
4.845057335154661473e+02 3.696121970456173189e-01 7.208614476654748304e-02
4.876163844034250587e+02 2.766987815154568486e-01 7.534560287804109580e-02
4.907653826628626348e+02 1.801678901194963822e-01 7.875000002692265910e-02
4.939612981424398299e+02 8.141638106358908833e-02 8.232180697444492490e-02
4.972005232660445131e+02 -1.917753184551383369e-02 8.605517810275936652e-02
5.004894055828639239e+02 -1.215051513098803215e-01 8.993793159574452190e-02
5.038194357573864863e+02 -2.254503500700290597e-01 9.395714288745907194e-02
5.072043893077816392e+02 -3.309564262069596974e-01 9.810211600510100605e-02
5.106741937726563947e+02 -4.381824309758080016e-01 1.023572769795124543e-01
5.142193884848611560e+02 -5.473110288676265034e-01 1.067142816479688255e-01
5.178169513765906231e+02 -6.585252155339602620e-01 1.111636220271374903e-01
5.214364317926962258e+02 -7.720376988559625175e-01 1.156980187283811745e-01
5.250622355347026087e+02 -8.882543226524568514e-01 1.203109352859486753e-01
5.286800335836304612e+02 -1.007761381713874194e+00 1.249972512024587201e-01
5.323845552855523238e+02 -1.131696126189158935e+00 1.297478527403135573e-01
5.362643668096823149e+02 -1.261116264840429713e+00 1.345513279484843450e-01
5.403040371657550622e+02 -1.396009822632768183e+00 1.393903222703144484e-01
5.444807067580857165e+02 -1.536030547328099516e+00 1.442467383845166540e-01
5.487322060819785747e+02 -1.680804951155141946e+00 1.491055462054434455e-01
5.529431236625060819e+02 -1.829315767488673306e+00 1.539758697465862247e-01
5.571147334803598596e+02 -1.981610461489069719e+00 1.588706430844374906e-01
5.613077360817744648e+02 -2.138033630558427767e+00 1.638035431867484182e-01
5.655605467341980557e+02 -2.299078437276943276e+00 1.687882470745817320e-01
5.699110538248235116e+02 -2.464849659051952635e+00 1.738351395048302883e-01
5.743727538348731514e+02 -2.634641373208320925e+00 1.789429216907292008e-01
5.789214746376981111e+02 -2.807730689406991331e+00 1.841055169113919865e-01
5.835553289764807232e+02 -2.983097581474125182e+00 1.893175913351110851e-01
5.882650010779997274e+02 -3.160093439006351979e+00 1.945730683528030525e-01
5.930456790110046086e+02 -3.337861183886213556e+00 1.998683657762563848e-01
5.978659965784578390e+02 -3.516418392720426667e+00 2.051979935587955883e-01
6.027065198097376424e+02 -3.695945592300978078e+00 2.105574704199129066e-01
6.075775280372376983e+02 -3.876697591960277745e+00 2.159423151675100849e-01
6.124818721638844181e+02 -4.059077767396480851e+00 2.213435897003072361e-01
6.174297060222872915e+02 -4.243211912930185292e+00 2.267565435536030571e-01
6.224232536120616714e+02 -4.429304034629566900e+00 2.321760912741406002e-01
6.274794702520870260e+02 -4.617206274612226657e+00 2.375976209051418875e-01
6.325930262096942442e+02 -4.807067910226575869e+00 2.430187491659938637e-01
6.377808768219802005e+02 -4.998741086641694586e+00 2.484341216296270249e-01
6.430376924139707171e+02 -5.192152235026640028e+00 2.538398697572396556e-01
6.483655717189946017e+02 -5.387227789770038022e+00 2.592313824196194050e-01
6.537740418976617320e+02 -5.583894189255150131e+00 2.646033059252808073e-01
6.592429168050863382e+02 -5.782003593182679424e+00 2.699517725553781111e-01
6.647891521609860774e+02 -5.981408166945190175e+00 2.752751434299336442e-01
6.704074187648126326e+02 -6.181960082541642976e+00 2.805688086952439764e-01
6.760998159130708700e+02 -6.383734370037392303e+00 2.858207305473970394e-01
6.818535863639805257e+02 -6.586286083524382384e+00 2.910411566677974515e-01
6.876708297529114589e+02 -6.789615987665984953e+00 2.962106218067106500e-01
6.935462175550042048e+02 -6.993502007207698767e+00 3.013319462705542073e-01
6.994744214476851312e+02 -7.197647795029741502e+00 3.064005225567816293e-01
7.054501133217549977e+02 -7.401979867212034492e+00 3.114191720899667781e-01
7.114605369410149933e+02 -7.606276186576993226e+00 3.163758602063431180e-01
7.175152213518998678e+02 -7.810240447239928052e+00 3.212734095893843844e-01
7.236014107893380469e+02 -8.013799209652185951e+00 3.260997869023704032e-01
7.297143738559777830e+02 -8.216814178265707369e+00 3.308572417458503501e-01
7.358591908433998015e+02 -8.418961867500547314e+00 3.355457265606489048e-01
7.420341097187284731e+02 -8.620299638714083557e+00 3.401497633832505918e-01
7.482373787050136116e+02 -8.820587738910170117e+00 3.446613033988004671e-01
7.544672462822784382e+02 -9.019735002596631190e+00 3.490871553153824802e-01
7.607293895376282080e+02 -9.217650285562006829e+00 3.534192719841824926e-01
7.670220574634807917e+02 -9.414168182087303549e+00 3.576421787679804343e-01
7.733360709552057415e+02 -9.609123309088518639e+00 3.617626869569172676e-01
7.796771078585154555e+02 -9.802498873681429359e+00 3.657727520285947720e-01
7.860434179144073141e+02 -9.994129539645561167e+00 3.696717587063566013e-01
7.924332511042537135e+02 -1.018384999481225961e+01 3.734516642623289528e-01
7.988374292936308620e+02 -1.037164351835748555e+01 3.771118552173844396e-01
8.052616312764654367e+02 -1.055734484698073850e+01 3.806517189860187944e-01
8.117041077171144252e+02 -1.074078874199692812e+01 3.840632155168645090e-01
8.181556811427274170e+02 -1.092195855632419743e+01 3.873531623297168380e-01
8.246220309859927511e+02 -1.110076338385360195e+01 3.905135210962789039e-01
8.310939801758919430e+02 -1.127703805922024749e+01 3.935511110183309569e-01
8.375697801800478146e+02 -1.145076600797592015e+01 3.964578953993523891e-01
8.440551109963211047e+02 -1.162185639564211037e+01 3.992406950136380694e-01
8.505407960937183134e+02 -1.179014412716764859e+01 4.018914746689877249e-01
8.570180350722547473e+02 -1.195559813699893859e+01 4.044155738250881926e-01
8.635018166083381175e+02 -1.211805485844874752e+01 4.068124016219615280e-01
8.699777920931402377e+02 -1.227741046925636681e+01 4.090650283569451373e-01
8.764538981099481134e+02 -1.243341259995875170e+01 4.111862382756082401e-01
8.829232146766258893e+02 -1.258610603390882687e+01 4.131516743634547351e-01
8.893936786410309878e+02 -1.273516415468303187e+01 4.149666934387447603e-01
8.958583702752132467e+02 -1.288048321296539989e+01 4.166217959889156885e-01
9.023177983222367402e+02 -1.302203375834901955e+01 4.181223395061792192e-01
9.087650432926923258e+02 -1.315971207108859353e+01 4.194588250199174917e-01
9.152154708637069689e+02 -1.329341444432063746e+01 4.206291820779797241e-01
9.216547334262641016e+02 -1.342311146625378093e+01 4.216461970264366865e-01
9.280833401868716237e+02 -1.354862516832883479e+01 4.224929428364054829e-01
9.345092288186108362e+02 -1.367000044138914916e+01 4.231747774834579423e-01
9.409180520626080124e+02 -1.378713361682662786e+01 4.236970588243422209e-01
9.473177478331583643e+02 -1.389984674875385018e+01 4.240502878240655082e-01
9.536865407708029352e+02 -1.400825903020800922e+01 4.242472502355242869e-01
9.600249407000580959e+02 -1.411211824035202866e+01 4.242933031279084166e-01
9.663260292355574848e+02 -1.421146929476306475e+01 4.241863748176342708e-01
9.725828881405670927e+02 -1.430620854323611013e+01 4.239318215018574310e-01
9.787885993363412354e+02 -1.439623233566953964e+01 4.235349988434923829e-01
9.849286261766180814e+02 -1.448154629640475477e+01 4.229990478878047910e-01
9.910173840532881968e+02 -1.456199888140096554e+01 4.223182529389495343e-01
9.970468131138993613e+02 -1.463739925220692584e+01 4.214921119199837030e-01
1.003023710411687034e+03 -1.470770513379823363e+01 4.205201219930238543e-01
1.008947444868720140e+03 -1.477265139638151581e+01 4.193869228119047610e-01
1.014832242341195638e+03 -1.483219575583372141e+01 4.180994382309294877e-01
1.020662615533065150e+03 -1.488614735572599557e+01 4.166423061657649751e-01
1.026452790813605361e+03 -1.493438961748373295e+01 4.150298770124912218e-01
1.032194709781593019e+03 -1.497680595665548076e+01 4.132467868181262660e-01
1.037887742682471981e+03 -1.501335406630743741e+01 4.112999557100914250e-01
1.043516403373861976e+03 -1.504384306652938186e+01 4.091888744783580556e-01
1.049080062742839573e+03 -1.506830492208143113e+01 4.069130329143378355e-01
1.054578092021554767e+03 -1.508647445813027055e+01 4.044867765053334896e-01
1.059995006102618845e+03 -1.509845791214205946e+01 4.018947363325369171e-01
1.065337605305836860e+03 -1.510406438284344155e+01 3.991438275274261094e-01
1.070597833641950729e+03 -1.510332581533064378e+01 3.962409642310691371e-01
1.075775063877740422e+03 -1.509619986775338596e+01 3.931930596089439067e-01
1.080868669199383021e+03 -1.508286704611402129e+01 3.900070258707276083e-01
1.085878023225191555e+03 -1.506328500412915616e+01 3.866897742946123206e-01
1.090802500017381590e+03 -1.503748567819466864e+01 3.832407869055178273e-01
1.095634045742501257e+03 -1.500550100490709937e+01 3.796744015582638743e-01
1.100386892081927954e+03 -1.496743720564815483e+01 3.759975269227772143e-01
1.105045557788337419e+03 -1.492332622070869341e+01 3.722170708733820721e-01
1.109609418794071189e+03 -1.487327427745777797e+01 3.683399405305126106e-01
1.114085279866303154e+03 -1.481753617503171405e+01 3.643878990051216404e-01
1.118465081203383534e+03 -1.475610310152555904e+01 3.603579889424809446e-01
1.122748158417476816e+03 -1.468887746971908115e+01 3.562597984185100208e-01
1.126926410905267176e+03 -1.461579521772886459e+01 3.520856234880310187e-01
1.131006595254621971e+03 -1.453671800964015048e+01 3.478277596834747354e-01
1.134988040191264417e+03 -1.445165608711459448e+01 3.434933587625930707e-01
1.138862646574481005e+03 -1.436061970342747074e+01 3.390821437039404085e-01
1.142637172441902976e+03 -1.426354484093597286e+01 3.345938371018010171e-01
1.146310947951088110e+03 -1.416044177897067868e+01 3.300207328585888500e-01
1.149875875370170434e+03 -1.405139509462489933e+01 3.253699812756102316e-01
1.153338714117626978e+03 -1.393619224592250738e+01 3.206487323894107733e-01
1.156691367348674476e+03 -1.381506640740279046e+01 3.158492793046325242e-01
1.159940595342115557e+03 -1.368795363552417221e+01 3.109720861088315358e-01
1.163085730433935851e+03 -1.355501285346952400e+01 3.060272735672119326e-01
1.166118677000224352e+03 -1.341625443377179927e+01 3.010160482665865667e-01
1.169046196489486874e+03 -1.327183733230462437e+01 2.959425879900996481e-01
1.171867622352208400e+03 -1.312192052109370977e+01 2.908088418806387687e-01
1.174574860019988591e+03 -1.296644013745607182e+01 2.856197302886489542e-01
1.177167243584129665e+03 -1.280555518448787566e+01 2.803786877583863135e-01
1.179658964123003443e+03 -1.263957324685792472e+01 2.750913771930395546e-01
1.182041927927092274e+03 -1.246857907241270169e+01 2.697634613330536224e-01
1.184322898225813788e+03 -1.229288027213030254e+01 2.644006027328634212e-01
1.186508638461995588e+03 -1.211263590136937296e+01 2.590099494010593140e-01
1.188605912266392124e+03 -1.192807930896320734e+01 2.535971634236740546e-01
1.190599198381118413e+03 -1.173936956863046355e+01 2.481679065910194215e-01
1.192510117435620259e+03 -1.154688861123540988e+01 2.427278403480613023e-01
1.194329358578050233e+03 -1.135065189447913170e+01 2.372853420634524757e-01
1.196050166629584965e+03 -1.115076892071451020e+01 2.318485114171354722e-01
1.197649711578726510e+03 -1.094690843136935321e+01 2.264274210481987126e-01
1.199134876847576606e+03 -1.073903630002076959e+01 2.210314001571175857e-01
1.200475404114500861e+03 -1.052704411243293237e+01 2.156705200979653347e-01
1.201678176792103841e+03 -1.031074916400132047e+01 2.103533657910899302e-01
1.202727793201385566e+03 -1.008997616895769234e+01 2.050907498121411210e-01
1.203616279949671934e+03 -9.864772679802182864e+00 1.998919981274282776e-01
1.204372805309444630e+03 -9.635119378856682459e+00 1.947656928367114126e-01
1.204981967344377153e+03 -9.401019215635480819e+00 1.897226434189852595e-01
1.205450649041455335e+03 -9.162466204913251033e+00 1.847729152965862653e-01
1.205793161591485614e+03 -8.919467708903416892e+00 1.799243440687285089e-01
1.206008959320554823e+03 -8.672022149341358954e+00 1.751877352601166060e-01
1.206104924724269495e+03 -8.420133861342876003e+00 1.705731500501327103e-01
1.206080511752056282e+03 -8.163835375654889148e+00 1.660832196633489632e-01
1.205920317443066551e+03 -7.903166616534337052e+00 1.617361731633422672e-01
1.205623795314718791e+03 -7.638189755785636414e+00 1.575346382927065580e-01
1.205190398651133137e+03 -7.368855499887584592e+00 1.534812409234176667e-01
1.204612152143229423e+03 -7.095292793195827841e+00 1.495934616767249925e-01
1.203881080230717998e+03 -6.817467111501449573e+00 1.458739224468044993e-01
1.203004063795729962e+03 -6.535566734056875049e+00 1.423252430319124628e-01
1.201965698406052979e+03 -6.249482757028563817e+00 1.389648977722172662e-01
1.200772864412447916e+03 -5.959477643160689730e+00 1.357880737432026197e-01
1.199432441894989324e+03 -5.665516668577113002e+00 1.328048124594910784e-01
1.197943882311124071e+03 -5.367862189320588229e+00 1.300102964349767742e-01
1.196299208495147695e+03 -5.066479372056705621e+00 1.274219909042083598e-01
1.194505299709513110e+03 -4.761556177528648348e+00 1.250425020508193208e-01
1.192561606595648300e+03 -4.453206225705124588e+00 1.228670053473596702e-01
1.190475007876945483e+03 -4.141543078667155875e+00 1.209055306059129004e-01
1.188237525311324589e+03 -3.826680240222875007e+00 1.191606769378187741e-01
1.185856037096278442e+03 -3.508805439258052772e+00 1.176201844246995976e-01
1.183337421173047460e+03 -3.188032062813296097e+00 1.162940759019087944e-01
1.180673698531307309e+03 -2.864547723404837765e+00 1.151849436008405697e-01
1.177864318265523025e+03 -2.538539976069199344e+00 1.142879492032950056e-01
1.174923585931096341e+03 -2.210047752132790144e+00 1.136056806073194453e-01
1.171836093448951942e+03 -1.879332777721100411e+00 1.131407236532349231e-01
1.168623574263947830e+03 -1.546582440960569738e+00 1.128733771598258856e-01
1.165278048198737451e+03 -1.211909793396871660e+00 1.128062231232111468e-01
1.161806391561248347e+03 -8.755021186150206969e-01 1.129269850730010016e-01
1.158208052099636916e+03 -5.376952175422159419e-01 1.132456699406277079e-01
1.154482477357891639e+03 -1.984534259035762305e-01 1.137499980841235186e-01
1.150643971381221263e+03 1.418875486208124037e-01 1.144276884737364108e-01
1.146691981319388788e+03 4.831406086370635400e-01 1.152738871851354818e-01
1.142625954130891159e+03 8.252672646330623252e-01 1.162763108491912667e-01
1.138460193286422964e+03 1.168006214949936838e+00 1.174301035094665463e-01
1.134201573720278247e+03 1.511244760684435695e+00 1.187081233840673461e-01
1.129842113481380238e+03 1.854795952495426281e+00 1.201129414854040234e-01
1.125403543835130904e+03 2.198398587860135311e+00 1.216322716909587348e-01
1.120877882460785486e+03 2.542014342302017837e+00 1.232389709189463667e-01
1.116279431901548833e+03 2.885382065573780963e+00 1.249356094080023155e-01
1.111598980922262399e+03 3.228157453178049252e+00 1.266880464907334802e-01
1.106837260642577121e+03 3.570183499547832096e+00 1.285307199156051627e-01
1.101986345095624984e+03 3.911145755832227788e+00 1.304836419365478783e-01
1.097053164810908584e+03 4.250655503388865775e+00 1.325816821471015317e-01
1.092014936705753826e+03 4.588546885175046164e+00 1.348374259061682345e-01
1.086878590879196736e+03 4.924505485706419883e+00 1.372857446135954673e-01
1.081643628851583344e+03 5.258439746146890137e+00 1.399466541290949329e-01
1.076316980254918008e+03 5.589812410485243355e+00 1.428327432879687997e-01
1.070898146121257241e+03 5.919571894434866977e+00 1.459788874620957799e-01
1.065401483921449653e+03 6.245992407277482172e+00 1.493976786120042588e-01
1.059819065801047145e+03 6.570319496197532416e+00 1.531091388345295345e-01
1.054165248668192135e+03 6.891570199422678122e+00 1.571332921514073666e-01
1.048439532428071971e+03 7.210247219844397648e+00 1.614901646397385870e-01
1.042641416668520378e+03 7.525367583601227928e+00 1.661923562033927049e-01
1.036762972294356814e+03 7.838176814080645372e+00 1.712450406851021845e-01
1.030803698212060681e+03 8.146949085818748770e+00 1.766608226692863159e-01
1.024770521313637573e+03 8.451444233925590410e+00 1.824448808736393313e-01
1.018655511409513451e+03 8.752907753562272575e+00 1.886098249311425890e-01
1.012450737912586192e+03 9.049613789468919478e+00 1.951682671107257128e-01
1.006155698172033567e+03 9.342807816041522884e+00 2.021179656766854404e-01
9.997847458072270683e+02 9.630763957203589243e+00 2.094715383387983632e-01
9.933225205901371737e+02 9.914727666867340972e+00 2.172341772397692605e-01
9.867908035818143162e+02 1.019371588420196417e+01 2.253887922821058154e-01
9.801742336145721310e+02 1.046897404440093204e+01 2.339554379467591039e-01
9.734797340792131308e+02 1.073877623428800199e+01 2.429244581481098397e-01
9.667216562104206332e+02 1.100436787345081946e+01 2.523010563307743759e-01
9.598920656723887532e+02 1.126476587013949349e+01 2.620830104064500454e-01
9.529904559473135350e+02 1.151972996256665027e+01 2.722681010817623593e-01
9.460237483238030336e+02 1.177050555524381537e+01 2.828392551268447686e-01
9.389988635360701892e+02 1.201610954526408825e+01 2.937868303872543385e-01
9.319078650539602222e+02 1.225704449891428105e+01 3.051160440880560931e-01
9.247576724756412432e+02 1.249307014814962002e+01 3.168024026794799552e-01
9.175552048200150921e+02 1.272394622721349577e+01 3.288437002300054757e-01
9.102925238204069274e+02 1.294943247425916510e+01 3.412303049615778572e-01
9.029765473210678692e+02 1.317003146800556834e+01 3.539451591815797604e-01
8.956067642232825392e+02 1.338624579433355777e+01 3.669786359118973329e-01
8.881975195343509313e+02 1.359783521285494245e+01 3.802988254139463842e-01
8.807408726159716252e+02 1.380381665846090122e+01 3.939035335648016778e-01
8.732363105862600605e+02 1.400617841793268070e+01 4.077682833290593445e-01
8.656981766724297813e+02 1.420319461612194623e+01 4.218760280835682774e-01
8.581259568136019880e+02 1.439611073248478945e+01 4.362245798924329065e-01
8.505117080162257253e+02 1.458468659212877228e+01 4.507003274793998648e-01
8.428623434113335406e+02 1.476942487195773879e+01 4.653976552179424631e-01
8.351847755618374549e+02 1.494934259652635156e+01 4.802623822521125962e-01
8.274710597710809452e+02 1.512568531394108540e+01 4.951660459362278166e-01
8.197281074940652843e+02 1.529821292134679567e+01 5.102030357870799282e-01
8.119479729478138097e+02 1.546594250038843832e+01 5.252448924168909850e-01
8.041449948750406520e+02 1.563011965756443189e+01 5.403117250000994964e-01
7.963186548062974452e+02 1.579124718418962203e+01 5.553493607271604571e-01
7.884684337747719383e+02 1.594908505626163731e+01 5.703036282756684949e-01
7.806012767360689395e+02 1.610402301175319906e+01 5.852766709880284912e-01
7.727242723970715588e+02 1.625599843777878561e+01 6.001044844293319525e-01
7.648371167188590789e+02 1.640483564712546638e+01 6.149279458127187015e-01
7.569469335797701888e+02 1.655035896973291543e+01 6.297393667905077930e-01
7.490608464425580451e+02 1.669164991652383634e+01 6.445310604702518820e-01
7.411711216716265653e+02 1.682853284811231021e+01 6.593696249373323104e-01
7.332923103022463920e+02 1.696083213824586622e+01 6.741730927763991410e-01
7.254241063073881151e+02 1.708837217208788317e+01 6.890080651191761163e-01
7.175662033163454225e+02 1.721097734432406412e+01 7.038668611833994726e-01
7.097108662825204419e+02 1.732847205710286431e+01 7.186675183275956780e-01
7.018800732525636477e+02 1.743919504777031193e+01 7.335509261238879475e-01
6.940586602317411007e+02 1.754445639666256440e+01 7.484351254133467801e-01
6.862611763534720239e+02 1.764333767944377840e+01 7.633867258959567970e-01
6.784873137946867701e+02 1.773566330460428020e+01 7.783237722045112106e-01
6.707293361424365230e+02 1.782125767573408837e+01 7.932385945018927131e-01
6.630017918106894967e+02 1.789994518873785623e+01 8.082720920785130270e-01
6.553043723042371766e+02 1.797229306400829785e+01 8.232680324366130620e-01
6.476441972839203345e+02 1.803738283844976920e+01 8.382930359106572915e-01
6.400135295296120148e+02 1.809503886762022873e+01 8.533394417629101003e-01
6.324120600039350393e+02 1.814582832278367874e+01 8.684738752958942598e-01
6.248617645649080714e+02 1.818957551791651994e+01 8.836143974531394107e-01
6.173400488250186982e+02 1.822536190678556878e+01 8.987533554349714793e-01
6.098688883646932481e+02 1.825375458513991234e+01 9.138830993031994421e-01
6.024331168891628749e+02 1.827532061783430350e+01 9.289959820862739859e-01
5.950472813894793944e+02 1.828914136602584861e+01 9.441586433840037929e-01
5.877036436986788885e+02 1.829578382461002661e+01 9.593634424606617417e-01
5.804093222501286391e+02 1.829432927956142407e+01 9.745284583382639587e-01
5.731640070330679464e+02 1.828534464559419348e+01 9.896460568888347797e-01
5.659673879483885912e+02 1.827013962883020071e+01 1.004782890914818871e+00
5.588265831636830399e+02 1.824705254951322786e+01 1.019857049714314901e+00
5.517338540666248718e+02 1.821665018517997936e+01 1.034935193155155364e+00
5.446963186694697470e+02 1.817875642872347086e+01 1.050009701222099023e+00
5.377062382110017325e+02 1.813468079180745107e+01 1.064998674061405914e+00
5.307707305599757319e+02 1.808350422826447712e+01 1.079968782521965709e+00
5.238969135166448723e+02 1.802579330793367873e+01 1.094838134167498644e+00
5.170770481139273897e+02 1.796137171049247527e+01 1.109673407296684067e+00
5.103108236695583741e+02 1.789154872963616327e+01 1.124467000433262864e+00
5.035979294370469574e+02 1.781540509725599009e+01 1.139211315813119185e+00
4.969454829570241259e+02 1.773424999309129291e+01 1.153898759355675985e+00
4.903531733578170133e+02 1.764790686930466279e+01 1.168596024124124888e+00
4.838132613565794031e+02 1.755619912042625330e+01 1.183146956259558902e+00
4.773254359610671713e+02 1.745895008343909538e+01 1.197618255926229613e+00
4.708893861208885028e+02 1.735746870809868270e+01 1.212002343218127054e+00
4.644973723790583904e+02 1.725083538225559465e+01 1.226217358061812090e+00
4.581490835746910193e+02 1.713961610759735521e+01 1.240330010613280853e+00
4.518442084953979361e+02 1.702363399535030553e+01 1.254258447124135145e+00
4.455750075302202049e+02 1.690345493725585158e+01 1.268069383814855566e+00
4.393411693739017778e+02 1.677890193658443962e+01 1.281606689213195205e+00
4.331498110313294774e+02 1.665202644942516841e+01 1.295085652013146182e+00
4.269931927719251235e+02 1.652190854081230142e+01 1.308424429380083298e+00
4.208795609951740175e+02 1.638976807705359207e+01 1.321684973582921696e+00
4.148142515624214184e+02 1.625572742437415741e+01 1.334835858694167099e+00
4.087963014285959957e+02 1.611907741320930754e+01 1.347840886489926504e+00
4.028321758925182507e+02 1.598133733415784974e+01 1.360738143941966349e+00
3.969357686062107291e+02 1.584105509445269000e+01 1.373417152492491411e+00
3.910986881841130867e+02 1.569826422977976321e+01 1.385916001840018508e+00
3.853273999654456361e+02 1.555299823590533137e+01 1.398198499202273570e+00
3.796283693257261689e+02 1.540529057034660809e+01 1.410228452584630032e+00
3.740006333394263152e+02 1.525443181899628264e+01 1.421895387040141623e+00
3.684432291439936193e+02 1.510119820281193981e+01 1.433237394937096010e+00
3.629626223047146141e+02 1.494384027024685757e+01 1.444218285210340236e+00
3.575578501296328682e+02 1.478350559443686940e+01 1.454801866622264406e+00
3.522428067364787694e+02 1.462007889849179243e+01 1.464951947522024289e+00
3.470016729680575054e+02 1.445351915988765512e+01 1.474706619109095396e+00
3.418557715620438557e+02 1.428393389522233647e+01 1.484029688192055607e+00
3.367967120168647170e+02 1.411143059436093949e+01 1.492884960458695343e+00
3.318309607118539475e+02 1.393596815447068238e+01 1.501310523750796433e+00
3.269575558756025657e+02 1.375772829845617551e+01 1.509195897334524750e+00
3.221755359556801750e+02 1.357674415824780034e+01 1.516727732699782116e+00
3.174987963388825278e+02 1.339297455897899169e+01 1.523646978326824497e+00
3.129115192696896202e+02 1.320660115354263198e+01 1.530214565018354733e+00
3.084276006723176238e+02 1.301758272199293032e+01 1.536171436672769230e+00
3.040386517190503923e+02 1.282602658934522388e+01 1.541704235634183240e+00
2.997511406014891691e+02 1.263204005873066649e+01 1.546776750997274075e+00
2.955566791493838537e+02 1.243550756092335696e+01 1.551352768952323213e+00
2.914617362512087766e+02 1.223661063877179345e+01 1.555396072633413507e+00
2.874727811728760685e+02 1.203530796247998857e+01 1.558944725480059912e+00
2.835739985257679905e+02 1.183163246330749985e+01 1.561962504102466731e+00
2.797792867367240319e+02 1.162569133315848369e+01 1.564413181665523789e+00
2.760876879641738242e+02 1.141751745707378340e+01 1.566334811284145090e+00
2.724908164653166409e+02 1.120706941264584344e+01 1.567765442424873923e+00
2.689951436630251465e+02 1.099445431986953459e+01 1.568520270313678022e+00
2.655997131104100504e+02 1.077977927342057463e+01 1.568860187384657934e+00
2.622961405052147370e+02 1.056322562539364540e+01 1.568674664689465814e+00
2.590834704037409324e+02 1.034482613399542217e+01 1.568001736362118148e+00
2.559681762332452308e+02 1.012483638023588561e+01 1.566953716073667069e+00
2.529493036027652977e+02 9.903289066083932113e+00 1.565494346491339561e+00
2.500110419630745184e+02 9.680365431155978584e+00 1.563735933264077671e+00
2.471598663669982443e+02 9.456172401404128181e+00 1.561642210996343927e+00
2.443948240763011484e+02 9.230816871847684624e+00 1.559251193747097419e+00
2.417149629186395998e+02 9.004405705849185537e+00 1.556600891525622421e+00
2.391044745925638608e+02 8.777045734451041525e+00 1.553655026793627991e+00
2.365772647733239467e+02 8.548769472283220594e+00 1.550525884982673075e+00
2.341175263139784306e+02 8.319609400562125501e+00 1.547177180498740201e+00
2.317243093488298484e+02 8.089746533690071573e+00 1.543572623745560701e+00
2.293966645937001942e+02 7.859205856598852513e+00 1.539898771653375409e+00
2.271262149953321057e+02 7.628079175080829444e+00 1.536045043184775194e+00
2.249194407807000857e+02 7.396406262137737997e+00 1.532123703876811183e+00
2.227679660535250719e+02 7.164263998274299716e+00 1.528098448353472305e+00
2.206708438415406874e+02 6.931709916272093430e+00 1.524155817862769879e+00
2.186281869906262898e+02 6.698831201749875675e+00 1.520170689309076062e+00
2.166369175556671962e+02 6.465869409175832416e+00 1.516182680371529479e+00
2.147024457485229334e+02 6.233073462052879599e+00 1.512216878435583389e+00
2.128301823321121731e+02 6.000739793816134870e+00 1.508149800076679314e+00
2.110106819123807611e+02 5.769120237321757827e+00 1.503932241578764595e+00
2.092493563311783191e+02 5.538399740992474563e+00 1.499663562443166676e+00
2.075516179571202997e+02 5.308963790786036085e+00 1.495220267877130915e+00
2.059154513262669752e+02 5.081049279253402773e+00 1.490478859296683334e+00
2.043314131327033465e+02 4.854893074220274052e+00 1.485612968325748628e+00
2.028197739700979412e+02 4.630806304117601080e+00 1.480499088758716830e+00
2.013562348193282219e+02 4.408802942442285655e+00 1.475087994048731810e+00
1.999610672414971475e+02 4.189194077887890444e+00 1.469404737276327921e+00
1.986322582156754493e+02 3.971993648564518864e+00 1.463400084105934473e+00
1.973677951796919103e+02 3.757438428875536918e+00 1.457099079745076242e+00
1.961582376700496866e+02 3.545616614473206862e+00 1.450526765388752137e+00
1.950238590635355820e+02 3.336616391829243522e+00 1.443559611154189293e+00
1.939477914155867779e+02 3.130748791393160868e+00 1.436296933525976538e+00
1.929428806034810577e+02 2.928027705798038838e+00 1.428689477769416571e+00
1.919996878659035815e+02 2.728689877160306310e+00 1.420687984854850372e+00
1.911310598961888729e+02 2.532823482394767289e+00 1.412243191370790241e+00
1.903275587330346355e+02 2.340590986580596056e+00 1.403454396436342178e+00
1.895871751542265713e+02 2.152229145836456858e+00 1.394198044090914523e+00
1.889227570201504989e+02 1.967826159690283960e+00 1.384424857201714820e+00
1.883248675163707162e+02 1.787470240949200706e+00 1.374234120859672892e+00
1.877914985490415631e+02 1.611249618537718975e+00 1.363576548259471943e+00
1.873280707399095775e+02 1.438955406285216343e+00 1.352477131094356855e+00
1.869177200209102523e+02 1.270601590186462237e+00 1.341035139441482560e+00
1.865807244323614498e+02 1.106127897066801591e+00 1.329275554641052848e+00
1.862927922669784380e+02 9.453997971770906616e-01 1.317149069180061360e+00
1.860593455697107004e+02 7.885056407061660222e-01 1.304680653581537619e+00
1.858858067346087921e+02 6.352366756622803701e-01 1.292043839792484716e+00
1.857627418027031183e+02 4.855327511731634682e-01 1.279115020056518004e+00
1.857030022121002162e+02 3.394823196477522176e-01 1.265919147819451140e+00
1.856897263455038001e+02 1.968767377912354344e-01 1.252555454121238476e+00
1.857357663318690584e+02 5.780453651618768646e-02 1.238900313485095550e+00
1.858391179448770458e+02 -7.786856182898319045e-02 1.225052944837112356e+00
1.859977773036808060e+02 -2.102025078542151537e-01 1.210963993904712321e+00
1.862097408733576458e+02 -3.392572071884066287e-01 1.196732667144650097e+00
1.864804338157488814e+02 -4.650925191939171977e-01 1.182309597658893541e+00
1.868004249393849818e+02 -5.879911063464640097e-01 1.167719695636493471e+00
1.871677117509046298e+02 -7.080870157527711095e-01 1.153062148297222977e+00
1.875728637551692373e+02 -8.255885288450036663e-01 1.138287569337463667e+00
1.880213075064853854e+02 -9.405553102142053534e-01 1.123495132904030136e+00
1.885036132078724620e+02 -1.053269824614901484e+00 1.108709723061342078e+00
1.890177797618019895e+02 -1.163940202592725237e+00 1.093881933777482773e+00
1.895618064195896295e+02 -1.272774523764978793e+00 1.079185202931963738e+00
1.901336927806179631e+02 -1.380277950741906956e+00 1.064570111310531253e+00
1.907462954915828846e+02 -1.486732744645912652e+00 1.050135800139827325e+00
1.913901864934416892e+02 -1.592495399274982626e+00 1.035907120614495636e+00
1.920633664200129544e+02 -1.697996641363460180e+00 1.021834633944497250e+00
1.927713155640667821e+02 -1.803470082942679298e+00 1.008083674309045552e+00
1.935197184307778286e+02 -1.908583878809383849e+00 9.945644345662945085e-01
1.942920257749801749e+02 -2.012957637024068269e+00 9.813275971990526036e-01
1.950939737282002113e+02 -2.116136633478562956e+00 9.683495550209216818e-01
1.959164420412571133e+02 -2.217740379532363804e+00 9.556066947887588148e-01
1.967577391280143502e+02 -2.317314055677175411e+00 9.430753973245921129e-01
1.976161737072528126e+02 -2.414477079237162371e+00 9.307320376491674541e-01
1.984826264436454437e+02 -2.508700254569777410e+00 9.186272686292961120e-01
1.993479782883365772e+02 -2.599825758292571898e+00 9.067374541284893841e-01
2.002328238693652054e+02 -2.687695722468787185e+00 8.950389526754792824e-01
2.011131879776850155e+02 -2.771335116754838346e+00 8.835081176400252367e-01
2.020170941080546640e+02 -2.852740207668668759e+00 8.722698644229728293e-01
2.029205675423029049e+02 -2.930193043960334975e+00 8.613005366399700824e-01
2.038516322387509945e+02 -3.004204137352712412e+00 8.505764733281493406e-01
2.047863139138235908e+02 -3.074541122917291869e+00 8.401482926576934185e-01
2.057452085796304857e+02 -3.141714429527146191e+00 8.299923251425473936e-01
2.067191990250639435e+02 -3.204748775103854364e+00 8.201591808671134798e-01
2.076991681997150181e+02 -3.264154506951960855e+00 8.106251827081591976e-01
2.086908558966517830e+02 -3.319699096825282858e+00 8.013666500688438887e-01
2.096851453331254618e+02 -3.371149975995000769e+00 7.923598991140415881e-01
2.106729198322645402e+02 -3.417531700166646758e+00 7.836555265113119839e-01
2.116599195043158375e+02 -3.460097289417857436e+00 7.753041261693313091e-01
2.126370278260121438e+02 -3.497128382756358622e+00 7.672077224755807778e-01
2.136099850216248797e+02 -3.530620752972390086e+00 7.593426210476421634e-01
2.145771029920347246e+02 -3.558855955912158642e+00 7.518336924799863263e-01
2.155441219948862397e+02 -3.582344010099408838e+00 7.446572385781333736e-01
2.165019255734057424e+02 -3.601594890983354613e+00 7.377152761046124052e-01
2.174636822872063249e+02 -3.616375695142560964e+00 7.311326710312143762e-01
2.184351322909004978e+02 -3.627493443485366065e+00 7.248857212669854722e-01
2.193997306133516361e+02 -3.634120874218360164e+00 7.190250074040781536e-01
2.203780739396227943e+02 -3.636767781930347887e+00 7.133782589435014865e-01
2.213461887384571298e+02 -3.635498212450618105e+00 7.081446225479024470e-01
2.223172430955948471e+02 -3.630450446227606154e+00 7.032261107485954232e-01
2.232821198927422017e+02 -3.621762713641262899e+00 6.986733031865542953e-01
2.242317018397567097e+02 -3.609498910279229644e+00 6.944624963271410767e-01
2.251791565073472441e+02 -3.593871446198180220e+00 6.905699871808947954e-01
2.261153662080962761e+02 -3.574944110654850959e+00 6.869720735177982096e-01
2.270386413805889561e+02 -3.553003488358387418e+00 6.837936210823969407e-01
2.279621489234553735e+02 -3.528336107714304504e+00 6.808623627847640858e-01
2.288767704285939431e+02 -3.501154156097315173e+00 6.783031669223565929e-01
2.297882439176184732e+02 -3.471818329170802020e+00 6.760923363627890925e-01
2.307023071272919310e+02 -3.440466412235244409e+00 6.741318922401302594e-01
2.316246974962204774e+02 -3.407533263668425239e+00 6.724724246523894333e-01
2.325537238020689301e+02 -3.373082262399074605e+00 6.711645258428591276e-01
2.334876945000462172e+02 -3.337622425516063362e+00 6.701845068805163397e-01
2.344323460621669142e+02 -3.301291288919351974e+00 6.694343978397220285e-01
2.353785579162803572e+02 -3.264449174625939420e+00 6.689647984845196182e-01
2.363320658375989183e+02 -3.227456339666007423e+00 6.687520279352616726e-01
2.372911768892179225e+02 -3.190598692111138668e+00 6.687724083429231747e-01
2.382541977643455198e+02 -3.154087790740707220e+00 6.690765485614004193e-01
2.392186078370409064e+02 -3.118276680623459196e+00 6.695760488532864763e-01
2.401860066800080062e+02 -3.083193147855822325e+00 6.703693002021989811e-01
2.411497381838001672e+02 -3.048635047386762942e+00 6.714156853329638075e-01
2.421105741937424796e+02 -3.014771586049582286e+00 6.728974413440056423e-01
2.430767145049701980e+02 -2.981474771480153496e+00 6.746996753545583259e-01
2.440340734569421670e+02 -2.948690830236750493e+00 6.769303491868632339e-01
2.449908500308869748e+02 -2.916365925073107324e+00 6.796380022215954275e-01
2.459403860948886518e+02 -2.884520439384939294e+00 6.828563216648794176e-01
2.468760231010426196e+02 -2.853100411316428442e+00 6.866041427145834763e-01
2.478133871331463638e+02 -2.822126102042211926e+00 6.909077337784422790e-01
2.487309621018607686e+02 -2.791469146699238735e+00 6.957859399421651991e-01
2.496443732445417538e+02 -2.761149689994105927e+00 7.012576114897628443e-01
2.505395319704410895e+02 -2.731187820948326017e+00 7.073564607756709366e-01
2.514172059597320015e+02 -2.701455007789936857e+00 7.141013489971107520e-01
2.522781624605473780e+02 -2.671971233999431483e+00 7.215037147194397482e-01
2.531231682864991512e+02 -2.642830716974180483e+00 7.295898591038311176e-01
2.539455614638760323e+02 -2.613904776307459876e+00 7.383638043347587887e-01
2.547386795792395446e+02 -2.585287537204804753e+00 7.478518639020154124e-01
2.555107164771230543e+02 -2.556998798977281773e+00 7.580580726813770376e-01
2.562475805058084575e+02 -2.528984037635712667e+00 7.689939005193968669e-01
2.569574646156547146e+02 -2.501337259071851449e+00 7.806782524185629235e-01
2.576337046044494627e+02 -2.474003867789606570e+00 7.931151836729479765e-01
2.582696358142756594e+02 -2.447003520209200200e+00 8.063087567560555113e-01
2.588808781783767472e+02 -2.420430127506679518e+00 8.202481848084449689e-01
2.594533377652615513e+02 -2.394229007976566681e+00 8.349301168769324155e-01
2.600026335763032534e+02 -2.368419740427410769e+00 8.503437814026685304e-01
2.605220990893361090e+02 -2.343021883572935060e+00 8.664858431099169422e-01
2.610124956547575721e+02 -2.318129262421597225e+00 8.833529748433801565e-01
2.614745841401498865e+02 -2.293612837135067029e+00 9.009270010542150819e-01
2.619165532752013519e+02 -2.269714973886702403e+00 9.191897546854719270e-01
2.623243062451887226e+02 -2.246380896136378258e+00 9.381379340556031954e-01
2.627134591370673320e+02 -2.223852955396202091e+00 9.577385329374735745e-01
2.630773424819400361e+02 -2.202002082392306992e+00 9.779734108374700252e-01
2.634092862999542604e+02 -2.181070624703550731e+00 9.988244364692056010e-01
2.637249051451667015e+02 -2.161003797773744850e+00 1.020280916274037830e+00
2.640100996479247328e+02 -2.142043955379948628e+00 1.042309881185998099e+00
2.642804833110621416e+02 -2.124062040465208856e+00 1.064878371843560823e+00
2.645293840524677194e+02 -2.107151855414976183e+00 1.087960867095575379e+00
2.647649859508211421e+02 -2.091407213702653145e+00 1.111509570750155662e+00
2.649731874890673566e+02 -2.076773374930438010e+00 1.135491553469516024e+00
2.651770283514255198e+02 -2.063269897272838715e+00 1.159881324556651272e+00
2.653698342664952179e+02 -2.050990639301249807e+00 1.184631118684120965e+00
2.655449304040166680e+02 -2.039903196239660321e+00 1.209700609417331041e+00
2.657179264218514163e+02 -2.030019753621237655e+00 1.235049480978754444e+00
2.658895747114747792e+02 -2.021300520225641328e+00 1.260607714953106528e+00
2.660531987455474905e+02 -2.013713156263806425e+00 1.286342445537335122e+00
2.662169781266152313e+02 -2.007240203006487977e+00 1.312183676126952747e+00
2.663816635349865578e+02 -2.001834513860896170e+00 1.338016851046124778e+00
2.665480050783370984e+02 -1.997488339111095135e+00 1.363950276226732594e+00
2.667167522918304030e+02 -1.994162757584600376e+00 1.389720851250106914e+00
2.669027236281207820e+02 -1.991899980975460061e+00 1.415455647906991743e+00
2.670878747233460331e+02 -1.990922557707369256e+00 1.441059589167059007e+00
2.672830868360523482e+02 -1.991500743100189652e+00 1.466604919776593352e+00
2.674918123109184194e+02 -1.993889966615697951e+00 1.492163895793062300e+00
2.677026462329600349e+02 -1.998367974269698255e+00 1.517734501095781896e+00
2.679116114836735392e+02 -2.005205115851291797e+00 1.543389014394485281e+00
2.681370154478610175e+02 -2.014597490359903986e+00 1.569125442218383126e+00
2.683600232188922519e+02 -2.026845226979134829e+00 1.595016085905816450e+00
2.685840844089098596e+02 -2.042018209871725887e+00 1.621058974574676403e+00
2.688052197569469399e+02 -2.060334924596558981e+00 1.647326432093766169e+00
2.690343061897093548e+02 -2.082013891665603467e+00 1.673742226532805466e+00
2.692525067309862834e+02 -2.107050816615354538e+00 1.700452987623846335e+00
2.694706973154184766e+02 -2.135812858631947364e+00 1.727382505686809511e+00
2.696923250498359721e+02 -2.168370079668655137e+00 1.754603149074478452e+00
2.698985515261242085e+02 -2.204792579139023267e+00 1.782113013589661010e+00
2.701002512870783789e+02 -2.245150494650829831e+00 1.809984489407411745e+00
2.703008700899406449e+02 -2.289662569803059267e+00 1.838067126975087007e+00
2.704889965715670996e+02 -2.338324737529756447e+00 1.866507621433050046e+00
2.706680756654215543e+02 -2.391207255036494672e+00 1.895304111496388666e+00
2.708341235673229903e+02 -2.448380421299345411e+00 1.924380462847922191e+00
2.709905844528946659e+02 -2.509988861647913794e+00 1.953809118530400735e+00
2.711409021446384031e+02 -2.575880111415599139e+00 1.983513964815644348e+00
2.712810917793120211e+02 -2.646198885206931362e+00 2.013567465088451858e+00
2.714071681760566435e+02 -2.720792810210626023e+00 2.043967809208154129e+00
2.715374309051749719e+02 -2.799583845131479620e+00 2.074638913372976567e+00
2.716530375042611354e+02 -2.882568281695319090e+00 2.105653270487594320e+00
2.717722869988499497e+02 -2.969742462735536659e+00 2.136934816009063098e+00
2.718837647682707370e+02 -3.061102783863825394e+00 2.168481778306411201e+00
2.719909126651228348e+02 -3.156422844711423981e+00 2.200366678509058982e+00
2.720971723325767471e+02 -3.255699151766850097e+00 2.232439196341792886e+00
2.722059852219165919e+02 -3.358928269759684504e+00 2.264771870981406643e+00
2.723133642595277024e+02 -3.466032540111980698e+00 2.297288683382701535e+00
2.724153222140095068e+02 -3.576860082947960429e+00 2.329987906621404203e+00
2.725227284131186138e+02 -3.691407649659444346e+00 2.362942105726636211e+00
2.726315953587435956e+02 -3.809523490993752315e+00 2.395926719997903742e+00
2.727379354428595661e+02 -3.931130209690345101e+00 2.429088614354199649e+00
2.728451893126838854e+02 -4.055927628621744496e+00 2.462351811137722279e+00
2.729642258849955851e+02 -4.183764210469014699e+00 2.495640340442093041e+00
2.730762006085936378e+02 -4.314414209379081377e+00 2.528952523432595800e+00
2.731994106296198197e+02 -4.447726240125844832e+00 2.562286688658343081e+00
2.733298680019933613e+02 -4.583400429739596937e+00 2.595566888361196867e+00
2.734635847499350803e+02 -4.721359837126183123e+00 2.628791465288922602e+00
2.736040012293418613e+02 -4.861230470615291566e+00 2.661884485494775632e+00
2.737471294377629079e+02 -5.002712707486897337e+00 2.694844305143547114e+00
2.739038380749891530e+02 -5.145507012420400983e+00 2.727595003303676879e+00
2.740701391512791929e+02 -5.289313939373390561e+00 2.760134948745395000e+00
2.742420446964909502e+02 -5.433908416879975611e+00 2.792388232724576369e+00
2.744229951184001379e+02 -5.578842615744071587e+00 2.824278952269693388e+00
2.746164308600022537e+02 -5.723891651655674373e+00 2.855879776966519401e+00
2.748183640563239578e+02 -5.868607885666623503e+00 2.887040531220473660e+00
2.750396488836133244e+02 -6.012666066026453038e+00 2.917767217890367082e+00
2.752613673395169940e+02 -6.156155915794722766e+00 2.948021986599882460e+00
2.755091568760638552e+02 -6.299512398095255428e+00 2.977848881446722107e+00
2.757640849105039820e+02 -6.442947726119263585e+00 3.007217667399066929e+00
2.760295039829983352e+02 -6.586748497965945859e+00 3.036098113545114163e+00
2.763161950614132820e+02 -6.731127130320062157e+00 3.064534276336515095e+00
2.766126541455424217e+02 -6.876444709490652230e+00 3.092570215820472868e+00
2.769296623738146081e+02 -7.022839574275957730e+00 3.120101428362945128e+00
2.772705726275658549e+02 -7.170450166693040472e+00 3.147171980380293110e+00
2.776164528359325345e+02 -7.319563599049150326e+00 3.173751657546772798e+00
2.779929411336937051e+02 -7.470392803345079713e+00 3.199735964502864238e+00
2.783811056641210939e+02 -7.623150814534404240e+00 3.225243258566876658e+00
2.787842997374050356e+02 -7.777976486625845176e+00 3.250243331917296974e+00
2.792207334869659690e+02 -7.934934492139217532e+00 3.274705978285975760e+00
2.796640470744590061e+02 -8.094089604919174619e+00 3.298600992639653562e+00
2.801398792505329425e+02 -8.255358132301235941e+00 3.321972454357497995e+00
2.806367271598830371e+02 -8.418879331660827248e+00 3.344864443397194353e+00
2.811579448016565834e+02 -8.584569708306604596e+00 3.367321039957359208e+00
2.816994579879857383e+02 -8.752494431779879847e+00 3.389163473626415790e+00
2.822646210544514247e+02 -8.922644484020267441e+00 3.410584391053168574e+00
2.828642168707397104e+02 -9.095085224938111779e+00 3.431553587571880115e+00
2.834867434510254611e+02 -9.269733540377163905e+00 3.451892290344679370e+00
2.841281273670915084e+02 -9.446580691003999775e+00 3.471793142514032926e+00
2.847991521114481088e+02 -9.625692310610908464e+00 3.491151651310806514e+00
2.854957447099505430e+02 -9.807059837344157316e+00 3.510011888695682813e+00
2.862212607869096246e+02 -9.990600511877268275e+00 3.528269356971911019e+00
2.869641995294388721e+02 -1.017638022604160497e+01 3.545968122414866031e+00
2.877427738047599064e+02 -1.036431638689870205e+01 3.563077964381368368e+00
2.885380550244468054e+02 -1.055417791479175449e+01 3.579642941929213507e+00
2.893608283138246975e+02 -1.074588237538534941e+01 3.595707109927543055e+00
2.902070224282272761e+02 -1.093934741067784877e+01 3.611091668160943513e+00
2.910725664718253256e+02 -1.113434217001015725e+01 3.625989228960434740e+00
2.919682466169677468e+02 -1.133085872559678187e+01 3.640295265291821458e+00
2.928825643722239533e+02 -1.152866636954228774e+01 3.653979527879474443e+00
2.938188783533262836e+02 -1.172756417580148991e+01 3.667160328321152019e+00
2.947805476026744032e+02 -1.192737356990804543e+01 3.679733121189381340e+00
2.957635032593481128e+02 -1.212787147193437143e+01 3.691816204662396128e+00
2.967636769297897104e+02 -1.232883486474430867e+01 3.703305019127821396e+00
2.977844290585749718e+02 -1.253006307723865476e+01 3.714317847819516238e+00
2.988216922484493807e+02 -1.273133469816630914e+01 3.724750115428161923e+00
2.998788279812849282e+02 -1.293242243111836665e+01 3.734720088746120048e+00
3.009443415876236259e+02 -1.313303366607321188e+01 3.744123175286980576e+00
3.020364523682245590e+02 -1.333286990460065091e+01 3.753077623940398677e+00
3.031288101112745039e+02 -1.353161932996969696e+01 3.761553107104988580e+00
3.042396353146717729e+02 -1.372898503339341758e+01 3.769445003842467390e+00
3.053648640525544238e+02 -1.392467015589726564e+01 3.776871533545642645e+00
3.064930046939898034e+02 -1.411829617508850632e+01 3.783802338090839879e+00
3.076274229712336137e+02 -1.430969260948900335e+01 3.790207048514994348e+00
3.087640569457491893e+02 -1.449833246263690256e+01 3.796203851700308718e+00
3.099137020748950135e+02 -1.468398591667306619e+01 3.801762356051626490e+00
3.110580923365394028e+02 -1.486627295921728020e+01 3.806987954173902011e+00
3.122038523280919549e+02 -1.504517835398622871e+01 3.811860658984443262e+00
3.133582585956402795e+02 -1.522083380188857760e+01 3.816347700011375466e+00
3.145211600846487840e+02 -1.539329676031715444e+01 3.820416294142305436e+00
3.156998348513554902e+02 -1.556262472555377663e+01 3.823959361851053007e+00
3.168792766715112634e+02 -1.572872666467445590e+01 3.827092660945671909e+00
3.180741935006867038e+02 -1.589180871547490170e+01 3.829709085300188942e+00
3.192844373801121947e+02 -1.605170563385107130e+01 3.831775798620189466e+00
3.205098611432914595e+02 -1.620854934420948368e+01 3.833185667202071656e+00
3.217503184208716220e+02 -1.636232323731664806e+01 3.833980110213530246e+00
3.230056636442682816e+02 -1.651301073613706549e+01 3.834051965465226974e+00
3.242831803983023065e+02 -1.666066957812948601e+01 3.833368339708354444e+00
3.255752963716071235e+02 -1.680520896348580706e+01 3.831970608433274972e+00
3.268892967575768580e+02 -1.694661240433017824e+01 3.829751565168734384e+00
3.282250392023847780e+02 -1.708493772334828620e+01 3.826752555306827563e+00
3.295749538025994525e+02 -1.722016848534239486e+01 3.822940625418291383e+00
3.309463281524437548e+02 -1.735221399571537404e+01 3.818357090088059902e+00
3.323464506387414872e+02 -1.748105786587777288e+01 3.812894681245887263e+00
3.337603253846029361e+02 -1.760675801156209630e+01 3.806520398519250836e+00
3.352026706946562058e+02 -1.772922380053699243e+01 3.799349792588417873e+00
3.366659205958896450e+02 -1.784843890123925547e+01 3.791349831035921714e+00
3.381499382304185133e+02 -1.796446128079763582e+01 3.782413181715261530e+00
3.396545874962503149e+02 -1.807712606894283880e+01 3.772655346633597695e+00
3.411797330376158470e+02 -1.818656554033918127e+01 3.762043244318249879e+00
3.427326685849510000e+02 -1.829261484427128082e+01 3.750543776706911636e+00
3.443058318933474879e+02 -1.839525770325777643e+01 3.738198112541228024e+00
3.458990897820592068e+02 -1.849455212703976059e+01 3.725047403761259535e+00
3.475048814223902696e+02 -1.859025899245242286e+01 3.710984218403110102e+00
3.491379317267944202e+02 -1.868236202522174949e+01 3.696049674517078110e+00
3.507906812352624115e+02 -1.877084494663405678e+01 3.680284873076321350e+00
3.524555711538300784e+02 -1.885546862010637525e+01 3.663582330890873706e+00
3.541324716925230973e+02 -1.893629103268773051e+01 3.646057398044546982e+00
3.558286820530711339e+02 -1.901314730743561299e+01 3.627602556809625067e+00
3.575440737161965217e+02 -1.908616968474341036e+01 3.608333122596870002e+00
3.592636620793060160e+02 -1.915534181805837122e+01 3.588364393388441265e+00
3.609947481958857338e+02 -1.922027592003635021e+01 3.567663082678748321e+00
3.627372053629060815e+02 -1.928184699619632880e+01 3.546418736938207417e+00
3.644909074597913445e+02 -1.934003861989307183e+01 3.524523751052744736e+00
3.662557289374881861e+02 -1.939409149582129999e+01 3.502167636306549703e+00
3.680241164576820552e+02 -1.944398912652787459e+01 3.479465602838244465e+00
3.697959455831803552e+02 -1.949045780884694778e+01 3.456309992610721693e+00
3.715710924179945209e+02 -1.953348096026714487e+01 3.432815980407387002e+00
3.733494335981375798e+02 -1.957304195036624961e+01 3.409024439810001805e+00
3.751234179326420417e+02 -1.960838126219813304e+01 3.385050510198417850e+00
3.769003514460571864e+02 -1.964022499379215958e+01 3.360860746245013519e+00
3.786578272691697862e+02 -1.966781351450045889e+01 3.336421684929166798e+00
3.804180091341842171e+02 -1.969187280157776598e+01 3.311996979564512777e+00
3.821584911648490106e+02 -1.971164309660407810e+01 3.287478848301857770e+00
3.838940097227539923e+02 -1.972785024215972172e+01 3.262982342183265327e+00
3.856095882490127451e+02 -1.974047717338731545e+01 3.238622494677316777e+00
3.873057135151894386e+02 -1.974945844341969448e+01 3.214419366281931811e+00
3.889778690325537127e+02 -1.975453530125219004e+01 3.190310312247750968e+00
3.906370016322807146e+02 -1.975614344255863486e+01 3.166360565495794699e+00
3.922866302546315183e+02 -1.975248997286752939e+01 3.142412491134065622e+00
3.939079892436753880e+02 -1.974475324981117552e+01 3.118531287565448729e+00
3.955268834948516883e+02 -1.973188303513389030e+01 3.094633569079294766e+00
3.971245482473132711e+02 -1.971431466711548453e+01 3.070784499976868975e+00
3.987045042314802572e+02 -1.969248338794009712e+01 3.046752093683652518e+00
4.002777009637378001e+02 -1.966459583616462226e+01 3.022750047913663973e+00
4.018328033404652047e+02 -1.963182988956584651e+01 2.998620626293772684e+00
4.033733333840623345e+02 -1.959387765279368310e+01 2.974354643045594493e+00
4.049102418871702866e+02 -1.954968829033325406e+01 2.949942896157795591e+00
4.064247666555051524e+02 -1.949969652965155475e+01 2.925301884074073211e+00
4.079278593034965752e+02 -1.944359415432996840e+01 2.900496656404404128e+00
4.094230434961592664e+02 -1.938181567245672809e+01 2.875443680132233837e+00
4.108989865913914628e+02 -1.931405264505401220e+01 2.850059406850305344e+00
4.123592130328864300e+02 -1.923925368468758279e+01 2.824334556507626992e+00
4.138072476408572129e+02 -1.915785295928166931e+01 2.798259834165139903e+00
4.152391872522712220e+02 -1.906954168591102672e+01 2.771900213770103871e+00
4.166585574110512766e+02 -1.897549663486637783e+01 2.745172087934216520e+00
4.180614556564553936e+02 -1.887466595363885347e+01 2.718214685745308223e+00
4.194514082115973679e+02 -1.876748334126850892e+01 2.690944372065029011e+00
4.208319416203379433e+02 -1.865438237762641549e+01 2.663500348869937362e+00
4.221991543832693310e+02 -1.853505368782446538e+01 2.635873238078224379e+00
4.235565736435365807e+02 -1.840918777677149620e+01 2.608053648906811350e+00
4.249002984707364590e+02 -1.827796069884394115e+01 2.580032178236209006e+00
4.262338565448928307e+02 -1.814031988246403060e+01 2.551873694490075728e+00
4.275607757887707976e+02 -1.799744114002872308e+01 2.523494487516901419e+00
4.288622992987990301e+02 -1.784752882258086260e+01 2.495033686503161707e+00
4.301568121278616559e+02 -1.769250133494162824e+01 2.466333275867720332e+00
4.314404144632534894e+02 -1.753204845547008262e+01 2.437532363704485228e+00
4.327017783063287766e+02 -1.736511700611855957e+01 2.408547197697691544e+00
4.339518608518883980e+02 -1.719288219257576245e+01 2.379516866579543866e+00
4.351867627146083919e+02 -1.701429059419012546e+01 2.350283316064424088e+00
4.363951562563163975e+02 -1.683126000924230681e+01 2.321059900831820677e+00
4.375954273136721326e+02 -1.664273677485867609e+01 2.291837116974673183e+00
4.387688200218324255e+02 -1.644915277728520309e+01 2.262531169480338722e+00
4.399262919421590254e+02 -1.625093978196548505e+01 2.233281106723147502e+00
4.410639439358027403e+02 -1.604778659864158286e+01 2.204077403440861893e+00
4.421778768389940524e+02 -1.583938191649836114e+01 2.174984811736516033e+00
4.432641914376183081e+02 -1.562764280934581684e+01 2.146068078075332064e+00
4.443264167919143688e+02 -1.541225772556080820e+01 2.117317660285747749e+00
4.453680818606288767e+02 -1.519291499323355765e+01 2.088798295071661482e+00
4.463778587749680469e+02 -1.497004565524263242e+01 2.060574715020163428e+00
4.473592762141736330e+02 -1.474408063425429738e+01 2.032711649114075758e+00
4.483084343295749932e+02 -1.451619356774529024e+01 2.005199539743758308e+00
4.492288614201833070e+02 -1.428532946787298918e+01 1.978103110227534378e+00
4.501166572076752459e+02 -1.405266173156749154e+01 1.951412798322611053e+00
4.509753495128399550e+02 -1.381862080034553131e+01 1.925193323746043239e+00
4.518010375315619171e+02 -1.358363699522251622e+01 1.899509405187548960e+00
4.525898188303460756e+02 -1.334728094456461633e+01 1.874344197218853925e+00
4.533377853286341406e+02 -1.310939904302334824e+01 1.849726017504169429e+00
4.540558839732772753e+02 -1.287120649733195066e+01 1.825601620612876896e+00
4.547402046486665768e+02 -1.263094705293996611e+01 1.801992045634835948e+00
4.553868368573907901e+02 -1.238909283897573665e+01 1.778992616685500794e+00
4.559918697012770963e+02 -1.214537302792497364e+01 1.756550092900171833e+00
4.565736769141119566e+02 -1.189951667043047934e+01 1.734759802942124951e+00
4.571209183928090170e+02 -1.165273836511853922e+01 1.713494227984297291e+00
4.576371102827997106e+02 -1.140328124823305345e+01 1.692922986716779432e+00
4.581183399121639468e+02 -1.115161683860795705e+01 1.672992851314825113e+00
4.585681224779913236e+02 -1.089747369738496197e+01 1.653724881929797830e+00
4.589825443327347898e+02 -1.064058026288345715e+01 1.635065860160260565e+00
4.593651196725367640e+02 -1.038140768550391080e+01 1.617036856528234257e+00
4.597045054752585997e+02 -1.011819848754769247e+01 1.599584663940424312e+00
4.600042148911869049e+02 -9.852166408360060856e+00 1.582804648656956470e+00
4.602677605331356290e+02 -9.582296559178574924e+00 1.566643616737525946e+00
4.604837977673938667e+02 -9.308316763319606224e+00 1.550974097995108769e+00
4.606632664572304066e+02 -9.029954721309863430e+00 1.535965763954617369e+00
4.607873925041400298e+02 -8.748423681169942512e+00 1.521639727279259002e+00
4.608745429937776521e+02 -8.463451098632162939e+00 1.507942825709555512e+00
4.609133710380099842e+02 -8.174764307599295066e+00 1.494896189500297234e+00
4.608999575210155513e+02 -7.882090520650161913e+00 1.482595241847934675e+00
4.608452394448528935e+02 -7.586642499699357778e+00 1.470986848806274727e+00
4.607378681739294848e+02 -7.288147216615315394e+00 1.460092170212981655e+00
4.605813511822697706e+02 -6.986331524103659874e+00 1.449932376602246276e+00
4.603866236995218060e+02 -6.682407826709746423e+00 1.440528649616265922e+00
4.601497636566004985e+02 -6.375359906769991092e+00 1.431827898910804198e+00
4.598742767328906780e+02 -6.066399935766722429e+00 1.423851329565011925e+00
4.595636680024179554e+02 -5.754511465513712842e+00 1.416545875478351091e+00
4.592140135799170366e+02 -5.441649274801346969e+00 1.410007050277232610e+00
4.588362456676942998e+02 -5.126796690803359091e+00 1.404107530199207199e+00
4.584190108002316606e+02 -4.810422600971675955e+00 1.398868571999894117e+00
4.579732399411807933e+02 -4.491510114820682631e+00 1.394311446340337435e+00
4.574875783769466580e+02 -4.171270741076437361e+00 1.390383154675036925e+00
4.569655274625308152e+02 -3.848687379690514998e+00 1.387030713143318605e+00
4.563957312145805076e+02 -3.523485664243099613e+00 1.384275436459222242e+00
4.557891180560868634e+02 -3.196876799408670866e+00 1.382064371292505367e+00
4.551417590579366106e+02 -2.867100553382549322e+00 1.380418863658456452e+00
4.544422962812735136e+02 -2.536110775815811458e+00 1.379360275799007329e+00
4.537090845201437332e+02 -2.202889885430311612e+00 1.378835703062811113e+00
4.529307644901410299e+02 -1.870134388210603182e+00 1.378940824794219866e+00
4.521182612700507661e+02 -1.536826530243024624e+00 1.379697054206214357e+00
4.512676425397224307e+02 -1.204176981122955681e+00 1.381125822262167624e+00
4.503824036191807636e+02 -8.726534971745586455e-01 1.383174294551456684e+00
4.494586107557399828e+02 -5.434665949279294805e-01 1.385938222173710876e+00
4.485071861616331717e+02 -2.155982145473996359e-01 1.389290524601567434e+00
4.475316229494490017e+02 1.097412663953113432e-01 1.393178424064235310e+00
4.465279851176531452e+02 4.328272043345074982e-01 1.397549162416592550e+00
4.455071925862531543e+02 7.531921808426956799e-01 1.402350001508541277e+00
4.444653077801651762e+02 1.071854503838743033e+00 1.407528223551801405e+00
4.434052889483753574e+02 1.386930386247615443e+00 1.412970620495650032e+00
4.423353950010348399e+02 1.699784200438004600e+00 1.418619095433216515e+00
4.412410672379572816e+02 2.010363885797913142e+00 1.424726479424783365e+00
4.401300311484625354e+02 2.317874586928649450e+00 1.431174207813177501e+00
4.389877262926074764e+02 2.623749989621338319e+00 1.438215155596237693e+00
4.378070196848748310e+02 2.926452471530875954e+00 1.445805086246330307e+00
4.365882057769126732e+02 3.228158613229954010e+00 1.454048353061353049e+00
4.353315780901872358e+02 3.526588008750505043e+00 1.463049332489083421e+00
4.340300008489159040e+02 3.823174446671092852e+00 1.472838140946676422e+00
4.326837656641372973e+02 4.117866060757081392e+00 1.483444918637153886e+00
4.312931631675432982e+02 4.409719593806189941e+00 1.494899829854688056e+00
4.298733396966829901e+02 4.698757481054173901e+00 1.507084496275379770e+00
4.284171555291578670e+02 4.984705026499850256e+00 1.520103414755364923e+00
4.269323266201784577e+02 5.267361816316183720e+00 1.533912540092908339e+00
4.254265678893388554e+02 5.546527431283926113e+00 1.548467852296306013e+00
4.239001648587233149e+02 5.822001442771062685e+00 1.563873923839217639e+00
4.223459736424518951e+02 6.093954826273999537e+00 1.580086785887741652e+00
4.207642776380217811e+02 6.362855673998264017e+00 1.597136779030904119e+00
4.191479308180278167e+02 6.628949206483630618e+00 1.614979986483822572e+00
4.174897860741152726e+02 6.892480619318313018e+00 1.633795368290283712e+00
4.157826952122460398e+02 7.153769362916303720e+00 1.653464776981500295e+00
4.140269372998434392e+02 7.413209138864412573e+00 1.674092942252831007e+00
4.122153619638940540e+02 7.670970762334352600e+00 1.695636053592752379e+00
4.103556744420593532e+02 7.926705024573437619e+00 1.718124610913459360e+00
4.084555788843403548e+02 8.179914106998346313e+00 1.741514857649928860e+00
4.065153500068386165e+02 8.430100144864498546e+00 1.765837347849357863e+00
4.045426897981439538e+02 8.676765224014843625e+00 1.790974095727927207e+00
4.025378708265962473e+02 8.919559944719630096e+00 1.816955709724415335e+00
4.005160213007064840e+02 9.157912001085385612e+00 1.843738542015122661e+00
3.984774116797003103e+02 9.391471879078553187e+00 1.871353255519776493e+00
3.964223113874377873e+02 9.620558554636431836e+00 1.899681973373033905e+00
3.943435604774190324e+02 9.845342372322587465e+00 1.928755412891260512e+00
3.922339980000921855e+02 1.006629074361102738e+01 1.958604318501872665e+00
3.901013187221578846e+02 1.028372244322574858e+01 1.989185178152579780e+00
3.879309313958116263e+02 1.049788189008171457e+01 2.020454506702876518e+00
3.857156721818540746e+02 1.070923627881568230e+01 2.052443129292768731e+00
3.834632330235788800e+02 1.091788130936729218e+01 2.085107614181246127e+00
3.811813049713583723e+02 1.112376403516597811e+01 2.118404556069576117e+00
3.788552931583171812e+02 1.132646001037838701e+01 2.152216292397086672e+00
3.765151719802427124e+02 1.152576755575630152e+01 2.186499470122173161e+00
3.741537732716147389e+02 1.172126205551957590e+01 2.221136478471295472e+00
3.717787847871297231e+02 1.191274165633601179e+01 2.256084015676339316e+00
3.693904651815952889e+02 1.209985584783720469e+01 2.291224521680771620e+00
3.670113574423152158e+02 1.228232831121466084e+01 2.326440461332564436e+00
3.646194337688177711e+02 1.246032833487744007e+01 2.361762891059474789e+00
3.622298074580514822e+02 1.263382454617843287e+01 2.397148608012232174e+00
3.598278777849017729e+02 1.280303803902682347e+01 2.432628716701394911e+00
3.574213284868767460e+02 1.296804866961732294e+01 2.468085778103501493e+00
3.550029860458403164e+02 1.312898670620061914e+01 2.503550943267415008e+00
3.525656764213832162e+02 1.328596597230268195e+01 2.538981102386550059e+00
3.501240000024030792e+02 1.343908089315747034e+01 2.574428489062376979e+00
3.476682311424625595e+02 1.358830106967105777e+01 2.609732375424365092e+00
3.452029903381686609e+02 1.373356184465349017e+01 2.644975943099909355e+00
3.427254693413179325e+02 1.387479845234616960e+01 2.680093827530131811e+00
3.402551445902385581e+02 1.401194601692424868e+01 2.715094967988284314e+00
3.377743504372561461e+02 1.414497669276561531e+01 2.749988323577308158e+00
3.353025626796818415e+02 1.427381795112767549e+01 2.784634305715179448e+00
3.328369717852268650e+02 1.439832286528450389e+01 2.819190478631491192e+00
3.303747679689922165e+02 1.451812154206552563e+01 2.853591574323942837e+00
3.279131412184756869e+02 1.463284397090937183e+01 2.887995193040668429e+00
3.254567096675046400e+02 1.474204573890766135e+01 2.922410385229527119e+00
3.229952345678030383e+02 1.484528231285133160e+01 2.956846218000386273e+00
3.205407620611396169e+02 1.494218332127214310e+01 2.991534625086309074e+00
3.180830530972659744e+02 1.503222970246752865e+01 3.026410421777293802e+00
3.156192968528870324e+02 1.511519940403944595e+01 3.061557005384840213e+00
3.131615390983841394e+02 1.519116738140832901e+01 3.096983504183422387e+00
3.106921121113013555e+02 1.526057987981844377e+01 3.132699060362092336e+00
3.082156331416059629e+02 1.532351159780395555e+01 3.168638545972176868e+00
3.057367193729884320e+02 1.538040852069234532e+01 3.204811129384261825e+00
3.032451312330053383e+02 1.543141936754775756e+01 3.241300274742683563e+00
3.007454858033366349e+02 1.547691557414171548e+01 3.277966607413243860e+00
2.982424001272357827e+02 1.551711987388171288e+01 3.314819330957174515e+00
2.957256345157306896e+02 1.555188344573338277e+01 3.351793376089448273e+00
2.932072343043992078e+02 1.558120589715752757e+01 3.388972250656821839e+00
2.906843881065672690e+02 1.560486384500829615e+01 3.426290905103530626e+00
2.881617128675111985e+02 1.562285661495207556e+01 3.463684298957479868e+00
2.856363971665236363e+02 1.563488625534898979e+01 3.501087400317048459e+00
2.831279146197052228e+02 1.564102608717244181e+01 3.538509468846308348e+00
2.806185970790883175e+02 1.564105215088418532e+01 3.575959771771068496e+00
2.781204897854689193e+02 1.563496318935349016e+01 3.613373299880899836e+00
2.756233529168252971e+02 1.562268351225629281e+01 3.650759334044388016e+00
2.731392316896904049e+02 1.560421156150090916e+01 3.688201444725097922e+00
2.706578862573620086e+02 1.557939705915683959e+01 3.725560357492894603e+00
2.681765051105906537e+02 1.554831242342393161e+01 3.762993937067874661e+00
2.656997050773593969e+02 1.551080706609920767e+01 3.800437202333983855e+00
2.632246746223972877e+02 1.546695309210387315e+01 3.837825176381870929e+00
2.607486021978024269e+02 1.541704529803099355e+01 3.875241453052955976e+00
2.582835329443966543e+02 1.536145260372967059e+01 3.912621062471608013e+00
2.558117985916788371e+02 1.530069233444370447e+01 3.949824754092357892e+00
2.533528726122595742e+02 1.523498451848627688e+01 3.986936130256335087e+00
2.508965150726111801e+02 1.516484615400904623e+01 4.023890228226335353e+00
2.484473427385132140e+02 1.509057122329986811e+01 4.060622086739561709e+00
2.460025440292662893e+02 1.501260210918299265e+01 4.097141029057406847e+00
2.435741640745322911e+02 1.493123245997596982e+01 4.133233528501328635e+00
2.411445346201082884e+02 1.484668147204506461e+01 4.169057476016444497e+00
2.387331291887246323e+02 1.475939102296067063e+01 4.204399344687036688e+00
2.363297079376597480e+02 1.466957996972722000e+01 4.239268457293027481e+00
2.339388877714768284e+02 1.457754128214420142e+01 4.273599851831577645e+00
2.315652856541685765e+02 1.448364204226985130e+01 4.307254281042944832e+00
2.292060902729897123e+02 1.438810059349675896e+01 4.340315345939639080e+00
2.268584497518866385e+02 1.429118064556348244e+01 4.372576904886791738e+00
2.245342064119401471e+02 1.419273362126939730e+01 4.404159523383696317e+00
2.222303053458282704e+02 1.409235917556863349e+01 4.435042590285259934e+00
2.199436917905163682e+02 1.398987964191137756e+01 4.465205490205736538e+00
2.176787394987483708e+02 1.388496861500203927e+01 4.494627602993080728e+00
2.154323940611278942e+02 1.377729951822897903e+01 4.523436870197395265e+00
2.132164579807495386e+02 1.366661988775049785e+01 4.551464093507784803e+00
2.110204489470578721e+02 1.355282565674366957e+01 4.578762918709720964e+00
2.088487416133628756e+02 1.343573830581022044e+01 4.605461268107615247e+00
2.066982825734220910e+02 1.331525343106487647e+01 4.631464205929674449e+00
2.045734470902593785e+02 1.319126646188956187e+01 4.656751071739926751e+00
2.024786107751043858e+02 1.306367266236527058e+01 4.681375479827232233e+00
2.004107212671031846e+02 1.293236713288129280e+01 4.705391035078883455e+00
1.983667266141854384e+02 1.279717052842018887e+01 4.728702765338718805e+00
1.963435753042115834e+02 1.265805191103170912e+01 4.751364254767610262e+00
1.943530729970304378e+02 1.251498018497317233e+01 4.773429076176475050e+00
1.923847408050633589e+02 1.236777553202785462e+01 4.794727939844836584e+00
1.904355287262831666e+02 1.221655511502039282e+01 4.815388677352872904e+00
1.885172440264553586e+02 1.206113881247168962e+01 4.835316256367581111e+00
1.866268378700043229e+02 1.190149492246127494e+01 4.854564197448837604e+00
1.847538337018653181e+02 1.173759159863808144e+01 4.873037439323621989e+00
1.829100406796950722e+02 1.156961970390860017e+01 4.890789472171865881e+00
1.810998403035500814e+02 1.139762139626503235e+01 4.907873769889949500e+00
1.793053297454067945e+02 1.122178726629059931e+01 4.924269505850511486e+00
1.775457486803955760e+02 1.104223349029595092e+01 4.939881552159790523e+00
1.758106241628772466e+02 1.085922468461286883e+01 4.954837612921199508e+00
1.741043407552474491e+02 1.067280249200274334e+01 4.969042522471696088e+00
1.724312838536025652e+02 1.048315700321727562e+01 4.982623945647294939e+00
1.707884113624246822e+02 1.029040391065792726e+01 4.995486676019255334e+00
1.691726820684283723e+02 1.009458451265319567e+01 5.007609769157617130e+00
1.675810556627436938e+02 9.895814284841476294e+00 5.019046541888596558e+00
1.660253494620994843e+02 9.694134317635210607e+00 5.029776004552653390e+00
1.644950966766937483e+02 9.489734171278628949e+00 5.039851427279879559e+00
1.629946881789376505e+02 9.282580462956188327e+00 5.049103205259469540e+00
1.615210874685313343e+02 9.072862572488647359e+00 5.057658842547507305e+00
1.600712590368279677e+02 8.860695513053386208e+00 5.065422966852413111e+00
1.586495967294632123e+02 8.646342786460319729e+00 5.072523029867174849e+00
1.572530670564788409e+02 8.429919253937409707e+00 5.078937889090286539e+00
1.558860659016917793e+02 8.211688274952020805e+00 5.084646374181944317e+00
1.545381334790593826e+02 7.991838861519508619e+00 5.089553002832315265e+00
1.532210960893049219e+02 7.770485683012772427e+00 5.093859397665966071e+00
1.519244960220852647e+02 7.547891921461927112e+00 5.097470017636530848e+00
1.506527333092323317e+02 7.324320709313370870e+00 5.100363574978221237e+00
1.494027806743657436e+02 7.100109417657582078e+00 5.102667318173024213e+00
1.481790402321817339e+02 6.875446810398084807e+00 5.104359897432524384e+00
1.469710584349807050e+02 6.650670182879158787e+00 5.105494214725735169e+00
1.457906678197583119e+02 6.426116799430449333e+00 5.105974572821319946e+00
1.446274169011859101e+02 6.202049614337176386e+00 5.106002375883225142e+00
1.434782835658173497e+02 5.978657276227393957e+00 5.105556144565209564e+00
1.423551034143671643e+02 5.756425549878747994e+00 5.104614366163141348e+00
1.412478182101344260e+02 5.535403169590392913e+00 5.103142582723442899e+00
1.401553598961638443e+02 5.315673596894381348e+00 5.101203223051939517e+00
1.390844799581285827e+02 5.097031837911574215e+00 5.098697203157787960e+00
1.380270741531621752e+02 4.879495747523754368e+00 5.095599688110899805e+00
1.369973242487639880e+02 4.662934615597150056e+00 5.091811524852436044e+00
1.359871279084042897e+02 4.447292021101132420e+00 5.087307809050181540e+00
1.350032404294454125e+02 4.232511552089424534e+00 5.082063601481192627e+00
1.340375613284805922e+02 4.018759659562135766e+00 5.076128211454108197e+00
1.330968477284588118e+02 3.806128526680375934e+00 5.069402346255663439e+00
1.321878576441913253e+02 3.594636071860785265e+00 5.062009528650958323e+00
1.313024932678492007e+02 3.384300235243486554e+00 5.053776112386901609e+00
1.304475143560503625e+02 3.175287548535056015e+00 5.044825550265501946e+00
1.296222531653726264e+02 2.967690287214148182e+00 5.035132693213712152e+00
1.288260427891415247e+02 2.761377906117929548e+00 5.024598073901239026e+00
1.280582171443140282e+02 2.556368459428732365e+00 5.013345040895417881e+00
1.273181109587909674e+02 2.352680036030473598e+00 5.001199774316682500e+00
1.266124881094732189e+02 2.150330761763245224e+00 4.988211270556030641e+00
1.259332565598702587e+02 1.949264518074554031e+00 4.974354208490581186e+00
1.252871817500651446e+02 1.749499511084386727e+00 4.959603233235652553e+00
1.246736015355784133e+02 1.550979706553852866e+00 4.943858672914405616e+00
1.240844261776654065e+02 1.353797682288039095e+00 4.927317956463520332e+00
1.235264233850750344e+02 1.158046062956472166e+00 4.909807062423119817e+00
1.229989332550314600e+02 9.636689548525974036e-01 4.891374787286914660e+00
1.225087249662027773e+02 7.707590816163918390e-01 4.872144178843283768e+00
1.220402833709004682e+02 5.794835024021820491e-01 4.851941119023086557e+00
1.216003790905024857e+02 3.897121960037349675e-01 4.830962875795047573e+00
1.211957834593291778e+02 2.016866139914093581e-01 4.809035268524393558e+00
1.208184118194450321e+02 1.527684728873378826e-02 4.786355503390690380e+00
1.204676085673532242e+02 -1.693943908083538896e-01 4.762897905768089579e+00
1.201501471505347212e+02 -3.523380372398700611e-01 4.738562487636498233e+00
1.198579450137849989e+02 -5.335352538557582847e-01 4.713620649007007835e+00
1.195903486475427826e+02 -7.129597108209806411e-01 4.687898059807589668e+00
1.193467052356425881e+02 -8.905850132860064772e-01 4.661591778825230570e+00
1.191337910039248129e+02 -1.066407727550193751e+00 4.634601702598060591e+00
1.189435261681288267e+02 -1.240451093463860621e+00 4.606976266843745726e+00
1.187752599834905283e+02 -1.412750165896460519e+00 4.578763879865498154e+00
1.186357707437141471e+02 -1.583351812840035677e+00 4.550012922959744799e+00
1.185169807292290187e+02 -1.752296142565604287e+00 4.520623183814352686e+00
1.184182412568982414e+02 -1.919623187093219219e+00 4.490791557921715693e+00
1.183389043285944524e+02 -2.085313473262893069e+00 4.460343497448600480e+00
1.182783226297933652e+02 -2.249510871028964409e+00 4.429401563144423015e+00
1.182432778781077758e+02 -2.412047176741765053e+00 4.398088290710362891e+00
1.182182674201692976e+02 -2.572902668469140064e+00 4.366303340663749033e+00
1.182175026807720855e+02 -2.731908969499428519e+00 4.334243483220307169e+00
1.182254823576981977e+02 -2.889120463273354478e+00 4.301956897636534549e+00
1.182489908696429524e+02 -3.044368589695089167e+00 4.269491739564964305e+00
1.182873849506632240e+02 -3.197633259878985168e+00 4.236821857895077592e+00
1.183400219950809742e+02 -3.348820002786499384e+00 4.204069645597587446e+00
1.183988317010235249e+02 -3.497685678781693230e+00 4.171357473050419706e+00
1.184706011140385868e+02 -3.644209894119228021e+00 4.138659121359154369e+00
1.185402446052184047e+02 -3.788196592621399184e+00 4.106002652895035965e+00
1.186240375262666475e+02 -3.929341656384099934e+00 4.073336187238134620e+00
1.187089541848447567e+02 -4.067313865663813033e+00 4.040587842363380311e+00
1.188042545475354359e+02 -4.201856166792636849e+00 4.007685715243817448e+00
1.188969141259213558e+02 -4.332711385330639153e+00 3.974557882162930600e+00
1.190036224147691968e+02 -4.459845073187991282e+00 3.941280966032637334e+00
1.191113560753161380e+02 -4.583371221706357801e+00 3.907931569703365415e+00
1.192293773711544702e+02 -4.703477974719899812e+00 3.874586276282504294e+00
1.193595207502204687e+02 -4.820130491098909786e+00 3.841321649457665632e+00
1.194887644764057626e+02 -4.933442358817488049e+00 3.808288517328719092e+00
1.196338007118127393e+02 -5.043452741014006868e+00 3.775414838735092093e+00
1.197816086944330181e+02 -5.150349223091597928e+00 3.742851404617244526e+00
1.199340248182911068e+02 -5.254096391835370028e+00 3.710451853856391757e+00
1.201077426110960857e+02 -5.354510115593935637e+00 3.678144091156406503e+00
1.202823142592045969e+02 -5.451628958532450220e+00 3.645707436919359612e+00
1.204744340859554796e+02 -5.545417043436887461e+00 3.613144045156152284e+00
1.206859400749388982e+02 -5.635838332116995808e+00 3.580158919383476412e+00
1.209038138442714256e+02 -5.722782338902357324e+00 3.546679897573672413e+00
1.211373223714546725e+02 -5.806212694755917170e+00 3.512709085600899783e+00
1.213883045653919623e+02 -5.885795726991489119e+00 3.478100007205064070e+00
1.216511712389035864e+02 -5.961271874148807548e+00 3.443151872504445432e+00
1.219277617813201147e+02 -6.032381399996801008e+00 3.407792459982936784e+00
1.222050590794997333e+02 -6.098715824187579848e+00 3.372172385047922383e+00
1.224997595908526336e+02 -6.160089337590723524e+00 3.336367966581888389e+00
1.227914181624725387e+02 -6.216093099271552624e+00 3.300529794533522576e+00
1.230967315049602746e+02 -6.266540935679063118e+00 3.264659880021104854e+00
1.234026830115365669e+02 -6.311915040020661394e+00 3.228760222973825922e+00
1.237111128310298795e+02 -6.352548852287898562e+00 3.192832812793506392e+00
1.240387178395827021e+02 -6.388924192018570203e+00 3.156879629041862145e+00
1.243650531609105343e+02 -6.421522690247482679e+00 3.120828358650829859e+00
1.247068156411969682e+02 -6.450900072172225386e+00 3.084755247168132097e+00
1.250509886697053759e+02 -6.477389022516597095e+00 3.048587965510269893e+00
1.254142689541843083e+02 -6.501470602628786288e+00 3.012328461257374190e+00
1.257836396928852594e+02 -6.522957131752233018e+00 2.975978675961884701e+00
1.261683690010095233e+02 -6.541586455057451843e+00 2.939689112987517561e+00
1.265554397846454577e+02 -6.557170510870081515e+00 2.903461704355421613e+00
1.269392631180000848e+02 -6.569446764099243552e+00 2.867372662128528926e+00
1.273365349209701947e+02 -6.578226773882563272e+00 2.831498195805806972e+00
1.277342374853475491e+02 -6.583321910926842158e+00 2.795914513237229837e+00
1.281267812049407837e+02 -6.584469075047077347e+00 2.760549254550827225e+00
1.285234329056410729e+02 -6.581999247923165264e+00 2.725552910612452084e+00
1.289186024252020388e+02 -6.576243226500590566e+00 2.690704555966920264e+00
1.293066992954930754e+02 -6.567308774082912137e+00 2.656080401333492880e+00
1.297044177759903221e+02 -6.556194874640735470e+00 2.621608093574126830e+00
1.300987383857421378e+02 -6.542563229671453762e+00 2.587141000187408224e+00
1.304914979895579563e+02 -6.527561033382943911e+00 2.552829627818832492e+00
1.308845330831533715e+02 -6.510849634826963772e+00 2.518453071740449634e+00
1.312796797797244039e+02 -6.492833045342377929e+00 2.484161851880169802e+00
1.316713454471813236e+02 -6.473172270997888056e+00 2.450180779816494514e+00
1.320613653969960808e+02 -6.453756655298419354e+00 2.416586109273748839e+00
1.324442192257975819e+02 -6.434163508750799565e+00 2.383520610106323989e+00
1.328221066645789392e+02 -6.413636527757383021e+00 2.350947386217420831e+00
1.331973000603948663e+02 -6.392078721507895800e+00 2.319118910125866684e+00
1.335720713148162133e+02 -6.369392942902856625e+00 2.288064816945982294e+00
1.339338351754202563e+02 -6.346224726592184950e+00 2.257740472355966421e+00
1.342922909795875626e+02 -6.321733786963023682e+00 2.228101257049850847e+00
1.346422808962917088e+02 -6.295079691291124213e+00 2.199176851174189817e+00
1.349860749703159399e+02 -6.267650367946013823e+00 2.170922668239815057e+00
1.353185144155772264e+02 -6.237862264365092280e+00 2.143294139522324393e+00
1.356492966599929844e+02 -6.205617360362491119e+00 2.116320998442219548e+00
1.359732619388172736e+02 -6.172303171289012624e+00 2.089958714415678820e+00
1.362926783398817463e+02 -6.135592906010123748e+00 2.064237060692288850e+00
1.366023850976734195e+02 -6.097616655319331613e+00 2.039037264655939374e+00
1.369046492884313579e+02 -6.056790209779909340e+00 2.014463426120504330e+00
1.371943091242046648e+02 -6.013014907989525426e+00 1.990471100574161989e+00
1.374810589980546922e+02 -5.967677639636322695e+00 1.967015866914251454e+00
1.377523077270992360e+02 -5.919193838367662330e+00 1.944127611651944143e+00
1.380251769983445058e+02 -5.868207329942116246e+00 1.921836246083762134e+00
1.382796462102542421e+02 -5.814618995062017959e+00 1.900097423434489619e+00
1.385328359687623561e+02 -5.758329607283679152e+00 1.878941106478899670e+00
1.387721529281931225e+02 -5.699239835854558400e+00 1.858323001124599472e+00
1.390072882357984554e+02 -5.637993083526118276e+00 1.838347407478561735e+00
1.392256474226434193e+02 -5.573746984217651246e+00 1.818970086367572403e+00
1.394369204970561213e+02 -5.507144745807025288e+00 1.800221110347897779e+00
1.396359401848886534e+02 -5.438086647699890364e+00 1.782130580677050657e+00
1.398323953215691233e+02 -5.365730043429771001e+00 1.764654344258304253e+00
1.400136890914489527e+02 -5.291460703316875680e+00 1.747748277563555108e+00
1.401895091194404017e+02 -5.215178641864691045e+00 1.731516854032868258e+00
1.403472573592137564e+02 -5.136040955273090347e+00 1.715916010433992556e+00
1.405040485342092893e+02 -5.055433163998269919e+00 1.700901714212904592e+00
1.406472833244944809e+02 -4.971769370014574640e+00 1.686578530821340349e+00
1.407792184567379365e+02 -4.886434939434028735e+00 1.672828206504921145e+00
1.409021099918377615e+02 -4.799329494764773330e+00 1.659681086095615488e+00
1.410182133127406132e+02 -4.710352587364523558e+00 1.647167546267141569e+00
1.411223547617463510e+02 -4.620146534871405031e+00 1.635243712274632388e+00
1.412167883283480307e+02 -4.527125083518390269e+00 1.623865741682262831e+00
1.413037672861583758e+02 -4.433416090763610207e+00 1.612989824572756969e+00
1.413781158297318257e+02 -4.338176012518664137e+00 1.602720750747364864e+00
1.414420857620922334e+02 -4.241304080756703954e+00 1.593014775897791946e+00
1.414979281315290223e+02 -4.143442306032539157e+00 1.583753905278711738e+00
1.415478932187282339e+02 -4.045232645021067164e+00 1.575043027877169211e+00
1.415868021738102982e+02 -3.945831333081153414e+00 1.566838499050033473e+00
1.416169037043335095e+02 -3.846623062050574582e+00 1.559170991173154164e+00
1.416404457128493277e+02 -3.746763972828632827e+00 1.551996926770860430e+00
1.416596752850632583e+02 -3.647638668326134148e+00 1.545347045649228201e+00
1.416694103281864159e+02 -3.548403206188573300e+00 1.539177838014180288e+00
1.416793246107870345e+02 -3.449699276871544207e+00 1.533520111595225277e+00
1.416842343514628340e+02 -3.352168536622301076e+00 1.528256141253089506e+00
1.416789549096554310e+02 -3.255709775571499431e+00 1.523491086604488620e+00
1.416805858274134096e+02 -3.160964590986897971e+00 1.519107291117131053e+00
1.416688209255124775e+02 -3.067031207836254048e+00 1.514997787284782627e+00
1.416594425175819083e+02 -2.975005624329162490e+00 1.511321110919915611e+00
1.416382555322956307e+02 -2.883697638210687586e+00 1.508097920068284914e+00
1.416207774034250804e+02 -2.793996971130184637e+00 1.505348907558981431e+00
1.415928112632024067e+02 -2.705604798189741533e+00 1.503020517605396122e+00
1.415550160401909352e+02 -2.618370854737454234e+00 1.501207796415149343e+00
1.415154781064518943e+02 -2.532293440202587842e+00 1.499931541783770861e+00
1.414599978750290461e+02 -2.447370855010276625e+00 1.499212586696826222e+00
1.414040882512829853e+02 -2.363527121079222137e+00 1.499146082930086221e+00
1.413335478315875946e+02 -2.280760552903310145e+00 1.499678650637261468e+00
1.412564593569005922e+02 -2.199069478197161587e+00 1.500905512452179069e+00
1.411660479644669124e+02 -2.118303675104953765e+00 1.502699076064698325e+00
1.410703945929001577e+02 -2.038684360991565914e+00 1.505228918822097528e+00
1.409627225863902140e+02 -1.959987078241564262e+00 1.508516086792567545e+00
1.408436827517717518e+02 -1.882284533656519043e+00 1.512433094837379421e+00
1.407139250156847936e+02 -1.805649468855587969e+00 1.517149627690663971e+00
1.405740984330559229e+02 -1.729931814208435004e+00 1.522538271995871328e+00
1.404248511966205228e+02 -1.655130110810152599e+00 1.528694500870123374e+00
1.402594022971982497e+02 -1.581391514956486777e+00 1.535639539930492958e+00
1.400783982356841761e+02 -1.508491818105852866e+00 1.543246083815879910e+00
1.398899130354655824e+02 -1.436578286378808356e+00 1.551683997213370914e+00
1.396871632049567040e+02 -1.365575396998584434e+00 1.560826046835334546e+00
1.394707928024591581e+02 -1.295481976738174001e+00 1.570693602416032286e+00
1.392488734510344273e+02 -1.226296922822595947e+00 1.581382353174077826e+00
1.390071909530843755e+02 -1.158019207291934416e+00 1.592765173749500773e+00
1.387463870578282297e+02 -1.090796448319029111e+00 1.604863541644278246e+00
1.384819594781082515e+02 -1.024627780452814996e+00 1.617698970125229785e+00
1.382071201564656349e+02 -9.596609928138835066e-01 1.631293008110627163e+00
1.379150803336648323e+02 -8.958211156917146312e-01 1.645592956532091256e+00
1.376213356176037337e+02 -8.332561255856891780e-01 1.660546151678186311e+00
1.373116675500388340e+02 -7.720398151299426859e-01 1.676174248513924603e+00
1.369941420770632590e+02 -7.120975134278025864e-01 1.692498936970288304e+00
1.366693961670187605e+02 -6.535032237943383393e-01 1.709467658208048135e+00
1.363306378295273475e+02 -5.962567768710125282e-01 1.727027887860232980e+00
1.359859311853313670e+02 -5.403581176349346871e-01 1.745127135745188518e+00
1.356359114346337833e+02 -4.857330252827071204e-01 1.763787229054738948e+00
1.352737848761241253e+02 -4.325302505025987454e-01 1.782955745007129389e+00
1.349076139766411302e+02 -3.806758175938864674e-01 1.802580293979452408e+00
1.345380323391704280e+02 -3.301701614807111551e-01 1.822608519109429670e+00
1.341508163711261830e+02 -2.810881305833645150e-01 1.843062379371492865e+00
1.337688837543757359e+02 -2.335047060530173746e-01 1.863815298614739824e+00
1.333780099607156160e+02 -1.874207208716407447e-01 1.884889299090394488e+00
1.329862550715178315e+02 -1.428371458219662993e-01 1.906232150434090888e+00
1.325868220437613161e+02 -9.982937532304513029e-02 1.927791652630834296e+00
1.321877701279241251e+02 -5.839866262503187050e-02 1.949515635450641993e+00
1.317897298337189795e+02 -1.862068888238412739e-02 1.971351957857885528e+00
1.313933312964032041e+02 1.957728541466449007e-02 1.993248507395080305e+00
1.309917759421516337e+02 5.619356812001079227e-02 2.015153199541815265e+00
1.305931215539894765e+02 9.115203374224377375e-02 2.036939693547243468e+00
1.301979972357841291e+02 1.245249723818327020e-01 2.058555958746953074e+00
1.298067247962401325e+02 1.562940796430196400e-01 2.080041944376929131e+00
1.294183978211051738e+02 1.863019809127615389e-01 2.101359739907229240e+00
1.290392309785426050e+02 2.145235550052516094e-01 2.122563413226076445e+00
1.286531536117437327e+02 2.408592406410110798e-01 2.143707055843490306e+00
1.282738082033552871e+02 2.652093189053066902e-01 2.164696215099014331e+00
1.278925519360558383e+02 2.873996287910210445e-01 2.185733594373174604e+00
1.275155984558067672e+02 3.074787003375920591e-01 2.206724784248994986e+00
1.271417328328108596e+02 3.251977693202889874e-01 2.227798246197290499e+00
1.267697399232144875e+02 3.405307610466278834e-01 2.248859610717107937e+00
1.263984043803370554e+02 3.534514391941569467e-01 2.270037377495093711e+00
1.260265106657191438e+02 3.638591217139290346e-01 2.291311497027586075e+00
1.256602714102811689e+02 3.718015307993599583e-01 2.312661936751754244e+00
1.252910423743807797e+02 3.771776583874863475e-01 2.334142963667026116e+00
1.249250358595642183e+02 3.798863327202721685e-01 2.355808859945569544e+00
1.245610356685559168e+02 3.799747849461289628e-01 2.377565355035534900e+00
1.241903971160268867e+02 3.773415147422700122e-01 2.399541042278236169e+00
1.238193320901857533e+02 3.720334239888339889e-01 2.421641676995359482e+00
1.234466240129856800e+02 3.639486824512643270e-01 2.443921593102362788e+00
1.230784845517357695e+02 3.531338615075123033e-01 2.466435135203974394e+00
1.227062685796582286e+02 3.395610833800613015e-01 2.489013807187834715e+00
1.223361875884273218e+02 3.231280208953324906e-01 2.511860539347142929e+00
1.219670246492270991e+02 3.039550312713186209e-01 2.534881135963131360e+00
1.215975627751055157e+02 2.819394548970942660e-01 2.558055691925634978e+00
1.212265849334110754e+02 2.570898909048201508e-01 2.581438591844953390e+00
1.208528740585862806e+02 2.294890552451830101e-01 2.605009942163093228e+00
1.204826414155851495e+02 1.991452135253536926e-01 2.628675570274953799e+00
1.201146699129447057e+02 1.661110344730759858e-01 2.652489874162414107e+00
1.197403141167685021e+02 1.304018779623884738e-01 2.676507254521728996e+00
1.193732136661345606e+02 9.206265006458488886e-02 2.700633546897041271e+00
1.190047231864415664e+02 5.112323286794474841e-02 2.724848871332769651e+00
1.186336257056883028e+02 7.643054525663232381e-03 2.749133348022601897e+00
1.182661326701942244e+02 -3.829633911953517211e-02 2.773541379970140497e+00
1.179010272602504728e+02 -8.664402581542446358e-02 2.797978801646361813e+00
1.175370927569467199e+02 -1.373232513958440593e-01 2.822500012171304640e+00
1.171731125591594065e+02 -1.902722856244747907e-01 2.846936556980049993e+00
1.168078702009340759e+02 -2.454221370170363292e-01 2.871417111525313981e+00
1.164475777194953849e+02 -3.026928384898973645e-01 2.895847495951574757e+00
1.160910189728540871e+02 -3.619518483682530596e-01 2.920207808303080910e+00
1.157369780084895012e+02 -4.230742197335874977e-01 2.944478140225514906e+00
1.153768107318254721e+02 -4.859128866687668635e-01 2.968638576176092503e+00
1.150315866764606056e+02 -5.503283772355780368e-01 2.992594909136923498e+00
1.146852338711269823e+02 -6.161888129765497046e-01 3.016401490343788350e+00
1.143439656610742787e+02 -6.833401949358547389e-01 3.040038378005181841e+00
1.140139956768527298e+02 -7.516509730977247727e-01 3.063337053031268464e+00
1.136866811534390393e+02 -8.209377621309823514e-01 3.086351835782591202e+00
1.133608080006697065e+02 -8.910099106428962523e-01 3.109062751300698313e+00
1.130425908229290854e+02 -9.616843569328791252e-01 3.131449812055593362e+00
1.127382445885517939e+02 -1.032755914541263254e+00 3.153344450189651482e+00
1.124391279488860818e+02 -1.104123553045965433e+00 3.174875217785485315e+00
1.121440283084732386e+02 -1.175448692682470320e+00 3.195873518102477995e+00
1.118590882791604741e+02 -1.246754995737155536e+00 3.216401513727431105e+00
1.115827283032053145e+02 -1.317954668199207591e+00 3.236404481444542292e+00
1.113132957176868985e+02 -1.389322154990148439e+00 3.255835605388958331e+00
1.110565666883209985e+02 -1.460909202148176655e+00 3.274870902452156063e+00
1.108034611767746753e+02 -1.532916272477928610e+00 3.293314953536416123e+00
1.105597563593236856e+02 -1.605395409554192465e+00 3.311343737857996405e+00
1.103238015933198994e+02 -1.678473086119222302e+00 3.328761797204257356e+00
1.101013751344220140e+02 -1.752350201848717370e+00 3.345819353747324421e+00
1.098908274523122373e+02 -1.827004946984677192e+00 3.362320907304754858e+00
1.096830812463635283e+02 -1.902638500871213667e+00 3.378368069659838824e+00
1.094839165114768065e+02 -1.979155044837593858e+00 3.393913862847016016e+00
1.092991138520649343e+02 -2.056681743998106437e+00 3.408985568965304136e+00
1.091195977954072447e+02 -2.135345893911508419e+00 3.423610445987728124e+00
1.089511502058580277e+02 -2.215200634133213331e+00 3.437815727079696071e+00
1.087995535968895524e+02 -2.296224945161307485e+00 3.451480052919503105e+00
1.086483060922088697e+02 -2.378546495785448300e+00 3.464704888543898242e+00
1.085106198886876854e+02 -2.462144505818195661e+00 3.477443105177003169e+00
1.083848511653496303e+02 -2.547072593248509431e+00 3.489721830088127863e+00
1.082693567936643433e+02 -2.633458770797673765e+00 3.501493878946775773e+00
1.081550659963938301e+02 -2.721134024878115731e+00 3.512786322197913425e+00
1.080626221072528637e+02 -2.810375147010908847e+00 3.523551917438391801e+00
1.079680990761336119e+02 -2.901013328115452872e+00 3.533891959317669862e+00
1.078921416791590957e+02 -2.993028422782491038e+00 3.543684861431058764e+00
1.078182536723278702e+02 -3.086474661964372146e+00 3.553031856753869899e+00
1.077596529495139919e+02 -3.181109231601437770e+00 3.561885579562067861e+00
1.077072730958433766e+02 -3.276986536733602406e+00 3.570272915387791901e+00
1.076669051434662521e+02 -3.374086780038592526e+00 3.578146433477873423e+00
1.076369125247472738e+02 -3.472167390843414303e+00 3.585607236781143570e+00
1.076230877761489211e+02 -3.571283005630454976e+00 3.592607827435157830e+00
1.076163674903360459e+02 -3.671339762989542788e+00 3.599174956788008917e+00
1.076151173692751399e+02 -3.772318150077176746e+00 3.605261057925897461e+00
1.076251322261100682e+02 -3.873975864548910852e+00 3.610967095731962839e+00
1.076522076363435616e+02 -3.976442078518179102e+00 3.616096865442004482e+00
1.076798548881005786e+02 -4.079474599472040275e+00 3.620825543757504317e+00
1.077212994345085235e+02 -4.183128417741670546e+00 3.625105420436521619e+00
1.077674824422201567e+02 -4.287235717944906099e+00 3.628963031935250161e+00
1.078242025426112320e+02 -4.391703008972995370e+00 3.632276310553097076e+00
1.078898307806800432e+02 -4.496362552983249827e+00 3.635220285121698591e+00
1.079627389646791187e+02 -4.601120928426375656e+00 3.637672812680401879e+00
1.080412996652533053e+02 -4.705810459091993359e+00 3.639660279208605242e+00
1.081313145646131915e+02 -4.810263493692788828e+00 3.641283315862387404e+00
1.082311577547656185e+02 -4.914312401979923806e+00 3.642493948228146650e+00
1.083317757360746043e+02 -5.017863854396900969e+00 3.643244163110615386e+00
1.084389724664250423e+02 -5.120824534766034830e+00 3.643634475342788726e+00
1.085511243087545949e+02 -5.222893142709485126e+00 3.643542510100140408e+00
1.086740367297233121e+02 -5.323954092480403411e+00 3.643142987266379418e+00
1.087986592470343368e+02 -5.423832373712961896e+00 3.642313453283214653e+00
1.089307988284164281e+02 -5.522360402923425227e+00 3.641154265558586012e+00
1.090614064885298120e+02 -5.619370591548896066e+00 3.639542891363422683e+00
1.092037190380512186e+02 -5.714665628974954004e+00 3.637579608778680473e+00
1.093414408852151354e+02 -5.808067314646413237e+00 3.635356702354536562e+00
1.094812832518341281e+02 -5.899563061502455241e+00 3.632711751218086427e+00
1.096301383536251137e+02 -5.989189098987555582e+00 3.629697191436065395e+00
1.097800424417620206e+02 -6.076996490682900820e+00 3.626365419302767457e+00
1.099378892013783116e+02 -6.163006560811316703e+00 3.622620224363056529e+00
1.101031446982411524e+02 -6.247270317675474693e+00 3.618439639965720378e+00
1.102752757263359058e+02 -6.329829080065158209e+00 3.613801659823950185e+00
1.104537498051019924e+02 -6.410718782388978632e+00 3.608832805100080421e+00
1.106306068263051259e+02 -6.489980371075680488e+00 3.603288139983967131e+00
1.108276008022809407e+02 -6.567650887284593786e+00 3.597368390332075894e+00
1.110219163602846351e+02 -6.643776091849025178e+00 3.590902825266661047e+00
1.112278805919284395e+02 -6.718393376833321717e+00 3.583869241834661601e+00
1.114449645979363339e+02 -6.791546024740140020e+00 3.576319681660799166e+00
1.116652118346992211e+02 -6.863254977564063886e+00 3.568306147614396462e+00
1.118955231611065955e+02 -6.933541118634474643e+00 3.559657753484581466e+00
1.121279434333861644e+02 -7.002388127661878237e+00 3.550426425190940094e+00
1.123768032519283651e+02 -7.069809332691328052e+00 3.540664050484281677e+00
1.126341488550752103e+02 -7.135795708453846586e+00 3.530348195664681832e+00
1.128994555151014794e+02 -7.200338158220885632e+00 3.519456389316673484e+00
1.131721991826171205e+02 -7.263472080709068912e+00 3.508040406056148530e+00
1.134518564808726353e+02 -7.325113943176623899e+00 3.496003416278965936e+00
1.137453330499433832e+02 -7.385388125634561263e+00 3.483397120438612937e+00
1.140446784895292893e+02 -7.444121789827923052e+00 3.470198898817747235e+00
1.143486285678236101e+02 -7.501439144052453933e+00 3.456460378823729140e+00
1.146640908842866224e+02 -7.557241455432571975e+00 3.442233151788020695e+00
1.149883168213339104e+02 -7.611578464229284080e+00 3.427420206274637060e+00
1.153207868965767915e+02 -7.664425530129232556e+00 3.412147345917682983e+00
1.156609822491276560e+02 -7.715683629044117531e+00 3.396317488743174184e+00
1.160083846305127224e+02 -7.765476483925016993e+00 3.379907801527830102e+00
1.163632192301324864e+02 -7.813704860559004040e+00 3.363118267165079889e+00
1.167249689951677851e+02 -7.860417981903315976e+00 3.345703133516010563e+00
1.170931174550761256e+02 -7.905516390910170443e+00 3.327862315825710571e+00
1.174671487105767227e+02 -7.949049081388053217e+00 3.309572845600130098e+00
1.178465474221549272e+02 -7.990916360863262291e+00 3.290737438024104122e+00
1.182315416331096287e+02 -8.031166981485569067e+00 3.271481626398087705e+00
1.186208742520269226e+02 -8.069775286444773599e+00 3.251782345066850155e+00
1.190147743799646349e+02 -8.106715490430069337e+00 3.231765063885297273e+00
1.194119859569786115e+02 -8.141887393121789884e+00 3.211332371176976341e+00
1.198119962533829153e+02 -8.175264943232905424e+00 3.190609675235588583e+00
1.202157786905293477e+02 -8.206896235592587630e+00 3.169648070817560281e+00
1.206213358160002258e+02 -8.236680657774451575e+00 3.148424339660973459e+00
1.210281562987049568e+02 -8.264666021299460041e+00 3.127063801528755960e+00
1.214357292434020366e+02 -8.290677141378640869e+00 3.105617464254042392e+00
1.218442870099422350e+02 -8.314910102255717916e+00 3.083987740808154410e+00
1.222510910220291436e+02 -8.337189419577139660e+00 3.062299867401178322e+00
1.226571172660219986e+02 -8.357562305884606246e+00 3.040604770078384700e+00
1.230603707590064460e+02 -8.376001534159813744e+00 3.018879065344849622e+00
1.234610853770054035e+02 -8.392479718968745672e+00 2.997247911316125890e+00
1.238572668276364226e+02 -8.407043597697478887e+00 2.975613590867668190e+00
1.242484068078381512e+02 -8.419591177873925858e+00 2.954175496832885717e+00
1.246342272907631923e+02 -8.430234961641376756e+00 2.932821053256804422e+00
1.250146275965845604e+02 -8.438757386369719171e+00 2.911749833359126072e+00
1.253897372861166559e+02 -8.445303947222585705e+00 2.890775159523683246e+00
1.257596861683521610e+02 -8.449648551351417680e+00 2.869858899997096646e+00
1.261268327875250037e+02 -8.451862067782393240e+00 2.849111469662438445e+00
1.264890788898304663e+02 -8.451792341379336548e+00 2.828420413318325721e+00
1.268480405906260557e+02 -8.449435608954924959e+00 2.807747540498115590e+00
1.272038485111923478e+02 -8.444787930984288593e+00 2.787128926296300602e+00
1.275566334307457907e+02 -8.437770906942571258e+00 2.766452061704015808e+00
1.279057834334319779e+02 -8.428231674267419038e+00 2.745752988478157075e+00
1.282529152305158107e+02 -8.416314324956983839e+00 2.724993449508447352e+00
1.285974171324150745e+02 -8.401865636758659051e+00 2.704135173209176735e+00
1.289394203710964746e+02 -8.384806490013476221e+00 2.683139874422417748e+00
1.292790562474731644e+02 -8.365280434115371477e+00 2.662043538836860623e+00
1.296164561139702300e+02 -8.343059419067127891e+00 2.640882140413833401e+00
1.299517513572472467e+02 -8.318286630201448872e+00 2.619543075322091852e+00
1.302850733810870736e+02 -8.290956503478140505e+00 2.598210863902933987e+00
1.306165535894625123e+02 -8.260989008917821508e+00 2.576698600106961834e+00
1.309463233697884732e+02 -8.228378217652336346e+00 2.555190787486510740e+00
1.312737712413408246e+02 -8.193192302081660827e+00 2.533574788647694032e+00
1.315997713439710708e+02 -8.155350685632120289e+00 2.511886527245677847e+00
1.319244549168710989e+02 -8.114921177137466302e+00 2.490161921964794800e+00
1.322464674475892821e+02 -8.071897120804619519e+00 2.468362604004640026e+00
1.325666828313947576e+02 -8.026271680288049382e+00 2.446524485075961319e+00
1.328844891805944428e+02 -7.978037839356368899e+00 2.424534907885220303e+00
1.332000173142432971e+02 -7.927262686152439564e+00 2.402504064639037207e+00
1.335133979079487005e+02 -7.874013130535496785e+00 2.380393580522380592e+00
1.338240186438605122e+02 -7.818207338003705154e+00 2.358165081691771636e+00
1.341312670308926442e+02 -7.759911864710567819e+00 2.335928763264848662e+00
1.344360160601429186e+02 -7.699267375043771011e+00 2.313646256290219583e+00
1.347376528503283453e+02 -7.636265792269574249e+00 2.291353479228852130e+00
1.350348214685036794e+02 -7.570973150259259654e+00 2.269012071916109097e+00
1.353291370910271212e+02 -7.503455311268164785e+00 2.246657963525716450e+00
1.356192433093419538e+02 -7.433703683773935644e+00 2.224401373519823366e+00
1.359045262912117380e+02 -7.361783790877551859e+00 2.202129678579120675e+00
1.361858576019766360e+02 -7.287909555253973437e+00 2.179953114547186654e+00
1.364618800157720955e+02 -7.212071883136180084e+00 2.157833359835804821e+00
1.367334645121242147e+02 -7.134410083369910005e+00 2.135880670340267518e+00
1.369992532523399404e+02 -7.054914734988440017e+00 2.113982462819305574e+00
1.372586309062331225e+02 -6.973799106350086596e+00 2.092323300291199839e+00
1.375124674738555086e+02 -6.891127739288369192e+00 2.070716341375721470e+00
1.377594040971490585e+02 -6.806890734312758262e+00 2.049420459671363215e+00
1.379995672219172036e+02 -6.721375169853485154e+00 2.028248842559865039e+00
1.382315972446328090e+02 -6.634570836006098205e+00 2.007386110552820124e+00
1.384563626745297711e+02 -6.546615937342272318e+00 1.986719766572526691e+00
1.386725031104780612e+02 -6.457648527730994736e+00 1.966360181256815665e+00
1.388801434031888391e+02 -6.367806512194382762e+00 1.946269176217807706e+00
1.390779223022497320e+02 -6.277153365290339515e+00 1.926482875304594833e+00
1.392667066184457383e+02 -6.185826700032356129e+00 1.907111705342122931e+00
1.394451342008623840e+02 -6.094186836838630050e+00 1.888191829849031667e+00
1.396133983993651100e+02 -6.002321526081392911e+00 1.869677526624129671e+00
1.397712304470172171e+02 -5.910120065368882791e+00 1.851641169583572388e+00
1.399206598875439909e+02 -5.817570603818561281e+00 1.833998964787648234e+00
1.400540589024498672e+02 -5.724586872030321238e+00 1.816964275236336412e+00
1.401831128646409752e+02 -5.631008184191663268e+00 1.800304786489440589e+00
1.403016785749281325e+02 -5.536822290726450824e+00 1.784159625824565110e+00
1.404110406407466769e+02 -5.441942529966662612e+00 1.768519378335813075e+00
1.405124831139074217e+02 -5.346207830371429992e+00 1.753226087536124078e+00
1.405998611284909146e+02 -5.249679846797913996e+00 1.738418956961176542e+00
1.406744575896513254e+02 -5.152122978288438127e+00 1.724088649730312506e+00
1.407375548118442055e+02 -5.053524354938684127e+00 1.710151572612382376e+00
1.407978628577446329e+02 -4.953870989788727641e+00 1.696598443582082449e+00
1.408418061261243963e+02 -4.853001214266977392e+00 1.683494292359605904e+00
1.408780934424514442e+02 -4.750976098203664399e+00 1.670755610431644778e+00
1.409080046472336960e+02 -4.647782318376123989e+00 1.658447485579167546e+00
1.409179622353711068e+02 -4.543332161120229529e+00 1.646560751877374829e+00
1.409241014475365716e+02 -4.437612092004783015e+00 1.635086273695697479e+00
1.409202718086013419e+02 -4.330608475057997175e+00 1.623940662683291292e+00
1.409003221688743963e+02 -4.222307575557651127e+00 1.613263412257765816e+00
1.408803857456697415e+02 -4.112769846385998740e+00 1.603045480562508507e+00
1.408394533124729548e+02 -4.001981363940957159e+00 1.593129290927836283e+00
1.407936566929681987e+02 -3.889928114618823152e+00 1.583728716841201534e+00
1.407368419509446085e+02 -3.776670281362418891e+00 1.574686247366591463e+00
1.406702827835952121e+02 -3.662267963269198123e+00 1.566067255600764652e+00
1.405878238137213714e+02 -3.546706895265110404e+00 1.557862865091385940e+00
1.404981656336070444e+02 -3.429972734848599547e+00 1.550138517262041438e+00
1.404025797478228128e+02 -3.312199632402020644e+00 1.542736837814137285e+00
1.402949085672216256e+02 -3.193373100551908372e+00 1.535797621648051559e+00
1.401764221038827429e+02 -3.073552868109793224e+00 1.529237848740855998e+00
1.400409612655147669e+02 -2.952650033059589507e+00 1.523123102045488064e+00
1.399046512518214342e+02 -2.830872767127185163e+00 1.517296150355994744e+00
1.397539030985881254e+02 -2.708132051373057347e+00 1.511896933193603632e+00
1.395899837754886619e+02 -2.584487380875437168e+00 1.506842576648245613e+00
1.394141594823684613e+02 -2.460072484948912841e+00 1.502124527737567661e+00
1.392351239967528898e+02 -2.335021047413365025e+00 1.497808554745507115e+00
1.390467136208290810e+02 -2.209540993914909102e+00 1.493886180544881537e+00
1.388427638801524608e+02 -2.083617361778087762e+00 1.490348966416005450e+00
1.386319662228210063e+02 -1.957532288425746225e+00 1.487188512350622327e+00
1.384081546176132349e+02 -1.831345030800375362e+00 1.484396457343188036e+00
1.381800189545866715e+02 -1.705189103345240875e+00 1.482038763171232842e+00
1.379413916441255310e+02 -1.579272282003904015e+00 1.480032864151642036e+00
1.376935326681810636e+02 -1.453579474233636759e+00 1.478444801399738218e+00
1.374451295811960279e+02 -1.328318424063487324e+00 1.477192089052867363e+00
1.371825841104517849e+02 -1.203548298639807390e+00 1.476266564995303288e+00
1.369071539090759870e+02 -1.079476826304792692e+00 1.475734391058773909e+00
1.366275242079509269e+02 -9.560888831583806979e-01 1.475438919195372067e+00
1.363449511177575744e+02 -8.336664816511796250e-01 1.475520676159578937e+00
1.360458332816439508e+02 -7.121945066365470423e-01 1.475897379136325904e+00
1.357462819800040847e+02 -5.920292709569600076e-01 1.476561069876786592e+00
1.354326943321010219e+02 -4.733042514751716334e-01 1.477503831301331561e+00
1.351210587530946157e+02 -3.561859491102500885e-01 1.478723228200212070e+00
1.347971641095261646e+02 -2.405272083187457166e-01 1.480238629145274931e+00
1.344689622224343850e+02 -1.264367561198586620e-01 1.482000601179186416e+00
1.341369758201510365e+02 -1.380049954231011081e-02 1.484108319724581238e+00
1.337942985434437162e+02 9.749561994562566669e-02 1.486586718071270630e+00
1.334414516514197828e+02 2.074913390489609988e-01 1.489460770849886817e+00
1.330789556769306898e+02 3.161520688025531989e-01 1.492606926974032966e+00
1.327147587827126074e+02 4.236660247824954872e-01 1.496198810578077021e+00
1.323345233665023670e+02 5.299985223401728618e-01 1.500112952895408247e+00
1.319536245191179376e+02 6.351891069122250766e-01 1.504448776649392805e+00
1.315577232289929270e+02 7.393515503736758365e-01 1.509157178389404663e+00
1.311547648406551616e+02 8.423767134370014897e-01 1.514337662324308553e+00
1.307378373103925639e+02 9.444525266364233174e-01 1.519941206110963616e+00
1.303148846143472213e+02 1.045321151829412099e+00 1.525993111135218738e+00
1.298789933547824091e+02 1.145170380814553690e+00 1.532444435255493564e+00
1.294381061685164980e+02 1.243890796956972356e+00 1.539394843034208149e+00
1.289853083335189297e+02 1.341521472917341029e+00 1.546795471427231838e+00
1.285285411776669662e+02 1.437952833420421017e+00 1.554671779966605438e+00
1.280608886856580568e+02 1.533372353113593212e+00 1.563049266909529278e+00
1.275828625578288609e+02 1.627596001953022231e+00 1.571879185363867171e+00
1.270949738681295855e+02 1.720662510197758399e+00 1.581187109898265941e+00
1.265977330725040702e+02 1.812684798444024858e+00 1.590998652622323650e+00
1.260990783676781177e+02 1.903552840719233696e+00 1.601190895742429454e+00
1.255846622988576371e+02 1.993379362665359977e+00 1.611938092116340204e+00
1.250624218700897927e+02 2.082054137755780854e+00 1.623117396752209451e+00
1.245328651522926293e+02 2.169541118599790597e+00 1.634754567322683316e+00
1.239890712924542555e+02 2.255952717801295027e+00 1.646801113137358330e+00
1.234389755737613967e+02 2.341252671365418259e+00 1.659282861609318260e+00
1.228830843744081562e+02 2.425256036174535890e+00 1.672151390694041728e+00
1.223219035275941167e+02 2.508149172039672692e+00 1.685432595321448623e+00
1.217485099812168983e+02 2.589746904266052585e+00 1.699152403304453607e+00
1.211708368587650995e+02 2.670161072821408688e+00 1.713262491232292017e+00
1.205819600686693320e+02 2.749280545518118846e+00 1.727714567354478259e+00
1.199898117158644339e+02 2.827142633277767381e+00 1.742460370948721193e+00
1.193874667115751436e+02 2.903635953924297297e+00 1.757600238681101601e+00
1.187828561853232685e+02 2.978797564046963497e+00 1.773011686436856138e+00
1.181690540951696988e+02 3.052515822891726849e+00 1.788646542662560623e+00
1.175465622899398284e+02 3.124901807822587863e+00 1.804605231190472558e+00
1.169233105209422803e+02 3.195769327799203641e+00 1.820839636540848350e+00
1.162997997534305767e+02 3.265229189437360624e+00 1.837227386727947831e+00
1.156691021788145974e+02 3.333169210576505836e+00 1.853794703062918714e+00
1.150317179276203348e+02 3.399625635921184497e+00 1.870493548934297978e+00
1.143881467319545351e+02 3.464560284705881177e+00 1.887275912591721561e+00
1.137463162887187025e+02 3.527860548910426886e+00 1.904168089923509832e+00
1.130992972220781780e+02 3.589636525528217437e+00 1.921122116721145856e+00
1.124475881476792409e+02 3.649849597355007358e+00 1.938090051446221596e+00
1.117991156863669460e+02 3.708312431333071757e+00 1.955023974490343264e+00
1.111469494273946310e+02 3.765208961456624426e+00 1.971875987430908417e+00
1.104915869933762025e+02 3.820277268676103066e+00 1.988672495785703598e+00
1.098409540547184093e+02 3.873626697902365024e+00 2.005291357754162895e+00
1.091953732197246154e+02 3.925142168968297263e+00 2.021770959861269201e+00
1.085470407772960328e+02 3.974777050585554417e+00 2.038048909355022698e+00
1.078954066846967663e+02 4.022483134082202483e+00 2.054223340292463451e+00
1.072473490068989719e+02 4.068212051610776037e+00 2.070318119882198715e+00
1.066023172315560572e+02 4.111989558369182340e+00 2.086282847720406508e+00
1.059597606349003911e+02 4.153841247869664244e+00 2.102215705532331391e+00
1.053191282975515009e+02 4.193643983760153127e+00 2.118140605896755790e+00
1.046724407702212289e+02 4.231423032717454902e+00 2.133932907973605353e+00
1.040265751405489993e+02 4.267203496384470718e+00 2.149765117747102217e+00
1.033809799985538120e+02 4.300861743368613155e+00 2.165661186237052060e+00
1.027351038031833497e+02 4.332496825821081643e+00 2.181496508723105965e+00
1.020883948986952277e+02 4.361984777554455128e+00 2.197369341479590954e+00
1.014403015311014826e+02 4.389350030755768017e+00 2.213303666985686480e+00
1.007902718646583082e+02 4.414616848252583381e+00 2.229249193143457486e+00
1.001377539983841700e+02 4.437809322856757888e+00 2.245304203001114107e+00
9.948962433283467988e+01 4.458728526275854698e+00 2.261418419956361614e+00
9.883790253586849417e+01 4.477546776629361069e+00 2.277541573972286848e+00
9.818946496013447245e+01 4.494139086502038083e+00 2.293846251293119032e+00
9.753633125851168018e+01 4.508528863616426463e+00 2.310133625629804843e+00
9.687794945123336277e+01 4.520813627071663454e+00 2.326576292387761757e+00
9.622862429242839255e+01 4.530867873160424608e+00 2.343049716344256517e+00
9.557294718481144002e+01 4.538788776298382288e+00 2.359652215362819661e+00
9.491036629725599028e+01 4.544524771515218831e+00 2.376259258572156696e+00
9.425518658073242761e+01 4.548098405056346216e+00 2.393043450074513245e+00
9.359199968259753177e+01 4.549457767563918509e+00 2.409805976611012923e+00
9.293511076421881967e+01 4.548773628365988309e+00 2.426719441771444608e+00
9.227654006467047054e+01 4.545919451332099293e+00 2.443659313653617104e+00
9.161573631698870201e+01 4.540991379858571264e+00 2.460575341554796847e+00
9.095957676322186103e+01 4.534025960122026078e+00 2.477640122152886093e+00
9.030008211851792055e+01 4.525007570088198428e+00 2.494654830659980949e+00
8.964412998673581967e+01 4.513979845519767942e+00 2.511792055018513103e+00
8.898374147382453714e+01 4.500978825673708883e+00 2.528852960045149700e+00
8.832579460296084051e+01 4.486070095997161999e+00 2.545935838120311434e+00
8.767716762793791929e+01 4.469289362364495588e+00 2.562990407338505694e+00
8.702245399605332921e+01 4.450687022311548446e+00 2.580040661179891615e+00
8.637596081323718522e+01 4.430328166260910194e+00 2.596962017165921566e+00
8.572228205517082245e+01 4.408240580386792118e+00 2.613852733534494099e+00
8.507572538214198232e+01 4.384496459874259067e+00 2.630662490890073535e+00
8.443574205013776179e+01 4.359152983611868315e+00 2.647340958371750652e+00
8.379064109829623419e+01 4.332287229018839447e+00 2.663912076319782773e+00
8.315101693709743813e+01 4.303974631494581260e+00 2.680251204933690623e+00
8.251483611399279994e+01 4.274288986166054904e+00 2.696456540952449021e+00
8.188229402545131563e+01 4.243295021364575703e+00 2.712477699312469070e+00
8.125284358815197550e+01 4.211074399755992737e+00 2.728189995823923297e+00
8.062742375509999704e+01 4.177705663773925160e+00 2.743691580358649240e+00
8.000623102135004672e+01 4.143282065711094475e+00 2.758932018520312113e+00
7.939020510461166680e+01 4.107933854889915359e+00 2.773786574334981658e+00
7.877880045049948876e+01 4.071761424696185294e+00 2.788353343455413302e+00
7.817295758273006356e+01 4.034879884929716276e+00 2.802507551347222847e+00
7.757287460792177569e+01 3.997396779062903249e+00 2.816272970010178067e+00
7.697868056159622085e+01 3.959383658013944984e+00 2.829606151113983614e+00
7.639171259161987848e+01 3.920790796787695154e+00 2.842491962005343709e+00
7.581026745337534578e+01 3.881517626026564027e+00 2.854996615168412077e+00
7.523487086268769986e+01 3.841508018275767711e+00 2.867037732538014083e+00
7.466604899962938191e+01 3.800676007045716620e+00 2.878755762270266416e+00
7.410284284716816217e+01 3.758942931170385027e+00 2.889993993495265645e+00
7.354503670476955790e+01 3.716230009103574261e+00 2.900892823620022209e+00
7.299315819675497607e+01 3.672443484901571242e+00 2.911444056609806985e+00
7.244699261044925720e+01 3.627615769595059714e+00 2.921565185801100917e+00
7.190632573924452231e+01 3.581548883125750482e+00 2.931322243734256983e+00
7.137094389048669996e+01 3.534341869991808327e+00 2.940706950986501589e+00
7.084286239828648490e+01 3.485945101037282168e+00 2.949785282533321507e+00
7.032038295090796964e+01 3.436383126788662423e+00 2.958474616613834929e+00
6.980477911343690778e+01 3.385531829799008463e+00 2.966766584628096393e+00
6.929658215995407033e+01 3.333489845032873600e+00 2.974801354046863633e+00
6.879483824566435146e+01 3.280132861742742545e+00 2.982496210324244945e+00
6.830007975400602049e+01 3.225485043890490733e+00 2.989842690351125931e+00
6.781283963346272969e+01 3.169570466067487935e+00 2.996832298414752849e+00
6.733216573422672013e+01 3.112413116434563420e+00 3.003530789182272454e+00
6.685859215485945128e+01 3.053888332670825267e+00 3.009855316693551330e+00
6.639191074362037170e+01 2.994094222452896581e+00 3.015871567890966887e+00
6.593191393973457082e+01 2.933054532423787553e+00 3.021645195153906283e+00
6.547839477946735087e+01 2.870644367680782238e+00 3.027018965350640300e+00
6.503188973704932607e+01 2.806961612289400776e+00 3.032058460432645486e+00
6.459219306034655972e+01 2.742029798285524400e+00 3.036754943024042142e+00
6.415984244643910017e+01 2.675872392200468131e+00 3.041173923046092575e+00
6.373389054187925495e+01 2.608587081596390522e+00 3.045306590351854137e+00
6.331487628791533240e+01 2.540122927602006087e+00 3.049069814385929167e+00
6.290333925534987003e+01 2.470651785478645390e+00 3.052528994371734861e+00
6.249833397917157640e+01 2.400048323166838582e+00 3.055675208503727980e+00
6.210040130309930362e+01 2.328410008878578186e+00 3.058499497169477888e+00
6.170859704367894949e+01 2.255834263675569051e+00 3.061067146191376764e+00
6.132420616934803803e+01 2.182344181063668120e+00 3.063220552575436351e+00
6.094628579395506307e+01 2.108037097106408186e+00 3.065099208806808750e+00
6.057463652024934930e+01 2.032936026540374197e+00 3.066694001631996347e+00
6.020980244298211659e+01 1.957063949410219106e+00 3.067921495377385011e+00
5.985009981160509795e+01 1.880518097716163517e+00 3.068772498788929770e+00
5.949755971295915913e+01 1.803395675069171755e+00 3.069386348387696639e+00
5.915124255821757515e+01 1.725793859861547208e+00 3.069605207326014273e+00
5.881095225984913810e+01 1.647884091953090602e+00 3.069568333296480489e+00
5.847649339809282054e+01 1.569614941857839563e+00 3.069192093920965814e+00
5.814915689216073247e+01 1.491232098471452217e+00 3.068541384186956211e+00
5.782726299088665911e+01 1.412758387776544167e+00 3.067532492378325149e+00
5.751210395336429571e+01 1.334365193590834275e+00 3.066304517545383135e+00
5.720200136881820896e+01 1.256149610307723208e+00 3.064699384961330875e+00
5.689824883650228315e+01 1.178208729658843934e+00 3.062781830629926816e+00
5.660065495487346965e+01 1.100639643985529270e+00 3.060616550784057033e+00
5.630754332053590616e+01 1.023613733023451378e+00 3.058193918405034850e+00
5.602020953695267735e+01 9.472281001896062369e-01 3.055429983259791982e+00
5.573772136745085959e+01 8.715798593855572651e-01 3.052389322460931531e+00
5.545996350789391016e+01 7.968066636415158666e-01 3.049058968689851934e+00
5.518711505339661016e+01 7.228368669254812140e-01 3.045413029771184554e+00
5.492017202606005100e+01 6.497136524710745986e-01 3.041496636282862820e+00
5.465790259675316776e+01 5.772573767549066259e-01 3.037280595999637622e+00
5.440130409154765090e+01 5.055112738361560165e-01 3.032661394019146250e+00
5.415063164753403413e+01 4.343700411683272256e-01 3.027758326912327824e+00
5.390614104339927337e+01 3.638769769311753777e-01 3.022542085365571118e+00
5.366808869462548159e+01 2.939268493381805292e-01 3.016909037851994935e+00
5.343673164833940348e+01 2.245630339572592671e-01 3.010978364824411280e+00
5.321158474279761919e+01 1.556060994998681724e-01 3.004646357897327036e+00
5.299290627161723677e+01 8.724807913101374768e-02 2.997957837570503159e+00
5.278169797763625581e+01 1.930963872004896886e-02 2.990883302946671485e+00
5.257673370636428700e+01 -4.816565188035645817e-02 2.983467498975736820e+00
5.237975924441040831e+01 -1.152084496048331186e-01 2.975680849703204345e+00
5.218954963225036892e+01 -1.817750679533389480e-01 2.967493742040232529e+00
5.200710900209444532e+01 -2.479703243068867025e-01 2.958876526045423283e+00
5.183121356016808079e+01 -3.137504027538989271e-01 2.949948082225923862e+00
5.166286858904523882e+01 -3.792199849675879086e-01 2.940604404335404709e+00
5.150233709949586824e+01 -4.442608295947461094e-01 2.930815733708977078e+00
5.134839698718606371e+01 -5.089031867063665837e-01 2.920700843105185740e+00
5.120279803434377186e+01 -5.732217978720073326e-01 2.910081336045092115e+00
5.106357638585429015e+01 -6.371947545254575962e-01 2.899150198703617232e+00
5.093174005562158868e+01 -7.008000635837932091e-01 2.887803248770659970e+00
5.080755474241122727e+01 -7.640007878608118252e-01 2.876010553362085886e+00
5.069054382065863251e+01 -8.267821849830365721e-01 2.863890712935722949e+00
5.058023116615759562e+01 -8.890997061561203285e-01 2.851413727709833701e+00
5.047762681664046625e+01 -9.509458485911453929e-01 2.838549565111660122e+00
5.038225562208419461e+01 -1.012268440984230633e+00 2.825416727241146564e+00
5.029438574007991747e+01 -1.073059781112456923e+00 2.811910833832227397e+00
5.021280012095058254e+01 -1.133297206487515751e+00 2.798076040254312780e+00
5.013851067297499497e+01 -1.192965376926835575e+00 2.783956471011427070e+00
5.007104407727854323e+01 -1.252048843790340316e+00 2.769596220261412611e+00
5.000992744782129051e+01 -1.310539475986028712e+00 2.754890785345265325e+00
4.995468832126852021e+01 -1.368414172644453641e+00 2.739958484848864728e+00
4.990485464679691319e+01 -1.425657145966045869e+00 2.724694758152193419e+00
4.986144044589452307e+01 -1.482267347440475946e+00 2.709217867023219650e+00
4.982323162693237606e+01 -1.538199038987432488e+00 2.693497478698947845e+00
4.978975731491327394e+01 -1.593424931951085588e+00 2.677503233498343516e+00
4.976128984107442932e+01 -1.647919842822197278e+00 2.661353312449520114e+00
4.973735906239750193e+01 -1.701649548881303486e+00 2.645017303915845996e+00
4.971749518615212793e+01 -1.754585643144104257e+00 2.628539054753277426e+00
4.970197159439864976e+01 -1.806686961807301817e+00 2.611888103968597274e+00
4.968957632835075344e+01 -1.857936724398008055e+00 2.595108250400687488e+00
4.968058341787261156e+01 -1.908288305291705678e+00 2.578243269907066093e+00
4.967452436575810282e+01 -1.957709802364985485e+00 2.561262632562712582e+00
4.967018813704312663e+01 -2.006161750572130753e+00 2.544284353880791993e+00
4.966859248837097596e+01 -2.053611977348593687e+00 2.527277861527383429e+00
4.966852694706054194e+01 -2.100020744688530172e+00 2.510286846564636853e+00
4.966878130534838220e+01 -2.145348176347400937e+00 2.493354980694491907e+00
4.967111694960116353e+01 -2.189561685118135870e+00 2.476451633512317230e+00
4.967296404225949402e+01 -2.232639349677548957e+00 2.459685516562187146e+00
4.967522649049463013e+01 -2.274572618849939776e+00 2.442979928447907678e+00
4.967819113060014757e+01 -2.315348748853882199e+00 2.426248944274174146e+00
4.968214500873981621e+01 -2.354962281364987309e+00 2.409629474162248375e+00
4.968737536973654301e+01 -2.393437327845072460e+00 2.392961279529911778e+00
4.969342681076093271e+01 -2.430723571984154230e+00 2.376306958412813586e+00
4.970132977504109562e+01 -2.466770552614200085e+00 2.359580528761637375e+00
4.971062920031552324e+01 -2.501698515240667664e+00 2.342770279764332830e+00
4.972161301237710518e+01 -2.535330425515812447e+00 2.325864489162837501e+00
4.973456927843044895e+01 -2.567786236859736171e+00 2.308925707578563635e+00
4.974978619538647706e+01 -2.598888622102137891e+00 2.292016475836033518e+00
4.976755207806678527e+01 -2.628757241223629304e+00 2.274976475283926547e+00
4.978741251229453013e+01 -2.657288756617827818e+00 2.257868229640464186e+00
4.980965601296951917e+01 -2.684453966938141090e+00 2.240754255317324972e+00
4.983457117697937377e+01 -2.710297806990613623e+00 2.223622778749106743e+00
4.986244667104889317e+01 -2.734865064179340166e+00 2.206387737225025347e+00
4.989282838447828539e+01 -2.758051811503419160e+00 2.189037346724875821e+00
4.992600508687439032e+01 -2.779902541622108370e+00 2.171634102748425388e+00
4.996152274570371787e+01 -2.800461599957366321e+00 2.154091930635355645e+00
4.999967018387084039e+01 -2.819624617847984904e+00 2.136547603902493098e+00
5.004073623215427347e+01 -2.837584213774742903e+00 2.118766477045370245e+00
5.008426688157891249e+01 -2.854161442098531065e+00 2.100959604883418486e+00
5.013055094080895202e+01 -2.869474344893390594e+00 2.083040908348514630e+00
5.017913435339298189e+01 -2.883417967789243974e+00 2.064998592806058575e+00
5.023030585507015644e+01 -2.896110061396427238e+00 2.046895148858382196e+00
5.028435412597160337e+01 -2.907519664251917213e+00 2.028793069639908797e+00
5.034008210777691517e+01 -2.917615670332105893e+00 2.010532001101092980e+00
5.039852116603680798e+01 -2.926366829609690523e+00 1.992248727310888867e+00
5.045921690224742662e+01 -2.933964599167220300e+00 1.973931470219756346e+00
5.052171481111383144e+01 -2.940228875832493927e+00 1.955494173932912583e+00
5.058630310281392894e+01 -2.945350831908481570e+00 1.937073639483518850e+00
5.065252702022750242e+01 -2.949224364405741650e+00 1.918583824573077301e+00
5.071993166129029618e+01 -2.951966080365029388e+00 1.900087261831174823e+00
5.078954763643992720e+01 -2.953543880200598881e+00 1.881572209046973310e+00
5.086017688096453071e+01 -2.954074092617335889e+00 1.862952649899699775e+00
5.093136398267024134e+01 -2.953450058056934058e+00 1.844365428690505126e+00
5.100413900457884608e+01 -2.951862114226489808e+00 1.825873117045528016e+00
5.107730329759662169e+01 -2.949203329142394026e+00 1.807315447615103432e+00
5.115114366356761622e+01 -2.945589486765203269e+00 1.788829299286514019e+00
5.122520383827441748e+01 -2.941136237663591224e+00 1.770477280357743322e+00
5.129902731470053112e+01 -2.935736249732963543e+00 1.752247729214710947e+00
5.137290016646701218e+01 -2.929504910491815384e+00 1.734128998501935026e+00
5.144636536638269320e+01 -2.922557477911429391e+00 1.716183739284239396e+00
5.151970844529270721e+01 -2.914860514804400005e+00 1.698474618194413033e+00
5.159172897601537500e+01 -2.906454740782534074e+00 1.680915751069492980e+00
5.166271190267674740e+01 -2.897529317266966498e+00 1.663495554090616002e+00
5.173219902510378887e+01 -2.888050431541020480e+00 1.646425311411658488e+00
5.179973182356229700e+01 -2.878058432383401755e+00 1.629544907754088889e+00
5.186559428374881975e+01 -2.867667831749719731e+00 1.612917097033282010e+00
5.192858438194370052e+01 -2.856918739507248617e+00 1.596530368946292189e+00
5.198904727049524155e+01 -2.845901175075768119e+00 1.580515470046891746e+00
5.204757516319939725e+01 -2.834608014294449863e+00 1.564829280251128774e+00
5.210259325663076169e+01 -2.822933479321231509e+00 1.549422370480789235e+00
5.215624054680654353e+01 -2.810771681270438194e+00 1.534245333250058962e+00
5.220694147057795931e+01 -2.798165189248014162e+00 1.519397350227389865e+00
5.225460574274471526e+01 -2.785082181931391343e+00 1.504829058774460826e+00
5.230062834829263352e+01 -2.771342166210856828e+00 1.490565402994822541e+00
5.234417535980862368e+01 -2.756987396901611209e+00 1.476482783759794248e+00
5.238589810544799974e+01 -2.741985744988296503e+00 1.462680476746711422e+00
5.242496182197854893e+01 -2.726304983435850815e+00 1.449183498946986504e+00
5.246201698832697247e+01 -2.709912789550740442e+00 1.435868325674034773e+00
5.249622797922496176e+01 -2.692702463891222475e+00 1.422834308578637241e+00
5.252898723437861861e+01 -2.674790066740375671e+00 1.410032258631583657e+00
5.255945824265661770e+01 -2.656068719602798556e+00 1.397487297118689797e+00
5.258754687682058915e+01 -2.636431458271098816e+00 1.385150289115537614e+00
5.261315855341643299e+01 -2.615994085937724201e+00 1.372972127461897340e+00
5.263694106299713127e+01 -2.594723758330513608e+00 1.361126583733191842e+00
5.265879889554722126e+01 -2.572513269904974642e+00 1.349416040676358675e+00
5.267789323622757536e+01 -2.549403907081334353e+00 1.337865760677503513e+00
5.269487046645833317e+01 -2.525362600504172050e+00 1.326575319196050540e+00
5.270963365511000376e+01 -2.500430494850087726e+00 1.315421471185270308e+00
5.272208539004410000e+01 -2.474574384658518422e+00 1.304503852528887453e+00
5.273212777487183445e+01 -2.447909567706014311e+00 1.293773562940983446e+00
5.274040526097406456e+01 -2.420328430389016461e+00 1.283256016876451300e+00
5.274607613964894171e+01 -2.391946151660163000e+00 1.272976660421619055e+00
5.274978387965592219e+01 -2.362803571963365545e+00 1.262960971677239863e+00
5.275142861979792741e+01 -2.332867196199878368e+00 1.253234461130946498e+00
5.275165283683528372e+01 -2.302177763718050052e+00 1.243674105013813369e+00
5.274887000344845944e+01 -2.270775967811673013e+00 1.234379763163056865e+00
5.274372159664363835e+01 -2.238628175231850648e+00 1.225377045350508842e+00
5.273759142614374440e+01 -2.205849279719870104e+00 1.216543028106386926e+00
5.272814862286008974e+01 -2.172479854533690080e+00 1.207977672545359038e+00
5.271677598793701236e+01 -2.138411871985301804e+00 1.199632407154506808e+00
5.270337014654079866e+01 -2.103834407499353354e+00 1.191458695085133579e+00
5.268782721703719574e+01 -2.068713658140270972e+00 1.183556601430466371e+00
5.267004281027843149e+01 -2.033090079665813121e+00 1.175877659473705927e+00
5.264991202904577250e+01 -1.997152673069573670e+00 1.168373437935994241e+00
5.262807230266995617e+01 -1.960867570102751811e+00 1.161144108208737036e+00
5.260441771672566347e+01 -1.924275170310624228e+00 1.154067027052273708e+00
5.257809901292426247e+01 -1.887490144048923346e+00 1.147316721307970910e+00
5.254975209422833871e+01 -1.850552868483319235e+00 1.140770620055672868e+00
5.252001235498519094e+01 -1.813503714082529639e+00 1.134454755788615543e+00
5.248728617618236569e+01 -1.776531614598131581e+00 1.128320914047738377e+00
5.245369360612302501e+01 -1.739528369007155018e+00 1.122469484052575073e+00
5.241689717577314411e+01 -1.702682912470378396e+00 1.116852324795678975e+00
5.237901591983153082e+01 -1.666035618235298443e+00 1.111347048630274559e+00
5.233919702740114133e+01 -1.629701151039499862e+00 1.106128438848199114e+00
5.229658718316221666e+01 -1.593645619475793085e+00 1.101074181705308686e+00
5.225256107367714264e+01 -1.558132279855427349e+00 1.096210567461527896e+00
5.220700721365462016e+01 -1.523127271010639605e+00 1.091638206882741491e+00
5.215977352263623601e+01 -1.488793511112966206e+00 1.087162066622664236e+00
5.211054704197028542e+01 -1.455041011443589216e+00 1.082964379440281233e+00
5.205971705647586134e+01 -1.421976568131938068e+00 1.079080300890851607e+00
5.200692952137853808e+01 -1.389484154347397915e+00 1.075322172832178014e+00
5.195257273461173497e+01 -1.357522056991195214e+00 1.071948074845216148e+00
5.189554883418139042e+01 -1.326122879348309747e+00 1.068770422080554061e+00
5.183624514089740387e+01 -1.295096409698837991e+00 1.065824516635822228e+00
5.177430565612838365e+01 -1.264549608426114524e+00 1.063219980384007446e+00
5.171085956990945931e+01 -1.234366626058689187e+00 1.060843620775256291e+00
5.164406425403358725e+01 -1.204505939808590220e+00 1.058805131642317043e+00
5.157504794570576934e+01 -1.175000356068048646e+00 1.056991391954747117e+00
5.150270990604110466e+01 -1.145808445869760384e+00 1.055437883079609618e+00
5.142743459908535897e+01 -1.116888830823046019e+00 1.054180121503940581e+00
5.134960602588709122e+01 -1.088125902013371782e+00 1.053179375039234422e+00
5.126886489382716405e+01 -1.059701239885390445e+00 1.052471229513316064e+00
5.118559429125576798e+01 -1.031499348561879303e+00 1.052091304935000027e+00
5.109869118724379433e+01 -1.003479075663783249e+00 1.052000971639395654e+00
5.100853777674807077e+01 -9.757478980888228959e-01 1.052161633419398390e+00
5.091625865089400094e+01 -9.481162232413422597e-01 1.052609010638786202e+00
5.082000662740201591e+01 -9.207659427684100617e-01 1.053304572820005669e+00
5.072164827160763423e+01 -8.935818832197450767e-01 1.054358388727184348e+00
5.062007838727702591e+01 -8.665975092139974745e-01 1.055657708412452989e+00
5.051493419801536078e+01 -8.399206420564516717e-01 1.057312663773730232e+00
5.040808102384473699e+01 -8.133620443155380464e-01 1.059210567067057740e+00
5.029766960777159568e+01 -7.871039734032253543e-01 1.061387327931706981e+00
5.018407880299407253e+01 -7.610316320790685429e-01 1.063804602381183351e+00
5.006842991009439459e+01 -7.351788714603527675e-01 1.066572642795864612e+00
4.994961534441280548e+01 -7.095796259806335105e-01 1.069504596380459915e+00
4.982801281887387290e+01 -6.842679153213884202e-01 1.072785056147009142e+00
4.970399968185984818e+01 -6.591292793064121858e-01 1.076301508841627896e+00
4.957721009032467663e+01 -6.342721972813082365e-01 1.080015751895750498e+00
4.944802068819331708e+01 -6.096566724347918242e-01 1.083963892855070554e+00
4.931606494486309344e+01 -5.853170841066510643e-01 1.088182065296869894e+00
4.918171883400006550e+01 -5.612136225490402808e-01 1.092557861236503447e+00
4.904461517242268798e+01 -5.374551411656038891e-01 1.097127464541171715e+00
4.890661496931300434e+01 -5.140763077001565540e-01 1.101927083321680323e+00
4.876660759032183279e+01 -4.910376058967123591e-01 1.106918665820397996e+00
4.862496777715919194e+01 -4.685224711325126079e-01 1.112064183298439479e+00
4.848206998713332894e+01 -4.464173074855584678e-01 1.117399912917824922e+00
4.833828840287967665e+01 -4.248314737983625022e-01 1.122887870111618946e+00
4.819399694221831254e+01 -4.037258676718397665e-01 1.128490091457634126e+00
4.804882643310510559e+01 -3.832843444431151547e-01 1.134242917548753837e+00
4.790315029376419176e+01 -3.633194505889650316e-01 1.140034141850349902e+00
4.775659887281797467e+01 -3.439409766284272085e-01 1.145974427575287002e+00
4.761103079965131712e+01 -3.251845409460722425e-01 1.151951606029423036e+00
4.746459031455052013e+01 -3.070858745846292148e-01 1.158002093483024186e+00
4.731839279433021517e+01 -2.895322554832749362e-01 1.164013756518436971e+00
4.717355342268772489e+01 -2.727824941902425304e-01 1.170097328899353473e+00
4.702821586059911851e+01 -2.566498164810808724e-01 1.176140709911959181e+00
4.688498060709598292e+01 -2.413189829811459852e-01 1.182106097730665217e+00
4.674264773610128287e+01 -2.267465640831209939e-01 1.188036689038410643e+00
4.660190132187742762e+01 -2.130159841327837478e-01 1.193928212171362357e+00
4.646259637479602134e+01 -2.000567626707249191e-01 1.199783109182976482e+00
4.632384494032495326e+01 -1.878728239248466936e-01 1.205603834935248475e+00
4.618550177961282088e+01 -1.765424976328562046e-01 1.211467139957415728e+00
4.604816437999651413e+01 -1.659213857965840255e-01 1.217301219295012338e+00
4.591094446040031585e+01 -1.561623479045624874e-01 1.223182845876743530e+00
4.577369648684410919e+01 -1.471955170592433304e-01 1.229040235861649899e+00
4.563627484780251820e+01 -1.390254345703278993e-01 1.234994752108015348e+00
4.549927669955995668e+01 -1.315824834707930713e-01 1.240982057668187366e+00
4.536181347140411191e+01 -1.249457394822100775e-01 1.247019535755204522e+00
4.522373938090399292e+01 -1.190458373985064516e-01 1.253124577247624272e+00
4.508565144404077074e+01 -1.140363889275601700e-01 1.259299723346396505e+00
4.494666098018903710e+01 -1.097739984373375666e-01 1.265547521632408579e+00
4.480810779721824133e+01 -1.062639641686499020e-01 1.271885382123524977e+00
4.466910319123615380e+01 -1.036602783664773431e-01 1.278315863229468885e+00
4.452950129649807565e+01 -1.018199263296179491e-01 1.284834099457125900e+00
4.438989909512739018e+01 -1.008228709257290301e-01 1.291457514165612386e+00
4.425015075669681153e+01 -1.006006350093258256e-01 1.298181248817685596e+00
4.411011048279444680e+01 -1.012334352949800509e-01 1.305007875732343114e+00
4.396963251647244419e+01 -1.027273316459310221e-01 1.311939969084719548e+00
4.382857115160415162e+01 -1.049399433006710236e-01 1.318965247554159337e+00
4.368752357717393409e+01 -1.079518660478201858e-01 1.326086287072078429e+00
4.354560138137453862e+01 -1.117695378121471572e-01 1.333305663466544555e+00
4.340414473581348176e+01 -1.163252381847214162e-01 1.340618523455229916e+00
4.326152255932842650e+01 -1.216999383952546004e-01 1.348027440687216139e+00
4.311907520708830788e+01 -1.277518831998373794e-01 1.355520130031602655e+00
4.297665746925520125e+01 -1.345622912323099496e-01 1.363091731965701658e+00
4.283338141473506511e+01 -1.420639367651640728e-01 1.370737383560353129e+00
4.269058773991706346e+01 -1.503382829308837487e-01 1.378452217813675107e+00
4.254738876707894235e+01 -1.592440633598520838e-01 1.386223934632877963e+00
4.240438262798505065e+01 -1.689372657882817763e-01 1.394055085215532452e+00
4.226142476720303165e+01 -1.792025795675718514e-01 1.401933357977712680e+00
4.211911362046608787e+01 -1.901219461611239614e-01 1.409839006232258551e+00
4.197656211783161240e+01 -2.017031405501095165e-01 1.417774560916907012e+00
4.183511186696328821e+01 -2.138054865944609695e-01 1.425720259819336144e+00
4.169461898608739148e+01 -2.265855568580503743e-01 1.433663760304478840e+00
4.155419694702344913e+01 -2.398286198445044870e-01 1.441600138640957818e+00
4.141518792321612352e+01 -2.536914737301545486e-01 1.449509604277329000e+00
4.127744862246751012e+01 -2.679596099981422230e-01 1.457379784220812713e+00
4.114009312974681620e+01 -2.827157635727433060e-01 1.465205722366773156e+00
4.100446425499945491e+01 -2.978942103704347311e-01 1.472952737078919938e+00
4.087041936565762512e+01 -3.135036163293187239e-01 1.480615847325331247e+00
4.073707322922565766e+01 -3.294784688834104802e-01 1.488167773563838558e+00
4.060576936086303590e+01 -3.457533589033941479e-01 1.495610935534650077e+00
4.047562302064033446e+01 -3.622629790953803552e-01 1.502910596453316039e+00
4.034797823101428094e+01 -3.790906893666609045e-01 1.510054289162967134e+00
4.022195077392152740e+01 -3.961713811399998342e-01 1.517014673738960262e+00
4.009888520808650725e+01 -4.132914756429115766e-01 1.523786678602382150e+00
3.997789786594252348e+01 -4.306089066808403976e-01 1.530335501437614765e+00
3.986028452966661462e+01 -4.479929466279203298e-01 1.536653967105764185e+00
3.974565823965561862e+01 -4.654876151537105100e-01 1.542748893883094663e+00
3.963358299464545098e+01 -4.831528292124392387e-01 1.548625012601766215e+00
3.952436593451258773e+01 -5.010188801367464473e-01 1.554294462670217314e+00
3.941831451182342505e+01 -5.191087167960753979e-01 1.559761934787750493e+00
3.931499366327167166e+01 -5.374602287290406455e-01 1.565039527071360403e+00
3.921396865104635054e+01 -5.560965307991363460e-01 1.570131887793470904e+00
3.911554790407820548e+01 -5.750482462782361415e-01 1.575043643183011266e+00
3.901929735408069178e+01 -5.943535048563630685e-01 1.579786825239676951e+00
3.892552611155782927e+01 -6.140356555786218307e-01 1.584366014511267018e+00
3.883380080157041192e+01 -6.341106931618156750e-01 1.588785767936156557e+00
3.874443123945659551e+01 -6.545872559403180801e-01 1.593043190000223541e+00
3.865698476629980718e+01 -6.754889088428402966e-01 1.597157645660481018e+00
3.857177192433790225e+01 -6.968318562485635859e-01 1.601126189782157816e+00
3.848910362713305489e+01 -7.186249398753968842e-01 1.604953280094656209e+00
3.840854832957141696e+01 -7.408770650004600222e-01 1.608643348413060226e+00
3.833041770275989535e+01 -7.636120550132708962e-01 1.612200800227026498e+00
3.825428096864236949e+01 -7.868240791498050113e-01 1.615630014307144924e+00
3.818045057452584956e+01 -8.105147920626505353e-01 1.618927913978772448e+00
3.810849652731448600e+01 -8.346859032733224826e-01 1.622098823464568129e+00
3.803873206764352233e+01 -8.593391749588851214e-01 1.625109897443162366e+00
3.797147083873468887e+01 -8.844689913726653252e-01 1.628054544433069406e+00
3.790554122001663018e+01 -9.100846416506537251e-01 1.630870149179934669e+00
3.784125767068307056e+01 -9.361806041511014920e-01 1.633516352777639957e+00
3.777967789790641007e+01 -9.627291158301231055e-01 1.636027050853518849e+00
3.771963151975570128e+01 -9.897247400545905460e-01 1.638510393320097069e+00
3.766143424311369614e+01 -1.017132365847596143e+00 1.640777366632501177e+00
3.760540219618948754e+01 -1.044931775673299645e+00 1.642936061596417252e+00
3.755185193085095108e+01 -1.073110214756491265e+00 1.645020255661356012e+00
3.749961475467167560e+01 -1.101647532038675825e+00 1.646989412744044312e+00
3.745049374294286793e+01 -1.130508749471597962e+00 1.648802966571613737e+00
3.740332106009665125e+01 -1.159666344699327611e+00 1.650494604041858215e+00
3.735841497124125965e+01 -1.189092820327369626e+00 1.652023698092637050e+00
3.731535133823073380e+01 -1.218745844830028791e+00 1.653498158100112025e+00
3.727444929061951484e+01 -1.248597963548312428e+00 1.654803012272919371e+00
3.723602839130283115e+01 -1.278606882875473527e+00 1.655971825086842042e+00
3.719892296689086209e+01 -1.308745181234828969e+00 1.657038130217055372e+00
3.716419628302034539e+01 -1.338970593246546326e+00 1.657961146987494194e+00
3.713068353415307854e+01 -1.369240863987696510e+00 1.658774347341880340e+00
3.709944885343814747e+01 -1.399498889843867389e+00 1.659436888818430322e+00
3.707007113706595192e+01 -1.429695001105498964e+00 1.659982181547767999e+00
3.704212971356484019e+01 -1.459772102807410432e+00 1.660295037751063907e+00
3.701669001286848726e+01 -1.489680528964785644e+00 1.660557372772919926e+00
3.699258938998361401e+01 -1.519370611754965239e+00 1.660653937091024268e+00
3.697015129868324124e+01 -1.548777822346722566e+00 1.660543733869634497e+00
3.694969961980640960e+01 -1.577852481829987052e+00 1.660334302513899685e+00
3.693155865939313287e+01 -1.606530045343823598e+00 1.659984584722124401e+00
3.691382464153110021e+01 -1.634738527957256826e+00 1.659453491563030791e+00
3.689830838627151621e+01 -1.662420787253630960e+00 1.658774187060165106e+00
3.688384979191676649e+01 -1.689504807467704595e+00 1.657905521278007388e+00
3.687079627480110844e+01 -1.715960408487318567e+00 1.656880343341999406e+00
3.685958139331448535e+01 -1.741805954072273677e+00 1.655656172287106820e+00
3.684917487782961842e+01 -1.767079353697309063e+00 1.654338809937311083e+00
3.684077537025532223e+01 -1.791811062067294458e+00 1.652736894100628406e+00
3.683409624547832095e+01 -1.816016648351282514e+00 1.651030450224415080e+00
3.682959411282956808e+01 -1.839741363882552161e+00 1.649102340013388623e+00
3.682624030723072650e+01 -1.863008141321395028e+00 1.647058246095083778e+00
3.682523506037516370e+01 -1.885839877338127968e+00 1.644780971160281435e+00
3.682555048647384410e+01 -1.908266858615087713e+00 1.642301855638218733e+00
3.682913042316976515e+01 -1.930311902819123793e+00 1.639652210861620052e+00
3.683346207687598195e+01 -1.951990356297567120e+00 1.636863319243992310e+00
3.684049003851698956e+01 -1.973317520149193260e+00 1.633817867459267159e+00
3.684993076360240138e+01 -1.994323504671859704e+00 1.630621364146304098e+00
3.686150107246236729e+01 -2.015023513736783567e+00 1.627305006098431761e+00
3.687491814527343337e+01 -2.035432699294116077e+00 1.623677111465540168e+00
3.688989951695392477e+01 -2.055566159209411214e+00 1.619917387989008750e+00
3.690764874198342937e+01 -2.075438935133083529e+00 1.615982665204574564e+00
3.692788404894804444e+01 -2.095043725353615383e+00 1.611829745180865414e+00
3.694958117009221610e+01 -2.114395452838960132e+00 1.607489686261356354e+00
3.697394467582827815e+01 -2.133494121462572668e+00 1.602993519809960965e+00
3.700069379390821211e+01 -2.152339670719865428e+00 1.598297966965544603e+00
3.702880523863493067e+01 -2.170939402134359320e+00 1.593434005913156648e+00
3.705948454504083145e+01 -2.189293120654210334e+00 1.588432588657195943e+00
3.709170905271155760e+01 -2.207400561141700468e+00 1.583176074301912539e+00
3.712668490980711766e+01 -2.225246529855228417e+00 1.577769646859428443e+00
3.716339005668251616e+01 -2.242830616076940675e+00 1.572169898043168201e+00
3.720228839468565951e+01 -2.260144905333627108e+00 1.566481961594416328e+00
3.724310127465915343e+01 -2.277181406064364477e+00 1.560588096097325295e+00
3.728555032544777958e+01 -2.293932047984294620e+00 1.554519102830146160e+00
3.732935744728888494e+01 -2.310388680495397029e+00 1.548380042612894414e+00
3.737573047516251279e+01 -2.326543071144684838e+00 1.541978818656767780e+00
3.742364899687713375e+01 -2.342379475779972076e+00 1.535494728460451652e+00
3.747283568629402595e+01 -2.357882065454274034e+00 1.528884196176062193e+00
3.752301346134071025e+01 -2.373049781728760355e+00 1.522177907017367993e+00
3.757464831199015265e+01 -2.387874050272919657e+00 1.515257957162947644e+00
3.762820645810824516e+01 -2.402323922863446537e+00 1.508229271691859275e+00
3.768192583717016220e+01 -2.416405502934088290e+00 1.501122471009452841e+00
3.773701594214757193e+01 -2.430080232519066907e+00 1.493893871295756570e+00
3.779245796896848475e+01 -2.443324317899419285e+00 1.486574051971575550e+00
3.784871898420124126e+01 -2.456113871794736614e+00 1.479193572669653900e+00
3.790552341246463186e+01 -2.468424912303019969e+00 1.471708690218341609e+00
3.796333869889102886e+01 -2.480218505187291367e+00 1.464149926145204228e+00
3.802114679639404926e+01 -2.491477904660798437e+00 1.456547783685337105e+00
3.807867266301851572e+01 -2.502178839066376614e+00 1.448932748304217810e+00
3.813638425414970357e+01 -2.512282081652476684e+00 1.441335288232366896e+00
3.819400684460866557e+01 -2.521770591496127256e+00 1.433711571508981208e+00
3.825126585576185789e+01 -2.530627227668763801e+00 1.426092033544268611e+00
3.830788684754734419e+01 -2.538827320146917366e+00 1.418432810682574319e+00
3.836359551044538563e+01 -2.546346097467179437e+00 1.410838591288426258e+00
3.841886049242086187e+01 -2.553151257723915712e+00 1.403265482325034119e+00
3.847198125407129510e+01 -2.559231292796695811e+00 1.395739243672372343e+00
3.852446551576137068e+01 -2.564583893740224774e+00 1.388192871366972447e+00
3.857565179408858569e+01 -2.569190402550343588e+00 1.380777582589501895e+00
3.862636436536808304e+01 -2.573158338898519748e+00 1.373273165055420852e+00
3.867594191723624419e+01 -2.576335125474993326e+00 1.365830812670513206e+00
3.872520888042213727e+01 -2.578828072102657298e+00 1.358378858148096224e+00
3.877350408029106177e+01 -2.580670099611963142e+00 1.350919907662225805e+00
3.882090923353944589e+01 -2.581745456014011175e+00 1.343456557993775169e+00
3.886899177481985390e+01 -2.582161133727764568e+00 1.335991397183727614e+00
3.891634783817640653e+01 -2.581949735323590733e+00 1.328452721687963800e+00
3.896305925876902165e+01 -2.580995189812921975e+00 1.320843104042899840e+00
3.900995072941660879e+01 -2.579329886488880508e+00 1.313239393528773391e+00
3.905636128708917454e+01 -2.577060391292721686e+00 1.305569866327395356e+00
3.910237280955313821e+01 -2.574070312711058239e+00 1.297837076696160663e+00
3.914881000694953883e+01 -2.570466002736352618e+00 1.290043574132669457e+00
3.919501190831064719e+01 -2.566205139338218366e+00 1.282117620539256153e+00
3.924106035824437555e+01 -2.561245293490637120e+00 1.274210324899315516e+00
3.928703717354144942e+01 -2.555692496237773170e+00 1.266175659424715993e+00
3.933376696986010757e+01 -2.549429821281012476e+00 1.258164728238757135e+00
3.937984581331929945e+01 -2.542563086132586747e+00 1.250031500016493435e+00
3.942609822237827899e+01 -2.535049434780975108e+00 1.241852793159399226e+00
3.947260581950951774e+01 -2.526920188415972213e+00 1.233556858936288636e+00
3.951870732301839695e+01 -2.518132278681300740e+00 1.225294799644985444e+00
3.956596987901483686e+01 -2.508716814977637100e+00 1.216994868241727756e+00
3.961224637314171559e+01 -2.498704801299006295e+00 1.208585319487854637e+00
3.965836093778899851e+01 -2.488127136612990675e+00 1.200142977588340987e+00
3.970513760404886483e+01 -2.476866048277709176e+00 1.191670386311762364e+00
3.975117178876561752e+01 -2.465100793521045386e+00 1.183170093113864896e+00
3.979728729688464739e+01 -2.452713391927631825e+00 1.174570366249333420e+00
3.984356497362968952e+01 -2.439734327004003056e+00 1.165948045886557427e+00
3.988934269686201617e+01 -2.426193979767446773e+00 1.157305694200045032e+00
3.993395820455099710e+01 -2.412122629383969485e+00 1.148720162967818981e+00
3.997897759238379933e+01 -2.397550453850795016e+00 1.140045460146062339e+00
4.002299546121822260e+01 -2.382433247221316996e+00 1.131358451460849679e+00
4.006683475498222435e+01 -2.366800987382834620e+00 1.122661726966894147e+00
4.010983257837200000e+01 -2.350683553372414636e+00 1.113957885110609558e+00
4.015206869485380281e+01 -2.334036442738646411e+00 1.105323816785017454e+00
4.019362268466975507e+01 -2.316963622959453684e+00 1.096687855366396125e+00
4.023383110295193887e+01 -2.299420398388695386e+00 1.088126911260164809e+00
4.027277314302244804e+01 -2.281510545269089807e+00 1.079569338418518987e+00
4.031052779472989300e+01 -2.263189178771458643e+00 1.071092068869849312e+00
4.034717383792612821e+01 -2.244411321095322265e+00 1.062697762722464523e+00
4.038278983606011252e+01 -2.225354753118085060e+00 1.054389092170187503e+00
4.041596845983945485e+01 -2.205900031065211930e+00 1.046168741987445916e+00
4.044753065618762378e+01 -2.186150472260993460e+00 1.038039410016348585e+00
4.047755430209777927e+01 -2.166060738894584503e+00 1.030003807645945901e+00
4.050537419870957478e+01 -2.145733973353252111e+00 1.022138943786204512e+00
4.053106773556057618e+01 -2.125124665579859684e+00 1.014373274824321269e+00
4.055396921486285322e+01 -2.104261504991346676e+00 1.006783839090993338e+00
4.057415551600651327e+01 -2.083247381932460840e+00 9.992991232992293194e-01
4.059248501756700733e+01 -2.062026571001331465e+00 9.919918969333741954e-01
4.060774303419252362e+01 -2.040577680105786218e+00 9.848434619884849361e-01
4.062023920428963919e+01 -2.018943555027826076e+00 9.779051205896533983e-01
4.063028288751605999e+01 -1.997092681696699179e+00 9.711539084693412427e-01
4.063818315987991525e+01 -1.974919187842109736e+00 9.644925953802175878e-01
4.064350597394588505e+01 -1.952539978693765166e+00 9.579725360085047381e-01
4.064655982424785918e+01 -1.929923321193551811e+00 9.516451033677961746e-01
4.064765290775933693e+01 -1.906888845753896167e+00 9.454874056884295941e-01
4.064635028449736609e+01 -1.883627532565759211e+00 9.394765703048522099e-01
4.064295954333425698e+01 -1.859958878394902593e+00 9.335154605309711195e-01
4.063778796286995032e+01 -1.835999449954681229e+00 9.277298100409024917e-01
4.062965683741299472e+01 -1.811642901266333983e+00 9.220968057201016643e-01
4.062035848329780663e+01 -1.786931393075128716e+00 9.165193715242108130e-01
4.060871355498799318e+01 -1.761832744270555695e+00 9.110490193355705868e-01
4.059428521664092671e+01 -1.736314717338994118e+00 9.056629987971974716e-01
4.057886480873556678e+01 -1.710419303836982152e+00 9.004128646516147416e-01
4.056127199961273533e+01 -1.684114159375980968e+00 8.952016265593214506e-01
4.054106895745486128e+01 -1.657441172634232851e+00 8.901551669292167013e-01
4.052004601733012379e+01 -1.630367900374114942e+00 8.851022567107547090e-01
4.049627899812745113e+01 -1.602936136483155138e+00 8.802431072175848081e-01
4.047081471505784123e+01 -1.575039063514541260e+00 8.754808188974483318e-01
4.044395680194816833e+01 -1.546866955760432427e+00 8.707927991280407509e-01
4.041452287377821051e+01 -1.518238629796409001e+00 8.661564789885680682e-01
4.038355869951230659e+01 -1.489195714575461515e+00 8.616235970267080990e-01
4.035136685985121119e+01 -1.459854086502431647e+00 8.571716325081989440e-01
4.031676391020533856e+01 -1.430106737507401915e+00 8.528523726662027293e-01
4.028005171894090353e+01 -1.399995194644050978e+00 8.485690624277080207e-01
4.024153179562461702e+01 -1.369560955171594596e+00 8.442992551440943183e-01
4.020076245444272445e+01 -1.338771205138963971e+00 8.402433798080856109e-01
4.015878731787162081e+01 -1.307667388474956782e+00 8.361561897317913994e-01
4.011442114029999573e+01 -1.276290925568133838e+00 8.322381647655413550e-01
4.006870681707913207e+01 -1.244683215345402605e+00 8.283926764496873929e-01
4.002120120845287943e+01 -1.212885637345689327e+00 8.245974056916353101e-01
3.997146080881704933e+01 -1.180865270285218038e+00 8.209786264203414730e-01
3.992052741613571243e+01 -1.148663461123570428e+00 8.174397882129768034e-01
3.986721395633951914e+01 -1.116321543614675171e+00 8.139586504310818427e-01
3.981256149315720450e+01 -1.083880840351937769e+00 8.106615658359583865e-01
3.975612505283061893e+01 -1.051382664804503708e+00 8.074520631756290090e-01
3.969745929416529151e+01 -1.018794039841375954e+00 8.043822647831819772e-01
3.963760417874038211e+01 -9.862305502555707148e-01 8.013557526388628283e-01
3.957611363113040426e+01 -9.536592107602047674e-01 7.984989859407749524e-01
3.951254120943789871e+01 -9.211213184912746543e-01 7.957156001341314511e-01
3.944644010593775363e+01 -8.887324549917193783e-01 7.930578244539523425e-01
3.937959165295914232e+01 -8.563853541740715780e-01 7.905779149362049951e-01
3.931006264365376524e+01 -8.242698887989690082e-01 7.881795874148425085e-01
3.923963368337662416e+01 -7.923530879068949595e-01 7.858408680173226690e-01
3.916711367575335601e+01 -7.606762727655220768e-01 7.836883766410686070e-01
3.909205399925918556e+01 -7.293550587950871078e-01 7.817001929035308772e-01
3.901623417888413314e+01 -6.983565069742727616e-01 7.797801395909421673e-01
3.893771920770799966e+01 -6.677962597515539889e-01 7.779806330983509710e-01
3.885827783370022814e+01 -6.376269115622232864e-01 7.763536822672968407e-01
3.877666685043269723e+01 -6.079659361311843258e-01 7.748753025598398292e-01
3.869311830563612631e+01 -5.786934794103234525e-01 7.735211016828481556e-01
3.860786389894223447e+01 -5.497639928041739843e-01 7.722667135440870467e-01
3.852113498444523998e+01 -5.212062350113193521e-01 7.712363651243521190e-01
3.843241973839138836e+01 -4.929747068488090078e-01 7.702571753172595681e-01
3.834120599706953669e+01 -4.650982200745995554e-01 7.694534227920062364e-01
3.824846692987593855e+01 -4.374570486853951445e-01 7.688008448094333369e-01
3.815368970237597779e+01 -4.100800647198968307e-01 7.682752040466991339e-01
3.805710398468580280e+01 -3.829218895322963334e-01 7.679265719084144015e-01
3.795819628487107167e+01 -3.559371790633175103e-01 7.676564778171049985e-01
3.785719562258512383e+01 -3.291549090986487514e-01 7.675150430108461652e-01
3.775358786274484402e+01 -3.025298100070182850e-01 7.674781298134344398e-01
3.764834422446475770e+01 -2.760909354750591960e-01 7.675959084074729377e-01
3.754094994494780479e+01 -2.497930972185694320e-01 7.678442895882441332e-01
3.743088995365397409e+01 -2.236654336898858952e-01 7.682734915187063862e-01
3.731987738161876678e+01 -1.977371282631952554e-01 7.687851889635028968e-01
3.720591088561815951e+01 -1.719631274048687708e-01 7.694296470323374049e-01
3.709070300290192534e+01 -1.463727093356784748e-01 7.702571539005318435e-01
3.697299464056638385e+01 -1.209952021691969443e-01 7.711694535221467195e-01
3.685375492543877129e+01 -9.571141853068179661e-02 7.722911628534252504e-01
3.673320986879400607e+01 -7.062507467564600738e-02 7.734795004404313445e-01
3.661009953625048752e+01 -4.576565806723639773e-02 7.748368422838767255e-01
3.648539222791674774e+01 -2.101414544154902794e-02 7.763244473174114590e-01
3.635931314340943032e+01 3.599861635066233748e-03 7.779333091486653196e-01
3.623060155203976507e+01 2.797241874279926543e-02 7.796692990382227961e-01
3.610022497323964785e+01 5.222237111524100084e-02 7.815234521725338279e-01
3.596840784184819029e+01 7.631993464741511357e-02 7.834942523831782690e-01
3.583463151358095899e+01 1.002352614461824304e-01 7.855727751096482914e-01
3.569911994062795202e+01 1.239384384016299495e-01 7.877649721083166412e-01
3.556283967727637219e+01 1.474737692880982443e-01 7.900693860549297121e-01
3.542452854550580099e+01 1.707369228836501662e-01 7.924697218427488865e-01
3.528440981587609571e+01 1.937720656365876926e-01 7.949794163276665548e-01
3.514344937833062943e+01 2.165490098453840273e-01 7.975896395153356799e-01
3.500112724301093436e+01 2.391117793830939975e-01 8.002990075963674066e-01
3.485766605128068818e+01 2.613557579426321054e-01 8.030912975251076613e-01
3.471254541167897401e+01 2.833991053365090829e-01 8.059577316952366566e-01
3.456673041105197086e+01 3.050627718022441703e-01 8.089044059101779816e-01
3.441970028055885678e+01 3.264647648821749626e-01 8.119151472472890818e-01
3.427167690689937984e+01 3.475001638037188423e-01 8.149886554197715016e-01
3.412213916846079798e+01 3.682125359287173882e-01 8.181087889815147340e-01
3.397205144663104903e+01 3.885710852229301571e-01 8.212742783290379878e-01
3.382163512700074648e+01 4.085449347765849892e-01 8.244838685969646530e-01
3.367036860567746004e+01 4.281031258645597304e-01 8.277288908987036065e-01
3.351921580070848705e+01 4.472146170494457063e-01 8.310006902624921254e-01
3.336765481836120273e+01 4.659225668308965562e-01 8.342906252119904886e-01
3.321516362958367807e+01 4.840471988269174908e-01 8.375900673415680453e-01
3.306344858151777544e+01 5.016315020253170331e-01 8.409052575867353996e-01
3.291198739381377436e+01 5.186440960559328683e-01 8.442127356871298449e-01
3.276100050521966267e+01 5.351277975239911999e-01 8.475113381972615434e-01
3.260992487402155859e+01 5.509828032213019977e-01 8.507806752561293262e-01
3.245952088158972515e+01 5.662819265889366127e-01 8.540274138393749714e-01
3.230902260689222061e+01 5.810296436483718407e-01 8.572687069982456443e-01
3.215840687416043409e+01 5.951560581746742074e-01 8.604994326775520230e-01
3.200765042445013364e+01 6.088140352706072900e-01 8.637293349979752177e-01
3.185747275726743766e+01 6.218592164607981143e-01 8.669607387307944890e-01
3.170636479708342392e+01 6.344442873706793717e-01 8.702108338686458389e-01
3.155578874513589227e+01 6.464247094126268633e-01 8.734745333888379593e-01
3.140423540586643725e+01 6.578787040565032829e-01 8.767541861636227729e-01
3.125316687376721347e+01 6.688844021217399405e-01 8.800670048145303737e-01
3.110107385983589978e+01 6.792969931155776742e-01 8.834079234601895925e-01
3.094941837843663279e+01 6.892687096419288784e-01 8.867867389618049323e-01
3.079669107376700410e+01 6.986545593178066227e-01 8.901983970117692824e-01
3.064361107170275034e+01 7.075323092717669127e-01 8.936601333701414962e-01
3.049089748139559219e+01 7.159796356610558243e-01 8.971594748940143749e-01
3.033704089687152816e+01 7.238512732318533871e-01 9.007062374665525395e-01
3.018276041385269792e+01 7.312989999467283120e-01 9.043028120697821359e-01
3.002877513135260656e+01 7.381773691160677942e-01 9.079441642552197322e-01
2.987357565326641407e+01 7.446379776100471304e-01 9.116326903122206060e-01
2.971862394020511289e+01 7.506094815728273639e-01 9.153782167334159059e-01
2.956315347097193680e+01 7.560947307029837194e-01 9.191682862771888285e-01
2.940639775427835190e+01 7.610964850593351372e-01 9.230052991808223029e-01
2.924981884044827751e+01 7.656174154061581305e-01 9.268842275705632128e-01
2.909265031788233102e+01 7.697343870968662571e-01 9.308148999725566197e-01
2.893561149478055583e+01 7.733756099827571173e-01 9.347922873718669257e-01
2.877719323059615419e+01 7.766177728733338892e-01 9.388039310231039991e-01
2.861885778776709088e+01 7.793889100098234657e-01 9.428596553126260549e-01
2.845983899307315212e+01 7.816912520884846671e-01 9.469469971196121660e-01
2.830085641926615025e+01 7.836012268078241805e-01 9.510757753819878424e-01
2.814188688646925840e+01 7.850466089388987712e-01 9.552260921114947845e-01
2.798290730364369594e+01 7.861036549428500608e-01 9.594077586653965151e-01
2.782389467499368152e+01 7.866999695974413731e-01 9.636157251181025618e-01
2.766482610633135053e+01 7.868373571693439983e-01 9.678375080884465964e-01
2.750567881139952675e+01 7.865918221064797100e-01 9.720829036221453334e-01
2.734791578819668345e+01 7.858907192498070238e-01 9.763245598761406407e-01
2.718928598002792185e+01 7.848098885888914467e-01 9.805722601128219473e-01
2.703125263192618633e+01 7.833508055258083802e-01 9.848134953955881565e-01
2.687453628661662464e+01 7.815148651742999109e-01 9.890357491434247361e-01
2.671762912051868000e+01 7.793033831813230838e-01 9.932413533419328644e-01
2.656125195988402510e+01 7.767175965730191978e-01 9.974177746599492966e-01
2.640538294661375929e+01 7.738329481273404920e-01 1.001559899025388445e+00
2.625000037912859696e+01 7.705762367605029084e-01 1.005655174457668499e+00
2.609582555316096730e+01 7.669484689520578158e-01 1.009691038959016574e+00
2.594283709739075761e+01 7.630991431883178411e-01 1.013662348414241743e+00
2.579027097904577914e+01 7.588805499116135778e-01 1.017563947798700186e+00
2.563959184951227854e+01 7.543677570251242637e-01 1.021375814044995778e+00
2.549003603960219166e+01 7.496060469948255811e-01 1.025092769020318650e+00
2.534158290497215305e+01 7.445663477814574716e-01 1.028709622411644986e+00
2.519495483134110714e+01 7.392789442015119672e-01 1.032198886270177640e+00
2.504938873452706360e+01 7.337666238544987563e-01 1.035562773067909337e+00
2.490557635505542322e+01 7.280389506004885103e-01 1.038791946270339883e+00
2.476334260649197105e+01 7.220825111609000535e-01 1.041875483139896419e+00
2.462248156671979871e+01 7.158855274927911072e-01 1.044835481292373691e+00
2.448278753308356315e+01 7.094213005352617563e-01 1.047679167179607740e+00
2.434479786194027540e+01 7.026853531560892652e-01 1.050406324093380306e+00
2.420756446798282369e+01 6.956731463197264320e-01 1.053016720179080323e+00
2.407236800363190099e+01 6.883577952786559262e-01 1.055532393159505977e+00
2.393751801799436763e+01 6.807346409404065879e-01 1.057945651565767253e+00
2.380503847608394707e+01 6.727841094052234849e-01 1.060263644530880622e+00
2.367323941242739238e+01 6.645088550296213148e-01 1.062493504790705590e+00
2.354340245000318887e+01 6.558891916604689953e-01 1.064642348394581051e+00
2.341458095863522715e+01 6.469128073948312574e-01 1.066709846074726631e+00
2.328731423353977803e+01 6.375970510125987811e-01 1.068703079675270118e+00
2.316065615849805326e+01 6.279146498787812058e-01 1.070621685188947847e+00
2.303588938410331366e+01 6.178828515739410721e-01 1.072465280853067027e+00
2.291206832058081488e+01 6.074891418414958277e-01 1.074240895253766981e+00
2.278973331572868943e+01 5.967358161610479828e-01 1.075955538737900286e+00
2.266793931747959334e+01 5.856102678408348083e-01 1.077601346482601752e+00
2.254797005153166722e+01 5.741221312835866897e-01 1.079185291674083613e+00
2.242813817852362845e+01 5.622809984710316344e-01 1.080706900242250690e+00
2.231047081145288047e+01 5.500815638187024348e-01 1.082173107353946229e+00
2.219328116746279633e+01 5.375333391516560200e-01 1.083575972162155177e+00
2.207711124992307816e+01 5.246383702471423272e-01 1.084929819364281567e+00
2.196324618010405061e+01 5.113986667962033827e-01 1.086219240564336275e+00
2.184925718859546606e+01 4.978236323823678200e-01 1.087451092545421938e+00
2.173717280199609903e+01 4.839226377760544318e-01 1.088632212046398262e+00
2.162605049392400502e+01 4.696975942442325747e-01 1.089754558895382752e+00
2.151643369627488767e+01 4.551652402753318949e-01 1.090817500901021253e+00
2.140812329510432122e+01 4.403422865661005270e-01 1.091820385349209444e+00
2.130017763143612797e+01 4.252231326703012071e-01 1.092762538856497212e+00
2.119388384202284925e+01 4.098244388106098146e-01 1.093643267229891247e+00
2.108830084971138774e+01 3.941554141977410830e-01 1.094469283683334959e+00
2.098397353894028328e+01 3.782475321601199147e-01 1.095224995309381777e+00
2.088070425089654947e+01 3.621099617782989055e-01 1.095924501410116658e+00
2.077903845365895208e+01 3.457592830278600760e-01 1.096552166580894605e+00
2.067877907210622368e+01 3.292269168762167464e-01 1.097107190704244006e+00
2.057898648774227013e+01 3.125294136315225346e-01 1.097596180498785268e+00
2.048094987849136217e+01 2.956907397453199526e-01 1.098018292724810774e+00
2.038447304314216169e+01 2.787274228646024476e-01 1.098357805747171234e+00
2.028936007084201520e+01 2.616634102841841059e-01 1.098628689557114457e+00
2.019541534042145159e+01 2.445300706965506943e-01 1.098815178898036260e+00
2.010318635462541437e+01 2.273587675881072467e-01 1.098923771652569936e+00
2.001173523413088517e+01 2.101660042804997242e-01 1.098938658684228020e+00
1.992235289165285650e+01 1.929883389126710314e-01 1.098873722240305773e+00
1.983410202066760775e+01 1.758459872532663337e-01 1.098713109109277219e+00
1.974678843428166530e+01 1.587695664817294350e-01 1.098448372339907886e+00
1.966096106389843357e+01 1.417919257135382138e-01 1.098093327918326478e+00
1.957642628773732696e+01 1.249488905349335766e-01 1.097632056301782066e+00
1.949373359935700023e+01 1.082755505155451881e-01 1.097063472514834492e+00
1.941194710096161558e+01 9.180626088313389999e-02 1.096386469452947932e+00
1.933161898742808305e+01 7.556578680470556197e-02 1.095593276472879518e+00
1.925256747634329457e+01 5.953827588330912191e-02 1.094686676897489663e+00
1.917535603926821963e+01 4.369828893670132941e-02 1.093662790568182608e+00
1.909906274906720114e+01 2.802634450514897291e-02 1.092525143662431253e+00
1.902499445299391923e+01 1.250587482323002077e-02 1.091284668748169873e+00
1.895148692540096036e+01 -2.879818226694552587e-03 1.089922563097548869e+00
1.887984754574982915e+01 -1.814793297392627847e-02 1.088457143914993042e+00
1.880989828619881621e+01 -3.331527501895948512e-02 1.086884421621906904e+00
1.874071854429504569e+01 -4.839899855027611497e-02 1.085207813355426376e+00
1.867361648067318214e+01 -6.341430205822483346e-02 1.083415858026543388e+00
1.860767200643622132e+01 -7.837435257515278086e-02 1.081519358191412428e+00
1.854345095574586821e+01 -9.328805571548254294e-02 1.079521666781664058e+00
1.848077657814789276e+01 -1.081680025775407783e-01 1.077418687246958662e+00
1.841947237093364720e+01 -1.230237828175735210e-01 1.075206302059063646e+00
1.835936207641398354e+01 -1.378664402715345794e-01 1.072887801227129456e+00
1.830101251415559105e+01 -1.527069859193133650e-01 1.070466454123646827e+00
1.824424790808084040e+01 -1.675526823666441401e-01 1.067938081321453625e+00
1.818889271858117596e+01 -1.824040711849352070e-01 1.065313339842734797e+00
1.813477163954432214e+01 -1.972572001192392510e-01 1.062580581616812347e+00
1.808245243034556182e+01 -2.121095644943688241e-01 1.059757852151604673e+00
1.803101740767755956e+01 -2.269586202938173036e-01 1.056833463961798447e+00
1.798177761751924919e+01 -2.417995544266899610e-01 1.053825423611261192e+00
1.793381582176754918e+01 -2.566312262029583624e-01 1.050722005161459194e+00
1.788770067008248787e+01 -2.714487378012722663e-01 1.047533748883375804e+00
1.784325819146946657e+01 -2.862501186252010554e-01 1.044256319775872077e+00
1.780031462589851188e+01 -3.010311243220149535e-01 1.040892792895219410e+00
1.775869642083460320e+01 -3.157889498446414533e-01 1.037453653642702811e+00
1.771823022770383105e+01 -3.305199998562590169e-01 1.033927084659716611e+00
1.767948573331900164e+01 -3.452213733328208245e-01 1.030323536233507919e+00
1.764228998616464139e+01 -3.598886340132307349e-01 1.026638584857938241e+00
1.760572739266499553e+01 -3.745175178979129327e-01 1.022875218603656489e+00
1.757111105348526792e+01 -3.890963553323431579e-01 1.019036409094261186e+00
1.753752574951411347e+01 -4.036123098448284874e-01 1.015132540189610078e+00
1.750554211305286856e+01 -4.180522685949465966e-01 1.011159123274348204e+00
1.747424528371033858e+01 -4.324035842778860550e-01 1.007119082653757713e+00
1.744420624442797418e+01 -4.466519942786745245e-01 1.003022755904307450e+00
1.741599614728471579e+01 -4.607854825297406642e-01 9.988656091784692270e-01
1.738795780420642600e+01 -4.747910101754821977e-01 9.946579509659373430e-01
1.736140552785481361e+01 -4.886532519148500953e-01 9.903952190571226888e-01
1.733616811712060368e+01 -5.023575665272173030e-01 9.860951226627451272e-01
1.731133168772117514e+01 -5.158914817520690033e-01 9.817382159837221289e-01
1.728746817277808034e+01 -5.292380080075662629e-01 9.773496104389531869e-01
1.726440681317474457e+01 -5.423838088340265928e-01 9.729172631904049462e-01
1.724123415292010719e+01 -5.553147431667304623e-01 9.684514043254716098e-01
1.721926537454396922e+01 -5.680136361388756772e-01 9.639548238384582080e-01
1.719833011920028909e+01 -5.804580499099798452e-01 9.594303003652292494e-01
1.717751531685441435e+01 -5.926269685404134124e-01 9.548880299194540955e-01
1.715665085143091417e+01 -6.044881691814983915e-01 9.503307695794200871e-01
1.713630955584899596e+01 -6.160294205587396599e-01 9.457686945769744336e-01
1.711632153694653979e+01 -6.272198549897729514e-01 9.412045419863325213e-01
1.709654318143773111e+01 -6.380488615030748267e-01 9.366465788845956819e-01
1.707693567882123631e+01 -6.485053418089156141e-01 9.320880792518254632e-01
1.705748648813738910e+01 -6.586133100467497226e-01 9.275278478523164560e-01
1.703892599173208922e+01 -6.683744278096176439e-01 9.229572528551303057e-01
1.702049898488935042e+01 -6.777977171264166767e-01 9.183750829257355530e-01
1.700219317556928189e+01 -6.869069884231560064e-01 9.137801192668971728e-01
1.698473917903030284e+01 -6.957036984128752710e-01 9.091562793092109462e-01
1.696738200733904733e+01 -7.041966631683567179e-01 9.045023305029953331e-01
1.695085240402162086e+01 -7.123946294745784336e-01 8.998170340084722385e-01
1.693513833351069309e+01 -7.203062745627226704e-01 8.950991450862203491e-01
1.691948497564230181e+01 -7.279327775256099198e-01 8.903474134873724521e-01
1.690462322520681582e+01 -7.352826758158821363e-01 8.855605838435683941e-01
1.689054118133331883e+01 -7.423495800252136734e-01 8.807225393561425308e-01
1.687722697696258578e+01 -7.491493154980485292e-01 8.758543006373477047e-01
1.686392593826262143e+01 -7.556827804755851252e-01 8.709397425971014961e-01
1.685211191916713602e+01 -7.619433743742102250e-01 8.659775932838200685e-01
1.684103028566635984e+01 -7.679467111477306096e-01 8.609740059231072440e-01
1.683066925035546646e+01 -7.736860491802941553e-01 8.559277026060859717e-01
1.682027419684528269e+01 -7.791694330652753075e-01 8.508374030284245881e-01
1.681131901434048004e+01 -7.844048369656667630e-01 8.457092532293233322e-01
1.680304908198960234e+01 -7.893927363579202883e-01 8.405345409295346126e-01
1.679545260351261504e+01 -7.941261081591803883e-01 8.353194093211614435e-01
1.678926060176017288e+01 -7.986201442885397794e-01 8.300700007560481986e-01
1.678297557320984268e+01 -8.028676817586412051e-01 8.247776004342391998e-01
1.677807132777843080e+01 -8.068837730029442268e-01 8.194409218438206688e-01
1.677305030330561308e+01 -8.106611160323843324e-01 8.140735355003515528e-01
1.676938624048777271e+01 -8.142071964768918813e-01 8.086592992346520736e-01
1.676632433249169551e+01 -8.175294312069570912e-01 8.032117853841793664e-01
1.676310972487705087e+01 -8.206203119866080087e-01 7.977297110809176139e-01
1.676121601558187635e+01 -8.234871192589064970e-01 7.922117953412955993e-01
1.675988823974949327e+01 -8.261296375102701317e-01 7.866641878057624160e-01
1.675911420487558345e+01 -8.285550124161645824e-01 7.810930407777133544e-01
1.675813881587904319e+01 -8.307628946154274052e-01 7.754970812621834186e-01
1.675843541039921547e+01 -8.327528685644149942e-01 7.698973247554158350e-01
1.675850590889773528e+01 -8.345244530694855278e-01 7.642850771811968702e-01
1.675982349021761308e+01 -8.360771018474609795e-01 7.586813620803042335e-01
1.676088990682676183e+01 -8.374250608140023644e-01 7.530774941951662305e-01
1.676243532552325277e+01 -8.385602269470645576e-01 7.474945066575184871e-01
1.676370414792901897e+01 -8.394892906790570875e-01 7.419162962206683476e-01
1.676616918132387468e+01 -8.402263082131122829e-01 7.363713354953458357e-01
1.676758895424566731e+01 -8.407629888135876861e-01 7.308435331282154834e-01
1.676943606263346709e+01 -8.411132656234219240e-01 7.253465176840259154e-01
1.677169732063852337e+01 -8.412687263022533557e-01 7.198939246221552901e-01
1.677361659172962760e+01 -8.412506122408901499e-01 7.144771116210453243e-01
1.677518045491752119e+01 -8.410503925445544926e-01 7.091023007020004210e-01
1.677637536599858237e+01 -8.406891916420407007e-01 7.037905785987834673e-01
1.677718765391777112e+01 -8.401583633121627592e-01 6.985481837230087532e-01
1.677760351722532661e+01 -8.394640616344406503e-01 6.933739348772549604e-01
1.677760902062689041e+01 -8.386272418584349575e-01 6.882815166648599270e-01
1.677719009162569819e+01 -8.376390911911696380e-01 6.832771947940552426e-01
1.677635583228832061e+01 -8.365101776115816401e-01 6.783722038688516642e-01
1.677446562613859271e+01 -8.352321857601755495e-01 6.735530549037569426e-01
1.677164486002673982e+01 -8.337938978695815795e-01 6.688186568455917191e-01
1.676876160609930366e+01 -8.321989019723163850e-01 6.641679294682801826e-01
1.676445527878714259e+01 -8.304284511285449089e-01 6.595775186516255051e-01
1.676033647715317088e+01 -8.284860345231199741e-01 6.550537951565807981e-01
1.675578713697317923e+01 -8.263528083757367693e-01 6.505882848409892949e-01
1.675093186817359481e+01 -8.240321670697422496e-01 6.461725256707355758e-01
1.674515228219865648e+01 -8.215126024434146190e-01 6.418054963737969132e-01
1.673931549458107426e+01 -8.187899898980653957e-01 6.374861883866655976e-01
1.673354561743898472e+01 -8.158601611195434034e-01 6.332061777933927216e-01
1.672722375712289633e+01 -8.127263335142621559e-01 6.289793390082557556e-01
1.671973084696061562e+01 -8.093768262578413530e-01 6.248047032983243820e-01
1.671267615012406083e+01 -8.058073464584842860e-01 6.206664590492140254e-01
1.670544024734133970e+01 -8.020135619322118492e-01 6.165785221240642766e-01
1.669814637492750364e+01 -7.980356724423316450e-01 6.125251093105733569e-01
1.669017475273324180e+01 -7.937801304434739524e-01 6.085201653634156882e-01
1.668164825226006087e+01 -7.893167762533561671e-01 6.045479364338947059e-01
1.667343239479111716e+01 -7.846039902666041010e-01 6.006149687444426455e-01
1.666490684451196813e+01 -7.797486863974828486e-01 5.967203954013766687e-01
1.665619391184553777e+01 -7.746348957618934827e-01 5.928485082492661595e-01
1.664741571675110166e+01 -7.692951853944558493e-01 5.890058998176471716e-01
1.663869418711171022e+01 -7.637620924577467330e-01 5.851991784564585242e-01
1.662940822216020109e+01 -7.579938419632727964e-01 5.814126834622087570e-01
1.661967936104393573e+01 -7.520229150086514824e-01 5.776679120475574081e-01
1.661037178140358250e+01 -7.458817665156187715e-01 5.739566643473180685e-01
1.660012095791656606e+01 -7.395285429757637585e-01 5.702707569683902467e-01
1.658979067115554429e+01 -7.329956507110635400e-01 5.666317365303739084e-01
1.657950166626353194e+01 -7.263154736336256967e-01 5.630240246436751805e-01
1.656937448682094072e+01 -7.194460910116129426e-01 5.594543448326296797e-01
1.655878663873156142e+01 -7.123455622457682823e-01 5.559145808962163704e-01
1.654785825925360854e+01 -7.051204951534456589e-01 5.524189187621778574e-01
1.653596644600231613e+01 -6.978031967445523787e-01 5.489592764793980173e-01
1.652471659617603095e+01 -6.902773910062413032e-01 5.455350177038530424e-01
1.651274256058298917e+01 -6.826496377057414966e-01 5.421455234245291521e-01
1.650090648809502625e+01 -6.748779161706406349e-01 5.387976203811223330e-01
1.648858464988118655e+01 -6.670687605934572106e-01 5.354981527726867530e-01
1.647589594392277235e+01 -6.591058438148094112e-01 5.322316972573133409e-01
1.646295905951265226e+01 -6.510956796344639086e-01 5.290274181465018932e-01
1.644989247686556411e+01 -6.429962065945982186e-01 5.258699272361101462e-01
1.643607163179234476e+01 -6.349139232845124603e-01 5.227735673347345680e-01
1.642235742056506709e+01 -6.268067556235995541e-01 5.197378421802094639e-01
1.640812485970032597e+01 -6.186326251568571299e-01 5.167771298508252453e-01
1.639349159101347908e+01 -6.105723008497180304e-01 5.138835410166959772e-01
1.637857504667042718e+01 -6.024351323514608447e-01 5.110566323358910479e-01
1.636274961433966624e+01 -5.944018862990331220e-01 5.083108347924866210e-01
1.634687514254627771e+01 -5.864304795705562734e-01 5.056383119259174608e-01
1.633032560095482211e+01 -5.786273980653420246e-01 5.030461015557875504e-01
1.631396042095832399e+01 -5.708762804522533596e-01 5.005338306977503704e-01
1.629641032114932742e+01 -5.632093369357373813e-01 4.981085722238640656e-01
1.627853624954381218e+01 -5.558003507489283068e-01 4.957616569271433016e-01
1.626046383840227350e+01 -5.484236956157403364e-01 4.935105350560561321e-01
1.624083477602507486e+01 -5.412924547636794870e-01 4.913346296162070526e-01
1.622200472159723006e+01 -5.341740198644695514e-01 4.892430942944382966e-01
1.620187212106410968e+01 -5.272072107694838472e-01 4.872376716353810644e-01
1.618130655864516854e+01 -5.203080086869144028e-01 4.853052646129296099e-01
1.616043458308552871e+01 -5.134666913777211628e-01 4.834550782972534266e-01
1.613863970914509949e+01 -5.066735508274325950e-01 4.816814780134517360e-01
1.611604808925001819e+01 -4.999188944083717834e-01 4.799788459461772905e-01
1.609352851520534600e+01 -4.932673295319429108e-01 4.783564377386109734e-01
1.607046391494303705e+01 -4.866349142781368764e-01 4.768012406340599862e-01
1.604623702450399847e+01 -4.799377255244365315e-01 4.753225434648464809e-01
1.602171606012725391e+01 -4.733147105638381147e-01 4.739073664327235758e-01
1.599702621531961988e+01 -4.667562706892888214e-01 4.725724594372283649e-01
1.597154966310357871e+01 -4.601042622767360091e-01 4.712974467947365076e-01
1.594541122841577696e+01 -4.534976988691889477e-01 4.700916822568231290e-01
1.591873555552864339e+01 -4.468527677140548549e-01 4.689571071199694630e-01
1.589164711059210155e+01 -4.401599648136645393e-01 4.678808217312122597e-01
1.586352734924200192e+01 -4.334840959513199254e-01 4.668647987400182386e-01
1.583524322439731513e+01 -4.268157106978025528e-01 4.659110262437067274e-01
1.580617584896682537e+01 -4.200711034082276751e-01 4.650140792782387344e-01
1.577644900381233661e+01 -4.133151647116954375e-01 4.641834047051598411e-01
1.574692914071377281e+01 -4.065385319711359302e-01 4.634061792917751332e-01
1.571625404530746550e+01 -3.997318737383454557e-01 4.626918796393418298e-01
1.568528985034343215e+01 -3.929601741941156079e-01 4.620351402538421248e-01
1.565341686373208141e+01 -3.861398835633824134e-01 4.614454667643992924e-01
1.562150091187641365e+01 -3.792617695304025260e-01 4.609100939848778111e-01
1.558892200286001106e+01 -3.724652016338081961e-01 4.604459841739682591e-01
1.555654566988639331e+01 -3.656667346314934064e-01 4.600329716868249985e-01
1.552300879954065493e+01 -3.588572433727482136e-01 4.596880462770381870e-01
1.548917664536856620e+01 -3.521019236449716705e-01 4.593910693892565011e-01
1.545517149124406586e+01 -3.453174424973887713e-01 4.591516291022533780e-01
1.542111548989591263e+01 -3.385690730665439907e-01 4.589570414637513807e-01
1.538638783141426636e+01 -3.318478448684367144e-01 4.588169203742825109e-01
1.535111041685810385e+01 -3.251448280845388727e-01 4.587260356141401596e-01
1.531540502680969951e+01 -3.185254178314513851e-01 4.586717409677498747e-01
1.528013615999752872e+01 -3.119807679064430239e-01 4.586711157449598897e-01
1.524393969680873973e+01 -3.054277915209917538e-01 4.587041093948378001e-01
1.520767991306336064e+01 -2.990062960270589154e-01 4.587803964200000695e-01
1.517147814354655821e+01 -2.927075661031179332e-01 4.589022343835315598e-01
1.513471278564653666e+01 -2.864486479370823568e-01 4.590570353130275505e-01
1.509824780807024958e+01 -2.802952003956462601e-01 4.592470788520622293e-01
1.506146141438437525e+01 -2.743129286620250018e-01 4.594746553063792649e-01
1.502447455172993429e+01 -2.684933013566196958e-01 4.597272086863362084e-01
1.498740807943299203e+01 -2.627535511399894386e-01 4.600144781973962149e-01
1.495112560766043686e+01 -2.572338093051238506e-01 4.603164995239661383e-01
1.491426216094414414e+01 -2.518514053232955852e-01 4.606430313633687046e-01
1.487768119194784333e+01 -2.466722848955008596e-01 4.609815567024709293e-01
1.484076040995065249e+01 -2.416881599611972742e-01 4.613344242937871820e-01
1.480436312454652814e+01 -2.369650761962939500e-01 4.617039916763207574e-01
1.476859367859602656e+01 -2.324160913802136297e-01 4.620788351239707992e-01
1.473274925511572064e+01 -2.281592785694731285e-01 4.624592352038088272e-01
1.469685374759279384e+01 -2.240854402849582483e-01 4.628614040443321254e-01
1.466093099408805145e+01 -2.203082815143051765e-01 4.632792763609276387e-01
1.462574761581699967e+01 -2.166444255607393454e-01 4.637142225613081203e-01
1.458984168059913245e+01 -2.132076824020452122e-01 4.641824767969509047e-01
1.455472255157578765e+01 -2.100376314891195528e-01 4.646705665595812773e-01
1.451892821054803662e+01 -2.070253385259228085e-01 4.651947391780162366e-01
1.448396794171088153e+01 -2.042104897328549107e-01 4.657415347079057466e-01
1.444837965498481758e+01 -2.014842580604447042e-01 4.663197840722023702e-01
1.441292973472110184e+01 -1.990350043979090267e-01 4.669234669956713324e-01
1.437689886810766104e+01 -1.966797262136472380e-01 4.675688534390010087e-01
1.434105338880127967e+01 -1.945326092097599824e-01 4.682425048271142698e-01
1.430467394036316087e+01 -1.924850429053039380e-01 4.689458438280126318e-01
1.426852681989881688e+01 -1.906513217204977295e-01 4.696877256772408193e-01
1.423263547652889294e+01 -1.889229439992063664e-01 4.704695811495849256e-01
1.419553767991697768e+01 -1.873400295270838400e-01 4.712779878786292342e-01
1.415874253398051863e+01 -1.858684689978105931e-01 4.721292401257695670e-01
1.412227347031112501e+01 -1.846227744624942269e-01 4.730173499938475357e-01
1.408466825175454318e+01 -1.834203782248093051e-01 4.739437604915429647e-01
1.404743598615143085e+01 -1.823759007396136278e-01 4.749099168446804797e-01
1.400985728476416625e+01 -1.814554494452714217e-01 4.759098378058737033e-01
1.397269844101498748e+01 -1.806994690876008725e-01 4.769449720134487647e-01
1.393449725898524250e+01 -1.800741745008244132e-01 4.780241976485887223e-01
1.389676290222575616e+01 -1.795458338661040654e-01 4.791266803401550423e-01
1.385877605222762909e+01 -1.791550519407423825e-01 4.802687279721634117e-01
1.381981741715254941e+01 -1.788682027512059902e-01 4.814443635364086815e-01
1.378139624057177848e+01 -1.786962828672861436e-01 4.826476098374718471e-01
1.374279329498718560e+01 -1.786503409436510925e-01 4.838799174971303296e-01
1.370477506063270567e+01 -1.787266206362597143e-01 4.851427362584421199e-01
1.366587955402928323e+01 -1.789139885442594669e-01 4.864226579400415806e-01
1.362687334181604371e+01 -1.792087904779452179e-01 4.877285578429426116e-01
1.358778020433000755e+01 -1.796148510030575185e-01 4.890544526558917027e-01
1.354862397430659726e+01 -1.801211879122607551e-01 4.904017851641050973e-01
1.351017137557282766e+01 -1.807317251274762337e-01 4.917571388582111513e-01
1.347096068660481549e+01 -1.814430071306920300e-01 4.931219509969537729e-01
1.343175875432083899e+01 -1.822664834777320553e-01 4.944976555707722987e-01
1.339333249263133574e+01 -1.831987948428893120e-01 4.958782546183386764e-01
1.335496321599170066e+01 -1.842366291489221097e-01 4.972651745968824644e-01
1.331593231302850633e+01 -1.853767209815751493e-01 4.986449810046612030e-01
1.327774975516000211e+01 -1.866307076908455265e-01 5.000190914589198732e-01
1.324043992498122613e+01 -1.879954153781360493e-01 5.013889186764256545e-01
1.320254161973401352e+01 -1.894602866232015514e-01 5.027410134584188173e-01
1.316556506488248424e+01 -1.910222365509805231e-01 5.040767777818150330e-01
1.312879207231375922e+01 -1.926856521886225748e-01 5.053901794437321016e-01
1.309299021878474711e+01 -1.944475351137125441e-01 5.066677517621545057e-01
1.305744150908462409e+01 -1.962975007956285767e-01 5.079183066833039550e-01
1.302217088430860237e+01 -1.982400629811671144e-01 5.091283643924872093e-01
1.298794622498839502e+01 -2.002649196227385686e-01 5.102918664337264820e-01
1.295404984907454882e+01 -2.023766656035890510e-01 5.114027470846502776e-01
1.292049045023596321e+01 -2.045736984985525031e-01 5.124566777241013060e-01
1.288869622651671065e+01 -2.068517923649587642e-01 5.134563004780912099e-01
1.285636474724022271e+01 -2.092302359816623769e-01 5.144059940588766588e-01
1.282565071076309593e+01 -2.116986422155605896e-01 5.153101288827798276e-01
1.279499476183021933e+01 -2.142689457805045106e-01 5.161804951814645825e-01
1.276506617430846013e+01 -2.169382607906819582e-01 5.170065893696368375e-01
1.273579151352111261e+01 -2.197185934638153371e-01 5.178001839229998682e-01
1.270635463858040559e+01 -2.225996996696023023e-01 5.185581854113150424e-01
1.267816804471539349e+01 -2.255862259780474499e-01 5.192849193413670017e-01
1.264967302021888429e+01 -2.286902806034779578e-01 5.199921299570846589e-01
1.262228232866123534e+01 -2.319017192946484784e-01 5.206692666465848607e-01
1.259443753059511373e+01 -2.352252863735710409e-01 5.213206255093529862e-01
1.256755166555039871e+01 -2.386657573185841930e-01 5.219579208297302486e-01
1.254080940854363035e+01 -2.422205096931024093e-01 5.225705715073862834e-01
1.251413841175219410e+01 -2.458943791199378892e-01 5.231702709979053623e-01
1.248820930597852197e+01 -2.496848018487643484e-01 5.237538454080947758e-01
1.246220719692998102e+01 -2.535966707179829194e-01 5.243255384005965913e-01
1.243680300656582816e+01 -2.576349060584818829e-01 5.248821543543522594e-01
1.241118213413762383e+01 -2.617895982389729093e-01 5.254353432832250537e-01
1.238675863235001273e+01 -2.660657203038194196e-01 5.259670306090347136e-01
1.236197536311913758e+01 -2.704534137990318721e-01 5.264962721947485935e-01
1.233750384358138241e+01 -2.749651297398035266e-01 5.270123990793124102e-01
1.231401574175504088e+01 -2.795836293635348135e-01 5.275195874720958189e-01
1.228995437210839548e+01 -2.843139817739857578e-01 5.280145736006398582e-01
1.226673454128748375e+01 -2.891538497195596524e-01 5.285089386651565802e-01
1.224354270340710116e+01 -2.940934887586880708e-01 5.289845386457304732e-01
1.222030830053412132e+01 -2.991306031111338193e-01 5.294529310176361303e-01
1.219770376299204528e+01 -3.042629164433292011e-01 5.299108045674678635e-01
1.217565883954065953e+01 -3.094881709881868725e-01 5.303622643655052649e-01
1.215336059753561671e+01 -3.147892699481553147e-01 5.307965466402606580e-01
1.213148192809660308e+01 -3.201788466836232860e-01 5.312177321081462678e-01
1.210995304106389803e+01 -3.256398369809032078e-01 5.316298892047274238e-01
1.208870429999732998e+01 -3.311700482065950135e-01 5.320222173187656445e-01
1.206840905712197731e+01 -3.367598732925200511e-01 5.323987601303096229e-01
1.204751231309988491e+01 -3.423997181045385085e-01 5.327635488495598981e-01
1.202743056203160776e+01 -3.480874287944112355e-01 5.331057454578040922e-01
1.200735194606681944e+01 -3.538134340842852832e-01 5.334219277014622396e-01
1.198795043027720908e+01 -3.595607442354735173e-01 5.337235173873232652e-01
1.196841446227046823e+01 -3.653272350523668610e-01 5.339922102275703741e-01
1.194941831197376914e+01 -3.711033617699366904e-01 5.342394025897241328e-01
1.193089356621403141e+01 -3.768795863281554914e-01 5.344541929941867275e-01
1.191277196337323829e+01 -3.826389479328382581e-01 5.346405238160669704e-01
1.189424255797089103e+01 -3.883719186552316294e-01 5.347874678360277079e-01
1.187672306035039860e+01 -3.940689739700830585e-01 5.348989415944210846e-01
1.186014566112125301e+01 -3.997205916345664134e-01 5.349788486452627945e-01
1.184295703070793415e+01 -4.053023938587380082e-01 5.350087944613972635e-01
1.182731816405680902e+01 -4.108197162716117901e-01 5.350000848437018730e-01
1.181167602990068666e+01 -4.162407516287504605e-01 5.349417274285251933e-01
1.179596341543200566e+01 -4.215634038214172707e-01 5.348301450497823240e-01
1.178159892578340617e+01 -4.267632882805434402e-01 5.346691757021897473e-01
1.176702683745596012e+01 -4.318354877369002254e-01 5.344486400957008110e-01
1.175365037030912774e+01 -4.367786831365874090e-01 5.341691845932448057e-01
1.173989841443708215e+01 -4.416184487988165097e-01 5.338397232634263245e-01
1.172717134565352204e+01 -4.463654943827689014e-01 5.334617285152000177e-01
1.171464117969192742e+01 -4.510156637668386592e-01 5.330292310763239394e-01
1.170296574667843181e+01 -4.555870756898621199e-01 5.325436766764449770e-01
1.169206018537433067e+01 -4.600829809025837047e-01 5.320139260342129361e-01
1.168109694246010122e+01 -4.645214744860782230e-01 5.314339697986241173e-01
1.166999144183259496e+01 -4.689057813848173661e-01 5.308126419475014401e-01
1.166014491883672122e+01 -4.732391120597315703e-01 5.301439063898237825e-01
1.165073024430284931e+01 -4.775320898113279977e-01 5.294365703763496134e-01
1.164092042873608968e+01 -4.817953214243161919e-01 5.286845711149638083e-01
1.163285996147843271e+01 -4.860245394855803869e-01 5.278892608449705648e-01
1.162423645946452488e+01 -4.902303148287692203e-01 5.270594068682344924e-01
1.161645185144226033e+01 -4.944157705535860425e-01 5.261889065376108565e-01
1.160867969665386390e+01 -4.985840094737882811e-01 5.252790723553142360e-01
1.160157935877360735e+01 -5.027381132436971045e-01 5.243312036791023534e-01
1.159506749957328964e+01 -5.068811415144343080e-01 5.233540151381423922e-01
1.158906091261167859e+01 -5.110161311206117274e-01 5.223339233071314647e-01
1.158273368679429183e+01 -5.151460952981032904e-01 5.212870452429734236e-01
1.157748854497551250e+01 -5.192665945830536867e-01 5.201997717777689934e-01
1.157249983222450140e+01 -5.233805927933781188e-01 5.190807660758451902e-01
1.156768485425277504e+01 -5.274910279913214151e-01 5.179312503485044017e-01
1.156296104062531249e+01 -5.315933834776991329e-01 5.167450059803644358e-01
1.155898877792902191e+01 -5.356979722185555293e-01 5.155306587171466504e-01
1.155494290274606684e+01 -5.397927945007562345e-01 5.142893937626940026e-01
1.155148403970662940e+01 -5.438732507701147245e-01 5.130149559374352908e-01
1.154853009426972577e+01 -5.479421410980238605e-01 5.117085065480105888e-01
1.154599908550734710e+01 -5.519873796258519816e-01 5.103786235669262039e-01
1.154306630874154749e+01 -5.560191358387585048e-01 5.090190167717952852e-01
1.154113567321079969e+01 -5.600104073123965964e-01 5.076382413464738397e-01
1.153938268939132961e+01 -5.639787311391515345e-01 5.062299846900336631e-01
1.153772580647541268e+01 -5.679119000223705749e-01 5.048027800372466567e-01
1.153608357463365230e+01 -5.717976752957543152e-01 5.033502932861992907e-01
1.153511747723927350e+01 -5.756386432622082605e-01 5.018736082863434200e-01
1.153474625793218422e+01 -5.794225014493775694e-01 5.003812270840016785e-01
1.153414591765197272e+01 -5.831443433332860193e-01 4.988593567745695512e-01
1.153397821666852074e+01 -5.868066580257323972e-01 4.973239082145529677e-01
1.153341933136522002e+01 -5.903896165732792634e-01 4.957684978366260764e-01
1.153313119115463792e+01 -5.938882134192089435e-01 4.941867329730367242e-01
1.153377580518162837e+01 -5.972974094225654840e-01 4.925944971841948461e-01
1.153378675394537112e+01 -6.006047032344340453e-01 4.909853804394891941e-01
1.153382619609573823e+01 -6.038049877301550072e-01 4.893603928043615547e-01
1.153418494244795234e+01 -6.068782646937630476e-01 4.877279647294038289e-01
1.153448531853715942e+01 -6.098193579559942901e-01 4.860742339407048695e-01
1.153486969719225641e+01 -6.126230564310805038e-01 4.844150441844708443e-01
1.153518337651789594e+01 -6.152692571524096543e-01 4.827439470688746348e-01
1.153549456090451208e+01 -6.177526784072699950e-01 4.810693441089062827e-01
1.153564865649582138e+01 -6.200605744162914768e-01 4.793773452679676583e-01
1.153571396868304788e+01 -6.221801634093577782e-01 4.776837677009856398e-01
1.153562013595992397e+01 -6.241021046527912564e-01 4.759816017311149783e-01
1.153541054157726720e+01 -6.258309300842768153e-01 4.742691169549072550e-01
1.153506417839563269e+01 -6.273820404506099679e-01 4.725440417569661267e-01
1.153463435754058430e+01 -6.287559426515400007e-01 4.708115277995472137e-01
1.153417442146479388e+01 -6.299531061351020256e-01 4.690692935959852039e-01
1.153358917354358404e+01 -6.309962476367808604e-01 4.673076247793992444e-01
1.153308057573168277e+01 -6.318709040599111981e-01 4.655316594164394806e-01
1.153255347723172974e+01 -6.325997156551779188e-01 4.637465315636544738e-01
1.153198702874641057e+01 -6.331829988910331330e-01 4.619425148173764706e-01
1.153150896277629478e+01 -6.336210311733116995e-01 4.601173076080604107e-01
1.153109845646447873e+01 -6.339289072122561430e-01 4.582834617871148764e-01
1.153080897902152913e+01 -6.340993969368911021e-01 4.564238127547619595e-01
1.153047115469826700e+01 -6.341475152628166523e-01 4.545434781338538732e-01
1.153028702785624660e+01 -6.340733800097122508e-01 4.526475729338509391e-01
1.153023579206739946e+01 -6.338770682749453877e-01 4.507337814079755423e-01
1.153022235430910847e+01 -6.335660444633818278e-01 4.487923572534196492e-01
1.153030018273240564e+01 -6.331477316253174559e-01 4.468284088552357258e-01
1.153044845348590464e+01 -6.326220828053329415e-01 4.448470427721862297e-01
1.153072061512221858e+01 -6.319890091049683578e-01 4.428459355663001973e-01
1.153109581906284831e+01 -6.312558077611565288e-01 4.408153339765341072e-01
1.153155320063776301e+01 -6.304223051921958865e-01 4.387677684876852280e-01
1.153214616018921745e+01 -6.294957134655074782e-01 4.367009117417805508e-01
1.153277951022746706e+01 -6.284683450375018188e-01 4.346198637467126868e-01
1.153350660716231957e+01 -6.273473259710290462e-01 4.325148669791993306e-01
1.153438078207430451e+01 -6.261323107294217705e-01 4.303910199359267108e-01
1.153530677153635686e+01 -6.248229104022583469e-01 4.282459922300072552e-01
1.153626356599402847e+01 -6.234261209641938084e-01 4.260923097867030940e-01
1.153737869118186055e+01 -6.219414665182924074e-01 4.239202132355955888e-01
1.153848250505841122e+01 -6.203609992772106674e-01 4.217347998044360113e-01
1.153962818030455217e+01 -6.186990129846491326e-01 4.195411667611436135e-01
1.154079456831982142e+01 -6.169474728753195913e-01 4.173369832067057028e-01
1.154196048075102610e+01 -6.151057291799931770e-01 4.151199185699290251e-01
1.154310468753281782e+01 -6.131805172734843268e-01 4.128950711042979616e-01
1.154428019843932951e+01 -6.111636728169349553e-01 4.106675396871297123e-01
1.154531712712685554e+01 -6.090692737480549734e-01 4.084275672719641093e-01
1.154626839019935503e+01 -6.068816421149261231e-01 4.061876827968203818e-01
1.154718685474429485e+01 -6.046147712105239824e-01 4.039455595947238908e-01
1.154790248585638857e+01 -6.022603275005316004e-01 4.016988722612833684e-01
1.154846804566727059e+01 -5.998247928010466135e-01 3.994601535281199212e-01
1.154886195732909826e+01 -5.972997513504511025e-01 3.972196526908474135e-01
1.154906258648610695e+01 -5.946916037289894374e-01 3.949973342467656412e-01
1.154897395571283880e+01 -5.919992823712478813e-01 3.927760229356095922e-01
1.154872287643407880e+01 -5.892216805230383603e-01 3.905831157926141217e-01
1.154813896228379733e+01 -5.863576528898228890e-01 3.884014421533519279e-01
1.154720032796153539e+01 -5.834060163251373332e-01 3.862509757219522721e-01
1.154595930353506716e+01 -5.803655505569073059e-01 3.841219796419957921e-01
1.154431958170108707e+01 -5.772424272995969607e-01 3.820270051790357058e-01
1.154218478252174229e+01 -5.740353543486319543e-01 3.799637502076326778e-01
1.153960701812510514e+01 -5.707355764056019076e-01 3.779373445076702476e-01
1.153648975635618790e+01 -5.673491609815323189e-01 3.759529216666738782e-01
1.153282240431724404e+01 -5.638818614567039367e-01 3.740070135387830175e-01
1.152864122867726060e+01 -5.603159895783283995e-01 3.720988748606919860e-01
1.152391986352854580e+01 -5.566706865270876214e-01 3.702265875222781055e-01
1.151870613953747480e+01 -5.529279214604394532e-01 3.683882382925386945e-01
1.151304779797445299e+01 -5.490919192545485883e-01 3.665744907496418792e-01
1.150684392122899524e+01 -5.451668764004365952e-01 3.647982989657829744e-01
1.150036491484080514e+01 -5.411495336040283988e-01 3.630429093420375897e-01
1.149336110298317593e+01 -5.370291767362175284e-01 3.613138593485779038e-01
1.148602841151526555e+01 -5.328247795304644763e-01 3.596092644130908234e-01
1.147841409749595876e+01 -5.285181493696732291e-01 3.579198182101423487e-01
1.147034246323634576e+01 -5.241133550167618171e-01 3.562510780002646205e-01
1.146200912190420418e+01 -5.196218708289443988e-01 3.545937515151916797e-01
1.145331244362335354e+01 -5.150254359043854313e-01 3.529534106419521255e-01
1.144429925415640170e+01 -5.103354817623620976e-01 3.513207783007386009e-01
1.143494198211920931e+01 -5.055485630974895228e-01 3.496940137692106654e-01
1.142528722377083561e+01 -5.006612153110653329e-01 3.480787129496664689e-01
1.141538145736712195e+01 -4.956773836651015563e-01 3.464656235779980942e-01
1.140519675759426477e+01 -4.906009957068575011e-01 3.448677872261546318e-01
1.139477936059784113e+01 -4.854359620130159203e-01 3.432685410920812696e-01
1.138402681159534779e+01 -4.801787485516596510e-01 3.416809450329111320e-01
1.137313366411521542e+01 -4.748332340620685099e-01 3.401032116832223839e-01
1.136192292680938287e+01 -4.694032823501561036e-01 3.385261350127447000e-01
1.135051461342904666e+01 -4.638853145499565178e-01 3.369628039216783777e-01
1.133895432389004121e+01 -4.582905947521767609e-01 3.354114606699042378e-01
1.132706467597596856e+01 -4.526155171474173233e-01 3.338629293931358877e-01
1.131503957220228251e+01 -4.468638915882399143e-01 3.323303296547059360e-01
1.130270136377547452e+01 -4.410395157183750747e-01 3.307970781289663598e-01
1.129016940124404655e+01 -4.351387470714307981e-01 3.292763155223958904e-01
1.127741433275920713e+01 -4.291727885417643829e-01 3.277663365748759716e-01
1.126440667050534650e+01 -4.231454037270367952e-01 3.262654468463977442e-01
1.125111679027652301e+01 -4.170529172969513199e-01 3.247719627866207381e-01
1.123758921470741079e+01 -4.109065003907411140e-01 3.232916401380241389e-01
1.122386832965083059e+01 -4.047024575437047633e-01 3.218228172717416125e-01
1.120984981720343931e+01 -3.984593687498121373e-01 3.203712719080837323e-01
1.119557778989503305e+01 -3.921735196586368377e-01 3.189279360697721000e-01
1.118102194050632470e+01 -3.858560436154852002e-01 3.175060378215880941e-01
1.116615182603898404e+01 -3.794957801930444741e-01 3.161039594924539009e-01
1.115108543532586971e+01 -3.731187022739491099e-01 3.147126659845597141e-01
1.113571777225651438e+01 -3.667210611805116760e-01 3.133454181195172161e-01
1.111994370714890934e+01 -3.603139570633889788e-01 3.120006308193341571e-01
1.110395511174362504e+01 -3.538936257967447152e-01 3.106841580773574418e-01
1.108757230877780664e+01 -3.474785810384049545e-01 3.093870078166333637e-01
1.107083834120575894e+01 -3.410650444537432491e-01 3.081076268397338058e-01
1.105379612298781744e+01 -3.346640878123870455e-01 3.068667574193841285e-01
1.103633987346813328e+01 -3.282867766567172940e-01 3.056480103787792557e-01
1.101851225284441860e+01 -3.219367423475239520e-01 3.044647201195390673e-01
1.100028151318727154e+01 -3.156324675406221858e-01 3.033153743905141475e-01
1.098161578352638656e+01 -3.093775732446192306e-01 3.022058992046846582e-01
1.096255735498319162e+01 -3.031831043659364844e-01 3.011348020019086191e-01
1.094307411543218578e+01 -2.970526735404189766e-01 3.001080282110338837e-01
1.092321153676263101e+01 -2.910017630465718819e-01 2.991233870895350089e-01
1.090280579827047269e+01 -2.850190608895678546e-01 2.981906846730757454e-01
1.088206780069508639e+01 -2.791051259871902834e-01 2.973041622018329222e-01
1.086083691433580078e+01 -2.732530875288378680e-01 2.964506416591169424e-01
1.083924953226596699e+01 -2.674412173698793582e-01 2.956392390439623319e-01
1.081714480398046163e+01 -2.616849292725470510e-01 2.948642224968245351e-01
1.079465890505000125e+01 -2.559550678865789575e-01 2.941272972336069214e-01
1.077177933769923612e+01 -2.502596214789159501e-01 2.934301770859399916e-01
1.074849349935610299e+01 -2.445842960511263875e-01 2.927597276992353059e-01
1.072478868414030906e+01 -2.389370864012421436e-01 2.921176798410202169e-01
1.070072636779240938e+01 -2.333037070216064379e-01 2.915132009674072378e-01
1.067621935852596060e+01 -2.276847348860993048e-01 2.909331817487010308e-01
1.065132893232538969e+01 -2.220807538195451458e-01 2.903793777575415791e-01
1.062604198365157515e+01 -2.164774988979210613e-01 2.898609810661231800e-01
1.060041959358218477e+01 -2.108755709774097487e-01 2.893649068033757876e-01
1.057444846386323078e+01 -2.052830094957642793e-01 2.888929348751635429e-01
1.054804091788588138e+01 -1.996855802423790627e-01 2.884468532433888122e-01
1.052133203559440133e+01 -1.940913466459539272e-01 2.880284579160576897e-01
1.049423395329149855e+01 -1.884935292198903212e-01 2.876246962469485857e-01
1.046688156539882897e+01 -1.828927918153509247e-01 2.872522370469329789e-01
1.043911254061363358e+01 -1.772898144739844806e-01 2.869054721511136163e-01
1.041106159053595626e+01 -1.716852946264666446e-01 2.865713731465759362e-01
1.038264048569719833e+01 -1.660799482813771766e-01 2.862666331584692858e-01
1.035398375706612129e+01 -1.604670828489007939e-01 2.859782400894722576e-01
1.032492871197457873e+01 -1.548623116956248935e-01 2.857080467684167124e-01
1.029560970254128982e+01 -1.492441284708896643e-01 2.854653426517126946e-01
1.026601242502950129e+01 -1.436281917071095537e-01 2.852297121271315516e-01
1.023604820370090174e+01 -1.380153274302406974e-01 2.850178897232352737e-01
1.020585112516536164e+01 -1.324063868820738732e-01 2.848243333653605047e-01
1.017525805420240204e+01 -1.267948191466833907e-01 2.846435094838206670e-01
1.014447718563251577e+01 -1.211963854786436146e-01 2.844773214196768540e-01
1.011341949316471478e+01 -1.156194467756517796e-01 2.843351094769109300e-01
1.008214443081407907e+01 -1.100649643947830408e-01 2.842039375688193981e-01
1.005056279933849162e+01 -1.045339292581887597e-01 2.840931633606919582e-01
1.001888244775606474e+01 -9.903479089496958210e-02 2.840047249023507914e-01
9.986939722391996455e+00 -9.357602971612495601e-02 2.839331406526779400e-01
9.954868019048820571e+00 -8.816615757114709684e-02 2.838803661942373990e-01
9.922577799225930306e+00 -8.279886153385151992e-02 2.838409375352202724e-01
9.890202291971181836e+00 -7.749014606845186504e-02 2.838242561497040239e-01
9.857577510309637248e+00 -7.224119162098252556e-02 2.838174472017962469e-01
9.824910803831597761e+00 -6.705321159007984755e-02 2.838299296073578670e-01
9.792038024860408640e+00 -6.193488087551977939e-02 2.838562742267941585e-01
9.759092081303668564e+00 -5.689490765506276249e-02 2.838910604925439785e-01
9.725982953606580494e+00 -5.194203344177478893e-02 2.839437330187638553e-01
9.692769113884006416e+00 -4.707760472319519329e-02 2.840088880910541236e-01
9.659508960688290458e+00 -4.231785793599755069e-02 2.840811302387244996e-01
9.626260820939503304e+00 -3.766420592627856001e-02 2.841699287877466618e-01
9.592860101508026816e+00 -3.313295115253716422e-02 2.842699042926466468e-01
9.559513559486392253e+00 -2.872557203117536914e-02 2.843831134005233574e-01
9.526130753080352065e+00 -2.445843603267292693e-02 2.845041919442864442e-01
9.492838111911016341e+00 -2.033043160991178724e-02 2.846354329385601400e-01
9.459441204861191110e+00 -1.634471824848065732e-02 2.847800225479593661e-01
9.426036761353188353e+00 -1.248697559302038365e-02 2.849339469108265743e-01
9.392572890162549371e+00 -8.750342355980239573e-03 2.850931986877722202e-01
9.359071933108992880e+00 -5.142844181388431767e-03 2.852686334645863075e-01
9.325481901372059568e+00 -1.635394687078163328e-03 2.854562560377120750e-01
9.291750762443326650e+00 1.756493202107010845e-03 2.856520767863801602e-01
9.257900727198002500e+00 5.054419634063025274e-03 2.858669680311362593e-01
9.223953970070406072e+00 8.242814855305034480e-03 2.860895219283616786e-01
9.189858349326756937e+00 1.134322323713833451e-02 2.863306202067372741e-01
9.155710261432940200e+00 1.434002028620230337e-02 2.865862920417214799e-01
9.121383227473639721e+00 1.725469664348764851e-02 2.868525703741641730e-01
9.086973598156726339e+00 2.007157505623140617e-02 2.871403482230399651e-01
9.052503423835352336e+00 2.280466597702459838e-02 2.874382365423228669e-01
9.017846175065251657e+00 2.544566952625542527e-02 2.877571339283285790e-01
8.983023880686797469e+00 2.801597432062693030e-02 2.880930844738814889e-01
8.948132848390493166e+00 3.049980265583595446e-02 2.884421340756812557e-01
8.913120818258038369e+00 3.291106594798380580e-02 2.888077583947598059e-01
8.877935533779602650e+00 3.524136652164266970e-02 2.891934341216179649e-01
8.842599029317126380e+00 3.751199624911583097e-02 2.895877818981559826e-01
8.807133350494728674e+00 3.970708153090831555e-02 2.900017077001840193e-01
8.771560558008795638e+00 4.184043852394364604e-02 2.904312607279754266e-01
8.735828447837493016e+00 4.390357470771106413e-02 2.908724897608133131e-01
8.699959121845527221e+00 4.589540224432473586e-02 2.913288711750644522e-01
8.663974707755674132e+00 4.782966622884539387e-02 2.917964519267729484e-01
8.627897362483860633e+00 4.969780277958722042e-02 2.922712776016289093e-01
8.591674991821665941e+00 5.149865222324618436e-02 2.927716771832712950e-01
8.555404103967203966e+00 5.323845882330188045e-02 2.932714076375411150e-01
8.519106961870381411e+00 5.490858540423702860e-02 2.937887938718511949e-01
8.482657302403747934e+00 5.651522637699846890e-02 2.943198733599717842e-01
8.446226039864651369e+00 5.806455061589696487e-02 2.948532526408501053e-01
8.409687000250173128e+00 5.954784429247569205e-02 2.953998205396385912e-01
8.373062624370794182e+00 6.096379542214530600e-02 2.959481779082289155e-01
8.336449686247433988e+00 6.231849332659235297e-02 2.965017792406159369e-01
8.299796444303124687e+00 6.361799971796086584e-02 2.970640758584861540e-01
8.263125493369397390e+00 6.484606306040038848e-02 2.976310874687803087e-01
8.226533765986779656e+00 6.600868806797584309e-02 2.981988304429951664e-01
8.189895399500345619e+00 6.710442169074747054e-02 2.987633177668557183e-01
8.153381721492340972e+00 6.813920919976899915e-02 2.993279873600153129e-01
8.116941265995988530e+00 6.909668017500884829e-02 2.998962737140923318e-01
8.080671191563020272e+00 6.998271800732162873e-02 3.004567511981001693e-01
8.044520147641664565e+00 7.079574591665854788e-02 3.010128474817658772e-01
8.008511125315536106e+00 7.153415474745464242e-02 3.015605585220048068e-01
7.972741457390164044e+00 7.219630244687728904e-02 3.021033053139993707e-01
7.937159967839735764e+00 7.278051358321969977e-02 3.026296489026862324e-01
7.901789822150738551e+00 7.329250726155595030e-02 3.031430038558420303e-01
7.866728527054599240e+00 7.373054004226707592e-02 3.036467816436275724e-01
7.831925079664989298e+00 7.408540562005855312e-02 3.041295340241361722e-01
7.797477101060921179e+00 7.436271961964535659e-02 3.045872381841605026e-01
7.763259418292773439e+00 7.456063436142511269e-02 3.050232968311147319e-01
7.729509986576682756e+00 7.467750452459301358e-02 3.054344498359015669e-01
7.695987734309015060e+00 7.471259938086732832e-02 3.058205074274935042e-01
7.662889000473305678e+00 7.466539059415427948e-02 3.061894738734339261e-01
7.630038760892455585e+00 7.454274329873969429e-02 3.065344942561648578e-01
7.597484895754097245e+00 7.432920293732388217e-02 3.068635679443353359e-01
7.565126771652883164e+00 7.404642239541761595e-02 3.071698352517791553e-01
7.533086658723428641e+00 7.367887892592143995e-02 3.074687192365694877e-01
7.501264029327325389e+00 7.322587312327907827e-02 3.077533556334034470e-01
7.469706975364022838e+00 7.270152954111784582e-02 3.080168779227102083e-01
7.438315074169878471e+00 7.209022730274576574e-02 3.082747023827351884e-01
7.407136522560731073e+00 7.140602770792435494e-02 3.085273863212739109e-01
7.376219569994635350e+00 7.063324832604311876e-02 3.087606280391329561e-01
7.345389668378127013e+00 6.978589078061672724e-02 3.089898368745697677e-01
7.314843740554571205e+00 6.886307171378641678e-02 3.092155630234090236e-01
7.284407345910091536e+00 6.785645228155548492e-02 3.094383541392048964e-01
7.254128949192701903e+00 6.677252442334195848e-02 3.096438985100707364e-01
7.223982787474077405e+00 6.561775544828064854e-02 3.098550233651984342e-01
7.193943154799053552e+00 6.439116103336305075e-02 3.100574112045984543e-01
7.164058687011014115e+00 6.308430662646498377e-02 3.102515980607752355e-01
7.134229512742391144e+00 6.171102229757653712e-02 3.104455449365538522e-01
7.104504389094763894e+00 6.026283412683766660e-02 3.106323525212102976e-01
7.074932136471703714e+00 5.874610747637694363e-02 3.108199743380290481e-01
7.045487357075326251e+00 5.715976348263868134e-02 3.110015030706381189e-01
7.016219004063588116e+00 5.550270896337597404e-02 3.111848836733784873e-01
6.987027533338482144e+00 5.378126632933908496e-02 3.113631996632204024e-01
6.958036323486165742e+00 5.199431844079738241e-02 3.115369578485935320e-01
6.929220260811113086e+00 5.013331015108635907e-02 3.117066596442616966e-01
6.900554308992503216e+00 4.821939157881033333e-02 3.118728007254261692e-01
6.872087795326691229e+00 4.623656444509125635e-02 3.120358706729718379e-01
6.843795846534183269e+00 4.419111032483084844e-02 3.121963526120876686e-01
6.815653675127775202e+00 4.209673534682813190e-02 3.123547228466260761e-01
6.787710865815360428e+00 3.994485813665921842e-02 3.125040221414041586e-01
6.759942811410045493e+00 3.774175284737696368e-02 3.126447120559458503e-01
6.732324999242090158e+00 3.548626531664535871e-02 3.127846745809938489e-01
6.704907297544085765e+00 3.319209924713778515e-02 3.129094983798640928e-01
6.677665391280870999e+00 3.085067550075566017e-02 3.130344768910032216e-01
6.650649351919862617e+00 2.846827480578733444e-02 3.131451811878017688e-01
6.623835073100746484e+00 2.605118191819504742e-02 3.132420297554748267e-01
6.597272840203385336e+00 2.360568638541919034e-02 3.133254314819546860e-01
6.570938765773088441e+00 2.112322650869168095e-02 3.134032137179666444e-01
6.544883358803323503e+00 1.862496000416554928e-02 3.134609086065442418e-01
6.519008676333882590e+00 1.610233765605010442e-02 3.135063229379152494e-01
6.493439742878782894e+00 1.356167376832790802e-02 3.135398245267568273e-01
6.468153134621526412e+00 1.100928971000541927e-02 3.135469136669424839e-01
6.443125547904291039e+00 8.458942408013904457e-03 3.135353647161669421e-01
6.418408083976514966e+00 5.894682637815481033e-03 3.135055125582016378e-01
6.393977682984743005e+00 3.345138470044159516e-03 3.134428241470298970e-01
6.369811408207644909e+00 8.018032682637328632e-04 3.133624685348813665e-01
6.345960730019012175e+00 -1.728966097601674322e-03 3.132573183799853278e-01
6.322477242566166389e+00 -4.240806273226216568e-03 3.131202349903269844e-01
6.299260651712041970e+00 -6.721740284395860514e-03 3.129446358108376458e-01
6.276494140810942923e+00 -9.181925505248348870e-03 3.127484819159462859e-01
6.254060436851729854e+00 -1.162590668743323022e-02 3.125205772709634400e-01
6.231916671946430952e+00 -1.405822407683753918e-02 3.122645715006137079e-01
6.210168665573561064e+00 -1.648341404111633435e-02 3.119915316985867326e-01
6.188773789027310457e+00 -1.889858138210955343e-02 3.116828008674634165e-01
6.167763814109887832e+00 -2.131568507463973625e-02 3.113568532922700860e-01
6.147022060543608113e+00 -2.373182556887928896e-02 3.110024396381545486e-01
6.126580527646672714e+00 -2.615895889978279293e-02 3.106305856789398079e-01
6.106471324753528940e+00 -2.858675563893187457e-02 3.102374508476105075e-01
6.086652384912117242e+00 -3.102717168338017459e-02 3.098191852613012554e-01
6.067081745377938873e+00 -3.347730716559267627e-02 3.093867867666937888e-01
6.047866111420677981e+00 -3.594912047927022875e-02 3.089363879017803516e-01
6.028889435443711697e+00 -3.843228710655863939e-02 3.084641129743103671e-01
6.010184330980319345e+00 -4.093877024195740483e-02 3.079735068023593536e-01
5.991783502046971854e+00 -4.345825114793482741e-02 3.074681067638228571e-01
5.973645455897153234e+00 -4.599527128921186009e-02 3.069514432026044237e-01
5.955803066205462848e+00 -4.856180428331095811e-02 3.064121831376180882e-01
5.938215002189432212e+00 -5.114754271056012880e-02 3.058612724238040093e-01
5.920914291714813871e+00 -5.374961162953779958e-02 3.052947944077253339e-01
5.903859750390032524e+00 -5.637999693917909727e-02 3.047162553791695760e-01
5.887084544695564858e+00 -5.902840353167358028e-02 3.041217282624287255e-01
5.870547621153990647e+00 -6.169939683590771468e-02 3.035147096965046809e-01
5.854282269585631582e+00 -6.439011744370068402e-02 3.028912636993487673e-01
5.838247552454578937e+00 -6.709770901954420497e-02 3.022548787153253591e-01
5.822402584845964846e+00 -6.983417444187726975e-02 3.016090395915427824e-01
5.806780814589820316e+00 -7.258180502344595275e-02 3.009497995312975793e-01
5.791490019050297811e+00 -7.535260651714191515e-02 3.002806370731323504e-01
5.776340884590081437e+00 -7.812887140176406897e-02 2.995975996416559428e-01
5.761441271773352746e+00 -8.092260465873926667e-02 2.989041604703189248e-01
5.746824795258772767e+00 -8.372352418612216685e-02 2.981963620925434655e-01
5.732450821442013122e+00 -8.652877296149470709e-02 2.974776732018829528e-01
5.718278749850330023e+00 -8.934291770611695049e-02 2.967515604284235997e-01
5.704416578299324136e+00 -9.216011941782061012e-02 2.960066317311834672e-01
5.690749483799998565e+00 -9.497230304709079751e-02 2.952612065582841394e-01
5.677236955261565576e+00 -9.777955560438504612e-02 2.944964607190236894e-01
5.664061359465601520e+00 -1.005782391524868008e-01 2.937307098764992963e-01
5.651033672292173016e+00 -1.033654461155498749e-01 2.929451260015099034e-01
5.638187746260991950e+00 -1.061367690300269173e-01 2.921580207985183808e-01
5.625557459815617278e+00 -1.088885272743906757e-01 2.913505620947823282e-01
5.613176717378814296e+00 -1.116170224393960020e-01 2.905410572040312278e-01
5.600930882656972365e+00 -1.143163080212702409e-01 2.897180976066253133e-01
5.588853913201823786e+00 -1.169819018007045575e-01 2.888851288566745001e-01
5.576979794185361605e+00 -1.196078127249866618e-01 2.880455936625674340e-01
5.565268255888885740e+00 -1.221895105015212979e-01 2.871880749454236437e-01
5.553753341892817552e+00 -1.247209525550875275e-01 2.863308656801414331e-01
5.542320559926702472e+00 -1.271975537218607011e-01 2.854551134662336453e-01
5.531004017387345151e+00 -1.296132133320791746e-01 2.845791037400273726e-01
5.519912139471028212e+00 -1.319595708786039379e-01 2.836839759717565412e-01
5.508856253397150127e+00 -1.342319472929568713e-01 2.827880068609296416e-01
5.497947972502491787e+00 -1.364253361626800443e-01 2.818797093338448745e-01
5.487237123377111558e+00 -1.385416938094328754e-01 2.809548373651946096e-01
5.476553837946951830e+00 -1.405863611332167917e-01 2.800313789921876628e-01
5.466025425595947063e+00 -1.425638989748662377e-01 2.790901747540408540e-01
5.455704957482830686e+00 -1.444788301560282207e-01 2.781417725570500266e-01
5.445422701297657930e+00 -1.463348959944368866e-01 2.771892856509881042e-01
5.435380390946701112e+00 -1.481365414750779874e-01 2.762209640248096121e-01
5.425482676569944651e+00 -1.498874292363670813e-01 2.752399075752963720e-01
5.415708543441003719e+00 -1.515911822196496783e-01 2.742492091991381997e-01
5.406111313175306243e+00 -1.532513836438001709e-01 2.732445262632947069e-01
5.396595794226171527e+00 -1.548723199755917268e-01 2.722289371569812655e-01
5.387363983674793744e+00 -1.564560098850298619e-01 2.712055128264658777e-01
5.378246516231965479e+00 -1.580029475339314038e-01 2.701698883458137357e-01
5.369296932511077536e+00 -1.595158173595168927e-01 2.691176912261915577e-01
5.360568828484177040e+00 -1.609942949880829588e-01 2.680593981153435168e-01
5.351967288135217160e+00 -1.624417336537161416e-01 2.669906214369699993e-01
5.343620300311846094e+00 -1.638577368891946939e-01 2.659069661742338164e-01
5.335433056719893763e+00 -1.652441023768923545e-01 2.648188866966910138e-01
5.327533651609784648e+00 -1.666025947347111735e-01 2.637145451794070117e-01
5.319753095587115510e+00 -1.679334612470716748e-01 2.626043819188612072e-01
5.312145298112362468e+00 -1.692376618698345492e-01 2.614839738398868629e-01
5.304764214630118602e+00 -1.705161279818065978e-01 2.603563198477765739e-01
5.297515276858956845e+00 -1.717705068800780832e-01 2.592169844712920446e-01
5.290526807263476350e+00 -1.730009349954861886e-01 2.580689549474713962e-01
5.283630031170202912e+00 -1.742075253292431347e-01 2.569152132947565836e-01
5.276953341107450512e+00 -1.753918549210308209e-01 2.557438800728588646e-01
5.270476591811918965e+00 -1.765510239833342487e-01 2.545727849792058239e-01
5.264105379472377777e+00 -1.776858289025727011e-01 2.533900405737318229e-01
5.257893887718750214e+00 -1.787963070308976887e-01 2.521986129359852224e-01
5.251822032359649839e+00 -1.798802527889210856e-01 2.510088938959849081e-01
5.245944023421470703e+00 -1.809376764044607067e-01 2.498089882362728720e-01
5.240239792994075607e+00 -1.819685770771053424e-01 2.486018560643582231e-01
5.234614989927809603e+00 -1.829714589045247919e-01 2.473904567475803951e-01
5.229123824915419938e+00 -1.839440752268013124e-01 2.461777495584824282e-01
5.223746214469347393e+00 -1.848886298807450868e-01 2.449592659756678614e-01
5.218536342355736046e+00 -1.858073214864254252e-01 2.437379670367445517e-01
5.213399803495099682e+00 -1.866852594143878497e-01 2.425168156374427342e-01
5.208316448892622574e+00 -1.875372634307533037e-01 2.412913488231589187e-01
5.203340380111605157e+00 -1.883558661404197421e-01 2.400645351192484955e-01
5.198377093325898812e+00 -1.891410271313658797e-01 2.388319184438851828e-01
5.193480608012118083e+00 -1.898852768589737450e-01 2.376113321017045976e-01
5.188630611281737970e+00 -1.905960021176721642e-01 2.363909008997615302e-01
5.183881019917456534e+00 -1.912657328928334122e-01 2.351736117877844534e-01
5.179062841619440860e+00 -1.918869991435760702e-01 2.339624576636520348e-01
5.174304155035741815e+00 -1.924746157641172295e-01 2.327530094927175441e-01
5.169435837541763057e+00 -1.930062555210889652e-01 2.315557017884188329e-01
5.164660112877101028e+00 -1.934967321260012141e-01 2.303735479486132554e-01
5.159807712575133820e+00 -1.939385728373114182e-01 2.291947122469257525e-01
5.154857857299067092e+00 -1.943243027543456736e-01 2.280370802279940157e-01
5.149789687039716846e+00 -1.946613006065122109e-01 2.268888321493512661e-01
5.144662133936844128e+00 -1.949425472443525598e-01 2.257525335280975154e-01
5.139482128437457220e+00 -1.951777266950951439e-01 2.246288393384198168e-01
5.134187822603662354e+00 -1.953546942400936626e-01 2.235253616899385565e-01
5.128791564289289617e+00 -1.954835821300102139e-01 2.224274362065654376e-01
5.123379896466167871e+00 -1.955596562953993423e-01 2.213352637566928238e-01
5.117890706484389263e+00 -1.955930281219002420e-01 2.202564820288009650e-01
5.112410360289191935e+00 -1.955715110005774582e-01 2.191913087047194508e-01
5.106876569050609049e+00 -1.955051886742764644e-01 2.181251129324845439e-01
5.101301240733850939e+00 -1.953967000413102395e-01 2.170655568519297973e-01
5.095770481571983979e+00 -1.952412373371102683e-01 2.160128819215296203e-01
5.090221747424335419e+00 -1.950414010109025875e-01 2.149673369527322631e-01
5.084666696522955220e+00 -1.947997695640133753e-01 2.139217494030756506e-01
5.079116908559029753e+00 -1.945114694185119952e-01 2.128838100330929517e-01
5.073583887595352948e+00 -1.941864582351484902e-01 2.118463590780074457e-01
5.068079065273241923e+00 -1.938198098456221652e-01 2.108096708418353282e-01
5.062539520779801627e+00 -1.934139977201086158e-01 2.097740248655281525e-01
5.057125118556237808e+00 -1.929714651342760157e-01 2.087322770747654099e-01
5.051698527671104166e+00 -1.924871954531026941e-01 2.076995726635000039e-01
5.046270926880482399e+00 -1.919709959480660477e-01 2.066613471142146052e-01
5.040927725285420102e+00 -1.914103549593066667e-01 2.056253241163140677e-01
5.035531432556043185e+00 -1.908224394213606234e-01 2.045918016315549925e-01
5.030241647715593345e+00 -1.901946673080855132e-01 2.035610797157952345e-01
5.024995078879922694e+00 -1.895367055153653613e-01 2.025334600007967500e-01
5.019802681472619987e+00 -1.888507560847577371e-01 2.015018168412698873e-01
5.014601095331252978e+00 -1.881241276797559203e-01 2.004738818835084257e-01
5.009475499190699566e+00 -1.873738057222261721e-01 1.994499585580900569e-01
5.004362480473123043e+00 -1.865870258386438940e-01 1.984229216536385898e-01
4.999272889380145912e+00 -1.857807011268102770e-01 1.974079303264998364e-01
4.994217558722358064e+00 -1.849419960364181714e-01 1.963904292968188525e-01
4.989207306962677002e+00 -1.840728973705452742e-01 1.953707186410372221e-01
4.984252940937971665e+00 -1.831827870505471634e-01 1.943639535296800835e-01
4.979216691223036229e+00 -1.822661583915580474e-01 1.933555739136949558e-01
4.974257915134128183e+00 -1.813323310349087836e-01 1.923533028169628067e-01
4.969313113794821213e+00 -1.803683109257983308e-01 1.913500044811139722e-01
4.964318783800414359e+00 -1.793907906820480236e-01 1.903608260701312727e-01
4.959359984935799659e+00 -1.783941532363279847e-01 1.893786275809354047e-01
4.954373206420350506e+00 -1.773727591451551289e-01 1.883962669659256517e-01
4.949369217202480797e+00 -1.763432340479280935e-01 1.874288853156598211e-01
4.944284498268256556e+00 -1.752924727578788477e-01 1.864693369493649888e-01
4.939278375489783102e+00 -1.742370687242518201e-01 1.855179030674019014e-01
4.934138749971298310e+00 -1.731638899898614026e-01 1.845748637107924028e-01
4.929024930974698293e+00 -1.720820804826596884e-01 1.836479264779015963e-01
4.923799081843469594e+00 -1.710007778650479981e-01 1.827373702448202575e-01
4.918546201527854933e+00 -1.699068314227232812e-01 1.818360456380306300e-01
4.913276987163325060e+00 -1.688168034742704993e-01 1.809516606063903688e-01
4.907853546761061558e+00 -1.677175455236081525e-01 1.800844959365584252e-01
4.902360812545274449e+00 -1.666256279911697558e-01 1.792348342102614012e-01
4.896809402431035352e+00 -1.655353446442092979e-01 1.784029604476621844e-01
4.891061331707160065e+00 -1.644558571612576015e-01 1.775891627821739316e-01
4.885275708971794195e+00 -1.633814844541159328e-01 1.768011615117952018e-01
4.879317420515289605e+00 -1.623203896720759876e-01 1.760239688757397059e-01
4.873211698969822869e+00 -1.612692106057438124e-01 1.752780339607012128e-01
4.866986677565179775e+00 -1.602161490436869451e-01 1.745462425765839376e-01
4.860670426714042591e+00 -1.591791436942950055e-01 1.738337723512100863e-01
4.854290948264157635e+00 -1.581315886596576792e-01 1.731383800744704382e-01
4.847727602755889542e+00 -1.570914754138677816e-01 1.724578307839670643e-01
4.841082521258200266e+00 -1.560396825104874430e-01 1.717973268346143778e-01
4.834383465793837154e+00 -1.549868320675324707e-01 1.711472235449096324e-01
4.827583823936905105e+00 -1.539287207606295504e-01 1.705201716167233095e-01
4.820711170627757447e+00 -1.528611773713835220e-01 1.698991193175782288e-01
4.813792979741791989e+00 -1.517800633817252276e-01 1.692967398763859932e-01
4.806782335967001885e+00 -1.506812733100614532e-01 1.687034335795772610e-01
4.799706497543564154e+00 -1.495755914871957915e-01 1.681244700191501795e-01
4.792592608893611938e+00 -1.484515501193341969e-01 1.675577034827663847e-01
4.785393413689383202e+00 -1.473125705942616159e-01 1.670010016844194201e-01
4.778061535402218674e+00 -1.461546777301593603e-01 1.664448177301428855e-01
4.770772325366555044e+00 -1.449739271762303938e-01 1.659019037669768326e-01
4.763403876359229905e+00 -1.437812609227274996e-01 1.653701694086651686e-01
4.755982722277734887e+00 -1.425727924790414491e-01 1.648475385396115100e-01
4.748535270387134410e+00 -1.413446619353361244e-01 1.643319493429772349e-01
4.741013517675163769e+00 -1.401004624704083046e-01 1.638213542520950694e-01
4.733443618333345704e+00 -1.388363816215260893e-01 1.633137198245708244e-01
4.725851601356625409e+00 -1.375560557860446842e-01 1.628218832395077198e-01
4.718189088771690187e+00 -1.362631395226227005e-01 1.623364102662313291e-01
4.710481864998816270e+00 -1.349538747238832326e-01 1.618553083097414858e-01
4.702829879827116422e+00 -1.336319447336058730e-01 1.613765976312894757e-01
4.695035834482649939e+00 -1.322936149801517969e-01 1.609131675486091262e-01
4.687273737318911060e+00 -1.309500153027987057e-01 1.604482057661406613e-01
4.679420357026581989e+00 -1.295899954427890133e-01 1.599871961942891108e-01
4.671575212419517342e+00 -1.282246923795347104e-01 1.595430615564616961e-01
4.663689160694324265e+00 -1.268503858324077915e-01 1.590915925400136766e-01
4.655712970673692830e+00 -1.254707806088893873e-01 1.586531588516955638e-01
4.647745896474642535e+00 -1.240895756220308926e-01 1.582258532241651861e-01
4.639812834043569367e+00 -1.227030330037707784e-01 1.578003472375631155e-01
4.631790045026861868e+00 -1.213222607401276965e-01 1.573821754602777179e-01
4.623702298431992652e+00 -1.199509253499765754e-01 1.569768778143383892e-01
4.615648594999327337e+00 -1.185852497828853158e-01 1.565825702741544256e-01
4.607579324734367709e+00 -1.172288682077723410e-01 1.561899439060304429e-01
4.599444842058693972e+00 -1.158928243119833612e-01 1.558045489565338115e-01
4.591344041006140131e+00 -1.145658564293088599e-01 1.554393655456368650e-01
4.583152945884839902e+00 -1.132589664176609640e-01 1.550702326220762539e-01
4.574970420387720615e+00 -1.119757052966885436e-01 1.547175588940844781e-01
4.566821041536945458e+00 -1.107196009123021241e-01 1.543794667837977974e-01
4.558580823932764758e+00 -1.094941575375498743e-01 1.540466482704762885e-01
4.550348644754047100e+00 -1.082954274184650123e-01 1.537172207769160748e-01
4.542149116913804185e+00 -1.071268676720579377e-01 1.534041547556886931e-01
4.533858312343183705e+00 -1.060067691390913502e-01 1.530981312304210418e-01
4.525649469359625421e+00 -1.049311154414329372e-01 1.528121112524498115e-01
4.517398730515824745e+00 -1.038958691459340167e-01 1.525293368724803533e-01
4.509130848952180415e+00 -1.029192582285763657e-01 1.522553290890392708e-01
4.500869217156586721e+00 -1.019958763891749831e-01 1.520029838138664546e-01
4.492557360617579931e+00 -1.011224045712263986e-01 1.517552890510175112e-01
4.484286018826520781e+00 -1.003016070966037260e-01 1.515174638156205345e-01
4.476071706592818167e+00 -9.952138042559652287e-02 1.512947198203344890e-01
4.467708149164312026e+00 -9.878446931853955559e-02 1.510774046926875724e-01
4.459434835158029742e+00 -9.808618476697364419e-02 1.508781437344519361e-01
4.451045615209764605e+00 -9.741440717547039663e-02 1.506872699188760989e-01
4.442631536944709580e+00 -9.677930312104056354e-02 1.505025374805096239e-01
4.434209426677441890e+00 -9.616875876143766988e-02 1.503291221928444166e-01
4.425721887898498075e+00 -9.558552522081174840e-02 1.501647650322462391e-01
4.417185866053745968e+00 -9.502493726973486321e-02 1.500146293268090070e-01
4.408692645626188344e+00 -9.448977382341884612e-02 1.498764445845757742e-01
4.400036429039100305e+00 -9.396797672520047773e-02 1.497405070982865127e-01
4.391457167462464284e+00 -9.346236798719306793e-02 1.496193940221129115e-01
4.382749153968301670e+00 -9.297579690320828538e-02 1.495033940111793469e-01
4.374078136691179175e+00 -9.250371545390199957e-02 1.493976497727686759e-01
4.365312761435217404e+00 -9.204161032259926267e-02 1.493073022177590081e-01
4.356470266369178113e+00 -9.159243478983448983e-02 1.492226346565966866e-01
4.347642191813120505e+00 -9.114432707475837725e-02 1.491413587830616172e-01
4.338771522691855509e+00 -9.070775529633560985e-02 1.490760439857183317e-01
4.329875531741395278e+00 -9.027837872094474081e-02 1.490095482270654137e-01
4.320897205010444608e+00 -8.985933557332365096e-02 1.489544458365962554e-01
4.311853801251469775e+00 -8.943896048142169208e-02 1.489084584015703816e-01
4.302836844260347071e+00 -8.902050008430008321e-02 1.488693124515887423e-01
4.293789264737521982e+00 -8.860725822785436856e-02 1.488347404250851269e-01
4.284728243269408487e+00 -8.819516918033230846e-02 1.488099099590423635e-01
4.275596635978869742e+00 -8.779508390117832239e-02 1.487851397413913201e-01
4.266411534443108167e+00 -8.738820079532867713e-02 1.487656137697182801e-01
4.257264258938526780e+00 -8.699292134717054314e-02 1.487490971038988585e-01
4.248097501583115054e+00 -8.659799506703634575e-02 1.487407933071565880e-01
4.238928170968959463e+00 -8.620708930268204673e-02 1.487384884151491948e-01
4.229773103327363337e+00 -8.583136020756296225e-02 1.487399798772441883e-01
4.220574774299948650e+00 -8.545230991716827595e-02 1.487430770618985432e-01
4.211424145385062268e+00 -8.508121189140453733e-02 1.487456016699767736e-01
4.202263526586366815e+00 -8.472939567376264192e-02 1.487528164005137155e-01
4.193183707849903463e+00 -8.437853128046030049e-02 1.487625684629318157e-01
4.184052539790307890e+00 -8.404005343593125288e-02 1.487727180330284116e-01
4.175034917295190162e+00 -8.371801691489583197e-02 1.487885665986618811e-01
4.165998511470194288e+00 -8.340166496473119806e-02 1.488005717916727200e-01
4.156959471519859228e+00 -8.310999588124551307e-02 1.488140605572924602e-01
4.148008143027217542e+00 -8.282490405746040230e-02 1.488195154067054882e-01
4.139160503654649936e+00 -8.255803109125466055e-02 1.488297157074329469e-01
4.130358166773400619e+00 -8.231361977390590223e-02 1.488351670079101075e-01
4.121542669510993129e+00 -8.208850964638206293e-02 1.488412421041284406e-01
4.112878328702805675e+00 -8.188698910666229736e-02 1.488458951969390820e-01
4.104306546196093031e+00 -8.171336235252937841e-02 1.488396609970769890e-01
4.095842950021630458e+00 -8.157194459782297902e-02 1.488353671334173289e-01
4.087428835353080103e+00 -8.145962889977910459e-02 1.488235629671203764e-01
4.079228307236375528e+00 -8.138073803733480993e-02 1.488096601739764269e-01
4.071108305491651258e+00 -8.133959137818898288e-02 1.487842180978252715e-01
