# cl_TT                  cl_TE                    cl_EE
2.650618121147853799e+03 2.406301109615538447e+00 4.533662034957073629e-03
1.902003628624748444e+03 2.785245512809180202e+00 1.086026875377333473e-02
1.536227751391194033e+03 3.045793437065240195e+00 1.924948347053865791e-02
1.318560369395652515e+03 3.189674838453384620e+00 2.842575676941739432e-02
1.172879214864321739e+03 3.235150125148894329e+00 3.711110082507464852e-02
1.067769172668784677e+03 3.204152655095108937e+00 4.423976774853844579e-02
9.881650389105998329e+02 3.117679991942636342e+00 4.909298962711101944e-02
9.258766734419233444e+02 2.993565091116915156e+00 5.134763338737190902e-02
8.755042477717574911e+02 2.848945630682298003e+00 5.103731593213840095e-02
8.340616083046429594e+02 2.696629696782832486e+00 4.848229620453139987e-02
7.998592539431268733e+02 2.542521695837509199e+00 4.421872514084939504e-02
7.710414829046525256e+02 2.391369564491830690e+00 3.889617743655081339e-02
7.461409413452137187e+02 2.250029762886290197e+00 3.315903819326947166e-02
7.246511186994447371e+02 2.124059126521998575e+00 2.756218856796870814e-02
7.063592635353405740e+02 2.015187368108080967e+00 2.253215087490752569e-02
6.907809129724561217e+02 1.922903923071513477e+00 1.835395356050746607e-02
6.765370523782024748e+02 1.843832612902723600e+00 1.516386905416231695e-02
6.652920291697822677e+02 1.784049823501462129e+00 1.300019112417794866e-02
6.551735892120510698e+02 1.737283715793525474e+00 1.176485589408284016e-02
6.456080931846993280e+02 1.704646751277660410e+00 1.129147196451190001e-02
6.372431620730667419e+02 1.686699828951371938e+00 1.140942771488592106e-02
6.298332627853922077e+02 1.679743305909824125e+00 1.193134583519116741e-02
6.231307367490668412e+02 1.686051681312282335e+00 1.268290799897799428e-02
6.171169544006990009e+02 1.702721837050512832e+00 1.353490086193918918e-02
6.115607335021574045e+02 1.731465589268027738e+00 1.440031665221634151e-02
6.066651379472244798e+02 1.763789123331336528e+00 1.524765018707825368e-02
6.019109577726545695e+02 1.805601479187753489e+00 1.606322201036384720e-02
5.979183884499399255e+02 1.852352474031955909e+00 1.689888852108299699e-02
5.940169110732521176e+02 1.903662619035502379e+00 1.778478359448749588e-02
5.904495626901780270e+02 1.957373657076897144e+00 1.878460797192935475e-02
5.872299310597837803e+02 2.011587528723685292e+00 1.994679248724469042e-02
5.839749249575818340e+02 2.067514946794584585e+00 2.132534919034292931e-02
5.809894904951069066e+02 2.121073756851737269e+00 2.294359216133350435e-02
5.782493713785804630e+02 2.173197595497857737e+00 2.481192496841526027e-02
5.756554508728685278e+02 2.222719518561981911e+00 2.693665777920091486e-02
5.731318799941982434e+02 2.266791977004111835e+00 2.931005950698155338e-02
5.707430623276577535e+02 2.306395970461040168e+00 3.190434314055454190e-02
5.684712580592844233e+02 2.342611949275219541e+00 3.469118246150020013e-02
5.663103705451828773e+02 2.374473709525447340e+00 3.764472386031016832e-02
5.642406379337484168e+02 2.401021104313427301e+00 4.074128003377486262e-02
5.622500688743256205e+02 2.421897820898904818e+00 4.397832036400877581e-02
5.603145378075377039e+02 2.436881305244440910e+00 4.735059191839599557e-02
5.584093467239483743e+02 2.445820911329838143e+00 5.084737474423150355e-02
5.565810854679589283e+02 2.448735061475067365e+00 5.446827914618849326e-02
5.549098214099782354e+02 2.445057567157610912e+00 5.824128205733778568e-02
5.533105580350870696e+02 2.436521291597081973e+00 6.217542107337317020e-02
5.516811754778121895e+02 2.424719082564449124e+00 6.627446804042305684e-02
5.499868690308122723e+02 2.409651969144046113e+00 7.055544251670782530e-02
5.482635227035120806e+02 2.390653478579520819e+00 7.503371286020839304e-02
5.466327873528728105e+02 2.366569476239848591e+00 7.971785925543317664e-02
5.451378678282361534e+02 2.336826615512014982e+00 8.460571617338114025e-02
5.437081715898805214e+02 2.301519807516740457e+00 8.969376800479532397e-02
5.423148727435996079e+02 2.261280431286484038e+00 9.497179673787090048e-02
5.409895645948004130e+02 2.216148450894583899e+00 1.004438147598775005e-01
5.397213533486186634e+02 2.166949477637520438e+00 1.060944094080738670e-01
5.384717917470271686e+02 2.114391842864959958e+00 1.119068565785509006e-01
5.371996382350228032e+02 2.058383226293684309e+00 1.178802196584440992e-01
5.358994919866232749e+02 1.998663632692210923e+00 1.240126691975245582e-01
5.345996671429689968e+02 1.934756625887902315e+00 1.302992722352517563e-01
5.333371476907994975e+02 1.866235589026663755e+00 1.367357888830332824e-01
5.321347249521363665e+02 1.793014726374585921e+00 1.433191577742764233e-01
5.310235021231464998e+02 1.714903848020221000e+00 1.500482969163371705e-01
5.300362460097783242e+02 1.630892991576009310e+00 1.569367009413868141e-01
5.292000309317617166e+02 1.540636663395474670e+00 1.639856681364835478e-01
5.284679422167338316e+02 1.444997359526907887e+00 1.711807549300242703e-01
5.277498033102743875e+02 1.344627424500852486e+00 1.785178229988231280e-01
5.269537878076957895e+02 1.240229069212709145e+00 1.859918996535887825e-01
5.260025739135421645e+02 1.132271806998994768e+00 1.935979440106138649e-01
5.249520539665011256e+02 1.020214995367607624e+00 2.013320126709598201e-01
5.239741650384478362e+02 9.026925183962847266e-01 2.091890872444449323e-01
5.231703710517986110e+02 7.788396356312574653e-01 2.171614341455861685e-01
5.226146115620316550e+02 6.478698014486193868e-01 2.252456054290206400e-01
5.222659523294720429e+02 5.102794171593191264e-01 2.334352134239110199e-01
5.219816417231971855e+02 3.675813274126900621e-01 2.417139706313264080e-01
5.216829909609864444e+02 2.206373398035084143e-01 2.500753026617105745e-01
5.213654904283746419e+02 6.953194483276302351e-02 2.585178844748808324e-01
5.210414643344602155e+02 -8.562025963458047562e-02 2.670417221231998206e-01
5.207228179801730903e+02 -2.448683623433804413e-01 2.756451652890689052e-01
5.204549930038226648e+02 -4.083221117132065370e-01 2.843270288534447410e-01
5.202804754819624122e+02 -5.761881994355601000e-01 2.930816514182794097e-01
5.202087558543415753e+02 -7.483759001438714531e-01 3.019035687011763502e-01
5.202336897374196951e+02 -9.249111507019583955e-01 3.107833269642114593e-01
5.203368273986299073e+02 -1.105054137550590010e+00 3.197141204030281014e-01
5.204992281418647053e+02 -1.288666542646067725e+00 3.286906078691735344e-01
5.207166206963967170e+02 -1.475402817301110225e+00 3.377055309488812829e-01
5.209855213304147128e+02 -1.665154469554899874e+00 3.467533937181817572e-01
5.213170041096840350e+02 -1.857856442909429084e+00 3.558278645700522769e-01
5.217028186508938461e+02 -2.053383643615982468e+00 3.649233452464517025e-01
5.221533139171315270e+02 -2.251572200228584286e+00 3.740370626590308056e-01
5.226778463340506278e+02 -2.452296776755007457e+00 3.831588349570167473e-01
5.232922705521202715e+02 -2.655665215356819431e+00 3.922629842171155290e-01
5.239714264763427991e+02 -2.861266347821947331e+00 4.013641770736868231e-01
5.247210819511884665e+02 -3.069169510235767007e+00 4.104414726015149784e-01
5.255397879912346752e+02 -3.279192746467493258e+00 4.194920868288872784e-01
5.264260931150354281e+02 -3.491219388613509889e+00 4.285111500668779549e-01
5.273734174246028488e+02 -3.705197589327670737e+00 4.374891205129590732e-01
5.283882540134303554e+02 -3.920920919120908010e+00 4.464188316459117289e-01
5.294686230003161427e+02 -4.138346482724694297e+00 4.552874727749333661e-01
5.306138320427357939e+02 -4.357341745695260116e+00 4.640851692276860008e-01
5.318400771544875170e+02 -4.577199969403004332e+00 4.727897759999198923e-01
5.331325910804441719e+02 -4.798398276709820109e+00 4.814093140545445682e-01
5.344899066291118288e+02 -5.020743228727541307e+00 4.899398462661703202e-01
5.359139830214348876e+02 -5.244186930820066372e+00 4.983851320157063336e-01
5.374089872097526950e+02 -5.468639071537459095e+00 5.067317748981415848e-01
5.389683817852532002e+02 -5.693953019119278203e+00 5.149759408423824070e-01
5.405925775822177002e+02 -5.920099882165616556e+00 5.231164874474061310e-01
5.422832820296998761e+02 -6.146996777909334853e+00 5.311509782324206341e-01
5.440402827392479139e+02 -6.374341511815320160e+00 5.390659585606623061e-01
5.458617466745413367e+02 -6.601065678502807899e+00 5.468171299980257860e-01
5.477476346160111689e+02 -6.827868399055499360e+00 5.544333278327824299e-01
5.496959111049491185e+02 -7.054513083306756194e+00 5.619011548121027877e-01
5.517039410668119217e+02 -7.280876244753880400e+00 5.692151524513903160e-01
5.537737503922476208e+02 -7.506727445437590518e+00 5.763652054618736420e-01
5.559009748178472137e+02 -7.731879448913058894e+00 5.833425881130346324e-01
5.580919540268935179e+02 -7.956184450990151369e+00 5.901404671092917997e-01
5.603438049213018530e+02 -8.179387702973450303e+00 5.967468494705642224e-01
5.626471945162858219e+02 -8.401281845423792305e+00 6.031560956681237817e-01
5.650157973393178281e+02 -8.620038960504746939e+00 6.093195846139649596e-01
5.674353768748046605e+02 -8.837155647174261830e+00 6.152758356557259667e-01
5.699113646727402056e+02 -9.052444638128795518e+00 6.210334805703361383e-01
5.724410176367164240e+02 -9.265849225209311868e+00 6.265774049900169063e-01
5.750264974974520555e+02 -9.477107716953318217e+00 6.319105544447812806e-01
5.776633963579841975e+02 -9.686180713419734190e+00 6.370342500841691402e-01
5.803464856660131090e+02 -9.893020673905807527e+00 6.419481694184371312e-01
5.830861642597527634e+02 -1.009753894019217668e+01 6.466503327597683537e-01
5.858734433524577980e+02 -1.029969435804926192e+01 6.511542891239410213e-01
5.886975668206488308e+02 -1.049699355967196901e+01 6.553831760685771002e-01
5.915742710713482211e+02 -1.069139304350553843e+01 6.593821693736310330e-01
5.944937802959892679e+02 -1.088269721927166422e+01 6.631440293250731033e-01
5.974553693123233415e+02 -1.107068934656908787e+01 6.666544816869357515e-01
6.004439623291362977e+02 -1.125521500110350459e+01 6.699151017136343311e-01
6.034570592861465457e+02 -1.143602426271583816e+01 6.729167638508184446e-01
6.064871630373362450e+02 -1.161295324744795465e+01 6.756510470391191570e-01
6.095267795046028141e+02 -1.178575451948723440e+01 6.781137135736422517e-01
6.125610775362582672e+02 -1.195432752079108063e+01 6.803005273347914050e-01
6.155834087598514088e+02 -1.211620517752360016e+01 6.821656233518734735e-01
6.186082702142109611e+02 -1.227343218565752281e+01 6.837534406020563393e-01
6.216480523374111726e+02 -1.242637447868052369e+01 6.850701050877713305e-01
6.247115316082819163e+02 -1.257497940576032747e+01 6.861110595279449331e-01
6.278048628679807734e+02 -1.271931521685844402e+01 6.868798261954560669e-01
6.309299801622781843e+02 -1.285938086811308700e+01 6.873815840844430536e-01
6.340921353168258747e+02 -1.299522597561863613e+01 6.876191858216720298e-01
6.372903166528759584e+02 -1.312696481419557060e+01 6.875978984580318754e-01
6.405118616376432783e+02 -1.325453133343572709e+01 6.873233686238074958e-01
6.437262343255815722e+02 -1.337534931908234448e+01 6.867634095911292480e-01
6.469491305776799663e+02 -1.349078198114524518e+01 6.859451246931931312e-01
6.501728222444530729e+02 -1.360120039252011814e+01 6.848517527092496948e-01
6.534002596212781100e+02 -1.370623526569630357e+01 6.834831629885449455e-01
6.566248209336854416e+02 -1.380568064986312038e+01 6.818392231310155260e-01
6.598458243392894929e+02 -1.389941411580857356e+01 6.799197987381111474e-01
6.630625879176540138e+02 -1.398729943609895976e+01 6.777247531658753266e-01
6.662744294744921945e+02 -1.406913533194203936e+01 6.752475468108078971e-01
6.694734472333376516e+02 -1.414475537910971070e+01 6.724925917443745904e-01
6.726408872594756758e+02 -1.421180037900914073e+01 6.694554953922106089e-01
6.757801909831033527e+02 -1.427160696304795096e+01 6.661443959864059572e-01
6.789033814600285268e+02 -1.432493084076267209e+01 6.625663554856612292e-01
6.820135261821351378e+02 -1.437181019727927733e+01 6.587317912438160894e-01
6.851039376898820592e+02 -1.441211749630427796e+01 6.546423121184347105e-01
6.881692248600651283e+02 -1.444583223563627072e+01 6.503081183053218695e-01
6.912098563637831603e+02 -1.447293051896302885e+01 6.457290424990760336e-01
6.942286854495114312e+02 -1.449347162283393331e+01 6.409175929393131632e-01
6.972178610438842270e+02 -1.450758571154005772e+01 6.358862031612695365e-01
7.001481749496489329e+02 -1.451332494737741285e+01 6.306593982463930548e-01
7.030348794755329891e+02 -1.451186620072525102e+01 6.252373779418937128e-01
7.058884872542154199e+02 -1.450433809534015595e+01 6.196332468623122480e-01
7.087121751702998154e+02 -1.449075456496522918e+01 6.138605669871508574e-01
7.115025744721494902e+02 -1.447132536074457576e+01 6.079206062095535712e-01
7.142620629953585194e+02 -1.444590105920264556e+01 6.018163854438963734e-01
7.169818818266322751e+02 -1.441431627955330264e+01 5.955484457024868838e-01
7.196614069913766798e+02 -1.437644276534878607e+01 5.891145258014954811e-01
7.223001253009736047e+02 -1.433222435798324845e+01 5.825116709755988609e-01
7.248506711723828175e+02 -1.427972114883100296e+01 5.757743255676754934e-01
7.273216208021898410e+02 -1.421945458139755480e+01 5.688957981903356442e-01
7.297471667572602883e+02 -1.415262824227971095e+01 5.618550022941615207e-01
7.321200140734182469e+02 -1.407917547817975112e+01 5.546530641753475432e-01
7.344467479605859808e+02 -1.399916257346146509e+01 5.472918561790937053e-01
7.367339543361680398e+02 -1.391257921092896588e+01 5.397735518669524168e-01
7.389720187856684106e+02 -1.381941409913851615e+01 5.320992575323683083e-01
7.411689718104556732e+02 -1.371979768449573633e+01 5.242700726215588913e-01
7.433230205628390195e+02 -1.361368886493876218e+01 5.162892009687918282e-01
7.453937448696042338e+02 -1.350009275068420322e+01 5.082099149314988074e-01
7.473648184823068732e+02 -1.337910988410556001e+01 5.000366275682860406e-01
7.492732528163184043e+02 -1.325209672029144592e+01 4.917264888270471146e-01
7.511005280249362386e+02 -1.311916598865453665e+01 4.832819627558370690e-01
7.528520203768587180e+02 -1.298036411531377965e+01 4.747052168123725435e-01
7.545190851663094236e+02 -1.283587934210470927e+01 4.659993612918622019e-01
7.561251433639163224e+02 -1.268601273345552727e+01 4.571658924204626828e-01
7.576793890137479366e+02 -1.253104291946460513e+01 4.482076920285900656e-01
7.591895969328577394e+02 -1.237125132006087469e+01 4.391280543110751555e-01
7.606480525786366798e+02 -1.220605399644112055e+01 4.299938967186227035e-01
7.620489091765859939e+02 -1.203530075767746510e+01 4.208478551148125413e-01
7.634324446178757171e+02 -1.185990608717034611e+01 4.116394247733310974e-01
7.647884251352384126e+02 -1.167979252673416646e+01 4.023904811176360896e-01
7.660997832412421076e+02 -1.149490056742412669e+01 3.931300706304972636e-01
7.673619391328237498e+02 -1.130512247002832105e+01 3.838741232959631544e-01
7.685650369075718800e+02 -1.111039580106507429e+01 3.746491199861265442e-01
7.696946191801815758e+02 -1.091063442649740800e+01 3.654785467241504771e-01
7.707500654154423501e+02 -1.070587635733123832e+01 3.563783089760814149e-01
7.716873824703291120e+02 -1.049551532867367243e+01 3.474461106092123774e-01
7.724916491975420740e+02 -1.027950724569239505e+01 3.387417332693902217e-01
7.732102373292433413e+02 -1.005852235779004467e+01 3.301780939715194818e-01
7.738358254525178381e+02 -9.832675693113538173e+00 3.217694695767148727e-01
7.743611367546839119e+02 -9.601904780481559598e+00 3.135443287177146487e-01
7.747871013632084214e+02 -9.366292112937872005e+00 3.055141259419547617e-01
7.751143863974946271e+02 -9.125865226555269771e+00 2.976952613719929253e-01
7.753362504899979513e+02 -8.880651531645186836e+00 2.901074194146170959e-01
7.754519730300501124e+02 -8.630746868107483039e+00 2.827527165715558177e-01
7.754464186966094985e+02 -8.376084539868125844e+00 2.757136179548878574e-01
7.752809322573735926e+02 -8.116730078753178645e+00 2.690941399076018925e-01
7.750016393267155763e+02 -7.853097520638760543e+00 2.627573675883892457e-01
7.746129512096542840e+02 -7.585195763347653219e+00 2.567190958838540538e-01
7.741081583995024857e+02 -7.313213771136296337e+00 2.509845473973109087e-01
7.734950063169792429e+02 -7.037233299674796605e+00 2.455528668987781715e-01
7.727693789478594226e+02 -6.757332060961644515e+00 2.404295068422680204e-01
7.719306332027364306e+02 -6.473754377391096604e+00 2.356283916040208537e-01
7.709742172390130008e+02 -6.186482721985682609e+00 2.311547710224407803e-01
7.698962840178387523e+02 -5.895822485601563301e+00 2.270580561137517939e-01
7.686603691797043894e+02 -5.602239319017112251e+00 2.234727430353332656e-01
7.673148937111474197e+02 -5.305448563362301861e+00 2.202169943611095027e-01
7.658724224608783970e+02 -5.005619964923965881e+00 2.172887212920786293e-01
7.643313533544526308e+02 -4.702812817363037468e+00 2.146779443763313089e-01
7.626943516992893137e+02 -4.397193224547945256e+00 2.123918121820455029e-01
7.609661061778407429e+02 -4.088830174740110124e+00 2.104160604615140373e-01
7.591499071022033149e+02 -3.777826351088497070e+00 2.087505129848108987e-01
7.572407371773454088e+02 -3.464470595482978865e+00 2.073704448995225547e-01
7.552301845923883548e+02 -3.149047488850258425e+00 2.063080952826332748e-01
7.530762220583495719e+02 -2.832723337612911507e+00 2.057178925258305036e-01
7.508368648674618271e+02 -2.514787884335356161e+00 2.053804902943813515e-01
7.484980741485729823e+02 -2.195315689059435194e+00 2.052698776646254275e-01
7.460716167229885514e+02 -1.874425142267202249e+00 2.053751463482133555e-01
7.435669899201872113e+02 -1.552293046449850555e+00 2.056681969391404574e-01
7.409943142629183512e+02 -1.228428391274731579e+00 2.061303738973401245e-01
7.383705717641679485e+02 -9.034789018589658438e-01 2.067399895017332512e-01
7.357007712493509644e+02 -5.768722155086272174e-01 2.074699441152723089e-01
7.329975031140231749e+02 -2.492174915834161064e-01 2.083285847914544964e-01
7.302223675826364797e+02 7.790679595364710663e-02 2.095630615590342860e-01
7.274156178063191192e+02 4.053463848061445440e-01 2.109809801353607350e-01
7.245666387249533500e+02 7.335850576992726246e-01 2.126148247693269433e-01
7.216755146578884705e+02 1.060829489151378091e+00 2.145011026917175712e-01
7.187405539475239493e+02 1.387427093446801596e+00 2.166739355365081554e-01
7.157486102398238472e+02 1.712879707483433211e+00 2.191731716090841442e-01
7.126923301479254178e+02 2.037044777404604989e+00 2.220270690085400789e-01
7.095816751433153513e+02 2.358769464130252569e+00 2.252689399024249139e-01
7.064031814282201367e+02 2.678550071542186384e+00 2.289325810025063801e-01
7.031354087382841271e+02 2.992735734940780379e+00 2.332554132168014605e-01
6.998025619887539506e+02 3.304767227643278016e+00 2.380429663509928961e-01
6.964137112477509390e+02 3.613168463133113573e+00 2.433103749371989810e-01
6.929755107895878155e+02 3.918449026715868477e+00 2.490843462520556939e-01
6.894788974133482498e+02 4.219546900744109763e+00 2.553849883057083825e-01
6.859255103530333599e+02 4.516962088707657585e+00 2.622225819092381949e-01
6.823219561942879636e+02 4.810467545894113073e+00 2.696032148804454742e-01
6.786617335066488295e+02 5.099902385446757336e+00 2.775502394425952146e-01
6.749464259420482222e+02 5.385034537218999162e+00 2.860641856713635467e-01
6.711559365694168946e+02 5.662176258951639340e+00 2.953516283705070467e-01
6.673067728493446111e+02 5.933815057153859485e+00 3.052382683126835805e-01
6.634050922360387403e+02 6.200684417499613410e+00 3.157127048459308361e-01
6.594540587531539586e+02 6.462967677541541001e+00 3.267755708747310250e-01
6.554580557260604792e+02 6.719777870578937495e+00 3.384236643316089199e-01
6.514087841048309429e+02 6.971585846853745494e+00 3.506626124837429193e-01
6.473143243459993528e+02 7.218036208732994119e+00 3.634886450619694287e-01
6.431781903205503568e+02 7.459266258359335211e+00 3.769152005348047618e-01
6.389898039754426691e+02 7.695307129265160029e+00 3.908528283085668242e-01
6.347382283453745231e+02 7.923116500734860068e+00 4.055416776539401136e-01
6.304418132694830774e+02 8.144376315820403889e+00 4.208038130603634630e-01
6.260946487125545445e+02 8.360646311103144157e+00 4.365372809503552110e-01
6.216970434549723450e+02 8.571127222942960699e+00 4.527961104678820403e-01
6.172477877187330932e+02 8.775540309226308011e+00 4.695121132218718074e-01
6.127538032688053136e+02 8.974899365456536771e+00 4.866873014864938063e-01
6.082118362845278625e+02 9.169147854097893457e+00 5.042728176572208731e-01
6.036250673451776265e+02 9.358445524693605577e+00 5.223484817407154646e-01
5.990001293642103519e+02 9.543297213383434396e+00 5.407730838977546917e-01
5.943317334283776745e+02 9.720997443973548258e+00 5.597064115620776770e-01
5.896312329639064274e+02 9.894232203558802397e+00 5.790444598583823765e-01
5.849021169840675611e+02 1.006362872985884671e+01 5.987365219899667412e-01
5.801405460490792620e+02 1.022969173632360551e+01 6.187707209366565264e-01
5.753552061561770188e+02 1.039292591129295751e+01 6.390778043149086818e-01
5.705428476280090990e+02 1.055383592059608411e+01 6.596605365479223382e-01
5.656946661116089672e+02 1.071292641024588299e+01 6.804146698133203275e-01
5.608230164545534535e+02 1.086942748231161637e+01 7.013838495605352330e-01
5.559189760103287199e+02 1.102457470205651369e+01 7.225079765903418272e-01
5.509993820991739994e+02 1.117457876174684195e+01 7.438561451798565427e-01
5.460641349520408312e+02 1.132061802830905961e+01 7.653139615880385493e-01
5.411088903058334836e+02 1.146341759726886522e+01 7.869027168600298827e-01
5.361478818922458913e+02 1.160277359319094970e+01 8.086897499047559501e-01
5.311855032737814781e+02 1.173839557184726345e+01 8.305842337234964345e-01
5.262228232458255661e+02 1.186925495308891065e+01 8.526294540285619394e-01
5.212559818049946898e+02 1.199539345315556460e+01 8.748715554703526687e-01
5.163044425872794818e+02 1.211666065122414970e+01 8.972743655559272113e-01
5.113555968022594698e+02 1.223183583048868783e+01 9.198015955563814128e-01
5.064384300654764388e+02 1.233840717824265099e+01 9.424184535657135209e-01
5.015388167345791999e+02 1.243783952945823224e+01 9.651274026776308634e-01
4.966643124245229046e+02 1.253058588384761585e+01 9.880089040177462145e-01
4.918114927337286417e+02 1.261653161483144103e+01 1.011024506464192285e+00
4.869869472450517378e+02 1.269493979433446462e+01 1.034104662571856847e+00
4.821911721807618392e+02 1.276675263837207908e+01 1.057286873008019379e+00
4.774300919742381666e+02 1.283126611996913269e+01 1.080552694957874316e+00
4.727015740438748708e+02 1.288787120310617595e+01 1.103919713005622860e+00
4.680103564738316209e+02 1.293634157473585589e+01 1.127407478661273554e+00
4.633662243678477353e+02 1.297553610909078792e+01 1.150864039072871714e+00
4.587763512265837562e+02 1.300493237469592245e+01 1.174344941604037684e+00
4.542357952914379666e+02 1.302648374181089608e+01 1.197834888252052199e+00
4.497380519335134181e+02 1.304026567559390948e+01 1.221395041424572003e+00
4.452835799007212927e+02 1.304662653734621358e+01 1.245016904999256768e+00
4.408773877655498268e+02 1.304543609483141964e+01 1.268692001136155545e+00
4.365244380017156800e+02 1.303708863723057299e+01 1.292465596128257621e+00
4.322189864808111111e+02 1.302107602607721759e+01 1.316242354371252032e+00
4.279586025424463855e+02 1.299689003014779409e+01 1.340026463250516775e+00
4.237605353426991428e+02 1.296386715905911302e+01 1.363730024734301161e+00
4.196185610135015054e+02 1.292092507298454507e+01 1.387253616752165408e+00
4.155155400789958549e+02 1.287009738206147524e+01 1.410743206912096870e+00
4.114490498412004627e+02 1.281116099770454930e+01 1.434148723737575848e+00
4.074133125696896514e+02 1.274422801932049687e+01 1.457450431842354455e+00
4.034132521709433945e+02 1.267013748251051553e+01 1.480667002119219644e+00
3.994485581893670201e+02 1.258922065785552746e+01 1.503874179815147150e+00
3.955220367896417315e+02 1.250181899787513728e+01 1.527087455524045234e+00
3.916370515849033040e+02 1.240870488325034593e+01 1.550327913162237614e+00
3.878035900622517147e+02 1.230845906399808598e+01 1.573478588508422149e+00
3.840301990329528508e+02 1.220257249045854664e+01 1.596549412702355397e+00
3.802973163386632223e+02 1.209166607428228168e+01 1.619626121548772391e+00
3.765911965415298823e+02 1.197621785461373456e+01 1.642771402102488398e+00
3.729122730944806108e+02 1.185670563363246899e+01 1.665977071065054549e+00
3.692565484437462260e+02 1.173316366719800641e+01 1.689190630501117507e+00
3.656145760512698644e+02 1.160613115980819110e+01 1.712410117783205621e+00
3.619829823138355778e+02 1.147500967749287248e+01 1.735665534841420277e+00
3.583571282013665495e+02 1.134050649102542785e+01 1.758937144389807417e+00
3.547673844466867763e+02 1.120211891507996071e+01 1.782044266191749715e+00
3.512184195442478654e+02 1.105914623934908825e+01 1.804876762788091726e+00
3.477028844574887216e+02 1.091312115848604947e+01 1.827578014892365488e+00
3.442177780921446129e+02 1.076405965612426385e+01 1.850097622353561677e+00
3.407708475096097800e+02 1.061194106046169239e+01 1.872385609815505392e+00
3.373635133588101667e+02 1.045684686851201306e+01 1.894440306549776132e+00
3.340075827798049772e+02 1.029869613552156515e+01 1.916169051247139210e+00
3.307002138743774822e+02 1.013754098609155818e+01 1.937618295499805576e+00
3.274503851043525060e+02 9.973344628430005798e+00 1.958627716890446235e+00
3.242694894869593440e+02 9.805787712636577780e+00 1.979179083776892334e+00
3.211878401544145163e+02 9.634423649290974723e+00 1.999047808348207056e+00
3.181653196896790519e+02 9.460106234497329680e+00 2.018432142636211513e+00
3.152132617725702630e+02 9.282922125896213572e+00 2.037281164864229055e+00
3.123325236437502213e+02 9.102776346717686096e+00 2.055581119863501005e+00
3.095220419092486281e+02 8.919680672054195014e+00 2.073254348248906087e+00
3.067927841544974399e+02 8.733651019517450820e+00 2.090274501748746072e+00
3.041402647545467062e+02 8.544596010605067349e+00 2.106662770721459133e+00
3.015696023697757369e+02 8.352520018580559480e+00 2.122237306154809655e+00
2.990940652348509161e+02 8.157403981740653620e+00 2.137094049709210353e+00
2.967368379821911617e+02 7.959224796421874082e+00 2.150864418040635329e+00
2.944609123717013404e+02 7.758439255175983540e+00 2.163924316480984711e+00
2.922750353409359150e+02 7.555232349842690986e+00 2.176341492366811625e+00
2.901738197430924515e+02 7.349639411491307506e+00 2.188106949284913227e+00
2.881517321526562228e+02 7.141782071054066705e+00 2.199255681451978806e+00
2.862150682396006118e+02 6.931725430818588052e+00 2.209760726882539661e+00
2.843653106345827837e+02 6.719534400771771665e+00 2.219643257927637947e+00
2.825905275310693128e+02 6.505273708097916163e+00 2.228857364018439036e+00
2.809082163059205186e+02 6.288986480484220820e+00 2.237423026503504886e+00
2.793423774345070001e+02 6.071090837089011316e+00 2.244947814519520524e+00
2.778512486252775489e+02 5.851389071331761116e+00 2.251788086473947015e+00
2.764337596502348333e+02 5.629859531425241315e+00 2.258060500970063611e+00
2.750882542862804030e+02 5.406522796561175959e+00 2.263689660564792039e+00
2.738177168923226645e+02 5.181374692272675553e+00 2.268711685662913258e+00
2.726187543994467433e+02 4.954426366357884248e+00 2.273199113276747063e+00
2.714928471598464057e+02 4.725672686223585828e+00 2.277137561546581423e+00
2.704348271860814634e+02 4.495121937331461481e+00 2.280549811582515130e+00
2.694458492621149048e+02 4.262823263389395656e+00 2.283535535905268699e+00
2.685673311594682104e+02 4.030091115961868198e+00 2.285647247677662364e+00
2.677405794894903011e+02 3.795725080611771496e+00 2.287353493737696031e+00
2.669670675994681801e+02 3.559687611892447201e+00 2.288798136779330417e+00
2.662449552681759997e+02 3.322074411669317495e+00 2.289903290228746613e+00
2.655616977973279518e+02 3.082849674779183591e+00 2.290756272856404152e+00
2.649187927849031894e+02 2.842027033081815368e+00 2.291476551341519396e+00
2.643028683235209542e+02 2.599438696354182010e+00 2.292043849598036864e+00
2.637165835122672206e+02 2.355109110368313274e+00 2.292525908558529224e+00
2.631650073381530888e+02 2.109272251365076123e+00 2.292873415941269144e+00
2.626843747386622567e+02 1.864519408310311155e+00 2.292685645460366128e+00
2.622314013747990771e+02 1.619268577353361271e+00 2.292330711799308585e+00
2.618212862834965904e+02 1.373860309605976049e+00 2.291701109130966252e+00
2.614461065659217525e+02 1.128788053305758154e+00 2.290836291590734763e+00
2.611122594630527942e+02 8.844020222220880800e-01 2.289643029086067649e+00
2.608233667279809538e+02 6.411290447431755579e-01 2.288028061417907377e+00
2.605809142027358689e+02 3.993530867740501811e-01 2.286012248344682085e+00
2.603803842768365371e+02 1.595651155435207358e-01 2.283504168125193967e+00
2.602353081386780786e+02 -7.785724502838765881e-02 2.280385071805238972e+00
2.601699477553854649e+02 -3.099921177486066881e-01 2.276394026288637296e+00
2.601555281130749222e+02 -5.387508606583573112e-01 2.271764431162126563e+00
2.601901551979785836e+02 -7.644190169114231104e-01 2.266562978762455938e+00
2.602688644949030845e+02 -9.868006125911253923e-01 2.260861956766882397e+00
2.603961014690631828e+02 -1.205806729177476333e+00 2.254626588653055208e+00
2.605603808149945166e+02 -1.421262366409713485e+00 2.247811601605478327e+00
2.607704439560011451e+02 -1.633066754794624487e+00 2.240535187786139026e+00
2.610221042995501080e+02 -1.841159323971959250e+00 2.232741619330938398e+00
2.613261949282098158e+02 -2.045265467329231424e+00 2.224384076312854397e+00
2.616912051150960679e+02 -2.242596279136338744e+00 2.215305845104659443e+00
2.621129185370156733e+02 -2.434980880559661998e+00 2.205564147010145248e+00
2.625856049948623081e+02 -2.622949216625723334e+00 2.195267042979371030e+00
2.631081459644087204e+02 -2.806372445506451818e+00 2.184383333296386454e+00
2.636833770184153423e+02 -2.985121739125593976e+00 2.172937867739021200e+00
2.643105377796726998e+02 -3.159211318743580854e+00 2.160884437261692881e+00
2.649842268303652304e+02 -3.328697171426164836e+00 2.148283824106248741e+00
2.656969403572947499e+02 -3.493613386015844480e+00 2.135111643686100180e+00
2.664521485582510536e+02 -3.653884362297289190e+00 2.121418369876265864e+00
2.672560753913086842e+02 -3.806791008100505191e+00 2.107067522449587393e+00
2.680961668124429593e+02 -3.954244214053563855e+00 2.092124780116349836e+00
2.689666433066607851e+02 -4.097337146718327716e+00 2.076778156924067087e+00
2.698725729012636521e+02 -4.236441891222424871e+00 2.060994894565710833e+00
2.708209904898002378e+02 -4.371764965765985167e+00 2.044839589148323089e+00
2.718056570330442696e+02 -4.503619879234585177e+00 2.028269767138287438e+00
2.728310413242259074e+02 -4.632316600215943048e+00 2.011356931008581039e+00
2.739059750244410907e+02 -4.758058011987048808e+00 1.994112944070479676e+00
2.750178039447304741e+02 -4.881083172533148051e+00 1.976586712931975409e+00
2.761768607657105576e+02 -4.998903808795073012e+00 1.958729711528430562e+00
2.773692609009868875e+02 -5.113129210965476901e+00 1.940597615375698526e+00
2.785899948846473535e+02 -5.225222617489686527e+00 1.922231869262240878e+00
2.798350205089952283e+02 -5.335389743188616585e+00 1.903666888896780485e+00
2.810934241922782917e+02 -5.443890113858128821e+00 1.884967511547425589e+00
2.823728833703871715e+02 -5.551285925310216030e+00 1.866137974432688473e+00
2.836692331222865278e+02 -5.657538010093970726e+00 1.847182474131175978e+00
2.849954450923199261e+02 -5.764463825861177781e+00 1.828226528219499825e+00
2.863385947661309956e+02 -5.871085526583960323e+00 1.809308253086064022e+00
2.877228770743780046e+02 -5.974872207970158833e+00 1.790410706021255738e+00
2.891256849973403860e+02 -6.076312626801603223e+00 1.771610814155821334e+00
2.905627901377765170e+02 -6.176967716833862809e+00 1.752911180899235477e+00
2.920212273223850730e+02 -6.275875579134800653e+00 1.734359160555172474e+00
2.934955674027609120e+02 -6.373084315088662244e+00 1.715932716993056273e+00
2.949834407885019232e+02 -6.468030154169214008e+00 1.697609774444085229e+00
2.964718819529722964e+02 -6.559608561299016039e+00 1.679422269932951517e+00
2.979603723706884466e+02 -6.648133999649277648e+00 1.661446892342591353e+00
2.994416283156929808e+02 -6.732201790012187104e+00 1.643619441276606974e+00
3.009158065683336645e+02 -6.811166554986488819e+00 1.625962378423171151e+00
3.023813077920285082e+02 -6.883434652350072902e+00 1.608632495138891505e+00
3.038427175145817500e+02 -6.951165339245705788e+00 1.591540484119892573e+00
3.052957281693843470e+02 -7.014492480054808965e+00 1.574651821929453188e+00
3.067533091226441684e+02 -7.073369117948652196e+00 1.558067665272068858e+00
3.082086722287686484e+02 -7.127616995903779618e+00 1.541810858516355465e+00
3.096656759924287030e+02 -7.176840778841990343e+00 1.525797450141861855e+00
3.111138936702504338e+02 -7.221092113844133742e+00 1.510115437530100246e+00
3.125554807268238733e+02 -7.260268874155901386e+00 1.494759546747756351e+00
3.139781135070616074e+02 -7.292748567232443691e+00 1.479868657329735493e+00
3.153688824801877786e+02 -7.318135143270729337e+00 1.465465440442510037e+00
3.167442188200025157e+02 -7.338287505393658705e+00 1.451406779940882963e+00
3.180939536210411802e+02 -7.353117144375967307e+00 1.437726593218019433e+00
3.194222652263682107e+02 -7.362746867934987449e+00 1.424454008168383634e+00
3.207324071007552675e+02 -7.367254462200643950e+00 1.411547256007945617e+00
3.220219427253590538e+02 -7.366768845090590823e+00 1.399075601280341141e+00
3.232976332045432741e+02 -7.361327477924625384e+00 1.386955251794468547e+00
3.245662373569779788e+02 -7.351130875354388472e+00 1.375203007907500163e+00
3.258205335682755504e+02 -7.335019019629018366e+00 1.364022779649311623e+00
3.270534952652678271e+02 -7.312704068638329780e+00 1.353484872785058801e+00
3.282776052551675434e+02 -7.285991346955229986e+00 1.343303869081390545e+00
3.294853820081394247e+02 -7.255099558534606530e+00 1.333528053471214392e+00
3.306799889973688664e+02 -7.220211176158878530e+00 1.324134526832695613e+00
3.318582907430936757e+02 -7.181401279087662459e+00 1.315144423549751362e+00
3.330171508265771081e+02 -7.138846508664377311e+00 1.306529176034291195e+00
3.341594745943247631e+02 -7.092862962378379876e+00 1.298287841200665760e+00
3.352851475975236326e+02 -7.043629159840159026e+00 1.290359075948700029e+00
3.363924257577598382e+02 -6.990965395620784228e+00 1.282979688670854879e+00
3.374865192883916052e+02 -6.934383858706905990e+00 1.276166888780938979e+00
3.385748199256556177e+02 -6.875781778706477887e+00 1.269686461230848495e+00
3.396685440668246088e+02 -6.815500589346734195e+00 1.263529755755725681e+00
3.407645548405108116e+02 -6.753917897938991999e+00 1.257666709956045015e+00
3.418727502358194101e+02 -6.691390845953281818e+00 1.252058885048114467e+00
3.429938311312400856e+02 -6.628228378006032706e+00 1.246668215552089620e+00
3.441335249783807058e+02 -6.564699330290552304e+00 1.241470236493539270e+00
3.452847499446015718e+02 -6.500890233002523999e+00 1.236527375562543885e+00
3.464365114685623439e+02 -6.436329973853579745e+00 1.232027808841397620e+00
3.475752202132532602e+02 -6.370344257651693098e+00 1.228305729075007680e+00
3.487163270731572311e+02 -6.304177718559874855e+00 1.225054205885921510e+00
3.498490257014470899e+02 -6.237732386021902720e+00 1.222328579131410464e+00
3.509694424233294399e+02 -6.171092463905679892e+00 1.220195512954269201e+00
3.520736897497724271e+02 -6.104234840472092749e+00 1.218706710239345847e+00
3.531563901394253548e+02 -6.037182180307125279e+00 1.217924589221186737e+00
3.542146685726274313e+02 -5.969934069073167926e+00 1.217904520545235014e+00
3.552377258216681071e+02 -5.902477968108840400e+00 1.218693965165257964e+00
3.562331335594043367e+02 -5.834804997727657039e+00 1.220413509804789465e+00
3.571697342302616107e+02 -5.766519213585482362e+00 1.223480016010482840e+00
3.580824136909343451e+02 -5.698244298516612183e+00 1.227461258176086423e+00
3.589629631274676171e+02 -5.630023982834136298e+00 1.232394893317407814e+00
3.598104721135832165e+02 -5.561872574145120041e+00 1.238311792510424114e+00
3.606282543395947755e+02 -5.493820951174645195e+00 1.245229894444480623e+00
3.614101568194654988e+02 -5.425981084082728501e+00 1.253177250315324898e+00
3.621589451533457122e+02 -5.358505478832887192e+00 1.262168179980667437e+00
3.628734381882368325e+02 -5.291373355242864562e+00 1.272214300789467067e+00
3.635406688890731743e+02 -5.224795913924407564e+00 1.283383546051563240e+00
3.641519792141683638e+02 -5.159038410115053708e+00 1.296186347624323609e+00
3.647182205027950772e+02 -5.094208253343685655e+00 1.310091052638437503e+00
3.652506683370123710e+02 -5.030199355686597151e+00 1.325098584377827349e+00
3.657452108643715292e+02 -4.967126177009746790e+00 1.341207229154478098e+00
3.661983234137242107e+02 -4.905019715372037403e+00 1.358404021199176137e+00
3.666142257372063682e+02 -4.843846179310636657e+00 1.376692460413409869e+00
3.669984440246753934e+02 -4.783678623976192590e+00 1.396063590331581450e+00
3.673401666794608218e+02 -4.724518237140616250e+00 1.416502867326372428e+00
3.676506050451620240e+02 -4.666367274092690920e+00 1.438005892703764665e+00
3.679072675846321090e+02 -4.610260169785518336e+00 1.461099315836547063e+00
3.681268977987505195e+02 -4.555197184092684815e+00 1.485193547478572018e+00
3.683159723049266177e+02 -4.501133271915653822e+00 1.510223170926954683e+00
3.684735446362047924e+02 -4.448010980619630850e+00 1.536176834398658597e+00
3.685986638002825657e+02 -4.395790476031177008e+00 1.563036099492448594e+00
3.687002171114725684e+02 -4.344431143938360940e+00 1.590739584464242462e+00
3.687740519616725123e+02 -4.293914931751850794e+00 1.619244496539713696e+00
3.688256693969636331e+02 -4.244224823639038746e+00 1.648473509886226873e+00
3.688664898373615415e+02 -4.195329954542300399e+00 1.678415866353930586e+00
3.688675316772686301e+02 -4.148994048926962996e+00 1.709500992639994665e+00
3.688517765115756220e+02 -4.103682269307440400e+00 1.741206200578575114e+00
3.688372898768477057e+02 -4.059200425615641983e+00 1.773411522463692602e+00
3.688129824170629831e+02 -4.015471750145112928e+00 1.806074205536413846e+00
3.687836987711937127e+02 -3.972293809411991283e+00 1.839125378685412260e+00
3.687581584478900822e+02 -3.929580984816443134e+00 1.872457433647813918e+00
3.687315574267528291e+02 -3.887179807266152309e+00 1.906055118108818780e+00
3.687048773931052210e+02 -3.845545794763806757e+00 1.939923892948554052e+00
3.686844757984057992e+02 -3.805113649295714939e+00 1.974136412743834779e+00
3.686334627399498345e+02 -3.768429294250474015e+00 2.009173923329310885e+00
3.685770163166567954e+02 -3.734096762406886150e+00 2.044735983583469086e+00
3.685170068091479152e+02 -3.702234828278550882e+00 2.080675025751803187e+00
3.684437637447982752e+02 -3.673108485070052165e+00 2.117150907899134182e+00
3.683570726636691575e+02 -3.647050019061535586e+00 2.154149320169163495e+00
3.682556134012133384e+02 -3.624439818876391328e+00 2.191693013448636318e+00
3.681431458699125869e+02 -3.605484451358327291e+00 2.229794102242975917e+00
3.680169886995614661e+02 -3.590477520064760064e+00 2.268508231817605747e+00
3.678710109762548655e+02 -3.579560361559835702e+00 2.307887485641816117e+00
3.677110144249473933e+02 -3.575288722491717142e+00 2.348213354412599596e+00
3.675294687141083614e+02 -3.576183948138782931e+00 2.389314498304099033e+00
3.673436722752365426e+02 -3.581843045077915288e+00 2.431051611973765070e+00
3.671438058548025651e+02 -3.592407527020514024e+00 2.473481836553858226e+00
3.669336115133939416e+02 -3.607933310582876807e+00 2.516612562491372884e+00
3.667168299072544073e+02 -3.628655414337972118e+00 2.560414577054709984e+00
3.664916417963423214e+02 -3.654753497796243700e+00 2.604901897029205937e+00
3.662519015502576281e+02 -3.686300431253396237e+00 2.650065882210770773e+00
3.660058551135682592e+02 -3.723478189613363742e+00 2.696005001950410040e+00
3.657440584764145228e+02 -3.768872206431659322e+00 2.742758652533304531e+00
3.654660194129874640e+02 -3.821121893602383857e+00 2.790328896417678450e+00
3.651804866490580821e+02 -3.879130411642880638e+00 2.838553055168214545e+00
3.648889132484446236e+02 -3.942906503227231685e+00 2.887389539713947961e+00
3.645846899474169618e+02 -4.012429403652626902e+00 2.936865261512942915e+00
3.642772857789458385e+02 -4.087645299161184020e+00 2.986960416381402972e+00
3.639605566594227639e+02 -4.168561551199851500e+00 3.037658217537211325e+00
3.636346764564156615e+02 -4.255064749539084090e+00 3.088922649410171140e+00
3.632962518685223472e+02 -4.346970480047617436e+00 3.140753459778540257e+00
3.629524210243484958e+02 -4.446515096666953326e+00 3.193229901384199820e+00
3.626004330837507155e+02 -4.552521691732189346e+00 3.246283067291607871e+00
3.622377766869605580e+02 -4.663542243236299178e+00 3.299765479087918951e+00
3.618681992149415123e+02 -4.779312991702092006e+00 3.353665486135248397e+00
3.614916488355545425e+02 -4.899663596904362706e+00 3.407995549325011364e+00
3.611112296288475250e+02 -5.024241572236266329e+00 3.462678078674166215e+00
3.607188257997470942e+02 -5.152640423491446242e+00 3.517686486144945501e+00
3.603260758874858993e+02 -5.284597261244184274e+00 3.573012361362854161e+00
3.599239355143574244e+02 -5.419746153578193670e+00 3.628612897180253150e+00
3.595111187195829530e+02 -5.559857316847380382e+00 3.684459161895039525e+00
3.590985848915321412e+02 -5.703989468227863568e+00 3.740544587691632117e+00
3.586766300576452977e+02 -5.850199917677278094e+00 3.796819969004760154e+00
3.582559741240741005e+02 -5.997941153173848683e+00 3.853174290554824299e+00
3.578291543916207615e+02 -6.146740854178922575e+00 3.909598466314963439e+00
3.573976281624780995e+02 -6.296204389543071045e+00 3.965976451637706290e+00
3.569628407095314628e+02 -6.446045064359545940e+00 4.022301855360237433e+00
3.565189781218107328e+02 -6.596557812413452737e+00 4.078585714126897521e+00
3.560856191072255115e+02 -6.748091733286416982e+00 4.134766884429531331e+00
3.556447261630487446e+02 -6.902757702093842873e+00 4.190751889301403743e+00
3.552217288569985953e+02 -7.060717713302381071e+00 4.246553306143494133e+00
3.548044226661705238e+02 -7.220481884613347390e+00 4.302237984691505090e+00
3.543954935829738702e+02 -7.382231757518309401e+00 4.357758051469343918e+00
3.539942828424443064e+02 -7.546252950490187850e+00 4.413038972936975668e+00
3.536108334824471626e+02 -7.712814425677192887e+00 4.468181561231524768e+00
3.532446225279314262e+02 -7.882133077658498799e+00 4.523018765493917570e+00
3.528875589576236962e+02 -8.054396221613888684e+00 4.577599020695721777e+00
3.525492073901975800e+02 -8.229898617784213499e+00 4.631880083063729892e+00
3.522342686249893404e+02 -8.410278919334791325e+00 4.685771881901325209e+00
3.519476380895207512e+02 -8.596165930122969812e+00 4.739096896479159327e+00
3.516768461783903490e+02 -8.785906172579432294e+00 4.791978003491126792e+00
3.514331924693707379e+02 -8.979571703927307524e+00 4.844382798350531871e+00
3.512070321389814467e+02 -9.177165719742731653e+00 4.896349758426111975e+00
3.510049035269186106e+02 -9.378817154672361767e+00 4.947784268785555994e+00
3.508224500611547683e+02 -9.584550254161115390e+00 4.998691181535053651e+00
3.506674635304870549e+02 -9.794479403988479049e+00 5.049063774850287345e+00
3.505346710372735402e+02 -1.000862690187071991e+01 5.098811931795712127e+00
3.504306484073872525e+02 -1.022794546861631382e+01 5.147913255112249509e+00
3.503656762399032800e+02 -1.045322970142026975e+01 5.196146638342233004e+00
3.503257668388397974e+02 -1.068252886300966153e+01 5.243795151268092702e+00
3.503092937197478705e+02 -1.091579548140571454e+01 5.290782059797113135e+00
3.503182147635234855e+02 -1.115299402602566659e+01 5.337138222108674945e+00
3.503525384955300979e+02 -1.139406823045194272e+01 5.382836069575434479e+00
3.504073875592985132e+02 -1.163891218064641464e+01 5.427857382723314750e+00
3.504925658674683291e+02 -1.188737438110625355e+01 5.472223749089597966e+00
3.505923557541137257e+02 -1.213928843279041025e+01 5.515936195159709676e+00
3.507237878528465558e+02 -1.239511136547907810e+01 5.558735238373328613e+00
3.508942333162357272e+02 -1.265561676046728046e+01 5.600491041433835804e+00
3.510794727669527902e+02 -1.291891873752392783e+01 5.641470918933104706e+00
3.512823407755041671e+02 -1.318490659935009113e+01 5.681668504125981123e+00
3.515054644154312768e+02 -1.345326426132582043e+01 5.721151563682531638e+00
3.517469765355742766e+02 -1.372380209095035397e+01 5.759946480304845018e+00
3.519981481724500441e+02 -1.399621530483946863e+01 5.798139628152230607e+00
3.522644983532748029e+02 -1.427030666816431292e+01 5.835769889025324453e+00
3.525447751812134243e+02 -1.454585103926253886e+01 5.872876137736404267e+00
3.528461243099266085e+02 -1.482289449111753576e+01 5.909315283916251715e+00
3.531626214616731545e+02 -1.510185577398959289e+01 5.944939962730024341e+00
3.534890349667735450e+02 -1.538130304962384010e+01 5.980140813933265242e+00
3.538210117645585342e+02 -1.566079037797524620e+01 6.014930468462644342e+00
3.541542020010626288e+02 -1.594009418947805301e+01 6.049317640804408036e+00
3.544842592593879544e+02 -1.621886249782783906e+01 6.083354826398681858e+00
3.548128942205669887e+02 -1.649684393879335431e+01 6.117010408253645615e+00
3.551387567524072892e+02 -1.677391531515058531e+01 6.150270649878409657e+00
3.554669227019224991e+02 -1.704999060334596805e+01 6.183005163227842438e+00
3.558039545633450302e+02 -1.732518268643544346e+01 6.215092676082091927e+00
3.561599138253549768e+02 -1.759989808225966357e+01 6.245987375147604048e+00
3.565269018878923930e+02 -1.787329368919284533e+01 6.276195199988420015e+00
3.569086802514821102e+02 -1.814534272533943593e+01 6.305547767002064319e+00
3.573005472700244241e+02 -1.841602458218262228e+01 6.334017453126779884e+00
3.577112463172411481e+02 -1.868523092248752704e+01 6.361622812222108792e+00
3.581374751023356566e+02 -1.895296087981731148e+01 6.388218437782368753e+00
3.585808059119049744e+02 -1.921908771645965786e+01 6.413785174298276992e+00
3.590428159107310648e+02 -1.948362965591081419e+01 6.438292307814528215e+00
3.595336974378359400e+02 -1.974643031084587719e+01 6.461609807490050983e+00
3.600681674310556559e+02 -2.000723547724490459e+01 6.483123024396562961e+00
3.606243976873452652e+02 -2.026605111055459929e+01 6.503438360438495103e+00
3.612015948330197830e+02 -2.052260698537737937e+01 6.522411341367621240e+00
3.618111780754660458e+02 -2.077685480322485034e+01 6.540045151459084494e+00
3.624448687297559673e+02 -2.102862252730325565e+01 6.556260198695988528e+00
3.630993466950139350e+02 -2.127776413049547344e+01 6.571010469566896717e+00
3.637819991589145161e+02 -2.152415790048267752e+01 6.584224600705455899e+00
3.644977375700079278e+02 -2.176782271066036856e+01 6.595905552735523258e+00
3.652333643477759892e+02 -2.200876120235034605e+01 6.606154996250269917e+00
3.660162341066788940e+02 -2.224555484777297565e+01 6.614237609794878736e+00
3.668284780069553790e+02 -2.247997777887361082e+01 6.620953267680087961e+00
3.676712552802641198e+02 -2.271176230072328295e+01 6.626220073571516878e+00
3.685429466857207217e+02 -2.294019960814140546e+01 6.630205650655795147e+00
3.694393832450552395e+02 -2.316565135280604082e+01 6.632889004823948831e+00
3.703622082841163206e+02 -2.338857088925010430e+01 6.634221583999306837e+00
3.713130679611809342e+02 -2.360891262974385540e+01 6.634247340511397972e+00
3.722870801087613586e+02 -2.382597799082741830e+01 6.633033723106875001e+00
3.732907109832195829e+02 -2.404020306648740402e+01 6.630534625551848471e+00
3.743213238402701677e+02 -2.424926942547423181e+01 6.626046400063401620e+00
3.753836367649392969e+02 -2.445508371018822658e+01 6.620342560303035029e+00
3.764598091088741398e+02 -2.465726084658825812e+01 6.613365389723297127e+00
3.775584855168498279e+02 -2.485642442081961079e+01 6.605215373204037732e+00
3.786695878274551319e+02 -2.505252916948446895e+01 6.595952745087733327e+00
3.797899457852512910e+02 -2.524552980330489049e+01 6.585578935448942239e+00
3.809226432536481752e+02 -2.543594617651844203e+01 6.574208303275168142e+00
3.820727598716035800e+02 -2.562278017328783974e+01 6.561845631003754065e+00
3.832200952812587502e+02 -2.580692513272897060e+01 6.548611850888621078e+00
3.843982219522243327e+02 -2.598577363513839344e+01 6.534020283315225441e+00
3.855746378742986735e+02 -2.616175180401583944e+01 6.518636397547200367e+00
3.867502686645484005e+02 -2.633553870084900339e+01 6.502512222071183956e+00
3.879272641994529067e+02 -2.650636571647398654e+01 6.485886997467004811e+00
3.890954370375027338e+02 -2.667537282359629458e+01 6.468741484203532899e+00
3.902618405935285750e+02 -2.684193183004676442e+01 6.451151742902829334e+00
3.914187015685429856e+02 -2.700560275746309102e+01 6.433045060267580162e+00
3.925673229567144631e+02 -2.716605833297276007e+01 6.414410688678827910e+00
3.937156773000868384e+02 -2.732334652892388505e+01 6.395162669169490499e+00
3.948622732825465960e+02 -2.747449988041507396e+01 6.374722308665555559e+00
3.960041033252757074e+02 -2.761963393693467950e+01 6.353351079225141085e+00
3.971412374947228727e+02 -2.775959456994849361e+01 6.331174686422108344e+00
3.982721889889796216e+02 -2.789432096492381774e+01 6.308189749139892832e+00
3.993983883383721150e+02 -2.802394583239850689e+01 6.284373382690954024e+00
4.005199894009592185e+02 -2.814774687070950421e+01 6.259740928305950192e+00
4.016423199038146663e+02 -2.826603591085916989e+01 6.234318367986499076e+00
4.027643599374824817e+02 -2.837848954211890273e+01 6.208135166468479405e+00
4.038887251886037575e+02 -2.848443058979471942e+01 6.181149967169424109e+00
4.050189067420572542e+02 -2.858226548791611066e+01 6.153002913624964876e+00
4.061558792133474185e+02 -2.867213236503204499e+01 6.123910563771462812e+00
4.072955325597378078e+02 -2.875557008877764176e+01 6.093951674732395851e+00
4.084286276277485968e+02 -2.883143062057373740e+01 6.063161488037576596e+00
4.095687774278105735e+02 -2.890085053649793423e+01 6.031453653229606360e+00
4.107067924667082366e+02 -2.896268554121017758e+01 5.998844184928719514e+00
4.118446650326912959e+02 -2.901690887779632888e+01 5.965356111325506916e+00
4.129850536191698893e+02 -2.906293083947177536e+01 5.930893185319351169e+00
4.141163215896948486e+02 -2.910192590403744717e+01 5.895570616676556241e+00
4.152577569506843815e+02 -2.913056758708953353e+01 5.859180386031654919e+00
4.163913712440469794e+02 -2.914980533031293319e+01 5.821711686471988223e+00
4.175258988961403475e+02 -2.916130343413996684e+01 5.783420888874343468e+00
4.186568236945972217e+02 -2.916438010948226278e+01 5.744294548470595174e+00
4.197796326605031823e+02 -2.915948495653028871e+01 5.704388402237705158e+00
4.208944074042781267e+02 -2.914752322034451737e+01 5.663712153694681284e+00
4.220065257112071890e+02 -2.912781181670711206e+01 5.622276558066511498e+00
4.231089112256756266e+02 -2.910029007464458317e+01 5.580136995922992504e+00
4.242012740707523903e+02 -2.906526242376448010e+01 5.537348731365852927e+00
4.252806978409213912e+02 -2.902154378166134308e+01 5.493770095690094557e+00
4.263501733490152219e+02 -2.896824055205222592e+01 5.449471969059540122e+00
4.274076653320371406e+02 -2.890834180209101589e+01 5.404541679640607832e+00
4.284556760841772416e+02 -2.884214998850077194e+01 5.359034039123049986e+00
4.294897198363701705e+02 -2.876959582100613133e+01 5.312966627399019259e+00
4.305053133443018396e+02 -2.869044535561972964e+01 5.266340504723449278e+00
4.315086748268122392e+02 -2.860606935169658982e+01 5.219156663933969043e+00
4.325027578375701296e+02 -2.851627768119211837e+01 5.171432327772862436e+00
4.334830857299340892e+02 -2.842148925449496133e+01 5.123291645987515075e+00
4.344432978991263212e+02 -2.832028757555850973e+01 5.074697587662256204e+00
4.354020803403009836e+02 -2.821288221826117848e+01 5.025772083992495531e+00
4.363521963871218645e+02 -2.810299380879676079e+01 4.976504991333364991e+00
4.372962266804892124e+02 -2.798979271937695401e+01 4.927062891783184462e+00
4.382333534266213633e+02 -2.787419886682301140e+01 4.877437256494319584e+00
4.391642467572650617e+02 -2.775636018906827474e+01 4.827637265513760489e+00
4.400883527738596399e+02 -2.763636056288556730e+01 4.777671476727009647e+00
4.409972226834378830e+02 -2.751276231846557607e+01 4.727533415123688521e+00
4.418887073754720518e+02 -2.738576468744755488e+01 4.677317283565455064e+00
4.427624563677765082e+02 -2.725284238980577456e+01 4.627040462254883302e+00
4.436038353047215423e+02 -2.711234118251040215e+01 4.576629357686663901e+00
4.444241995270054986e+02 -2.696656509064382590e+01 4.526266738179034910e+00
4.452115239977222814e+02 -2.681633915034609572e+01 4.475979082217169669e+00
4.459749756220930976e+02 -2.666106533501104536e+01 4.425757592724210987e+00
4.467029579609838379e+02 -2.650014487815021624e+01 4.375700432733737877e+00
4.473998046527292445e+02 -2.633402398964551239e+01 4.325855869424950484e+00
4.480610171987146373e+02 -2.616286980899273829e+01 4.276239464560320336e+00
4.486843159487021921e+02 -2.598608130727532028e+01 4.226905088718081238e+00
4.492767846108955041e+02 -2.580344056545816400e+01 4.177973173766821979e+00
4.498298486000480239e+02 -2.561260802423041483e+01 4.129513550634206887e+00
4.503562571392635618e+02 -2.541686380476373230e+01 4.081420380778491008e+00
4.508570459804989241e+02 -2.521570023536942173e+01 4.033702717244874059e+00
4.513331378168989545e+02 -2.501006537313974576e+01 3.986407082707027261e+00
4.517851110227275626e+02 -2.479923500829056238e+01 3.939476341583204366e+00
4.522124411672802466e+02 -2.458255748036950550e+01 3.892964013206366758e+00
4.526107889407879838e+02 -2.436023315912325060e+01 3.846863710588679819e+00
4.529777304657576451e+02 -2.413158924583228071e+01 3.801130036615305574e+00
4.532976371656367860e+02 -2.389502742707840355e+01 3.755874068154326562e+00
4.535698125160749328e+02 -2.364975803440584912e+01 3.711260169977530943e+00
4.537999672263892421e+02 -2.339666423097621006e+01 3.667092547400273794e+00
4.539826610698951868e+02 -2.313703950523979103e+01 3.623398020834989630e+00
4.541274994967255907e+02 -2.287101874326956974e+01 3.580200473704054698e+00
4.542312962506090344e+02 -2.259979852127833766e+01 3.537609162148782183e+00
4.542974324302113018e+02 -2.232330933776301762e+01 3.495677377503516148e+00
4.543256591878168251e+02 -2.204232130230034414e+01 3.454399139023429210e+00
4.543129376313887633e+02 -2.175788249587425582e+01 3.413863781168059219e+00
4.542649666063305176e+02 -2.146867919919280610e+01 3.374074989762399390e+00
4.541728413011439898e+02 -2.117397724954831517e+01 3.335299585702807601e+00
4.540503204301094797e+02 -2.087552363891993323e+01 3.297102499735568237e+00
4.539058004026727531e+02 -2.057317086417459606e+01 3.259438181182536365e+00
4.537364987548720023e+02 -2.026667610059125124e+01 3.222226992873055362e+00
4.535503333620492299e+02 -1.995669418184976251e+01 3.185324570073294836e+00
4.533457336003096998e+02 -1.964262643583992229e+01 3.148788457216102898e+00
4.531242127664671102e+02 -1.932542755191011352e+01 3.112576411666299059e+00
4.528792834364266469e+02 -1.900444807085448318e+01 3.076779523539318717e+00
4.526002641872295271e+02 -1.868089215853156304e+01 3.041401163608771441e+00
4.522705385978092636e+02 -1.835162697030226298e+01 3.006949692107177885e+00
4.519128963976339719e+02 -1.802083815690605917e+01 2.972955691520082766e+00
4.515236570470754600e+02 -1.768742010101295392e+01 2.939373858187066979e+00
4.511064914420949776e+02 -1.735213926060962919e+01 2.906158934470539634e+00
4.506725985490995186e+02 -1.701595882055416098e+01 2.873205868488796000e+00
4.502264229546817091e+02 -1.667911758042874837e+01 2.840539013650736688e+00
4.497685193632511300e+02 -1.634194661487937950e+01 2.808237116812961620e+00
4.493075983375243254e+02 -1.600473570558329328e+01 2.776297407842357678e+00
4.488445376198630470e+02 -1.566775646083806706e+01 2.744877249770973027e+00
4.483485709536390686e+02 -1.532993804208034305e+01 2.714630916237751102e+00
4.478377783695678431e+02 -1.499177432750631489e+01 2.685010831900783046e+00
4.473010941364996143e+02 -1.465296016699655191e+01 2.656088616911037814e+00
4.467274505666782147e+02 -1.431315708761537664e+01 2.628026829934472897e+00
4.461098856267122983e+02 -1.397191916781644139e+01 2.600847528889199456e+00
4.454422856071318506e+02 -1.362889010330780160e+01 2.574647631723835595e+00
4.447250666021192842e+02 -1.328426408555361071e+01 2.549482435298928262e+00
4.439669212568458079e+02 -1.293865595526879275e+01 2.525383086950458544e+00
4.431691577140953768e+02 -1.259274660270054902e+01 2.502421446003829875e+00
4.423171487714834598e+02 -1.224709295603148007e+01 2.481187156026613216e+00
4.414340844348236033e+02 -1.190258156932490152e+01 2.461142495877803427e+00
4.405350028387795192e+02 -1.155993269117254307e+01 2.442271197198745636e+00
4.396187001969976222e+02 -1.121933763124143368e+01 2.424605987465314971e+00
4.386799228017587780e+02 -1.088046932307758752e+01 2.408127534634451283e+00
4.377075769605521600e+02 -1.054292252268438013e+01 2.392933364726514078e+00
4.367019349857915813e+02 -1.020620466302002782e+01 2.379064277296773167e+00
4.356521562873183484e+02 -9.869971943676498327e+00 2.366519195044854307e+00
4.345445753420032133e+02 -9.533694473321336460e+00 2.355370382842974841e+00
4.333644277722276001e+02 -9.197613776514280914e+00 2.346261104566110145e+00
4.321342663270211801e+02 -8.861650195514661377e+00 2.338642468592764256e+00
4.308502796275222408e+02 -8.526256523131419129e+00 2.332344797392444047e+00
4.295349316620469722e+02 -8.191809755619040345e+00 2.327335980552460271e+00
4.281850747523401992e+02 -7.858768590407410493e+00 2.323556749520830689e+00
4.268045470334231482e+02 -7.527510733169363810e+00 2.320958897389318931e+00
4.254089756747085289e+02 -7.198459069869495686e+00 2.319443569594031640e+00
4.239881083794195433e+02 -6.871607177987455906e+00 2.319040909120585248e+00
4.225473454272964773e+02 -6.546938062312114504e+00 2.319777424172610569e+00
4.210565865811221329e+02 -6.225365868909270795e+00 2.322288235451499538e+00
4.195321421261756996e+02 -5.906043557007766509e+00 2.326097559680512461e+00
4.179672031163896690e+02 -5.588536958666437293e+00 2.331138446788568519e+00
4.163599364008297812e+02 -5.272697083644416693e+00 2.337442854262389513e+00
4.147170554711433965e+02 -4.958337062560469910e+00 2.344953611487616829e+00
4.130368847090289250e+02 -4.645237588593476019e+00 2.353517729559565730e+00
4.113224589337779094e+02 -4.333175216384970163e+00 2.363025288391953804e+00
4.095916340483331055e+02 -4.021926489740918598e+00 2.373343934563127533e+00
4.078367630321813522e+02 -3.711231953811740869e+00 2.384376496280521174e+00
4.060644597490929186e+02 -3.402321171462702409e+00 2.396326691047508284e+00
4.042841950253859409e+02 -3.094329401010741165e+00 2.408941630515951893e+00
4.024994358157578063e+02 -2.786897173086526625e+00 2.421917485645686874e+00
4.007119144226483058e+02 -2.480236960940480184e+00 2.435294481720268411e+00
3.989219536311396155e+02 -2.174721731228073551e+00 2.448999122876940771e+00
3.971298463407374015e+02 -1.871045829967905361e+00 2.463190039720891455e+00
3.953344607661299506e+02 -1.570053825857358865e+00 2.477984758421678979e+00
3.935278387288186082e+02 -1.272425192334144750e+00 2.493452159337821605e+00
3.917198610015995541e+02 -9.784114544500943644e-01 2.509661137843232304e+00
3.898839720308018855e+02 -6.895345076918394378e-01 2.527030125072755595e+00
3.880282898044482636e+02 -4.050679032056980766e-01 2.545327274890839320e+00
3.861597087219065543e+02 -1.237963411063852381e-01 2.564406032786634260e+00
3.842699011633422401e+02 1.543259720456117146e-01 2.584317772482939812e+00
3.823643309409102358e+02 4.294753811125069376e-01 2.604983214033608885e+00
3.804392101950868437e+02 7.014751604623261638e-01 2.626398586066548635e+00
3.784965547607025655e+02 9.699941085272267838e-01 2.648616535254050941e+00
3.765391794983083287e+02 1.234601685611478983e+00 2.671653484233885045e+00
3.745697299089524108e+02 1.494970706341314237e+00 2.695453563187691248e+00
3.725801111513123374e+02 1.748721931730553569e+00 2.720229112189731513e+00
3.705909188125517630e+02 1.996007570067138026e+00 2.745929427495596098e+00
3.685915972486413921e+02 2.237680985954934698e+00 2.772374833218101742e+00
3.665886904864779012e+02 2.473468245581442737e+00 2.799539388206726098e+00
3.645791003571959550e+02 2.703062828495668590e+00 2.827504345861302948e+00
3.625644541303089454e+02 2.926127864545851942e+00 2.856275612451474100e+00
3.605357966823282254e+02 3.142381040067302678e+00 2.885914920499057068e+00
3.584948738127565093e+02 3.351488569037790466e+00 2.916478225210212383e+00
3.564400934221545185e+02 3.553216215383009136e+00 2.947911138139452714e+00
3.543633087426507586e+02 3.745830833239748081e+00 2.980500597031555898e+00
3.522749244197634653e+02 3.929582477594479428e+00 3.014179815396061279e+00
3.501654430253703936e+02 4.106643621396114163e+00 3.048665281571315333e+00
3.480485913028802543e+02 4.277175995746266501e+00 3.084043608836199546e+00
3.459173892817499336e+02 4.441510927952005972e+00 3.120261193107441322e+00
3.437727526009240364e+02 4.599883179732498384e+00 3.157309613136906279e+00
3.416208580136520823e+02 4.752528059774489222e+00 3.195074759446864476e+00
3.394524450619651930e+02 4.899527563287653820e+00 3.233612811456739511e+00
3.372780717243981599e+02 5.041134345588273113e+00 3.272819341831396667e+00
3.350900643571245610e+02 5.175858402448112905e+00 3.312771450678267726e+00
3.328918292483874097e+02 5.303268083577297176e+00 3.353426662672522873e+00
3.306896094392323562e+02 5.425698600030553820e+00 3.394557049850842390e+00
3.284789337199068768e+02 5.543247140332172584e+00 3.436195647720977409e+00
3.262625782331302275e+02 5.656151747117279527e+00 3.478237424229213115e+00
3.240469542062865571e+02 5.764560875761008063e+00 3.520739043961240711e+00
3.218275889955972957e+02 5.868671241018758700e+00 3.563648468173690631e+00
3.196060894648691715e+02 5.968695900388795827e+00 3.606913786595838278e+00
3.173809679742356593e+02 6.064771065099042069e+00 3.650621185867508611e+00
3.151631852157278217e+02 6.155751716302090060e+00 3.694633999773199395e+00
3.129435357070055943e+02 6.240909693411749615e+00 3.738980761000447295e+00
3.107249734881111181e+02 6.323091181211720979e+00 3.783696967410430823e+00
3.085057688110269396e+02 6.402725832953174212e+00 3.828659914540281761e+00
3.062915040536655624e+02 6.480110637238827742e+00 3.873853782227859810e+00
3.040840707419285422e+02 6.555014268373902553e+00 3.919325040305319252e+00
3.018800308888090171e+02 6.627020722644137329e+00 3.965015991209928981e+00
2.996759463198180242e+02 6.695786759858148862e+00 4.010895757166449194e+00
2.974820548745511815e+02 6.761045645920803260e+00 4.057010856147874378e+00
2.952926300287716117e+02 6.821330667635518097e+00 4.103162210884269356e+00
2.931063657978175456e+02 6.874857503268058778e+00 4.149382270230026926e+00
2.909334996367414305e+02 6.923923662401822554e+00 4.195598771997986809e+00
2.887679083802093487e+02 6.968259239782785386e+00 4.241804905071305143e+00
2.866067778946915041e+02 7.007698628328525636e+00 4.287919999941203208e+00
2.844621162667761496e+02 7.042180435404378436e+00 4.333991089833966193e+00
2.823249479985354924e+02 7.071634031828231137e+00 4.380013877703146541e+00
2.802018605499310979e+02 7.096023290005756046e+00 4.425877105917292553e+00
2.780919576715097605e+02 7.115407594744848296e+00 4.471633657490905911e+00
2.759987884256660209e+02 7.128969438715926366e+00 4.517161485047636482e+00
2.739336267362219814e+02 7.134697804027521961e+00 4.562417242154945818e+00
2.718871781006070592e+02 7.135281212987715449e+00 4.607424880385928567e+00
2.698560048673510892e+02 7.130567767914511634e+00 4.652159256847299140e+00
2.678435549083074534e+02 7.120442974531760782e+00 4.696633452400060804e+00
2.658533765221834528e+02 7.104812372388843222e+00 4.740838783211640539e+00
2.638823089810225611e+02 7.083540797771832764e+00 4.784670437617156047e+00
2.619309026384588037e+02 7.056525141736120332e+00 4.828115443272471552e+00
2.599957228211676465e+02 7.023713933859742298e+00 4.871118773337688168e+00
2.580822686392781407e+02 6.984762383459707458e+00 4.913711348475682250e+00
2.561974115563431837e+02 6.937359757765158008e+00 4.955600527739476568e+00
2.543348691838869229e+02 6.884353168510482845e+00 4.997002199131957312e+00
2.524890169638355246e+02 6.825729658283558265e+00 5.037868929671536655e+00
2.506660480408274054e+02 6.761469954618791967e+00 5.078310845363615655e+00
2.488610517833729148e+02 6.691684085081729627e+00 5.118219993329629069e+00
2.470754668628757429e+02 6.616531530139520889e+00 5.157645642846381939e+00
2.453117067481035178e+02 6.536102921078805750e+00 5.196617594928322426e+00
2.435629195632256199e+02 6.450540364165632923e+00 5.235151282313510457e+00
2.418389782694635528e+02 6.359897491972759553e+00 5.273118569744371875e+00
2.401429449381806194e+02 6.261992002822440284e+00 5.310278093542521560e+00
2.384616534879122014e+02 6.159444505972409445e+00 5.347018503998134165e+00
2.368039492515489997e+02 6.052531302647192746e+00 5.383288584454319015e+00
2.351598575487784331e+02 5.941291778662800560e+00 5.419103519537332048e+00
2.335301091847328223e+02 5.825902910963219661e+00 5.454526906868065517e+00
2.319112637764401370e+02 5.706517419980559502e+00 5.489557013135309305e+00
2.303073656702192125e+02 5.583319537941837218e+00 5.524183539405135512e+00
2.287149935393157989e+02 5.456476632390917736e+00 5.558421034101081126e+00
2.271356945716159714e+02 5.326188265013846568e+00 5.592316874585327113e+00
2.255747894741318191e+02 5.190919542617776550e+00 5.625429029029154648e+00
2.240236871038556501e+02 5.053152260728088763e+00 5.658300929844395810e+00
2.224837556690755491e+02 4.913217122597555608e+00 5.691089047311212568e+00
2.209488535897525026e+02 4.771429699684197168e+00 5.723750892899202469e+00
2.194244329367184889e+02 4.628015072480326175e+00 5.756337722305417515e+00
2.179107506867445352e+02 4.482947303160211838e+00 5.788713262418508698e+00
2.164080673485792090e+02 4.336164586462288639e+00 5.820862815765978304e+00
2.149166470209356987e+02 4.187687835851217066e+00 5.852635186384487653e+00
2.134441118720578174e+02 4.037537349499906725e+00 5.883965782533409516e+00
2.119999108470111366e+02 3.884414834851905862e+00 5.914195749145502390e+00
2.105783312521074322e+02 3.729553446646989734e+00 5.943736034551256431e+00
2.091757915124798899e+02 3.573049123887619416e+00 5.972552914673635804e+00
2.077890913949149478e+02 3.415018656051338919e+00 6.000694960556720581e+00
2.064243823568620826e+02 3.255497887883486818e+00 6.027997037414784209e+00
2.050867927097342545e+02 3.094501580364506843e+00 6.054518230520129052e+00
2.037695309298159430e+02 2.932201456550640462e+00 6.080141709608629874e+00
2.024725522829327531e+02 2.768551987371666190e+00 6.104905187866688010e+00
2.012060428648243828e+02 2.603735480648591505e+00 6.128652011121853427e+00
1.999783369863772293e+02 2.437092439330431404e+00 6.150926730710708057e+00
1.987787463988314585e+02 2.269311606321217756e+00 6.172101047003654806e+00
1.976100033555538005e+02 2.100500253458893241e+00 6.192214872846273366e+00
1.964656807381557257e+02 1.930674973435192010e+00 6.211386171514483578e+00
1.953460992573584463e+02 1.759858685373255627e+00 6.229526070033999829e+00
1.942563608845798910e+02 1.588059098712873540e+00 6.246650726570768697e+00
1.931954856735878820e+02 1.415247565125159257e+00 6.262683810420938357e+00
1.921603359505577089e+02 1.241369374128910685e+00 6.277634608467318245e+00
1.911584806419955100e+02 1.066352349092195340e+00 6.291512259809081797e+00
1.901971386787610072e+02 8.900845790748728170e-01 6.303628237586183403e+00
1.892666310867062691e+02 7.126424858571090981e-01 6.314474150750514880e+00
1.883632121636912586e+02 5.340142547401258710e-01 6.324024060205256426e+00
1.874903113120649323e+02 3.541221735383563995e-01 6.332385328336675556e+00
1.866464706868788710e+02 1.730961157091228109e-01 6.339548203042667751e+00
1.858311465090315835e+02 -8.959636609599631180e-03 6.345511873995464569e+00
1.850423244397732958e+02 -1.920037213359728212e-01 6.350371338701569890e+00
1.842796623368708993e+02 -3.759347730332242010e-01 6.354134453420834383e+00
1.835462381594343242e+02 -5.606891373618559937e-01 6.356737172010547887e+00
1.828536887425204327e+02 -7.457269212147855653e-01 6.357763521507240334e+00
1.821887984773144353e+02 -9.308997375648796480e-01 6.357570762689598531e+00
1.815498647493396618e+02 -1.116330619457555962e+00 6.356311335247629479e+00
1.809295759970960660e+02 -1.301812818485201362e+00 6.353992212274118145e+00
1.803327321059698534e+02 -1.487139621204859097e+00 6.350620183699317245e+00
1.797539206022965743e+02 -1.672150892635110520e+00 6.346201854301236622e+00
1.791869895294345270e+02 -1.856738764623260263e+00 6.340743641801393160e+00
1.786377386698502221e+02 -2.040984154031465270e+00 6.334377653445956824e+00
1.780978822712215504e+02 -2.225217886161305891e+00 6.327307613738800462e+00
1.775813991696155938e+02 -2.409125996019414906e+00 6.319339781555342483e+00
1.770836280813557551e+02 -2.593168060633591399e+00 6.310864951461001127e+00
1.765877668200031678e+02 -2.778179149129581749e+00 6.302376683188069428e+00
1.761025897111648817e+02 -2.964434902008270978e+00 6.293947317840323130e+00
1.756184571368991101e+02 -3.151953918580077563e+00 6.285618924509309480e+00
1.751475710208327143e+02 -3.340408971545493433e+00 6.277213377518920723e+00
1.746856387610486649e+02 -3.529529310745425974e+00 6.268496936961926558e+00
1.742371906393992731e+02 -3.719115713143522850e+00 6.259333275704348942e+00
1.738109101486611792e+02 -3.908932203907798275e+00 6.249413306416663261e+00
1.734015990359887098e+02 -4.097730344197314523e+00 6.238209915594869592e+00
1.730174573454374638e+02 -4.285275187428199573e+00 6.225722090172729040e+00
1.726534140270096316e+02 -4.471726631915151629e+00 6.212142783722208073e+00
1.723055147813007295e+02 -4.656551012443983950e+00 6.197694636023414638e+00
1.719693602991675334e+02 -4.839139988011842419e+00 6.182362297584986344e+00
1.716463625476403365e+02 -5.018897590222592520e+00 6.166269877156891788e+00
1.713325593979723749e+02 -5.195227310394233911e+00 6.149541337368634508e+00
1.710322068823854238e+02 -5.367581545210772020e+00 6.132222277787959364e+00
1.707401540885972224e+02 -5.536152878159232849e+00 6.114283869062700383e+00
1.704610323203632731e+02 -5.700183426515848417e+00 6.095464089992790768e+00
1.702123720206792257e+02 -5.859961047116553523e+00 6.075700308778190006e+00
1.699719954091294767e+02 -6.017167231003205607e+00 6.055175390607866248e+00
1.697513783816412740e+02 -6.172266853894447181e+00 6.033901787912737902e+00
1.695484403748773161e+02 -6.325586057247516436e+00 6.011787392490564486e+00
1.693681137475314245e+02 -6.477172280636306567e+00 5.988802176552407097e+00
1.692095788895335602e+02 -6.626532706845030596e+00 5.965021794178944070e+00
1.690674526305095640e+02 -6.773189227244430732e+00 5.940491263533107968e+00
1.689319702870730566e+02 -6.916631614715002208e+00 5.915249286552625385e+00
1.688227872755367969e+02 -7.055358669655689141e+00 5.889212806977385029e+00
1.687290927764223625e+02 -7.188258333887040052e+00 5.862367109317470515e+00
1.686420343691128494e+02 -7.316511985716642741e+00 5.834884550586808771e+00
1.685690241358138053e+02 -7.440368399082175621e+00 5.806792584763620368e+00
1.685032627120225754e+02 -7.559967884603739030e+00 5.777906984911370003e+00
1.684511971980130340e+02 -7.675791287090598658e+00 5.748206577911871840e+00
1.684147518143516322e+02 -7.788033183505860713e+00 5.717508288656590665e+00
1.683893533161879361e+02 -7.897260791733536678e+00 5.685824441622758130e+00
1.683780948619890410e+02 -8.003433015648454329e+00 5.652976944011079752e+00
1.683858985842214508e+02 -8.105760766992258226e+00 5.618924745181307578e+00
1.684094293783667808e+02 -8.202914404405035498e+00 5.583829884278419087e+00
1.684454261441123322e+02 -8.298539939006827737e+00 5.548006078040145894e+00
1.684898213252506025e+02 -8.391990989174656690e+00 5.511563776191600539e+00
1.685457160788793942e+02 -8.482974074393387909e+00 5.474611352344192383e+00
1.686162128394427668e+02 -8.571829910518509621e+00 5.437380346529764985e+00
1.686940693128304076e+02 -8.659415829509146789e+00 5.399884520672501687e+00
1.687805963394291950e+02 -8.745861293068879050e+00 5.362090378666097834e+00
1.688751633256611058e+02 -8.830516527148883910e+00 5.324032386348052093e+00
1.689792229929132645e+02 -8.914297713991381045e+00 5.285663223449416748e+00
1.690897067655602655e+02 -8.994636816111922784e+00 5.246894211765919636e+00
1.692134586365955045e+02 -9.074339461068849033e+00 5.207889218414080368e+00
1.693462811310763811e+02 -9.154281782365613296e+00 5.168639848330760067e+00
1.694874178282144896e+02 -9.233377273506649274e+00 5.129137159041722072e+00
1.696339193168323618e+02 -9.312128980263485900e+00 5.089371923464067748e+00
1.697833143914130289e+02 -9.389266464965510650e+00 5.049400266987934316e+00
1.699402224061165612e+02 -9.465659138395684735e+00 5.009182770407520913e+00
1.700969197013318706e+02 -9.540266378901476330e+00 4.968747408716499336e+00
1.702664126727384257e+02 -9.612573198126311169e+00 4.928149199832934535e+00
1.704305546479404825e+02 -9.680525620632295158e+00 4.887366419731597134e+00
1.706032884361324307e+02 -9.746178751302396748e+00 4.846467471885767431e+00
1.707752741757993533e+02 -9.809471580443046790e+00 4.805464383395440464e+00
1.709487922200194134e+02 -9.870388208644895300e+00 4.764446570473972464e+00
1.711194137397729378e+02 -9.928464713836138600e+00 4.723416313771929609e+00
1.712895581466283090e+02 -9.983861381724061346e+00 4.682432330646275176e+00
1.714637209965542013e+02 -1.003566741927314965e+01 4.641494563450529576e+00
1.716343564465514078e+02 -1.008457668387919703e+01 4.600562754414577071e+00
1.718065383732713087e+02 -1.013046839293984824e+01 4.559757894795505528e+00
1.719669664761096897e+02 -1.017012153495757687e+01 4.519172063595025435e+00
1.721326550753052231e+02 -1.020693809155107346e+01 4.478703104925886969e+00
1.722915412402646780e+02 -1.023962777357689724e+01 4.438432169524517690e+00
1.724462585128041212e+02 -1.026916813834545827e+01 4.398286990387326512e+00
1.725994394254441318e+02 -1.029522993995221825e+01 4.358325865071245531e+00
1.727487238993054177e+02 -1.031798229823512614e+01 4.318557143343362270e+00
1.728926682149756573e+02 -1.033633975616969458e+01 4.278940219682926482e+00
1.730339016162126029e+02 -1.035130827175731127e+01 4.239434465300587540e+00
1.731674896336909057e+02 -1.036248230833912842e+01 4.200153742093243991e+00
1.732897590865198083e+02 -1.036703167614697207e+01 4.161316042333150556e+00
1.734081324801396420e+02 -1.036808924889576211e+01 4.122607689578114964e+00
1.735227589897297946e+02 -1.036581369509117856e+01 4.084136190003856193e+00
1.736296710684997038e+02 -1.035986921066401401e+01 4.045893802893904656e+00
1.737314903334495000e+02 -1.035066265022898513e+01 4.007897571654465807e+00
1.738308370020523341e+02 -1.033834787243300291e+01 3.970156139520204519e+00
1.739245801075279303e+02 -1.032283902058379788e+01 3.932670196401127249e+00
1.740185894485930191e+02 -1.030412279865481118e+01 3.895464786881325470e+00
1.741105910208796672e+02 -1.028284834914554580e+01 3.858450394146506923e+00
1.741878732367800637e+02 -1.025690010759823600e+01 3.822075790813747265e+00
1.742706019463435609e+02 -1.022852031966103503e+01 3.785903498619580976e+00
1.743441802189932162e+02 -1.019721084581349047e+01 3.749848413791105450e+00
1.744180527336606588e+02 -1.016363636700424067e+01 3.714003062618521867e+00
1.744912663913243307e+02 -1.012760011846054375e+01 3.678326993534683176e+00
1.745667131498675531e+02 -1.008975839664556773e+01 3.642731094837680761e+00
1.746386069917974169e+02 -1.005007841278938407e+01 3.607189954057960612e+00
1.747160580297825447e+02 -1.000874076648995548e+01 3.571697034456825737e+00
1.747895710575256487e+02 -9.965992925120806589e+00 3.536212094273405881e+00
1.748666708673660821e+02 -9.920544956068937381e+00 3.501170700054437646e+00
1.749421688244506186e+02 -9.873974703005467646e+00 3.466144689824560476e+00
1.750243297323334843e+02 -9.826649938376441185e+00 3.431085346241137479e+00
1.751101014995326750e+02 -9.778559681795842451e+00 3.395977297893596258e+00
1.752014486146052548e+02 -9.729745060405409873e+00 3.361012953776212342e+00
1.752933578823300707e+02 -9.680085456686141399e+00 3.326170746895575014e+00
1.753858879431211903e+02 -9.629662649658524032e+00 3.291552867552797856e+00
1.754790950673888119e+02 -9.578364439179960499e+00 3.257173918114141919e+00
1.755730330954344538e+02 -9.526120302328006773e+00 3.223129106690142631e+00
1.756517914011496941e+02 -9.472114858420914274e+00 3.189924991055221870e+00
1.757218435335250319e+02 -9.416920983021299207e+00 3.157191514976261715e+00
1.757904791697541782e+02 -9.360889570910622126e+00 3.125006013737670507e+00
1.758509699154832902e+02 -9.303932735169354373e+00 3.093308380370694000e+00
1.759072876179632487e+02 -9.246029845265612224e+00 3.062213371662855899e+00
1.759551054975869420e+02 -9.187159824039586198e+00 3.031752904667612381e+00
1.759858268263174637e+02 -9.127412531190104872e+00 3.001916347803413210e+00
1.760122579222314982e+02 -9.066835991512762760e+00 2.972779514827340375e+00
1.760325797727759607e+02 -9.005551999957988940e+00 2.944418349421207726e+00
1.760303787787026693e+02 -8.943018039110842921e+00 2.917245864094165864e+00
1.760235997757166899e+02 -8.879775144006766041e+00 2.890992277323586102e+00
1.760020891506976852e+02 -8.816050046275162089e+00 2.865578064837651429e+00
1.759726964535776119e+02 -8.751781203407739795e+00 2.841049206655088089e+00
1.759315651256681008e+02 -8.687004702417874924e+00 2.817383506618938327e+00
1.758782001878024062e+02 -8.621696198005890821e+00 2.794558919577602829e+00
1.758169857133745495e+02 -8.555775988133468957e+00 2.772608633627323460e+00
1.757415995869926633e+02 -8.489310142480613663e+00 2.751546493123134596e+00
1.756564490914622922e+02 -8.422256864380155861e+00 2.731350925486469627e+00
1.755559555405792764e+02 -8.354475205455095477e+00 2.712396796136647747e+00
1.754301440668423311e+02 -8.286167644876899274e+00 2.694550402243856890e+00
1.753011927206492828e+02 -8.217456331988771012e+00 2.677528586401828115e+00
1.751582954102532312e+02 -8.148315339995480855e+00 2.661379377421809966e+00
1.750037010652870890e+02 -8.078756686529748876e+00 2.646082051005830937e+00
1.748367645256457479e+02 -8.008806703805285920e+00 2.631616060852085326e+00
1.746619010249067401e+02 -7.938493520601867637e+00 2.617961041217983009e+00
1.744790856812418269e+02 -7.867764207622774286e+00 2.605096809383917744e+00
1.742812056614708638e+02 -7.796564230282325703e+00 2.593003368014229704e+00
1.740684516483487414e+02 -7.725155031149770757e+00 2.581928654235892573e+00
1.738435286241674476e+02 -7.653454141003759759e+00 2.571758418423118364e+00
1.736105223562490210e+02 -7.581321973694399752e+00 2.562278991876974832e+00
1.733723231766281856e+02 -7.508772031104205880e+00 2.553401607171299492e+00
1.731275226914763437e+02 -7.435716242219694294e+00 2.545107225510445215e+00
1.728745787763790815e+02 -7.362127896039753594e+00 2.537285639085034461e+00
1.726170494313861070e+02 -7.288034181433896919e+00 2.529935997552930527e+00
1.723574089295667306e+02 -7.213321138986272807e+00 2.522989319829124888e+00
1.720984617693189307e+02 -7.138045483003578440e+00 2.516440406966751198e+00
1.718355892122148418e+02 -7.062570137401688264e+00 2.510429126835547642e+00
1.715688456331544103e+02 -6.986833040990491739e+00 2.504980016829687628e+00
1.713043363751027357e+02 -6.910421582671365748e+00 2.499713274704943533e+00
1.710445006844984164e+02 -6.833422843163122984e+00 2.494638955281892834e+00
1.707847985435079750e+02 -6.756115025783874906e+00 2.489856980674479026e+00
1.705285697451281521e+02 -6.678686338723440308e+00 2.485377322846697545e+00
1.702684485934427414e+02 -6.601324168980186258e+00 2.481262426839306201e+00
1.700047994278318697e+02 -6.524184350717830760e+00 2.477527324817102805e+00
1.697384986701561047e+02 -6.447487421365615035e+00 2.474214358231261457e+00
1.694717411907560916e+02 -6.371902242311540121e+00 2.471647578787197208e+00
1.691952288331007992e+02 -6.297836973209202327e+00 2.469763142349894025e+00
1.689189843145198893e+02 -6.224819381509012040e+00 2.468473856852962278e+00
1.686409543958698123e+02 -6.152917187005081168e+00 2.467711718337582738e+00
1.683590836698242583e+02 -6.082356194720707876e+00 2.467515959179563456e+00
1.680713146069733455e+02 -6.013224206790869886e+00 2.467944099797634738e+00
1.677808536399423360e+02 -5.945607636598144730e+00 2.468946836326402217e+00
1.674894387464638612e+02 -5.879602907553988622e+00 2.470550580600327173e+00
1.671881029449840810e+02 -5.815318512779099613e+00 2.472857940450781555e+00
1.668857131298602496e+02 -5.753428757918088721e+00 2.475981731062557145e+00
1.665724976489960909e+02 -5.694535674392929181e+00 2.480031118113508626e+00
1.662519931027765665e+02 -5.637681248517962374e+00 2.484730528497392399e+00
1.659292629714207123e+02 -5.582912745323628023e+00 2.490128380577936618e+00
1.656022342298718115e+02 -5.530294618020130670e+00 2.496201961336510511e+00
1.652688320800321264e+02 -5.479878426732915031e+00 2.502923466633823146e+00
1.649269799832637204e+02 -5.431721974221241034e+00 2.510308587593337304e+00
1.645806239221080887e+02 -5.385869815603056665e+00 2.518379630047693496e+00
1.642307253997466603e+02 -5.342312612649430470e+00 2.527111716452119072e+00
1.638735705284725555e+02 -5.301568585364325514e+00 2.536617838260502911e+00
1.634992855056487713e+02 -5.264437933428422589e+00 2.547044917821441157e+00
1.631295988105073320e+02 -5.229540175751496101e+00 2.558062448068802563e+00
1.627507229386329470e+02 -5.196838371226589537e+00 2.569748657631417021e+00
1.623704543487527303e+02 -5.166285063557410240e+00 2.582039846869894628e+00
1.619879350912038092e+02 -5.137822199997148509e+00 2.594874756751750500e+00
1.615963351616750856e+02 -5.111348248998743848e+00 2.608307587271344374e+00
1.611995260980163209e+02 -5.086763486626550090e+00 2.622345318373941137e+00
1.608052985954615792e+02 -5.063952356712000835e+00 2.636859450896321899e+00
1.604055489513156942e+02 -5.043335737955009002e+00 2.652020656445490232e+00
1.599958148586802622e+02 -5.025900536181674205e+00 2.667853469496743735e+00
1.595846567657120261e+02 -5.010010030046191609e+00 2.684195638370527881e+00
1.591699758952092338e+02 -4.995370229911085147e+00 2.700956118475188461e+00
1.587531196302873013e+02 -4.981874597403294302e+00 2.718147440437179263e+00
1.583333392048035932e+02 -4.969309460603817286e+00 2.735762096235170304e+00
1.579088174349060409e+02 -4.957472485541654095e+00 2.753766043216809845e+00
1.574814321355903530e+02 -4.946125051015874519e+00 2.772070202392719285e+00
1.570558011011194139e+02 -4.935136246522117354e+00 2.790789904096267371e+00
1.566319384406920960e+02 -4.924479869187772252e+00 2.809801497174421847e+00
1.561991216241677307e+02 -4.915574038967029047e+00 2.829257789446308013e+00
1.557658678244207522e+02 -4.906198904191350074e+00 2.848940111408517328e+00
1.553349833073144453e+02 -4.896584690720260369e+00 2.868867896980191290e+00
1.549014484379427472e+02 -4.887013582162606617e+00 2.889062776509759622e+00
1.544732378907465318e+02 -4.877661452179617108e+00 2.909462391416286486e+00
1.540432533008228120e+02 -4.868748594857303047e+00 2.930041651105835587e+00
1.536131868761850399e+02 -4.860476378902278682e+00 2.950804526372601266e+00
1.531875734103276159e+02 -4.853032691206651705e+00 2.971740884096166102e+00
1.527645018237762145e+02 -4.846849411241585415e+00 2.992801750495439617e+00
1.523363734418293234e+02 -4.843821740269827814e+00 3.014026220451753169e+00
1.519200284267324719e+02 -4.842327353698741454e+00 3.035310288320828498e+00
1.514989491442200062e+02 -4.842342952034946357e+00 3.056700063474438789e+00
1.510842453337439792e+02 -4.844026775635183135e+00 3.078120242220237390e+00
1.506708177276365461e+02 -4.847437586724028691e+00 3.099609443550220611e+00
1.502616331825615248e+02 -4.852603872638340476e+00 3.121141221753541917e+00
1.498564619388782262e+02 -4.859693866594676948e+00 3.142680592103781922e+00
1.494566775787057509e+02 -4.868637497055064323e+00 3.164283645754201402e+00
1.490677906777059718e+02 -4.879563725906346683e+00 3.185923816247171914e+00
1.486837304127527375e+02 -4.894561046044466401e+00 3.207542895052501564e+00
1.483009864956069350e+02 -4.911682923013554358e+00 3.229137530033961312e+00
1.479275104636318190e+02 -4.930864367058204856e+00 3.250732361981640839e+00
1.475614829613423922e+02 -4.952271430236796057e+00 3.272217381616646659e+00
1.471975690085831445e+02 -4.975903363601434926e+00 3.293691008287688682e+00
1.468389238158617900e+02 -5.001845038130255716e+00 3.315126746829749838e+00
1.464852044703062290e+02 -5.030089837607614633e+00 3.336433514021634128e+00
1.461378535885105805e+02 -5.060608085043024396e+00 3.357698636396803771e+00
1.457949714138432284e+02 -5.093410974258886448e+00 3.378848852048516260e+00
1.454591567824386686e+02 -5.130155302189033151e+00 3.399723573956817013e+00
1.451334270650337146e+02 -5.169188545916411748e+00 3.420540950620541309e+00
1.448131545744030859e+02 -5.210315292360406580e+00 3.441239449421104268e+00
1.444929724145006276e+02 -5.253574794943896009e+00 3.461807833480932128e+00
1.441768489096458268e+02 -5.298894317658980668e+00 3.482247725507739755e+00
1.438677367716447577e+02 -5.346158789122466892e+00 3.502578657411320684e+00
1.435623091492320782e+02 -5.395334556631381950e+00 3.522795361717895979e+00
1.432617555334616100e+02 -5.446361329448042632e+00 3.542918052607600732e+00
1.429594782288421868e+02 -5.499182877971009908e+00 3.562850096226201746e+00
1.426721969731691217e+02 -5.555065845104192768e+00 3.582440298593592143e+00
1.423802064780740864e+02 -5.612716772124930920e+00 3.601944749204231577e+00
1.420904757595388332e+02 -5.671703033493006529e+00 3.621300445178275318e+00
1.418047225767400334e+02 -5.731858621638541429e+00 3.640629621494920087e+00
1.415191155298792864e+02 -5.793015766507366493e+00 3.659975204302055474e+00
1.412368842454577305e+02 -5.855002749069218027e+00 3.679309490352898226e+00
1.409561584720543976e+02 -5.917661571547926158e+00 3.698655751531474412e+00
1.406750700755310675e+02 -5.980824630455459534e+00 3.718165603159039989e+00
1.403845147565441778e+02 -6.044327324463073303e+00 3.737697985369001774e+00
1.401093723025852853e+02 -6.108978054801458946e+00 3.757192598809270923e+00
1.398243001171976232e+02 -6.173918156489853537e+00 3.776684173492500296e+00
1.395422502734326144e+02 -6.238872626531408727e+00 3.796218540993421708e+00
1.392600512687625098e+02 -6.303904575797103504e+00 3.815826456126072408e+00
1.389755404212762357e+02 -6.369057237209384326e+00 3.835421500652905102e+00
1.386890756573230306e+02 -6.434350744416912349e+00 3.854879398345735453e+00
1.384073137211040319e+02 -6.499802079566214807e+00 3.874230660932026726e+00
1.381308673419065371e+02 -6.565427009467316388e+00 3.893442118700430221e+00
1.378569538044046965e+02 -6.631231200762738531e+00 3.912445256661724713e+00
1.375906122105641032e+02 -6.697888027914815190e+00 3.930961678449627072e+00
1.373302988576533323e+02 -6.764934533710640352e+00 3.949007191896467983e+00
1.370791626432885835e+02 -6.832179840521167336e+00 3.966712519304707918e+00
1.368299732164303180e+02 -6.899534903582718037e+00 3.984038970047468986e+00
1.365859035663869747e+02 -6.967070218011447658e+00 4.001016341637285478e+00
1.363507146957807663e+02 -7.034768661017372082e+00 4.017581085683592512e+00
1.361230239638410069e+02 -7.102663155296171205e+00 4.033729475831330902e+00
1.359027721283055428e+02 -7.170679968611157307e+00 4.049400826827098676e+00
1.356899020726778247e+02 -7.238923395106782621e+00 4.064497930362506395e+00
1.354900768131498126e+02 -7.307657760034546257e+00 4.078894747406447863e+00
1.353014486116877890e+02 -7.376748087347728244e+00 4.092433324732729361e+00
1.351209502233232627e+02 -7.445923802782729695e+00 4.105443828426706965e+00
1.349485331062312525e+02 -7.515215401908593051e+00 4.117826534894676982e+00
1.347845291182900098e+02 -7.584590904568831782e+00 4.129525837298479551e+00
1.346289623177812018e+02 -7.654094639512801557e+00 4.140577022763163306e+00
1.344818862100489412e+02 -7.723718365027681720e+00 4.151017951974424136e+00
1.343430018153474066e+02 -7.793391705474391529e+00 4.160788478851721095e+00
1.342119888726270744e+02 -7.863078627297456435e+00 4.169930626134084939e+00
1.340947251392497890e+02 -7.932899537992055272e+00 4.178224000459723086e+00
1.339889419604791669e+02 -8.002713091249342270e+00 4.185667455287016558e+00
1.338909313446172291e+02 -8.072485299493116884e+00 4.192585660485976362e+00
1.338009552833956377e+02 -8.142156658371458633e+00 4.198947904473985915e+00
1.337184875155187171e+02 -8.211830786566466145e+00 4.204695339275765775e+00
1.336428094106059632e+02 -8.281439533779920481e+00 4.209908416568955758e+00
1.335737330188590022e+02 -8.351021598738602947e+00 4.214560386134418302e+00
1.335111160954056118e+02 -8.420570537560971403e+00 4.218702627545858341e+00
1.334538318903807692e+02 -8.490149963780122988e+00 4.222250581896913602e+00
1.334050881888163360e+02 -8.559556917054008451e+00 4.225105699656664271e+00
1.333651777960507445e+02 -8.628844714528352000e+00 4.227154609389346618e+00
1.333290436238526127e+02 -8.698053233167367893e+00 4.228877738591339863e+00
1.332956911137348186e+02 -8.767330724294113864e+00 4.230160027219020513e+00
1.332652267005599640e+02 -8.836619823786000083e+00 4.231100291384244372e+00
1.332369383008461057e+02 -8.905977679061708230e+00 4.231787221513296338e+00
1.332095232047226716e+02 -8.975405258939451514e+00 4.232200180304516834e+00
1.331827506928371747e+02 -9.044995205335119692e+00 4.232425373707925154e+00
1.331556392898258707e+02 -9.114770743748065840e+00 4.232447770764214745e+00
1.331292733370465839e+02 -9.184380447363095001e+00 4.232155773405688493e+00
1.331057231816419346e+02 -9.253821820393337561e+00 4.231472313533921614e+00
1.330802234354706002e+02 -9.323226685777646239e+00 4.230628917831519509e+00
1.330532847775924381e+02 -9.392460249049221943e+00 4.229577593680335035e+00
1.330254205249565871e+02 -9.461420592228485305e+00 4.228341178740097739e+00
1.329971466194311915e+02 -9.529912446422773797e+00 4.226853928880255573e+00
1.329689816104568081e+02 -9.597908842593847467e+00 4.225150141798727610e+00
1.329414466332378595e+02 -9.665229130208331298e+00 4.223146925370798499e+00
1.329150653824105461e+02 -9.731722932131535941e+00 4.220913598965991831e+00
1.328916148651219089e+02 -9.797014407582654627e+00 4.218218423352345425e+00
1.328744108533244628e+02 -9.860520078994090554e+00 4.214911511683110845e+00
1.328594023212821469e+02 -9.922862156205091821e+00 4.211299392871659997e+00
1.328459625182055106e+02 -9.983919359838333563e+00 4.207331749689615208e+00
1.328349077272321779e+02 -1.004357012340271993e+01 4.202958890877631859e+00
1.328262236711424578e+02 -1.010173616872321034e+01 4.198134829795197476e+00
1.328204508453775077e+02 -1.015839415212941255e+01 4.192875591866210172e+00
1.328175322950452539e+02 -1.021340046932754042e+01 4.187102881681038724e+00
1.328170243979447775e+02 -1.026666971117019500e+01 4.180874516012209163e+00
1.328212855131878598e+02 -1.031792526518344744e+01 4.174058265642708321e+00
1.328323845360312419e+02 -1.036638872614305384e+01 4.166463978752717345e+00
1.328457072986145704e+02 -1.041299169286936355e+01 4.158331553646918977e+00
1.328627187336054476e+02 -1.045768199666759735e+01 4.149707214834847946e+00
1.328823443265467859e+02 -1.050036962163572518e+01 4.140604833141584784e+00
1.329050113960368833e+02 -1.054111413787633467e+01 4.130974924223379752e+00
1.329307308070231386e+02 -1.057993286845115577e+01 4.120833046508876940e+00
1.329598656004307315e+02 -1.061681838912589271e+01 4.110217955172903004e+00
1.329919383786715628e+02 -1.065170668479350091e+01 4.099044555624641539e+00
1.330269724639359197e+02 -1.068442547366413642e+01 4.087375759262600994e+00
1.330684175952279134e+02 -1.071394303987596430e+01 4.074824415620366125e+00
1.331120509526578530e+02 -1.074144905879714251e+01 4.061867797306630834e+00
1.331579177464216173e+02 -1.076710627944297016e+01 4.048357412601930605e+00
1.332056333416828693e+02 -1.079085398119501704e+01 4.034371990547799491e+00
1.332554820104489011e+02 -1.081276020851045416e+01 4.019858642345798039e+00
1.333070663717708442e+02 -1.083289246534690164e+01 4.004832559088520760e+00
1.333597802012045008e+02 -1.085125895143380603e+01 3.989270970069278999e+00
1.334142244134884834e+02 -1.086789416102202388e+01 3.973257969799518285e+00
1.334699485768758791e+02 -1.088291370252705903e+01 3.956807248552859146e+00
1.335289165880197118e+02 -1.089505976437265211e+01 3.939662447310262383e+00
1.335890249586347807e+02 -1.090594396568331170e+01 3.922139600793776104e+00
1.336495195398372573e+02 -1.091580267252341407e+01 3.904257998954387965e+00
1.337088329056948908e+02 -1.092476462510939328e+01 3.886128993259567732e+00
1.337723371206320166e+02 -1.093297626216453011e+01 3.867681153249784565e+00
1.338367049145728345e+02 -1.094064758239249890e+01 3.849028304492016606e+00
1.339034971207686340e+02 -1.094788094014961466e+01 3.830070068108579751e+00
1.339676410026206668e+02 -1.095493638627525179e+01 3.810889883040949222e+00
1.340282894811854248e+02 -1.096182053701731007e+01 3.791546996783386803e+00
1.340886089971074284e+02 -1.096699629382982444e+01 3.771817809200407101e+00
1.341542269711291056e+02 -1.097208981284540030e+01 3.751886357271159600e+00
1.342143282116134912e+02 -1.097683814173971051e+01 3.731799328066050414e+00
1.342770119877424690e+02 -1.098116683135137173e+01 3.711521165316725490e+00
1.343355572090798944e+02 -1.098489375655993783e+01 3.691106731275715980e+00
1.343914519764864508e+02 -1.098782783072746838e+01 3.670553096897471335e+00
1.344487142542343747e+02 -1.098982679891451752e+01 3.649799670671024732e+00
1.344989724417676484e+02 -1.099074775091236766e+01 3.628941645632521418e+00
1.345560302109581414e+02 -1.099052103730335972e+01 3.608025601414503569e+00
1.346001158182239408e+02 -1.098730625513382542e+01 3.586829201329418293e+00
1.346466331292477037e+02 -1.098260749720668450e+01 3.565638925809098581e+00
1.346897017854369665e+02 -1.097645799298740599e+01 3.544330110178918414e+00
1.347275948060159578e+02 -1.096877798701681428e+01 3.522965543984609038e+00
1.347600521746357174e+02 -1.095942059611266473e+01 3.501582031390662486e+00
1.347935931477588554e+02 -1.094833577898262433e+01 3.480128302203527202e+00
1.348240336048521897e+02 -1.093545912347557270e+01 3.458630499500623845e+00
1.348495114918255808e+02 -1.092070687260402195e+01 3.437086914846235075e+00
1.348642045045443751e+02 -1.090388169002651786e+01 3.415541245150091054e+00
1.348820219958025746e+02 -1.088352331831613284e+01 3.393865324641280434e+00
1.348902401165249501e+02 -1.086076471717794512e+01 3.372197248194180208e+00
1.348904634526409154e+02 -1.083578233450338324e+01 3.350457475500188576e+00
1.348873767449950378e+02 -1.080862163954066446e+01 3.328673437957482051e+00
1.348843782310758002e+02 -1.077936740074407318e+01 3.306899616899753536e+00
1.348730895519290698e+02 -1.074801815554051743e+01 3.285131564313203523e+00
1.348563989650434678e+02 -1.071464504472688795e+01 3.263364787296883396e+00
1.348327909518820320e+02 -1.067929501056001129e+01 3.241594752471356422e+00
1.348084270726073441e+02 -1.064198408697933829e+01 3.219889599619155884e+00
1.347758709101327952e+02 -1.060154529508200127e+01 3.198274350834756863e+00
1.347391440202290198e+02 -1.055887789354017237e+01 3.176753167935759237e+00
1.347033666199856441e+02 -1.051438195744937332e+01 3.155226650775741604e+00
1.346565054179814069e+02 -1.046806055954738746e+01 3.133721302131623254e+00
1.346039963394951542e+02 -1.041993339959571330e+01 3.112213207038763585e+00
1.345524683624446709e+02 -1.037003126688591692e+01 3.090690166934859651e+00
1.344922733752983390e+02 -1.031836658563924836e+01 3.069177976624654747e+00
1.344307071292284377e+02 -1.026509829667823404e+01 3.047637013684413976e+00
1.343601924988746816e+02 -1.021034303049415115e+01 3.026062584835914393e+00
1.342909676797037264e+02 -1.015317755887442530e+01 3.004588180431218891e+00
1.342126206084961098e+02 -1.009429229094956781e+01 2.983121068659473796e+00
1.341351615860467632e+02 -1.003433032911279987e+01 2.961554576738455236e+00
1.340570250566563857e+02 -9.973325656798900596e+00 2.939952347441938674e+00
1.339736918705150117e+02 -9.911350419220099184e+00 2.918309773550278319e+00
1.338866503646876538e+02 -9.848583206268976653e+00 2.896528397374892094e+00
1.338029000492801117e+02 -9.785088552436118192e+00 2.874626497465966768e+00
1.337148164618924113e+02 -9.720989213693549402e+00 2.852544002435132953e+00
1.336327145550798150e+02 -9.656442473358156420e+00 2.830293264584939461e+00
1.335425193164301731e+02 -9.590696874131284133e+00 2.807993705497207504e+00
1.334514711080427389e+02 -9.524261909440927099e+00 2.785691395529000580e+00
1.333562127156789643e+02 -9.457404433266185961e+00 2.763290275046413225e+00
1.332608574207530694e+02 -9.390264216604531811e+00 2.740824954587490758e+00
1.331633702625298099e+02 -9.322719827304380757e+00 2.718337525239019836e+00
1.330645859128982522e+02 -9.254799431243135643e+00 2.695898861306955663e+00
1.329657399148452157e+02 -9.186534727711615389e+00 2.673529414841496532e+00
1.328643880961199102e+02 -9.117794737275790595e+00 2.651294032910089804e+00
1.327579467470188774e+02 -9.048657945128780966e+00 2.629186745042415563e+00
1.326432658510256033e+02 -8.978586645635719066e+00 2.607439931587885784e+00
1.325228375293028478e+02 -8.907631571003578941e+00 2.586050702942038981e+00
1.324027705917815467e+02 -8.836219935221294008e+00 2.564842486489464779e+00
1.322723056087997406e+02 -8.764260881900961309e+00 2.543960807703817384e+00
1.321377718265325711e+02 -8.691834050415037538e+00 2.523348435456354899e+00
1.319947930694052616e+02 -8.618865916846038644e+00 2.503025103056503831e+00
1.318444629863236912e+02 -8.545284178587852608e+00 2.483011450744494031e+00
1.316906474080497560e+02 -8.471230215729171675e+00 2.463311044676531836e+00
1.315335357310876248e+02 -8.396567069640308745e+00 2.443961110213905830e+00
1.313625314812975944e+02 -8.321109302251493034e+00 2.425212058843161600e+00
1.311841699617135077e+02 -8.244800230686362141e+00 2.407034389842634070e+00
1.309960561817503333e+02 -8.168004841108034597e+00 2.389219693260737021e+00
1.308025029024522610e+02 -8.090697288454542502e+00 2.371792869262495884e+00
1.306011903150908040e+02 -8.012917733072413284e+00 2.354808299485132483e+00
1.303931513953858428e+02 -7.934672501370799935e+00 2.338179906291386168e+00
1.301740044944264696e+02 -7.855915148334602804e+00 2.321982081227803363e+00
1.299500683618583992e+02 -7.776708384773661109e+00 2.306257406177067537e+00
1.297244249520360597e+02 -7.696985314649256615e+00 2.290904221052542322e+00
1.294865794557317429e+02 -7.616680958164741000e+00 2.276116273882358154e+00
1.292346079460814394e+02 -7.535750604861410906e+00 2.261922038511054556e+00
1.289743433057730329e+02 -7.454388665250069046e+00 2.248093829377313835e+00
1.287101963316641786e+02 -7.372622894085427703e+00 2.234670914109329498e+00
1.284360700168333551e+02 -7.290341468510563416e+00 2.221622007834686219e+00
1.281565679097518853e+02 -7.207646474662226410e+00 2.208915969508788990e+00
1.278711816513375936e+02 -7.124484963862649956e+00 2.196521803741232404e+00
1.275762630627315701e+02 -7.040938561004800533e+00 2.184469557408906581e+00
1.272788646230736020e+02 -6.956971066329431963e+00 2.172689211945070031e+00
1.269788983679580099e+02 -6.872653057757260875e+00 2.161349164941134493e+00
1.266661845515621820e+02 -6.788072855128624461e+00 2.150464573488582332e+00
1.263464380368620397e+02 -6.703222091164700025e+00 2.139829777912715336e+00
1.260269242135532721e+02 -6.618085612047758914e+00 2.129387147009174086e+00
1.257077764482525879e+02 -6.532576927839184755e+00 2.119079368140289965e+00
1.253891260300763832e+02 -6.446697359543410499e+00 2.108931594258021125e+00
1.250658918411711369e+02 -6.360453863015660403e+00 2.098810003835398508e+00
1.247403748637341465e+02 -6.273759918942577229e+00 2.088728617339886462e+00
1.244157370208489510e+02 -6.186665978586283643e+00 2.078718874345178769e+00
1.240902437621693366e+02 -6.099182824746283593e+00 2.068726352919894929e+00
1.237606574565429014e+02 -6.011677983108132395e+00 2.059012467520212830e+00
1.234300101384841639e+02 -5.923967615878092730e+00 2.049339575866233165e+00
1.230972673016268004e+02 -5.836100223793890152e+00 2.039716905491229859e+00
1.227649052432408325e+02 -5.748229767134239054e+00 2.030227404599130647e+00
1.224331077118764597e+02 -5.660484889267567432e+00 2.020826752900769741e+00
1.221012504064371171e+02 -5.572922683168278546e+00 2.011625293626037259e+00
1.217662390145194706e+02 -5.485670365680660687e+00 2.002577141155367002e+00
1.214239332444852266e+02 -5.398709097275875557e+00 1.993780150095914028e+00
1.210872573592432104e+02 -5.312355849261308549e+00 1.985264620645784017e+00
1.207379900599624705e+02 -5.227006373220885571e+00 1.977334303083180700e+00
1.203819185666114464e+02 -5.142303595983820586e+00 1.969631119202543079e+00
1.200272278680134264e+02 -5.058323526619118660e+00 1.962276776346899787e+00
1.196669065634622768e+02 -4.975111307937591043e+00 1.955203215049962084e+00
1.193068580363407705e+02 -4.892690149606445438e+00 1.948493321518715238e+00
1.189412329762973286e+02 -4.811155331077775266e+00 1.942056503431990100e+00
1.185748834934259293e+02 -4.730505773574297912e+00 1.936027527929907732e+00
1.182031828819835511e+02 -4.650819529490128446e+00 1.930324278831618168e+00
1.178295762743413917e+02 -4.572263989900251957e+00 1.925131020521814618e+00
1.174435877326450992e+02 -4.495527545737765251e+00 1.920527281747938186e+00
1.170575475149340292e+02 -4.419865713200842094e+00 1.916332165583165992e+00
1.166725573353761973e+02 -4.345305356619197923e+00 1.912529760423106406e+00
1.162813502116007101e+02 -4.271852222341352423e+00 1.909109599384447353e+00
1.158857869661758144e+02 -4.199520421479570942e+00 1.906057836831384966e+00
1.154851469142384133e+02 -4.128322570046686124e+00 1.903430430825286512e+00
1.150864339961810856e+02 -4.058254166432605281e+00 1.901186395410258578e+00
1.146785779237533376e+02 -3.989301112749857658e+00 1.899351569183943322e+00
1.142678970869548181e+02 -3.921517977713389946e+00 1.897854805102016984e+00
1.138511526801978562e+02 -3.855848675792650226e+00 1.897051082216258289e+00
1.134311369145007973e+02 -3.791283711520983424e+00 1.896616393076558493e+00
1.130072758362345411e+02 -3.727795801890144034e+00 1.896487082131877111e+00
1.125801353675815761e+02 -3.665354329123811983e+00 1.896754178057926898e+00
1.121500397723264797e+02 -3.603895208474626966e+00 1.897336302840517019e+00
1.117168917471076099e+02 -3.543345955015132720e+00 1.898243941835769721e+00
1.112807669793939169e+02 -3.483642580057894733e+00 1.899461590128439736e+00
1.108418987490497329e+02 -3.424719923054712289e+00 1.900983094004177198e+00
1.104001912640253522e+02 -3.366516527632037459e+00 1.902793772059151012e+00
1.099547518289613919e+02 -3.310202218830394560e+00 1.905082628335701855e+00
1.095065938645444135e+02 -3.254473250214618751e+00 1.907641567249281467e+00
1.090566177896754425e+02 -3.199204209644285868e+00 1.910405373938474094e+00
1.086050575688413176e+02 -3.144302507387199075e+00 1.913402194460108952e+00
1.081512323650230485e+02 -3.089669408722207411e+00 1.916559344889227967e+00
1.076955306576944480e+02 -3.035216471613146894e+00 1.919937911598549762e+00
1.072382649513745321e+02 -2.980768336935716967e+00 1.923442320968859365e+00
1.067793311110131782e+02 -2.926282364268313341e+00 1.927066460320375096e+00
1.063186084718370950e+02 -2.871575263686419355e+00 1.930801155397108282e+00
1.058570852421173782e+02 -2.817963788961352911e+00 1.934851989106398662e+00
1.053946702424700277e+02 -2.764421945311800854e+00 1.938975182724496538e+00
1.049330027953966464e+02 -2.711035957928404905e+00 1.943189407515390155e+00
1.044722273718971621e+02 -2.657869618960374769e+00 1.947580507544555806e+00
1.040119588995776923e+02 -2.605106894549354291e+00 1.952074508875526249e+00
1.035529829238178650e+02 -2.552815180461700972e+00 1.956656102125075902e+00
1.030949513499093797e+02 -2.501062414926859656e+00 1.961366748097306045e+00
1.026379691232069291e+02 -2.450046781445884392e+00 1.966160495147740050e+00
1.021820904608552780e+02 -2.399815897315145552e+00 1.971069575918060091e+00
1.017269031594048414e+02 -2.351601285256430085e+00 1.976247322126124750e+00
1.012726762686553883e+02 -2.304669402530271860e+00 1.981452644579732025e+00
1.008200108059152171e+02 -2.258805768873942021e+00 1.986730141340319333e+00
1.003690175519395780e+02 -2.214081667747068938e+00 1.992096690043040574e+00
9.991968712882199100e+01 -2.170529267062617507e+00 1.997596914080658648e+00
9.947178456755560205e+01 -2.128217890202296569e+00 2.003168489302312505e+00
9.902609455624953227e+01 -2.087151204321560538e+00 2.008810313947128723e+00
9.858211718135231649e+01 -2.047462072592844518e+00 2.014542687945598320e+00
9.814010951896827351e+01 -2.009205036738980876e+00 2.020351384275843376e+00
9.769994168229567322e+01 -1.973413738692235242e+00 2.026309195588726908e+00
9.726259419438893872e+01 -1.939390551676875685e+00 2.032244498621092355e+00
9.682695578674618275e+01 -1.906825825834002064e+00 2.038288122689836168e+00
9.639313428728311806e+01 -1.875796015488988999e+00 2.044395199710370203e+00
9.596074526119939208e+01 -1.846339070161705065e+00 2.050492046329906337e+00
9.552997540718142488e+01 -1.818433750240680213e+00 2.056659326182700198e+00
9.510137287041654020e+01 -1.792059388346651572e+00 2.062859090553115671e+00
9.467438738706358947e+01 -1.767132247569402903e+00 2.069134433091155856e+00
9.424882156658503618e+01 -1.743749433912842317e+00 2.075453822572808971e+00
9.382728229975691647e+01 -1.722680570171453152e+00 2.081824634208983227e+00
9.340775324837329663e+01 -1.703426088936205618e+00 2.088192462661703885e+00
9.299059195150103108e+01 -1.685500696929302933e+00 2.094665231021875407e+00
9.257483946831193578e+01 -1.668887103734966848e+00 2.101122505229076065e+00
9.216151054599045267e+01 -1.653568569113373465e+00 2.107649536149922564e+00
9.174948039509148145e+01 -1.639482236560781070e+00 2.114284931350444374e+00
9.133877562730000932e+01 -1.626568457843086568e+00 2.120960283872708185e+00
9.092929269714146301e+01 -1.614812115218961397e+00 2.127689273864570740e+00
9.052056716485797949e+01 -1.604127399909574425e+00 2.134485984198194242e+00
9.011410308500748556e+01 -1.595218760539925951e+00 2.141265136154080206e+00
8.970977669968193879e+01 -1.587600434875817923e+00 2.148116358387179847e+00
8.930512217234827688e+01 -1.580843641174936032e+00 2.155047485094926163e+00
8.890064758451649141e+01 -1.574797538543823761e+00 2.162035185374472146e+00
8.849617064613586592e+01 -1.569374362650912902e+00 2.169187854427324424e+00
8.809151029646038467e+01 -1.564457012877895847e+00 2.176445873148341814e+00
8.768648671486772628e+01 -1.559925959378358984e+00 2.183859552619567879e+00
8.728029702648417754e+01 -1.555760244960087801e+00 2.191425691552388422e+00
8.687262087407788158e+01 -1.551725330841182915e+00 2.199164921126409933e+00
8.646657432574424718e+01 -1.548524197735630326e+00 2.206948011762870809e+00
8.606123646180574838e+01 -1.546032213678678158e+00 2.214804649954395632e+00
8.565690694529300231e+01 -1.543830362045876203e+00 2.222749282366090817e+00
8.525314439980434145e+01 -1.541949597172673547e+00 2.230719323164639611e+00
8.485048366449134960e+01 -1.540486303532010215e+00 2.238726680819008052e+00
8.444897715151159900e+01 -1.539505044681341861e+00 2.246770018598382546e+00
8.404974390204739620e+01 -1.539016667149866624e+00 2.254741423603729533e+00
8.365221571854915794e+01 -1.539020469237104338e+00 2.262701791270541385e+00
8.325788587242479366e+01 -1.539632195261915193e+00 2.270505952405708960e+00
8.286737162581137284e+01 -1.541283774493696690e+00 2.278174725965571579e+00
8.248212723408221336e+01 -1.543981808235693087e+00 2.285574119379631508e+00
8.210065873038222151e+01 -1.547270276968305325e+00 2.292792786544362471e+00
8.172265270810825655e+01 -1.551153756724624300e+00 2.299908428309560549e+00
8.134853036306478202e+01 -1.555627370358103612e+00 2.306857944839530106e+00
8.097906094640342189e+01 -1.560690777760274539e+00 2.313667865268329571e+00
8.061446555133399272e+01 -1.566343409312544788e+00 2.320313535207326971e+00
8.025420034506954892e+01 -1.572600274718090940e+00 2.326755244411463863e+00
7.989905271193447334e+01 -1.579476130101940656e+00 2.333028451407258341e+00
7.955089733780361883e+01 -1.587237962710934980e+00 2.339059283230435327e+00
7.921026021530042271e+01 -1.595999338422296576e+00 2.344671327447737319e+00
7.887425512112614001e+01 -1.605392128891781622e+00 2.350090743703281415e+00
7.854313891987008844e+01 -1.615440843283050487e+00 2.355238588732148752e+00
7.821750773901941045e+01 -1.626162838582786430e+00 2.360176635973026293e+00
7.789651808598979699e+01 -1.637549139575666279e+00 2.364840996063573009e+00
7.758039831778113182e+01 -1.649606263785709404e+00 2.369272546870931251e+00
7.726923633113906931e+01 -1.662335108219215263e+00 2.373483664545690708e+00
7.696273935018146517e+01 -1.675737739073609012e+00 2.377478977702689900e+00
7.666287445408121926e+01 -1.689935401984404617e+00 2.381118646909616388e+00
7.637027185789483497e+01 -1.705044563096743904e+00 2.384323594900058296e+00
7.608237227204828912e+01 -1.720773724145175931e+00 2.387306402352113111e+00
7.579861684209430450e+01 -1.737121591814073218e+00 2.390057014779621625e+00
7.551879620107320079e+01 -1.754083466439255501e+00 2.392637519877905738e+00
7.524329525803207730e+01 -1.771656820239503549e+00 2.395026752173965434e+00
7.497084452311821678e+01 -1.789833792067266449e+00 2.397258638363755079e+00
7.470257672959938589e+01 -1.808612699311865413e+00 2.399306979182452615e+00
7.443708772105888727e+01 -1.828002729846217145e+00 2.401243024960777017e+00
7.417536864547760445e+01 -1.848057481934172630e+00 2.402964471372785127e+00
7.391951908864706411e+01 -1.868831357770256218e+00 2.404271148327782548e+00
7.366585922948534915e+01 -1.890208135781121568e+00 2.405551415631904888e+00
7.341385210456778054e+01 -1.912213513886918292e+00 2.406720785450104039e+00
7.316293770646721839e+01 -1.934801124544409889e+00 2.407841496439885098e+00
7.291297708645174680e+01 -1.958023684814604204e+00 2.408890704407416816e+00
7.266322915976417107e+01 -1.981857485049162371e+00 2.409901246712320866e+00
7.241343090573705865e+01 -2.006326039454758181e+00 2.410965239142461858e+00
7.216346583722793184e+01 -2.031328277925843029e+00 2.412202990342981579e+00
7.191460635544783031e+01 -2.056879739356117121e+00 2.413406006167297058e+00
7.166942762089023233e+01 -2.082762023511832261e+00 2.414406490404188421e+00
7.142486276698438985e+01 -2.108938090031053036e+00 2.415511819154323003e+00
7.118152610314514561e+01 -2.135418452631532737e+00 2.416661304739693428e+00
7.093969132421463542e+01 -2.162145157316636812e+00 2.417755580167864515e+00
7.069941222226223942e+01 -2.189015915735898155e+00 2.418802171648084975e+00
7.046080235478991938e+01 -2.216041262316189364e+00 2.419763649636967440e+00
7.022408280869380803e+01 -2.243114110456141397e+00 2.420682400284716707e+00
6.998987683247979419e+01 -2.270315221798908212e+00 2.421385847058705743e+00
6.975851266395852690e+01 -2.297446522911838596e+00 2.421960047939312854e+00
6.953363652368157943e+01 -2.324301346571928217e+00 2.422095606605929596e+00
6.931134089816707444e+01 -2.350984857469906597e+00 2.422036649713099621e+00
6.909225584520591212e+01 -2.377555263412512776e+00 2.421846144393833278e+00
6.887634029535217906e+01 -2.403923905401126326e+00 2.421486002324276576e+00
6.866350544107116605e+01 -2.430002029036278266e+00 2.420889679783575943e+00
6.845437437537061953e+01 -2.455850807605574726e+00 2.420118542607606837e+00
6.824859510780675009e+01 -2.481386802052831353e+00 2.419077954735258551e+00
6.804648101150949913e+01 -2.506655141385098151e+00 2.417831648064310279e+00
6.784805521387849581e+01 -2.531548146756998019e+00 2.416307100721083678e+00
6.765648007807263298e+01 -2.555658963910250048e+00 2.414275336611418687e+00
6.746925298932769977e+01 -2.579381599458704599e+00 2.411959162233299203e+00
6.728528925108199132e+01 -2.602749469339998623e+00 2.409297139091818973e+00
6.710490614591370218e+01 -2.625705955044050022e+00 2.406416644494373536e+00
6.692850184671908664e+01 -2.648292603369113873e+00 2.403255447863601901e+00
6.675573524836187289e+01 -2.670468488715233235e+00 2.399775940118493267e+00
6.658667927532319197e+01 -2.692340783662261483e+00 2.396080528024742140e+00
6.642099555351063600e+01 -2.713819100965616737e+00 2.392164453383486045e+00
6.625908653576094309e+01 -2.734935533451053224e+00 2.387989760404156669e+00
6.610385212277186895e+01 -2.755159140748085100e+00 2.383372299037315845e+00
6.595259417891779208e+01 -2.774995110016813982e+00 2.378575653305054161e+00
6.580435151658475945e+01 -2.794523799086026550e+00 2.373496383215876637e+00
6.565945535606527983e+01 -2.813852482893498763e+00 2.368193293973041680e+00
6.551757376169891245e+01 -2.832929538529250557e+00 2.362721226486201864e+00
6.537886376972663527e+01 -2.851810093896110843e+00 2.356990163491066603e+00
6.524284396915702189e+01 -2.870542043042932256e+00 2.351003096366192313e+00
6.510950024877884346e+01 -2.889196307673393083e+00 2.344851388427556582e+00
6.497949270685035117e+01 -2.907877177528396473e+00 2.338546892708827318e+00
6.485336055141141287e+01 -2.925902401198261060e+00 2.331861493570684285e+00
6.473079361300698054e+01 -2.943892085236805567e+00 2.324951663938897628e+00
6.460968530277125410e+01 -2.962112352061668563e+00 2.317952311934732723e+00
6.449034687388795817e+01 -2.980602581693764019e+00 2.310855678880908481e+00
6.437323032483118368e+01 -2.999387820535508009e+00 2.303640888897571681e+00
6.425798731223166271e+01 -3.018621079760876125e+00 2.296313882244949589e+00
6.414415536870954782e+01 -3.038404386015947090e+00 2.288976041756421775e+00
6.403174285660635690e+01 -3.058803589104483578e+00 2.281552951161832876e+00
6.392010096300277411e+01 -3.079668100296880429e+00 2.274103451963599642e+00
6.381198125053210646e+01 -3.100315252219599582e+00 2.266472018082882123e+00
6.370525575513612182e+01 -3.121080592549560162e+00 2.258780438136846591e+00
6.359940564805955887e+01 -3.141979915678234647e+00 2.250994255272238398e+00
6.349459111575326631e+01 -3.163033375486266063e+00 2.243142046548129098e+00
6.339125497903457074e+01 -3.184086107779382502e+00 2.235258131279956206e+00
6.328877020182681434e+01 -3.205018629431326094e+00 2.227222329570816228e+00
6.318711324909646265e+01 -3.225757807872633887e+00 2.219123899924829058e+00
6.308648259082134047e+01 -3.246251039849264775e+00 2.210903177087100158e+00
6.298672829111496441e+01 -3.266408071598236873e+00 2.202612234414462300e+00
6.288854853046971982e+01 -3.285581928155315801e+00 2.194143731862367552e+00
6.279184500889870435e+01 -3.304048657573210868e+00 2.185585746903652815e+00
6.269563053883972970e+01 -3.322104108110536469e+00 2.177001166798625320e+00
6.260043867646156457e+01 -3.339698043718851483e+00 2.168422966311492228e+00
6.250650895432338672e+01 -3.356750418230674438e+00 2.159806440601033106e+00
6.241327188455770170e+01 -3.373240841749254315e+00 2.151127692787192291e+00
6.232025776214305779e+01 -3.389093363277193127e+00 2.142463144224237226e+00
6.222894070404623790e+01 -3.404314698766561786e+00 2.133718755952798585e+00
6.213757238269462135e+01 -3.418910591624864992e+00 2.124944102000713375e+00
6.204729907538737876e+01 -3.432078229115506307e+00 2.116072952361140125e+00
6.195791946709734077e+01 -3.444245180915175286e+00 2.107085235323685080e+00
6.186912184292825145e+01 -3.455629040706332589e+00 2.098087725182208096e+00
6.178075864054876831e+01 -3.466266717542683118e+00 2.089013950864270441e+00
6.169306425222230672e+01 -3.476217803204585177e+00 2.079873780180523823e+00
6.160641564777758816e+01 -3.485405943337781309e+00 2.070659169373592068e+00
6.152011942210640427e+01 -3.493861421490343844e+00 2.061422926261384792e+00
6.143429446406894101e+01 -3.501595645636594423e+00 2.052143875761603287e+00
6.134978124906528052e+01 -3.508583545453535901e+00 2.042798337879181858e+00
6.126494925937160474e+01 -3.514410290129658776e+00 2.033344105717065808e+00
6.118154791768596112e+01 -3.519094690077865462e+00 2.023887498644562299e+00
6.109787012383981875e+01 -3.523136518256118066e+00 2.014343792053624682e+00
6.101555608413806198e+01 -3.526538544841464340e+00 2.004664885054842749e+00
6.093346820874684511e+01 -3.529297402089632829e+00 1.994930022673335968e+00
6.085184193698394495e+01 -3.531469947113566210e+00 1.985064974310977615e+00
6.077142494931511152e+01 -3.533109042722049953e+00 1.975155574920335555e+00
6.069206696770230280e+01 -3.534274109474110581e+00 1.965083903123662212e+00
6.061361727499286189e+01 -3.534993577036355195e+00 1.954936943051611253e+00
6.053624335413459079e+01 -3.535032925916796742e+00 1.944808338773095224e+00
6.045994746652106500e+01 -3.534442488399811122e+00 1.934517966236374731e+00
6.038554801155679286e+01 -3.533722260357702538e+00 1.924242818649215314e+00
6.031247978775633811e+01 -3.532953410579485531e+00 1.913804524061671675e+00
6.024120795548444818e+01 -3.532154553994236501e+00 1.903271813739683349e+00
6.017248198092671174e+01 -3.531455826410734744e+00 1.892639743717846601e+00
6.010598961405525387e+01 -3.530879342908491925e+00 1.881902441394889269e+00
6.004197413933811589e+01 -3.530529169306103388e+00 1.871011079117637532e+00
5.997973239010102731e+01 -3.530377738625380069e+00 1.859965381253364525e+00
5.991854091846875718e+01 -3.530001423451051945e+00 1.848872180275397792e+00
5.985843888452659201e+01 -3.529193517265907687e+00 1.837731337557621414e+00
5.979972311823887310e+01 -3.528515690757631607e+00 1.826551461382087682e+00
5.974214061088886041e+01 -3.527814464067085876e+00 1.815367569134273884e+00
5.968475224978647020e+01 -3.527079415967142584e+00 1.804144045592412038e+00
5.962831295979600554e+01 -3.526246416055110355e+00 1.792889861837162035e+00
5.957200927100934962e+01 -3.525297675263461716e+00 1.781615525435940928e+00
5.951623047845292547e+01 -3.524201725996869872e+00 1.770407364641025216e+00
5.946049480410273702e+01 -3.522913420721402566e+00 1.759220145117765144e+00
5.940326734605987014e+01 -3.521284466444158490e+00 1.748203016245371000e+00
5.934564724346346765e+01 -3.518962569055979817e+00 1.737308971695711968e+00
5.928674050830026232e+01 -3.516483117442882111e+00 1.726489231473183672e+00
5.922712576160248688e+01 -3.513716591313758020e+00 1.715763572467661868e+00
5.916701978702501208e+01 -3.510675662023462706e+00 1.705151197754094516e+00
5.910562572639616263e+01 -3.507372696312025084e+00 1.694638917942890233e+00
5.904324326650033328e+01 -3.503715459341037342e+00 1.684279370713679169e+00
5.897956768622348989e+01 -3.499699055780241430e+00 1.673998811572999124e+00
5.891459342579768332e+01 -3.495296770651201257e+00 1.663830573977984173e+00
5.884719446730207437e+01 -3.490347166014968749e+00 1.653889342850149324e+00
5.877652134889291347e+01 -3.484601601143620719e+00 1.644149645709388707e+00
5.870399901301282597e+01 -3.478513601537043254e+00 1.634548600223282522e+00
5.863081823242470136e+01 -3.472066601262944641e+00 1.625123088694248930e+00
5.855599795566755006e+01 -3.465277451507992712e+00 1.615838198045723040e+00
5.847982943994573901e+01 -3.458180328498948963e+00 1.606702438324075999e+00
5.840260286182436289e+01 -3.450741885624918126e+00 1.597728320240384914e+00
5.832460731311579849e+01 -3.442950972868484616e+00 1.588881125487806134e+00
5.824545159666887884e+01 -3.434921764549391465e+00 1.580194125090591983e+00
5.816464833165917980e+01 -3.426403893225759223e+00 1.571626771676899903e+00
5.808047848829414761e+01 -3.417276175537233840e+00 1.563406636983645681e+00
5.799613924059015346e+01 -3.407833624924456295e+00 1.555284118519231873e+00
5.791000422303459771e+01 -3.398031951633492476e+00 1.547270942352851453e+00
5.782334438463675497e+01 -3.387854617577231053e+00 1.539337700606248971e+00
5.773571933871008355e+01 -3.377349754263035742e+00 1.531519620527115544e+00
5.764750063975552763e+01 -3.366483524717248432e+00 1.523734692314246741e+00
5.755897633856421436e+01 -3.355284061965125186e+00 1.516008020084363528e+00
5.747046712723332007e+01 -3.343794848663918184e+00 1.508337192614975786e+00
5.738210567846795840e+01 -3.331943264924579928e+00 1.500721256593424036e+00
5.729154859258624555e+01 -3.319617574237636592e+00 1.493291094225554172e+00
5.720133696943894108e+01 -3.307045380021705672e+00 1.485888554556943131e+00
5.711221732449271826e+01 -3.294139338015896978e+00 1.478432769359621313e+00
5.702381340484206618e+01 -3.281002375979707342e+00 1.470921163918178509e+00
5.693639662861667006e+01 -3.267584851702077575e+00 1.463331093321836862e+00
5.685074067669987130e+01 -3.253843400270451269e+00 1.455661562408311793e+00
5.676682990062528233e+01 -3.239808168966896940e+00 1.447863297902561852e+00
5.668409712978942139e+01 -3.225476611521608028e+00 1.439965525697945559e+00
5.660275130839317370e+01 -3.211009139677702517e+00 1.432008351146142777e+00
5.651978708082347680e+01 -3.196297844290176382e+00 1.424207245836082159e+00
5.643859155088898660e+01 -3.181443929937788351e+00 1.416384053159677414e+00
5.635807494469269585e+01 -3.166581302015560428e+00 1.408554621301148835e+00
5.627821667829649499e+01 -3.151649248109698043e+00 1.400737539985911217e+00
5.619923443008745068e+01 -3.136700400995341642e+00 1.392958680979328401e+00
5.612077181197211928e+01 -3.121772262888514504e+00 1.385231801904176496e+00
5.604247133940255310e+01 -3.106942640616217055e+00 1.377575673337397388e+00
5.596397443603724042e+01 -3.092116216735793621e+00 1.369995946932395237e+00
5.588566170261610466e+01 -3.077355243705585774e+00 1.362506946158859700e+00
5.580430638707228752e+01 -3.062851911657899162e+00 1.355356455440957619e+00
5.572315790456764262e+01 -3.048462631834902403e+00 1.348325626345912909e+00
5.564085926238801250e+01 -3.034249553777750741e+00 1.341428829672591583e+00
5.555836827626198726e+01 -3.020150316901883070e+00 1.334668960159562490e+00
5.547491053946296802e+01 -3.006218993624309554e+00 1.328055624632162646e+00
5.539060544794611474e+01 -2.992492170718227040e+00 1.321598533218445448e+00
5.530534336276495111e+01 -2.978933985817945995e+00 1.315301767801093202e+00
5.521907781581143837e+01 -2.965646070792780087e+00 1.309178460906634145e+00
5.513169128896725368e+01 -2.952495062542588755e+00 1.303233778796003106e+00
5.504165878811141965e+01 -2.939815093968769943e+00 1.297663213294035334e+00
5.494993091014208630e+01 -2.927407666354765681e+00 1.292292022773385174e+00
5.485778210925648324e+01 -2.915188963509842690e+00 1.287097204343838897e+00
5.476451794937470652e+01 -2.903233683809752108e+00 1.282082518278418570e+00
5.466998626397376881e+01 -2.891484857879993875e+00 1.277250428415932060e+00
5.457481868109557155e+01 -2.879935540355046619e+00 1.272596651221155506e+00
5.447807245197670767e+01 -2.868554149631547645e+00 1.268127707160748185e+00
5.438032953901205246e+01 -2.857347965998981998e+00 1.263828471848714941e+00
5.428172777697448481e+01 -2.846329590458724024e+00 1.259699575935677718e+00
5.417960912579115274e+01 -2.835798585044151832e+00 1.255899539424358613e+00
5.407635326676135890e+01 -2.825426383638403927e+00 1.252295694270970206e+00
5.397156880322064865e+01 -2.815142039339720181e+00 1.248837221008965992e+00
5.386590568444997729e+01 -2.805020234859289197e+00 1.245519256260130270e+00
5.375918619037312851e+01 -2.794921748993149713e+00 1.242335494514141603e+00
5.365156762841357363e+01 -2.784828895680610206e+00 1.239278292620973776e+00
5.354336206859890979e+01 -2.774748740610336828e+00 1.236336565773782592e+00
5.343487719352587106e+01 -2.764609734516914941e+00 1.233505716711045475e+00
5.332572902668554349e+01 -2.754392329412058249e+00 1.230770540037398053e+00
5.321531853658985511e+01 -2.744438010900880354e+00 1.228257287278558652e+00
5.310498130290967822e+01 -2.734413248814341557e+00 1.225847440504657992e+00
5.299463837255009224e+01 -2.724155297869196524e+00 1.223491884177281941e+00
5.288421285895065438e+01 -2.713599029695097808e+00 1.221173148110290541e+00
5.277391509134683645e+01 -2.702690217234671621e+00 1.218877765748841879e+00
5.266383089510881632e+01 -2.691371344928856768e+00 1.216593600537334341e+00
5.255397729203909307e+01 -2.679593884391524128e+00 1.214307497658240864e+00
5.244445988951930815e+01 -2.667397358566493182e+00 1.212016203940846415e+00
5.233498807529075947e+01 -2.654857001497036961e+00 1.209738645538872781e+00
5.222516625741950236e+01 -2.642452946866140184e+00 1.207579007798111448e+00
5.211579223430425856e+01 -2.630019901751651901e+00 1.205479127864488520e+00
5.200681517433297074e+01 -2.617455656520808915e+00 1.203403381206159528e+00
5.189835834059792319e+01 -2.604829611671968248e+00 1.201359353465589308e+00
5.179024484380048676e+01 -2.592187854637864941e+00 1.199350859424848315e+00
5.168243359062758202e+01 -2.579582745906782826e+00 1.197380433118366616e+00
5.157491083590779368e+01 -2.567066890902052201e+00 1.195428452658451324e+00
5.146810203635990888e+01 -2.554686835444148763e+00 1.193560641506559605e+00
5.136100701158885329e+01 -2.542500055586576657e+00 1.191753925715157481e+00
5.125340437323620080e+01 -2.530948572140897301e+00 1.190018481565620068e+00
5.114656965242182451e+01 -2.519891811567122719e+00 1.188376072275049156e+00
5.103959245180820403e+01 -2.509135790656932929e+00 1.186847914360884548e+00
5.093289716537948664e+01 -2.498691184303659885e+00 1.185304215380725612e+00
5.082690802400491492e+01 -2.488586550241778550e+00 1.183853776858909024e+00
5.072112700601809365e+01 -2.478852199770486209e+00 1.182498437893562571e+00
5.061617287176080282e+01 -2.469502586405840194e+00 1.181187365288979940e+00
5.051194718445884746e+01 -2.460549778144659694e+00 1.179932268060616352e+00
5.040831011089164804e+01 -2.452009758759690072e+00 1.178710617278002415e+00
5.030489678124757091e+01 -2.444242061111637998e+00 1.177666012234437787e+00
5.020214025989328377e+01 -2.437186259344763073e+00 1.176676842751643637e+00
5.010008142666533359e+01 -2.430559906695672456e+00 1.175755234032325403e+00
4.999804071508558678e+01 -2.424374298848320120e+00 1.174920424804745789e+00
4.989631057553648219e+01 -2.418627076833293366e+00 1.174159305117279173e+00
4.979470259171865365e+01 -2.413307071270505588e+00 1.173474844320665955e+00
4.969355488099554918e+01 -2.408398103748651931e+00 1.172870405280870498e+00
4.959230245831175665e+01 -2.403882615671998124e+00 1.172270806275207411e+00
4.949178157606412043e+01 -2.399746649736297144e+00 1.171807212456504876e+00
4.939125495362900864e+01 -2.396287762440751035e+00 1.171424865932045423e+00
4.929103248545044380e+01 -2.393497185633905122e+00 1.171074137281607364e+00
4.919136891614409279e+01 -2.391030814289774931e+00 1.170845036038230313e+00
4.909183233357261145e+01 -2.388856119240992282e+00 1.170687487562426243e+00
4.899171680830048103e+01 -2.386941173273824379e+00 1.170588160790916987e+00
4.889162739187796802e+01 -2.385257788130006773e+00 1.170550994321433391e+00
4.879107305533666050e+01 -2.383783201404465313e+00 1.170579091891399193e+00
4.869047815609017960e+01 -2.382484160672970752e+00 1.170660076342384448e+00
4.858887813378908049e+01 -2.381312671998924380e+00 1.170882933012578286e+00
4.848738602081269988e+01 -2.380461467381677299e+00 1.171084876855201573e+00
4.838596105475619424e+01 -2.379960034480609554e+00 1.171424392886820209e+00
4.828415107076460799e+01 -2.379404554444771502e+00 1.171821625881208861e+00
4.818124229305880846e+01 -2.378728399965266416e+00 1.172340660747928309e+00
4.807756584917991205e+01 -2.377868832743900818e+00 1.172905031739720716e+00
4.797334269514498573e+01 -2.376765235221632189e+00 1.173563761883941181e+00
4.786788093489468565e+01 -2.375366059291057041e+00 1.174362901337383525e+00
4.776156060420862559e+01 -2.373693387030357815e+00 1.175215247888302672e+00
4.765504072842914240e+01 -2.371802837289419319e+00 1.176160817655876212e+00
4.754846654671865025e+01 -2.369925402580135732e+00 1.177233291220034284e+00
4.744197317321698648e+01 -2.368274166081733245e+00 1.178211282247864089e+00
4.733494317979996424e+01 -2.366523433599658777e+00 1.179287979656112428e+00
4.722856823027118622e+01 -2.364707896779096874e+00 1.180395691408865577e+00
4.712225490896047830e+01 -2.362851688774861181e+00 1.181502220917880930e+00
4.701608750718896346e+01 -2.360989454759704120e+00 1.182638707836264791e+00
4.691076810179455947e+01 -2.359145051148804129e+00 1.183784409888467337e+00
4.680545935458292206e+01 -2.357348578810730011e+00 1.184931664104862614e+00
4.670098408613185370e+01 -2.355627426640836575e+00 1.186111578341772832e+00
4.659719903825383369e+01 -2.354129527774042607e+00 1.187183036010639681e+00
4.649605481422290865e+01 -2.353075567280660696e+00 1.188187960265079779e+00
4.639567290526580479e+01 -2.352134921160058845e+00 1.189155983884742085e+00
4.629654112751508421e+01 -2.351322928486202279e+00 1.190136862562059639e+00
4.619842665594035225e+01 -2.350655140740469218e+00 1.191033719190466744e+00
4.610109738252719325e+01 -2.350147317241179756e+00 1.191920630772452361e+00
4.600534730433595598e+01 -2.349815420526707221e+00 1.192722336110899839e+00
4.591113900138959281e+01 -2.349669666181789296e+00 1.193470525344013433e+00
4.581793059243106825e+01 -2.349716524863036504e+00 1.194190875399878449e+00
4.572581737773961663e+01 -2.350049497693782907e+00 1.194869631373298269e+00
4.563657889299486925e+01 -2.350909676381036650e+00 1.195307991238478973e+00
4.554911015723474321e+01 -2.351977789230675242e+00 1.195697404783892415e+00
4.546225176758672859e+01 -2.353275025237600016e+00 1.196042556567414206e+00
4.537672595369322437e+01 -2.354785958359416842e+00 1.196309647996330883e+00
4.529216874140776383e+01 -2.356508238234505281e+00 1.196529396066521311e+00
4.520883764899357971e+01 -2.358439674920657314e+00 1.196681815829534701e+00
4.512709772978261924e+01 -2.360566463969652418e+00 1.196757554450331051e+00
4.504637404481305651e+01 -2.362887064304381557e+00 1.196787211173418131e+00
4.496642481570170702e+01 -2.365433311536610628e+00 1.196787241999116791e+00
4.488931361899758343e+01 -2.368385345759116412e+00 1.196684439655686827e+00
4.481322607358867316e+01 -2.371500139542666030e+00 1.196536441191260902e+00
4.473794283210357747e+01 -2.374783698488678318e+00 1.196348171942662519e+00
4.466324535922073835e+01 -2.378234820499784519e+00 1.196118539930435043e+00
4.458933465419965358e+01 -2.381848238013473562e+00 1.195892973751221167e+00
4.451548043931990861e+01 -2.385623115291098273e+00 1.195652972071476583e+00
4.444181955157323927e+01 -2.389556836331605982e+00 1.195370521761004223e+00
4.436812052948345553e+01 -2.393618843283780162e+00 1.195176258986639484e+00
4.429474990231601339e+01 -2.397902183621115846e+00 1.194919202545511538e+00
4.422263999349605257e+01 -2.402387787122299834e+00 1.194610640638341659e+00
4.415034775229491260e+01 -2.407010341179855573e+00 1.194347632883339116e+00
4.407692139191703973e+01 -2.411749345610230133e+00 1.194160148277974454e+00
4.400281097388811702e+01 -2.416535732091807720e+00 1.194078100134251086e+00
4.392813178748668435e+01 -2.421456526805588538e+00 1.194090076971556336e+00
4.385175819729528257e+01 -2.426441316868436893e+00 1.194170291753231528e+00
4.377441851514406324e+01 -2.431432151562438193e+00 1.194375137622377014e+00
4.369600947314329176e+01 -2.436518347162392573e+00 1.194664296909026424e+00
4.361650832039107684e+01 -2.441600250741059686e+00 1.195005375370842726e+00
4.353878426714799588e+01 -2.446789965914729414e+00 1.195232399090739639e+00
4.346048577732857865e+01 -2.451958761054528591e+00 1.195432463917599275e+00
4.338177576508562794e+01 -2.457078182031281255e+00 1.195703457304916117e+00
4.330320715560266365e+01 -2.462173371664955202e+00 1.195969786107885069e+00
4.322477726021881494e+01 -2.467192398248282181e+00 1.196258603197449144e+00
4.314620412694400642e+01 -2.472160196870304194e+00 1.196510828115839864e+00
4.306813584362829062e+01 -2.477058776145202756e+00 1.196703220398574574e+00
4.299015080862630356e+01 -2.481846745886652883e+00 1.196924529340267940e+00
4.291369411201461048e+01 -2.486522518271514937e+00 1.197144067660249167e+00
4.283850343096862190e+01 -2.491051444449972063e+00 1.197115837754370027e+00
4.276417562657093185e+01 -2.495462393171510307e+00 1.197034620305779118e+00
4.269103805565580956e+01 -2.499682390134871479e+00 1.196909540702228103e+00
4.261830360716840715e+01 -2.503805475767030053e+00 1.196700305762255612e+00
4.254679428215915493e+01 -2.507737911446441537e+00 1.196379698666415692e+00
4.247626236048647996e+01 -2.511503507898827259e+00 1.195989754383241177e+00
4.240595471867214883e+01 -2.515126051378353100e+00 1.195578270398922616e+00
4.233705736097056871e+01 -2.518629298293383556e+00 1.195041527510109614e+00
4.226887139875817212e+01 -2.521964164763491834e+00 1.194391475117810408e+00
4.220342835922578217e+01 -2.524995609774272509e+00 1.193509658169030097e+00
4.213912477288496916e+01 -2.527827301349572675e+00 1.192501408420641562e+00
4.207588833078909119e+01 -2.530459710748527158e+00 1.191438496779443135e+00
4.201364509143679982e+01 -2.532952672051609788e+00 1.190275540998386283e+00
4.195204047410463488e+01 -2.535309714921720303e+00 1.189023326552958393e+00
4.189131435960545247e+01 -2.537557797674886650e+00 1.187669067989476579e+00
4.183170720228618933e+01 -2.539621401191941352e+00 1.186246482159975635e+00
4.177346003053494172e+01 -2.541616969928531589e+00 1.184746194987201573e+00
4.171537043858267424e+01 -2.543476551047163969e+00 1.183158757145827078e+00
4.165921397305334750e+01 -2.545065279020989557e+00 1.181364781690106946e+00
4.160446951187022790e+01 -2.546460503021228838e+00 1.179441325596251033e+00
4.155024175872743086e+01 -2.547803570139828278e+00 1.177470099126479486e+00
4.149646797770430595e+01 -2.549049078138664548e+00 1.175403834974033668e+00
4.144279269773726782e+01 -2.550258545663292686e+00 1.173253851650109425e+00
4.138993131038517959e+01 -2.551459298854656499e+00 1.171005478188104965e+00
4.133746115765798379e+01 -2.552630154163149978e+00 1.168692360275020325e+00
4.128491971122262072e+01 -2.553856834505983553e+00 1.166367858177105088e+00
4.123255367171053365e+01 -2.555188773066304542e+00 1.164049096358507063e+00
4.118138012002999915e+01 -2.556342789121251791e+00 1.161558114912235595e+00
4.113037359343552168e+01 -2.557607433144487352e+00 1.159020402258694959e+00
4.107937924393601037e+01 -2.559073620984571473e+00 1.156548278894175219e+00
4.102834531322739764e+01 -2.560715589059967545e+00 1.154131331032481222e+00
4.097691515165526255e+01 -2.562660122906287974e+00 1.151720828591667800e+00
4.092536451412968290e+01 -2.564900031726367047e+00 1.149343060135384897e+00
4.087298099479887270e+01 -2.567407525703734983e+00 1.147057814248449326e+00
4.082070626513839784e+01 -2.570131029840092118e+00 1.144769948474555710e+00
4.076808433793219422e+01 -2.573019890773670326e+00 1.142490195820478283e+00
4.071492465618466383e+01 -2.575755620186459094e+00 1.140142123589004131e+00
4.066281351600645877e+01 -2.578412148024177952e+00 1.137788299018906324e+00
4.061006551896691974e+01 -2.581093048961865755e+00 1.135407167879272539e+00
4.055698424377291644e+01 -2.583788517723319078e+00 1.133045930723798111e+00
4.050407327790774303e+01 -2.586456820438084225e+00 1.130662369038474280e+00
4.045060947023725362e+01 -2.589025589956968076e+00 1.128336908054263565e+00
4.039745048464319410e+01 -2.591532295690165633e+00 1.125991860094218255e+00
4.034376196406336845e+01 -2.593882538886397526e+00 1.123594306881524396e+00
4.029008853407368917e+01 -2.596009675418862628e+00 1.121181657535409437e+00
4.023730038531246578e+01 -2.597774887292623180e+00 1.118698251242808750e+00
4.018404908577699786e+01 -2.599056671706399868e+00 1.116189205190041278e+00
4.013043336158561658e+01 -2.600079715638824673e+00 1.113586058251794242e+00
4.007657534943150068e+01 -2.600833120430919188e+00 1.110942156310487539e+00
4.002263807714714261e+01 -2.601272831557940535e+00 1.108298559890768864e+00
3.996866414175917726e+01 -2.601416403023911084e+00 1.105596767065856634e+00
3.991468983991110520e+01 -2.601281188860925297e+00 1.102886315654207916e+00
3.986088262560109285e+01 -2.600884342175658670e+00 1.100096552616143919e+00
3.980666500477899206e+01 -2.600173032451893906e+00 1.097333588913515845e+00
3.975309253146807009e+01 -2.598933093477906464e+00 1.094498227183981154e+00
3.969911491036377527e+01 -2.597134519304594047e+00 1.091561444798016201e+00
3.964555015164724239e+01 -2.595050244873694290e+00 1.088663179752476173e+00
3.959182053337152496e+01 -2.592668164509568829e+00 1.085727448757442204e+00
3.953807683704061304e+01 -2.589978232230376598e+00 1.082746562871957252e+00
3.948482559147043958e+01 -2.587005786923376682e+00 1.079721822686354082e+00
3.943148865259250613e+01 -2.583720316705828246e+00 1.076658754931364426e+00
3.937748769269418148e+01 -2.580198135561571515e+00 1.073546714391842016e+00
3.932431949816015049e+01 -2.576345674587307233e+00 1.070450725600734065e+00
3.927050242059524976e+01 -2.572110962636336318e+00 1.067265650385849751e+00
3.921753278559568656e+01 -2.567332242276995302e+00 1.063956715117529095e+00
3.916413957389030287e+01 -2.562334534773115013e+00 1.060674315009828561e+00
3.911057246617025385e+01 -2.557175712976036852e+00 1.057356864982641032e+00
3.905742563414818136e+01 -2.551842695081337098e+00 1.053943201402580909e+00
3.900434276990025495e+01 -2.546360206260545045e+00 1.050498167109616299e+00
3.895162078511766879e+01 -2.540799710380368559e+00 1.047034379875856791e+00
3.889889825354318020e+01 -2.535191245103109559e+00 1.043517789672681717e+00
3.884658256621865746e+01 -2.529517851655295413e+00 1.039914323590347633e+00
3.879495700089240273e+01 -2.523730767638843187e+00 1.036338454157580413e+00
3.874331044014392944e+01 -2.517686297983956933e+00 1.032628824011925017e+00
3.869166624509126251e+01 -2.511778122270228231e+00 1.028911288238405941e+00
3.864087817853028639e+01 -2.505973998112308809e+00 1.025151695454988854e+00
3.859071571651384858e+01 -2.500349884357296659e+00 1.021351099690175124e+00
3.854111742492093384e+01 -2.494902824452073453e+00 1.017488809477822054e+00
3.849185235957605045e+01 -2.489620856065153820e+00 1.013542299853004591e+00
3.844253120331983808e+01 -2.484464192029540275e+00 1.009525213288108736e+00
3.839373303125721293e+01 -2.479421763711382010e+00 1.005480087161749525e+00
3.834496259052980349e+01 -2.474339743958454463e+00 1.001409782383844815e+00
3.829524004425086048e+01 -2.469002008561106187e+00 9.973764663427161503e-01
3.824634239551289738e+01 -2.463744287648110820e+00 9.932796957048085629e-01
3.819683264126474143e+01 -2.458513237739866408e+00 9.891928497749485905e-01
3.814750937358201810e+01 -2.453327747016740279e+00 9.851200682408139953e-01
3.809788591800603541e+01 -2.448120916884731546e+00 9.810654459900134405e-01
3.804864654156591541e+01 -2.442866562899005167e+00 9.770176283463547495e-01
3.799881311031164444e+01 -2.437622706168544262e+00 9.729882720949851738e-01
3.794863472917536740e+01 -2.432272800156756176e+00 9.689919420872855627e-01
3.789839709877580987e+01 -2.426731278505496636e+00 9.650205773454766378e-01
3.784604596635266915e+01 -2.420835840279964124e+00 9.611182047085751190e-01
3.779328945254552963e+01 -2.414766992083706043e+00 9.572455915562383399e-01
3.774007303174121120e+01 -2.408542232443608544e+00 9.534043401528198292e-01
3.768595179796712813e+01 -2.402178893959558081e+00 9.495955590308354788e-01
3.763155080544109410e+01 -2.395651946118740216e+00 9.458291095846063090e-01
3.757654964091771177e+01 -2.388980323535284889e+00 9.420991195125721918e-01
3.752034526659072355e+01 -2.382162571438191989e+00 9.384134628891346308e-01
3.746380730369209999e+01 -2.375183293855435807e+00 9.347761047489392405e-01
3.740654093361603572e+01 -2.367958931925590260e+00 9.311942508031511023e-01
3.734760968574622808e+01 -2.360303640698155014e+00 9.277128830153027472e-01
3.728754500585909426e+01 -2.352405092785230689e+00 9.242695872746152785e-01
3.722703148064947243e+01 -2.344376167640382036e+00 9.208709579763877384e-01
3.716561495768403489e+01 -2.336135334852451617e+00 9.175082006047492467e-01
3.710307929946321082e+01 -2.327714036746270754e+00 9.141773059942993607e-01
3.703963109805383169e+01 -2.319078857847214348e+00 9.108727897933304174e-01
3.697587809820683447e+01 -2.310245306067694848e+00 9.075989995803532828e-01
3.691135732114521772e+01 -2.301228753334473076e+00 9.043536881745134481e-01
3.684675670402533143e+01 -2.292042668113895232e+00 9.011319551909590109e-01
3.678031851905261362e+01 -2.282394120682903260e+00 8.980139301673639718e-01
3.671288256398244698e+01 -2.272698500587636783e+00 8.949145315734799988e-01
3.664588392112812443e+01 -2.262896438800938714e+00 8.918382591461951892e-01
3.657885841817483197e+01 -2.252969868565963818e+00 8.887697892969893543e-01
3.651159187301527709e+01 -2.242916545329489697e+00 8.857013407913619796e-01
3.644427457235127576e+01 -2.232751464274824293e+00 8.826176400885874518e-01
3.637694234051294728e+01 -2.222447539209457812e+00 8.795191127715955570e-01
3.630945633675960948e+01 -2.212084606431617750e+00 8.763906981429322451e-01
3.624201008791197154e+01 -2.201554484465222394e+00 8.732221261493369191e-01
3.617431713017160178e+01 -2.190840841347627688e+00 8.700947122409518064e-01
3.610637703221650696e+01 -2.179991312387496549e+00 8.669234770179399252e-01
3.603948003686752344e+01 -2.169156393392174920e+00 8.636792800160900674e-01
3.597312833833314727e+01 -2.158251048275593220e+00 8.603535641784448851e-01
3.590782241647973905e+01 -2.147309998294455902e+00 8.569433603247096354e-01
3.584346084967052093e+01 -2.136343715713431735e+00 8.534552660197137763e-01
3.577963063398332366e+01 -2.125387230208700462e+00 8.498989577739337609e-01
3.571618304852368198e+01 -2.114449004688423006e+00 8.462952176159164175e-01
3.565398564781442303e+01 -2.103435739471681387e+00 8.426457844150713195e-01
3.559034026824140540e+01 -2.092420647041601356e+00 8.390615124576004114e-01
3.552692629786899658e+01 -2.081359184179761623e+00 8.354752306355698321e-01
3.546410287485942092e+01 -2.070372295401262885e+00 8.318753034764252430e-01
3.540103326451969679e+01 -2.059362392653580454e+00 8.282762803614428515e-01
3.533837658406062587e+01 -2.048393808863824717e+00 8.246875449934695235e-01
3.527501937573486401e+01 -2.037471772941701786e+00 8.211103999324712577e-01
3.521153209391282957e+01 -2.026601476799873236e+00 8.175507524141728544e-01
3.514783497892804576e+01 -2.015723739630255196e+00 8.140231541653129010e-01
3.508426302574175537e+01 -2.004889902948879143e+00 8.105345981196140359e-01
3.501829101368161901e+01 -1.994042490936674072e+00 8.071694484265296010e-01
3.495192437775652650e+01 -1.983280164590585093e+00 8.038789636565994989e-01
3.488480025530809314e+01 -1.972588708077595232e+00 8.006375512909634784e-01
3.481746737795849356e+01 -1.961936319883953228e+00 7.974545024662843540e-01
3.474979528776149351e+01 -1.951348548038312591e+00 7.943276853554569472e-01
3.468165288628719622e+01 -1.940826329151277951e+00 7.912694110518271318e-01
3.461290844720903692e+01 -1.930418014594658116e+00 7.882761884447914147e-01
3.454342962993320043e+01 -1.920064932673730018e+00 7.853593667743252738e-01
3.447452193554397581e+01 -1.909817158988184271e+00 7.825049158748614841e-01
3.440320775675977671e+01 -1.899670834844813694e+00 7.798075829118621405e-01
3.433142749530378524e+01 -1.889603359209838240e+00 7.772126705731677854e-01
3.425974682281351136e+01 -1.879600971807797727e+00 7.746835132348479647e-01
3.418696524156698047e+01 -1.869668830606527665e+00 7.722262796862796597e-01
3.411354977747876660e+01 -1.859773552899131710e+00 7.698373542491723232e-01
3.403936424070313649e+01 -1.849915034089001153e+00 7.675145227902417933e-01
3.396482140632937785e+01 -1.840142433877695272e+00 7.652504128123257532e-01
3.389014126849259156e+01 -1.830334793021064277e+00 7.630440150741386596e-01
3.381447308374163185e+01 -1.820585042657434816e+00 7.608979416963842501e-01
3.373839688759067457e+01 -1.810948589509218776e+00 7.588699524899120696e-01
3.366141350446283553e+01 -1.801346657991050870e+00 7.569298692959401942e-01
3.358395601853158041e+01 -1.791756590539381966e+00 7.550336376044884945e-01
3.350627811244540766e+01 -1.782147389435234874e+00 7.531663283972909184e-01
3.342801119156481349e+01 -1.772498821304872907e+00 7.513330941633313831e-01
3.334954232714621014e+01 -1.762796804795210504e+00 7.495177309068596916e-01
3.327073137531575497e+01 -1.753021891859048997e+00 7.477152817824994635e-01
3.319143789247485188e+01 -1.743162759458930733e+00 7.459261350975473492e-01
3.311222827845279681e+01 -1.733194206930261050e+00 7.441363933120773710e-01
3.303191039596378431e+01 -1.723199912216768270e+00 7.423880155132221992e-01
3.295181560073846327e+01 -1.713153650021770336e+00 7.406733998715100409e-01
3.287130346219610999e+01 -1.702938730214220264e+00 7.389253032261988707e-01
3.279173877067240994e+01 -1.692532846150210712e+00 7.371370918403589156e-01
3.271247373816803616e+01 -1.681914788308491504e+00 7.353052181792721909e-01
3.263385933897971825e+01 -1.671120138187546011e+00 7.334337822156352660e-01
3.255569875569022287e+01 -1.660168447112879475e+00 7.315300134872294580e-01
3.247745870576500238e+01 -1.649098468153896935e+00 7.295995064931957153e-01
3.239997053513952352e+01 -1.637929136462620505e+00 7.276442095220373441e-01
3.232225772178991008e+01 -1.626819912988997530e+00 7.257188713154013593e-01
3.224464252891103655e+01 -1.615808635971097473e+00 7.238335942247496879e-01
3.216683984332160406e+01 -1.604801280162315269e+00 7.219374731369331277e-01
3.208939953827213998e+01 -1.593809820113075260e+00 7.200396632697891874e-01
3.201189830112947732e+01 -1.582853685546515843e+00 7.181460121919865935e-01
3.193476975304296772e+01 -1.571955840039956476e+00 7.162596306551574088e-01
3.185734631048044463e+01 -1.561133887594542413e+00 7.143888316175128761e-01
3.178094478493452257e+01 -1.550410112405063767e+00 7.125311574825480276e-01
3.170378191905373555e+01 -1.539799958905874400e+00 7.106900331957674011e-01
3.162706433269244855e+01 -1.529439708073617066e+00 7.089094080615540028e-01
3.155007053275399898e+01 -1.519404016894611020e+00 7.071948700435458646e-01
3.147354475225249004e+01 -1.509524729806036136e+00 7.055029966027523969e-01
3.139692177739339485e+01 -1.499813321195039961e+00 7.038362928087924519e-01
3.132001205594121984e+01 -1.490291801153702300e+00 7.021973030048920261e-01
3.124317641920141853e+01 -1.480967926506604249e+00 7.005930441618855031e-01
3.116619094930230105e+01 -1.471839268101933440e+00 6.990202640082289198e-01
3.108915080249666829e+01 -1.462907838108000735e+00 6.974861375317332746e-01
3.101245866876150359e+01 -1.454180322248360246e+00 6.959855693743577376e-01
3.093593360321255759e+01 -1.445755516312424938e+00 6.945373939214742887e-01
3.085855275991167090e+01 -1.437738605310928452e+00 6.931695617392745756e-01
3.078178431033983387e+01 -1.429915156167109513e+00 6.918411941409376986e-01
3.070534138770896959e+01 -1.422286634330282684e+00 6.905463038655151875e-01
3.062893699156382965e+01 -1.414843933073336224e+00 6.892933106561359713e-01
3.055272133875220320e+01 -1.407571748175690196e+00 6.880784695410967489e-01
3.047635718394769100e+01 -1.400465292845418208e+00 6.868990239350317717e-01
3.040037195675025927e+01 -1.393513069936953785e+00 6.857622152102037516e-01
3.032440621093649824e+01 -1.386708283922824192e+00 6.846634919099966465e-01
3.024794873943271156e+01 -1.380130532049095304e+00 6.836049672492440221e-01
3.017155853772851160e+01 -1.373919786422970635e+00 6.826203992809614096e-01
3.009519343953474291e+01 -1.367810314154087603e+00 6.816662733935902052e-01
3.001901890091599157e+01 -1.361783091296437043e+00 6.807457022495987387e-01
2.994245745960943239e+01 -1.355819605572668785e+00 6.798583309024313071e-01
2.986577829537310080e+01 -1.349900415442792934e+00 6.790017533357963764e-01
2.978920658333377958e+01 -1.344005150833224471e+00 6.781740282363829531e-01
2.971225267756281951e+01 -1.338108348583457285e+00 6.773744361165454642e-01
2.963567080850070568e+01 -1.332178901451165798e+00 6.766129837506810185e-01
2.955816254848144098e+01 -1.326250135609558622e+00 6.758767653769183203e-01
2.948097557501295185e+01 -1.320495191516670053e+00 6.751920106661493115e-01
2.940357632156124978e+01 -1.314611563080388956e+00 6.745361306805983670e-01
2.932547300570756121e+01 -1.308567714157971462e+00 6.739072168958623044e-01
2.924734222073785972e+01 -1.302340824873579717e+00 6.732986443876234350e-01
2.916884701279699499e+01 -1.295949608991879609e+00 6.727169104098946750e-01
2.909028751338068020e+01 -1.289423639247280207e+00 6.721573274630798789e-01
2.901148266059771785e+01 -1.282792683825067837e+00 6.716104107535307843e-01
2.893225152879916351e+01 -1.276086399469513077e+00 6.710733988390669147e-01
2.885321546233730317e+01 -1.269374338254221746e+00 6.705469175672118531e-01
2.877465823557291458e+01 -1.262926028724325800e+00 6.700233869014398103e-01
2.869603950961408501e+01 -1.256470813912951234e+00 6.695043365827548776e-01
2.861743455292161542e+01 -1.250020302856689858e+00 6.689806809591726244e-01
2.853897712658514507e+01 -1.243587712752541652e+00 6.684591687947654126e-01
2.846075667237299101e+01 -1.237185144643379031e+00 6.679372824662871411e-01
2.838306733936764914e+01 -1.230825637846386655e+00 6.674152383008893352e-01
2.830590734555168808e+01 -1.224521893378478277e+00 6.668912533224102823e-01
2.822942137477149771e+01 -1.218287382515867323e+00 6.663624191791635010e-01
2.815345761702725014e+01 -1.212148631628793494e+00 6.658261364600720489e-01
2.807835711893897823e+01 -1.206384670964137706e+00 6.652744191749430103e-01
2.800356320963187784e+01 -1.200724049926006565e+00 6.647063061428447606e-01
2.792963720934938010e+01 -1.195180588245972508e+00 6.641272101563696628e-01
2.785607048622465953e+01 -1.189766858678765971e+00 6.635310779042643547e-01
2.778293710970806529e+01 -1.184491670815976061e+00 6.629184274288495438e-01
2.771055224459105659e+01 -1.179357524790471734e+00 6.622947260716309792e-01
2.763890499554756630e+01 -1.174366134004750650e+00 6.616588354743584421e-01
2.756749041034986547e+01 -1.169519674084530170e+00 6.610079712043516187e-01
2.749662581804577854e+01 -1.164819118712721924e+00 6.603500480106162529e-01
2.742776177811959215e+01 -1.160518259186880341e+00 6.596463465703255036e-01
2.735870247379430253e+01 -1.156367895340329577e+00 6.589324728777344875e-01
2.729074157142539292e+01 -1.152360826374910996e+00 6.582072208389844192e-01
2.722337991800032242e+01 -1.148498753073040168e+00 6.574745809535550434e-01
2.715626980914333899e+01 -1.144783034913885666e+00 6.567298032444035538e-01
2.708973759647397372e+01 -1.141214097906543712e+00 6.559785586441403415e-01
2.702303973767739720e+01 -1.137794401653305920e+00 6.552186609531308603e-01
2.695697363906007027e+01 -1.134523482124798699e+00 6.544539136925612288e-01
2.689187511696194477e+01 -1.131394492757894943e+00 6.536847516279830073e-01
2.682749230082378133e+01 -1.128593023993285538e+00 6.528755976641144043e-01
2.676306596335130195e+01 -1.125921271419773717e+00 6.520654162767679507e-01
2.669909390618079215e+01 -1.123356616984962475e+00 6.512669039914362745e-01
2.663540581624566173e+01 -1.120886333352006936e+00 6.504836336954066267e-01
2.657183176760540633e+01 -1.118499135698761471e+00 6.497218445600375647e-01
2.650820221753876638e+01 -1.116185523138039981e+00 6.489867154406970817e-01
2.644491280142539225e+01 -1.113939355689880450e+00 6.482828154713983215e-01
2.638148983283351967e+01 -1.111748333515708786e+00 6.476169267312005262e-01
2.631750499189752546e+01 -1.109618225004189718e+00 6.469992309382418538e-01
2.625434378368277066e+01 -1.107672909411306250e+00 6.463730130834473009e-01
2.619060604770195866e+01 -1.105785702068916354e+00 6.457849405270420506e-01
2.612670992809310988e+01 -1.103918127886008849e+00 6.452557229975715014e-01
2.606221046306578160e+01 -1.102061120676668393e+00 6.447925614683467366e-01
2.599691851004383736e+01 -1.100213169504020927e+00 6.443910261268830375e-01
2.593139037856805018e+01 -1.098371797543142625e+00 6.440342253808433171e-01
2.586567117587674858e+01 -1.096541122506918153e+00 6.437229522515790503e-01
2.579916572963325194e+01 -1.094725400574499297e+00 6.434474301229895499e-01
2.573309884035679218e+01 -1.092914764951101736e+00 6.431949182156829758e-01
2.566781860463567000e+01 -1.091205149615021242e+00 6.429137277489263003e-01
2.560263192409223620e+01 -1.089522208998564334e+00 6.426309654146551420e-01
2.553702865763433039e+01 -1.087843836237728512e+00 6.423584847048980917e-01
2.547211144029954610e+01 -1.086174412093948716e+00 6.420925084019281082e-01
2.540732824622761399e+01 -1.084507661105573950e+00 6.418233868648484108e-01
2.534319767287758296e+01 -1.082845483013186394e+00 6.415534336319951292e-01
2.527909811577025678e+01 -1.081188766420576819e+00 6.412738817661384205e-01
2.521563940938798254e+01 -1.079544405502677495e+00 6.409735687979585261e-01
2.515198140558605999e+01 -1.077908455118838926e+00 6.406591724574755009e-01
2.509005512857917353e+01 -1.076324748824373678e+00 6.402598206419043425e-01
2.502876016584332675e+01 -1.074769103149279648e+00 6.398086157359993420e-01
2.496747223699706453e+01 -1.073213307957458618e+00 6.393223731609830596e-01
2.490731507598302841e+01 -1.071662147012502508e+00 6.387963403534784312e-01
2.484773357941342553e+01 -1.070117387100812278e+00 6.382326095303522129e-01
2.478831368998830342e+01 -1.068582227391394079e+00 6.376285957530226645e-01
2.472975803458932376e+01 -1.067054653895162408e+00 6.369928480010910166e-01
2.467158079626456413e+01 -1.065532673734408187e+00 6.363219975749235813e-01
2.461469844390174444e+01 -1.064014313042257687e+00 6.356266650866757573e-01
2.455856398643445360e+01 -1.062515436827829785e+00 6.348509105063036007e-01
2.450354038598863227e+01 -1.061019091636078659e+00 6.340236926298270514e-01
2.444897460353843144e+01 -1.059531470500650441e+00 6.331608514942729249e-01
2.439542159451830372e+01 -1.058061572587665866e+00 6.322761897278325049e-01
2.434185401757420308e+01 -1.056608909539644925e+00 6.313569491460551131e-01
2.428938513798805232e+01 -1.055177583265801466e+00 6.304148020093639504e-01
2.423752860359461181e+01 -1.053777433819773623e+00 6.294451704866214081e-01
2.418597308713479777e+01 -1.052411316714620293e+00 6.284424599370725950e-01
2.413477357807106216e+01 -1.051095622868859492e+00 6.274224496308855592e-01
2.408446255353113230e+01 -1.049801498413023282e+00 6.263496381573943061e-01
2.403504200705668481e+01 -1.048532338000534914e+00 6.252228650387011699e-01
2.398614462588730945e+01 -1.047327612759610727e+00 6.240877201963196397e-01
2.393782685769471641e+01 -1.046184185592762717e+00 6.229486562985889764e-01
2.388977467590204284e+01 -1.045116183368050899e+00 6.218096712726104425e-01
2.384150952109415300e+01 -1.044131543246952010e+00 6.206714324975967090e-01
2.379362348809715755e+01 -1.043248877685031051e+00 6.195452891963713071e-01
2.374531359225589355e+01 -1.042477365086134089e+00 6.184240648270261653e-01
2.369745439604657022e+01 -1.041835952174859470e+00 6.173173220021983543e-01
2.365011413514820404e+01 -1.041286680656690944e+00 6.161962504156013321e-01
2.360317821950757278e+01 -1.040838063627125054e+00 6.150567438436836953e-01
2.355567422365641050e+01 -1.040548463178586402e+00 6.139509615247513707e-01
2.350838705834815912e+01 -1.040429119967147154e+00 6.128847848362315442e-01
2.346111092912417462e+01 -1.040469210618764739e+00 6.118581836616762137e-01
2.341303653408267849e+01 -1.040648760586442290e+00 6.108784295521813013e-01
2.336494044335891829e+01 -1.040942208168220029e+00 6.099313556286469762e-01
2.331714810083149914e+01 -1.041328551638733169e+00 6.090179798745195550e-01
2.326954336043575111e+01 -1.041828282987984577e+00 6.081267197550577208e-01
2.322178267977806954e+01 -1.042290228946853414e+00 6.072391140132635812e-01
2.317418176124397888e+01 -1.042720764604599948e+00 6.063232097712021318e-01
2.312711520365233753e+01 -1.043171752880712289e+00 6.054246626812379573e-01
2.308005257083076245e+01 -1.043687164220935770e+00 6.045341467808104108e-01
2.303317522661290795e+01 -1.044169199657181579e+00 6.036388360448289303e-01
2.298666477200248792e+01 -1.044645943387987996e+00 6.027447639986820427e-01
2.294018056063901057e+01 -1.045093175795443807e+00 6.018422591129846122e-01
2.289352054646166579e+01 -1.045500457245672088e+00 6.009378576079654755e-01
2.284755318704711158e+01 -1.045895696977054756e+00 6.000298218003818906e-01
2.280132180060016012e+01 -1.046179463576395685e+00 5.990866300136171718e-01
2.275580172678751012e+01 -1.046302902804735036e+00 5.981053466180002998e-01
2.271083600045139406e+01 -1.046388094877874986e+00 5.971097466773633844e-01
2.266633676972607603e+01 -1.046363846821071197e+00 5.961002376567743344e-01
2.262185143833810841e+01 -1.046229436162919857e+00 5.950734273870169622e-01
2.257712872926753533e+01 -1.046067760423208703e+00 5.940319306451508075e-01
2.253291292048584182e+01 -1.045802972658119057e+00 5.929668826430118944e-01
2.248897125492322857e+01 -1.045444240005531933e+00 5.918741112389450665e-01
2.244555102323923634e+01 -1.044981664407896638e+00 5.907562189176278622e-01
2.240239634406686164e+01 -1.044449967802110191e+00 5.896071588391389451e-01
2.235976400376042861e+01 -1.043627701415536846e+00 5.883857727716294006e-01
2.231752461410814803e+01 -1.042742070983959435e+00 5.871539510208868551e-01
2.227559747169238946e+01 -1.041774170662635113e+00 5.858982138636390502e-01
2.223387161270148837e+01 -1.040780413400995918e+00 5.846270696903379527e-01
2.219266267765519984e+01 -1.039688775111764274e+00 5.833447374058498003e-01
2.215167692962348411e+01 -1.038580264492122707e+00 5.820512990404462794e-01
2.211109874560861499e+01 -1.037383098999155928e+00 5.807383943967081574e-01
2.207043844890397821e+01 -1.036164377319337193e+00 5.794150846599268601e-01
2.203044348298214317e+01 -1.034889937175514474e+00 5.780682329229671623e-01
2.199087287703914484e+01 -1.033502515979090042e+00 5.766767419605146605e-01
2.195209413357932959e+01 -1.032037927768522989e+00 5.752695067186017752e-01
2.191309122974225332e+01 -1.030574155113815227e+00 5.738467300108325286e-01
2.187469664945679781e+01 -1.029164731580388459e+00 5.724076249093074109e-01
2.183625014136507758e+01 -1.027792674185602717e+00 5.709561744987825538e-01
2.179848123665191650e+01 -1.026477889968991031e+00 5.694882182161817852e-01
2.176102276416015968e+01 -1.025242843441746876e+00 5.680130788593361624e-01
2.172376645598608036e+01 -1.024110608908350484e+00 5.665226776826064459e-01
2.168714268602488460e+01 -1.023064607553664684e+00 5.650229511953391848e-01
2.165057212047269175e+01 -1.021954529021387614e+00 5.634936608866898400e-01
2.161426085065917135e+01 -1.021017406603607736e+00 5.619560017606688440e-01
2.157886857051674312e+01 -1.020318833130505753e+00 5.604174028050921130e-01
2.154355086201490366e+01 -1.019744455153799967e+00 5.588728785529121224e-01
2.150828799467152308e+01 -1.019296583285049573e+00 5.573244614446626333e-01
2.147370596016046562e+01 -1.019049388251050292e+00 5.557769412205587622e-01
2.143936044592921775e+01 -1.018862897440344861e+00 5.542256920989931945e-01
2.140506087116050438e+01 -1.018780207206599453e+00 5.526721423333782468e-01
2.137094305085206614e+01 -1.018748998755160562e+00 5.511231783651820981e-01
2.133705986453554360e+01 -1.018529715605869690e+00 5.495573526351925642e-01
2.130288821425526891e+01 -1.018390568036952493e+00 5.479905442135025728e-01
2.126905898039168719e+01 -1.018282535368716823e+00 5.464248408895699960e-01
2.123504795208232210e+01 -1.018148039261833615e+00 5.448614726981870771e-01
2.120140117626127463e+01 -1.018020366396288567e+00 5.433025471484901336e-01
2.116776598129722586e+01 -1.017874917432607385e+00 5.417475883775985102e-01
2.113402340476313768e+01 -1.017744423707801715e+00 5.401995155302495855e-01
2.109998545075411513e+01 -1.017571774513287508e+00 5.386660728298150458e-01
2.106627482432331533e+01 -1.017307072368115684e+00 5.371395111055872196e-01
2.103229906906381430e+01 -1.016904854813278636e+00 5.356404195419187664e-01
2.099876261324590132e+01 -1.016439838132474627e+00 5.341514513172186396e-01
2.096455562222309510e+01 -1.015922500707754139e+00 5.326845781062542473e-01
2.093047920918694871e+01 -1.015362042958573241e+00 5.312275232827953220e-01
2.089666842705093330e+01 -1.014715261865455798e+00 5.297825142948004995e-01
2.086277203069930408e+01 -1.014007078860623245e+00 5.283488374015105071e-01
2.082850449323892761e+01 -1.013212116481529979e+00 5.269294811483210550e-01
2.079400054133138553e+01 -1.012369915134740062e+00 5.255125244454033062e-01
2.076012657119466454e+01 -1.011480612081284036e+00 5.241119304420346348e-01
2.072535204434064227e+01 -1.010288512895453517e+00 5.227254076549580075e-01
2.069070034639355882e+01 -1.009063297303829598e+00 5.213546785954206175e-01
2.065611528475146486e+01 -1.007781161480603593e+00 5.199976310597352880e-01
2.062137530688471543e+01 -1.006380728253498891e+00 5.186452806537337201e-01
2.058680615690225935e+01 -1.004934951557942435e+00 5.173020835345339963e-01
2.055203327098504218e+01 -1.003468699669758823e+00 5.159628937146477634e-01
2.051719019537080513e+01 -1.001899741203254202e+00 5.146292614463456871e-01
2.048305417984742149e+01 -1.000296298134272455e+00 5.132897761650609958e-01
2.044856960259565781e+01 -9.986121650611748946e-01 5.119482776266673918e-01
2.041399154984222619e+01 -9.967607098999996529e-01 5.106162639559889138e-01
2.037904738308404262e+01 -9.948307964684512950e-01 5.092834213392822829e-01
2.034469798508191118e+01 -9.928816658843709897e-01 5.079443556452983843e-01
2.031076538340953164e+01 -9.908811521810203526e-01 5.065868801457922288e-01
2.027678557789823088e+01 -9.888827707121272681e-01 5.052134386284301559e-01
2.024289054995470494e+01 -9.869033462130245571e-01 5.038241813247285039e-01
2.020976803536113309e+01 -9.848915511222787744e-01 5.024093945509885417e-01
2.017662451091743847e+01 -9.828781448373650198e-01 5.009764526775447591e-01
2.014449324274274389e+01 -9.809620944622918781e-01 4.995109612733109605e-01
2.011204101771560104e+01 -9.789670254824462958e-01 4.980456883696939285e-01
2.008081676866756382e+01 -9.769832460667080554e-01 4.965468563930409140e-01
2.004975774788129073e+01 -9.750081239992525184e-01 4.950059641735451432e-01
2.001926047900969863e+01 -9.731447236249928245e-01 4.934260400555792181e-01
1.998910269664947137e+01 -9.713056143556345612e-01 4.918170223823097320e-01
1.995933027337854782e+01 -9.695037898631397866e-01 4.901741313302317438e-01
1.993004795384009853e+01 -9.677610554653525154e-01 4.885085045190774578e-01
1.990160548671773810e+01 -9.660411808936709699e-01 4.868293579800436199e-01
1.987256844674916678e+01 -9.643436233167735905e-01 4.851280799126668763e-01
1.984387128711079740e+01 -9.625905106510478371e-01 4.834508451730882839e-01
1.981557695406050001e+01 -9.609093854753008035e-01 4.817854409790254810e-01
1.978671237155287344e+01 -9.591795722492364451e-01 4.801218083084223265e-01
1.975835156505891632e+01 -9.574944836833708672e-01 4.784626767624148291e-01
1.973025818361695727e+01 -9.558474738171376384e-01 4.768076897351851695e-01
1.970202620282284656e+01 -9.542464827237925329e-01 4.751672078412647604e-01
1.967384563371389561e+01 -9.526467686201683938e-01 4.735351154908368776e-01
1.964580727474632482e+01 -9.510661257104555677e-01 4.719188170211481848e-01
1.961691365205711080e+01 -9.494878198965156502e-01 4.703226384295749463e-01
1.958825568284933638e+01 -9.478826546372777218e-01 4.687709456820340903e-01
1.955938373468406510e+01 -9.462779501010661898e-01 4.672627103841024421e-01
1.953082163432887342e+01 -9.446922925877644373e-01 4.657784223820393144e-01
1.950145938890668518e+01 -9.431133118778937119e-01 4.643129307410545081e-01
1.947190130766563954e+01 -9.415393128438228620e-01 4.628745055420365184e-01
1.944213717913250861e+01 -9.399655982884743688e-01 4.614637072441207799e-01
1.941269443530601890e+01 -9.383875539716706182e-01 4.600756820272229874e-01
1.938269183847107868e+01 -9.368033582036419116e-01 4.587089758796953909e-01
1.935224644315846732e+01 -9.352215124285943038e-01 4.573695276853902425e-01
1.932209218638708847e+01 -9.336300143236995197e-01 4.560822506981662139e-01
1.929134923486664732e+01 -9.320280187456992937e-01 4.548511156550623658e-01
1.925983718851992776e+01 -9.304264131930299886e-01 4.536396069724991098e-01
1.922894905093870221e+01 -9.288336477679800529e-01 4.524537385296760195e-01
1.919793705484265800e+01 -9.272404353551698675e-01 4.512921823982016245e-01
1.916661217203530398e+01 -9.256357741751075618e-01 4.501502208698699437e-01
1.913534389810140368e+01 -9.240193570846814142e-01 4.490286082412847657e-01
1.910435890685507232e+01 -9.223893003089455034e-01 4.479174155704597204e-01
1.907324222990201434e+01 -9.207330121815449075e-01 4.468238513892949237e-01
1.904159754278170169e+01 -9.190556979400342774e-01 4.457637553819938092e-01
1.901009107470898485e+01 -9.173521524586016884e-01 4.447406628573634668e-01
1.897820368615983355e+01 -9.156189574311238699e-01 4.437191567170918893e-01
1.894648257153114557e+01 -9.138476716302560421e-01 4.426955448830914297e-01
1.891508129125664084e+01 -9.120336342565366072e-01 4.416661556100527353e-01
1.888368433063332930e+01 -9.101732270303724004e-01 4.406273375431428163e-01
1.885261466023099786e+01 -9.082568275595985785e-01 4.395807171373523059e-01
1.882170440381444365e+01 -9.062765498084024429e-01 4.385143401763998972e-01
1.879123851599713291e+01 -9.042306895434247815e-01 4.374255321277840114e-01
1.876031747292897123e+01 -9.021157813793643232e-01 4.363239902129272818e-01
1.873017785387203915e+01 -8.999424806291617118e-01 4.352223299386069333e-01
1.869990215479237250e+01 -8.976862224327030182e-01 4.340877643576788181e-01
1.867028016669587132e+01 -8.953450365791277843e-01 4.329117297729758729e-01
1.864065279861306479e+01 -8.929348304035645834e-01 4.317053754740892701e-01
1.861157717581113502e+01 -8.904671497394136548e-01 4.304730611194608203e-01
1.858247810587278082e+01 -8.879532491915657078e-01 4.292182393060400836e-01
1.855385050163572203e+01 -8.854030742532560394e-01 4.279464140391355809e-01
1.852520911634249146e+01 -8.828295560329370018e-01 4.266622063106845775e-01
1.849687680779075905e+01 -8.802686793702464430e-01 4.253800239182730092e-01
1.846806431841556773e+01 -8.777565939295445263e-01 4.241351625683367765e-01
1.844013403110515981e+01 -8.752539344271728083e-01 4.228775795705931873e-01
1.841180564257339469e+01 -8.727650458009227341e-01 4.216240730008865012e-01
1.838395981521464861e+01 -8.703019130801769032e-01 4.203696437438187439e-01
1.835618169373158537e+01 -8.678639600458426528e-01 4.191177649834057495e-01
1.832844086831200414e+01 -8.654622005584793332e-01 4.178766359064957081e-01
1.830081937248301571e+01 -8.630969733429704194e-01 4.166401505452441145e-01
1.827289768247477042e+01 -8.607714903405554452e-01 4.154136004892600709e-01
1.824527718923969033e+01 -8.585116264615610948e-01 4.142090693737472962e-01
1.821775099319695812e+01 -8.563831207204282148e-01 4.130594576142464502e-01
1.818977836893202493e+01 -8.543038902015607228e-01 4.119185396270966248e-01
1.816197665098010106e+01 -8.522896686749088513e-01 4.107942411224355661e-01
1.813423660228914258e+01 -8.503340426890824144e-01 4.096876291433745321e-01
1.810687458272110462e+01 -8.484392660739003000e-01 4.085954126370297534e-01
1.807924672658040421e+01 -8.466019997298694921e-01 4.075255728775413200e-01
1.805162440169842242e+01 -8.448248339568319443e-01 4.064743200551440561e-01
1.802386074414505757e+01 -8.431076708987246260e-01 4.054366163132903655e-01
1.799633278666683722e+01 -8.414544563031660651e-01 4.044307526733550984e-01
1.796815767978131007e+01 -8.399574836627377028e-01 4.034721480430008000e-01
1.794018273811635567e+01 -8.385142012699808856e-01 4.025363513451370445e-01
1.791229783937815867e+01 -8.371189292716382235e-01 4.016168007402793338e-01
1.788405496408807238e+01 -8.357620800521359250e-01 4.007148445336464193e-01
1.785561447393809686e+01 -8.344406115163364168e-01 3.998272294034261320e-01
1.782783980083807762e+01 -8.331515216149099068e-01 3.989620935548378045e-01
1.779945373097768524e+01 -8.318801806162398060e-01 3.981100890854971652e-01
1.777169539155692490e+01 -8.306305110908324130e-01 3.972763451692211123e-01
1.774367524844521427e+01 -8.293889038448333251e-01 3.964582868022138995e-01
1.771498985394856263e+01 -8.282724810385134750e-01 3.956826660418882313e-01
1.768698848592305239e+01 -8.271410605799069948e-01 3.949217679849945650e-01
1.765858338966211605e+01 -8.259868951396447390e-01 3.941665562661065270e-01
1.763031378981438735e+01 -8.247974643485267432e-01 3.934187124524574086e-01
1.760174684224825725e+01 -8.235717194269313035e-01 3.926823629791443837e-01
1.757326235312886809e+01 -8.222872508851667428e-01 3.919509457505694905e-01
1.754491610129752743e+01 -8.209291575817988518e-01 3.912187572852700024e-01
1.751692676263539639e+01 -8.194817316849737354e-01 3.904908109494672486e-01
1.748844273368731805e+01 -8.179375502050657554e-01 3.897606036174494637e-01
1.745926820221793463e+01 -8.164123465780657174e-01 3.890571978654845386e-01
1.743086515881448761e+01 -8.147595062323096382e-01 3.883476993228696106e-01
1.740215236439220448e+01 -8.129920286944520846e-01 3.876369176806924166e-01
1.737335296806124418e+01 -8.111249850657854532e-01 3.869189723135312842e-01
1.734489540058136825e+01 -8.091683930436157635e-01 3.861986976345275768e-01
1.731617039846672412e+01 -8.071390416039256888e-01 3.854769589976732025e-01
1.728734962054779700e+01 -8.050487794403399233e-01 3.847503669843724827e-01
1.725865982238665453e+01 -8.029095049736519885e-01 3.840197143321470996e-01
1.723026322368188445e+01 -8.007331666115291569e-01 3.832931550842381685e-01
1.720206870539280786e+01 -7.986577088353316034e-01 3.825724378434692818e-01
1.717339830141156654e+01 -7.965809006502816425e-01 3.818559665559682070e-01
1.714541659857465206e+01 -7.944941101929103855e-01 3.811303848386684012e-01
1.711736383655809490e+01 -7.924094877947258642e-01 3.804032231997708791e-01
1.708914903814605424e+01 -7.903352191237494884e-01 3.796713181703845197e-01
1.706116467139232284e+01 -7.882833401409462537e-01 3.789353143244746369e-01
1.703317769707542340e+01 -7.862590797303352641e-01 3.782003120774234950e-01
1.700540308631111586e+01 -7.842614945163510765e-01 3.774607167617712866e-01
1.697800940352834687e+01 -7.823003949394541356e-01 3.767148184333338756e-01
1.695097385569158988e+01 -7.804842840225095779e-01 3.759777407954751349e-01
1.692355849004635360e+01 -7.787372329823990524e-01 3.752375323097646986e-01
1.689692641880312607e+01 -7.770234927782795342e-01 3.744988255560848245e-01
1.687031207855399018e+01 -7.753628934859827515e-01 3.737589194491504618e-01
1.684362471959712337e+01 -7.737483234318196512e-01 3.730207043939002820e-01
1.681725097538484093e+01 -7.721822680802367111e-01 3.722799910706765525e-01
1.679152932768512230e+01 -7.706662990605708252e-01 3.715432979537538483e-01
1.676572797607756726e+01 -7.691998641586113017e-01 3.708022070324369368e-01
1.674021372539279540e+01 -7.677931629259774349e-01 3.700668028392730680e-01
1.671446065402836822e+01 -7.665291826446916090e-01 3.693324076104568809e-01
1.668918055153409696e+01 -7.653434926791549131e-01 3.685923596316715289e-01
1.666455428423033780e+01 -7.642065448995257748e-01 3.678606003056067442e-01
1.663943712364646998e+01 -7.631146916259041735e-01 3.671312682217438006e-01
1.661453215566702468e+01 -7.620633509532211969e-01 3.664092070689718983e-01
1.658981880738707204e+01 -7.610454337369176869e-01 3.656911124515334621e-01
1.656519835549505970e+01 -7.600642383545365144e-01 3.649802954387775245e-01
1.654062275062489462e+01 -7.591104068491778545e-01 3.642784264040266895e-01
1.651611769157474185e+01 -7.581818960289705700e-01 3.635909132715442471e-01
1.649175213422103781e+01 -7.573496766531252478e-01 3.628990364032811389e-01
1.646749285734323109e+01 -7.565640434659756108e-01 3.622194537020908545e-01
1.644318327122600465e+01 -7.557831187385152250e-01 3.615482823059394946e-01
1.641880167278448610e+01 -7.550035900151887969e-01 3.608864750230722507e-01
1.639429605821214153e+01 -7.542213860719310103e-01 3.602388175818177496e-01
1.636967497883584599e+01 -7.534203749818660922e-01 3.596114916917426685e-01
1.634483761690052361e+01 -7.526008779723206699e-01 3.589999742445224573e-01
1.631984656303978909e+01 -7.517450429920421451e-01 3.584079071151251572e-01
1.629462390199444144e+01 -7.508526275431458563e-01 3.578461181927445889e-01
1.626926962727503678e+01 -7.499699091293869913e-01 3.572995977379242460e-01
1.624380791808004432e+01 -7.490619669911994238e-01 3.567719889840021419e-01
1.621811504088383771e+01 -7.481022157192083188e-01 3.562762189663746248e-01
1.619219857339832913e+01 -7.470894132061632886e-01 3.557959497152175521e-01
1.616604700017891361e+01 -7.460355913769001202e-01 3.553356272082226486e-01
1.613981668550830406e+01 -7.449405931534485159e-01 3.548951007598967200e-01
1.611345124360203940e+01 -7.438097039125345367e-01 3.544635120379631132e-01
1.608697427374995570e+01 -7.426527130825092415e-01 3.540379835253123497e-01
1.606041212148091546e+01 -7.414723916610698184e-01 3.536229419207713720e-01
1.603403892407799702e+01 -7.403077335932100045e-01 3.532026623886840855e-01
1.600783864933660894e+01 -7.391584448315623446e-01 3.527658836030286293e-01
1.598165942913306203e+01 -7.379920300171478598e-01 3.523326304920176288e-01
1.595554079931025626e+01 -7.368126299545194602e-01 3.519003162990455569e-01
1.592945692589574058e+01 -7.356178576205768538e-01 3.514659112166590438e-01
1.590350556593886644e+01 -7.344131611072850507e-01 3.510230999566400500e-01
1.587767763925000075e+01 -7.331986597539811301e-01 3.505709147433340167e-01
1.585193525554984539e+01 -7.319806649044776625e-01 3.501161849340431731e-01
1.582641761069438324e+01 -7.307622373464403021e-01 3.496521994737096239e-01
1.580118745151627735e+01 -7.295591968178265496e-01 3.491670643885666503e-01
1.577633502422897216e+01 -7.283868280814520535e-01 3.486619352646411207e-01
1.575165765227392711e+01 -7.272097309896878858e-01 3.481453704858846199e-01
1.572715550963900988e+01 -7.260309833227174270e-01 3.476146556785744135e-01
1.570286548216233768e+01 -7.248534254779074315e-01 3.470741182268759495e-01
1.567875281571375012e+01 -7.236808655290968284e-01 3.465191341153266991e-01
1.565477925017697380e+01 -7.225122064614784012e-01 3.459501145113596521e-01
1.563104453577952668e+01 -7.213524238017423595e-01 3.453690271372877318e-01
1.560744078192074014e+01 -7.202008280902750803e-01 3.447702791589360993e-01
1.558415322028695194e+01 -7.190735278647311102e-01 3.441516909594484752e-01
1.556128269133412800e+01 -7.179672252671674970e-01 3.434970277724945786e-01
1.553857575637282373e+01 -7.168721738781370645e-01 3.428385838552709397e-01
1.551601854185322971e+01 -7.157887462608435447e-01 3.421676006048700036e-01
1.549366696446532998e+01 -7.147173250250650200e-01 3.414964204344612120e-01
1.547141362687690247e+01 -7.136583019726169264e-01 3.408216775047048785e-01
1.544931304127579175e+01 -7.126120772423097938e-01 3.401464446615843906e-01
1.542734544292602905e+01 -7.115851066457781204e-01 3.394733097857019488e-01
1.540541447714443279e+01 -7.105808218939495546e-01 3.388026248605735535e-01
1.538369334209942352e+01 -7.095929860961972535e-01 3.381263529121321665e-01
1.536225048994482378e+01 -7.086282139790165413e-01 3.374357281615908977e-01
1.534083047220745932e+01 -7.076877664221441488e-01 3.367488283759418888e-01
1.531940910523169386e+01 -7.067658725157143218e-01 3.360698114759304023e-01
1.529792590756035153e+01 -7.058749608512725482e-01 3.354028242541270410e-01
1.527638401246201028e+01 -7.050087500139542440e-01 3.347476518578247906e-01
1.525468325379581103e+01 -7.041775608717840695e-01 3.341140414464944253e-01
1.523292862209388865e+01 -7.033857263086217282e-01 3.335019235776779389e-01
1.521094355855220570e+01 -7.026268751253226252e-01 3.329160501313414011e-01
1.518887818804755874e+01 -7.019173358961626752e-01 3.323547060502649586e-01
1.516692841875181053e+01 -7.012308879685464902e-01 3.317957880442644059e-01
1.514468154535703626e+01 -7.005822534129055867e-01 3.312678749309226900e-01
1.512229997180456387e+01 -6.999699240241065157e-01 3.307625431650486059e-01
1.509972630028560658e+01 -6.993773447515978514e-01 3.302788781038332733e-01
1.507698852775058640e+01 -6.988050264261250755e-01 3.298074171679908906e-01
1.505410982365551220e+01 -6.982422840757011029e-01 3.293493888259526048e-01
1.503116114079125865e+01 -6.976843520626269113e-01 3.288989307594079592e-01
1.500814599596608012e+01 -6.971304130324583737e-01 3.284624923151955866e-01
1.498516122851744825e+01 -6.965731013581348829e-01 3.280203550283167790e-01
1.496232592198727041e+01 -6.959750686616904547e-01 3.275610528552669876e-01
1.493956079456252262e+01 -6.953661757740823290e-01 3.271068517203077897e-01
1.491674405304613238e+01 -6.947429698859105551e-01 3.266516915428919754e-01
1.489401149695491888e+01 -6.941015149062179646e-01 3.262045548579934895e-01
1.487130732249263154e+01 -6.934423490867765993e-01 3.257572356679444003e-01
1.484865850557775779e+01 -6.927597347914529191e-01 3.253110055072822027e-01
1.482604050855728239e+01 -6.920527553879761706e-01 3.248581651230263434e-01
1.480349535634248426e+01 -6.913137928732301374e-01 3.244016749717690273e-01
1.478106645333511437e+01 -6.905417945804579460e-01 3.239394675957237846e-01
1.475892400737935439e+01 -6.896886398315326128e-01 3.234428221545072590e-01
1.473681979011266385e+01 -6.887966597301782290e-01 3.229368900478356008e-01
1.471482504301087069e+01 -6.878696716535640521e-01 3.224249631319888176e-01
1.469294403455997156e+01 -6.869068194355905099e-01 3.219063191434301530e-01
1.467113377341223845e+01 -6.859143214775660358e-01 3.213784198431826611e-01
1.464941573936626540e+01 -6.848912048878282866e-01 3.208422476779251298e-01
1.462776249237231241e+01 -6.838288495727535832e-01 3.203018505697613483e-01
1.460627914285697493e+01 -6.827395044033010008e-01 3.197464838298257339e-01
1.458491625110709577e+01 -6.816205869014192453e-01 3.191839580409686072e-01
1.456374563207096351e+01 -6.804065206092444473e-01 3.185882022790609835e-01
1.454275313297024397e+01 -6.791602906560738617e-01 3.179881522428292251e-01
1.452178806010840084e+01 -6.778930503041067368e-01 3.173722292923508159e-01
1.450092218232989083e+01 -6.766002685688671248e-01 3.167461263319976128e-01
1.448014517157709946e+01 -6.752905778494020517e-01 3.161147654956869557e-01
1.445942980689072321e+01 -6.739676574130097908e-01 3.154738880268736501e-01
1.443879063093600834e+01 -6.726416947953827163e-01 3.148275608681351256e-01
1.441820088499262908e+01 -6.713179985101923597e-01 3.141781278079294748e-01
1.439770772721993275e+01 -6.700025934040575448e-01 3.135238585557294511e-01
1.437743288797794605e+01 -6.686168803547009043e-01 3.128470553686323874e-01
1.435726849468220401e+01 -6.672485903429742349e-01 3.121679068552530856e-01
1.433710331124623849e+01 -6.659057094970846080e-01 3.114983620906722761e-01
1.431704607200694035e+01 -6.646033055410835999e-01 3.108309188222475594e-01
1.429703477994354266e+01 -6.633416659452945341e-01 3.101635542543589308e-01
1.427704630282183551e+01 -6.621337100308694046e-01 3.095020108780557333e-01
1.425708430747262767e+01 -6.609833026202043271e-01 3.088476718094813611e-01
1.423719041808775998e+01 -6.599016053390716063e-01 3.082061095569152975e-01
1.421733873354179245e+01 -6.588946825200376889e-01 3.075682418488954739e-01
1.419756695291344428e+01 -6.579016647822945041e-01 3.069207096883992958e-01
1.417785038512370654e+01 -6.569727512308676243e-01 3.062869734190200033e-01
1.415809811361020820e+01 -6.561149134715112963e-01 3.056572089372251999e-01
1.413834778068143194e+01 -6.553171343650615599e-01 3.050373909260751248e-01
1.411860980829337819e+01 -6.545629099201798473e-01 3.044282380345039174e-01
1.409890557259047128e+01 -6.538523041434353145e-01 3.038223832199205554e-01
1.407914946382890342e+01 -6.531735524258711623e-01 3.032226074169214192e-01
1.405940662341319936e+01 -6.525214109334126489e-01 3.026316836944999422e-01
1.403962757586559107e+01 -6.518864014056781064e-01 3.020378529454211258e-01
1.401992663301151865e+01 -6.511868059559319244e-01 3.014466397373871120e-01
1.400013095221213888e+01 -6.504736654333872492e-01 3.008596904261357508e-01
1.398033528805698467e+01 -6.497611460126510030e-01 3.002716309106306936e-01
1.396050479767219699e+01 -6.490411720187708733e-01 2.996925325158891762e-01
1.394065081394895245e+01 -6.483106410936440023e-01 2.991132111197751797e-01
1.392073619805472973e+01 -6.475605607008061426e-01 2.985411362853849782e-01
1.390081803301117525e+01 -6.467840358475300810e-01 2.979666519219105747e-01
1.388080313773120089e+01 -6.459829719588096042e-01 2.973947323207615234e-01
1.386077932875516439e+01 -6.451522396739663989e-01 2.968262465040278353e-01
1.384056442327323921e+01 -6.442111579224880646e-01 2.962486815211365920e-01
1.382036324518675485e+01 -6.432142474807440724e-01 2.956697983729133505e-01
1.380010782418949056e+01 -6.421902176686017372e-01 2.950977485236047637e-01
1.377980639301836341e+01 -6.411338098618667436e-01 2.945245924027887763e-01
1.375948504611353229e+01 -6.400436000262388347e-01 2.939590278223454534e-01
1.373917622564331609e+01 -6.389241497140492054e-01 2.933990451778218933e-01
1.371887249330208114e+01 -6.377799885856930695e-01 2.928429357091061891e-01
1.369855184295822959e+01 -6.366029691994264939e-01 2.922870442675998270e-01
1.367829955496992689e+01 -6.353992132175360075e-01 2.917384329353722161e-01
1.365790621196787136e+01 -6.341091719983557029e-01 2.911852346199274577e-01
1.363756912088970275e+01 -6.327553775529580760e-01 2.906369180404728692e-01
1.361718421355864450e+01 -6.313734878764044600e-01 2.900871136512973014e-01
1.359682897810134072e+01 -6.299678446834375833e-01 2.895345631191241775e-01
1.357645000626741449e+01 -6.285389528231436485e-01 2.889841863606986694e-01
1.355611533002504032e+01 -6.270904585082591742e-01 2.884287446892566109e-01
1.353589285959794175e+01 -6.256256095399485018e-01 2.878718842711054937e-01
1.351566251708861444e+01 -6.241512667780866330e-01 2.873136063191861767e-01
1.349554948346117556e+01 -6.226673439944407917e-01 2.867537468735083528e-01
1.347542291256533176e+01 -6.211368010191138378e-01 2.861894001229748352e-01
1.345539642302867200e+01 -6.195711666657620631e-01 2.856227077926806190e-01
1.343538768399640126e+01 -6.180149612347498600e-01 2.850528067126268383e-01
1.341550419427260898e+01 -6.164653036139697839e-01 2.844724468221951352e-01
1.339575165626251341e+01 -6.149337335165985241e-01 2.838818688360680298e-01
1.337615140619330845e+01 -6.134212179616312932e-01 2.832844610567699650e-01
1.335667147838398172e+01 -6.119343959784401266e-01 2.826729716486744981e-01
1.333734182568231041e+01 -6.104758783998811555e-01 2.820525520781199114e-01
1.331822913216565318e+01 -6.090649388583229129e-01 2.814146577459483156e-01
1.329922193310681244e+01 -6.076584212232587490e-01 2.807707586286269930e-01
1.328039050040115576e+01 -6.062717043143329709e-01 2.801188821720647093e-01
1.326170296515859270e+01 -6.049225937549372878e-01 2.794548132825885878e-01
1.324323997783699980e+01 -6.036198699129367018e-01 2.787858976818600731e-01
1.322493823655850598e+01 -6.023552743615566696e-01 2.781094850768252025e-01
1.320670047476328968e+01 -6.011211060441125076e-01 2.774325153428798263e-01
1.318859019960636658e+01 -5.999147324748798082e-01 2.767511690068860108e-01
1.317059365497959433e+01 -5.987317417158836141e-01 2.760677693856580239e-01
1.315262217446507620e+01 -5.975736072832416035e-01 2.753883845103453631e-01
1.313457376963410184e+01 -5.963945725995777325e-01 2.747094811891019894e-01
1.311642780621894921e+01 -5.951999001140577672e-01 2.740451633834508627e-01
1.309829624939539805e+01 -5.940112134789571341e-01 2.733845947210193916e-01
1.308011833776414257e+01 -5.928358692696908960e-01 2.727267736048724078e-01
1.306190406057806186e+01 -5.916668765758513748e-01 2.720741542348049657e-01
1.304366337939296905e+01 -5.904980369808715546e-01 2.714229340661352130e-01
1.302535360871314829e+01 -5.893341937103461214e-01 2.707850999250102642e-01
1.300700743440816609e+01 -5.881694689662733122e-01 2.701500231962283838e-01
1.298866459526819916e+01 -5.870079628894804280e-01 2.695256543446259423e-01
1.297010235787259447e+01 -5.858283543059561449e-01 2.689204973870818471e-01
1.295138762998350757e+01 -5.846110858583352110e-01 2.683292278044109858e-01
1.293252446826324231e+01 -5.833938680845567326e-01 2.677509436362843775e-01
1.291355013537154051e+01 -5.821740761350430171e-01 2.671774729395304249e-01
1.289450196895102074e+01 -5.809419318002498889e-01 2.666149248754134948e-01
1.287533471427246923e+01 -5.797007917743826066e-01 2.660650296624273436e-01
1.285611011971692719e+01 -5.784548977455168384e-01 2.655240205034788969e-01
1.283675612001085575e+01 -5.772004507784999072e-01 2.649881349919718243e-01
1.281735825957506592e+01 -5.759306642809842725e-01 2.644604542610048958e-01
1.279782992172656719e+01 -5.746506413011750469e-01 2.639526129478410033e-01
1.277814009857746491e+01 -5.733442453699378882e-01 2.634634829124916089e-01
1.275838907464624583e+01 -5.720327105896909625e-01 2.629826048642257552e-01
1.273861320811951003e+01 -5.707160443776074787e-01 2.625089256612274102e-01
1.271885071702164360e+01 -5.693942442441619622e-01 2.620415885241577647e-01
1.269905538090916330e+01 -5.680629757418279580e-01 2.615756263881421906e-01
1.267928794743202481e+01 -5.667174750905887848e-01 2.611172010750226757e-01
1.265953733054418962e+01 -5.653636731624328560e-01 2.606605601694280683e-01
1.263984945507290192e+01 -5.639978603676093494e-01 2.601988866248212129e-01
1.262005877877833804e+01 -5.626150039136572634e-01 2.597406310962271925e-01
1.260023796412354002e+01 -5.612093327414433563e-01 2.592965481514803994e-01
1.258040274405337300e+01 -5.597924862759676712e-01 2.588472056097561036e-01
1.256072726741963663e+01 -5.583617769576816325e-01 2.583935506033440133e-01
1.254112591582735270e+01 -5.569175829368128161e-01 2.579289043818325244e-01
1.252162095314285928e+01 -5.554582896200209730e-01 2.574509519216074960e-01
1.250227451778067866e+01 -5.539795711657693467e-01 2.569613825070810043e-01
1.248311576268189604e+01 -5.524893169092643941e-01 2.564586042008667466e-01
1.246418854368926787e+01 -5.509740071094907377e-01 2.559290769491118778e-01
1.244541150767949844e+01 -5.494449453686577334e-01 2.553859200088243742e-01
1.242666569108952146e+01 -5.478972759065605658e-01 2.548486455651939320e-01
1.240815391062592354e+01 -5.463470423649817720e-01 2.542856299426638489e-01
1.238976404483488736e+01 -5.447842820382450268e-01 2.537132798042409654e-01
1.237158069663032300e+01 -5.432170545480337065e-01 2.531333687647730479e-01
1.235348932867383986e+01 -5.416515174154524770e-01 2.525392740586436813e-01
1.233549555530538200e+01 -5.400824632638552281e-01 2.519381161515059087e-01
1.231755622614429413e+01 -5.385105246024934900e-01 2.513321477186226116e-01
1.229969464296798165e+01 -5.369470383363765809e-01 2.507167170115546795e-01
1.228180474532737243e+01 -5.353851475710273977e-01 2.501024509040611354e-01
1.226373803415179964e+01 -5.338506976687914518e-01 2.495055649257005848e-01
1.224573325285968828e+01 -5.323263030247427086e-01 2.489120447902587185e-01
1.222777168663908576e+01 -5.308166537371257210e-01 2.483188442023493703e-01
1.220984186101200208e+01 -5.293231213444502536e-01 2.477310398486252396e-01
1.219192519229868843e+01 -5.278446612978828778e-01 2.471447332838697108e-01
1.217407608786972517e+01 -5.263909370187555004e-01 2.465617764093739062e-01
1.215625036463449860e+01 -5.249534279011848215e-01 2.459840283571520791e-01
1.213846971463758351e+01 -5.235401819043186133e-01 2.454133554882121093e-01
1.212071445202634301e+01 -5.221534418787945331e-01 2.448516313861592297e-01
1.210277889713314536e+01 -5.208112561943197827e-01 2.443225019206435866e-01
1.208486775854697193e+01 -5.194964272408562067e-01 2.437973754762620127e-01
1.206693905774596409e+01 -5.182058070127958382e-01 2.432802395169511855e-01
1.204898073483017917e+01 -5.169376242642137465e-01 2.427730944470293251e-01
1.203100608232800717e+01 -5.156891145444946201e-01 2.422744040063282700e-01
1.201301929428632853e+01 -5.144651349597448853e-01 2.417862558185664701e-01
1.199501718330933464e+01 -5.132605828355183419e-01 2.413022409266323554e-01
1.197702022198348359e+01 -5.120703660661826140e-01 2.408242899371458579e-01
1.195900876751261954e+01 -5.109041142967040150e-01 2.403616957750328575e-01
1.194089283475186392e+01 -5.097833501091666442e-01 2.399211521624968202e-01
1.192269205883379435e+01 -5.086851320443223079e-01 2.394943310055329677e-01
1.190452313588540001e+01 -5.076007649125151566e-01 2.390765994915428350e-01
1.188634103913083173e+01 -5.065220150504999852e-01 2.386597587959138067e-01
1.186814093441832085e+01 -5.054500605672502811e-01 2.382516446322750503e-01
1.184992823369772985e+01 -5.043805160823403577e-01 2.378445574701413823e-01
1.183165789442817939e+01 -5.033070260261177653e-01 2.374433438733881685e-01
1.181334964002171972e+01 -5.022314307730890715e-01 2.370503351822804416e-01
1.179505728226393657e+01 -5.011487696583706297e-01 2.366576449295844931e-01
1.177660385455282110e+01 -5.000898359640728597e-01 2.362738375031811500e-01
1.175824292876026256e+01 -4.990238743423445200e-01 2.359015867332730498e-01
1.173987124808793325e+01 -4.979376969052135005e-01 2.355248494480520205e-01
1.172150666522658113e+01 -4.968264073992774144e-01 2.351487896910690878e-01
1.170322272101168259e+01 -4.956811667784732367e-01 2.347694815304653682e-01
1.168502227303259566e+01 -4.944967857456283311e-01 2.343831992778251383e-01
1.166684731859819024e+01 -4.932671101540598846e-01 2.339893639924055524e-01
1.164868245030261207e+01 -4.919902609495961365e-01 2.335895010601703736e-01
1.163058075633385791e+01 -4.906520713284700519e-01 2.331815083644169229e-01
1.161246748929159089e+01 -4.893094232754044981e-01 2.327722038994554377e-01
1.159435146698944230e+01 -4.879363176040857897e-01 2.323640309558746564e-01
1.157632590737777711e+01 -4.865318987667831552e-01 2.319480694142992960e-01
1.155830342002498590e+01 -4.850956686704641641e-01 2.315221699501991970e-01
1.154033270707824421e+01 -4.836358615027466223e-01 2.310909922048019205e-01
1.152241530906400335e+01 -4.821522121178357656e-01 2.306592010732042564e-01
1.150455648616157234e+01 -4.806603444154904370e-01 2.302203933236464384e-01
1.148674143640180212e+01 -4.791611839591310429e-01 2.297785413827713175e-01
1.146899181918525379e+01 -4.776522632661116541e-01 2.293338617940140212e-01
1.145127083827444281e+01 -4.761932785632402299e-01 2.288976118020491224e-01
1.143361964127457675e+01 -4.747553712134041093e-01 2.284610220381607382e-01
1.141601527247946279e+01 -4.733266847415217859e-01 2.280225152323918369e-01
1.139847631536084371e+01 -4.719075430508041791e-01 2.275799265480019373e-01
1.138095271177019008e+01 -4.705059681956395012e-01 2.271379597949824414e-01
1.136344097565030609e+01 -4.691234634065576947e-01 2.266966657192814039e-01
1.134604464500078791e+01 -4.677625499530433384e-01 2.262563488436042936e-01
1.132865953769508316e+01 -4.664182226910008611e-01 2.258154312639079897e-01
1.131132242233346297e+01 -4.650995929539181728e-01 2.253758632843929077e-01
1.129412171878861137e+01 -4.638428791821933572e-01 2.249399797364812492e-01
1.127701109427379400e+01 -4.626338108847258823e-01 2.245092980096228819e-01
1.125997065109186579e+01 -4.614548880013474852e-01 2.240808055832648749e-01
1.124305914099753245e+01 -4.603017760276172932e-01 2.236513097975335873e-01
1.122616534605561789e+01 -4.591722394620686987e-01 2.232264278535529278e-01
1.120937700153025851e+01 -4.580684807856945095e-01 2.228042363901814871e-01
1.119266965594842844e+01 -4.569906203551585833e-01 2.223821731758408582e-01
1.117598244143394481e+01 -4.559379983313991969e-01 2.219665082907740783e-01
1.115936397057021878e+01 -4.549099498968157129e-01 2.215464996520181695e-01
1.114289830558387706e+01 -4.539408702220367742e-01 2.211392703504866108e-01
1.112646739842908161e+01 -4.530222250986724042e-01 2.207341802885015025e-01
1.111008603536252615e+01 -4.521227113213239224e-01 2.203329905454591009e-01
1.109377377583061275e+01 -4.512396393411238771e-01 2.199346690286508588e-01
1.107751749783949968e+01 -4.503709920835615721e-01 2.195390881343719514e-01
1.106127500257436935e+01 -4.495144454438574355e-01 2.191481053084497477e-01
1.104500423642398488e+01 -4.486676925891690537e-01 2.187636182233109738e-01
1.102881546317896522e+01 -4.478256873425437989e-01 2.183793026389449221e-01
1.101257634840278499e+01 -4.469857851878953903e-01 2.180052473752929487e-01
1.099640494198920848e+01 -4.461730245036891751e-01 2.176351400942373726e-01
1.098034570236341523e+01 -4.453858818675766051e-01 2.172650810358095486e-01
1.096417480266292621e+01 -4.445882633731777500e-01 2.169086512517572618e-01
1.094801126038021089e+01 -4.437760776766495052e-01 2.165523397329555677e-01
1.093179393292573742e+01 -4.429448854898505039e-01 2.162071614958051835e-01
1.091549870334372940e+01 -4.420900901262054261e-01 2.158689539005834157e-01
1.089916009931962293e+01 -4.412071237759053743e-01 2.155333288607224340e-01
1.088269023426235549e+01 -4.402909770867782790e-01 2.152050785011792311e-01
1.086611384418474735e+01 -4.393384235348404832e-01 2.148817910147992893e-01
1.084941047221500376e+01 -4.383763369900775531e-01 2.145641177645704334e-01
1.083281580569208913e+01 -4.374196245745595735e-01 2.142537276226628706e-01
1.081609984478941833e+01 -4.364359346367623904e-01 2.139448870012403414e-01
1.079934481770423993e+01 -4.354288365054244103e-01 2.136364270179398894e-01
1.078256106877692311e+01 -4.344008723195659782e-01 2.133341969613369304e-01
1.076576572702028756e+01 -4.333555365857282293e-01 2.130314717215346931e-01
1.074898301428464187e+01 -4.322951762344706683e-01 2.127319948897964663e-01
1.073227930930236518e+01 -4.312235495174696065e-01 2.124306509707434565e-01
1.071556113492521689e+01 -4.301430565673005635e-01 2.121314451582493599e-01
1.069889767665557478e+01 -4.290720228100036726e-01 2.118304680549486230e-01
1.068241977518465369e+01 -4.280301175456134866e-01 2.115266530874967965e-01
1.066596371605049143e+01 -4.269868238441721364e-01 2.112185128251306832e-01
1.064960247459697840e+01 -4.259440029205512901e-01 2.109092038413300507e-01
1.063326391244600266e+01 -4.249042388852096730e-01 2.105948086762829963e-01
1.061704277859582746e+01 -4.238687877186797515e-01 2.102761341649610483e-01
1.060087158368266458e+01 -4.228381901781315677e-01 2.099554069049089366e-01
1.058475566712885474e+01 -4.218147581452236783e-01 2.096279954540605228e-01
1.056871017550679603e+01 -4.207983859660698323e-01 2.093038617120436817e-01
1.055284023050302977e+01 -4.198004035951491963e-01 2.089711349124388495e-01
1.053722602323188795e+01 -4.188422973538848404e-01 2.086259339648517674e-01
1.052165437026863160e+01 -4.178924739123685561e-01 2.082775764097721527e-01
1.050618228389553721e+01 -4.169515583707820716e-01 2.079265487243679988e-01
1.049082934835149494e+01 -4.160245260211661300e-01 2.075695846398171174e-01
1.047559341335561456e+01 -4.151064880837254667e-01 2.072098240371649802e-01
1.046041174798731355e+01 -4.142001670130964208e-01 2.068452912314525383e-01
1.044532872572924198e+01 -4.133095861078126543e-01 2.064751694306584950e-01
1.043029330109365027e+01 -4.124336757298427414e-01 2.060958410458032797e-01
1.041537564777424762e+01 -4.115724429044557153e-01 2.057214273643338254e-01
1.040070901329648656e+01 -4.107538777482153125e-01 2.053342970109131027e-01
1.038616836411374855e+01 -4.099437696593837832e-01 2.049450296324480114e-01
1.037164528637045180e+01 -4.091421388506175094e-01 2.045541512172704135e-01
1.035718629510775202e+01 -4.083538010103226479e-01 2.041617289636121491e-01
1.034279093053700826e+01 -4.075724111300655372e-01 2.037765303668410966e-01
1.032848864287383961e+01 -4.068047264480585401e-01 2.033915641763848203e-01
1.031418479861988757e+01 -4.060430206418141896e-01 2.030136598725324204e-01
1.029986506926261391e+01 -4.052929580598455539e-01 2.026389338731197365e-01
1.028560959581879608e+01 -4.045537580424486412e-01 2.022645328710762358e-01
1.027156853177136853e+01 -4.038494349815628937e-01 2.018845955378045787e-01
1.025746887725091661e+01 -4.031476413249898694e-01 2.015180237994630141e-01
1.024332184841406068e+01 -4.024553931486239966e-01 2.011532185781848836e-01
1.022914507585708499e+01 -4.017717293444150739e-01 2.007966283931724161e-01
1.021490912179648802e+01 -4.010962332567297728e-01 2.004570538819837600e-01
1.020059894529955002e+01 -4.004263413528471038e-01 2.001275970006140825e-01
1.018615981520320624e+01 -3.997683611814372151e-01 1.998090061491717695e-01
1.017165008938770576e+01 -3.991177298366572757e-01 1.995070246055714036e-01
1.015704045681940215e+01 -3.984736704368357363e-01 1.992214299618000894e-01
1.014251604751412472e+01 -3.978466135144732574e-01 1.989310838697140316e-01
1.012791547523550761e+01 -3.972192251501052707e-01 1.986548536608706284e-01
1.011326105558607935e+01 -3.965976559471253160e-01 1.983848484054596406e-01
1.009854218860649944e+01 -3.959765384953467526e-01 1.981205819928679168e-01
1.008380581057403624e+01 -3.953570983146679207e-01 1.978574514845316268e-01
1.006907473777744144e+01 -3.947356317514621460e-01 1.975998755277757202e-01
1.005428874016071639e+01 -3.941149865436414101e-01 1.973441234828629265e-01
1.003953598677868086e+01 -3.934865716458471052e-01 1.970896345366432434e-01
1.002471619115585355e+01 -3.928614043519585985e-01 1.968384013011377498e-01
1.001015369775239350e+01 -3.922284400305736107e-01 1.965766857155006320e-01
9.995635675937625919e+00 -3.915938865568884819e-01 1.963149242258150629e-01
9.981151300492685507e+00 -3.909541079369685534e-01 1.960482354568316432e-01
9.966689068389227302e+00 -3.903035077013323750e-01 1.957827511650682417e-01
9.952289459670929261e+00 -3.896468773126639529e-01 1.955138964193124940e-01
9.937925082399496901e+00 -3.889851675762666661e-01 1.952458757643050213e-01
9.923618714555750842e+00 -3.883166179733849033e-01 1.949751674417298242e-01
9.909393177796456342e+00 -3.876357073182717938e-01 1.946944871520208953e-01
9.895271338832136720e+00 -3.869509905487522050e-01 1.944179526801605440e-01
9.881263928556652587e+00 -3.862501062884647896e-01 1.941200040226464252e-01
9.867409884751312532e+00 -3.855438820360699292e-01 1.938161740898476093e-01
9.853614214469683219e+00 -3.848241966102616263e-01 1.935049100637585284e-01
9.839864609770639703e+00 -3.841025123084486625e-01 1.931959062730934651e-01
9.826203175783694732e+00 -3.833701559967538919e-01 1.928787214237557834e-01
9.812602342703502956e+00 -3.826328837205495437e-01 1.925573434275887341e-01
9.799029028168765976e+00 -3.818891479413416001e-01 1.922340865790837516e-01
9.785601109004554488e+00 -3.811461718758876183e-01 1.919049457323084851e-01
9.772176240758227550e+00 -3.803958495062946255e-01 1.915693475160957782e-01
9.758997304210360824e+00 -3.796307109322613615e-01 1.912242824682459097e-01
9.745859672374910687e+00 -3.788673169927085915e-01 1.908766095656840578e-01
9.732832076938340293e+00 -3.780994821213250479e-01 1.905230286867665157e-01
9.719875787550847690e+00 -3.773356947057013855e-01 1.901697206046257249e-01
9.706934665548169860e+00 -3.765730815423311562e-01 1.898160908202763397e-01
9.694083688279960143e+00 -3.758183213736711603e-01 1.894615405429236621e-01
9.681235161592546490e+00 -3.750738247591927088e-01 1.891054666741092127e-01
9.668470657549923075e+00 -3.743378507301927671e-01 1.887536497247828959e-01
9.655723388604730673e+00 -3.736160729068341291e-01 1.883937425077849004e-01
9.643069542874753708e+00 -3.728929857377728529e-01 1.880359363023624830e-01
9.630476733888230001e+00 -3.721753381304697128e-01 1.876724616463861794e-01
9.617935621769483134e+00 -3.714869360580168589e-01 1.873134486331786142e-01
9.605409116029283823e+00 -3.708175646436914219e-01 1.869582681816411851e-01
9.592839681348456438e+00 -3.701786342057906132e-01 1.866101583988865886e-01
9.580303302168923452e+00 -3.695702455525970431e-01 1.862689855848982390e-01
9.567768968035297306e+00 -3.690022523495096740e-01 1.859407498881016918e-01
9.555226789335673487e+00 -3.684742488790372916e-01 1.856188986604245250e-01
9.542708750088731762e+00 -3.679798143799771215e-01 1.853097714070092439e-01
9.530233153696661574e+00 -3.674917083583894017e-01 1.849994231995784333e-01
9.517792093202936954e+00 -3.670260029648608202e-01 1.846959912415735705e-01
9.505363591249221145e+00 -3.665796619635952047e-01 1.844005727894853230e-01
9.492882452171597762e+00 -3.661516289580080130e-01 1.841073174438146720e-01
9.480397828948373018e+00 -3.657339491312044943e-01 1.838149120060664499e-01
9.467955899963930833e+00 -3.653279204819043224e-01 1.835309997716734753e-01
9.455501638534427045e+00 -3.649344468858370938e-01 1.832527109315910951e-01
9.443068747687624054e+00 -3.645455535292796423e-01 1.829771718778714640e-01
9.430620082170987573e+00 -3.641603443829541931e-01 1.827015052775699810e-01
9.418212395987257679e+00 -3.637528204262032161e-01 1.824180705455121787e-01
9.405854470902209385e+00 -3.633293060257382634e-01 1.821414671210082603e-01
9.393471478605425418e+00 -3.629039622688579603e-01 1.818651482578193535e-01
9.381126463884832845e+00 -3.624717105567858977e-01 1.815862225394419271e-01
9.368801971927084082e+00 -3.620306664968639399e-01 1.813092964033761745e-01
9.356463658342486056e+00 -3.615819426323506613e-01 1.810329636293648292e-01
9.344127414629097572e+00 -3.611211100293494902e-01 1.807507182168264226e-01
9.331815467643297168e+00 -3.606488618969517779e-01 1.804757469762734989e-01
9.319519869123164213e+00 -3.601628659698278279e-01 1.801897856154211219e-01
9.307200413209942624e+00 -3.596442095928724658e-01 1.799040105434498438e-01
9.294964468436756277e+00 -3.590940302120214644e-01 1.796180392933630077e-01
9.282784517214468067e+00 -3.585264983858582055e-01 1.793264033463394524e-01
9.270553993123664682e+00 -3.579504247963218311e-01 1.790360694386265439e-01
9.258343482305333438e+00 -3.573639075421306543e-01 1.787503117923731344e-01
9.246195332134872658e+00 -3.567633494153332752e-01 1.784616993635473881e-01
9.234044374033590685e+00 -3.561558460392253433e-01 1.781680782063399526e-01
9.221948356359206400e+00 -3.555346013050409426e-01 1.778825521316203251e-01
9.209830846329982279e+00 -3.549024879252146714e-01 1.775871375351519010e-01
9.197771972870480539e+00 -3.542470115258299912e-01 1.772941761237384339e-01
9.185798002683572605e+00 -3.535649021608263110e-01 1.770028657899796742e-01
9.173790769463288086e+00 -3.528772076921959933e-01 1.767046986307405920e-01
9.161854663764239959e+00 -3.521785568035420977e-01 1.764023609607305865e-01
9.149950749911029746e+00 -3.514778989130488140e-01 1.761017952215157001e-01
9.138092931924935769e+00 -3.507833357541526587e-01 1.758035233002466780e-01
9.126301877510758942e+00 -3.500866487314954756e-01 1.755033058775629651e-01
9.114535274900418926e+00 -3.493978635941361044e-01 1.751966897234905896e-01
9.102826789578788436e+00 -3.487176767312477610e-01 1.748975207167470514e-01
9.091132861776532792e+00 -3.480322988518172456e-01 1.745908481988427963e-01
9.079559153853612230e+00 -3.473404449553911810e-01 1.742800079229596122e-01
9.068086629405980759e+00 -3.466618040907675780e-01 1.739701706827671834e-01
9.056617475586815402e+00 -3.460050986168255460e-01 1.736567566422652642e-01
9.045267760997706574e+00 -3.453683347064932518e-01 1.733458787781583244e-01
9.033950166222044942e+00 -3.447563536660779304e-01 1.730290916053738304e-01
9.022745171747002857e+00 -3.441748534583720653e-01 1.727086517256797848e-01
9.011623211576155867e+00 -3.436262261093301906e-01 1.723855618898210151e-01
9.000572481081800191e+00 -3.431084868915812991e-01 1.720641859599058021e-01
8.989673482391999926e+00 -3.426126496675879207e-01 1.717441252959554798e-01
8.978715462222318422e+00 -3.421109088740534321e-01 1.714162667408922758e-01
8.967909946902253182e+00 -3.416319104286119623e-01 1.710923768439222836e-01
8.957110503969602178e+00 -3.411764618147569150e-01 1.707655629186222435e-01
8.946390065730014385e+00 -3.407381636321723528e-01 1.704433201137921794e-01
8.935653088604979644e+00 -3.403149314151630023e-01 1.701244881972603373e-01
8.924966626760628685e+00 -3.398999333532066180e-01 1.698019384925578135e-01
8.914325820603831829e+00 -3.394947431553638761e-01 1.694852093947311622e-01
8.903715246763482583e+00 -3.390991150345308847e-01 1.691645446419130783e-01
8.893064046632247255e+00 -3.387072461297935266e-01 1.688487124457067889e-01
8.882354795854793039e+00 -3.382878467751875284e-01 1.685396616703204731e-01
8.871704380143631496e+00 -3.378694757196405440e-01 1.682330642265917608e-01
8.861055800687674733e+00 -3.374528962490294104e-01 1.679291562078672195e-01
8.850390108282208956e+00 -3.370385034059481533e-01 1.676285314687904759e-01
8.839666645181949889e+00 -3.366224870093713073e-01 1.673274451858249856e-01
8.828951763880139580e+00 -3.362039858261353098e-01 1.670283014018464629e-01
8.818241698170240284e+00 -3.357825065684964527e-01 1.667346093062028189e-01
8.807520284760974150e+00 -3.353550728409250281e-01 1.664471350125154847e-01
8.796793894118616564e+00 -3.349286032906007016e-01 1.661640488433595575e-01
8.785956255405233506e+00 -3.344640055245032273e-01 1.658859164979449019e-01
8.775135950919839445e+00 -3.339977679600222848e-01 1.656085651531861436e-01
8.764300853354725973e+00 -3.335328149068013670e-01 1.653369139385098552e-01
8.753463470306837024e+00 -3.330563546981743506e-01 1.650685667625308994e-01
8.742609635363487897e+00 -3.325773692008977545e-01 1.648053339930585504e-01
8.731751254295220477e+00 -3.320891065057715585e-01 1.645446537263156039e-01
8.720822699944944745e+00 -3.315984659780941701e-01 1.642859332964548558e-01
8.709905739255889401e+00 -3.310951921559960875e-01 1.640233365342601835e-01
8.699034760791864329e+00 -3.305814163636848213e-01 1.637673959621884778e-01
8.688068920786138349e+00 -3.300427451667801160e-01 1.635164499652368708e-01
8.677036364928216727e+00 -3.294957055020252823e-01 1.632701707611486086e-01
8.666074487393622405e+00 -3.289435685577193347e-01 1.630236556382965163e-01
8.655132641471833921e+00 -3.283896020129745130e-01 1.627746088640677768e-01
8.644184245036315772e+00 -3.278329242798345700e-01 1.625279683971568023e-01
8.633294226562108875e+00 -3.272718770060361604e-01 1.622813872979302630e-01
8.622443727822997062e+00 -3.267097186109791385e-01 1.620307922783688626e-01
8.611647863653772106e+00 -3.261431028156590028e-01 1.617837148504983058e-01
8.600871763761789524e+00 -3.255802395556296469e-01 1.615278522986450527e-01
8.590189218508669455e+00 -3.250015670210555929e-01 1.612813034358768494e-01
8.579480570599622880e+00 -3.244197712428736335e-01 1.610286778336799951e-01
8.568909734295223402e+00 -3.238432407050280126e-01 1.607725008247401499e-01
8.558425905190379268e+00 -3.232686012112092611e-01 1.605103051125834901e-01
8.548009312938100734e+00 -3.226990936082788641e-01 1.602431352228973482e-01
8.537724977213025923e+00 -3.221281479596198039e-01 1.599635547268928870e-01
8.527541697005284860e+00 -3.215620014969238771e-01 1.596794363965179098e-01
8.517519226648863295e+00 -3.210034247683830610e-01 1.593870399900842172e-01
8.507525903578599724e+00 -3.204450357923093184e-01 1.590836687216281853e-01
8.497606418957380114e+00 -3.198793737557641959e-01 1.587855856742085014e-01
8.487747002302599597e+00 -3.193254373465582163e-01 1.584860047051276644e-01
8.477944011921019651e+00 -3.187767226830341971e-01 1.581818602393278428e-01
8.468187644949965787e+00 -3.182290423780085309e-01 1.578711464759280370e-01
8.458508329093579192e+00 -3.176848836353067251e-01 1.575601112469361131e-01
8.448849755257556993e+00 -3.171515738952843111e-01 1.572470830849763690e-01
8.439230875128997056e+00 -3.166188280901337526e-01 1.569330376246145520e-01
8.429645073597944460e+00 -3.160918746751423813e-01 1.566185011844159203e-01
8.419983624687034762e+00 -3.155710555752782032e-01 1.563047819032107044e-01
8.410386627494832013e+00 -3.150536231230779971e-01 1.559992756877701114e-01
8.400696406460513188e+00 -3.145389280735010340e-01 1.556970174728618261e-01
8.391064486693288416e+00 -3.140353030969339487e-01 1.553966291301101532e-01
8.381449493329299116e+00 -3.135384648660237694e-01 1.550986431916863140e-01
8.371782308804169404e+00 -3.130508638070259586e-01 1.548037139415634200e-01
8.362148673699440593e+00 -3.125701623948107799e-01 1.545122473079214021e-01
8.352512270432354669e+00 -3.121001210830332551e-01 1.542248021462736263e-01
8.342922304619918350e+00 -3.116337986651894765e-01 1.539406564802746069e-01
8.333276961178645692e+00 -3.111755754862067236e-01 1.536598772510194832e-01
8.323559993414434643e+00 -3.107241647176382515e-01 1.533901389189417930e-01
8.313866573641469415e+00 -3.102866471733223275e-01 1.531274758832495697e-01
8.304096770733854882e+00 -3.098520934948436611e-01 1.528682204560362357e-01
8.294345763092824342e+00 -3.094266295235942321e-01 1.526129349476207930e-01
8.284582842781269107e+00 -3.090066831115159118e-01 1.523615042977729817e-01
8.274802444915673405e+00 -3.085899352224520387e-01 1.521138159171181725e-01
8.265006596954146190e+00 -3.081744426531338732e-01 1.518697596417142581e-01
8.255220575674981021e+00 -3.077689613219781739e-01 1.516285916752017349e-01
8.245434407065655336e+00 -3.073642315448942286e-01 1.513913717499387190e-01
8.235592582783960225e+00 -3.069719873445289071e-01 1.511635462988207002e-01
8.225724539844666339e+00 -3.065779512575389498e-01 1.509409992479707474e-01
8.215894952636940474e+00 -3.061874823066717544e-01 1.507206615282426498e-01
8.206025202933396656e+00 -3.057930774441167121e-01 1.505018314410413449e-01
8.196143684666470364e+00 -3.053987628603458959e-01 1.502839749490039456e-01
8.186292555472370225e+00 -3.050033737450898452e-01 1.500671113427571035e-01
8.176461731536885935e+00 -3.045960774145416994e-01 1.498502692585477192e-01
8.166641105454990779e+00 -3.041855504605582294e-01 1.496333598949980415e-01
8.156820544206874857e+00 -3.037698177326882409e-01 1.494148726402328431e-01
8.146959371865165167e+00 -3.033495101082046563e-01 1.492001816322326146e-01
8.137146865583666511e+00 -3.029240287229128525e-01 1.489867877373289573e-01
8.127394508446911914e+00 -3.024868115260455625e-01 1.487702696810467851e-01
8.117692045843497795e+00 -3.020323311212282369e-01 1.485499545585313164e-01
8.108067020494303279e+00 -3.015676091922152025e-01 1.483245438062855415e-01
8.098469894246846934e+00 -3.010798682545597904e-01 1.480935005231502344e-01
8.088962127850537698e+00 -3.005733247843115352e-01 1.478555019297923823e-01
8.079447920823660922e+00 -3.000458759655808549e-01 1.476117834587026834e-01
8.070034678016007490e+00 -2.995065285562288904e-01 1.473628411309046149e-01
8.060661888214490034e+00 -2.989585555145338192e-01 1.471139071762757045e-01
8.051301923227111246e+00 -2.984068292123265298e-01 1.468652804484912033e-01
8.041974506598146277e+00 -2.978494735951475736e-01 1.466124948213455292e-01
8.032700701312357694e+00 -2.972842312499013318e-01 1.463570083339097716e-01
8.023436379705385590e+00 -2.967125748587146061e-01 1.460986053585551503e-01
8.014215191046556441e+00 -2.961376050188574971e-01 1.458384662202191207e-01
8.005070916060169850e+00 -2.955624475499828985e-01 1.455772385970742766e-01
7.995958965079018377e+00 -2.949885822359847865e-01 1.453143360999694100e-01
7.986830572028739361e+00 -2.944207892892134470e-01 1.450512318667946943e-01
7.977732334242245038e+00 -2.938608043025876526e-01 1.447910731711482824e-01
7.968667543649045726e+00 -2.933161027711692626e-01 1.445346719781338829e-01
7.959667223331369001e+00 -2.927799853754534665e-01 1.442789711991296353e-01
7.950627400281547352e+00 -2.922489181654908119e-01 1.440232209639811800e-01
7.941652454743535650e+00 -2.917295118428545053e-01 1.437680814512602712e-01
7.932722299898274265e+00 -2.912142013669925533e-01 1.435142147965841608e-01
7.923816825097942385e+00 -2.907061340616085010e-01 1.432617551805210332e-01
7.914915898539456762e+00 -2.902130512965859221e-01 1.430097685366807092e-01
7.905999370053031328e+00 -2.897288298508048365e-01 1.427597210440883224e-01
7.897118085508104457e+00 -2.892614800031836353e-01 1.425137426314724842e-01
7.888198857668299979e+00 -2.888192682500846376e-01 1.422726841017606936e-01
7.879345519389032049e+00 -2.883876098054922732e-01 1.420336385614680563e-01
7.870479348198323954e+00 -2.879659507074241453e-01 1.417958628579914226e-01
7.861660566918589055e+00 -2.875548050123382660e-01 1.415596761744657983e-01
7.852837676083732177e+00 -2.871531820492202458e-01 1.413256558515103012e-01
7.844025053247164259e+00 -2.867605773480025877e-01 1.410933786853471039e-01
7.835247132866059339e+00 -2.863766752645211522e-01 1.408629888587437373e-01
7.826475126079576405e+00 -2.860010888830041842e-01 1.406347882451811082e-01
7.817743920079830211e+00 -2.856400409883607105e-01 1.404109027687876765e-01
7.808983632974888955e+00 -2.853009329163727625e-01 1.401913484549571209e-01
7.800290127850179722e+00 -2.849667620914731470e-01 1.399742032847629547e-01
7.791554501994321313e+00 -2.846351432167443796e-01 1.397582891888063394e-01
7.782848096779804159e+00 -2.843058671875483556e-01 1.395442326486813212e-01
7.774095586536230229e+00 -2.839766666740951018e-01 1.393316315348566148e-01
7.765380485199907312e+00 -2.836464514114139801e-01 1.391201550829342937e-01
7.756640551978062348e+00 -2.833125928799866688e-01 1.389103327778201946e-01
7.747930730587355264e+00 -2.829727576134722367e-01 1.387024991400199470e-01
7.739203812040049257e+00 -2.826310675715671406e-01 1.384958196333352654e-01
7.730443902738462825e+00 -2.822983441542670779e-01 1.382938701922313274e-01
7.721699235282799556e+00 -2.819535728431151744e-01 1.380925722412442158e-01
7.712949910361305506e+00 -2.815941991137930200e-01 1.378914646631746177e-01
7.704176056267455941e+00 -2.812172685556264540e-01 1.376912104298020911e-01
7.695357828498824659e+00 -2.808208878598778546e-01 1.374914130247514576e-01
7.686528160444094482e+00 -2.804029621599288813e-01 1.372917685563684875e-01
7.677655212877048996e+00 -2.799656524362603705e-01 1.370927935146801224e-01
7.668764901337624451e+00 -2.795110783578559910e-01 1.368928099598351322e-01
7.659875831538925262e+00 -2.790464617697613892e-01 1.366942577355416133e-01
7.650998778722487792e+00 -2.785879855450270615e-01 1.364963110870417995e-01
7.642096542757793820e+00 -2.781189360927172616e-01 1.362982305440063602e-01
7.633184873340071341e+00 -2.776400760122489375e-01 1.360997430254671514e-01
7.624318157635771698e+00 -2.771535795701738913e-01 1.359005761252925215e-01
7.615486158097540148e+00 -2.766620654579685645e-01 1.357008818911214221e-01
7.606628071842262528e+00 -2.761665171919328032e-01 1.355003657655356464e-01
7.597811131459621059e+00 -2.756686107818085429e-01 1.352995310814333885e-01
7.589021963538449711e+00 -2.751694849634218620e-01 1.350980752037555244e-01
7.580306062585688842e+00 -2.746719538962956730e-01 1.348955669383242739e-01
7.571617822374073548e+00 -2.741954749247513257e-01 1.346923184395242556e-01
7.562937496935398407e+00 -2.737209499276503921e-01 1.344887119290754940e-01
7.554350917984606006e+00 -2.732498442900975766e-01 1.342837416059718958e-01
7.545750991626269943e+00 -2.727820322921031271e-01 1.340774715666082362e-01
7.537184562132411614e+00 -2.723187469733684418e-01 1.338701999857248304e-01
7.528691381186682463e+00 -2.718600125058230343e-01 1.336616538836231938e-01
7.520185583085936543e+00 -2.714063454116624752e-01 1.334527227990465470e-01
7.511790967332657942e+00 -2.709582664037360478e-01 1.332424553789962884e-01
7.503348603371234660e+00 -2.705169005489783118e-01 1.330315634480923603e-01
7.495092644376418534e+00 -2.701003130562485421e-01 1.328193865106004345e-01
7.486825293691503624e+00 -2.696900828566760056e-01 1.326062107172421289e-01
7.478610281698514051e+00 -2.692855203707757994e-01 1.323922504321719262e-01
7.470437286372369812e+00 -2.688871741616154498e-01 1.321772282032488144e-01
7.462295967475493619e+00 -2.684948602662484141e-01 1.319620174038926563e-01
7.454175966288705268e+00 -2.681086515042523932e-01 1.317458434969358272e-01
7.446066905582886086e+00 -2.677282959851645661e-01 1.315291628352515396e-01
7.438024130960873670e+00 -2.673530616612375121e-01 1.313123546187511259e-01
7.429988216850428095e+00 -2.669837815771196055e-01 1.310958743166517615e-01
7.422068932981794376e+00 -2.666345010616775202e-01 1.308785462436256042e-01
7.414137767416328018e+00 -2.662899104029899378e-01 1.306616437966632016e-01
7.406256051044094235e+00 -2.659489172747579455e-01 1.304454428241572927e-01
7.398413308416238010e+00 -2.656108418415488170e-01 1.302309850615849529e-01
7.390558475113792269e+00 -2.652747561682630706e-01 1.300179824361849257e-01
7.382679736951280880e+00 -2.649398381189316254e-01 1.298071214540295337e-01
7.374808480839751823e+00 -2.646059145817002412e-01 1.295989505949866616e-01
7.366999330731397677e+00 -2.642717070259416601e-01 1.293931799260797932e-01
7.359120644087043139e+00 -2.639371361533922045e-01 1.291909855009629737e-01
7.351266553712696883e+00 -2.636126136125506725e-01 1.289889344458357012e-01
7.343400977013206266e+00 -2.632864163597825047e-01 1.287906022390543637e-01
7.335533761835796085e+00 -2.629567174614159120e-01 1.285968053379794585e-01
7.327583856604476864e+00 -2.626223021947396430e-01 1.284075700862035707e-01
7.319618531368473846e+00 -2.622819521603966253e-01 1.282231936006935635e-01
7.311579219792206707e+00 -2.619361768262862822e-01 1.280446160289740454e-01
7.303524824165640972e+00 -2.615842905481441383e-01 1.278711922216392016e-01
7.295430303617151502e+00 -2.612267013712711861e-01 1.277016548720650291e-01
7.287274732137062117e+00 -2.608637837126945302e-01 1.275368774702528296e-01
7.279122922812470087e+00 -2.605038162632318244e-01 1.273710989408216865e-01
7.271008896156760493e+00 -2.601406694492048866e-01 1.272080514103430260e-01
7.262849552709538692e+00 -2.597728887810112908e-01 1.270464048615663755e-01
7.254681371620574915e+00 -2.594009746471729883e-01 1.268862033614486240e-01
7.246490421324413234e+00 -2.590248652460515055e-01 1.267272699344334230e-01
7.238322146114457567e+00 -2.586452156319625773e-01 1.265689511874771300e-01
7.230144024420247284e+00 -2.582621700277773491e-01 1.264104161060298492e-01
7.221984590716815866e+00 -2.578758738768389125e-01 1.262516671109316924e-01
7.213830653443792151e+00 -2.574879152767831081e-01 1.260912191407556060e-01
7.205717304256020306e+00 -2.571002521895368043e-01 1.259269834719982661e-01
7.197633507365456929e+00 -2.567120582883133384e-01 1.257585934297634211e-01
7.189599153319726987e+00 -2.563210550837831114e-01 1.255889597106373545e-01
7.181544474372995701e+00 -2.559273105137897519e-01 1.254175063314977023e-01
7.173517755476554569e+00 -2.555344873767856906e-01 1.252444327780515010e-01
7.165514796352934646e+00 -2.551387878927669495e-01 1.250697317875617276e-01
7.157573599916201346e+00 -2.547420523547526128e-01 1.248929420568971882e-01
7.149664406457690191e+00 -2.543402306792730827e-01 1.247151096023114830e-01
7.141721502687247813e+00 -2.539472139509655335e-01 1.245354902191751628e-01
7.133928847219639380e+00 -2.535485133769618260e-01 1.243515547461550852e-01
7.126133593566602364e+00 -2.531469786320742488e-01 1.241637025638818448e-01
7.118393722771776844e+00 -2.527507151178344236e-01 1.239740097739858993e-01
7.110685184441789985e+00 -2.523509745588449760e-01 1.237828872072722214e-01
7.102991400353924512e+00 -2.519527745588631129e-01 1.235899817457567496e-01
7.095370841743393164e+00 -2.515564896378381654e-01 1.233951159978926015e-01
7.087774972661629924e+00 -2.511626888993635509e-01 1.231991411379176338e-01
7.080173683523501182e+00 -2.507700920327524674e-01 1.230024640091275934e-01
7.072573007615135410e+00 -2.503808878839594576e-01 1.228047810497010506e-01
7.065091737153137430e+00 -2.499906991176437110e-01 1.226032699726607444e-01
7.057637227587955309e+00 -2.496024638359742587e-01 1.223999759048734204e-01
7.050153216791033906e+00 -2.492165047850122273e-01 1.221966853242104772e-01
7.042755368389507886e+00 -2.488388453995679928e-01 1.219937968372570292e-01
7.035388476824033788e+00 -2.484621694755032861e-01 1.217917069902149929e-01
7.028012888306583328e+00 -2.480914115564846478e-01 1.215903527411233004e-01
7.020589773095262665e+00 -2.477261068778525421e-01 1.213907555185744919e-01
7.013249442276458190e+00 -2.473675043056674239e-01 1.211927972960059330e-01
7.005844162924376839e+00 -2.470134902543578981e-01 1.209962943385443218e-01
6.998501128653450643e+00 -2.466639986440534449e-01 1.208004690218372340e-01
6.991162756700030734e+00 -2.463228515465490376e-01 1.206047273311131596e-01
6.983807216623681313e+00 -2.459878574141202978e-01 1.204138945609330574e-01
6.976469314245896669e+00 -2.456597860875114059e-01 1.202272330261858757e-01
6.969106126551584346e+00 -2.453497268556457667e-01 1.200461046207998289e-01
6.961699208956241947e+00 -2.450485583987079830e-01 1.198712147113945720e-01
6.954290758199122457e+00 -2.447557898124209375e-01 1.197019194879680448e-01
6.946881131365902462e+00 -2.444747591900111872e-01 1.195379850471516153e-01
6.939443281477657877e+00 -2.442045752899240918e-01 1.193781540691929571e-01
6.932062004916099696e+00 -2.439351578459210690e-01 1.192206889851080004e-01
6.924618934982000873e+00 -2.436598203323993017e-01 1.190628883570234303e-01
6.917237762019717628e+00 -2.433954254538661932e-01 1.189082224260684800e-01
6.909833073366950629e+00 -2.431256205442163254e-01 1.187558283868172526e-01
6.902392128273172389e+00 -2.428550632918280161e-01 1.186048408818081018e-01
6.894982636118856867e+00 -2.425848235850094348e-01 1.184552827228128741e-01
6.887565261100908387e+00 -2.423162965437481720e-01 1.183077334541593334e-01
6.880115431290446892e+00 -2.420416589512222882e-01 1.181604820328758798e-01
6.872715591011333558e+00 -2.417600038566378173e-01 1.180141316995899775e-01
6.865332351613487205e+00 -2.414769437597636126e-01 1.178660338179563227e-01
6.857909159077108185e+00 -2.411831568910456636e-01 1.177156761284790520e-01
6.850558782862304241e+00 -2.408795380991766155e-01 1.175651388601711145e-01
6.843179510591619774e+00 -2.405681871992667586e-01 1.174140919020288387e-01
6.835847753893270706e+00 -2.402512121442837156e-01 1.172625574792708902e-01
6.828532890652151188e+00 -2.399263363237287838e-01 1.171095421525553404e-01
6.821149379693546067e+00 -2.395962219323677644e-01 1.169556710352741419e-01
6.813852877053863111e+00 -2.392608250010107851e-01 1.168008298230772263e-01
6.806542299378717686e+00 -2.389124001490129934e-01 1.166448176435219697e-01
6.799173996931365593e+00 -2.385621493769681523e-01 1.164865662159688120e-01
6.791923482279667468e+00 -2.381922553829068090e-01 1.163239761369702918e-01
6.784651078382440303e+00 -2.378135725688228230e-01 1.161614042921426948e-01
6.777415057766722484e+00 -2.374282641617164180e-01 1.159979644594706510e-01
6.770165049187204076e+00 -2.370420113224967484e-01 1.158334733990275672e-01
6.762957722677380268e+00 -2.366495409466320143e-01 1.156685892367610574e-01
6.755750758014485768e+00 -2.362542790393360181e-01 1.155029003589038983e-01
6.748538928876302911e+00 -2.358582069759653510e-01 1.153367163772438392e-01
6.741366588075814015e+00 -2.354573090639425770e-01 1.151697730326608493e-01
6.734248927329171686e+00 -2.350505499707271073e-01 1.150005096603071569e-01
6.727119734626882064e+00 -2.346307957758793361e-01 1.148288174666903388e-01
6.719997805400897306e+00 -2.342073063190560911e-01 1.146564407334608321e-01
6.712942755522088412e+00 -2.337914822250879987e-01 1.144830268039656179e-01
6.705869221179133532e+00 -2.333760791180592709e-01 1.143096741176604370e-01
6.698820008476644716e+00 -2.329645973971725681e-01 1.141362007316591570e-01
6.691802706051070082e+00 -2.325594862767465243e-01 1.139622691571461066e-01
6.684751343178603200e+00 -2.321550480710334874e-01 1.137883903000401348e-01
6.677746749878863852e+00 -2.317605610567642915e-01 1.136146786112817164e-01
6.670824697213650012e+00 -2.313804681924623852e-01 1.134401764091502868e-01
6.663844378744345320e+00 -2.309903741787184273e-01 1.132655970356648001e-01
6.656939866312488796e+00 -2.306194980082034995e-01 1.130911422496188729e-01
6.650030049534358056e+00 -2.302600467412718177e-01 1.129181347992529866e-01
6.643190543413865612e+00 -2.299143918738837666e-01 1.127460442322675838e-01
6.636320723790427145e+00 -2.295911079814693667e-01 1.125753756279555262e-01
6.629480507980328063e+00 -2.292842683227788447e-01 1.124065576041056724e-01
6.622719074075054557e+00 -2.289921610568527444e-01 1.122383285684395438e-01
6.615911906501268369e+00 -2.287130587309104679e-01 1.120712867279542863e-01
6.609168438099711551e+00 -2.284366969445240092e-01 1.119049620092451153e-01
6.602357703131980671e+00 -2.281628037018695598e-01 1.117379425598487297e-01
6.595570439211170033e+00 -2.278949417414454781e-01 1.115721380025343351e-01
6.588815490249035456e+00 -2.276289749804589757e-01 1.114064835560981542e-01
6.582068378428240329e+00 -2.273728672769337322e-01 1.112421955103198995e-01
6.575280609609869487e+00 -2.271190606988687521e-01 1.110791786857653202e-01
6.568510715383631293e+00 -2.268706845964849617e-01 1.109178336255331604e-01
6.561750608797490614e+00 -2.266241917719448440e-01 1.107573145279645704e-01
6.554976338555282389e+00 -2.263810413384617637e-01 1.105988485059787585e-01
6.548270974240005593e+00 -2.261418080805175090e-01 1.104415869987345478e-01
6.541478528914944413e+00 -2.258824836039052264e-01 1.102854338536526368e-01
6.534698245998042054e+00 -2.256290096589493588e-01 1.101310171428883378e-01
6.527914464871413358e+00 -2.253695642555327561e-01 1.099779862365412031e-01
6.521135258896099351e+00 -2.251121689212674248e-01 1.098258972783578286e-01
6.514362550056991275e+00 -2.248490880592759200e-01 1.096748084045209293e-01
6.507553992773727813e+00 -2.245832807059385539e-01 1.095250890677107736e-01
6.500744163006152654e+00 -2.243112188719538491e-01 1.093763076174581461e-01
6.493973843934424117e+00 -2.240406941562501641e-01 1.092283308898821387e-01
6.487129613317313748e+00 -2.237600479745988913e-01 1.090820243667230405e-01
6.480327135212325729e+00 -2.234674363277948939e-01 1.089369916412164796e-01
6.473523428196410023e+00 -2.231669832737367132e-01 1.087935702917326580e-01
6.466704461164288986e+00 -2.228652221472298689e-01 1.086511000663376997e-01
6.459844221750506321e+00 -2.225601806301992225e-01 1.085097931203570648e-01
6.453009842328141232e+00 -2.222498885662463342e-01 1.083693302857686031e-01
6.446209891793365898e+00 -2.219323792756910108e-01 1.082295909993715027e-01
6.439396248877480744e+00 -2.216113579941365042e-01 1.080900117720614839e-01
6.432543460738709307e+00 -2.212882672849722232e-01 1.079510970581254586e-01
6.425733086503718994e+00 -2.209538539086562947e-01 1.078122280627021312e-01
6.418882213318937602e+00 -2.206102408457370490e-01 1.076741224534358832e-01
6.412027866426612377e+00 -2.202585169533127218e-01 1.075366678529447173e-01
6.405235667642258157e+00 -2.199060478702475896e-01 1.073987961216381626e-01
6.398446731058982095e+00 -2.195509237421510162e-01 1.072606690376366745e-01
6.391669492226505156e+00 -2.191952159462323690e-01 1.071223266685881054e-01
6.384912373149528975e+00 -2.188373471818182980e-01 1.069835827637853204e-01
6.378183783084523384e+00 -2.184823806968224924e-01 1.068447089757529889e-01
6.371492119335969484e+00 -2.181289499409095334e-01 1.067042637143821443e-01
6.364845768040497731e+00 -2.177725691560418730e-01 1.065630110655968188e-01
6.358221389534148393e+00 -2.174118576765430022e-01 1.064210686648557613e-01
6.351590094072113502e+00 -2.170528532091520468e-01 1.062780333662619175e-01
6.345074434173117339e+00 -2.167013049060376173e-01 1.061331171071264040e-01
6.338546877699782200e+00 -2.163486281022678481e-01 1.059854861567033624e-01
6.332053131983376382e+00 -2.160006238867973050e-01 1.058347126193959625e-01
6.325644483810136443e+00 -2.156646446815770057e-01 1.056816550155233181e-01
6.319318922962938956e+00 -2.153264096793859328e-01 1.055260636411872038e-01
6.312947135051866887e+00 -2.149947974939128148e-01 1.053687043007003055e-01
6.306688588040979759e+00 -2.146675599720106464e-01 1.052099498018371493e-01
6.300408980611169163e+00 -2.143424949319981676e-01 1.050520018275676593e-01
6.294115385652727213e+00 -2.140190851606264544e-01 1.048942246118614724e-01
6.287872623436986608e+00 -2.136931405737313161e-01 1.047351051215504730e-01
6.281640400916923106e+00 -2.133752333566439063e-01 1.045758913773389837e-01
6.275400055487968309e+00 -2.130622310131019825e-01 1.044163795884770901e-01
6.269185198708502327e+00 -2.127463368360103801e-01 1.042565623907308198e-01
6.262961149652007009e+00 -2.124364814182580496e-01 1.040969039940536911e-01
6.256744529388389431e+00 -2.121276673110548960e-01 1.039369925481461593e-01
6.250517254299498227e+00 -2.118183651915248877e-01 1.037778445192106408e-01
6.244237278547788428e+00 -2.115122459285506684e-01 1.036213435089500395e-01
6.237985117506759991e+00 -2.112085441280314169e-01 1.034664520212770222e-01
6.231718105001132102e+00 -2.109059470863692276e-01 1.033126319632223233e-01
6.225473588297930405e+00 -2.106042718793498247e-01 1.031604783797635538e-01
6.219188486302471119e+00 -2.103102411163761676e-01 1.030098322523967797e-01
6.212906738212030433e+00 -2.100167465540535294e-01 1.028602400463556610e-01
