# cl_TT                  cl_TE                    cl_EE
8.380999206540651585e+02 1.885994989179060832e+00 8.451327124945076652e-03
7.390753908723447694e+02 2.339961225708553361e+00 1.954709102462117223e-02
6.908956626361043618e+02 2.600032492355643043e+00 3.226674164066749284e-02
6.631040705578739107e+02 2.701428814976989390e+00 4.344812858905955366e-02
6.456904032127621349e+02 2.684849628947805655e+00 5.075780145909628699e-02
6.345344542741069063e+02 2.587686240521153369e+00 5.313375972205560543e-02
6.277206363418889623e+02 2.440643293750039966e+00 5.076881636028099387e-02
6.242402067572927535e+02 2.267092087001156830e+00 4.478276553584929764e-02
6.230572775787724140e+02 2.085237953967621571e+00 3.675999060134317598e-02
6.237941679771505505e+02 1.907104076257153391e+00 2.830978387005808269e-02
6.263991001800535514e+02 1.739679191281176873e+00 2.073546279855063845e-02
6.302854781638575332e+02 1.588632079192853874e+00 1.484762454217721829e-02
6.348856710711335154e+02 1.459235033578338392e+00 1.093041354414820560e-02
6.402645300949016018e+02 1.355375268632247776e+00 8.831484098466658994e-03
6.465972470741421603e+02 1.278621657636674902e+00 8.121905615784829821e-03
6.537625711077135975e+02 1.229168704772228615e+00 8.271256402912560354e-03
6.608015337068101189e+02 1.204760724801328786e+00 8.788989478525729981e-03
6.692828193417933562e+02 1.207659190496214840e+00 9.335877236020636433e-03
6.777723227924186631e+02 1.231725529652975881e+00 9.717191633844208046e-03
6.859160167559706451e+02 1.274367414629141937e+00 9.946209850574361938e-03
6.942265991417137911e+02 1.333636562036706330e+00 1.009067839255421532e-02
7.029271053234044757e+02 1.402949232511881306e+00 1.029168108753387989e-02
7.115648913733562040e+02 1.480394620747205181e+00 1.070190624919595962e-02
7.202350873426968292e+02 1.564426005826626609e+00 1.141856222652691370e-02
7.289528131795576655e+02 1.647314794705095231e+00 1.248356051687016764e-02
7.376570001251614030e+02 1.730800571186719372e+00 1.386126145578547332e-02
7.465709829936163260e+02 1.807489591439029208e+00 1.550507891137655088e-02
7.550676772201067024e+02 1.883866777664517933e+00 1.734767439598577238e-02
7.638349756656848513e+02 1.952027586832979056e+00 1.931973238820526226e-02
7.723600045600787780e+02 2.013226668303876199e+00 2.136112905920179231e-02
7.808369343843070283e+02 2.068845981975901971e+00 2.348400570462623113e-02
7.894996231045325885e+02 2.115104728426003167e+00 2.570145726503289887e-02
7.979303428192037018e+02 2.156892335462124333e+00 2.805540391100028522e-02
8.064017175018616399e+02 2.191175931630615192e+00 3.060335280294016608e-02
8.147724923472757155e+02 2.219715336434287423e+00 3.338725166057809196e-02
8.230712658440490941e+02 2.243362436829455575e+00 3.645314406168924382e-02
8.313543501221986389e+02 2.262459904518384413e+00 3.983491506525175391e-02
8.395480121901492794e+02 2.277673795141270663e+00 4.351263543308792059e-02
8.475947591857780026e+02 2.290161621739194242e+00 4.745887757561142312e-02
8.555033053305513704e+02 2.299609461921565234e+00 5.165290866352276189e-02
8.634064012849271421e+02 2.304828564849638717e+00 5.610543940460319817e-02
8.713444426459002443e+02 2.304827591611136928e+00 6.083605682162046557e-02
8.792707116482429228e+02 2.300010282874444201e+00 6.582869415647121802e-02
8.871352156552514998e+02 2.290157105282343952e+00 7.107445550099661391e-02
8.949190858855213264e+02 2.274901001284585611e+00 7.656779951720313337e-02
9.026547285595619314e+02 2.253041842055154120e+00 8.231641833488975712e-02
9.103532849651107881e+02 2.223669078516971709e+00 8.832866030805328061e-02
9.179707062730707321e+02 2.186459394598517569e+00 9.460980096857835031e-02
9.254885220262237908e+02 2.140570380969788467e+00 1.011629675674899642e-01
9.329256141965395273e+02 2.084711241338489174e+00 1.079913560543736273e-01
9.403711440498690308e+02 2.018252596297582802e+00 1.150891021324762231e-01
9.479388846987318402e+02 1.940616385753886508e+00 1.224485033363671010e-01
9.555999301041640592e+02 1.851839387918876367e+00 1.300656800811572922e-01
9.632329658444313054e+02 1.752462930804906671e+00 1.379384577013363644e-01
9.707903776924457588e+02 1.643040805450298292e+00 1.460670863684822851e-01
9.783109307558128194e+02 1.523491818171416101e+00 1.544653746499937141e-01
9.858088937666905167e+02 1.394437811092152479e+00 1.631292625610315239e-01
9.933131021064822335e+02 1.255759355095070973e+00 1.720695721589761695e-01
1.000844761302948996e+03 1.107325980251550490e+00 1.812970878612837622e-01
1.008436704561521424e+03 9.490625505733290002e-01 1.908196367415365136e-01
1.016073719162492011e+03 7.814608786902657034e-01 2.006306013790292997e-01
1.023732022958088464e+03 6.051634005153008200e-01 2.107217499541580163e-01
1.031383395487335292e+03 4.207897675594373665e-01 2.210846417234145767e-01
1.039004951515250468e+03 2.288121728724869797e-01 2.317127109117826933e-01
1.046591434052766772e+03 2.928120602659374169e-02 2.426025701035981474e-01
1.054243118367011675e+03 -1.789062930494615677e-01 2.537557749231109661e-01
1.062066004075928277e+03 -3.969359642845565750e-01 2.651733902669223264e-01
1.070056818723471679e+03 -6.248969211429632464e-01 2.768503081004798916e-01
1.078179114912189789e+03 -8.625281058202396434e-01 2.887841842272716453e-01
1.086345413182373704e+03 -1.109326854831754972e+00 3.009667563844437010e-01
1.094442812807713608e+03 -1.364077910438218577e+00 3.133820723555947874e-01
1.102502445538198117e+03 -1.627287850078690701e+00 3.260213502489995863e-01
1.110606186726785609e+03 -1.899798896426714734e+00 3.388765321310125422e-01
1.118810093854064462e+03 -2.182443268647664247e+00 3.519395621289267417e-01
1.127136721473724720e+03 -2.475428546545173525e+00 3.652027678437571589e-01
1.135584400534175302e+03 -2.778495899577771322e+00 3.786576132890263069e-01
1.144145573232518018e+03 -3.091231394121072729e+00 3.922946949058664923e-01
1.152821330092076323e+03 -3.413289380871990186e+00 4.061045667594593844e-01
1.161614280152547735e+03 -3.744248095955249322e+00 4.200790469929707172e-01
1.170513343519942964e+03 -4.083700587898343670e+00 4.342096657503681789e-01
1.179494669066822098e+03 -4.431355954794953256e+00 4.484918077484751908e-01
1.188562793868802146e+03 -4.787001601988793986e+00 4.629221965887139745e-01
1.197729070788968329e+03 -5.150776085841026308e+00 4.774930288601806350e-01
1.207005794981137797e+03 -5.522423220176611025e+00 4.921981725705957267e-01
1.216390195640778302e+03 -5.901712195686436679e+00 5.070293727601355993e-01
1.225894108039085722e+03 -6.288282956066653995e+00 5.219762626737423084e-01
1.235514229481075972e+03 -6.681937376001318540e+00 5.370288715726122541e-01
1.245258448351363540e+03 -7.082240681970668916e+00 5.521751591138223114e-01
1.255119763419642823e+03 -7.488819291212577056e+00 5.674039686825013140e-01
1.265102190252034461e+03 -7.901337242932557459e+00 5.827027536121089923e-01
1.275202540416388956e+03 -8.319563701023025004e+00 5.980576120420246777e-01
1.285426282112528725e+03 -8.743260342689410436e+00 6.134566263566890720e-01
1.295782027399286108e+03 -9.172188935450312997e+00 6.288868461724076431e-01
1.306274171443946443e+03 -9.606294864371674791e+00 6.443278330337454118e-01
1.316896721158036144e+03 -1.004514541007717554e+01 6.597761969875354238e-01
1.327653298086152517e+03 -1.048857256268427562e+01 6.752069526134760746e-01
1.338550737848184326e+03 -1.093621806031424448e+01 6.906024990406236519e-01
1.349585361442109615e+03 -1.138763301031067776e+01 7.059498262543835168e-01
1.360747759237910032e+03 -1.184267963186401040e+01 7.212475548862118391e-01
1.372032865183488184e+03 -1.230101135250736100e+01 7.364761641527797220e-01
1.383449760928244359e+03 -1.276228308159302571e+01 7.516255719172180161e-01
1.394990673095090415e+03 -1.322631847227339819e+01 7.666784094871056388e-01
1.406657394060639945e+03 -1.369277590396382749e+01 7.816294606228372244e-01
1.418453233034307459e+03 -1.416134901682826630e+01 7.964654694723688477e-01
1.430376497974206814e+03 -1.463179954221530110e+01 8.111677386912394816e-01
1.442425500102113119e+03 -1.510381239916450546e+01 8.257322347208886359e-01
1.454604179012945906e+03 -1.557715145753586228e+01 8.401515583151666355e-01
1.466913722649308511e+03 -1.605151921046877561e+01 8.544053536741641475e-01
1.479345663115662319e+03 -1.652656669380850829e+01 8.684893214910467396e-01
1.491903264836310655e+03 -1.700199779675140732e+01 8.823870916298363065e-01
1.504589517774419392e+03 -1.747692438907618140e+01 8.960674232096853542e-01
1.517398902567912046e+03 -1.795100615419884704e+01 9.095160075394712607e-01
1.530320306849305780e+03 -1.842419209797725799e+01 9.227313003803374603e-01
1.543358584013597920e+03 -1.889601959128143704e+01 9.356993032013073419e-01
1.556509027123611304e+03 -1.936607556733288504e+01 9.484038606821052486e-01
1.569766364991999808e+03 -1.983404851176266348e+01 9.608359577165780374e-01
1.583130324155829157e+03 -2.029953155394186481e+01 9.729815933879800705e-01
1.596593705265864401e+03 -2.076214444775974499e+01 9.848296384544308335e-01
1.610158872982201501e+03 -2.122156049474355299e+01 9.963682461160484616e-01
1.623822356890156925e+03 -2.167735765384788849e+01 1.007584172625356267e+00
1.637572895564293049e+03 -2.212918854063607199e+01 1.018467724841552791e+00
1.651417828676225099e+03 -2.257671130977112384e+01 1.029015944103256031e+00
1.665346048963572684e+03 -2.301962345549645761e+01 1.039212413830486792e+00
1.679359069706893251e+03 -2.345750037758972084e+01 1.049065204471126833e+00
1.693446599194359806e+03 -2.388930087093037358e+01 1.058525862502752712e+00
1.707613080433853156e+03 -2.431496264863291401e+01 1.067610748145669586e+00
1.721849339377972456e+03 -2.473459406706369990e+01 1.076321596036130757e+00
1.736151277139308377e+03 -2.514796387526632060e+01 1.084658933646404089e+00
1.750515671590579359e+03 -2.555467557105206922e+01 1.092605093904335023e+00
1.764946810658947015e+03 -2.595433960450777633e+01 1.100153370613796033e+00
1.779432174223017682e+03 -2.634655513830275453e+01 1.107294747641901944e+00
1.793974260154713647e+03 -2.673093574158266605e+01 1.114010715939179219e+00
1.808566565910571171e+03 -2.710715011463954482e+01 1.120297538023252937e+00
1.823204947571016646e+03 -2.747472774119156469e+01 1.126141133560887742e+00
1.837873994040578509e+03 -2.783338816205858990e+01 1.131536841925049997e+00
1.852563734622972106e+03 -2.818267197525218748e+01 1.136483729300953316e+00
1.867265787030526553e+03 -2.852225168116452991e+01 1.140971303699611639e+00
1.881969515882897895e+03 -2.885174404624175182e+01 1.144994131574228913e+00
1.896652288283098187e+03 -2.916939529596386294e+01 1.148523678352480815e+00
1.911304567406106344e+03 -2.947586738211585811e+01 1.151574820960050038e+00
1.925941481520830166e+03 -2.977130621853667236e+01 1.154152643621442209e+00
1.940556430326870441e+03 -3.005551608631185090e+01 1.156262472282197473e+00
1.955154297113198027e+03 -3.032836536964283880e+01 1.157904538019827179e+00
1.969739649816326164e+03 -3.058962070979601222e+01 1.159075354744685482e+00
1.984314494191683025e+03 -3.083915510876263255e+01 1.159778433477978155e+00
1.998875778074235541e+03 -3.107677500584020791e+01 1.160017636973605937e+00
2.013425484038704099e+03 -3.130229554857162810e+01 1.159796262764166475e+00
2.027955997337130611e+03 -3.151542298199161962e+01 1.159110439418476135e+00
2.042451578428898301e+03 -3.171574658867229246e+01 1.157960626602193344e+00
2.056902498960159846e+03 -3.190297874234739339e+01 1.156344000668446004e+00
2.071304528395698981e+03 -3.207664174163714677e+01 1.154271366435827506e+00
2.085638742204026130e+03 -3.223653706209248071e+01 1.151728549334365637e+00
2.099886033852772471e+03 -3.238056467575790265e+01 1.148704194391066968e+00
2.114050348951057913e+03 -3.250986439941121375e+01 1.145219129079043441e+00
2.128130855161638920e+03 -3.262447431571684575e+01 1.141282196866224785e+00
2.142123355024863486e+03 -3.272430913981954603e+01 1.136899566741516265e+00
2.156023658779964535e+03 -3.280910043106801055e+01 1.132074809769931578e+00
2.169824461801668349e+03 -3.287864428556297725e+01 1.126811293780191070e+00
2.183523530947661129e+03 -3.293277349594889358e+01 1.121120532364775935e+00
2.197117999432920442e+03 -3.297133280521157417e+01 1.115008655762203871e+00
2.210595100274319975e+03 -3.299416591819562683e+01 1.108481782708301999e+00
2.223955943536268933e+03 -3.300126484517028302e+01 1.101556533887160683e+00
2.237193839115927858e+03 -3.299252341680524836e+01 1.094239688957212797e+00
2.250301953704871266e+03 -3.296780164823147885e+01 1.086547271396399283e+00
2.263269310503737870e+03 -3.292705526594774312e+01 1.078489689281505015e+00
2.276097553546948802e+03 -3.287018787417951415e+01 1.070072993103581727e+00
2.288752904183683313e+03 -3.279542312443275165e+01 1.061328997232409810e+00
2.301251298906766806e+03 -3.270452540787311335e+01 1.052268250957152151e+00
2.313598345421068188e+03 -3.259762479842542149e+01 1.042903628014327344e+00
2.325787556301138011e+03 -3.247477383357947645e+01 1.033243964242699819e+00
2.337809508293958515e+03 -3.233584327816009818e+01 1.023306573113662798e+00
2.349660936690790095e+03 -3.218060137543691468e+01 1.013101078623212636e+00
2.361334251818903340e+03 -3.200902036377326709e+01 1.002629423181858881e+00
2.372828303734370820e+03 -3.182098618838655568e+01 9.919048939990573466e-01
2.384132388364507733e+03 -3.161643343112224613e+01 9.809412764510158089e-01
2.395242142601633077e+03 -3.139531735789710254e+01 9.697493369166810817e-01
2.406154840219391644e+03 -3.115766783323451961e+01 9.583395623566135502e-01
2.416858199892787979e+03 -3.090332373322128134e+01 9.467240042737760097e-01
2.427344183058024555e+03 -3.063225097340503211e+01 9.349143766010445944e-01
2.437621429089992489e+03 -3.034461381033253602e+01 9.229245250710035320e-01
2.447638833168094607e+03 -3.003869411752941332e+01 9.108137082161761322e-01
2.457438168347704959e+03 -2.971643246490624080e+01 8.985555253800495690e-01
2.467022579117803161e+03 -2.937787449032680698e+01 8.861653605148078761e-01
2.476388799308034322e+03 -2.902311860393509235e+01 8.736570872204528770e-01
2.485526256157663738e+03 -2.865227437928034249e+01 8.610445531270468633e-01
2.494443343001106314e+03 -2.826551376656729531e+01 8.483425411674381245e-01
2.503128902361465862e+03 -2.786296262198979079e+01 8.355664327612215558e-01
2.511568524153287854e+03 -2.744479752556281227e+01 8.227308497834190382e-01
2.519757513459073380e+03 -2.701114935154149421e+01 8.098508572439717668e-01
2.527681369162878127e+03 -2.656226432766520063e+01 7.969416040451606786e-01
2.535336512914806917e+03 -2.609829288543831183e+01 7.840174052032923280e-01
2.542715924848684608e+03 -2.561936012237726956e+01 7.710938382854918283e-01
2.549810577216129786e+03 -2.512577265639559698e+01 7.581888419886001484e-01
2.556642685441192953e+03 -2.461760518544020115e+01 7.453382132982666608e-01
2.563159990616764389e+03 -2.409399598672949239e+01 7.326473466682477120e-01
2.569409801644224444e+03 -2.355632274579409469e+01 7.200760225895309619e-01
2.575403558100510509e+03 -2.300475746905432572e+01 7.076554543735693592e-01
2.581140113179394575e+03 -2.243946477109456339e+01 6.954195607929329892e-01
2.586622454473194011e+03 -2.186062476404853072e+01 6.833988325350383031e-01
2.591840758508563340e+03 -2.126844449680942972e+01 6.716242336385837008e-01
2.596781197199869439e+03 -2.066314781594600447e+01 6.601309013124709857e-01
2.601440437442252005e+03 -2.004490925897363240e+01 6.489429211285969723e-01
2.605810296391827251e+03 -1.941394862417827127e+01 6.380940440911854195e-01
2.609878407648992379e+03 -1.877046729894892607e+01 6.276155916106311849e-01
2.613644232029283103e+03 -1.811476346875036469e+01 6.175315597111844523e-01
2.617094111498110578e+03 -1.744697040346590811e+01 6.078788113455064757e-01
2.620227589122741847e+03 -1.676746681186670074e+01 5.986783956638260795e-01
2.623043033132680648e+03 -1.607632821653728072e+01 5.899797252937827308e-01
2.625507262781263307e+03 -1.537360772572790424e+01 5.818838417707731248e-01
2.627647710129459028e+03 -1.466004338350846048e+01 5.743316711759107740e-01
2.629468362275484196e+03 -1.393600721790134855e+01 5.673453461441478884e-01
2.630968084029367219e+03 -1.320179733736603644e+01 5.609440721432008559e-01
2.632147036082880277e+03 -1.245771132875098530e+01 5.551578871728315434e-01
2.632999405447578738e+03 -1.170407912673038631e+01 5.500039505702231102e-01
2.633530858422141591e+03 -1.094124930314027822e+01 5.454993789046908015e-01
2.633738348504425176e+03 -1.016956135092537394e+01 5.416725276268558043e-01
2.633614369486769647e+03 -9.389400922719740805e+00 5.385421632652210855e-01
2.633166398752472105e+03 -8.601044632041345395e+00 5.361283091343466145e-01
2.632385300558799827e+03 -7.804875049722374669e+00 5.344545697119800209e-01
2.631282094883096306e+03 -7.001301426922844406e+00 5.335250557662983839e-01
2.629852404184591251e+03 -6.190636770986300164e+00 5.333573058693595881e-01
2.628088664962090206e+03 -5.373278514798147221e+00 5.339957032843127838e-01
2.625966309294622988e+03 -4.549880416121196092e+00 5.355487610552587263e-01
2.623516762714718425e+03 -3.720568157380069962e+00 5.379105047921769467e-01
2.620751250177892416e+03 -2.885868426715421542e+00 5.410880729911362597e-01
2.617666396251087917e+03 -2.046116009212429532e+00 5.450936213735599889e-01
2.614264417392776977e+03 -1.201593593218414746e+00 5.499353163985047921e-01
2.610556665439318749e+03 -3.527035975438416737e-01 5.556175499179329957e-01
2.606541065907458233e+03 5.002275712793341489e-01 5.621430521176785655e-01
2.602222799884304095e+03 1.356778542227914830e+00 5.695264061792481014e-01
2.597605854910800645e+03 2.216630195921146296e+00 5.777630551764936229e-01
2.592694215472004998e+03 3.079423111545597891e+00 5.868620869836793652e-01
2.587484567997449631e+03 3.944631599093188612e+00 5.968108518959255315e-01
2.581977565805079848e+03 4.811896239569930955e+00 6.076111551254371745e-01
2.576171792563416147e+03 5.680791909579746779e+00 6.192560875422149502e-01
2.570066835865499797e+03 6.550485074737314228e+00 6.317996591272277973e-01
2.563632288612313459e+03 7.420253425126499991e+00 6.452830708092304191e-01
2.556907048580107130e+03 8.290268094063229398e+00 6.595981431968286346e-01
2.549898528810400876e+03 9.160231849876936394e+00 6.747302761410565175e-01
2.542618403904683873e+03 1.002982549167328052e+01 6.906721654806201594e-01
2.535074532802769681e+03 1.089886238303617993e+01 7.074587504429545870e-01
2.527276350307264693e+03 1.176622814294084840e+01 7.251174125424996175e-01
2.519228028521336455e+03 1.263190072075741455e+01 7.436811924057173950e-01
2.510940232556745286e+03 1.349520898762638055e+01 7.631831334722134486e-01
2.502414442074898034e+03 1.435540617276460118e+01 7.836513118123011878e-01
2.493646627074331718e+03 1.521258620982404786e+01 8.051042469847232708e-01
2.484635268010123582e+03 1.606548511250409561e+01 8.275629814663432171e-01
2.475388402684981884e+03 1.691295785641063532e+01 8.510449847847193494e-01
2.465902307818022109e+03 1.775577243550374718e+01 8.755723869611085064e-01
2.456158003537278546e+03 1.859139254188749391e+01 9.012315558205236110e-01
2.446152312218689531e+03 1.942007245919887026e+01 9.280622745104669669e-01
2.435917348324509476e+03 2.024086524549427679e+01 9.559912984649207024e-01
2.425445545486281844e+03 2.105438182422991744e+01 9.850282777090234587e-01
2.414753688143747240e+03 2.185977202459204349e+01 1.015172957561316647e+00
2.403833771145684295e+03 2.265703959387482413e+01 1.046447007090165249e+00
2.392699643149239364e+03 2.344509366163702779e+01 1.078854343461288945e+00
2.381358921870557879e+03 2.422390652806303635e+01 1.112406195865559333e+00
2.369808446106424526e+03 2.499237394047234062e+01 1.147108737398029321e+00
2.358054607152199424e+03 2.575084957390784623e+01 1.182958143456620315e+00
2.346107801732100143e+03 2.649882660019691016e+01 1.219948134850419530e+00
2.333966255293714767e+03 2.723596988115030015e+01 1.258088107360153307e+00
2.321635512371552977e+03 2.796187295646571158e+01 1.297366932892500824e+00
2.309125936548328809e+03 2.867588814275053011e+01 1.337785300332827498e+00
2.296424183247830115e+03 2.937630725248786234e+01 1.379404031651980445e+00
2.283538812007009255e+03 3.006318525105167083e+01 1.422216139434681059e+00
2.270483595835983579e+03 3.073782632135872817e+01 1.466144559737765585e+00
2.257272320193614632e+03 3.139939849711988273e+01 1.511167082883696722e+00
2.243899617742203191e+03 3.204730716847972616e+01 1.557283086092444035e+00
2.230372591730770182e+03 3.268215466520902623e+01 1.604474985935427922e+00
2.216703642674410730e+03 3.330287072649326063e+01 1.652738262740318209e+00
2.202890021069713839e+03 3.390981784006200428e+01 1.702019784526251689e+00
2.188932965504097865e+03 3.450280244740882551e+01 1.752317433626098708e+00
2.174842718384139062e+03 3.508107104293269884e+01 1.803654278285456325e+00
2.160618333822603745e+03 3.564475179673070215e+01 1.855918069940473814e+00
2.146264215384399904e+03 3.619378095853533495e+01 1.909145854798994790e+00
2.131777259178830263e+03 3.672684790373487118e+01 1.963262300739675448e+00
2.117171168294433755e+03 3.724456135360958342e+01 2.018264693655909436e+00
2.102445889389838158e+03 3.774584025808079701e+01 2.074154052219816080e+00
2.087604927153290191e+03 3.823038877183802953e+01 2.130874421791160156e+00
2.072661797634393679e+03 3.869963911619378649e+01 2.188457585212487455e+00
2.057624757214608053e+03 3.915384948022933287e+01 2.246742791124134886e+00
2.042497345797007711e+03 3.959327809171906409e+01 2.305806165445594580e+00
2.027289694258979807e+03 4.001788703314825568e+01 2.365591882087851872e+00
2.012004933443194432e+03 4.042738119273290209e+01 2.426079133691799505e+00
1.996647203940657391e+03 4.082201883031416401e+01 2.487221941557851146e+00
1.981226513440726421e+03 4.120205818741909809e+01 2.548965638356120333e+00
1.965744434928284136e+03 4.156765877100630036e+01 2.611297487397864714e+00
1.950198931909279736e+03 4.191858523447961460e+01 2.674123146776727467e+00
1.934609719752841329e+03 4.225327086280059774e+01 2.737502728019661991e+00
1.918974487718532600e+03 4.257225428672646217e+01 2.801381497283649491e+00
1.903308176435623182e+03 4.287483798079794894e+01 2.865779422310525515e+00
1.887620070778026957e+03 4.315881735340379066e+01 2.930607308022909141e+00
1.871907448967965593e+03 4.342457069595260322e+01 2.995828215327261290e+00
1.856188037983899676e+03 4.367293437701788861e+01 3.061524575161195028e+00
1.840467827999552583e+03 4.390408923975437006e+01 3.127539838656927973e+00
1.824754958003956062e+03 4.411704428306748582e+01 3.193905628202498015e+00
1.809047446228576291e+03 4.431176455142328763e+01 3.260618078095027794e+00
1.793359942123508745e+03 4.448846378864411122e+01 3.327662925705920482e+00
1.777699146852580043e+03 4.464639923094703988e+01 3.394956839326305431e+00
1.762069626909963517e+03 4.478525270482409582e+01 3.462466152449793722e+00
1.746476810120831942e+03 4.490559079592799208e+01 3.530157275727773492e+00
1.730929345332725006e+03 4.500684560463529493e+01 3.598053405481278944e+00
1.715430697368405390e+03 4.508901813338859199e+01 3.666149353276087375e+00
1.699989329666690764e+03 4.515132635583394460e+01 3.734344382551135766e+00
1.684611013018597305e+03 4.519398394179590639e+01 3.802587638408627235e+00
1.669310681573484771e+03 4.521645269482809226e+01 3.870882532723484371e+00
1.654094305730010774e+03 4.521805458754820251e+01 3.939143640015849268e+00
1.638955512728429767e+03 4.519996202745204528e+01 4.007427881492206190e+00
1.623903377687932789e+03 4.516223095738399707e+01 4.075682512105631261e+00
1.608937891161289599e+03 4.510557387006210206e+01 4.143834564553831257e+00
1.594072076854672787e+03 4.502935617941960089e+01 4.211880620563105637e+00
1.579311799382884601e+03 4.493378184774825002e+01 4.279769206266887949e+00
1.564656129783760662e+03 4.481933146061054174e+01 4.347516827191853395e+00
1.550109053367635397e+03 4.468607494944490099e+01 4.415090888612771991e+00
1.535679730862551651e+03 4.453432003616411805e+01 4.482458869366041654e+00
1.521375457824100749e+03 4.436438644307455093e+01 4.549645443176455473e+00
1.507193963866393460e+03 4.417592984723864902e+01 4.616521150814545393e+00
1.493136971212555181e+03 4.396860521568125790e+01 4.683076486162340402e+00
1.479208448240682173e+03 4.374352935498313144e+01 4.749296375233358347e+00
1.465422490176511928e+03 4.349805173730831598e+01 4.814965670692874511e+00
1.451770349666397806e+03 4.323386899826822116e+01 4.880186196324631354e+00
1.438249648523036512e+03 4.295127813758462310e+01 4.944894204610506883e+00
1.424857330023717850e+03 4.265063125947774836e+01 5.009087457080063643e+00
1.411599896177509891e+03 4.233234428007445871e+01 5.072681084306427834e+00
1.398484150226376414e+03 4.199754094323687070e+01 5.135790682774907800e+00
1.385512243956730117e+03 4.164605265415063684e+01 5.198366570135689813e+00
1.372692991646271366e+03 4.127891751577790558e+01 5.260425786466837117e+00
1.360025641217188195e+03 4.089621646094710172e+01 5.321936668517209590e+00
1.347510314362627469e+03 4.049916124983896992e+01 5.382919808988614996e+00
1.335156691681215761e+03 4.008780395584721390e+01 5.443318872343696491e+00
1.322958864242991240e+03 3.966214295306518522e+01 5.503137809108386236e+00
1.310916335486620937e+03 3.922272401875262204e+01 5.562367249996979623e+00
1.299033022252643377e+03 3.877009194825082972e+01 5.620975790095569025e+00
1.287330772954649774e+03 3.830262807161044236e+01 5.678671502785594960e+00
1.275789717453041931e+03 3.782242843406498878e+01 5.735602197813892467e+00
1.264414311022384936e+03 3.732844508144604845e+01 5.791722153301908982e+00
1.253209626353499971e+03 3.682197504597753834e+01 5.846957523641249210e+00
1.242184297407340637e+03 3.630315556150363676e+01 5.901260435304434893e+00
1.231336851111607530e+03 3.577224973497990135e+01 5.954616129288297088e+00
1.220680679173729004e+03 3.522963768212562741e+01 6.006950858795419457e+00
1.210216088058245077e+03 3.467561460356477454e+01 6.058232847542621258e+00
1.199948325363220647e+03 3.411051981205415728e+01 6.108384133765932589e+00
1.189878337571532711e+03 3.353471539783811295e+01 6.157451210705732869e+00
1.180018661589899239e+03 3.294842912255364098e+01 6.205283596653099920e+00
1.170362989368174567e+03 3.235204523856581460e+01 6.251979778551670641e+00
1.160921660635206536e+03 3.174582213102400630e+01 6.297346946051648686e+00
1.151691498075081427e+03 3.113010007397425483e+01 6.341484349031165202e+00
1.142709833262636948e+03 3.050450478389441500e+01 6.384110980062890128e+00
1.133943144565067314e+03 2.986997487462796030e+01 6.425367566282309539e+00
1.125399457733674808e+03 2.922697492998468505e+01 6.465211563980259868e+00
1.117082462467918049e+03 2.857571433601890831e+01 6.503638635930022005e+00
1.108985610759275914e+03 2.791649712885219969e+01 6.540575162124408592e+00
1.101121598741637399e+03 2.724965863369133956e+01 6.575979197373921892e+00
1.093487705486436198e+03 2.657543759647718318e+01 6.609867386321210070e+00
1.086084361024222744e+03 2.589410326626303771e+01 6.642129285205383482e+00
1.078916819834345915e+03 2.520601982965426657e+01 6.672796782655378678e+00
1.071980781398413001e+03 2.451160358542834317e+01 6.701892189410498801e+00
1.065274063387831120e+03 2.381119046618593060e+01 6.729368202807333610e+00
1.058804054612257232e+03 2.310524276043336656e+01 6.755305039869011985e+00
1.052573908626376124e+03 2.239409455488613787e+01 6.779671403770561433e+00
1.046570307316728531e+03 2.167816422502458451e+01 6.802537607319055546e+00
1.040831128160906246e+03 2.095789123407374888e+01 6.823577303087431822e+00
1.035326459157278805e+03 2.023368091172981664e+01 6.843079796341601906e+00
1.030054150303472852e+03 1.950589053773188297e+01 6.861045293749565843e+00
1.025005794661534082e+03 1.877485517258038072e+01 6.877442606946816639e+00
1.020189835758478353e+03 1.804084024179037016e+01 6.892324684233219756e+00
1.015595738299973050e+03 1.730417461416679004e+01 6.905617359509401254e+00
1.011224617065545431e+03 1.656522418835268695e+01 6.917358705798692498e+00
1.007073321963812077e+03 1.582428164139255244e+01 6.927574209508548186e+00
1.003143584530046951e+03 1.508164804266128556e+01 6.936243523895034180e+00
9.994348973047131039e+02 1.433762097126010104e+01 6.943365894240825398e+00
9.959452734749567071e+02 1.359250048522020826e+01 6.949043119702035476e+00
9.926758902410331302e+02 1.284657395840055827e+01 6.953215003937621042e+00
9.896209927548628684e+02 1.210014323698350225e+01 6.955924897696257325e+00
9.867830339012696186e+02 1.135356791467470039e+01 6.957251579008294939e+00
9.841863393869814445e+02 1.060792775120650155e+01 6.956906397880197268e+00
9.817892355366874426e+02 9.862765037362578369e+00 6.955183275047862601e+00
9.795929632035794157e+02 9.118318736862146778e+00 6.952228472771774470e+00
9.775965915500128176e+02 8.374982820606820866e+00 6.947966798812297284e+00
9.757896395800710252e+02 7.633013861384204013e+00 6.942431664196440977e+00
9.741689426236005147e+02 6.892758619400182418e+00 6.935767868038898776e+00
9.727341896051538015e+02 6.154702398173625966e+00 6.927883247419731383e+00
9.714801371306335795e+02 5.419351191087136144e+00 6.918770250567749969e+00
9.704152609874605560e+02 4.687204920484478343e+00 6.908419791656386089e+00
9.695355173158334310e+02 3.958757601502528978e+00 6.896834746950388784e+00
9.688309543615829398e+02 3.234493802880219704e+00 6.884054301603958592e+00
9.683143319295177207e+02 2.514835549604627296e+00 6.869988459402135206e+00
9.679737950519984224e+02 1.800414131041910393e+00 6.854705150935947344e+00
9.678214765381759435e+02 1.091897028754854615e+00 6.838139195909768375e+00
9.678636938448962610e+02 3.909660206344401923e-01 6.820070586891059605e+00
9.680902672681339709e+02 -3.032375353276201557e-01 6.800682957046257471e+00
9.684898889083419817e+02 -9.901857594741220181e-01 6.780054208526632209e+00
9.690630484007001542e+02 -1.669322107966949353e+00 6.758064246525407270e+00
9.698155738917603230e+02 -2.340226271563437432e+00 6.734716046899189124e+00
9.707377855511596181e+02 -3.002478079757054275e+00 6.710071980052195073e+00
9.718295747779480962e+02 -3.655810522603686330e+00 6.684117801989293284e+00
9.730829647764344372e+02 -4.300033987981165318e+00 6.656934741416221435e+00
9.745004461793445216e+02 -4.934867773632988452e+00 6.628601630637319886e+00
9.760726345158066124e+02 -5.560126825377801119e+00 6.599101519573628671e+00
9.777923824719508730e+02 -6.175483288331288456e+00 6.568440883080466364e+00
9.796648246960269262e+02 -6.780776972664545710e+00 6.536786601263161245e+00
9.816810483598134169e+02 -7.375808466684460996e+00 6.504074989548330521e+00
9.838550770599206317e+02 -7.959649313177944663e+00 6.470266896972782789e+00
9.861779615452935559e+02 -8.531064234465588925e+00 6.435379307157576889e+00
9.886474681775871431e+02 -9.091275961709154529e+00 6.399452269864430498e+00
9.912597399777761211e+02 -9.640117403317677969e+00 6.362577580931321641e+00
9.940109272849421131e+02 -1.017734827654621732e+01 6.324746294595892770e+00
9.968999882715265812e+02 -1.070272802912299603e+01 6.286028524905090009e+00
9.999254487670200433e+02 -1.121611582688274211e+01 6.246402985456983359e+00
1.003078319714128270e+03 -1.171746399206440437e+01 6.205943842913427488e+00
1.006350379651789808e+03 -1.220666525689331472e+01 6.164688680775167740e+00
1.009738656202725565e+03 -1.268355952768047956e+01 6.122681046375902270e+00
1.013237436503331878e+03 -1.314806842845836599e+01 6.079991514863351654e+00
1.016839895680716268e+03 -1.360015990573314326e+01 6.036594860316758293e+00
1.020542243732348084e+03 -1.403977111753823692e+01 5.992631470647795666e+00
1.024340698452113884e+03 -1.446712142676091517e+01 5.948104297915713268e+00
1.028249999135678081e+03 -1.488146148659841650e+01 5.903074537588559600e+00
1.032262841917979358e+03 -1.528202046858197605e+01 5.857548150783338237e+00
1.036369162167982950e+03 -1.567067361899173505e+01 5.811581471226635820e+00
1.040574238922860786e+03 -1.604751780728663846e+01 5.765335568062959659e+00
1.044876434502766642e+03 -1.641259971348403468e+01 5.718799874323946320e+00
1.049262483351145420e+03 -1.676600403941985817e+01 5.672069640918325995e+00
1.053730938837509711e+03 -1.710778656979521628e+01 5.625178071731494533e+00
1.058272964790717197e+03 -1.743801969997693391e+01 5.578158195260419561e+00
1.062884853677273213e+03 -1.775676818196726003e+01 5.531042865292528532e+00
1.067557930537039738e+03 -1.806404220789552184e+01 5.483914522760350962e+00
1.072279476213229373e+03 -1.836004545936690135e+01 5.436840868102839508e+00
1.077060749309876883e+03 -1.864505935266747727e+01 5.389851474949180599e+00
1.081884684633008419e+03 -1.891825180066199152e+01 5.342964700483233464e+00
1.086769080570666574e+03 -1.918126679785114419e+01 5.296338177410815362e+00
1.091693176518798509e+03 -1.943165836175384698e+01 5.250012712207255738e+00
1.096679979126229910e+03 -1.966928240889683011e+01 5.204017353612403696e+00
1.101703963654961626e+03 -1.989552508940597875e+01 5.158450854785573192e+00
1.106780099440315553e+03 -2.011062441945910351e+01 5.113346143669684096e+00
1.111894512552945798e+03 -2.031384461561608745e+01 5.068784619297485250e+00
1.117039103491955530e+03 -2.050549622147552142e+01 5.024780730070337320e+00
1.122211238232456253e+03 -2.068527397843380555e+01 4.981348769084251060e+00
1.127397065782464551e+03 -2.085247633645133902e+01 4.938542380519006514e+00
1.132591710113447334e+03 -2.100723778249408724e+01 4.896465844989000615e+00
1.137789357188541544e+03 -2.114904803402911426e+01 4.855122946632470793e+00
1.142987278427003275e+03 -2.127856638929282340e+01 4.814492605602612940e+00
1.148183622691530218e+03 -2.139514749721631048e+01 4.774710073002472299e+00
1.153380218234162385e+03 -2.149865786929116851e+01 4.735836988739396958e+00
1.158567006061364964e+03 -2.158968589244602398e+01 4.697815125113140589e+00
1.163751434849767065e+03 -2.166692999502972228e+01 4.660849286383268009e+00
1.168936058589371441e+03 -2.173107400526420818e+01 4.624988475118827935e+00
1.174106604249308702e+03 -2.178256012869820779e+01 4.590243608240490047e+00
1.179274245310244396e+03 -2.182185957596878723e+01 4.556539778550800612e+00
1.184419084774870726e+03 -2.184903570946879370e+01 4.524064895660792729e+00
1.189545643548900216e+03 -2.186421678483844033e+01 4.492799737799431981e+00
1.194640131201705117e+03 -2.186749497632372652e+01 4.462812485335692969e+00
1.199700733737356586e+03 -2.185898507301163107e+01 4.434115512485145238e+00
1.204727173642162825e+03 -2.183881057916431701e+01 4.406721100515992084e+00
1.209710721198984857e+03 -2.180715515573675134e+01 4.380742620110445351e+00
1.214657801138678906e+03 -2.176432002331257110e+01 4.356149066547577497e+00
1.219563332437851386e+03 -2.171054358874393486e+01 4.333016932746408756e+00
1.224426842298388465e+03 -2.164616685604341839e+01 4.311405572458559377e+00
1.229252594708785409e+03 -2.157136085727310615e+01 4.291254953829228391e+00
1.234039183915932426e+03 -2.148547528954646424e+01 4.272760463658887176e+00
1.238782972359314499e+03 -2.138888098307105068e+01 4.256007307699981368e+00
1.243484785717403383e+03 -2.128292878041458280e+01 4.240904162265043631e+00
1.248145075924439425e+03 -2.116778526449800779e+01 4.227410415218295192e+00
1.252754894843139255e+03 -2.104382932610199219e+01 4.215603697537693151e+00
1.257315516074917014e+03 -2.091140859869793900e+01 4.205495647437403228e+00
1.261822144466960935e+03 -2.077077349166819431e+01 4.197132878099086639e+00
1.266269978660698371e+03 -2.062223851479609493e+01 4.190536620496692954e+00
1.270658777355467009e+03 -2.046626645570194825e+01 4.185719514285239917e+00
1.274987654343682379e+03 -2.030321650023691049e+01 4.182681440771752079e+00
1.279257421049277809e+03 -2.013364935287554047e+01 4.181512725699548128e+00
1.283478443743956177e+03 -1.995804719460639021e+01 4.182158871863988381e+00
1.287643839700244598e+03 -1.977684316121888841e+01 4.184651962233633782e+00
1.291761436824459224e+03 -1.959049208807407183e+01 4.189036075633912226e+00
1.295819392354971114e+03 -1.939873016458653510e+01 4.195515629899597698e+00
1.299818669134938091e+03 -1.920244466730592237e+01 4.204012017131444345e+00
1.303778973432812563e+03 -1.900258174168131475e+01 4.214428778888626326e+00
1.307683516856821370e+03 -1.879935170545909173e+01 4.226805844352546693e+00
1.311540339883875959e+03 -1.859306775646361132e+01 4.241197381968148328e+00
1.315337267662813019e+03 -1.838398141955586595e+01 4.257664726258560073e+00
1.319074158978012065e+03 -1.817229309505696477e+01 4.276253705263849625e+00
1.322750862942359845e+03 -1.795835219320408882e+01 4.297012892764620062e+00
1.326362610878338501e+03 -1.774241794794291849e+01 4.319987039283884833e+00
1.329900203366114056e+03 -1.752476975069000886e+01 4.345223156225747729e+00
1.333365781475652739e+03 -1.730574542063642340e+01 4.372762997679308761e+00
1.336749558021615258e+03 -1.708558572934728659e+01 4.402644577788943359e+00
1.340053501857235915e+03 -1.686463669070011306e+01 4.434915593060511085e+00
1.343271880624829691e+03 -1.664314316114109005e+01 4.469611601773699761e+00
1.346383634396751177e+03 -1.642105638553085711e+01 4.507020448143356894e+00
1.349409787060562394e+03 -1.619904056640006473e+01 4.547009040044243555e+00
1.352342867782471103e+03 -1.597746702119400553e+01 4.589497628369292315e+00
1.355194740744056162e+03 -1.575663059583624914e+01 4.634502762278875032e+00
1.357958633642146424e+03 -1.553685005418148180e+01 4.682048198039860054e+00
1.360634278307408067e+03 -1.531841663373781337e+01 4.732151760520567407e+00
1.363224979273250483e+03 -1.510162011477310529e+01 4.784819486543212541e+00
1.365727130542740497e+03 -1.488685684680326382e+01 4.840065823289690705e+00
1.368140974861746827e+03 -1.467451153917353857e+01 4.897896631198626061e+00
1.370468714809443554e+03 -1.446488388312338635e+01 4.958310809033012134e+00
1.372701005337418110e+03 -1.425836608371884573e+01 5.021315144183081891e+00
1.374847242094184367e+03 -1.405526499797663753e+01 5.086922876472684152e+00
1.376898013406564360e+03 -1.385604674686812565e+01 5.155129881777823719e+00
1.378864185263370700e+03 -1.366090052827687096e+01 5.225925513452075677e+00
1.380726815116210219e+03 -1.347045186235082959e+01 5.299609200989007007e+00
1.382501014468238509e+03 -1.328494801538015047e+01 5.375933050113705924e+00
1.384179356248667773e+03 -1.310453206694201711e+01 5.454808982439448783e+00
1.385780451675811264e+03 -1.292950540426893369e+01 5.536230219097470595e+00
1.387294878183663513e+03 -1.276019538237829032e+01 5.620171759731562133e+00
1.388722473601312231e+03 -1.259683728992989415e+01 5.706615321124955287e+00
1.390073634776651943e+03 -1.243967616126517939e+01 5.795528374808857741e+00
1.391343780384438560e+03 -1.228892288486530049e+01 5.886877811563844709e+00
1.392532828483792855e+03 -1.214480219320752319e+01 5.980631685783177609e+00
1.393644138564814966e+03 -1.200752624585555317e+01 6.076705278043076142e+00
1.394677254661523875e+03 -1.187732220696230101e+01 6.175164045837976623e+00
1.395631709817836963e+03 -1.175440791861851331e+01 6.275857278878886447e+00
1.396520675907470832e+03 -1.163902230996312070e+01 6.378838915959135214e+00
1.397332287171474718e+03 -1.153141330233276030e+01 6.483979033602206066e+00
1.398067031361745876e+03 -1.143281257825030295e+01 6.591559012171609666e+00
1.398743667779970792e+03 -1.134271723409481503e+01 6.701281449850855054e+00
1.399356127452994087e+03 -1.126124396520492787e+01 6.813007912655666409e+00
1.399910066420005705e+03 -1.118862256895276630e+01 6.926702754831509878e+00
1.400419032188866595e+03 -1.112504975727378387e+01 7.042286963483777029e+00
1.400873798974592091e+03 -1.107071544938627028e+01 7.159714823417011154e+00
1.401279155504809069e+03 -1.102570035460144737e+01 7.278918601189166893e+00
1.401642433885492210e+03 -1.099023853800538220e+01 7.399812571184903653e+00
1.401959777562204408e+03 -1.096460535425510230e+01 7.522404804992856242e+00
1.402230715271222607e+03 -1.094925673651505349e+01 7.646686654454690313e+00
1.402464015990099824e+03 -1.094460536112242899e+01 7.772652876936369637e+00
1.402646206738658293e+03 -1.095093532437892492e+01 7.900299817154770921e+00
1.402783177676315972e+03 -1.096853138952688944e+01 8.029665845757079978e+00
1.402882055544761670e+03 -1.099782704258873878e+01 8.160589288051552259e+00
1.402921343988655963e+03 -1.104074333226044047e+01 8.293475295826414850e+00
1.402915876395961277e+03 -1.109603743819936739e+01 8.428003763390263359e+00
1.402864304877844461e+03 -1.116391987272124275e+01 8.564069823140957993e+00
1.402772070564670685e+03 -1.124468563183346426e+01 8.701693012185970133e+00
1.402641961072662525e+03 -1.133845935283137685e+01 8.840807527917863951e+00
1.402470360223675016e+03 -1.144549539114825620e+01 8.981443971596819509e+00
1.402264757115268139e+03 -1.156585201984564115e+01 9.123537660194111609e+00
1.402027394562046311e+03 -1.169968428414404471e+01 9.267055827916538036e+00
1.401760424252340727e+03 -1.184719631372721871e+01 9.411966362385292939e+00
1.401466033057653021e+03 -1.200859347926973264e+01 9.558205458671768184e+00
1.401143188042530028e+03 -1.218390721820631128e+01 9.705805284055715632e+00
1.400797219690263546e+03 -1.237326587411774526e+01 9.854639010730538828e+00
1.400433445443863093e+03 -1.257687880805826453e+01 1.000470774792165329e+01
1.400049547245917893e+03 -1.279493590339563625e+01 1.015593333731870551e+01
1.399635774447008316e+03 -1.302960867251585775e+01 1.030849867484711346e+01
1.399211564302936495e+03 -1.327896001623906130e+01 1.046219729137004961e+01
1.398773156101512086e+03 -1.354304075082263026e+01 1.061681485101321698e+01
1.398318924895632563e+03 -1.382191300170394044e+01 1.077244372164404496e+01
1.397856797298622723e+03 -1.411548765966087160e+01 1.092897016466886129e+01
1.397388180562509206e+03 -1.442377207955605556e+01 1.108631293217986347e+01
1.396909951978302388e+03 -1.474675462195008713e+01 1.124444927073049172e+01
1.396432540980597878e+03 -1.508439253945505421e+01 1.140331395907250034e+01
1.395952124931477783e+03 -1.543669431933487424e+01 1.156284279340158605e+01
1.395470220992639724e+03 -1.580358270273518961e+01 1.172296056880516524e+01
1.394986136660294733e+03 -1.618489383058716413e+01 1.188361443629129788e+01
1.394508855970751483e+03 -1.658049714356714333e+01 1.204471919956403880e+01
1.394038684434903189e+03 -1.699026394088897618e+01 1.220623335565237078e+01
1.393571543908830336e+03 -1.741439108294578730e+01 1.236807311704782286e+01
1.393110472136011822e+03 -1.785456707976420532e+01 1.253021737919453038e+01
1.392661900452813370e+03 -1.830853079844442988e+01 1.269259285574217522e+01
1.392225261577729043e+03 -1.877598066446561020e+01 1.285503267677082562e+01
1.391805977708825594e+03 -1.925659520961452387e+01 1.301749588689025572e+01
1.391398437891862386e+03 -1.975006824055085630e+01 1.317990066236939839e+01
1.391015335474586436e+03 -2.025618714333512926e+01 1.334219600301860176e+01
1.390646088445505939e+03 -2.077460606067915805e+01 1.350427348105373682e+01
1.390300154711852201e+03 -2.130499039526099381e+01 1.366606819704027309e+01
1.389977127793965337e+03 -2.184705772600392848e+01 1.382756260953434335e+01
1.389680251403626698e+03 -2.240044952639624753e+01 1.398863166970606997e+01
1.389417762554371166e+03 -2.296470025415192140e+01 1.414919629726731110e+01
1.389175421508460659e+03 -2.353947568751002350e+01 1.430917523159284421e+01
1.388973302261137633e+03 -2.412450946598756119e+01 1.446839333218099455e+01
1.388799391284755302e+03 -2.472028711507442011e+01 1.462688408844728727e+01
1.388660025827626669e+03 -2.532839738873393287e+01 1.478454673936687946e+01
1.388570190086360526e+03 -2.594680812393277236e+01 1.494128857219984319e+01
1.388511298859053568e+03 -2.657544770814296342e+01 1.509702969998576805e+01
1.388504948077790459e+03 -2.721416708438984955e+01 1.525176379453886355e+01
1.388544267732691196e+03 -2.786294059579734039e+01 1.540548475152129981e+01
1.388631624784386076e+03 -2.852162291123623561e+01 1.555808777107698759e+01
1.388767488012083959e+03 -2.919014740480395531e+01 1.570948782827630907e+01
1.388961892291398271e+03 -2.986844149790509206e+01 1.585972909288875954e+01
1.389214848185310530e+03 -3.055638371643168938e+01 1.600861802173858806e+01
1.389519407590021501e+03 -3.125382669921257062e+01 1.615615018350519705e+01
1.389884154096343309e+03 -3.196072115548039605e+01 1.630226261178141911e+01
1.390310807695205995e+03 -3.267698591512544226e+01 1.644689989436357536e+01
1.390803063744305746e+03 -3.340244666023816933e+01 1.658991674107491221e+01
1.391353682246134213e+03 -3.413760575230526229e+01 1.673124098001205695e+01
1.391985512840773254e+03 -3.488327272584382399e+01 1.687070789413436955e+01
1.392676839447333123e+03 -3.563751447705194408e+01 1.700841628560204200e+01
1.393438929545980045e+03 -3.640014677126870168e+01 1.714430984431828975e+01
1.394268473941206139e+03 -3.717094249243017146e+01 1.727822717688606247e+01
1.395167779166110449e+03 -3.794962606982403486e+01 1.741023266048447127e+01
1.396141591127643551e+03 -3.873601106893352863e+01 1.754017515629952939e+01
1.397185334198321016e+03 -3.952975839508244604e+01 1.766803792515108995e+01
1.398304753463148018e+03 -4.033056537458323731e+01 1.779377524660788978e+01
1.399500661734559571e+03 -4.113811615052575377e+01 1.791735089668321024e+01
1.400769788832391441e+03 -4.195207290946166268e+01 1.803868718992578124e+01
1.402114877884919224e+03 -4.277211844053911705e+01 1.815777993875085983e+01
1.403535162522311566e+03 -4.359792887357151159e+01 1.827451944293868635e+01
1.405034467887972596e+03 -4.442917029027305631e+01 1.838893350125360016e+01
1.406607473558546417e+03 -4.526597482637919256e+01 1.850079111950578437e+01
1.408276406222741571e+03 -4.610839505630504220e+01 1.861004947399338505e+01
1.410011326227329846e+03 -4.695491610444593533e+01 1.871677941228868747e+01
1.411830767592294706e+03 -4.780512787025063659e+01 1.882084970352853759e+01
1.413729210716329362e+03 -4.865859735026137400e+01 1.892230027722029106e+01
1.415700121077559515e+03 -4.951489987639853751e+01 1.902103664024069118e+01
1.417745959227929916e+03 -5.037362417320277785e+01 1.911703178632733113e+01
1.419871372677461977e+03 -5.123424681809238734e+01 1.921029330638219434e+01
1.422073462675737346e+03 -5.209631807085352051e+01 1.930081528124583201e+01
1.424345953381523714e+03 -5.295930296789720160e+01 1.938863348382375662e+01
1.426694725197402704e+03 -5.382276458046949585e+01 1.947374304232201681e+01
1.429119621835309090e+03 -5.468624303454902247e+01 1.955613891362233758e+01
1.431624097794154295e+03 -5.554925098905304282e+01 1.963575006012429114e+01
1.434192723151800237e+03 -5.641116112358694323e+01 1.971269420792580362e+01
1.436840645152894012e+03 -5.727198095600957117e+01 1.978676737462592783e+01
1.439568908566788878e+03 -5.813109704691440527e+01 1.985787632567610572e+01
1.442366278540175927e+03 -5.898753720884013774e+01 1.992616061831007457e+01
1.445229689988254677e+03 -5.984073498484316644e+01 1.999166780543817978e+01
1.448158898959549106e+03 -6.069018418633549317e+01 2.005431535408374089e+01
1.451156389670294857e+03 -6.153552816995628660e+01 2.011407928884095142e+01
1.454219673688641706e+03 -6.237635830399805315e+01 2.017091914660700169e+01
1.457353538277151529e+03 -6.321236353511564943e+01 2.022476111080718297e+01
1.460553223205761469e+03 -6.404324056822537159e+01 2.027558766732482809e+01
1.463819486544670326e+03 -6.486859232305793910e+01 2.032338580014570439e+01
1.467161116632670428e+03 -6.568803898193283430e+01 2.036807113517393475e+01
1.470568651342882958e+03 -6.650129807273836491e+01 2.040955038039752623e+01
1.474050314672536388e+03 -6.730798573230427451e+01 2.044789174956463995e+01
1.477602505795692878e+03 -6.810774311868631514e+01 2.048306811264124505e+01
1.481230764383535416e+03 -6.890035294648087927e+01 2.051472865335761853e+01
1.484935235355382247e+03 -6.968525999655091141e+01 2.054294758771090912e+01
1.488709755947632630e+03 -7.046217699621468000e+01 2.056787980031863583e+01
1.492559511998554626e+03 -7.123062617926923679e+01 2.058947780102119296e+01
1.496477769099011539e+03 -7.199029832129633633e+01 2.060776536732922537e+01
1.500461516364932777e+03 -7.274083454637339230e+01 2.062270728441966128e+01
1.504512049581858719e+03 -7.348173694907863762e+01 2.063421516497022523e+01
1.508635395178025874e+03 -7.421267563943224843e+01 2.064231152048186857e+01
1.512822500373772527e+03 -7.493318578294577037e+01 2.064692783043262381e+01
1.517069395349656361e+03 -7.564287095714928455e+01 2.064805703376507395e+01
1.521381692793220509e+03 -7.634132625943634309e+01 2.064564268633021982e+01
1.525762327482724004e+03 -7.702828973923085698e+01 2.063970881951277647e+01
1.530198028009099062e+03 -7.770348274837751035e+01 2.063036595436644660e+01
1.534692405034777266e+03 -7.836622001599026532e+01 2.061758018451741847e+01
1.539254720639517700e+03 -7.901664606126654178e+01 2.060125219134641839e+01
1.543883230158837932e+03 -7.965445395204591250e+01 2.058132905425183878e+01
1.548570696323817856e+03 -8.027883068404207734e+01 2.055818993930371263e+01
1.553310151358674830e+03 -8.088964257148610670e+01 2.053188579947731540e+01
1.558101773569406078e+03 -8.148722497188013847e+01 2.050232640374155224e+01
1.562945761502797041e+03 -8.207125408518864162e+01 2.046958906324395144e+01
1.567838829955860774e+03 -8.264105570503684817e+01 2.043372501446241074e+01
1.572780263522006408e+03 -8.319621050449484301e+01 2.039475946336655454e+01
1.577761065806319493e+03 -8.373638309056552487e+01 2.035261724639806502e+01
1.582785055369727843e+03 -8.426136711824788961e+01 2.030742683830719741e+01
1.587845788434348606e+03 -8.477061317396669438e+01 2.025919123849244485e+01
1.592947353348217348e+03 -8.526412757308990820e+01 2.020792849714637285e+01
1.598081323487753934e+03 -8.574181708152954684e+01 2.015374182708462669e+01
1.603244473353033300e+03 -8.620335550574452554e+01 2.009666149130474722e+01
1.608436971240985940e+03 -8.664748731105656532e+01 2.003642411869032003e+01
1.613663395739412636e+03 -8.707486901893297215e+01 1.997332176483710242e+01
1.618915941978691990e+03 -8.748444275661641711e+01 1.990747259029533467e+01
1.624179618090966642e+03 -8.787710164735170792e+01 1.983902835716883928e+01
1.629467086934890176e+03 -8.825210816050095275e+01 1.976804812351732821e+01
1.634760758482811752e+03 -8.861003388895186106e+01 1.969460091359390219e+01
1.640064656523155236e+03 -8.895038572486974715e+01 1.961872719180659530e+01
1.645376068457725069e+03 -8.927265577103679561e+01 1.954059191964466535e+01
1.650686671851854953e+03 -8.957739246055849947e+01 1.946020420878735280e+01
1.656002495924160712e+03 -8.986371100533835943e+01 1.937765006040513072e+01
1.661312177689465670e+03 -9.013133695441601390e+01 1.929291467484133094e+01
1.666616179884264056e+03 -9.038000901258558883e+01 1.920606257273499295e+01
1.671919497126494889e+03 -9.060985738280858470e+01 1.911707907141371976e+01
1.677210295527498602e+03 -9.082051086477737556e+01 1.902590324828405954e+01
1.682494664601785416e+03 -9.100909897311368013e+01 1.893228199451237970e+01
1.687770882454002958e+03 -9.117669524441002693e+01 1.883642785143937814e+01
1.693031915967643954e+03 -9.132363163874151724e+01 1.873853489339935763e+01
1.698278558670471739e+03 -9.145056484095033511e+01 1.863859941833008804e+01
1.703507093017003854e+03 -9.155654055806813574e+01 1.853675284214118335e+01
1.708720322992783395e+03 -9.164190434329631785e+01 1.843302230503590167e+01
1.713917477667059302e+03 -9.170664097168467777e+01 1.832754190981915698e+01
1.719096475332290765e+03 -9.175018880198196314e+01 1.822033633275645670e+01
1.724255500412041556e+03 -9.177291469680450575e+01 1.811142967394964387e+01
1.729393560110016324e+03 -9.177450207164173435e+01 1.800089733377770429e+01
1.734513513763348101e+03 -9.175519571055565393e+01 1.788873814384554350e+01
1.739599467619013922e+03 -9.171372864719995732e+01 1.777507183998141471e+01
1.744661153679507834e+03 -9.165111555050908976e+01 1.765982931791081612e+01
1.749697554199149408e+03 -9.156729260352327060e+01 1.754314413621948177e+01
1.754698096723750268e+03 -9.145889009280509185e+01 1.742477286590387919e+01
1.759669276788814159e+03 -9.132825162218483683e+01 1.730504418849031723e+01
1.764602739134365265e+03 -9.117500056254219487e+01 1.718392742007985419e+01
1.769491458988533168e+03 -9.100044776025346493e+01 1.706165172404599062e+01
1.774343621616594646e+03 -9.080361273021247825e+01 1.693821008008248441e+01
1.779147457417934220e+03 -9.058480569288309425e+01 1.681362310275755334e+01
1.783907686363909306e+03 -9.034397109872035969e+01 1.668801637178605901e+01
1.788618233597937888e+03 -9.008051027656915721e+01 1.656144855983004405e+01
1.793273031116596712e+03 -8.979523001531408966e+01 1.643402651907281253e+01
1.797871246141816300e+03 -8.948866553942043822e+01 1.630580432858353390e+01
1.802415852477644421e+03 -8.916020879390903531e+01 1.617685520873875049e+01
1.806897238315429149e+03 -8.880987807205517015e+01 1.604728457925986618e+01
1.811313989664468863e+03 -8.843796171213969615e+01 1.591719740085272505e+01
1.815661734309994017e+03 -8.804548101502830093e+01 1.578662455619361360e+01
1.819941399147953007e+03 -8.762886438115573640e+01 1.565553709084595546e+01
1.824148359674677295e+03 -8.719116654043332915e+01 1.552407905981570657e+01
1.828284150713250938e+03 -8.673300270805594891e+01 1.539237136584567089e+01
1.832342751711554911e+03 -8.625443727587463627e+01 1.526049614017408373e+01
1.836318145663159839e+03 -8.575509529657185226e+01 1.512849153854892315e+01
1.840210590404219147e+03 -8.523586808297849871e+01 1.499642824142363651e+01
1.844024794087901228e+03 -8.469735420801788450e+01 1.486435431932394913e+01
1.847754748000944801e+03 -8.413926563037141193e+01 1.473241310832629658e+01
1.851394445372390692e+03 -8.356228479284341404e+01 1.460070112763784422e+01
1.854953691082252817e+03 -8.296666117054080303e+01 1.446933411229988842e+01
1.858430353557240096e+03 -8.235380121191325031e+01 1.433832854662459155e+01
1.861822074505148976e+03 -8.172321781236662730e+01 1.420785732999453366e+01
1.865125008779282325e+03 -8.107540453581624718e+01 1.407799461963139009e+01
1.868340556838471684e+03 -8.041075818777324002e+01 1.394882358457721239e+01
1.871459214663021385e+03 -7.972694991678143595e+01 1.382036754025586411e+01
1.874485702428054765e+03 -7.902690811878117927e+01 1.369271763233456163e+01
1.877408320361893857e+03 -7.830942281120101711e+01 1.356590469940769239e+01
1.880230054327777907e+03 -7.757550757704298405e+01 1.344006596112191509e+01
1.882948599933384912e+03 -7.682436078520036915e+01 1.331517361265561128e+01
1.885558410266919282e+03 -7.605581541582564853e+01 1.319126288933037117e+01
1.888056646692336244e+03 -7.527044267049940629e+01 1.306852870290432378e+01
1.890440414611658525e+03 -7.446902459670909025e+01 1.294701699259054806e+01
1.892711626221428105e+03 -7.365138236187506493e+01 1.282677348032172127e+01
1.894860494859022538e+03 -7.281733318896556284e+01 1.270793938013947511e+01
1.896892635076697616e+03 -7.196785935162785108e+01 1.259057606478710944e+01
1.898800887018456706e+03 -7.110330028370125888e+01 1.247474490989044504e+01
1.900583956061163917e+03 -7.022346138690394923e+01 1.236053371024067538e+01
1.902251925269508547e+03 -6.932955550686810398e+01 1.224803468362538972e+01
1.903792304901822718e+03 -6.841865693485868860e+01 1.213739646578392950e+01
1.905216268627767477e+03 -6.749431140804057350e+01 1.202856678028301118e+01
1.906525102005915187e+03 -6.655605295605134586e+01 1.192157531142905214e+01
1.907716972115938916e+03 -6.560551556833857489e+01 1.181653541706230648e+01
1.908795735018643427e+03 -6.464211537862964008e+01 1.171340784362494958e+01
1.909755859130293175e+03 -6.366588976295608404e+01 1.161228024724924879e+01
1.910597975632161251e+03 -6.267683584697272181e+01 1.151320280994010226e+01
1.911315443891746327e+03 -6.167524432488107777e+01 1.141617300936988499e+01
1.911901458273035132e+03 -6.066046106720955322e+01 1.132123659706662266e+01
1.912356838343634308e+03 -5.963331975656797113e+01 1.122842799276969927e+01
1.912681645427757985e+03 -5.859303108811945293e+01 1.113780383337648594e+01
1.912863220961313345e+03 -5.754075498945578460e+01 1.104945231537302064e+01
1.912914095922927800e+03 -5.647617094347119604e+01 1.096339225102046200e+01
1.912823790839210915e+03 -5.540165698459963295e+01 1.087980151785817284e+01
1.912590886987184831e+03 -5.431517944534002851e+01 1.079900302887402930e+01
1.912221605627696590e+03 -5.321983525518268721e+01 1.072084172772707511e+01
1.911716997448188067e+03 -5.211643136011147703e+01 1.064534963159329806e+01
1.911075111803759228e+03 -5.100585042137269909e+01 1.057264060262893501e+01
1.910304926180999246e+03 -4.988773883424754274e+01 1.050265093688572193e+01
1.909405837388623695e+03 -4.876297848546144564e+01 1.043538022772589713e+01
1.908379041748112968e+03 -4.763167356536644803e+01 1.037082835708934958e+01
1.907227533609293459e+03 -4.649358321626005619e+01 1.030899551264044511e+01
1.905949744926592984e+03 -4.534946731493413807e+01 1.024983359865604982e+01
1.904553650768246825e+03 -4.419959235840757117e+01 1.019325317536067743e+01
1.903033058136700447e+03 -4.304395345011845819e+01 1.013940226862122174e+01
1.901391834006947875e+03 -4.188380913642207304e+01 1.008823026542829915e+01
1.899620543809251103e+03 -4.071857341268174935e+01 1.003990829780109983e+01
1.897708357534104834e+03 -3.954980849231017004e+01 9.994478498006250433e+00
1.895647449907656892e+03 -3.837531289548388713e+01 9.952260734222829086e+00
1.893451251221391203e+03 -3.719881018305950704e+01 9.913042069540487944e+00
1.891114870785808762e+03 -3.601943341040101387e+01 9.876826200253729482e+00
1.888640724930444094e+03 -3.483804687795866784e+01 9.843617294386016070e+00
1.886036744088872865e+03 -3.365596799296303487e+01 9.813364651749068912e+00
1.883313171685987982e+03 -3.247380003084757760e+01 9.786000214485353510e+00
1.880469580935085560e+03 -3.129221532748952583e+01 9.761584869124156683e+00
1.877515627578197609e+03 -3.011180220592371981e+01 9.740084477010734432e+00
1.874456043349417314e+03 -2.893314684616232668e+01 9.721563488021754296e+00
1.871285975302732368e+03 -2.775656158868137524e+01 9.706060744703981058e+00
1.868002923908032017e+03 -2.658193835679096750e+01 9.693603489188101108e+00
1.864600924581801564e+03 -2.540923985981524424e+01 9.684185128176094892e+00
1.861071463990527263e+03 -2.423850278486258603e+01 9.677985496730837411e+00
1.857401764252351086e+03 -2.306954640526280187e+01 9.675059407664530653e+00
1.853583172990145613e+03 -2.190203172408019228e+01 9.675737790917105841e+00
1.849621290760102738e+03 -2.073656930479010541e+01 9.679685737934335066e+00
1.845525571997196721e+03 -1.957394660785216445e+01 9.686947423822937608e+00
1.841303172832184146e+03 -1.841509545634470513e+01 9.697517581133624276e+00
1.836957282425633366e+03 -1.726094638712705276e+01 9.711402975957627248e+00
1.832493944296392556e+03 -1.611236188753101217e+01 9.728553526229038795e+00
1.827921245397958273e+03 -1.497020590350143010e+01 9.748994818803017992e+00
1.823248735700975885e+03 -1.383536365771858634e+01 9.772745727929709858e+00
1.818476703947558008e+03 -1.270813597630316139e+01 9.799773179518583177e+00
1.813599939091263877e+03 -1.158856469270260980e+01 9.830072662427033592e+00
1.808609655120500292e+03 -1.047652153399993225e+01 9.863711454217012786e+00
1.803510131184482589e+03 -9.371887732460498555e+00 9.900692148533311254e+00
1.798289360777950378e+03 -8.274664457544648855e+00 9.940993254437572091e+00
1.792931770801854782e+03 -7.184738661548737859e+00 9.984831010112598548e+00
1.787440617477033811e+03 -6.102425596392142992e+00 1.003234216070153728e+01
1.781831831981045752e+03 -5.028014224556546452e+00 1.008318637992185174e+01
1.776098162635983499e+03 -3.962283152300145161e+00 1.013727286261948102e+01
1.770264223456301806e+03 -2.905863076056191652e+00 1.019456089287615619e+01
1.764326746633731091e+03 -1.859500582965345927e+00 1.025497194958440517e+01
1.758291414459019506e+03 -8.238247326397739601e-01 1.031845627096186035e+01
1.752169994519901593e+03 2.004614497105380866e-01 1.038490846696738146e+01
1.745962858699930621e+03 1.212972781336631334e+00 1.045431299725778196e+01
1.739667813127828822e+03 2.213463718355201060e+00 1.052669686068805177e+01
1.733280789544698791e+03 3.201766602649644078e+00 1.060210263083006232e+01
1.726801809954973805e+03 4.177717514611780203e+00 1.068048778937446031e+01
1.720226634695626217e+03 5.141140009420984924e+00 1.076188282388322115e+01
1.713546114645948364e+03 6.091857757858881506e+00 1.084629674826072332e+01
1.706768208105139820e+03 7.029253670914942909e+00 1.093398513458071086e+01
1.699884791936253578e+03 7.952983714261885773e+00 1.102477404551331119e+01
1.692911152754388013e+03 8.863549357493427650e+00 1.111836093401400483e+01
1.685852557133190885e+03 9.760841565288584931e+00 1.121457677349431314e+01
1.678724070883015884e+03 1.064476176061186408e+01 1.131332542937801833e+01
1.671521844751659728e+03 1.151522593664994254e+01 1.141445377878443601e+01
1.664262417373750395e+03 1.237207748021310216e+01 1.151782382480281441e+01
1.656945495761269740e+03 1.321498334587785983e+01 1.162340379011662073e+01
1.649570766149277460e+03 1.404345666543903981e+01 1.173114542151972017e+01
1.642142920346252367e+03 1.485695849033193383e+01 1.184103688153901146e+01
1.634659513410409545e+03 1.565490792842912526e+01 1.195298711750168508e+01
1.627129176412626521e+03 1.643676014626992554e+01 1.206709812758628253e+01
1.619548467913205968e+03 1.720177357304020305e+01 1.218333340688524125e+01
1.611913635690102865e+03 1.794941994529510865e+01 1.230171381495369864e+01
1.604232854260582371e+03 1.867867497375751284e+01 1.242241530942600214e+01
1.596490099503078909e+03 1.938980480577613363e+01 1.254539332811443408e+01
1.588697284840162411e+03 2.008366105681212943e+01 1.267034298368952783e+01
1.580857748737378870e+03 2.076051847019332897e+01 1.279725416646623870e+01
1.572965285705086899e+03 2.142043461840140850e+01 1.292611721074519693e+01
1.565026931402461969e+03 2.206360454897812673e+01 1.305678303988363709e+01
1.557042770815264021e+03 2.268992522956175151e+01 1.318919061804569282e+01
1.549013749172775533e+03 2.329909261853156721e+01 1.332330408316617998e+01
1.540946813505452610e+03 2.389076423599635746e+01 1.345909824680793143e+01
1.532844972478397494e+03 2.446461170019643916e+01 1.359645879141694458e+01
1.524709579943698373e+03 2.502019827729404966e+01 1.373527216324700362e+01
1.516556950761153075e+03 2.555725360968998316e+01 1.387548690955022224e+01
1.508378727927125965e+03 2.607538202120495541e+01 1.401708126752047967e+01
1.500183543084154280e+03 2.657430606288786379e+01 1.415996219361354314e+01
1.491960742048724796e+03 2.705244864662901350e+01 1.430425910786017418e+01
1.483724001142483530e+03 2.750983834612915047e+01 1.444996736706252527e+01
1.475466456058459016e+03 2.794702956087163415e+01 1.459682234739716655e+01
1.467187846749255641e+03 2.836381843623563626e+01 1.474492921684578661e+01
1.458892582187852440e+03 2.875985696162301153e+01 1.489418018223318896e+01
1.450578472663188904e+03 2.913508019159622009e+01 1.504452761391471682e+01
1.442250334640041274e+03 2.948963601779401955e+01 1.519597546284746059e+01
1.433907849408539505e+03 2.982380443782036750e+01 1.534837749166266185e+01
1.425553616715453472e+03 3.013777818441280942e+01 1.550167548207978463e+01
1.417192060681634302e+03 3.043177214262809827e+01 1.565584326764653333e+01
1.408823201666693194e+03 3.070598462005162688e+01 1.581077688371840395e+01
1.400447649741703344e+03 3.096063168225441942e+01 1.596643471562657801e+01
1.392076574060357416e+03 3.119584804994078198e+01 1.612260296893900957e+01
1.383696804075744012e+03 3.141164535931977753e+01 1.627936097901123347e+01
1.375324813189135966e+03 3.160666171805694802e+01 1.643659009164188234e+01
1.366954040234883223e+03 3.178162781908015333e+01 1.659419296139697764e+01
1.358592168617715970e+03 3.193746626494654350e+01 1.675199920111401042e+01
1.350244002320487198e+03 3.207429493371717655e+01 1.690987683459209023e+01
1.341907261701522202e+03 3.219213527737115044e+01 1.706780746826376571e+01
1.333585696199926588e+03 3.229113516919791493e+01 1.722563195161497163e+01
1.325287979591051680e+03 3.237136694920393865e+01 1.738336110616970132e+01
1.317011824939756252e+03 3.243291129170987119e+01 1.754089659213792274e+01
1.308759560682967731e+03 3.247590031430576829e+01 1.769814047855074790e+01
1.300532776563920606e+03 3.250037326442290464e+01 1.785509822954661630e+01
1.292340550933884060e+03 3.250642158116288982e+01 1.801162590414373454e+01
1.284180000858418907e+03 3.249428983651159797e+01 1.816763262547418378e+01
1.276053311091667865e+03 3.246420664318899441e+01 1.832317970814317221e+01
1.267959939565739887e+03 3.241644597906716285e+01 1.847813302727671925e+01
1.259906588558724934e+03 3.234947488675632599e+01 1.863239628372756584e+01
1.251899267629088172e+03 3.226473224491237346e+01 1.878594078238798915e+01
1.243935384045690171e+03 3.216310685449755624e+01 1.893872835610066474e+01
1.236012533444392147e+03 3.204458400268281082e+01 1.909062233822005439e+01
1.228133337489704218e+03 3.190923766428987562e+01 1.924162883417301018e+01
1.220304260482402242e+03 3.175707593267804896e+01 1.939166241580238648e+01
1.212517447982366093e+03 3.158812637758358832e+01 1.954060231274867121e+01
1.204778738213776023e+03 3.140246438538576612e+01 1.968842168648329505e+01
1.197094468352841204e+03 3.120005760763656255e+01 1.983503984860304215e+01
1.189457048677660850e+03 3.098095640886117508e+01 1.998035979867972145e+01
1.181872234681105738e+03 3.074537821591517073e+01 2.012432237117617717e+01
1.174349442235267588e+03 3.049350971916394215e+01 2.026693453420621793e+01
1.166874948188659118e+03 3.022561338954092847e+01 2.040813536758352953e+01
1.159464956875022608e+03 2.994191853563243555e+01 2.054776833737032149e+01
1.152116639307138939e+03 2.964094521552008032e+01 2.068579220204019009e+01
1.144833412204058050e+03 2.932427949924836241e+01 2.082213127359537452e+01
1.137619648016300289e+03 2.899263708949877838e+01 2.095685934204519540e+01
1.130473018987649311e+03 2.864619164276886565e+01 2.108982297810595696e+01
1.123391208286863275e+03 2.828506799330752486e+01 2.122096427581594469e+01
1.116378108036135245e+03 2.790942015827582168e+01 2.135025885393146794e+01
1.109438585628651708e+03 2.751941106897291789e+01 2.147765920429895559e+01
1.102569662514893707e+03 2.711518222182924021e+01 2.160304663786570956e+01
1.095773399672961887e+03 2.669686585228612685e+01 2.172634435588073742e+01
1.089047541687924422e+03 2.626466744522560148e+01 2.184749153590501791e+01
1.082395613295260318e+03 2.581886559380700774e+01 2.196648623213610563e+01
1.075818115632629997e+03 2.535967392327697567e+01 2.208329810885684097e+01
1.069319669033172886e+03 2.488738398761083559e+01 2.219784196777798968e+01
1.062892369666061768e+03 2.440225346117928851e+01 2.230995863187767014e+01
1.056555321232338201e+03 2.390273024142947023e+01 2.241955653088122347e+01
1.050294359837399952e+03 2.339067479174592989e+01 2.252666437084224427e+01
1.044113906339039886e+03 2.286664687272862295e+01 2.263125451340783201e+01
1.038013898896778301e+03 2.233101075145198067e+01 2.273337912485562029e+01
1.031996035265427054e+03 2.178403987819075738e+01 2.283297690233853316e+01
1.026058606117901036e+03 2.122613238369686783e+01 2.292998752628907511e+01
1.020206565135087203e+03 2.065764595836449047e+01 2.302437939007290524e+01
1.014433025339265782e+03 2.007883902973537005e+01 2.311620840151549316e+01
1.008745421436614606e+03 1.949010787090626806e+01 2.320538531615079236e+01
1.003143960068269621e+03 1.889175306401192245e+01 2.329182036918049903e+01
9.976234108612305818e+02 1.828411634668044172e+01 2.337553941379705691e+01
9.921881253069153672e+02 1.766747469924064617e+01 2.345650533540401383e+01
9.868314120079231770e+02 1.704222744411017132e+01 2.353469543932192920e+01
9.815645172422181304e+02 1.640868714498821745e+01 2.361003388622665611e+01
9.763895041497787588e+02 1.576584874441383377e+01 2.368215293125413012e+01
9.713019520496103496e+02 1.511549033641348316e+01 2.375139042619515095e+01
9.662937487516304600e+02 1.445828206919773962e+01 2.381781483006129108e+01
9.613720553222350418e+02 1.379474178443870613e+01 2.388139495205519225e+01
9.565387581354672193e+02 1.312531537255053138e+01 2.394220042972509788e+01
9.517893660958180817e+02 1.245050963370642982e+01 2.400017221430036329e+01
9.471273896982183942e+02 1.177090853169832663e+01 2.405541013061452560e+01
9.425512218515551695e+02 1.108688825938192934e+01 2.410785793719021441e+01
9.380599751614387287e+02 1.039867628345428230e+01 2.415752805220771293e+01
9.336529589569028076e+02 9.706558013009205510e+00 2.420434033541717511e+01
9.293353543727853321e+02 9.010816579506796486e+00 2.424824080781390379e+01
9.251027792440988833e+02 8.311669100894953033e+00 2.428920625143586065e+01
9.209594147071078396e+02 7.609373306235255541e+00 2.432718617030136699e+01
9.169066721001948963e+02 6.904099157770217765e+00 2.436203767586023972e+01
9.129463535984535838e+02 6.195505424693825702e+00 2.439353361191013647e+01
9.090750951078590560e+02 5.484747785741826753e+00 2.442188771337948694e+01
9.052939888265482296e+02 4.772039848364988401e+00 2.444715259381977646e+01
9.016050896962594834e+02 4.057763308783248313e+00 2.446936781896523883e+01
8.979979246153966415e+02 3.342259517366322097e+00 2.448843159912478740e+01
8.944810629814551248e+02 2.625775982225132310e+00 2.450439707459471350e+01
8.910555848792962479e+02 1.908661394344927764e+00 2.451721398554933273e+01
8.877163389682386878e+02 1.191145482769551345e+00 2.452696606981592353e+01
8.844677601485900595e+02 4.735311878028119481e-01 2.453354572007217627e+01
8.813077982337398453e+02 -2.439338044104114034e-01 2.453707018059898814e+01
8.782329736378553662e+02 -9.609821076350064661e-01 2.453748589066269759e+01
8.752429688224207212e+02 -1.677343968065092339e+00 2.453487123158712535e+01
8.723444477157789834e+02 -2.392771863605154259e+00 2.452915553570290541e+01
8.695325089350741337e+02 -3.107070043105871537e+00 2.452027996996242365e+01
8.668150580630460809e+02 -3.820116727795211720e+00 2.450791907672090275e+01
8.641887588448076940e+02 -4.531565096487202737e+00 2.449247903466067555e+01
8.616460464825523786e+02 -5.241228874148274208e+00 2.447386888290790097e+01
8.591867450176806642e+02 -5.948904320232364817e+00 2.445218140185982492e+01
8.568107018747073198e+02 -6.654393115874223774e+00 2.442727598895129049e+01
8.545210520556927349e+02 -7.357498292374304860e+00 2.439926294594369338e+01
8.523153249731351480e+02 -8.057856495002512887e+00 2.436813760770516168e+01
8.501927051621014471e+02 -8.755122027554897102e+00 2.433391059291327352e+01
8.481517308405432232e+02 -9.449000739575453167e+00 2.429668208537573548e+01
8.461905022664627722e+02 -1.013916088480398869e+01 2.425646794295802167e+01
8.443121018943998024e+02 -1.082527976622305843e+01 2.421322365520018849e+01
8.425165377597825227e+02 -1.150703118093136723e+01 2.416700200319889547e+01
8.407968411355241187e+02 -1.218392240685908057e+01 2.411790598328146729e+01
8.391610836480302851e+02 -1.285554283016247723e+01 2.406579610062282981e+01
8.376016182924100804e+02 -1.352108438514578381e+01 2.401039069784686575e+01
8.361229004933336455e+02 -1.418047836063198552e+01 2.395207272119055020e+01
8.347121053953349019e+02 -1.483329404468015156e+01 2.389085065218875314e+01
8.333716859165350570e+02 -1.547917250313263438e+01 2.382673191561602621e+01
8.320948332571250603e+02 -1.611783639226599973e+01 2.375977832245355970e+01
8.308865645576262295e+02 -1.674926050591959381e+01 2.369017576712182205e+01
8.297405419350684497e+02 -1.737357070538100956e+01 2.361810909143026649e+01
8.286616446146048247e+02 -1.799081166729483527e+01 2.354376208706564100e+01
8.276403031713900873e+02 -1.860098450034979933e+01 2.346736656177797897e+01
8.266804822066530960e+02 -1.920411625538457656e+01 2.338903131081684705e+01
8.257766288784184781e+02 -1.980031534216947264e+01 2.330893561847562978e+01
8.249240013004862249e+02 -2.038955375141728510e+01 2.322708912343521703e+01
8.241371782967808031e+02 -2.097157012087543393e+01 2.314346205290193126e+01
8.234001931651501991e+02 -2.154595039963737335e+01 2.305775109826867464e+01
8.227322725424168084e+02 -2.211200021120941983e+01 2.296976549138312862e+01
8.221262212003539389e+02 -2.267022807924940153e+01 2.287951302944661336e+01
8.215706737014112377e+02 -2.322035764751016274e+01 2.278695770652172925e+01
8.210738499516504589e+02 -2.376209127514499642e+01 2.269208975073517109e+01
8.206344243223487638e+02 -2.429488648654605498e+01 2.259493223281961605e+01
8.202482193391832652e+02 -2.481825986386190408e+01 2.249571282804597772e+01
8.199089945896076870e+02 -2.533164719103242035e+01 2.239449056539281457e+01
8.196178852278231943e+02 -2.583451043414022053e+01 2.229143383054413263e+01
8.193697628975850193e+02 -2.632629821618574439e+01 2.218671339406757426e+01
8.191665138965662436e+02 -2.680649771651586022e+01 2.208043028341683822e+01
8.190037187956876323e+02 -2.727524035670948166e+01 2.197261365166101399e+01
8.188780121779745969e+02 -2.773279427026260535e+01 2.186329174577651813e+01
8.188051674771998023e+02 -2.817951593875061178e+01 2.175249192019960986e+01
8.187694077536466466e+02 -2.861528626059391911e+01 2.164005410921468808e+01
8.187868164471470891e+02 -2.904013232424467006e+01 2.152598259396968672e+01
8.188418429997269641e+02 -2.945523534463407245e+01 2.141043572753952162e+01
8.189470544019942508e+02 -2.986081442694746002e+01 2.129343744088945201e+01
8.190930279434428485e+02 -3.025640972877449286e+01 2.117505727459025167e+01
8.192819103603637814e+02 -3.064151879580011339e+01 2.105544102645467319e+01
8.195007247634333680e+02 -3.101566288850630215e+01 2.093464411303136430e+01
8.197539106547906158e+02 -3.137834188172309879e+01 2.081277759231427993e+01
8.200434160388255123e+02 -3.172910246736680762e+01 2.068995177606453595e+01
8.203578929047981774e+02 -3.206743714179656024e+01 2.056617646731892535e+01
8.207010867985999312e+02 -3.239323545721552478e+01 2.044154564047758171e+01
8.210716515803964057e+02 -3.270666307672973971e+01 2.031595496476812812e+01
8.214623027773596959e+02 -3.300768352766805691e+01 2.018941438774892205e+01
8.218871325483654573e+02 -3.329703746563885858e+01 2.006188831511336446e+01
8.223371570395581784e+02 -3.357355752540572524e+01 1.993312988445025979e+01
8.228130752698822334e+02 -3.383788781021386427e+01 1.980325406293141199e+01
8.233142152551100708e+02 -3.409052559353284551e+01 1.967220680934683230e+01
8.238405212345609243e+02 -3.433151668177220728e+01 1.954020119718859760e+01
8.243871044298184643e+02 -3.456089104319964633e+01 1.940747450541903163e+01
8.249528498122108431e+02 -3.477980499477065024e+01 1.927415913169029693e+01
8.255339424873578764e+02 -3.498757031717487820e+01 1.914037971162148111e+01
8.261321693853101351e+02 -3.518389039951192387e+01 1.900630695883697641e+01
8.267493195140212947e+02 -3.536897045421043373e+01 1.887217885982511589e+01
8.273771225627855301e+02 -3.554351397729801221e+01 1.873804670943810535e+01
8.280160040931182266e+02 -3.570750674948647685e+01 1.860392141714538639e+01
8.286645901559527374e+02 -3.586023676249440939e+01 1.846987449230283573e+01
8.293222749801029750e+02 -3.600297654092181432e+01 1.833594009681878134e+01
8.299836855678711345e+02 -3.613484732308567970e+01 1.820212808686719796e+01
8.306577894971028400e+02 -3.625484195763627326e+01 1.806848452171210084e+01
8.313389230082237873e+02 -3.636455833431121931e+01 1.793504364028805043e+01
8.320264814970827274e+02 -3.646320613075791073e+01 1.780192021164091187e+01
8.327150911502434383e+02 -3.655272086089816952e+01 1.766908885892999947e+01
8.334041570657287821e+02 -3.663189861911887135e+01 1.753668840477056534e+01
8.340924408476255394e+02 -3.670129851254415598e+01 1.740471590506079380e+01
8.347804969401984181e+02 -3.676126850229413634e+01 1.727320070328773838e+01
8.354682207019850466e+02 -3.681113004614156381e+01 1.714222759561315712e+01
8.361529085368441656e+02 -3.685125330109634234e+01 1.701183589520635664e+01
8.368347568946334150e+02 -3.688155460114990802e+01 1.688207065097792281e+01
8.375113209911437480e+02 -3.690194554901719926e+01 1.675296038065215143e+01
8.381848720396884573e+02 -3.691294692711657888e+01 1.662462211984938421e+01
8.388463274945672765e+02 -3.691402934279562231e+01 1.649709725805624316e+01
8.395011461998577715e+02 -3.690562863291871309e+01 1.637045214105999236e+01
8.401444581102856546e+02 -3.688667735889731603e+01 1.624479940666128286e+01
8.407840632204083704e+02 -3.685671655902964261e+01 1.612014147667562725e+01
8.414083582433595438e+02 -3.681791598845903479e+01 1.599648264944199028e+01
8.420225029131340762e+02 -3.676996360275887099e+01 1.587395991391302452e+01
8.426200781538785805e+02 -3.671256475523662743e+01 1.575256806968183731e+01
8.432090737417113360e+02 -3.664620379847731613e+01 1.563236167421677791e+01
8.437802944828857790e+02 -3.657034564390289688e+01 1.551341111276451556e+01
8.443355678086614944e+02 -3.648584817209538045e+01 1.539570242611213047e+01
8.448767104421766589e+02 -3.639256831793347402e+01 1.527932156629687377e+01
8.454004148300502948e+02 -3.629087001802591317e+01 1.516430363090909417e+01
8.459050928738096218e+02 -3.617981049850670416e+01 1.505064486126486756e+01
8.463925269036299142e+02 -3.606051822886233538e+01 1.493834182493297824e+01
8.468577732015005495e+02 -3.593285632738055568e+01 1.482752571678471654e+01
8.473008077119961854e+02 -3.579648246772480036e+01 1.471822946155549339e+01
8.477212594874876004e+02 -3.565098398693844928e+01 1.461048577136785376e+01
8.481210035665485520e+02 -3.549750069044242196e+01 1.450440584071542993e+01
8.484952340914034039e+02 -3.533592227002149855e+01 1.439994994797456229e+01
8.488456547971610462e+02 -3.516728847897798715e+01 1.429718787821856729e+01
8.491739550996061325e+02 -3.499125856092514653e+01 1.419614401911241153e+01
8.494787894038162221e+02 -3.480854455460094954e+01 1.409687849184710906e+01
8.497598962898199488e+02 -3.461876299288454817e+01 1.399942740795689566e+01
8.500197743043074752e+02 -3.442262180574532948e+01 1.390380044109664048e+01
8.502510232635723924e+02 -3.422036327073519146e+01 1.381004764686981368e+01
8.504616907175615097e+02 -3.401230084400373244e+01 1.371819728851742859e+01
8.506429907151542693e+02 -3.379799440058597071e+01 1.362816202241112329e+01
8.508005246062012930e+02 -3.357819881143439744e+01 1.354004180287551407e+01
8.509268927050992488e+02 -3.335248133822248917e+01 1.345388636935887128e+01
8.510347380915229678e+02 -3.312176479665907181e+01 1.336970067582074684e+01
8.511084183574411099e+02 -3.288531424192321850e+01 1.328761308905031235e+01
8.511515695049840815e+02 -3.264388672586110829e+01 1.320758636938815300e+01
8.511717259871730903e+02 -3.239812089815917773e+01 1.312955927002125378e+01
8.511602829027380039e+02 -3.214831160456776615e+01 1.305355965649959238e+01
8.511266416510785575e+02 -3.189470589816263058e+01 1.297963596544556886e+01
8.510633667582492308e+02 -3.163761320180154257e+01 1.290776866148812907e+01
8.509737150297377184e+02 -3.137726848805020197e+01 1.283795052509589496e+01
8.508583142778894626e+02 -3.111400204743022613e+01 1.277017732552370788e+01
8.507182484643506086e+02 -3.084810708378034860e+01 1.270454845646574071e+01
8.505509253433301637e+02 -3.057979674207158283e+01 1.264097732798967755e+01
8.503570888229291995e+02 -3.030934075468919886e+01 1.257954830695723203e+01
8.501373435347589975e+02 -3.003679526499809072e+01 1.252023252095255046e+01
8.498922739382445570e+02 -2.976226741947700205e+01 1.246309529018430773e+01
8.496151140204721059e+02 -2.948605376986636628e+01 1.240819655530543031e+01
8.493004533312957847e+02 -2.920748914289055520e+01 1.235571028742829647e+01
8.489599518071141802e+02 -2.892738280076964941e+01 1.230560449282901203e+01
8.485877637069928596e+02 -2.864594790510210842e+01 1.225771266229992484e+01
8.481864065500300285e+02 -2.836332808230510594e+01 1.221210205669996007e+01
8.477576612939146798e+02 -2.807966564835393442e+01 1.216883380290571992e+01
8.472901157634902347e+02 -2.779516378061434523e+01 1.212783834197147570e+01
8.467914618573724965e+02 -2.751007035110626830e+01 1.208916568128280211e+01
8.462676444647619292e+02 -2.722460780982720152e+01 1.205286688862241995e+01
8.457100109681704225e+02 -2.693895380233729497e+01 1.201894706612372588e+01
8.451255995574305189e+02 -2.665331258059685737e+01 1.198736914640819684e+01
8.445097189267061140e+02 -2.636794379558825341e+01 1.195815486411470374e+01
8.438635373375382187e+02 -2.608294789807358782e+01 1.193135963855772630e+01
8.431895377806250735e+02 -2.579850718870866189e+01 1.190697162192215330e+01
8.424806196610115876e+02 -2.551477376908213301e+01 1.188495817724008319e+01
8.417380934304720768e+02 -2.523167321740576696e+01 1.186563580255988803e+01
8.409668069318460084e+02 -2.494952197647345216e+01 1.184875199473417595e+01
8.401617090612392076e+02 -2.466861744964763048e+01 1.183423660786246145e+01
8.393299390342596098e+02 -2.438902555775353420e+01 1.182206156481738013e+01
8.384664420141575647e+02 -2.411090810617158198e+01 1.181222605335067222e+01
8.375690289699426785e+02 -2.383449145197280572e+01 1.180473171302919155e+01
8.366465230653037679e+02 -2.355996565431158274e+01 1.179953721848678505e+01
8.356936072155198190e+02 -2.328746785595139812e+01 1.179666731674094393e+01
8.347099063884179486e+02 -2.301718335473883670e+01 1.179609975238001063e+01
8.336970154209742532e+02 -2.274928831384011829e+01 1.179781344423680167e+01
8.326581979891458332e+02 -2.248398043808555968e+01 1.180178848718342799e+01
8.315934816495206405e+02 -2.222136371489894913e+01 1.180800615327782666e+01
8.304959954865498730e+02 -2.196155839890573347e+01 1.181644889226106798e+01
8.293715258080617332e+02 -2.170478161490392921e+01 1.182702620247203207e+01
8.282149089055174045e+02 -2.145136811747482142e+01 1.184009545248689932e+01
8.270321288953772410e+02 -2.120128051354459231e+01 1.185534495305351399e+01
8.258248907733423039e+02 -2.095471794701497004e+01 1.187267613500155328e+01
8.245957837281451930e+02 -2.071176033477176048e+01 1.189207732125678163e+01
8.233372577852113636e+02 -2.047255845807386265e+01 1.191348495578321298e+01
8.220576949006936047e+02 -2.023729681860484675e+01 1.193683654568997810e+01
8.207553693528467420e+02 -2.000610872813469143e+01 1.196215570636355352e+01
8.194349049244865455e+02 -1.977914038704491162e+01 1.198938241106556646e+01
8.180961329127716226e+02 -1.955658759699182170e+01 1.201845746650173652e+01
8.167388684835203776e+02 -1.933852113432564934e+01 1.204935514707544364e+01
8.153629109819894438e+02 -1.912507265472777362e+01 1.208204505693219488e+01
8.139744314124407083e+02 -1.891628025995879980e+01 1.211643441830008250e+01
8.125683860013903086e+02 -1.871227015554697815e+01 1.215250077820303254e+01
8.111501488911459319e+02 -1.851324676239568134e+01 1.219026124020945900e+01
8.097149815192850610e+02 -1.831988527577931691e+01 1.222989160368962303e+01
8.082601304651238934e+02 -1.813173716836632465e+01 1.227113289410961450e+01
8.067918551177776862e+02 -1.794887142110738765e+01 1.231387830822592200e+01
8.053111590155057229e+02 -1.777146481953353785e+01 1.235817015890276949e+01
8.038205140169917513e+02 -1.759958674864643058e+01 1.240397100445846057e+01
8.023161629118089877e+02 -1.743340533966857819e+01 1.245121574828442945e+01
8.008021787359341488e+02 -1.727303711758253968e+01 1.249997998216851691e+01
7.992773541151121890e+02 -1.711857266711792391e+01 1.255017252967550689e+01
7.977404698348493639e+02 -1.697017554703302622e+01 1.260179884362449165e+01
7.961902951870288234e+02 -1.682789611087920179e+01 1.265485376309055887e+01
7.946314833059124112e+02 -1.669181048459686423e+01 1.270923747619471200e+01
7.930653820104251963e+02 -1.656199113185432026e+01 1.276494836102657437e+01
7.914837661205390305e+02 -1.643853336162382917e+01 1.282203774864936641e+01
7.898982820433185452e+02 -1.632164977883184420e+01 1.288044566853682582e+01
7.882984255674560927e+02 -1.621224623071030990e+01 1.294034241483936221e+01
7.866873026302280323e+02 -1.610947848196434151e+01 1.300143733679792923e+01
7.850709730091912206e+02 -1.601339295827119358e+01 1.306375201484754811e+01
7.834481267833197080e+02 -1.592406251617539503e+01 1.312720569660495507e+01
7.818174457594269597e+02 -1.584154560004956025e+01 1.319177296827608359e+01
7.801776038441422543e+02 -1.576591404392297591e+01 1.325737116284877182e+01
7.785310695743769429e+02 -1.569723234300593262e+01 1.332403476691005118e+01
7.768811954853448469e+02 -1.563553054607356962e+01 1.339168560124123175e+01
7.752266340509810334e+02 -1.558081447669222896e+01 1.346029318237462036e+01
7.735606285595939653e+02 -1.553308218631109483e+01 1.352982776935866305e+01
7.718965355688879981e+02 -1.549233110732371976e+01 1.360020097953565887e+01
7.702277270529826865e+02 -1.545857260240421738e+01 1.367142360305874327e+01
7.685557847371005664e+02 -1.543180399311967754e+01 1.374348825694218590e+01
7.668878188477303866e+02 -1.541230971206655376e+01 1.381626068741459434e+01
7.652137563499392172e+02 -1.540084779718948127e+01 1.388989615201645833e+01
7.635350887798651911e+02 -1.539634736861422404e+01 1.396419896666165883e+01
7.618594578324392614e+02 -1.539877645005955742e+01 1.403910980600440972e+01
7.601900163407594846e+02 -1.540811709661247697e+01 1.411451323455316498e+01
7.585191186180298928e+02 -1.542436214300419728e+01 1.419045475045277449e+01
7.568486792856787133e+02 -1.544744138692687763e+01 1.426682957006006802e+01
7.551824866530391773e+02 -1.547732588166241641e+01 1.434362810838046798e+01
7.535191421872011688e+02 -1.551390718311451167e+01 1.442073754542061437e+01
7.518621570702846384e+02 -1.555712031806985607e+01 1.449819283057063934e+01
7.502082720206258273e+02 -1.560689037606290874e+01 1.457588068115623514e+01
7.485590135794133175e+02 -1.566309933332653515e+01 1.465380786175046701e+01
7.469154999867653260e+02 -1.572563801091606805e+01 1.473180851256559443e+01
7.452833775193920474e+02 -1.579449762250782996e+01 1.481001393002491184e+01
7.436623995222377062e+02 -1.586986575745685357e+01 1.488825159218639627e+01
7.420432753723545147e+02 -1.595234286491336562e+01 1.496659056671459354e+01
7.404340245663821634e+02 -1.604061722205603147e+01 1.504485257718131663e+01
7.388387844867232843e+02 -1.613462870781828329e+01 1.512301825268060718e+01
7.372517076606307000e+02 -1.623429913525995261e+01 1.520106844632955934e+01
7.356804398652519694e+02 -1.633945946243590797e+01 1.527892785328591430e+01
7.341225313270191464e+02 -1.644997643996801173e+01 1.535650039353107488e+01
7.325738608019768208e+02 -1.656586188676641314e+01 1.543379370979116771e+01
7.310420059899921625e+02 -1.668709977626054908e+01 1.551075960319238156e+01
7.295253291165296332e+02 -1.681377442685096213e+01 1.558734655340334641e+01
7.280167129387014029e+02 -1.694579620435813894e+01 1.566351719240834761e+01
7.265295797694321891e+02 -1.708329956103364822e+01 1.573920943573774167e+01
7.250500825330231010e+02 -1.722621103557235855e+01 1.581446216692165407e+01
7.235920408620916078e+02 -1.737445493538458408e+01 1.588915119699713863e+01
7.221434144688126935e+02 -1.752856907099361905e+01 1.596332260683982440e+01
7.207168914496620573e+02 -1.768867877273448030e+01 1.603689437240339188e+01
7.193040321546881160e+02 -1.785394219693026230e+01 1.610984497516214731e+01
7.179104972032615706e+02 -1.802428691463074628e+01 1.618211775677987063e+01
7.165370455641250373e+02 -1.819952086075016240e+01 1.625375413953780068e+01
7.151854313112194177e+02 -1.837966732549266879e+01 1.632468989784164393e+01
7.138484720671732475e+02 -1.856466448735174879e+01 1.639488837878430871e+01
7.125285588908167256e+02 -1.875439340844315694e+01 1.646433486766778742e+01
7.112331968340201911e+02 -1.894880931900279464e+01 1.653293806034400149e+01
7.099549224446868720e+02 -1.914785044397622471e+01 1.660067327804483028e+01
7.086962851514020940e+02 -1.935147845404796740e+01 1.666755151244657895e+01
7.074556735755775208e+02 -1.955961737973661485e+01 1.673353896954619202e+01
7.062357715690445730e+02 -1.977217216776074693e+01 1.679849930578330586e+01
7.050370183742562631e+02 -1.998900480762549492e+01 1.686253220245161444e+01
7.038591291418306355e+02 -2.021057421078157645e+01 1.692545998893131198e+01
7.027017749298890976e+02 -2.043687277638632338e+01 1.698724670880011800e+01
7.015697598908302552e+02 -2.066705421957137645e+01 1.704800766793635347e+01
7.004598436803537425e+02 -2.090099506016777653e+01 1.710764596662269454e+01
6.993663389238694208e+02 -2.113864739957760719e+01 1.716611154191735267e+01
6.982939965025173024e+02 -2.137988567537828644e+01 1.722340002729198716e+01
6.972448879842718270e+02 -2.162450205635471079e+01 1.727946001568214740e+01
6.962187598087190281e+02 -2.187240024015344275e+01 1.733430461559498426e+01
6.952142536229791858e+02 -2.212345125276818436e+01 1.738787892007848157e+01
6.942290128705201369e+02 -2.237753388481382544e+01 1.744011219306521454e+01
6.932694133375827050e+02 -2.263450780783719196e+01 1.749098027743104922e+01
6.923278215551838457e+02 -2.289419751322015628e+01 1.754056217189494404e+01
6.914048179912576870e+02 -2.315639222669193131e+01 1.758873712594061445e+01
6.905081803349928578e+02 -2.342087449738048122e+01 1.763552694191495007e+01
6.896324911699609856e+02 -2.368793803984417679e+01 1.768090705257613848e+01
6.887838574079457885e+02 -2.395729716314098212e+01 1.772478625234583305e+01
6.879592622518823646e+02 -2.422828110264009638e+01 1.776724039003413225e+01
6.871575216072337753e+02 -2.450068807683727101e+01 1.780829123571706063e+01
6.863750601248231078e+02 -2.477431523715029726e+01 1.784798241485358616e+01
6.856134667486733179e+02 -2.504896506010404522e+01 1.788620220812044792e+01
6.848778432076271656e+02 -2.532444321664571518e+01 1.792302949992454941e+01
6.841600326143836810e+02 -2.560055960436119804e+01 1.795834481339140964e+01
6.834679103013793338e+02 -2.587712420029787808e+01 1.799217361387503189e+01
6.827953201886215311e+02 -2.615393731350005169e+01 1.802458533062389634e+01
6.821433903282576239e+02 -2.643078926847529786e+01 1.805548018523539255e+01
6.815078902792540703e+02 -2.670746382498150595e+01 1.808483661334959791e+01
6.808991527227582310e+02 -2.698384819953479408e+01 1.811270839466288152e+01
6.803130254134832740e+02 -2.725984134080874455e+01 1.813907367094294543e+01
6.797505017087225951e+02 -2.753570046229718571e+01 1.816373680284904069e+01
6.792101603227172291e+02 -2.781121036981495465e+01 1.818676935451355092e+01
6.786908961951627361e+02 -2.808595768743426291e+01 1.820817248841930791e+01
6.781973982691207539e+02 -2.835992710240363834e+01 1.822797328601364342e+01
6.777223525989130621e+02 -2.863291785879213336e+01 1.824615116438022255e+01
6.772676661731397871e+02 -2.890490385040610732e+01 1.826275028713710213e+01
6.768373423334044219e+02 -2.917574881428632949e+01 1.827774342306206634e+01
6.764294517317493955e+02 -2.944538700269270137e+01 1.829111354090455066e+01
6.760435765919173718e+02 -2.971365771715388249e+01 1.830285436907610475e+01
6.756793171251638341e+02 -2.998050990732920695e+01 1.831287636962291643e+01
6.753368566277558784e+02 -3.024584080803852260e+01 1.832129755179284913e+01
6.750161156954261514e+02 -3.050957037837692809e+01 1.832796507798595442e+01
6.747167484318113111e+02 -3.077154137109896226e+01 1.833295741946920998e+01
6.744384268643424321e+02 -3.103169552394713548e+01 1.833627302154898686e+01
6.741843386877925468e+02 -3.129000438594569289e+01 1.833757101452893323e+01
6.739531677817745958e+02 -3.154631082742621118e+01 1.833704918479256207e+01
6.737423082801427654e+02 -3.180042048435183233e+01 1.833478193690563174e+01
6.735520149440683326e+02 -3.205220043259772211e+01 1.833083168118557182e+01
6.733813950799494705e+02 -3.230147160715659993e+01 1.832512226193012950e+01
6.732308323775160943e+02 -3.254815013034078675e+01 1.831774225191114525e+01
6.731005056955846158e+02 -3.279214046476830902e+01 1.830868343302212153e+01
6.729892414561089709e+02 -3.303331885462141315e+01 1.829796354615789511e+01
6.728968709640096222e+02 -3.327152079072470769e+01 1.828565165181132812e+01
6.728237587600020788e+02 -3.350670676045827179e+01 1.827166842212119846e+01
6.727683966732798808e+02 -3.373874519962926399e+01 1.825602672405410587e+01
6.727310720393052179e+02 -3.396752346046965698e+01 1.823877608504589887e+01
6.727107869155686330e+02 -3.419294425797592396e+01 1.821986922954578247e+01
6.727078404000596947e+02 -3.441488638251820475e+01 1.819938087169453667e+01
6.727244650687714511e+02 -3.463317412820899932e+01 1.817694549377893054e+01
6.727580050485239553e+02 -3.484766546578199353e+01 1.815287289383151048e+01
6.728070091683954388e+02 -3.505839340150472339e+01 1.812715523972375209e+01
6.728705576548376257e+02 -3.526515020978224157e+01 1.809997789902081067e+01
6.729477468584435655e+02 -3.546795133465627003e+01 1.807122421769249954e+01
6.730386088813869492e+02 -3.566660823455101337e+01 1.804096762783801466e+01
6.731428206905603702e+02 -3.586106100302086475e+01 1.800929167174812306e+01
6.732588837152472934e+02 -3.605116752733417940e+01 1.797615718489383241e+01
6.733868292780313141e+02 -3.623688153335866957e+01 1.794161947739064900e+01
6.735258313167481674e+02 -3.641810257558955044e+01 1.790567233216935605e+01
6.736745052201297312e+02 -3.659463232472729288e+01 1.786834649471229142e+01
6.738330316417061567e+02 -3.676648784725510666e+01 1.782967480924534698e+01
6.740003937652988952e+02 -3.693352220499132699e+01 1.778966137952530957e+01
6.741756538252977862e+02 -3.709557016030729670e+01 1.774830919346489111e+01
6.743616625070417285e+02 -3.725226839763951858e+01 1.770544820296075272e+01
6.745547459832326922e+02 -3.740364735109444183e+01 1.766135684250361848e+01
6.747535070050473678e+02 -3.754988167904340202e+01 1.761605444679533505e+01
6.749577804036950965e+02 -3.769088750811634725e+01 1.756968451068939885e+01
6.751675234938320500e+02 -3.782653497349351568e+01 1.752216392647072496e+01
6.753823949885695583e+02 -3.795678682322099462e+01 1.747360699111122528e+01
6.756022014286423882e+02 -3.808158911156513682e+01 1.742396291486340942e+01
6.758274209394289755e+02 -3.820086045675529363e+01 1.737328763820693922e+01
6.760571156462516456e+02 -3.831456624541233680e+01 1.732158900358256659e+01
6.762910666661762207e+02 -3.842262534169037025e+01 1.726888305687942093e+01
6.765290465961879818e+02 -3.852495322532523403e+01 1.721510722463594689e+01
6.767708180556593334e+02 -3.862152500942452349e+01 1.716032214420305024e+01
6.770164252072956970e+02 -3.871233948797659252e+01 1.710453225572523550e+01
6.772651837429622219e+02 -3.879724435026887619e+01 1.704769732101125612e+01
6.775193313964105073e+02 -3.887545833579158483e+01 1.698969865237872057e+01
6.777767786304900710e+02 -3.894768163258179783e+01 1.693072601837344493e+01
6.780362097967049522e+02 -3.901390436428461328e+01 1.687083698715580837e+01
6.782967373666683670e+02 -3.907410676059100041e+01 1.681000852768902831e+01
6.785592136639878618e+02 -3.912823900794908383e+01 1.674831237584502119e+01
6.788222469879736991e+02 -3.917621469768494080e+01 1.668578910084742262e+01
6.790857762988779314e+02 -3.921807587195900169e+01 1.662241251475785830e+01
6.793495508569253616e+02 -3.925384098006150424e+01 1.655823170899678232e+01
6.796133061357789984e+02 -3.928347496978739883e+01 1.649329371935827382e+01
6.798764814494332995e+02 -3.930691857592634619e+01 1.642757191985096910e+01
6.801379784128853316e+02 -3.932420792178475466e+01 1.636115922451754656e+01
6.803982939223280937e+02 -3.933534427159428759e+01 1.629395881830549087e+01
6.806563991399292490e+02 -3.934020220481155405e+01 1.622615226054661264e+01
6.809121082243996170e+02 -3.933892722804506548e+01 1.615760411939996999e+01
6.811660599295165639e+02 -3.933037256502400680e+01 1.608828061887021121e+01
6.814167734078972671e+02 -3.931553920972813643e+01 1.601827580919165683e+01
6.816628596580763997e+02 -3.929446526223383529e+01 1.594768913604951699e+01
6.819040389822877160e+02 -3.926714132680407232e+01 1.587648777492747953e+01
6.821394485392671641e+02 -3.923351105232483604e+01 1.580473395942964920e+01
6.823691807981501825e+02 -3.919367303055522456e+01 1.573252120095576245e+01
6.825923215646547533e+02 -3.914778479869964656e+01 1.565984686440707208e+01
6.828085918122612838e+02 -3.909584020853134945e+01 1.558673991011071713e+01
6.830186720320571112e+02 -3.903792438448010671e+01 1.551322844291491876e+01
6.832175915222834419e+02 -3.897414941224379703e+01 1.543946832990950568e+01
6.834107928528060256e+02 -3.890452718129611043e+01 1.536541172203203232e+01
6.835966220985512791e+02 -3.882916111958147809e+01 1.529113967921128925e+01
6.837740182156937863e+02 -3.874813356716843771e+01 1.521672626048442822e+01
6.839440518898945811e+02 -3.866136163506619283e+01 1.514204726997739314e+01
6.841002416592500595e+02 -3.856801287972898251e+01 1.506717467554298828e+01
6.842426152824192513e+02 -3.846907431557956158e+01 1.499225433209339542e+01
6.843738344654589127e+02 -3.836467915361212278e+01 1.491724298161830475e+01
6.844974617629768545e+02 -3.825491272587247238e+01 1.484219274026201951e+01
6.846045557524722653e+02 -3.813979942959334579e+01 1.476717018371239121e+01
6.847019318601956002e+02 -3.801951670220913826e+01 1.469217969764547327e+01
6.847830728801449141e+02 -3.789414179216877443e+01 1.461730379051549988e+01
6.848481814168949313e+02 -3.776372174802538950e+01 1.454256939714044883e+01
6.849021125503388703e+02 -3.762828239801933705e+01 1.446794386721186854e+01
6.849371833001506502e+02 -3.748782905676200272e+01 1.439351067151223873e+01
6.849634022936517113e+02 -3.734242153594361469e+01 1.431934511886564820e+01
6.849679963203798252e+02 -3.719208214210470942e+01 1.424533121916730494e+01
6.849600365266351218e+02 -3.703680277141443611e+01 1.417164935766431100e+01
6.849363282523493126e+02 -3.687649049926125144e+01 1.409820375778268087e+01
6.848961917435698297e+02 -3.671037168596935629e+01 1.402505015369042951e+01
6.848346406813760723e+02 -3.653943207899283863e+01 1.395224961878927594e+01
6.847603268946736534e+02 -3.636367951394621656e+01 1.387985508577726179e+01
6.846723311211429746e+02 -3.618322055139942250e+01 1.380778712289599497e+01
6.845656414428382277e+02 -3.599804842587654718e+01 1.373615717487208698e+01
6.844382535091330055e+02 -3.580814959319493340e+01 1.366495361117229557e+01
6.842938168644415100e+02 -3.561354347135694098e+01 1.359416590905947508e+01
6.841342787952431763e+02 -3.541428064684530597e+01 1.352380067625033533e+01
6.839525677855003778e+02 -3.521031753224081484e+01 1.345390610243846297e+01
6.837499128375773125e+02 -3.500174368101564681e+01 1.338446004064406303e+01
6.835334730073620904e+02 -3.478868087568988443e+01 1.331553624886219112e+01
6.833005362901137687e+02 -3.457131170253785513e+01 1.324717492978890299e+01
6.830432699331383901e+02 -3.434963017638966676e+01 1.317939106642978331e+01
6.827684604231802723e+02 -3.412364152442907539e+01 1.311221129256225026e+01
6.824695762121461939e+02 -3.389278820801808934e+01 1.304569500781239988e+01
6.821557087722865163e+02 -3.365803000096567388e+01 1.297988716025538025e+01
6.818206913741457811e+02 -3.341950476562453076e+01 1.291474826643616858e+01
6.814679072568503670e+02 -3.317719472518047752e+01 1.285034065261507763e+01
6.810991663789440054e+02 -3.293122641157174257e+01 1.278661928561427708e+01
6.807041493979112374e+02 -3.268166421183786952e+01 1.272363524993407324e+01
6.802878008626807969e+02 -3.242856797265886826e+01 1.266138185629309909e+01
6.798558514508898725e+02 -3.217201403119364755e+01 1.259987277363582692e+01
6.793995404561796931e+02 -3.191206476946284099e+01 1.253916068534159223e+01
6.789236589701067714e+02 -3.164888724256615404e+01 1.247922991878794008e+01
6.784233775105444693e+02 -3.138264495149662636e+01 1.242010120828491537e+01
6.779077266507682680e+02 -3.111347210138927721e+01 1.236179591115003262e+01
6.773675791088870710e+02 -3.084138408003565957e+01 1.230433602847271146e+01
6.768078495277281945e+02 -3.056640085512151472e+01 1.224770698882667830e+01
6.762286196895228159e+02 -3.028825072764917081e+01 1.219206726331777979e+01
6.756249436704056279e+02 -3.000764059349765844e+01 1.213735369184561108e+01
6.749977715112503347e+02 -2.972473328064871012e+01 1.208355595114809766e+01
6.743503260116957563e+02 -2.943969312751746514e+01 1.203061052337956305e+01
6.736840880601587287e+02 -2.915256443327877633e+01 1.197861138442038254e+01
6.729953244244981079e+02 -2.886354174089915503e+01 1.192750568422327007e+01
6.722874219966328155e+02 -2.857272164646280288e+01 1.187733378540261420e+01
6.715564604078352886e+02 -2.828027979591012198e+01 1.182812252502614925e+01
6.708024087219307603e+02 -2.798632962000034752e+01 1.177989256977379284e+01
6.700280536747868609e+02 -2.769114897368973160e+01 1.173263887970247943e+01
6.692311965421305331e+02 -2.739486468053824808e+01 1.168633243609343531e+01
6.684167244578619602e+02 -2.709768362501313987e+01 1.164104618410266134e+01
6.675802437813474626e+02 -2.679975079691912043e+01 1.159676270804565235e+01
6.667272380327535757e+02 -2.650102158545650255e+01 1.155357985293200507e+01
6.658500169786638025e+02 -2.620124199887861138e+01 1.151159169827939799e+01
6.649511808157297992e+02 -2.590106593092097498e+01 1.147064141712589880e+01
6.640312855043904392e+02 -2.560048951980744647e+01 1.143077240910650083e+01
6.630931995609191745e+02 -2.529950514075745005e+01 1.139198243917949682e+01
6.621378826571261698e+02 -2.499821899415869808e+01 1.135425080738458270e+01
6.611579716312824075e+02 -2.469665307839168378e+01 1.131766854062788852e+01
6.601590511436023689e+02 -2.439495799058839154e+01 1.128218099908105820e+01
6.591371258409782286e+02 -2.409314310117444435e+01 1.124779187996244367e+01
6.580936134738090004e+02 -2.379122557254634884e+01 1.121451022963815269e+01
6.570324457189091163e+02 -2.348941304812851172e+01 1.118233112536886331e+01
6.559540391063023890e+02 -2.318767921097677842e+01 1.115127635455890420e+01
6.548521944537307036e+02 -2.288617887207594492e+01 1.112139839486674120e+01
6.537325284461817319e+02 -2.258490261364411111e+01 1.109267946123011583e+01
6.525874440177265114e+02 -2.228384532837293364e+01 1.106518819042554291e+01
6.514234716727736441e+02 -2.198302907598502642e+01 1.103893147968801181e+01
6.502368927215778740e+02 -2.168280810836128225e+01 1.101388680510761731e+01
6.490333739916296736e+02 -2.138322318166542857e+01 1.098994979401766692e+01
6.478065542411058004e+02 -2.108438772777879677e+01 1.096713650125703232e+01
6.465596179819098097e+02 -2.078633172782048177e+01 1.094553913158362235e+01
6.452984187497279436e+02 -2.048919277085641255e+01 1.092509412065898644e+01
6.440192309540865381e+02 -2.019300425521198861e+01 1.090576253931985207e+01
6.427177610578726217e+02 -1.989786154674843033e+01 1.088756264848979960e+01
6.413942227006065195e+02 -1.960382039285018507e+01 1.087046858158685758e+01
6.400543859901492851e+02 -1.931103271967591795e+01 1.085451130765986072e+01
6.386952490390883668e+02 -1.901950247729915944e+01 1.083969640855282357e+01
6.373145881880376464e+02 -1.872927946310898406e+01 1.082600134963361072e+01
6.359197266428039939e+02 -1.844060555434612425e+01 1.081340470843224466e+01
6.345021862485243673e+02 -1.815336696570026831e+01 1.080202263249874051e+01
6.330622968299201148e+02 -1.786790453401031442e+01 1.079189873049983461e+01
6.316098862075481293e+02 -1.758420499266532389e+01 1.078282910334004185e+01
6.301431641292645054e+02 -1.730244246701122890e+01 1.077484947737288046e+01
6.286555883733151404e+02 -1.702272085913848088e+01 1.076790194143615764e+01
6.271501646710713658e+02 -1.674514543364629660e+01 1.076203255122362457e+01
6.256324873123564885e+02 -1.646978810597260079e+01 1.075719283650166780e+01
6.241025871743754578e+02 -1.619666683369912974e+01 1.075336019762505124e+01
6.225604811375883401e+02 -1.592589213118077929e+01 1.075056797035375666e+01
6.210010918446625965e+02 -1.565756424822893322e+01 1.074870414663499751e+01
6.194266078203319239e+02 -1.539170624860149061e+01 1.074780338826520776e+01
6.178398866851401863e+02 -1.512846601383315459e+01 1.074791508078423341e+01
6.162408914787724825e+02 -1.486785056853389975e+01 1.074889842683312224e+01
6.146295723361375849e+02 -1.461001496696633417e+01 1.075078317207482748e+01
6.130036276935026081e+02 -1.435517896371860935e+01 1.075372739858273796e+01
6.113637257523431572e+02 -1.410334720736111258e+01 1.075760290871745717e+01
6.097126621274281888e+02 -1.385449418627196749e+01 1.076236670395275574e+01
6.080555256386217025e+02 -1.360883252990898917e+01 1.076792654491175405e+01
6.063880153242955657e+02 -1.336631560259564111e+01 1.077426824809658079e+01
6.047127165246436107e+02 -1.312708485021084215e+01 1.078144016661652316e+01
6.030235725392809627e+02 -1.289112381961933274e+01 1.078936905628728127e+01
6.013281329781948443e+02 -1.265848524230926309e+01 1.079809586310455316e+01
5.996255322055525312e+02 -1.242923611989041000e+01 1.080760118601883768e+01
5.979073748645563455e+02 -1.220341542570529469e+01 1.081784615531518412e+01
5.961843805277503634e+02 -1.198108654587199418e+01 1.082890185298029806e+01
5.944492503853367680e+02 -1.176234390694609289e+01 1.084066579882236780e+01
5.927102056091569011e+02 -1.154711161217398363e+01 1.085323055905928591e+01
5.909629159975042967e+02 -1.133553782233893337e+01 1.086651469726406027e+01
5.892037067551584641e+02 -1.112797151417709429e+01 1.088060359598998517e+01
5.874403128233320786e+02 -1.092427646134304986e+01 1.089557669891767056e+01
5.856669492562901951e+02 -1.072436712422833160e+01 1.091119305653820071e+01
5.838880665381673225e+02 -1.052826950952537999e+01 1.092756688515321528e+01
5.820989638802208219e+02 -1.033601000566815742e+01 1.094455970140240986e+01
5.803079999924110552e+02 -1.014760433131686668e+01 1.096223460694706553e+01
5.785128386226305111e+02 -9.963088479039807766e+00 1.098057113464323287e+01
5.767111215133414817e+02 -9.782482764013685994e+00 1.099952234917247296e+01
5.749016967347544096e+02 -9.605824278636069025e+00 1.101908231857306752e+01
5.730864613462931629e+02 -9.433144673004260738e+00 1.103927458206229950e+01
5.712713760457880880e+02 -9.264467379609087061e+00 1.106004609942806027e+01
5.694463858177110751e+02 -9.099809299151269570e+00 1.108140685195894903e+01
5.676175237395027580e+02 -8.939184794156645353e+00 1.110326023073236179e+01
5.657852076442608222e+02 -8.782613843412596211e+00 1.112568392714657506e+01
5.639476054718841169e+02 -8.630685510990744547e+00 1.114878448445627157e+01
5.621053554662348688e+02 -8.483064926802429184e+00 1.117234833215250944e+01
5.602599199488058730e+02 -8.339596606813302060e+00 1.119643181248201813e+01
5.584116650239622004e+02 -8.200281641512566111e+00 1.122096648138018971e+01
5.565611485964593612e+02 -8.065100006802961019e+00 1.124589032408015221e+01
5.547082411416737386e+02 -7.934055400361805788e+00 1.127124454198560954e+01
5.528536417515696257e+02 -7.807147125240868846e+00 1.129696419652709949e+01
5.509975046393684579e+02 -7.684383851320442105e+00 1.132305199572099497e+01
5.491409162027935054e+02 -7.565764198199977919e+00 1.134946223052450875e+01
5.472837509362052515e+02 -7.451288102546805625e+00 1.137620171436921979e+01
5.454260736831839722e+02 -7.340932720060004968e+00 1.140320119737639892e+01
5.435689355860137084e+02 -7.234684561909233480e+00 1.143051419548288372e+01
5.417120261289906011e+02 -7.132538390427715314e+00 1.145800514599368825e+01
5.398553236611032844e+02 -7.034490782322920133e+00 1.148574347508932370e+01
5.379987861147666308e+02 -6.941272921441858479e+00 1.151380681381915849e+01
5.361435011851921217e+02 -6.852223357713812746e+00 1.154199029589846859e+01
5.342898235851440631e+02 -6.767290556323799500e+00 1.157030508948880332e+01
5.324385165621721399e+02 -6.686311513361425263e+00 1.159872942387916339e+01
5.305911510733117211e+02 -6.609241193385305024e+00 1.162726008298428226e+01
5.287473192085069513e+02 -6.536036349665184098e+00 1.165579620360551694e+01
5.269086176199584770e+02 -6.466666780708488993e+00 1.168436922964087010e+01
5.250752713485914001e+02 -6.401070192847637230e+00 1.171299311912264152e+01
5.232474807521228968e+02 -6.339239595756630763e+00 1.174158363138186800e+01
5.214262660562021665e+02 -6.281094523156420806e+00 1.177010246024985918e+01
5.196113084899261594e+02 -6.226593810111010541e+00 1.179857966873957942e+01
5.178028592024472800e+02 -6.175835384655456117e+00 1.182695427553303702e+01
5.160010320672181479e+02 -6.128770093668324925e+00 1.185524800107694965e+01
5.142057272345846286e+02 -6.085361094544095906e+00 1.188352627912798276e+01
5.124168011538257588e+02 -6.046570526589328587e+00 1.191166571008480446e+01
5.106351542926324214e+02 -6.011574288639979891e+00 1.193966043026978241e+01
5.088608719463639432e+02 -5.980281920418113017e+00 1.196749634493971826e+01
5.070943611659029671e+02 -5.952667921938185280e+00 1.199521805616706338e+01
5.053351703785991731e+02 -5.928693621351252219e+00 1.202277448964750306e+01
5.035841362553147178e+02 -5.908357780282125660e+00 1.205011346523849802e+01
5.018413647777363735e+02 -5.891634158478609606e+00 1.207726335711963372e+01
5.001067444334913716e+02 -5.878587378289658716e+00 1.210419899659320464e+01
4.983801819193095639e+02 -5.869141540507001764e+00 1.213094261050014566e+01
4.966623225631228138e+02 -5.863277325501237591e+00 1.215740039349864610e+01
4.949531956810167230e+02 -5.860958290644014745e+00 1.218359893779470227e+01
4.932525116023464875e+02 -5.862183086236835372e+00 1.220956586277405975e+01
4.915609451770073406e+02 -5.866980697560823188e+00 1.223520618503276047e+01
4.898771674125663935e+02 -5.875309441439910962e+00 1.226047747289652179e+01
4.882042488241310707e+02 -5.887973639466715703e+00 1.228549112668606824e+01
4.865407371535844163e+02 -5.904053824599739819e+00 1.231009265200655278e+01
4.848866423654164350e+02 -5.923448953680712670e+00 1.233438763555568052e+01
4.832424209495693503e+02 -5.946210485817579716e+00 1.235830074962395919e+01
4.816088550212919586e+02 -5.972196955483179970e+00 1.238184112014584137e+01
4.799854671611187769e+02 -6.001397309537829017e+00 1.240498596606138726e+01
4.783726326399772688e+02 -6.033724292498935604e+00 1.242773801899578601e+01
4.767703212900635776e+02 -6.069146811734771774e+00 1.245001539898234810e+01
4.751794613823681743e+02 -6.107636872312426135e+00 1.247187880736602672e+01
4.735990793734417252e+02 -6.149116233162811973e+00 1.249333519789152191e+01
4.720298174430171230e+02 -6.193531255460734464e+00 1.251429541875970131e+01
4.704716767954455463e+02 -6.240862891395869916e+00 1.253476606764415813e+01
4.689245728494452123e+02 -6.291025662601156476e+00 1.255473659482317572e+01
4.673887564358200279e+02 -6.344040286791910788e+00 1.257417007968732214e+01
4.658666513993320564e+02 -6.400404980312202952e+00 1.259304314720449902e+01
4.643553956495810553e+02 -6.459435491209158720e+00 1.261138143021985947e+01
4.628559005457851185e+02 -6.520978583756668279e+00 1.262910989505602899e+01
4.613683500985770820e+02 -6.584988067053429539e+00 1.264633133906137452e+01
4.598929404908648166e+02 -6.651337069173005823e+00 1.266298370711859533e+01
4.584298802137958546e+02 -6.719962944437843255e+00 1.267903811210281617e+01
4.569790132552079172e+02 -6.790802608257315853e+00 1.269452572095878651e+01
4.555401005049290006e+02 -6.863737886924035081e+00 1.270940529899220195e+01
4.541138717912201059e+02 -6.938658332841179721e+00 1.272368107781792368e+01
4.526998779644454771e+02 -7.015504151000131472e+00 1.273736836051041976e+01
4.512989465507127420e+02 -7.094166873754168989e+00 1.275045928375261006e+01
4.499105933629329002e+02 -7.174506902094633709e+00 1.276291399639258550e+01
4.485354018054332528e+02 -7.256500046937508941e+00 1.277469189897920998e+01
4.471726763675436018e+02 -7.340102360521274072e+00 1.278588273257419061e+01
4.458251326406731891e+02 -7.425741242377495333e+00 1.279628213147949545e+01
4.444909472559584174e+02 -7.512720510588533962e+00 1.280597450005820193e+01
4.431693785203784159e+02 -7.601056295743615188e+00 1.281502868782511584e+01
4.418615341379169195e+02 -7.690781650935786473e+00 1.282332914050841310e+01
4.405662234158962178e+02 -7.781842447561942322e+00 1.283099067356327616e+01
4.392844556790660135e+02 -7.874179389470938872e+00 1.283790862469833449e+01
4.380162976613000865e+02 -7.967734419297737070e+00 1.284411121636959230e+01
4.367613079831597815e+02 -8.062448989512176922e+00 1.284964328878141870e+01
4.355200345892904465e+02 -8.158271358371905535e+00 1.285445511900953619e+01
4.342927871308799013e+02 -8.255139147996477078e+00 1.285860433321992602e+01
4.330797600469657596e+02 -8.353004944046316993e+00 1.286204166921070247e+01
4.318801742828546253e+02 -8.451827799618845560e+00 1.286475401715084921e+01
4.306948581524197834e+02 -8.551569521011355590e+00 1.286677836900199523e+01
4.295243714648723881e+02 -8.652282909248363296e+00 1.286811209007433554e+01
4.283699538410882610e+02 -8.754148543504239655e+00 1.286853660809400957e+01
4.272290682475899644e+02 -8.856801033526533473e+00 1.286826993928155360e+01
4.261017411495044485e+02 -8.960210219127853648e+00 1.286721632718106001e+01
4.249887995508103131e+02 -9.064347501235880955e+00 1.286545337228520403e+01
4.238893294699545891e+02 -9.169150947797824358e+00 1.286292217514282044e+01
4.228033869012747346e+02 -9.274575522775574399e+00 1.285962925299266324e+01
4.217312273391295321e+02 -9.380573492598555774e+00 1.285561732672472068e+01
4.206726022235159235e+02 -9.487094553538030439e+00 1.285086847235258034e+01
4.196277684955147720e+02 -9.594083808887155840e+00 1.284536103652169814e+01
4.185963170163476548e+02 -9.701497346766036145e+00 1.283908582363657302e+01
4.175783341291351576e+02 -9.809279010378030961e+00 1.283206842357879118e+01
4.165738760776772551e+02 -9.917373333866191132e+00 1.282426824791742703e+01
4.155820561357040219e+02 -1.002572256037271181e+01 1.281575970579259227e+01
4.146049679458355968e+02 -1.013432737013907214e+01 1.280644528121803027e+01
4.136429674928168652e+02 -1.024318054610626838e+01 1.279625756233847866e+01
4.126933633504893351e+02 -1.035208590169425591e+01 1.278534367091346446e+01
4.117576794352825686e+02 -1.046099270475936471e+01 1.277366819592850256e+01
4.108340077978879208e+02 -1.056985685659799401e+01 1.276129427704927544e+01
4.099228649526012305e+02 -1.067863072113370038e+01 1.274814934740925310e+01
4.090241596922930398e+02 -1.078726303463034952e+01 1.273426065695491971e+01
4.081378132135212127e+02 -1.089572291788202918e+01 1.271966880309099501e+01
4.072633162698258502e+02 -1.100395483096226101e+01 1.270434079864015686e+01
4.064007036769594947e+02 -1.111185621092732312e+01 1.268828152454369018e+01
4.055497370580848155e+02 -1.121944978587534436e+01 1.267146846354994061e+01
4.047100856721312425e+02 -1.132659732798574659e+01 1.265391347717116766e+01
4.038817305667535607e+02 -1.143330179476603270e+01 1.263569307484868176e+01
4.030646642890584985e+02 -1.153937977171745999e+01 1.261690748264805073e+01
4.022599710189355164e+02 -1.164485625501143318e+01 1.259735109796378261e+01
4.014675701712829436e+02 -1.174954997107673016e+01 1.257705285953353957e+01
4.006856535332686917e+02 -1.185340580017814283e+01 1.255622753695720561e+01
3.999142579159162096e+02 -1.195642801135109323e+01 1.253486327403589584e+01
3.991531973137696241e+02 -1.205857256852196180e+01 1.251289834448424365e+01
3.984019134474198154e+02 -1.215971721324543964e+01 1.249036572534665979e+01
3.976601755404707319e+02 -1.225986554727672839e+01 1.246728878614645097e+01
3.969277587566268153e+02 -1.235895819795908146e+01 1.244368637400657640e+01
3.962049987873885470e+02 -1.245701516331306458e+01 1.241950356037213155e+01
3.954917407381112753e+02 -1.255398683237091717e+01 1.239475662360620234e+01
3.947879899795697725e+02 -1.264984168000530040e+01 1.236948116024890787e+01
3.940935035066127057e+02 -1.274450379919759335e+01 1.234363285309694724e+01
3.934084115711369805e+02 -1.283800446516454485e+01 1.231726215337209673e+01
3.927330958160171690e+02 -1.293030286162974996e+01 1.229044292941139638e+01
3.920675954742346221e+02 -1.302120221947502188e+01 1.226293362060490821e+01
3.914131351196788842e+02 -1.311059506169819500e+01 1.223484595895067528e+01
3.907678162441875429e+02 -1.319873282622179111e+01 1.220625605350968890e+01
3.901313345831842980e+02 -1.328543921274807182e+01 1.217710918802497311e+01
3.895038746213257923e+02 -1.337079982835362557e+01 1.214749419919870377e+01
3.888849628926935225e+02 -1.345471896070469775e+01 1.211735773421880502e+01
3.882748216287837977e+02 -1.353721313081837785e+01 1.208673365047152615e+01
3.876736043359659334e+02 -1.361826410946676624e+01 1.205555943495487803e+01
3.870804063601518124e+02 -1.369781683239587267e+01 1.202385661228970015e+01
3.864957900683614298e+02 -1.377587976080195276e+01 1.199173113187434225e+01
3.859194480456478118e+02 -1.385239502647936050e+01 1.195908107731251846e+01
3.853512652941873284e+02 -1.392734727937864747e+01 1.192594470436969267e+01
3.847910517979949532e+02 -1.400080597277406014e+01 1.189240989776193302e+01
3.842383844819803471e+02 -1.407262244421845487e+01 1.185846826155385436e+01
3.836947195126953716e+02 -1.414260041382001454e+01 1.182400740502354175e+01
3.831595973325597129e+02 -1.421080138607278087e+01 1.178909938442056138e+01
3.826322395962550900e+02 -1.427730945809279639e+01 1.175385644434620680e+01
3.821117162409592538e+02 -1.434212719699648275e+01 1.171817776075994999e+01
3.815982887797709395e+02 -1.440532462687300352e+01 1.168210590237350921e+01
3.810915614378781697e+02 -1.446679994757896459e+01 1.164573371347176156e+01
3.805914905058460818e+02 -1.452654398949859171e+01 1.160895410101925052e+01
3.800977866250334500e+02 -1.458455983679981038e+01 1.157178562070614269e+01
3.796100715496300495e+02 -1.464084293223543476e+01 1.153428723559271063e+01
3.791288654679871684e+02 -1.469543043596743992e+01 1.149650528319003051e+01
3.786530056885966360e+02 -1.474830024585107147e+01 1.145840674845347351e+01
3.781833846097023866e+02 -1.479939305681279116e+01 1.141995816658474538e+01
3.777189925781213446e+02 -1.484878016077333385e+01 1.138125934982883791e+01
3.772590937833184626e+02 -1.489650440606328630e+01 1.134231218933764751e+01
3.768057417886282110e+02 -1.494210493060405476e+01 1.130308170322266292e+01
3.763575756748585377e+02 -1.498577557809830729e+01 1.126350208864769797e+01
3.759142430515044566e+02 -1.502774311876687996e+01 1.122375273126461437e+01
3.754748569259400597e+02 -1.506801969263292840e+01 1.118384964895260225e+01
3.750394600009126975e+02 -1.510658968516236200e+01 1.114374020837964352e+01
3.746076787182629459e+02 -1.514345835882145508e+01 1.110350875557287864e+01
3.741798930168103539e+02 -1.517870314563756295e+01 1.106315386881354357e+01
3.737552374537037849e+02 -1.521223319332520241e+01 1.102268830893747698e+01
3.733333430963838282e+02 -1.524409224896822934e+01 1.098207489419564453e+01
3.729143528877486347e+02 -1.527435145256320936e+01 1.094143000353208528e+01
3.724982330960622221e+02 -1.530294411694596945e+01 1.090070391239040148e+01
3.720840239838069010e+02 -1.532988488791154857e+01 1.085986178035972571e+01
3.716719520720919263e+02 -1.535515201293613785e+01 1.081901189037424338e+01
3.712620080431932479e+02 -1.537876449669377088e+01 1.077806532759851343e+01
3.708545155118770253e+02 -1.540026852623698517e+01 1.073706263020532070e+01
3.704490075143319245e+02 -1.541997405825267897e+01 1.069600255959196922e+01
3.700456555811007320e+02 -1.543796062383858825e+01 1.065494691853888476e+01
3.696437545138682594e+02 -1.545432303987180411e+01 1.061393392153387794e+01
3.692437587662623173e+02 -1.546905740717807731e+01 1.057300173370974505e+01
3.688457700367585517e+02 -1.548212179374779396e+01 1.053212782390575164e+01
3.684494161429507812e+02 -1.549353116932110730e+01 1.049127674237349162e+01
3.680539127700554332e+02 -1.550325646407572044e+01 1.045053590793486542e+01
3.676604137392147891e+02 -1.551130898747509335e+01 1.040985080189559575e+01
3.672679245587295327e+02 -1.551773328284654951e+01 1.036923407735504377e+01
3.668763662597006032e+02 -1.552241828947825475e+01 1.032870027647968847e+01
3.664860724320590180e+02 -1.552543283050501266e+01 1.028819746776218125e+01
3.660968130988439952e+02 -1.552675154314125372e+01 1.024780918712867717e+01
3.657083533882640154e+02 -1.552635136902542712e+01 1.020751827527272049e+01
3.653205347192680961e+02 -1.552391646969776673e+01 1.016726096092279086e+01
3.649337986068531450e+02 -1.551968443799517061e+01 1.012715222182995412e+01
3.645477215806446907e+02 -1.551379882810480559e+01 1.008711583569397163e+01
3.641615458419802280e+02 -1.550631282133507405e+01 1.004729134159667225e+01
3.637759120195573814e+02 -1.549720665532187169e+01 1.000758845976688072e+01
3.633905322985842190e+02 -1.548651936736457735e+01 9.968016154277924201e+00
3.630051304763297821e+02 -1.547426209392078356e+01 9.928596262147109996e+00
3.626196492728288376e+02 -1.546039219262147490e+01 9.889376468968556821e+00
3.622338977340884298e+02 -1.544496642167755951e+01 9.850260249371672217e+00
3.618482068295261911e+02 -1.542800401384711506e+01 9.811316201394941316e+00
3.614613726102198257e+02 -1.540944505386137564e+01 9.772536351057087955e+00
3.610740668980297414e+02 -1.538941247712923399e+01 9.733907120589012862e+00
3.606864183272703599e+02 -1.536786454224200504e+01 9.695538443296477737e+00
3.602981043160515355e+02 -1.534488865175133299e+01 9.657269095028263806e+00
3.599083465112505564e+02 -1.531999668990591701e+01 9.619296018102970081e+00
3.595179131514972255e+02 -1.529377133581236059e+01 9.581629540655283606e+00
3.591266956345354515e+02 -1.526626951944139776e+01 9.544128026155261679e+00
3.587348338123093185e+02 -1.523755039658839650e+01 9.506983267732607601e+00
3.583415800392340316e+02 -1.520766331203109623e+01 9.470046183118968841e+00
3.579471562514274297e+02 -1.517658677175653459e+01 9.433392712759752996e+00
3.575519147870148231e+02 -1.514442427498067190e+01 9.397048920302397690e+00
3.571556022571137987e+02 -1.511115778613069160e+01 9.361005479603438317e+00
3.567579051788649735e+02 -1.507686296252930092e+01 9.325257449468553617e+00
3.563586513540694227e+02 -1.504160420179779933e+01 9.289776050966249699e+00
3.559576830803373468e+02 -1.500540628786930597e+01 9.254608619168990913e+00
3.555554829491925375e+02 -1.496822905883045252e+01 9.219739868237899927e+00
3.551518396262773649e+02 -1.493027755626441788e+01 9.185196471320905331e+00
3.547470534973687677e+02 -1.489154690417079330e+01 9.151027461315752731e+00
3.543390174354978512e+02 -1.485162289623322707e+01 9.117271837421055736e+00
3.539290566485999534e+02 -1.481106420367941290e+01 9.083837357236641097e+00
3.535179717851148666e+02 -1.476981279031448935e+01 9.050752781041897066e+00
3.531045032480652139e+02 -1.472802282118038519e+01 9.018019228521991337e+00
3.526897970452463369e+02 -1.468561268770468509e+01 8.985698141101149616e+00
3.522727435321324947e+02 -1.464265914133365243e+01 8.953754179180378969e+00
3.518539181131222335e+02 -1.459914875201889650e+01 8.922218080461023604e+00
3.514333758698235783e+02 -1.455506459813166309e+01 8.891045603139538400e+00
3.510101875752934006e+02 -1.451043851943156149e+01 8.860241693724173473e+00
3.505852248930983706e+02 -1.446523627426867620e+01 8.829875111919166741e+00
3.501579760773780094e+02 -1.441949735096082819e+01 8.799857055271163020e+00
3.497282303687347849e+02 -1.437326028143180245e+01 8.770289213629546055e+00
3.492963014089088460e+02 -1.432642485629507512e+01 8.741131813240262005e+00
3.488617505791689268e+02 -1.427907007362836644e+01 8.712334594193640314e+00
3.484233313452166954e+02 -1.423082850167207525e+01 8.684060485091253057e+00
3.479819060715646515e+02 -1.418207373528551862e+01 8.656240088753632378e+00
3.475375962752981422e+02 -1.413278374140143789e+01 8.628782539893510517e+00
3.470904036785824474e+02 -1.408306157580216755e+01 8.601746866371764000e+00
3.466413233592934944e+02 -1.403291414330168685e+01 8.575166201085457018e+00
3.461894349349462914e+02 -1.398238021216996962e+01 8.549010802799406505e+00
3.457349743455620796e+02 -1.393152376032290007e+01 8.523289022520289748e+00
3.452781678290307923e+02 -1.388032453782362019e+01 8.498020291998519937e+00
3.448192319401539976e+02 -1.382880892016847518e+01 8.473177190092780364e+00
3.443578402728384731e+02 -1.377707846651048840e+01 8.448786407982723290e+00
3.438938738499804231e+02 -1.372505213238782851e+01 8.424795051131690471e+00
3.434268803304829589e+02 -1.367274666337285716e+01 8.401279769226125183e+00
3.429582150322346479e+02 -1.362021459159935688e+01 8.378188860329009557e+00
3.424860021184400694e+02 -1.356747275178718048e+01 8.355567621031005032e+00
3.420095821917536796e+02 -1.351424824399915714e+01 8.333449043863650374e+00
3.415310989941244770e+02 -1.346096540400193398e+01 8.311830032599177187e+00
3.410489679396021643e+02 -1.340746739649821606e+01 8.290615611251148209e+00
3.405649423062445749e+02 -1.335390193757782562e+01 8.269807230598427594e+00
3.400781501946780736e+02 -1.330026552806422124e+01 8.249448636132358459e+00
3.395892832667669836e+02 -1.324661670116765677e+01 8.229521151774926935e+00
3.390980678788773162e+02 -1.319293639849355948e+01 8.210006903481364304e+00
3.386041266263732723e+02 -1.313930169277285387e+01 8.190931891676518362e+00
3.381080294881878103e+02 -1.308569221185804743e+01 8.172273317791223235e+00
3.376096816046456865e+02 -1.303217753495133735e+01 8.154032907383152562e+00
3.371088393134685930e+02 -1.297879686443417668e+01 8.136168117211935780e+00
3.366055624889923479e+02 -1.292556091912370420e+01 8.118742257749506308e+00
3.361006000515203596e+02 -1.287243733117437117e+01 8.101712332043245368e+00
3.355931474730668356e+02 -1.281951778878392822e+01 8.085089930445505502e+00
3.350820458428398751e+02 -1.276676557144210911e+01 8.068986431773954138e+00
3.345694005659690333e+02 -1.271439623798363350e+01 8.053264643741366413e+00
3.340548317840610366e+02 -1.266230390685268148e+01 8.037917987407579901e+00
3.335394918880562045e+02 -1.261057500441668999e+01 8.022950927720469139e+00
3.330227559982579351e+02 -1.255932343585971900e+01 8.008352324663784216e+00
3.325049479220166404e+02 -1.250851147246688200e+01 7.994115369236793001e+00
3.319865772732723030e+02 -1.245819871558949643e+01 7.980239811591686383e+00
3.314675937393140543e+02 -1.240842422582166726e+01 7.966716347593763459e+00
3.309478148485289353e+02 -1.235925517711697452e+01 7.953547032515545290e+00
3.304270198922498594e+02 -1.231060581985216196e+01 7.940725316792250688e+00
3.299055762680353041e+02 -1.226249802015651369e+01 7.928250061155828199e+00
3.293828560985125478e+02 -1.221498265263228689e+01 7.916127016993468324e+00
3.288598206977517862e+02 -1.216801645789278474e+01 7.904355643386747232e+00
3.283346804254001086e+02 -1.212171291108462334e+01 7.892975465502003907e+00
3.278078258384538799e+02 -1.207602753079132718e+01 7.882058265338781844e+00
3.272800733857608861e+02 -1.203097608726738699e+01 7.871488276360526726e+00
3.267507717376461756e+02 -1.198653603798089939e+01 7.861265763484643898e+00
3.262207791496772984e+02 -1.194276500203834779e+01 7.851389419322133634e+00
3.256894742909963156e+02 -1.189963072011942558e+01 7.841857416568318584e+00
3.251571461209826452e+02 -1.185718615040419088e+01 7.832674426433915649e+00
3.246238934734221289e+02 -1.181535502384579850e+01 7.823830507020902658e+00
3.240894494317164458e+02 -1.177422592445106986e+01 7.815324359634407969e+00
3.235540915442467167e+02 -1.173374446256231707e+01 7.807154467097064732e+00
3.230182329100750849e+02 -1.169399434782912373e+01 7.799313078055115867e+00
3.224809687174441706e+02 -1.165490458430394405e+01 7.791802617882537696e+00
3.219430433050530951e+02 -1.161658045945937978e+01 7.784616104922009505e+00
3.214045367628226586e+02 -1.157890162595449546e+01 7.777749197676876669e+00
3.208640132628656261e+02 -1.154202822739669898e+01 7.771248610764788012e+00
3.203222289116571346e+02 -1.150605146905240694e+01 7.765141050727572214e+00
3.197796245818443595e+02 -1.147085419477670953e+01 7.759336330385101732e+00
3.192354976220794924e+02 -1.143640643066812501e+01 7.753823325810522249e+00
3.186906325921154917e+02 -1.140268035670271018e+01 7.748609020239483947e+00
3.181446406861161336e+02 -1.136970694580737451e+01 7.743675749296863309e+00
3.175979804013327907e+02 -1.133757605006010216e+01 7.739018220898939759e+00
3.170505774855211030e+02 -1.130618849239083445e+01 7.734632000211797198e+00
3.165025650811178934e+02 -1.127556628599272237e+01 7.730510799887110096e+00
3.159541841966790230e+02 -1.124576002145950682e+01 7.726645303313305568e+00
3.154057931783621598e+02 -1.121673842107087182e+01 7.723033339968091049e+00
3.148570422810433342e+02 -1.118852546068039189e+01 7.719663615380884636e+00
3.143082365041579465e+02 -1.116112116549902389e+01 7.716528828324796585e+00
3.137599255439041031e+02 -1.113451093424926164e+01 7.713617452126281471e+00
3.132115673573884465e+02 -1.110882582351655401e+01 7.710966160349968845e+00
3.126626800965452730e+02 -1.108414247086771631e+01 7.708585893890966823e+00
3.121142091221908004e+02 -1.106025530500429710e+01 7.706396484984113116e+00
3.115659769252216051e+02 -1.103717166720881515e+01 7.704393197413425654e+00
3.110182937728735055e+02 -1.101488449218229171e+01 7.702564408142468899e+00
3.104710875161521244e+02 -1.099337953913311594e+01 7.700895944150166095e+00
3.099245607125633910e+02 -1.097264561473980038e+01 7.699377999647219362e+00
3.093787472748393270e+02 -1.095268123074674449e+01 7.698006112932488598e+00
3.088341900310998085e+02 -1.093347773749633589e+01 7.696765302352353899e+00
3.082909312891411560e+02 -1.091502433255800675e+01 7.695645403668695650e+00
3.077491653686709583e+02 -1.089732369781872023e+01 7.694636498415008852e+00
3.072088286201023948e+02 -1.088036360403189029e+01 7.693728898409564643e+00
3.066702231764219846e+02 -1.086412900983132879e+01 7.692906523220968573e+00
3.061331532360586607e+02 -1.084861318497928373e+01 7.692160057387222416e+00
3.055977229479423158e+02 -1.083400981709407773e+01 7.691488875794495250e+00
3.050642108790260068e+02 -1.082036315127070480e+01 7.690985827186583634e+00
3.045316913098166651e+02 -1.080748335391131754e+01 7.690534170895639399e+00
3.040007376608744494e+02 -1.079537612319561113e+01 7.690100646584080657e+00
3.034719293091247891e+02 -1.078403512005199261e+01 7.689747740426779110e+00
3.029444354752151867e+02 -1.077346465974350842e+01 7.689487993996225512e+00
3.024186505075350624e+02 -1.076365384031770134e+01 7.689227301093613853e+00
3.018949709543537665e+02 -1.075460924327123813e+01 7.689055101206331955e+00
3.013728929015035192e+02 -1.074634031046568516e+01 7.688965266693714717e+00
3.008530310932667362e+02 -1.073884418571523014e+01 7.688906564405349364e+00
3.003353629910832865e+02 -1.073211792875270199e+01 7.688883601274214996e+00
2.998197128014576833e+02 -1.072616432820470145e+01 7.688874325366512608e+00
2.993058257729592810e+02 -1.072097513997503349e+01 7.688960506899243263e+00
2.987939304897331567e+02 -1.071655396838256635e+01 7.689056052321213031e+00
2.982844436136220452e+02 -1.071312116208383181e+01 7.689196701141119306e+00
2.977762996669559925e+02 -1.071065482238187094e+01 7.689409981705271235e+00
2.972703945210359961e+02 -1.070895711641725256e+01 7.689638358862881162e+00
2.967659164373761200e+02 -1.070802229009560769e+01 7.689901802384191853e+00
2.962637157797749410e+02 -1.070783486786863570e+01 7.690172989046742735e+00
2.957633255305996727e+02 -1.070838514246326056e+01 7.690431465855597004e+00
2.952649806620729578e+02 -1.070966291128230097e+01 7.690674711329537949e+00
2.947688221134825994e+02 -1.071166557660921548e+01 7.690960809267782139e+00
2.942744044194951698e+02 -1.071438346699670419e+01 7.691192965715313079e+00
2.937821815414432649e+02 -1.071781015173869633e+01 7.691420736501733302e+00
2.932926123111777770e+02 -1.072193781543165869e+01 7.691659842050436069e+00
2.928043137062982169e+02 -1.072674762491968004e+01 7.691857680692106847e+00
2.923183908684383141e+02 -1.073223317446570668e+01 7.692028339533927728e+00
2.918342345098471924e+02 -1.073838017973892711e+01 7.692136842907645544e+00
2.913523654621287164e+02 -1.074544487577073859e+01 7.692207490647057888e+00
2.908730715309346806e+02 -1.075330909063881180e+01 7.692202771339464284e+00
2.903952922829874979e+02 -1.076179352227592290e+01 7.692191609970642219e+00
2.899200412408141005e+02 -1.077086558824986895e+01 7.692035828166845057e+00
2.894471640573542572e+02 -1.078049007881342014e+01 7.691853443406396984e+00
2.889765696943696298e+02 -1.079065074641476940e+01 7.691589407905126130e+00
2.885080255343418116e+02 -1.080131489457060390e+01 7.691263448414412451e+00
2.880417358282894611e+02 -1.081245550233527375e+01 7.690811257220871333e+00
2.875782601054753513e+02 -1.082404749188930282e+01 7.690267501526082405e+00
2.871168587402743810e+02 -1.083605775884858247e+01 7.689666498681713591e+00
2.866578577592194392e+02 -1.084845079727334216e+01 7.688928924146129162e+00
2.862017493491534879e+02 -1.086120495375522843e+01 7.688093707673838928e+00
2.857481827723973424e+02 -1.087429219275305137e+01 7.687217026603055281e+00
2.852968138609334119e+02 -1.088768125949744636e+01 7.686113743897617923e+00
2.848478968741346762e+02 -1.090158413243793589e+01 7.684913105139572487e+00
2.844024373943004207e+02 -1.091582739511945732e+01 7.683581054923803499e+00
2.839597384492556102e+02 -1.093025254263899626e+01 7.682081409912460579e+00
2.835191709474544837e+02 -1.094482946826304826e+01 7.680445285901694064e+00
2.830817294629063099e+02 -1.095952260133977063e+01 7.678678936204163641e+00
2.826468071645901432e+02 -1.097433048047452075e+01 7.676755786419629857e+00
2.822142764462338960e+02 -1.098926263009585647e+01 7.674709335140777355e+00
2.817844225375665701e+02 -1.100432415081867532e+01 7.672490510829866217e+00
2.813574518084140550e+02 -1.101951185607259909e+01 7.670090420942709208e+00
2.809333432446969141e+02 -1.103482506598544610e+01 7.667527964689663023e+00
2.805120667296695842e+02 -1.105026600882745136e+01 7.664858504498999636e+00
2.800936399546768030e+02 -1.106583444293002039e+01 7.662016197296108722e+00
2.796778085925354844e+02 -1.108153093450851578e+01 7.658986430778599086e+00
2.792643253079492638e+02 -1.109735681163248522e+01 7.655872258434871291e+00
2.788553401766236561e+02 -1.111351850882309300e+01 7.652434609757808204e+00
2.784493358089491721e+02 -1.112985542171080233e+01 7.648872529861664660e+00
2.780458290020607137e+02 -1.114630256137020758e+01 7.645154787196994484e+00
2.776448015552433617e+02 -1.116287085609285157e+01 7.641268966881527902e+00
2.772469439426641884e+02 -1.117955710960220195e+01 7.637138117089184774e+00
2.768520298865967106e+02 -1.119635455192264395e+01 7.632848437887234994e+00
2.764595000676557675e+02 -1.121326492253890983e+01 7.628389933664566414e+00
2.760697248254207352e+02 -1.123026614218130170e+01 7.623739330057699881e+00
2.756825524562451619e+02 -1.124734623789286836e+01 7.618921601218263007e+00
2.752981866713754471e+02 -1.126449353005623699e+01 7.613909004006568004e+00
2.749170311211567537e+02 -1.128168509168234124e+01 7.608692515494836606e+00
2.745385684287073786e+02 -1.129891047128007031e+01 7.603295341471331348e+00
2.741624196486370124e+02 -1.131616080147616010e+01 7.597740090241781985e+00
2.737891688401240344e+02 -1.133341040983434667e+01 7.592048769120063767e+00
2.734198278720853637e+02 -1.135079336984290777e+01 7.586091551656769738e+00
2.730534045513145998e+02 -1.136818049947717313e+01 7.579932698684405779e+00
2.726895820893072369e+02 -1.138553495802404392e+01 7.573545449488936931e+00
2.723284417566885622e+02 -1.140284366651632553e+01 7.566998602897755610e+00
2.719699929017032218e+02 -1.142009161574773657e+01 7.560246697566885388e+00
2.716135668829376755e+02 -1.143727026585624706e+01 7.553276874442490296e+00
2.712597687906299484e+02 -1.145434807786498510e+01 7.546126189288685282e+00
2.709084351053142541e+02 -1.147134830922126270e+01 7.538782957628751724e+00
2.705594327674505166e+02 -1.148821097594891327e+01 7.531228852131331308e+00
2.702128243531170142e+02 -1.150490886996911044e+01 7.523502686887631796e+00
2.698682759496081758e+02 -1.152148860579301193e+01 7.515587305545734509e+00
2.695254438404587063e+02 -1.153783751058349516e+01 7.507497341162607363e+00
2.691856322301881050e+02 -1.155399393385540208e+01 7.499246808029497835e+00
2.688476306360823855e+02 -1.156998701766293536e+01 7.490775214466594001e+00
2.685123485746126448e+02 -1.158571987944526249e+01 7.481995353507897129e+00
2.681793894130443618e+02 -1.160114715901359084e+01 7.473075472622447535e+00
2.678478724722363609e+02 -1.161631884865166953e+01 7.463959957738461881e+00
2.675179701123788050e+02 -1.163112739194682099e+01 7.454659746751837623e+00
2.671900282257307708e+02 -1.164561995561554220e+01 7.445158885774817215e+00
2.668634343824885491e+02 -1.165971490634995789e+01 7.435471658450944155e+00
2.665381684611938340e+02 -1.167340369281702195e+01 7.425639949109615223e+00
2.662146387286696836e+02 -1.168665670793810207e+01 7.415660847389510479e+00
2.658923101602964607e+02 -1.169944230980296851e+01 7.405532354284722452e+00
2.655709849588598104e+02 -1.171175485345328759e+01 7.395239168222540016e+00
2.652510998682863601e+02 -1.172359078830512580e+01 7.384757104020316376e+00
2.649321636096226484e+02 -1.173491877141061401e+01 7.374187369083844423e+00
2.646154923481916512e+02 -1.174574871372322526e+01 7.363503668669584279e+00
2.642993358395437440e+02 -1.175611061551608572e+01 7.352614813424783513e+00
2.639855500916485767e+02 -1.176597504488245249e+01 7.341487979965752864e+00
2.636737653238364487e+02 -1.177526926329872481e+01 7.330227822455843700e+00
2.633628257455839616e+02 -1.178413642296096064e+01 7.318816063014938145e+00
2.630535944486974813e+02 -1.179246411012304563e+01 7.307202323554933265e+00
2.627459826816652253e+02 -1.180027651288941826e+01 7.295446840204475869e+00
2.624392700457374872e+02 -1.180759653011334009e+01 7.283577742864573601e+00
2.621338613225831864e+02 -1.181444574060289554e+01 7.271568782800127195e+00
2.618300449482624117e+02 -1.182080167074895449e+01 7.259362518538225117e+00
2.615276509137567018e+02 -1.182664091784108784e+01 7.246995710562047499e+00
2.612267131056588028e+02 -1.183198092365048915e+01 7.234462351041467620e+00
2.609271178334923889e+02 -1.183677898573463239e+01 7.221814632267814282e+00
2.606290707517121632e+02 -1.184108744728277074e+01 7.209007737581085706e+00
2.603320871128375984e+02 -1.184487089480897737e+01 7.196082625489522933e+00
2.600363055552464857e+02 -1.184818834940103827e+01 7.182964382943123560e+00
2.597427911117103463e+02 -1.185084773701598415e+01 7.169633859005884347e+00
2.594508305137649131e+02 -1.185292311047115810e+01 7.156175278032002041e+00
2.591603162305503929e+02 -1.185453615746832945e+01 7.142579236377657459e+00
2.588703196081303304e+02 -1.185557687662839221e+01 7.128835878667830528e+00
2.585816989170649549e+02 -1.185608496970468018e+01 7.114934906698240802e+00
2.582943585628985943e+02 -1.185603702182780772e+01 7.100898033580508972e+00
2.580080045481263937e+02 -1.185544808212551082e+01 7.086728831725830346e+00
2.577224388990466082e+02 -1.185426961393518219e+01 7.072411671715605586e+00
2.574374783573350101e+02 -1.185254700593594634e+01 7.057927963244593705e+00
2.571538977069265002e+02 -1.185025819434144800e+01 7.043282617602094398e+00
2.568710647151195872e+02 -1.184736550008931744e+01 7.028494043289748028e+00
2.565887027720945639e+02 -1.184392512298574474e+01 7.013613563639419013e+00
2.563070532340807404e+02 -1.183994754061133570e+01 6.998648174362745777e+00
2.560264770325796349e+02 -1.183531115763369357e+01 6.983495358708021961e+00
2.557469232495542997e+02 -1.182999791182464300e+01 6.968159430452377734e+00
2.554679628412508805e+02 -1.182415796830958499e+01 6.952780953745189230e+00
2.551896724330831603e+02 -1.181767782869531125e+01 6.937345068745871757e+00
2.549116167207487536e+02 -1.181069842910403267e+01 6.921814414637831980e+00
2.546340418438115307e+02 -1.180312846359181478e+01 6.906165795894868786e+00
2.543565370384891935e+02 -1.179502728543038081e+01 6.890498308255111226e+00
2.540790708157863946e+02 -1.178635650490379305e+01 6.874757710330142935e+00
2.538019543021696620e+02 -1.177713655024164119e+01 6.858924455549447963e+00
2.535241167065457546e+02 -1.176733924100313899e+01 6.843023394442500518e+00
2.532465272059536119e+02 -1.175698874522019644e+01 6.827091907116503045e+00
2.529688557503347965e+02 -1.174608392819162184e+01 6.811084154790924217e+00
2.526901902783779974e+02 -1.173465591578598932e+01 6.795087183367532369e+00
2.524119784121077430e+02 -1.172268918550921590e+01 6.778983251096358131e+00
2.521326055991439148e+02 -1.171015506442764753e+01 6.762936686373110184e+00
2.518531182120202629e+02 -1.169680544487807872e+01 6.746841681333333618e+00
2.515733128224085249e+02 -1.168301210719860350e+01 6.730717598357390585e+00
2.512922856142496357e+02 -1.166859587003194498e+01 6.714554580457889443e+00
2.510110961033247463e+02 -1.165361737268228559e+01 6.698393039180516872e+00
2.507295666807639805e+02 -1.163811928257239359e+01 6.682233492372035677e+00
2.504469365082831871e+02 -1.162202190851964545e+01 6.666072135328419357e+00
2.501635833569921488e+02 -1.160535775500531130e+01 6.649829617816457983e+00
2.498794437037717557e+02 -1.158811354979531494e+01 6.633609995561859485e+00
2.495949741693947033e+02 -1.157027712721955659e+01 6.617360593952533065e+00
2.493098110668046274e+02 -1.155187551427082049e+01 6.601110277381605940e+00
2.490243167518684118e+02 -1.153293392829063713e+01 6.584862090776032240e+00
2.487384557554409810e+02 -1.151347578638704938e+01 6.568562945548372056e+00
2.484516901044110000e+02 -1.149345209445110427e+01 6.552325952074292026e+00
2.481650319018972937e+02 -1.147277299450724541e+01 6.536062266656370134e+00
2.478774149306478307e+02 -1.145134318813346574e+01 6.519732803664738618e+00
2.475897057654216553e+02 -1.142938775319320577e+01 6.503482203979306320e+00
2.473013557287896447e+02 -1.140690359448476521e+01 6.487227331047995982e+00
2.470122735217102559e+02 -1.138385930964868464e+01 6.470984248962457386e+00
2.467231433006030272e+02 -1.136029963167815815e+01 6.454719546779011274e+00
2.464334073167971724e+02 -1.133617740426467968e+01 6.438484606033016533e+00
2.461425046076779495e+02 -1.131153941584685185e+01 6.422239085733817632e+00
2.458512016244458778e+02 -1.128634898720631341e+01 6.406045237741937015e+00
2.455591547584186003e+02 -1.126062876631890930e+01 6.389865995861479853e+00
2.452667384727163551e+02 -1.123439707704087454e+01 6.373638206766851333e+00
2.449736721816333613e+02 -1.120762521348127372e+01 6.357454796585482626e+00
2.446791315836555611e+02 -1.118037850648730469e+01 6.341337245914980159e+00
2.443846655818429383e+02 -1.115260323930702668e+01 6.325186931061551832e+00
2.440885366363034166e+02 -1.112423733542569870e+01 6.309034662959275508e+00
2.437922626646056301e+02 -1.109515013470616651e+01 6.292941075879636692e+00
2.434947319694452972e+02 -1.106566259900944793e+01 6.276888727028308246e+00
2.431962494701370190e+02 -1.103569453935784317e+01 6.260850582468311387e+00
2.428971159238849111e+02 -1.100525993618212262e+01 6.244846631235312806e+00
2.425973402016259968e+02 -1.097440943457032070e+01 6.228915701438761943e+00
2.422963116008290854e+02 -1.094316484725513661e+01 6.212987104655307569e+00
2.419942037360375764e+02 -1.091152392443924413e+01 6.197136236572307055e+00
2.416913074202489611e+02 -1.087947089428744007e+01 6.181336989043294317e+00
2.413874996107631716e+02 -1.084702958767647729e+01 6.165613575365889609e+00
2.410825000635443587e+02 -1.081418235066325906e+01 6.149919732414622864e+00
2.407762831469874243e+02 -1.078097103333657181e+01 6.134261290316542770e+00
2.404684524684152791e+02 -1.074739963969463474e+01 6.118637233917024076e+00
2.401597940194429839e+02 -1.071351822898940753e+01 6.103094072029139561e+00
2.398497049864904511e+02 -1.067918769403349089e+01 6.087628133853288048e+00
2.395376592064042711e+02 -1.064445688237332099e+01 6.072290296401843257e+00
2.392252757525556319e+02 -1.060952829628133642e+01 6.056986813121496560e+00
2.389110112898208342e+02 -1.057439448498017320e+01 6.041784130706100875e+00
2.385959527857800992e+02 -1.053911871500466901e+01 6.026701305551074306e+00
2.382793994838204981e+02 -1.050370486233441092e+01 6.011712337689710139e+00
2.379621396815664696e+02 -1.046813198871975459e+01 5.996849903586901398e+00
2.376436259362875205e+02 -1.043248514538487726e+01 5.982074825243954841e+00
2.373236582779524610e+02 -1.039670250595023049e+01 5.967428134010969387e+00
2.370028793137655896e+02 -1.036073217016118697e+01 5.952885703417671870e+00
2.366804114190386201e+02 -1.032465676216940231e+01 5.938450827176245284e+00
2.363565185711078414e+02 -1.028840892885978064e+01 5.924121795679940128e+00
2.360316669458321996e+02 -1.025196627159014362e+01 5.909898087209300321e+00
2.357053609383523565e+02 -1.021535314878348011e+01 5.895774731653319556e+00
2.353773665033104976e+02 -1.017846786284227711e+01 5.881780833358259741e+00
2.350486101311034872e+02 -1.014128851874380999e+01 5.867917546938477891e+00
2.347180545384362631e+02 -1.010400459966178666e+01 5.854159607928716369e+00
2.343860895910220847e+02 -1.006656636417682371e+01 5.840523122455516969e+00
2.340533280745669913e+02 -1.002897058820693132e+01 5.827005603179357784e+00
2.337193523713046659e+02 -9.991206638319292566e+00 5.813605644710197140e+00
2.333839969057298163e+02 -9.953279970019126566e+00 5.800313597008154964e+00
2.330473420705121157e+02 -9.915190514692360679e+00 5.787133806085237531e+00
2.327095511557410532e+02 -9.876955464040156230e+00 5.774067355740087670e+00
2.323703972940323297e+02 -9.838565628643365812e+00 5.761112525686686858e+00
2.320294788168804985e+02 -9.800016965845363970e+00 5.748264633793749745e+00
2.316872802983386066e+02 -9.761298651197240162e+00 5.735524939904906638e+00
2.313441849600446574e+02 -9.722428234858718099e+00 5.722900869806894164e+00
2.309996141392129232e+02 -9.683422992438352139e+00 5.710393054342068453e+00
2.306538564293129525e+02 -9.644196786710592662e+00 5.698035372348729588e+00
2.303064001814786366e+02 -9.604750442161895663e+00 5.685815524600488224e+00
2.299571708369489897e+02 -9.565301434311763273e+00 5.673715983820319941e+00
2.296075159608014360e+02 -9.525795341835065599e+00 5.661747667057301037e+00
2.292568956603968786e+02 -9.486223931787563401e+00 5.649900958292383812e+00
2.289051207172567217e+02 -9.446573301609539897e+00 5.638177376088212789e+00
2.285521004684735260e+02 -9.406879408425490752e+00 5.626567874547470538e+00
2.281980243033145541e+02 -9.367108997376764279e+00 5.615078919729672435e+00
2.278425441270837837e+02 -9.327324482678651663e+00 5.603708591581375131e+00
2.274857493264242692e+02 -9.287478590802097145e+00 5.592452414087806467e+00
2.271282908751865648e+02 -9.247634067587489071e+00 5.581308490418487089e+00
2.267692900527089535e+02 -9.207740156700893408e+00 5.570284427009815964e+00
2.264097090392561427e+02 -9.167902615346056550e+00 5.559373739220386135e+00
2.260485147601463893e+02 -9.128101087779770140e+00 5.548570792351304348e+00
2.256864499981169558e+02 -9.088206536385888157e+00 5.537935675704330762e+00
2.253225916185666904e+02 -9.048419564287881300e+00 5.527432805051707199e+00
2.249584617700900822e+02 -9.008663903514666060e+00 5.517045440850957938e+00
2.245928960992156931e+02 -8.969079210598785323e+00 5.506768452443052020e+00
2.242268417283690667e+02 -8.929593895617067290e+00 5.496608299529466279e+00
2.238603284909432602e+02 -8.890228037302410513e+00 5.486554946061720450e+00
2.234926581221750439e+02 -8.851038747327496736e+00 5.476613201547583465e+00
2.231247638444325503e+02 -8.812029832274191676e+00 5.466778771717739183e+00
2.227561816064601032e+02 -8.773216695781565377e+00 5.457047542404769302e+00
2.223871974839658208e+02 -8.734595104201060778e+00 5.447425417888435817e+00
2.220179214336484392e+02 -8.696219875897078566e+00 5.437905480282704040e+00
2.216474507303551036e+02 -8.658109054699954399e+00 5.428484298254915075e+00
2.212768609997122553e+02 -8.620264607196695295e+00 5.419159708140323772e+00
2.209056936739150956e+02 -8.582611872574362977e+00 5.409942868143299499e+00
2.205338328736876861e+02 -8.545208250131311800e+00 5.400890894934803121e+00
2.201602847248034323e+02 -8.508001244314117528e+00 5.391953369443140964e+00
2.197865040689972318e+02 -8.471069242507049069e+00 5.383125247784785294e+00
2.194119043200367400e+02 -8.434393408496218214e+00 5.374401849304906165e+00
2.190370427528150117e+02 -8.397936561855193105e+00 5.365789765122792154e+00
2.186618250831174350e+02 -8.361730254246172223e+00 5.357282431682197199e+00
2.182861534726039849e+02 -8.325760300892277144e+00 5.348890259517097512e+00
2.179099266113999818e+02 -8.290080119733051589e+00 5.340609105631409115e+00
2.175330398012536648e+02 -8.254648392117111655e+00 5.332444417386226654e+00
2.171564285462270902e+02 -8.219485612809497965e+00 5.324389002162273954e+00
2.167789118808216244e+02 -8.184574420642249493e+00 5.316445773509492767e+00
2.164008090637408657e+02 -8.149895701750546451e+00 5.308615584032141399e+00
2.160231266681273610e+02 -8.115458767617305114e+00 5.300891451718269032e+00
2.156444416988625790e+02 -8.081273933236113649e+00 5.293281491463951660e+00
2.152645509714147920e+02 -8.047407371622178118e+00 5.285845762395299907e+00
2.148839219302991808e+02 -8.013761449309344087e+00 5.278532628330906640e+00
2.145026854884406760e+02 -7.980415473904871604e+00 5.271325923772455901e+00
2.141214074292593352e+02 -7.947342829735767111e+00 5.264222637511013936e+00
2.137396947557111275e+02 -7.914482223336793965e+00 5.257227095415495377e+00
2.133574456611676453e+02 -7.881937257123044382e+00 5.250337733606709634e+00
2.129752298094606999e+02 -7.849650178042283599e+00 5.243548849604640516e+00
2.125924225667597227e+02 -7.817627791978385865e+00 5.236865829627233460e+00
2.122093533942280601e+02 -7.785888648480237428e+00 5.230280224575191816e+00
2.118257282680298772e+02 -7.754423317412071803e+00 5.223792044227712594e+00
2.114416556632051254e+02 -7.723233137229733813e+00 5.217405121306619264e+00
2.110572568825841415e+02 -7.692323903799368701e+00 5.211104484072852649e+00
2.106723811452647510e+02 -7.661695788499906179e+00 5.204897506767587778e+00
2.102868759819041315e+02 -7.631362828167054246e+00 5.198785761801166139e+00
2.099007820164954410e+02 -7.601441901004969637e+00 5.192822710700380817e+00
2.095139166263052743e+02 -7.571821595248225734e+00 5.186940899922588777e+00
2.091273412500715381e+02 -7.542509923634224123e+00 5.181146792955432012e+00
2.087401413264885832e+02 -7.513506423587215544e+00 5.175425984083986464e+00
2.083535498509341153e+02 -7.484817902099172748e+00 5.169778197365680228e+00
2.079668669134823915e+02 -7.456442791786393798e+00 5.164203418888823727e+00
2.075806268920079845e+02 -7.428394740357873616e+00 5.158698189379498977e+00
2.071946110944613508e+02 -7.400666467808751037e+00 5.153258199787297045e+00
2.068086058565352801e+02 -7.373261453410250965e+00 5.147879408648087463e+00
2.064231344567425595e+02 -7.346178297683490399e+00 5.142553742718626530e+00
2.060380880545970115e+02 -7.319417919961761498e+00 5.137279185015979799e+00
2.056536722554695586e+02 -7.292982647094613746e+00 5.132057128015117264e+00
2.052692444234627374e+02 -7.266884651346682489e+00 5.126875368402814104e+00
2.048859608571949877e+02 -7.241121455504465843e+00 5.121733164520744452e+00
2.045019671164965303e+02 -7.215860404372430814e+00 5.116679249118111450e+00
2.041196386148011754e+02 -7.190938939649941020e+00 5.111656682464727375e+00
2.037374690415109058e+02 -7.166353480519334518e+00 5.106655685725565164e+00
2.033563259853783052e+02 -7.142109113285288302e+00 5.101684825286746161e+00
2.029764124641063745e+02 -7.118209599763462236e+00 5.096734409366489693e+00
2.025966787667075835e+02 -7.094653731051048240e+00 5.091813958832023701e+00
2.022180721692947145e+02 -7.071445423525559271e+00 5.086925651333588760e+00
2.018402802176300952e+02 -7.048586715971370431e+00 5.082065493296468617e+00
2.014634611984812125e+02 -7.026071520381307778e+00 5.077234367231468148e+00
2.010868179062819934e+02 -7.003911153782822474e+00 5.072433268679560570e+00
2.007109478283909709e+02 -6.982111746978045375e+00 5.067663297593743010e+00
2.003354729262076717e+02 -6.960677752190257195e+00 5.062932058473773367e+00
1.999606186145922493e+02 -6.939596785030144765e+00 5.058229036270121881e+00
1.995862669667681075e+02 -6.918892525352289269e+00 5.053571049050832542e+00
1.992128296410172652e+02 -6.898739735951850527e+00 5.048977713822169200e+00
1.988401332162661390e+02 -6.878937986041939290e+00 5.044412754878731420e+00
1.984675143182850832e+02 -6.859490469392138579e+00 5.039885098237671279e+00
1.980960890199013704e+02 -6.840396521719336320e+00 5.035391969670976131e+00
1.977256055702981428e+02 -6.821660944194161580e+00 5.030927796933466922e+00
1.973558139414821540e+02 -6.803280300677461589e+00 5.026499294278892194e+00
1.969868441544834354e+02 -6.785246691321087376e+00 5.022101420721423182e+00
1.966184896048974622e+02 -6.767562155259912338e+00 5.017731937194220393e+00
1.962510579007086449e+02 -6.750226361390583740e+00 5.013393864678441503e+00
1.958844976629648329e+02 -6.733240823318685564e+00 5.009085403015363092e+00
1.955182575272494603e+02 -6.716608068306754831e+00 5.004796069238111933e+00
1.951527446120026070e+02 -6.700325595380858701e+00 5.000537819341496437e+00
1.947879278584065048e+02 -6.684388588549833976e+00 4.996302378980870706e+00
1.944243257807233078e+02 -6.668830045673032281e+00 4.992092108869345957e+00
1.940610626099185936e+02 -6.653795466381929202e+00 4.987921953085059812e+00
1.936986529521927878e+02 -6.639100660118110397e+00 4.983765485312775745e+00
1.933370401298006982e+02 -6.624744701327700547e+00 4.979622407529623374e+00
1.929764594559230204e+02 -6.610725336201420888e+00 4.975487232394450565e+00
1.926166147876603247e+02 -6.597034960240280910e+00 4.971363954201758695e+00
1.922577784031290093e+02 -6.583664742161819738e+00 4.967249589981395985e+00
1.918994594169330412e+02 -6.570607370806442304e+00 4.963137223676852727e+00
1.915423805008599061e+02 -6.557856802813599728e+00 4.959032789203098091e+00
1.911858438763976551e+02 -6.545408110261203838e+00 4.954932984193164636e+00
1.908303683046127048e+02 -6.533256249034607777e+00 4.950827676000349342e+00
1.904757696240762641e+02 -6.521394698777925214e+00 4.946717269565264807e+00
1.901222438012834175e+02 -6.509813461354138298e+00 4.942604756957223344e+00
1.897697949849819850e+02 -6.498505637921402567e+00 4.938483425891361911e+00
1.894182822748171020e+02 -6.487515376536247658e+00 4.934345322998034078e+00
1.890676915405356908e+02 -6.476944833748103925e+00 4.930190102627189930e+00
1.887184582424066832e+02 -6.466626894815097337e+00 4.926012782405314816e+00
1.883703993668312364e+02 -6.456551725617640791e+00 4.921807469747593089e+00
1.880233353174085096e+02 -6.446702500630780541e+00 4.917575898046343319e+00
1.876773697576325901e+02 -6.437059810239071034e+00 4.913310515747929763e+00
1.873325666299775492e+02 -6.427606385204320816e+00 4.909015178923440637e+00
1.869890134623798588e+02 -6.418324669783984859e+00 4.904686218007344500e+00
1.866470244318395544e+02 -6.409201766950986645e+00 4.900323527108392696e+00
1.863064887511135339e+02 -6.400238086373072122e+00 4.895925889292711553e+00
1.859675655649299699e+02 -6.391438140472167184e+00 4.891493937014915083e+00
1.856300613604696821e+02 -6.382806852793757812e+00 4.887026954695699921e+00
1.852937863185727849e+02 -6.374350307694399476e+00 4.882533562588718290e+00
1.849585543411536150e+02 -6.366075122507541373e+00 4.878003445359758494e+00
1.846250803881767126e+02 -6.358049458577725410e+00 4.873438499381123279e+00
1.842933571241788684e+02 -6.350344711673515441e+00 4.868826502871221429e+00
1.839623889564852846e+02 -6.342839156949768409e+00 4.864176904977174587e+00
1.836332790269743782e+02 -6.335532108710534516e+00 4.859492349500349029e+00
1.833054184688613475e+02 -6.328422347089152744e+00 4.854777866621168947e+00
1.829789790202935365e+02 -6.321509248854585650e+00 4.850027616147563059e+00
1.826535729578850749e+02 -6.314792491200596380e+00 4.845245052319957502e+00
1.823299476538217050e+02 -6.308272325787444679e+00 4.840431199782717187e+00
1.820075223619925850e+02 -6.301950541877531897e+00 4.835585441267406637e+00
1.816863330031912653e+02 -6.295827342405678984e+00 4.830706108962770529e+00
1.813669401464029249e+02 -6.289902742089219068e+00 4.825799660435253102e+00
1.810485998486562949e+02 -6.284179372994326940e+00 4.820852626039642708e+00
1.807315881251410872e+02 -6.278657247243411454e+00 4.815875747260426998e+00
1.804159650992129684e+02 -6.273338861235487229e+00 4.810858658423928347e+00
1.801010728990075336e+02 -6.268286994123975830e+00 4.805792296179491885e+00
1.797884552677567740e+02 -6.263527395198352998e+00 4.800667590869425183e+00
1.794775755508792940e+02 -6.258962488947317659e+00 4.795499987778001127e+00
1.791675959998530345e+02 -6.254585345456009193e+00 4.790293569588153666e+00
1.788586390629800462e+02 -6.250384827198461224e+00 4.785047238707813122e+00
1.785512112254483554e+02 -6.246360888285593660e+00 4.779763383752090533e+00
1.782452080781675079e+02 -6.242505168522281878e+00 4.774441342146446665e+00
1.779405291321602931e+02 -6.238808895948947608e+00 4.769081798516030091e+00
1.776370778079470085e+02 -6.235266158357972266e+00 4.763684516025457505e+00
1.773352629211908891e+02 -6.231874341280893681e+00 4.758248466675296662e+00
1.770347888662726916e+02 -6.228624464092657576e+00 4.752773831378366509e+00
1.767352760180922360e+02 -6.225523293270785352e+00 4.747263944248818035e+00
1.764373048559959898e+02 -6.222563719842392871e+00 4.741708579341318064e+00
1.761402711875863929e+02 -6.219738596775016504e+00 4.736106652206315104e+00
1.758450404796637088e+02 -6.217091273468195567e+00 4.730440918697617292e+00
1.755515752725392247e+02 -6.214615730589739151e+00 4.724710694853059501e+00
1.752588360640202723e+02 -6.212244009608460793e+00 4.718938875230312746e+00
1.749674780761889679e+02 -6.209967099380273581e+00 4.713123093999897151e+00
1.746774428378313360e+02 -6.207768737519051783e+00 4.707258245866574597e+00
1.743883833351041517e+02 -6.205646645506899262e+00 4.701357481906037528e+00
1.741003822184627836e+02 -6.203582758575990397e+00 4.695409995129901759e+00
1.738140009603251599e+02 -6.201565265986573650e+00 4.689419779141396738e+00
1.735287449577552650e+02 -6.199583744036721633e+00 4.683391009285096551e+00
1.732440681255147013e+02 -6.197624176140308805e+00 4.677323019711303154e+00
1.729607075798190294e+02 -6.195680281063838279e+00 4.671220399853792671e+00
1.726785985824523948e+02 -6.193739421440784376e+00 4.665078597222341195e+00
1.723974738443323531e+02 -6.191779142189558272e+00 4.658900228822296263e+00
1.721180320294510295e+02 -6.189798878932843529e+00 4.652692107487926165e+00
1.718392515439908266e+02 -6.187819194831487124e+00 4.646417489442382198e+00
1.715624062732716197e+02 -6.185844980014368666e+00 4.640077752465042060e+00
1.712859950803201059e+02 -6.183847637879643422e+00 4.633702618620127112e+00
1.710112791053471426e+02 -6.181836605897633063e+00 4.627277002358680669e+00
1.707373828446002619e+02 -6.179816077180315226e+00 4.620809162216534816e+00
1.704643229320961382e+02 -6.177782568886196479e+00 4.614293834034761232e+00
1.701928895527804002e+02 -6.175740806934586047e+00 4.607728927933560925e+00
1.699226193506252969e+02 -6.173693570938081798e+00 4.601117565136596532e+00
1.696530953110242592e+02 -6.171643610165967964e+00 4.594457983968541548e+00
1.693849861220648449e+02 -6.169588725315116484e+00 4.587758934639840191e+00
1.691178901519024294e+02 -6.167526214482951907e+00 4.581018121956643263e+00
1.688525153663652816e+02 -6.165452854666502169e+00 4.574244007574123749e+00
1.685880387416060557e+02 -6.163378280392407760e+00 4.567429407339608005e+00
1.683248772246089118e+02 -6.161294534598573236e+00 4.560586436187858084e+00
1.680628746441625765e+02 -6.159200865603304820e+00 4.553663912668153735e+00
1.678032319249205102e+02 -6.157103135882662670e+00 4.546695661122790888e+00
1.675437871551203273e+02 -6.154990828766055522e+00 4.539679411665782816e+00
1.672860216973295451e+02 -6.152869471316024352e+00 4.532624243989799240e+00
1.670297538734289162e+02 -6.150732562133228498e+00 4.525531533292125097e+00
1.667744490033806528e+02 -6.148587155182529074e+00 4.518388704638809372e+00
1.665201770297375958e+02 -6.146429691046241039e+00 4.511202024885870188e+00
1.662670100440121814e+02 -6.144261599107303518e+00 4.503980318412235562e+00
1.660150222233928048e+02 -6.142072992163847722e+00 4.496717614299899246e+00
1.657642897670646107e+02 -6.139872394606749495e+00 4.489413524614064954e+00
1.655148908321557144e+02 -6.137652693043749608e+00 4.482069500858507638e+00
1.652669054693275541e+02 -6.135411227339588436e+00 4.474689580865779170e+00
1.650197415819897913e+02 -6.133146313416944828e+00 4.467266886491197297e+00
1.647733072439711464e+02 -6.130853213203675267e+00 4.459804252850053885e+00
1.645288091455323070e+02 -6.128504931508517828e+00 4.452272195758856022e+00
1.642847163217179798e+02 -6.126106455043069943e+00 4.444674375096680841e+00
1.640423188875171547e+02 -6.123678512297042076e+00 4.437036801266747155e+00
1.638010019007112987e+02 -6.121210101439421791e+00 4.429355817999526934e+00
1.635606055646758819e+02 -6.118705525469864348e+00 4.421630050200406892e+00
1.633209290761302555e+02 -6.116158272248490846e+00 4.413864412448523566e+00
1.630826114962584086e+02 -6.113566974353813244e+00 4.406060017905542026e+00
1.628453368636101573e+02 -6.110933530990738660e+00 4.398224654186736693e+00
1.626082988194661993e+02 -6.108254608088207860e+00 4.390371350623285984e+00
1.623722462470629182e+02 -6.105522424989096031e+00 4.382493805367632334e+00
1.621373694080940595e+02 -6.102732179227925435e+00 4.374600674908589504e+00
1.619034897925108396e+02 -6.099915676522840613e+00 4.366688689954026259e+00
1.616700298129007933e+02 -6.096998466833437824e+00 4.358770390181934573e+00
1.614369193890416341e+02 -6.094025671600636684e+00 4.350837863648826520e+00
1.612053813642301066e+02 -6.090894325923220443e+00 4.342866116007998656e+00
1.609745000979060876e+02 -6.087747597727568127e+00 4.334882275941998486e+00
1.607442767097477940e+02 -6.084488958854328722e+00 4.326884722621175072e+00
1.605148151672388792e+02 -6.081152488698348790e+00 4.318885092852947416e+00
1.602859746929169944e+02 -6.077746045625189275e+00 4.310886426674674254e+00
1.600573169268574816e+02 -6.074243633155371747e+00 4.302884513160568858e+00
1.598293702916504344e+02 -6.070677981866537287e+00 4.294889440631321165e+00
1.596019578404414290e+02 -6.067039351972149497e+00 4.286889527972654435e+00
1.593748470471618930e+02 -6.063315219192205952e+00 4.278891715036904131e+00
1.591485855488244283e+02 -6.059535539623115419e+00 4.270894068969488977e+00
1.589233403364326591e+02 -6.055671787410176421e+00 4.262892767161377883e+00
1.586986495059094864e+02 -6.051661772021360797e+00 4.254881115723002871e+00
1.584744593319921364e+02 -6.047578824081031534e+00 4.246867300116152322e+00
1.582502009975484611e+02 -6.043465914554392526e+00 4.238843955121666340e+00
1.580277357038384878e+02 -6.039089086363779835e+00 4.230776969593583736e+00
1.578055712963552537e+02 -6.034620466208904688e+00 4.222689686887915350e+00
1.575844203797974217e+02 -6.030040417262367392e+00 4.214592210535037076e+00
1.573637518220069467e+02 -6.025399907265494015e+00 4.206483682110850886e+00
1.571437307308452773e+02 -6.020617833437437838e+00 4.198357843469840311e+00
1.569245216803521998e+02 -6.015742599276302727e+00 4.190228198422410344e+00
1.567059223888658437e+02 -6.010776943854403420e+00 4.182087442208264783e+00
1.564880324945705183e+02 -6.005746099660685289e+00 4.173941290731427500e+00
1.562709715509943180e+02 -6.000577732827392374e+00 4.165795206826850894e+00
1.560545247815515211e+02 -5.995356501969878238e+00 4.157647421771163643e+00
1.558388531385032820e+02 -5.989989300327269284e+00 4.149490631889997339e+00
1.556234836315585142e+02 -5.984537032115658128e+00 4.141333398105142116e+00
1.554090452112612297e+02 -5.978988729812150460e+00 4.133169064826017980e+00
1.551951193377722689e+02 -5.973415538137433423e+00 4.124999259836281240e+00
1.549826467978228948e+02 -5.967551741235049612e+00 4.116800324825102386e+00
1.547701562250883001e+02 -5.961541161717049064e+00 4.108595912767530223e+00
1.545585358049506794e+02 -5.955504807600509487e+00 4.100380452585986824e+00
1.543475182528236473e+02 -5.949308028692465555e+00 4.092166372364894222e+00
1.541367682608432119e+02 -5.943072659772274946e+00 4.083942032796027632e+00
1.539272430084160135e+02 -5.936694687043033269e+00 4.075718212488334657e+00
1.537178646838349323e+02 -5.930251078556069366e+00 4.067492449058896398e+00
1.535092602938344726e+02 -5.923700604526617397e+00 4.059264373825856254e+00
1.533010990873542028e+02 -5.917049138446637713e+00 4.051038487587049097e+00
1.530931534299297425e+02 -5.910301751728489705e+00 4.042810818008802265e+00
1.528861503493318992e+02 -5.903521105293603632e+00 4.034589117501537814e+00
1.526798599796208578e+02 -5.896673552723846967e+00 4.026368459089753493e+00
1.524735193157191873e+02 -5.889671530631763297e+00 4.018156719269092569e+00
1.522678524403700635e+02 -5.882647264739859772e+00 4.009945706126226028e+00
1.520630982945340293e+02 -5.875484068058397291e+00 4.001744834070353640e+00
1.518585440416361507e+02 -5.868175716607578529e+00 3.993548264554867888e+00
1.516543224631507769e+02 -5.860854212597740087e+00 3.985368926877652651e+00
1.514505644698604954e+02 -5.853449755166431068e+00 3.977208129552532778e+00
1.512471312456870294e+02 -5.845987468394888253e+00 3.969058860475126238e+00
1.510438893125098332e+02 -5.838523178579735351e+00 3.960926905837438561e+00
1.508411176050136362e+02 -5.831016411473786576e+00 3.952814408268662039e+00
1.506384642092870934e+02 -5.823458771744690843e+00 3.944726891188303330e+00
1.504365314384569388e+02 -5.815888094081082649e+00 3.936665052605397896e+00
1.502347414181785723e+02 -5.808297238314461985e+00 3.928632500933619820e+00
1.500331891611453443e+02 -5.800728541136734862e+00 3.920629878897675447e+00
1.498316338023483070e+02 -5.793124791279120167e+00 3.912663888022064995e+00
1.496306984860417799e+02 -5.785445333013180758e+00 3.904725752144104778e+00
1.494299194540461713e+02 -5.777806919682646480e+00 3.896830710923625318e+00
1.492299688716574906e+02 -5.770025574937908353e+00 3.888964123591484690e+00
1.490296031475101302e+02 -5.762201761669008881e+00 3.881139497278468742e+00
1.488296878987882508e+02 -5.754370665658308681e+00 3.873339955110098654e+00
1.486303488532121264e+02 -5.746463145228011271e+00 3.865571720057161986e+00
1.484314375231200529e+02 -5.738519219348077627e+00 3.857828800939138603e+00
1.482324975214605445e+02 -5.730515325709164109e+00 3.850117788416630660e+00
1.480336477581993790e+02 -5.722465297448557919e+00 3.842430098486075085e+00
1.478354368642900738e+02 -5.714391732508540933e+00 3.834769353343851161e+00
1.476374258876269892e+02 -5.706221163365589710e+00 3.827133912368510860e+00
1.474395371895200526e+02 -5.697999567159496515e+00 3.819522983059148835e+00
1.472421911926648761e+02 -5.689763344688319791e+00 3.811944596806104535e+00
1.470448497087937199e+02 -5.681421798560017500e+00 3.804390949532385324e+00
1.468481123307194025e+02 -5.672997870736645964e+00 3.796863248885842257e+00
1.466514428789064652e+02 -5.664536322085820252e+00 3.789369395934754969e+00
1.464547052433422607e+02 -5.655943967996703847e+00 3.781909854763114254e+00
1.462582893315811248e+02 -5.647225840401300268e+00 3.774483426807798914e+00
1.460626852247946772e+02 -5.638483838215245569e+00 3.767075859875517185e+00
1.458668482819981875e+02 -5.629644061605784344e+00 3.759695759608321364e+00
1.456712197342311583e+02 -5.620740756556548590e+00 3.752337050975594668e+00
1.454756436945877454e+02 -5.611778174319256962e+00 3.745006399689852827e+00
1.452807259476315380e+02 -5.602741106662903370e+00 3.737703022396775765e+00
1.450861136016653461e+02 -5.593640949287000730e+00 3.730420304878339977e+00
1.448914741226467982e+02 -5.584482054619357427e+00 3.723166302216048607e+00
1.446968859372545921e+02 -5.575307429381578750e+00 3.715941264609226913e+00
1.445030212786609525e+02 -5.566029421491300866e+00 3.708740819315666570e+00
1.443089078833849044e+02 -5.556697383902841736e+00 3.701576869448126139e+00
1.441156228723143045e+02 -5.547391560202733274e+00 3.694438486143149181e+00
1.439219617942407297e+02 -5.538000625499964080e+00 3.687343136371314056e+00
1.437291844108639509e+02 -5.528519603210095390e+00 3.680289035129064246e+00
1.435361487544020349e+02 -5.518939735346550357e+00 3.673264652169586864e+00
1.433434722301954878e+02 -5.509414683950778269e+00 3.666266186900969615e+00
1.431507648638729506e+02 -5.499824115056735074e+00 3.659302871103704557e+00
1.429584258798911094e+02 -5.490233989949012461e+00 3.652362727707703094e+00
1.427662739857165946e+02 -5.480623520354132694e+00 3.645449797135318803e+00
1.425748772148311332e+02 -5.471026617609211051e+00 3.638570172590374519e+00
1.423834047077286868e+02 -5.461410472265569638e+00 3.631716211573608799e+00
1.421920727019595745e+02 -5.451785451608182953e+00 3.624890996253265829e+00
1.420016380907824498e+02 -5.442230438598271824e+00 3.618097799295167949e+00
1.418109429683464100e+02 -5.432655402174905390e+00 3.611335451700440569e+00
1.416208369727982586e+02 -5.423110855433364463e+00 3.604606041501354330e+00
1.414310429867481105e+02 -5.413605653923983851e+00 3.597904817833375457e+00
1.412420918829816685e+02 -5.404169796209639998e+00 3.591243289452795917e+00
1.410524890098431570e+02 -5.394763509959457082e+00 3.584641730429702022e+00
1.408638535781366556e+02 -5.385390222686217143e+00 3.578062177786002884e+00
1.406752832340340547e+02 -5.376079173665282873e+00 3.571520937860381384e+00
1.404865665491550715e+02 -5.366801101436887933e+00 3.565012790969559475e+00
1.402986525350688396e+02 -5.357567234587746086e+00 3.558535591837918233e+00
1.401113080050440374e+02 -5.348382238853597315e+00 3.552093610600872697e+00
1.399242548374089949e+02 -5.339235771866706948e+00 3.545683525205513220e+00
1.397370107645280939e+02 -5.330117037955527159e+00 3.539305339040220488e+00
1.395499691458206541e+02 -5.321025038638500071e+00 3.532963081351967460e+00
1.393631162972613993e+02 -5.311952052121731604e+00 3.526658417549535240e+00
1.391770411377239327e+02 -5.302895673905509533e+00 3.520384666285506281e+00
1.389906555457458239e+02 -5.293853164672865930e+00 3.514142560029130280e+00
1.388042680861254610e+02 -5.284833848063995809e+00 3.507937955441736033e+00
1.386186301967453289e+02 -5.275830241599286374e+00 3.501783629558485877e+00
1.384328517014961335e+02 -5.266838494501621781e+00 3.495690807171683900e+00
1.382465486196490758e+02 -5.257866706484521480e+00 3.489629963183306316e+00
1.380611369653827012e+02 -5.248925683970920630e+00 3.483607833106962204e+00
1.378761186137626282e+02 -5.240009812032069725e+00 3.477626664995898231e+00
1.376908123984265160e+02 -5.231110047491169368e+00 3.471681335970409954e+00
1.375059675805404424e+02 -5.222227285500315119e+00 3.465775804235831536e+00
1.373214392512859092e+02 -5.213364466540810760e+00 3.459904675358035142e+00
1.371371992555347674e+02 -5.204515366836458767e+00 3.454071143185797776e+00
1.369528113017703959e+02 -5.195679667125626011e+00 3.448277179127384962e+00
1.367687939826170691e+02 -5.186854381626344157e+00 3.442518481781650319e+00
1.365847948972525785e+02 -5.178042175166119421e+00 3.436794427037916488e+00
1.364005338359154678e+02 -5.169245417986716440e+00 3.431104589527421034e+00
1.362174009549236473e+02 -5.160457367723713773e+00 3.425448740150987437e+00
1.360332133001738555e+02 -5.151701981969758037e+00 3.419844177046559075e+00
1.358499867364134559e+02 -5.142970301544776746e+00 3.414292929138472044e+00
1.356664615921851862e+02 -5.134261450921282943e+00 3.408781977669154806e+00
1.354833097618488011e+02 -5.125572422995923638e+00 3.403299372492284203e+00
1.353002458615695218e+02 -5.116907865842636127e+00 3.397850069358693936e+00
1.351171978596416920e+02 -5.108258874927286364e+00 3.392428858213318854e+00
1.349345395411223194e+02 -5.099632721325138895e+00 3.387040268493893169e+00
1.347520136314583965e+02 -5.091030782396705590e+00 3.381682591811533189e+00
1.345695653285616231e+02 -5.082448908670872179e+00 3.376348238527997481e+00
1.343873625377715939e+02 -5.073892486580939831e+00 3.371043851091892307e+00
1.342054814602722956e+02 -5.065361847096075287e+00 3.365763422030593865e+00
1.340235799146110196e+02 -5.056860559279779288e+00 3.360509184024734974e+00
1.338422712890502737e+02 -5.048388983222415582e+00 3.355278908593537501e+00
1.336609661174319967e+02 -5.039952863095299662e+00 3.350072981219222701e+00
1.334801031486175305e+02 -5.031587046982863853e+00 3.344905249431555205e+00
1.332990783603584077e+02 -5.023281124725988533e+00 3.339778961954031899e+00
1.331191889794600058e+02 -5.015021330678132827e+00 3.334661821270585413e+00
1.329391438536700889e+02 -5.006805166386585348e+00 3.329567084833928270e+00
1.327597898632268709e+02 -4.998642362213105095e+00 3.324484502332781588e+00
1.325810831268624383e+02 -4.990525758349510177e+00 3.319414178076966593e+00
1.324025539170705770e+02 -4.982463127411156378e+00 3.314357812670821080e+00
1.322247019945898501e+02 -4.974451917630394071e+00 3.309314249136135366e+00
1.320469777734196271e+02 -4.966489408501183256e+00 3.304281275340716473e+00
1.318697876675998657e+02 -4.958577938171074173e+00 3.299264434964924053e+00
1.316933670087376811e+02 -4.950720445448390628e+00 3.294267167379381078e+00
1.315169946926673106e+02 -4.942908133716320762e+00 3.289284077134692730e+00
1.313410040287765241e+02 -4.935153902286708139e+00 3.284317560621238918e+00
1.311654698562145995e+02 -4.927451617093666414e+00 3.279374768983591704e+00
1.309902193806839819e+02 -4.919848851567986792e+00 3.274465850659907584e+00
1.308158332775675490e+02 -4.912325455086278936e+00 3.269588632025534736e+00
1.306410222755654900e+02 -4.904855606387862110e+00 3.264737356376632427e+00
1.304669050651846760e+02 -4.897444552636867066e+00 3.259903427235757878e+00
1.302929694871779702e+02 -4.890088588696501759e+00 3.255090368214537122e+00
1.301194123294610847e+02 -4.882784084667934010e+00 3.250302850478945516e+00
1.299459351371641560e+02 -4.875536517197989639e+00 3.245535710726651146e+00
1.297729292699278858e+02 -4.868346485739878382e+00 3.240793571091918679e+00
1.296002910568718107e+02 -4.861210587931746652e+00 3.236075480691494644e+00
1.294274027612923135e+02 -4.854126752485075968e+00 3.231379101173739610e+00
1.292549614968504272e+02 -4.847097398907612487e+00 3.226705733910965268e+00
1.290834282348403121e+02 -4.840125550067192250e+00 3.222063437078173997e+00
1.289113518287784643e+02 -4.833201341889176383e+00 3.217440085161854757e+00
1.287404633959554872e+02 -4.826340049760472262e+00 3.212845852757210796e+00
1.285693880544498029e+02 -4.819586365215510426e+00 3.208290222735684871e+00
1.283981177369120701e+02 -4.812915085911597224e+00 3.203762192333527992e+00
1.282278080513910652e+02 -4.806293543415661951e+00 3.199260790514753872e+00
1.280573468210859005e+02 -4.799724358737347707e+00 3.194778229379249268e+00
1.278874338900771477e+02 -4.793204195329445305e+00 3.190316307025550024e+00
1.277173852230272786e+02 -4.786743729581223405e+00 3.185880302208574211e+00
1.275478336157253807e+02 -4.780335086585648874e+00 3.181465946265922273e+00
1.273786026927851651e+02 -4.773972423938384502e+00 3.177067654381677375e+00
1.272100340030207661e+02 -4.767655894854893717e+00 3.172689411199497211e+00
1.270415136651169519e+02 -4.761387825599393331e+00 3.168329212334301648e+00
1.268726160761222417e+02 -4.755167347626794161e+00 3.163988800436115856e+00
1.267044979808292453e+02 -4.748987518818069020e+00 3.159664030359412124e+00
1.265368368472121574e+02 -4.742848724240317893e+00 3.155358764347964584e+00
1.263686380539031404e+02 -4.736754127987582663e+00 3.151066700430448897e+00
1.262020065941934348e+02 -4.730763833381325334e+00 3.146797405552439919e+00
1.260347528811245894e+02 -4.724827242980945918e+00 3.142548117554468057e+00
1.258681248750975215e+02 -4.718921579225876961e+00 3.138307589971715217e+00
1.257015371862492117e+02 -4.713043051666923944e+00 3.134075037380233741e+00
1.255355505612574945e+02 -4.707188370437271452e+00 3.129852200020553976e+00
1.253700798695771539e+02 -4.701354738588841897e+00 3.125637976294724396e+00
1.252046786417924551e+02 -4.695539844217196723e+00 3.121427915300234002e+00
1.250396090241137728e+02 -4.689737693307938216e+00 3.117222499843310679e+00
1.248751876287199991e+02 -4.683942583212460598e+00 3.113016763253021679e+00
1.247109540702358572e+02 -4.678153607869517394e+00 3.108813470628792874e+00
1.245468295730799042e+02 -4.672364553037184010e+00 3.104605769754028799e+00
1.243833626939019581e+02 -4.666580521874496235e+00 3.100396530136408035e+00
1.242199981821039785e+02 -4.660798271879462717e+00 3.096189055039482607e+00
1.240572104793926655e+02 -4.655017296356034784e+00 3.091977482763872409e+00
1.238951128958078840e+02 -4.649323421958738045e+00 3.087767229866532404e+00
1.237334341215514684e+02 -4.643646596085450717e+00 3.083561710273671430e+00
1.235716270533681040e+02 -4.637988309502346418e+00 3.079355496163231898e+00
1.234107886820543598e+02 -4.632336638075364554e+00 3.075154689361834226e+00
1.232501886388166810e+02 -4.626711411678659402e+00 3.070956584447170901e+00
1.230897409823758437e+02 -4.621107109922614420e+00 3.066764983388330368e+00
1.229297279796190452e+02 -4.615525902734986197e+00 3.062575476361265814e+00
1.227705495943850025e+02 -4.609972629742190797e+00 3.058393125799030443e+00
1.226116510750949260e+02 -4.604447543558902289e+00 3.054213527523438554e+00
1.224531032280814742e+02 -4.598960785135052021e+00 3.050040366528508962e+00
1.222945704872166459e+02 -4.593509168944982513e+00 3.045874871581579768e+00
1.221363401981773364e+02 -4.588092799948927158e+00 3.041708486293239311e+00
1.219792401443087044e+02 -4.582717466176746690e+00 3.037553154818768419e+00
1.218218791526637546e+02 -4.577381837680763788e+00 3.033404991821128771e+00
1.216649374756519251e+02 -4.572164674558076847e+00 3.029261028568517755e+00
1.215086144233141994e+02 -4.566984953338852016e+00 3.025128575089096827e+00
1.213525822153244462e+02 -4.561845597273474162e+00 3.020995903321321396e+00
1.211969601641534524e+02 -4.556749491374773697e+00 3.016874559555486890e+00
1.210416715324197270e+02 -4.551691190479926874e+00 3.012760489793759877e+00
1.208867375444700230e+02 -4.546675069895963262e+00 3.008652770971250945e+00
1.207321166082250556e+02 -4.541699859355724733e+00 3.004547627535826493e+00
1.205778434769364509e+02 -4.536764486506168481e+00 3.000449716708265768e+00
1.204239064681358542e+02 -4.531868066101836234e+00 2.996353982851456710e+00
1.202702848947163545e+02 -4.527015198118580663e+00 2.992259495401772273e+00
1.201169808351295245e+02 -4.522202683150188030e+00 2.988171035892836169e+00
1.199640297675607457e+02 -4.517421103409419381e+00 2.984090064233586137e+00
1.198113305053543201e+02 -4.512681913721198868e+00 2.980008343968116424e+00
1.196590446293305945e+02 -4.507967603490739883e+00 2.975930018789642251e+00
1.195072752822332092e+02 -4.503349309493511754e+00 2.971852853941216122e+00
1.193557826502226789e+02 -4.498756390913269954e+00 2.967775983730752021e+00
1.192046677414425346e+02 -4.494183272338962531e+00 2.963700761516188109e+00
1.190539062651218529e+02 -4.489632848528182230e+00 2.959634630683052769e+00
1.189034637274624373e+02 -4.485095501054026101e+00 2.955565419740569411e+00
1.187532775084010837e+02 -4.480574287230998820e+00 2.951499852983378247e+00
1.186034645975135220e+02 -4.476060696357780699e+00 2.947440760329731457e+00
1.184539422146723098e+02 -4.471550548045590823e+00 2.943381263357512267e+00
1.183046778895113960e+02 -4.467044444155731320e+00 2.939319224564270083e+00
1.181556713165308281e+02 -4.462537662027816765e+00 2.935260783295209119e+00
1.180069456539741282e+02 -4.458021815427682277e+00 2.931206046536586118e+00
1.178584927395130819e+02 -4.453494940031181848e+00 2.927145409442148072e+00
1.177102796861745730e+02 -4.448950726068512829e+00 2.923087358451098794e+00
1.175623751026859054e+02 -4.444392745958820612e+00 2.919029922206031635e+00
1.174148742376493288e+02 -4.439838080751566274e+00 2.914964505427521058e+00
1.172676190020380176e+02 -4.435246065362168366e+00 2.910893901935685868e+00
1.171206424920538467e+02 -4.430610014855266066e+00 2.906821558371140313e+00
1.169738670831831939e+02 -4.425932707358589902e+00 2.902747846667371956e+00
1.168273427123526034e+02 -4.421222799380860380e+00 2.898678508934122711e+00
1.166811164344352534e+02 -4.416479305244740416e+00 2.894606734084541610e+00
1.165351194763165239e+02 -4.411706750781298148e+00 2.890537101130385089e+00
1.163893982499331088e+02 -4.406912301738180382e+00 2.886469711476774780e+00
1.162439534016832283e+02 -4.402093758048173378e+00 2.882399809070318675e+00
1.160987868441404203e+02 -4.397258361337404331e+00 2.878327876593988144e+00
1.159539609952466179e+02 -4.392405009069231703e+00 2.874257881283292626e+00
1.158093767870671940e+02 -4.387545626310108915e+00 2.870180720267542451e+00
1.156650690402607040e+02 -4.382671728282541146e+00 2.866102974947565496e+00
1.155211797506278657e+02 -4.377800331961680946e+00 2.862018524501389383e+00
1.153777274803155848e+02 -4.372938011830469485e+00 2.857909805891453381e+00
1.152345908006558943e+02 -4.368074068042469449e+00 2.853801259156703463e+00
1.150917800935175848e+02 -4.363203590680054589e+00 2.849684676807057393e+00
1.149492845700217600e+02 -4.358333899501614539e+00 2.845569866227785738e+00
1.148071095560097916e+02 -4.353465307270941054e+00 2.841449091187395304e+00
1.146653174452807775e+02 -4.348597907646846394e+00 2.837332256486382320e+00
1.145238191634878291e+02 -4.343731565932818839e+00 2.833213900521858619e+00
1.143826742982838027e+02 -4.338865909964229495e+00 2.829096934520745510e+00
1.142418921271377883e+02 -4.334005220639490119e+00 2.824980170475123398e+00
1.141014003643938253e+02 -4.329152220075503266e+00 2.820863798381694210e+00
1.139612470605079153e+02 -4.324299803943738141e+00 2.816746639604804425e+00
1.138214124913024534e+02 -4.319450533453760954e+00 2.812630435775517412e+00
1.136818976480602146e+02 -4.314611746878347809e+00 2.808509753922467045e+00
1.135427855229798126e+02 -4.309767375271172263e+00 2.804379037244348893e+00
1.134041304121555811e+02 -4.304933459037232346e+00 2.800229378941912373e+00
1.132657783776664502e+02 -4.300094161706162765e+00 2.796076544984840151e+00
1.131277191291375601e+02 -4.295255620074890146e+00 2.791917775813061553e+00
1.129899110612347073e+02 -4.290421378804746944e+00 2.787762953971697044e+00
1.128524546852501942e+02 -4.285585093970111004e+00 2.783603226234577566e+00
1.127152161190694670e+02 -4.280747227369043451e+00 2.779444935654103777e+00
1.125783260587556782e+02 -4.275911287810964190e+00 2.775284733902180889e+00
1.124416805699214024e+02 -4.271067884290026484e+00 2.771122804988801480e+00
1.123052847721258587e+02 -4.266226080145077759e+00 2.766958569308873628e+00
1.121691298423100278e+02 -4.261376771830427401e+00 2.762794096450062131e+00
1.120331855270812866e+02 -4.256520306559087530e+00 2.758626427749429677e+00
1.118974171374014901e+02 -4.251655664606968088e+00 2.754452984500764590e+00
1.117618363842551901e+02 -4.246776478348973427e+00 2.750280633056644497e+00
1.116265435127878476e+02 -4.241875859178595221e+00 2.746095830097675439e+00
1.114915550306597396e+02 -4.236946842535926017e+00 2.741905361250069895e+00
1.113567408233496110e+02 -4.232004180931202342e+00 2.737710093472416784e+00
1.112220245387936899e+02 -4.227041752110423545e+00 2.733523865142045928e+00
1.110875043686233710e+02 -4.222060288432071040e+00 2.729343597192523507e+00
1.109530570091181119e+02 -4.217057277480398270e+00 2.725167935591529034e+00
1.108187728523596576e+02 -4.212030389308176304e+00 2.721007203757191739e+00
1.106845685990847699e+02 -4.206980356030411983e+00 2.716856415187384854e+00
1.105504364457116395e+02 -4.201902293895209972e+00 2.712718362622116963e+00
1.104163737602077902e+02 -4.196797764801896591e+00 2.708588134016703286e+00
1.102824026106355717e+02 -4.191662973828961469e+00 2.704466245303816851e+00
1.101485647022124681e+02 -4.186502300666025356e+00 2.700355076210047223e+00
1.100148422084426727e+02 -4.181319089052405680e+00 2.696250959277547210e+00
1.098812173303585098e+02 -4.176106706553298409e+00 2.692150141673302688e+00
1.097478152594364360e+02 -4.170854647833005302e+00 2.688048458165955168e+00
1.096147204113199223e+02 -4.165548370181274329e+00 2.683940344636745134e+00
1.094817567876823858e+02 -4.160224071713219729e+00 2.679839487136076670e+00
1.093489784391655490e+02 -4.154875189411236569e+00 2.675738254656915949e+00
1.092163672164619044e+02 -4.149502089372528069e+00 2.671645851983663444e+00
1.090839625954779564e+02 -4.144099148594470705e+00 2.667555178238706581e+00
1.089518239626699767e+02 -4.138677333579532380e+00 2.663463194515526045e+00
1.088198423023581682e+02 -4.133232683398142981e+00 2.659375702309235923e+00
1.086880879529050361e+02 -4.127761986109876879e+00 2.655292786173086839e+00
1.085565613534632519e+02 -4.122267607503188103e+00 2.651208962991574936e+00
1.084252290871530704e+02 -4.116746843482867568e+00 2.647116239360836065e+00
1.082941615647408042e+02 -4.111198342235589998e+00 2.643028311877895220e+00
1.081632963594356340e+02 -4.105626215829864201e+00 2.638934519296699754e+00
1.080326657304117361e+02 -4.100027006921297179e+00 2.634840759417557798e+00
1.079023093926278847e+02 -4.094384319511212844e+00 2.630737358253200764e+00
1.077722072668807698e+02 -4.088692075262514436e+00 2.626627558799715878e+00
1.076423630709160335e+02 -4.082977658118667641e+00 2.622516001788141260e+00
1.075127731053402442e+02 -4.077237833605527051e+00 2.618405009676673778e+00
1.073834329217546752e+02 -4.071478498816700764e+00 2.614294499016723616e+00
1.072542851529741341e+02 -4.065697745942933317e+00 2.610191755981743800e+00
1.071254036012550017e+02 -4.059901998079281427e+00 2.606088376342658997e+00
1.069967432078372696e+02 -4.054083718507515144e+00 2.601982357963811054e+00
1.068682783390261051e+02 -4.048247568038660482e+00 2.597877704961863987e+00
1.067400054786392474e+02 -4.042389909856997754e+00 2.593774469825270046e+00
1.066119671025947184e+02 -4.036510922414163538e+00 2.589676650256587553e+00
1.064841364629563145e+02 -4.030609148910288653e+00 2.585575963661095322e+00
1.063564861801313981e+02 -4.024694049760570103e+00 2.581471651519130717e+00
1.062290602181622461e+02 -4.018760191151719674e+00 2.577374870494273384e+00
1.061017868273996356e+02 -4.012777637901505656e+00 2.573269008262246249e+00
1.059746980223628583e+02 -4.006759511451405409e+00 2.569159739707777668e+00
1.058477614061952892e+02 -4.000722151034481477e+00 2.565060961851612920e+00
1.057210174332855246e+02 -3.994673074927114875e+00 2.560962367977873910e+00
1.055944102029023810e+02 -3.988619235955216613e+00 2.556867901796897158e+00
1.054679063297231778e+02 -3.982556361648572629e+00 2.552781512167505706e+00
1.053415482008323494e+02 -3.976490971134917007e+00 2.548700144270308332e+00
1.052153329051520814e+02 -3.970422211954404812e+00 2.544625864103250201e+00
1.050892235177261540e+02 -3.964353860495601900e+00 2.540566991074470149e+00
1.049632083115399297e+02 -3.958289335786621788e+00 2.536513385116388353e+00
1.048372624420419328e+02 -3.952231703188076040e+00 2.532473561200418999e+00
1.047114437549718247e+02 -3.946177504780784329e+00 2.528444917245211698e+00
1.045856266235972356e+02 -3.940140202420464810e+00 2.524426866084096055e+00
1.044598849069423920e+02 -3.934102774764082433e+00 2.520430369088201061e+00
1.043342048018878359e+02 -3.928034408490262752e+00 2.516432203813233404e+00
1.042085010231082833e+02 -3.921950647112012245e+00 2.512450373405330950e+00
1.040828834447254820e+02 -3.915867274317423430e+00 2.508480294357134266e+00
1.039572480464701130e+02 -3.909776380333807033e+00 2.504516923636074921e+00
1.038317447833632059e+02 -3.903688505675891651e+00 2.500564818204990658e+00
1.037063209505886618e+02 -3.897604316314338124e+00 2.496626083184714240e+00
1.035809722254061853e+02 -3.891518156441441167e+00 2.492695460587814438e+00
1.034557468712903301e+02 -3.885428150481259113e+00 2.488780101815329271e+00
1.033306593602488874e+02 -3.879337076938154993e+00 2.484877642206106074e+00
1.032057083018765269e+02 -3.873247426380486580e+00 2.480986498707277832e+00
1.030808760710117440e+02 -3.867150045420552296e+00 2.477103339054760323e+00
1.029562299958737128e+02 -3.861047455224556391e+00 2.473233965903800513e+00
1.028316508186088782e+02 -3.854936855072477186e+00 2.469369620031714785e+00
1.027072910662764116e+02 -3.848810622696298811e+00 2.465516603290674347e+00
1.025829484120656048e+02 -3.842627273057462656e+00 2.461670499568012982e+00
1.024587559159858472e+02 -3.836414396117040049e+00 2.457826996046870160e+00
1.023346385368504485e+02 -3.830187019800413761e+00 2.453995056537967567e+00
1.022106510952168890e+02 -3.823940532388837354e+00 2.450168413716438121e+00
1.020868472635892203e+02 -3.817679140577465713e+00 2.446345909561977727e+00
1.019631879091399327e+02 -3.811399932676047708e+00 2.442533359883989341e+00
1.018396329322905842e+02 -3.805104563827141018e+00 2.438728290862962389e+00
1.017162482044767557e+02 -3.798791856320907545e+00 2.434929618986327871e+00
1.015930418015908430e+02 -3.792460948241926921e+00 2.431136082737526571e+00
1.014699442483467351e+02 -3.786112430839624565e+00 2.427350869047521620e+00
1.013469601855583306e+02 -3.779742960544653751e+00 2.423571518727046126e+00
1.012241001829426921e+02 -3.773348677110920590e+00 2.419792344295470521e+00
1.011013860484542306e+02 -3.766941921471381960e+00 2.416021317306440874e+00
1.009787875424170807e+02 -3.760502754356688460e+00 2.412256322001734787e+00
1.008561618837385083e+02 -3.754009863398365621e+00 2.408496198761417073e+00
1.007336144331349317e+02 -3.747480680328502789e+00 2.404748169942922509e+00
1.006111927060413933e+02 -3.740942724318332857e+00 2.401001576606161869e+00
1.004888851544318555e+02 -3.734386225856592745e+00 2.397265227699599599e+00
1.003667421387484779e+02 -3.727823504414528255e+00 2.393534019602884033e+00
1.002447117170979993e+02 -3.721249942077485606e+00 2.389809129430697787e+00
1.001228824320586739e+02 -3.714675986616069459e+00 2.386092799416628107e+00
1.000012043730656330e+02 -3.708102909558530058e+00 2.382383654641930804e+00
9.987962306839311566e+01 -3.701527730465807409e+00 2.378685614261156545e+00
9.975822181170877911e+01 -3.694956240639552192e+00 2.374994025292768374e+00
9.963700542781653269e+01 -3.688390123715761248e+00 2.371310091622218508e+00
9.951591227782820681e+01 -3.681836860516209065e+00 2.367638375696097253e+00
9.939494787923445074e+01 -3.675284773838762842e+00 2.363969871993288674e+00
9.927413858311444983e+01 -3.668750198844909161e+00 2.360313368392737754e+00
9.915338273276663017e+01 -3.662194233882947181e+00 2.356674933164537133e+00
9.903272979282147048e+01 -3.655660330786295376e+00 2.353044578106917584e+00
9.891221929599528551e+01 -3.649156519928662856e+00 2.349424724583153878e+00
9.879187312842394419e+01 -3.642677550382755758e+00 2.345811481239199026e+00
9.867168482485196535e+01 -3.636235139128204619e+00 2.342208806390044362e+00
9.855164045034204889e+01 -3.629826182768700615e+00 2.338620963780551509e+00
9.843180490227402402e+01 -3.623447738957995767e+00 2.335038934448077974e+00
9.831210436267613773e+01 -3.617099208124857856e+00 2.331473330611930184e+00
9.819255703414727066e+01 -3.610770385072933575e+00 2.327915652430548210e+00
9.807314085994299546e+01 -3.604461657136623920e+00 2.324369024168924103e+00
9.795379860943671702e+01 -3.598175175043024865e+00 2.320830524601156242e+00
9.783459993217073247e+01 -3.591903587061019643e+00 2.317300339173784973e+00
9.771550296197850116e+01 -3.585636916908588212e+00 2.313784132967287466e+00
9.759649581404411833e+01 -3.579387477230421499e+00 2.310280264594944288e+00
9.747750791207556631e+01 -3.573127743975828885e+00 2.306797328722733909e+00
9.735854544066191352e+01 -3.566877535111652175e+00 2.303322057980057291e+00
9.723974945586849117e+01 -3.560632879907882575e+00 2.299860003399770036e+00
9.712107261055193419e+01 -3.554404956034074470e+00 2.296413103829887614e+00
9.700255211896703145e+01 -3.548186930120554194e+00 2.292974854143830399e+00
9.688412846069692819e+01 -3.541978451492093782e+00 2.289548436223820094e+00
9.676583690198307863e+01 -3.535779273049068472e+00 2.286134993333384546e+00
9.664768012713314249e+01 -3.529589255612882503e+00 2.282732591359817320e+00
9.652961215222852331e+01 -3.523403592537511564e+00 2.279339388010117595e+00
9.641168182649484208e+01 -3.517218657604940901e+00 2.275962137434342392e+00
9.629385744374096134e+01 -3.511040507918111508e+00 2.272595997614494490e+00
9.617617049854472100e+01 -3.504865747126236997e+00 2.269236239450497461e+00
9.605849729484413047e+01 -3.498692724772642482e+00 2.265887792923619415e+00
9.594101659400871540e+01 -3.492521771733146707e+00 2.262550867392955301e+00
9.582338036224238920e+01 -3.486347794650404008e+00 2.259237597580691759e+00
9.570593534156751048e+01 -3.480178817204562236e+00 2.255939252361365721e+00
9.558854013747027523e+01 -3.474011695185637016e+00 2.252648438988860136e+00
9.547123189450803693e+01 -3.467854897022190741e+00 2.249368370223912894e+00
9.535399019162481693e+01 -3.461696103003953251e+00 2.246096660935180012e+00
9.523688761733937724e+01 -3.455548424112500072e+00 2.242840383395339643e+00
9.511989695406542467e+01 -3.449406011812072848e+00 2.239589275520440292e+00
9.500301012236705844e+01 -3.443269788048550772e+00 2.236346028391020813e+00
9.488622003710149500e+01 -3.437140531990495074e+00 2.233118005206182310e+00
9.476960319009046430e+01 -3.431023790152582631e+00 2.229893532945223633e+00
9.465305886180946970e+01 -3.424916439759472020e+00 2.226677230466475699e+00
9.453671264326833068e+01 -3.418815829272302320e+00 2.223473523545818065e+00
9.442047219159435656e+01 -3.412731673515265740e+00 2.220281709412940785e+00
9.430434990049316468e+01 -3.406661771553167295e+00 2.217088006880267415e+00
9.418823209072347424e+01 -3.400606815318189202e+00 2.213925125968194685e+00
9.407223608457665875e+01 -3.394565637634165522e+00 2.210764039688918992e+00
9.395640152876308093e+01 -3.388545885036678307e+00 2.207606039780871221e+00
9.384066415655310323e+01 -3.382539908902995940e+00 2.204455476974441552e+00
9.372509595617529499e+01 -3.376555337222879150e+00 2.201308569081013911e+00
9.360973588494246656e+01 -3.370590694022253864e+00 2.198167689889495957e+00
9.349460278714515482e+01 -3.364650512008079630e+00 2.195031346135780215e+00
9.337968089106450975e+01 -3.358735242085633566e+00 2.191899929499573130e+00
9.326500594067164229e+01 -3.352845750139046732e+00 2.188769367890927242e+00
9.315062645796439256e+01 -3.346992136529477690e+00 2.185640058079728387e+00
9.303650213421273918e+01 -3.341162335094018943e+00 2.182513386708067049e+00
9.292265303408460397e+01 -3.335363879864333914e+00 2.179391039819309039e+00
9.280905464263240390e+01 -3.329596418362574362e+00 2.176274771693789134e+00
9.269564150093006560e+01 -3.323850221793001491e+00 2.173169153260329889e+00
9.258238295853564637e+01 -3.318148064897685767e+00 2.170076912936426794e+00
9.246932414954530088e+01 -3.312469976272270245e+00 2.166989081727701993e+00
9.235643639242492497e+01 -3.306816273207747070e+00 2.163911592797405969e+00
9.224374174990936126e+01 -3.301179624558383097e+00 2.160837404350497870e+00
9.213122191444543319e+01 -3.295567838943598282e+00 2.157775626606792674e+00
9.201888802746809404e+01 -3.289976509764134249e+00 2.154716995482210073e+00
9.190673224937994235e+01 -3.284401537116033332e+00 2.151663753837127047e+00
9.179475489499830587e+01 -3.278847871101106204e+00 2.148622568317564596e+00
9.168295868790725933e+01 -3.273310475952350362e+00 2.145590104635209272e+00
9.157127883823227421e+01 -3.267789878586981001e+00 2.142567015035398370e+00
9.145975785686241011e+01 -3.262289346299600989e+00 2.139558803975712298e+00
9.134839993773469757e+01 -3.256806347174935112e+00 2.136554955302036429e+00
9.123715883779729552e+01 -3.251331629143584312e+00 2.133561062463438240e+00
9.112604405574420241e+01 -3.245892717607633760e+00 2.130584457221373018e+00
9.101498417116107476e+01 -3.240482606841406543e+00 2.127618587369544567e+00
9.090399999260800712e+01 -3.235092645849517279e+00 2.124670781972922473e+00
9.079313601674543577e+01 -3.229721893069877225e+00 2.121734709509960126e+00
9.068239136145643897e+01 -3.224367445869022575e+00 2.118804073866575433e+00
9.057174274462694541e+01 -3.219025586867966471e+00 2.115881045431093455e+00
9.046128203770345522e+01 -3.213702003178487754e+00 2.112973102216991528e+00
9.035091274969494179e+01 -3.208397008168080156e+00 2.110072770371670181e+00
9.024067838806720943e+01 -3.203111223317741452e+00 2.107187317509235935e+00
9.013061618078305059e+01 -3.197840630074368917e+00 2.104308873990755391e+00
9.002073676380268807e+01 -3.192588385427464814e+00 2.101440652924339236e+00
8.991096634607721683e+01 -3.187353020590499852e+00 2.098579592020204387e+00
8.980130205422923950e+01 -3.182140419457047731e+00 2.095730220309449887e+00
8.969179103122053220e+01 -3.176940484325821767e+00 2.092890376318436108e+00
8.958239173925370835e+01 -3.171773684553694572e+00 2.090057708337248688e+00
8.947306464769226864e+01 -3.166648704640813605e+00 2.087245049805615427e+00
8.936393522717028759e+01 -3.161548649169307446e+00 2.084439755548173068e+00
8.925490732700318119e+01 -3.156464042824093763e+00 2.081637607390096623e+00
8.914603010586107246e+01 -3.151400451731425356e+00 2.078841640792194578e+00
8.903732464747258746e+01 -3.146349277603021299e+00 2.076054899356251315e+00
8.892878459049879325e+01 -3.141317917619126820e+00 2.073273661278007385e+00
8.882042128531521996e+01 -3.136307904696042925e+00 2.070494681646937618e+00
8.871224000481231542e+01 -3.131310141908246969e+00 2.067721141165315579e+00
8.860424241584900074e+01 -3.126330322005558049e+00 2.064952056444494755e+00
8.849644547305321396e+01 -3.121365897648148646e+00 2.062184966087888149e+00
8.838884120503745123e+01 -3.116416132451040877e+00 2.059419951504354973e+00
8.828145829130211553e+01 -3.111479878775072816e+00 2.056653478619798303e+00
8.817427916332673021e+01 -3.106553767625766405e+00 2.053886687140173972e+00
8.806726998119438576e+01 -3.101667580324931173e+00 2.051125555866692540e+00
8.796049020233904514e+01 -3.096812010033748841e+00 2.048366263586103297e+00
8.785401927115121623e+01 -3.091974823728480537e+00 2.045607599135566002e+00
8.774769794862859840e+01 -3.087145404689502826e+00 2.042847009717247531e+00
8.764163207389816534e+01 -3.082335063947634346e+00 2.040086771749358707e+00
8.753583245305517835e+01 -3.077538194901149105e+00 2.037325372074934027e+00
8.743024913944626064e+01 -3.072758945184072665e+00 2.034567416839980769e+00
8.732491201036918937e+01 -3.068001707477898243e+00 2.031809573077707931e+00
8.721981808918538093e+01 -3.063262616283902062e+00 2.029056330138984787e+00
8.711487926140384275e+01 -3.058542159356212764e+00 2.026305155811028769e+00
8.701021489608703519e+01 -3.053842625367450214e+00 2.023561298249739959e+00
8.690574427050565021e+01 -3.049165357065413584e+00 2.020816844795038314e+00
8.680143946339110528e+01 -3.044510841281717006e+00 2.018082331385397055e+00
8.669734521426303786e+01 -3.039879975697822534e+00 2.015344459329673210e+00
8.659352830574886184e+01 -3.035294978044687397e+00 2.012620650911769449e+00
8.648987812700430311e+01 -3.030754559183522101e+00 2.009900438317052895e+00
8.638641744533624944e+01 -3.026238172984777819e+00 2.007186059953529167e+00
8.628317498202478930e+01 -3.021745254806297520e+00 2.004478116508052743e+00
8.618013254652287003e+01 -3.017276361087926073e+00 2.001772460231125539e+00
8.607728021025579324e+01 -3.012831478330684210e+00 1.999076743678680268e+00
8.597455623652759016e+01 -3.008411286036837495e+00 1.996385457964060750e+00
8.587205082143370305e+01 -3.004014318415004769e+00 1.993700848355334232e+00
8.576972370939752466e+01 -2.999640036470797355e+00 1.991022667175324390e+00
8.566755840576182379e+01 -2.995288793507307368e+00 1.988352816668908618e+00
8.556564150008578906e+01 -2.990959360588273608e+00 1.985682922913928117e+00
8.546384196040165193e+01 -2.986651558821929786e+00 1.983026405892828636e+00
8.536220951545917046e+01 -2.982365285536772603e+00 1.980371970808067594e+00
8.526081696685764655e+01 -2.978100366054007075e+00 1.977725297887073852e+00
8.515953689849315822e+01 -2.973878273859720700e+00 1.975091278442113074e+00
8.505854618648660903e+01 -2.969692528986135560e+00 1.972457317011196087e+00
8.495770560941012661e+01 -2.965526216406704219e+00 1.969827003313749492e+00
8.485700157289556955e+01 -2.961378902426628379e+00 1.967202194056660414e+00
8.475644360030376845e+01 -2.957250554512713681e+00 1.964580019690473023e+00
8.465602933886414405e+01 -2.953141060454040900e+00 1.961964146106943918e+00
8.455582382686029064e+01 -2.949047942398712152e+00 1.959354677477053386e+00
8.445573825872446605e+01 -2.944968981014282061e+00 1.956746146285006205e+00
8.435583419361654478e+01 -2.940901767724360738e+00 1.954142185571907886e+00
8.425607178356457894e+01 -2.936844810900053115e+00 1.951545056041933401e+00
8.415650295219538179e+01 -2.932795894266790437e+00 1.948949126123267428e+00
8.405709664650905211e+01 -2.928753096384784538e+00 1.946361063267133540e+00
8.395793843464153383e+01 -2.924715480205038798e+00 1.943773045865295757e+00
8.385889443825615785e+01 -2.920680783459295160e+00 1.941191975707460493e+00
8.376006360895391367e+01 -2.916668323860338585e+00 1.938612390296027499e+00
8.366147105255218719e+01 -2.912665893050948807e+00 1.936036794900076297e+00
8.356301194259448550e+01 -2.908661539148010622e+00 1.933461723826778833e+00
8.346476745526891250e+01 -2.904653077178324327e+00 1.930890161075828226e+00
8.336663583020147428e+01 -2.900638910337134391e+00 1.928320059972134404e+00
8.326871755740386050e+01 -2.896617023715634787e+00 1.925748293164130320e+00
8.317095839114217881e+01 -2.892584487922049252e+00 1.923181590952905307e+00
8.307333256012006473e+01 -2.888544134507235128e+00 1.920613207281616219e+00
8.297586798257334806e+01 -2.884497814684697570e+00 1.918050920320054420e+00
8.287860079680000069e+01 -2.880447652104214828e+00 1.915491397703571241e+00
8.278154985296097834e+01 -2.876396974392802175e+00 1.912930982212619258e+00
8.268463916771588629e+01 -2.872347896976828352e+00 1.910372637765186399e+00
8.258790049850541948e+01 -2.868301320261969600e+00 1.907819262301163610e+00
8.249133904251763738e+01 -2.864262301477777051e+00 1.905266401220876427e+00
8.239510765975971651e+01 -2.860253779906228200e+00 1.902711304300570117e+00
8.229906400253835841e+01 -2.856252843311260836e+00 1.900158488288014702e+00
8.220318002305693028e+01 -2.852270012890672390e+00 1.897604577201737586e+00
8.210749695104580326e+01 -2.848301600604781658e+00 1.895050143514182661e+00
8.201196651848921704e+01 -2.844348394433039662e+00 1.892496232819202318e+00
8.191664064586110783e+01 -2.840410752999898314e+00 1.889951096701613986e+00
8.182154818558163356e+01 -2.836493735294236540e+00 1.887406226180192492e+00
8.172664925119855184e+01 -2.832591465351739668e+00 1.884863917748781148e+00
8.163194394726882308e+01 -2.828711975740480167e+00 1.882321741153672567e+00
8.153740006753226055e+01 -2.824850359758620755e+00 1.879783217188840005e+00
8.144311898057961230e+01 -2.821011080435054552e+00 1.877253744270682256e+00
8.134905476242713007e+01 -2.817196234295261448e+00 1.874722831423452085e+00
8.125515956715993582e+01 -2.813399510377662782e+00 1.872201561093794986e+00
8.116143085188920736e+01 -2.809629144221762242e+00 1.869680579066073101e+00
8.106804915920898225e+01 -2.805892623564476551e+00 1.867152889981191111e+00
8.097493007612989402e+01 -2.802188215375280844e+00 1.864626210327466227e+00
8.088197332658501182e+01 -2.798501890101563028e+00 1.862108283149641164e+00
8.078919897539334727e+01 -2.794840726814990628e+00 1.859586756574773680e+00
8.069664623310912077e+01 -2.791202813038127672e+00 1.857065773055131874e+00
8.060428760090957212e+01 -2.787589720188307307e+00 1.854552773135304644e+00
8.051214196826522596e+01 -2.783995995798179468e+00 1.852041937898597279e+00
8.042016249446723464e+01 -2.780428060663957091e+00 1.849529099645828678e+00
8.032839844056144329e+01 -2.776882627605836706e+00 1.847019911636725187e+00
8.023683811178685232e+01 -2.773357169797556754e+00 1.844515638288405812e+00
8.014545206341486505e+01 -2.769852807128777794e+00 1.842011715139744155e+00
8.005424389493981607e+01 -2.766364209854244915e+00 1.839512861011812550e+00
7.996321763167732399e+01 -2.762896844618047076e+00 1.837015518668461134e+00
7.987237771319449564e+01 -2.759445680367336617e+00 1.834519054151454442e+00
7.978176376974603556e+01 -2.756013916871199232e+00 1.832015899459941810e+00
7.969142410047588498e+01 -2.752596607897236147e+00 1.829508012693052521e+00
7.960120151653622145e+01 -2.749187519563119242e+00 1.827009149053046011e+00
7.951112275636731397e+01 -2.745789562959780827e+00 1.824508272987211521e+00
7.942120620981178547e+01 -2.742395083374066012e+00 1.822012547507148472e+00
7.933140368269376097e+01 -2.739009406172600691e+00 1.819522660332726360e+00
7.924179254131036032e+01 -2.735625203955306617e+00 1.817039245149371318e+00
7.915233197589682845e+01 -2.732246872579048080e+00 1.814558673208832573e+00
7.906298227896640185e+01 -2.728864377925357410e+00 1.812081928453975754e+00
7.897376672499714800e+01 -2.725480096456862622e+00 1.809613239410129859e+00
7.888466776465462260e+01 -2.722088058867204285e+00 1.807147220773414942e+00
7.879566938284949629e+01 -2.718695105237891152e+00 1.804694113918421383e+00
7.870679143853398330e+01 -2.715292911796567399e+00 1.802244126686874726e+00
7.861805626379018008e+01 -2.711879686473938289e+00 1.799793496541065130e+00
7.852958444160535123e+01 -2.708459556778292310e+00 1.797348256863616767e+00
7.844115575362215509e+01 -2.705030809676985726e+00 1.794901940863933509e+00
7.835292270342837639e+01 -2.701599005621071026e+00 1.792460030903880508e+00
7.826481844387355125e+01 -2.698155588908972558e+00 1.790019131921525952e+00
7.817682938506469270e+01 -2.694711608503780997e+00 1.787588592148566136e+00
7.808900610836265344e+01 -2.691258880098989170e+00 1.785158577398398672e+00
7.800131969848743552e+01 -2.687800275291963636e+00 1.782730360144525017e+00
7.791375209652034073e+01 -2.684337505711548832e+00 1.780308354476000332e+00
7.782638121076897164e+01 -2.680872210335885519e+00 1.777887380325410938e+00
7.773914664562919086e+01 -2.677401642783582503e+00 1.775466460875981811e+00
7.765209520512169661e+01 -2.673925668073899864e+00 1.773050429480470980e+00
7.756517740839896646e+01 -2.670453587126879746e+00 1.770640872584615666e+00
7.747844574556438602e+01 -2.666973846315737529e+00 1.768229774774861429e+00
7.739194544800375297e+01 -2.663497678708435679e+00 1.765821500219862505e+00
7.730562614275125100e+01 -2.659999554007245415e+00 1.763408131966428760e+00
7.721950144768719326e+01 -2.656505336050179356e+00 1.760996622184558547e+00
7.713356509376042425e+01 -2.653008985021785282e+00 1.758585725133481770e+00
7.704774916199077950e+01 -2.649514837676615553e+00 1.756176317829487576e+00
7.696215307240117909e+01 -2.646018747313049424e+00 1.753768041212699025e+00
7.687668734433879081e+01 -2.642525889678065010e+00 1.751357613449558315e+00
7.679137868665156930e+01 -2.639031743704923993e+00 1.748951950724656479e+00
7.670625389780494174e+01 -2.635543544576642638e+00 1.746544460183823144e+00
7.662133985093437616e+01 -2.632058377100870317e+00 1.744137905226373020e+00
7.653655629959965268e+01 -2.628580104629194558e+00 1.741730816829658357e+00
7.645192641384146270e+01 -2.625104988316664834e+00 1.739327590757352882e+00
7.636750322543689151e+01 -2.621639143822277696e+00 1.736922880628559263e+00
7.628324415029642580e+01 -2.618185005406637345e+00 1.734526987483412608e+00
7.619916925727704893e+01 -2.614738354833406664e+00 1.732125581438823447e+00
7.611535205690985606e+01 -2.611281977429712242e+00 1.729725265362239250e+00
7.603167957508310337e+01 -2.607832274965049990e+00 1.727324687527098668e+00
7.594817868553685969e+01 -2.604399839021185770e+00 1.724929573023447293e+00
7.586485419184586476e+01 -2.600977360524435955e+00 1.722538264062370317e+00
7.578164249879321801e+01 -2.597568243709478253e+00 1.720146352264854572e+00
7.569857787690101247e+01 -2.594169376407796879e+00 1.717752914383123608e+00
7.561571536135083704e+01 -2.590785020415049100e+00 1.715366701146227246e+00
7.553298732288880046e+01 -2.587420999519908893e+00 1.712985990512794654e+00
7.545041987509290493e+01 -2.584073511207744200e+00 1.710609047717846387e+00
7.536798493708644742e+01 -2.580743914705737385e+00 1.708234126634712302e+00
7.528567727042860724e+01 -2.577431022248396264e+00 1.705859471144439254e+00
7.520352236124064405e+01 -2.574136773918832777e+00 1.703496251345331114e+00
7.512147544196001547e+01 -2.570865425048550090e+00 1.701139750378429127e+00
7.503955610439631130e+01 -2.567608883634428629e+00 1.698785528078662121e+00
7.495787945152308396e+01 -2.564355496638433429e+00 1.696429548253290065e+00
7.487622349863583793e+01 -2.561120471165328816e+00 1.694088091654440076e+00
7.479472633981772844e+01 -2.557910718294672314e+00 1.691746241201020240e+00
7.471330679831915234e+01 -2.554716607089210889e+00 1.689412516581068058e+00
7.463203322489337666e+01 -2.551542819637209636e+00 1.687088165021361164e+00
7.455084852193574818e+01 -2.548384596786581024e+00 1.684763005577625927e+00
7.446977205410145473e+01 -2.545242666593062530e+00 1.682449667024698448e+00
7.438888283065961105e+01 -2.542113153225827649e+00 1.680140844594325333e+00
7.430811477520157382e+01 -2.538997119156453763e+00 1.677834401610347026e+00
7.422742784013738060e+01 -2.535898209839341888e+00 1.675536450638487107e+00
7.414691308133652115e+01 -2.532810298257030635e+00 1.673247137738376855e+00
7.406656151442140867e+01 -2.529730510301631874e+00 1.670957056348097991e+00
7.398631334279436089e+01 -2.526665340706180540e+00 1.668668375484398503e+00
7.390626282586472939e+01 -2.523593571395407409e+00 1.666393645283451130e+00
7.382629821463551423e+01 -2.520509595641321265e+00 1.664107651047494141e+00
7.374651145693395904e+01 -2.517430482647286638e+00 1.661832919266282627e+00
7.366689641182830428e+01 -2.514355004032396756e+00 1.659564870583356777e+00
7.358736935219721431e+01 -2.511279505000466816e+00 1.657293943053480101e+00
7.350802039270976707e+01 -2.508196264922645025e+00 1.655022970019158546e+00
7.342881011168698535e+01 -2.505110351648205391e+00 1.652757184015239078e+00
7.334974035981397833e+01 -2.502026434211369832e+00 1.650496443577205596e+00
7.327084179461598978e+01 -2.498933641002620387e+00 1.648238403284669307e+00
7.319205912584043006e+01 -2.495835859086291908e+00 1.645977134942583131e+00
7.311341824037887704e+01 -2.492732685827867556e+00 1.643724453557082077e+00
7.303488445005210394e+01 -2.489619029019104701e+00 1.641471676005861635e+00
7.295652354141317630e+01 -2.486499301014675645e+00 1.639217743168197572e+00
7.287837964065833773e+01 -2.483366177588370860e+00 1.636969056173676051e+00
7.280024850800171521e+01 -2.480215138733493863e+00 1.634716617045793408e+00
7.272235053683755268e+01 -2.477037079500438388e+00 1.632472392467419153e+00
7.264449894080210868e+01 -2.473839973169861928e+00 1.630227090258048461e+00
7.256678923902046563e+01 -2.470634221932187735e+00 1.627979972911436812e+00
7.248922095132043353e+01 -2.467413150386333687e+00 1.625735245739334145e+00
7.241175473708750587e+01 -2.464180639234809789e+00 1.623493291832731833e+00
7.233444651800435565e+01 -2.460937793924418582e+00 1.621257303807781547e+00
7.225725129390674795e+01 -2.457683522997292869e+00 1.619020939572409112e+00
7.218018694186606865e+01 -2.454415455319296946e+00 1.616786152060908810e+00
7.210324583672033327e+01 -2.451140382600653478e+00 1.614553665208900313e+00
7.202645394217159946e+01 -2.447859594156302609e+00 1.612323166470218672e+00
7.194976978847628857e+01 -2.444570898461268182e+00 1.610101381801872789e+00
7.187316455641831681e+01 -2.441278720089766985e+00 1.607881883793809585e+00
7.179672908964849398e+01 -2.437975695440145252e+00 1.605660525248564729e+00
7.172040824765146283e+01 -2.434664440971428423e+00 1.603450640848710584e+00
7.164420129776956969e+01 -2.431342378841261365e+00 1.601236938297486700e+00
7.156806467444705788e+01 -2.428025996480440707e+00 1.599031819900392337e+00
7.149203493982048485e+01 -2.424707866059187644e+00 1.596833165896298645e+00
7.141617301050820288e+01 -2.421394968369008804e+00 1.594638888231753704e+00
7.134043515564779625e+01 -2.418091394116561599e+00 1.592449828950806223e+00
7.126480429744852074e+01 -2.414801969096527667e+00 1.590266130230545416e+00
7.118924669203417466e+01 -2.411526850449465798e+00 1.588084702495392353e+00
7.111382368787776898e+01 -2.408267849199307697e+00 1.585908040007509179e+00
7.103854019633732264e+01 -2.405026982175004768e+00 1.583738859450486203e+00
7.096337630911740746e+01 -2.401800813220877462e+00 1.581578264036105796e+00
7.088834638708351576e+01 -2.398598902521397402e+00 1.579423928015502465e+00
7.081339809299456078e+01 -2.395407171599152285e+00 1.577273560273778408e+00
7.073859808244459657e+01 -2.392230579530604473e+00 1.575124904741608711e+00
7.066387686207104935e+01 -2.389072519267195105e+00 1.572985070843285094e+00
7.058930623748993582e+01 -2.385914289430006718e+00 1.570852610605026678e+00
7.051479257637157616e+01 -2.382774903808637657e+00 1.568725143133580691e+00
7.044045360680013346e+01 -2.379653750787683819e+00 1.566605841215520156e+00
7.036616849390362916e+01 -2.376545450403883208e+00 1.564488413270568312e+00
7.029197783864459836e+01 -2.373456333683926278e+00 1.562373972835084723e+00
7.021794797914536446e+01 -2.370376085890967044e+00 1.560261911400822266e+00
7.014404919148465467e+01 -2.367312515288212182e+00 1.558156307592922341e+00
7.007020108314330287e+01 -2.364263768884013128e+00 1.556055291889420600e+00
6.999647501974187946e+01 -2.361228476314959579e+00 1.553960938559342475e+00
6.992289235497896982e+01 -2.358209117917133391e+00 1.551865799354448461e+00
6.984943273176031653e+01 -2.355208067615742529e+00 1.549777466913219826e+00
6.977603746371160298e+01 -2.352220917794354715e+00 1.547692216746365590e+00
6.970284007866723641e+01 -2.349248006805312539e+00 1.545613717265617915e+00
6.962969043191354501e+01 -2.346284501132806177e+00 1.543536968634448003e+00
6.955666267741659681e+01 -2.343327804157806504e+00 1.541473513847258170e+00
6.948373612064339966e+01 -2.340390884220569401e+00 1.539407459648901799e+00
6.941100131230058423e+01 -2.337466463863935751e+00 1.537349574097550464e+00
6.933831491518648704e+01 -2.334552068348198173e+00 1.535294217047715515e+00
6.926580257959658127e+01 -2.331652339160745324e+00 1.533242993771475104e+00
6.919339822232404913e+01 -2.328763257138463327e+00 1.531195999958988585e+00
6.912108690403145772e+01 -2.325886247214413949e+00 1.529153727621351821e+00
6.904891501062057557e+01 -2.323013509810282429e+00 1.527110532906596374e+00
6.897684618200284490e+01 -2.320148758518297161e+00 1.525074158915376898e+00
6.890493922069252619e+01 -2.317294376117348786e+00 1.523041096030049335e+00
6.883310081517450385e+01 -2.314442574337889358e+00 1.521007300309683119e+00
6.876142042766699092e+01 -2.311592262954872190e+00 1.518978334827689736e+00
6.868986214178259786e+01 -2.308751909384524126e+00 1.516954871194356347e+00
6.861837860900534736e+01 -2.305912305022671305e+00 1.514939425162736386e+00
6.854698750144881103e+01 -2.303068485460765924e+00 1.512922876348265167e+00
6.847572069333985212e+01 -2.300223705704955268e+00 1.510911741819242593e+00
6.840460918458830974e+01 -2.297381255649924903e+00 1.508902967382473204e+00
6.833357093417842520e+01 -2.294541609342099608e+00 1.506896162159701680e+00
6.826269449962777003e+01 -2.291694269377244186e+00 1.504891681965238481e+00
6.819188789950767671e+01 -2.288848198917460497e+00 1.502889435034589383e+00
6.812122240759772751e+01 -2.286000138428800454e+00 1.500889239654297214e+00
6.805068921953279926e+01 -2.283147267107737743e+00 1.498890860709868988e+00
6.798027270171978387e+01 -2.280292806185477694e+00 1.496894394768432557e+00
6.791003679472409260e+01 -2.277436490832762672e+00 1.494899773363673301e+00
6.783991618468941454e+01 -2.274577762679416804e+00 1.492906679431280192e+00
6.776988485515421701e+01 -2.271719041852646281e+00 1.490915905909897976e+00
6.770008356050168175e+01 -2.268855316885170836e+00 1.488926624973714086e+00
6.763033676430252683e+01 -2.265994380173780964e+00 1.486944836937227787e+00
6.756078704274615632e+01 -2.263123097977760345e+00 1.484966048731785060e+00
6.749129813510074882e+01 -2.260248699294374664e+00 1.482989395898416163e+00
6.742194687161635613e+01 -2.257367630648878798e+00 1.481015344888058971e+00
6.735273408566902731e+01 -2.254483038833300146e+00 1.479044790887942717e+00
6.728358810453576666e+01 -2.251587994286289529e+00 1.477076981859199334e+00
6.721456790092749145e+01 -2.248686503243623847e+00 1.475112628070474052e+00
6.714565206148485288e+01 -2.245776074791630439e+00 1.473151928039128089e+00
6.707682383039787055e+01 -2.242854689233830801e+00 1.471195110770575187e+00
6.700808310153719560e+01 -2.239921396678740351e+00 1.469242434801965924e+00
6.693944908595955212e+01 -2.236985045109006531e+00 1.467293614115088962e+00
6.687090803688451501e+01 -2.234039218114057146e+00 1.465349940002709017e+00
6.680244623929918646e+01 -2.231089830498649285e+00 1.463410840311330174e+00
6.673405002142209241e+01 -2.228127716022338056e+00 1.461476342783723847e+00
6.666574944674999870e+01 -2.225167239257561214e+00 1.459552041677063761e+00
6.659748053063759698e+01 -2.222201108533379266e+00 1.457634103426611150e+00
6.652925157692909863e+01 -2.219228173595215292e+00 1.455720615880595314e+00
6.646111908810746627e+01 -2.216260919847268696e+00 1.453813030808268847e+00
6.639306973630884556e+01 -2.213284770521156464e+00 1.451910539125707444e+00
6.632509027887908815e+01 -2.210307794734743592e+00 1.450013643819378251e+00
6.625716756080046821e+01 -2.207336864490013983e+00 1.448122139954373555e+00
6.618928851584561812e+01 -2.204368213538968391e+00 1.446235597933990480e+00
6.612148722230914188e+01 -2.201402910530353196e+00 1.444354577893713243e+00
6.605378868884062626e+01 -2.198446462937349466e+00 1.442479133727753826e+00
6.598618011040517217e+01 -2.195492934044331435e+00 1.440609534655927781e+00
6.591864876354419778e+01 -2.192555186218570373e+00 1.438745130737572264e+00
6.585125039980665917e+01 -2.189629686068701009e+00 1.436886111338085303e+00
6.578384153447389338e+01 -2.186711574599764951e+00 1.435032381720640071e+00
6.571659092513630185e+01 -2.183822598285909411e+00 1.433188169761812958e+00
6.564931057508675849e+01 -2.180946341140872491e+00 1.431350012504416291e+00
6.558219933003637436e+01 -2.178092010698392755e+00 1.429516345141280231e+00
6.551517533607569987e+01 -2.175251626549162598e+00 1.427687172419632944e+00
6.544822627223908285e+01 -2.172431099252516873e+00 1.425862423589170369e+00
6.538137130679392328e+01 -2.169633173021142891e+00 1.424041374574585017e+00
6.531461485546913082e+01 -2.166854678816823476e+00 1.422224195185926687e+00
6.524793862768980546e+01 -2.164096620958745110e+00 1.420410192071757338e+00
6.518137317535722275e+01 -2.161360023951035547e+00 1.418599654099897966e+00
6.511495902652737300e+01 -2.158646855052564817e+00 1.416792453938940044e+00
6.504865789654576247e+01 -2.155956954259139469e+00 1.414987313235956057e+00
6.498243065385976536e+01 -2.153293227837016932e+00 1.413184861277904103e+00
6.491633376141101053e+01 -2.150647431391993880e+00 1.411384058827577670e+00
6.485037097606101497e+01 -2.148021782609215169e+00 1.409584501638441845e+00
6.478458855496378987e+01 -2.145434653491659738e+00 1.407791645370108702e+00
6.471885117803064702e+01 -2.142863833165253418e+00 1.405999076241220669e+00
6.465329543063334938e+01 -2.140318469049223182e+00 1.404206617001472202e+00
6.458790873246748276e+01 -2.137787792658174091e+00 1.402414228893425374e+00
6.452267723467041094e+01 -2.135270697919509075e+00 1.400621747063617528e+00
6.445758217760986497e+01 -2.132773039093285306e+00 1.398828577189986211e+00
6.439260353446530871e+01 -2.130293342414506519e+00 1.397035168048011533e+00
6.432776377579386917e+01 -2.127825439253818285e+00 1.395242398773910653e+00
6.426303730148234195e+01 -2.125370777006432288e+00 1.393449726443049652e+00
6.419847331357392761e+01 -2.122928976264803591e+00 1.391658104973015897e+00
6.413399797654786028e+01 -2.120497802658717568e+00 1.389867481036211050e+00
6.406972993580075126e+01 -2.118076311737913109e+00 1.388078134513401896e+00
6.400550446967973528e+01 -2.115663421264798227e+00 1.386290187997335721e+00
6.394147755184594217e+01 -2.113257193078795115e+00 1.384505242449995732e+00
6.387750677924387332e+01 -2.110870944240917257e+00 1.382725130649290257e+00
6.381371461403982437e+01 -2.108488243382047767e+00 1.380947676255285916e+00
6.375002315629259186e+01 -2.106107733162502438e+00 1.379172975791569611e+00
6.368645933230703804e+01 -2.103726898270802170e+00 1.377401220934339143e+00
6.362299366239238196e+01 -2.101344302089807048e+00 1.375631893870044475e+00
6.355965759857475206e+01 -2.098957988506548134e+00 1.373866031050440917e+00
6.349640120636647111e+01 -2.096566093797645802e+00 1.372103275140859280e+00
6.343325645035226756e+01 -2.094167506791611455e+00 1.370344086744513801e+00
6.337016175467425683e+01 -2.091760393886236358e+00 1.368588471803666717e+00
6.330720497072147879e+01 -2.089343728204703154e+00 1.366836201716961297e+00
6.324431158300159694e+01 -2.086915373077433244e+00 1.365088080982831409e+00
6.318153921473122381e+01 -2.084473747057277837e+00 1.363344563822163957e+00
6.311884075140332584e+01 -2.082017765198471260e+00 1.361604186980517772e+00
6.305618442928842882e+01 -2.079549391598438213e+00 1.359869120932707620e+00
6.299364417344644096e+01 -2.077079080943316836e+00 1.358140336812222015e+00
6.293119274829225418e+01 -2.074592444974136640e+00 1.356414997557367386e+00
6.286881252549938637e+01 -2.072088125982582962e+00 1.354694306320127106e+00
6.280648621509663343e+01 -2.069566805250702579e+00 1.352977688427692060e+00
6.274422425322452312e+01 -2.067028073061520477e+00 1.351265375082183473e+00
6.268203496429823218e+01 -2.064472121388192694e+00 1.349557307136525441e+00
6.261988797305041032e+01 -2.061899230640629632e+00 1.347853236828878254e+00
6.255781443763840599e+01 -2.059309774027168416e+00 1.346153324817118691e+00
6.249579902394192032e+01 -2.056703867140231345e+00 1.344457589590676072e+00
6.243382683323122961e+01 -2.054082258310041542e+00 1.342765823876514553e+00
6.237188341348672083e+01 -2.051445251984339802e+00 1.341078426370657661e+00
6.231001948640294330e+01 -2.048793112595813870e+00 1.339395158011108977e+00
6.224824175775888335e+01 -2.046127989531382863e+00 1.337715759173454755e+00
6.218654158603253279e+01 -2.043454226455958977e+00 1.336040879415211879e+00
6.212485104454732721e+01 -2.040780835167258278e+00 1.334370003816425010e+00
6.206328212274701883e+01 -2.038097898444199085e+00 1.332703454454753356e+00
6.200176712083350594e+01 -2.035406024509833767e+00 1.331040149000582318e+00
6.194034027779956375e+01 -2.032706416869307198e+00 1.329379712304639138e+00
6.187892840079661738e+01 -2.030001206505023692e+00 1.327722299639562120e+00
6.181758750686452686e+01 -2.027292041866198602e+00 1.326068297109181948e+00
6.175633460196092983e+01 -2.024580260180459224e+00 1.324416733928590606e+00
6.169511116246518867e+01 -2.021866937858923574e+00 1.322767568897691204e+00
6.163394948162972042e+01 -2.019153575862613792e+00 1.321120707574888753e+00
6.157289570143999669e+01 -2.016441419910447230e+00 1.319475680663729333e+00
6.151185333291810053e+01 -2.013733745904881189e+00 1.317833443592540954e+00
6.145096058272458350e+01 -2.011034218551673192e+00 1.316192992936023654e+00
6.139005902987189245e+01 -2.008346448526081574e+00 1.314555109969549607e+00
6.132933559586962957e+01 -2.005676841592314297e+00 1.312919688611545510e+00
6.126867031176976752e+01 -2.003034703760120827e+00 1.311286166840807121e+00
6.120810526589287548e+01 -2.000412713130558462e+00 1.309655157000417791e+00
6.114763527683255973e+01 -1.997814424609132278e+00 1.308025940921248909e+00
6.108725543620556664e+01 -1.995241737998606490e+00 1.306399499375813011e+00
6.102696108554956567e+01 -1.992697554574562657e+00 1.304775156142363723e+00
6.096674779286765755e+01 -1.990183391817543779e+00 1.303152593962781269e+00
6.090665019626164423e+01 -1.987700918903379632e+00 1.301532395374313422e+00
6.084666613029305182e+01 -1.985251883708134324e+00 1.299914531359629644e+00
6.078680048735206753e+01 -1.982837205288283444e+00 1.298299409165013074e+00
6.072703004846348307e+01 -1.980457579877399565e+00 1.296686863236359510e+00
6.066738129107490352e+01 -1.978113918080287359e+00 1.295076350365296225e+00
6.060787539771249044e+01 -1.975806578684019987e+00 1.293468615336399230e+00
6.054850887331340914e+01 -1.973534957795007427e+00 1.291863457925415570e+00
6.048921751381425338e+01 -1.971302223955816224e+00 1.290259688297382024e+00
6.043008248000892735e+01 -1.969109573447544781e+00 1.288657719675400992e+00
6.037108914745685695e+01 -1.966950616970136512e+00 1.287057921271502980e+00
6.031227057988596130e+01 -1.964823190813798082e+00 1.285459980207330544e+00
6.025351259337843146e+01 -1.962726600437856295e+00 1.283864313023073134e+00
6.019487341091900845e+01 -1.960658585034655177e+00 1.282270165251964134e+00
6.013638348053331129e+01 -1.958617009189969504e+00 1.280678275036959191e+00
6.007801170293120663e+01 -1.956600100649036778e+00 1.279088406389680355e+00
6.001975236242870437e+01 -1.954604563919841498e+00 1.277500241941430525e+00
5.996163252155734114e+01 -1.952628063357300325e+00 1.275913404456567202e+00
5.990361345425642980e+01 -1.950668472738191772e+00 1.274328755185951456e+00
5.984575199770244325e+01 -1.948721880728991218e+00 1.272745764039900029e+00
5.978800267840982485e+01 -1.946785290923919387e+00 1.271164017138371349e+00
5.973034259762835774e+01 -1.944855395265459919e+00 1.269584996977939584e+00
5.967278891730242663e+01 -1.942932003944767727e+00 1.268005615763249994e+00
5.961541771467687312e+01 -1.941011931206607199e+00 1.266427574460138317e+00
5.955812377379826472e+01 -1.939088226036301599e+00 1.264850800880892967e+00
5.950092139885408216e+01 -1.937157820496237637e+00 1.263275654371826207e+00
5.944382575983963335e+01 -1.935216715630228457e+00 1.261702969148192022e+00
5.938679734801529264e+01 -1.933262012262057183e+00 1.260132059713512165e+00
5.932989685582425210e+01 -1.931290280096601197e+00 1.258563299971092952e+00
5.927304790749996499e+01 -1.929298193276988371e+00 1.256996397139414912e+00
5.921629207508411241e+01 -1.927283453001934044e+00 1.255431263382355223e+00
5.915958559935621963e+01 -1.925242294748040317e+00 1.253868500638997352e+00
5.910292474864706236e+01 -1.923172466859691898e+00 1.252307346344782690e+00
5.904636695299912219e+01 -1.921071536683088166e+00 1.250748605621784248e+00
5.898979992554809826e+01 -1.918936103069248666e+00 1.249192827818990770e+00
5.893332662684147039e+01 -1.916765132388409176e+00 1.247639824325873725e+00
5.887684120287541134e+01 -1.914562287118652950e+00 1.246089270386903092e+00
5.882048113822155244e+01 -1.912314911912975868e+00 1.244540339510900484e+00
5.876415483701964604e+01 -1.910031097870743544e+00 1.242995108837579243e+00
5.870784827007327777e+01 -1.907705212504819503e+00 1.241454304071897718e+00
5.865154846599053684e+01 -1.905348438939460598e+00 1.239917204412675167e+00
5.859532356229883732e+01 -1.902947955573345951e+00 1.238384167032691385e+00
5.853910291715998682e+01 -1.900512930361106800e+00 1.236854393766858129e+00
5.848294265958226390e+01 -1.898046302697987242e+00 1.235328170921889068e+00
5.842680363554482170e+01 -1.895545291812055444e+00 1.233805758315110079e+00
5.837070375917070919e+01 -1.893016322271516616e+00 1.232286373103845145e+00
5.831468421621520548e+01 -1.890460431374536343e+00 1.230770098082809128e+00
5.825869094089178901e+01 -1.887881593844060735e+00 1.229257398705912330e+00
5.820270819414046315e+01 -1.885280182851945874e+00 1.227748423526256571e+00
5.814674412465993925e+01 -1.882661607404225279e+00 1.226242571019897198e+00
5.809090693860503762e+01 -1.880024548422616348e+00 1.224737804024044419e+00
5.803511466668686580e+01 -1.877375217153875564e+00 1.223235563967092654e+00
5.797931055435589087e+01 -1.874715615078396347e+00 1.221736501743424075e+00
5.792362731059834857e+01 -1.872056708014079751e+00 1.220240619589777697e+00
5.786800919374925201e+01 -1.869393081643559995e+00 1.218747890302384285e+00
5.781243673644376457e+01 -1.866732496767256499e+00 1.217257958878920965e+00
5.775686555556183066e+01 -1.864079185286972695e+00 1.215770892495402933e+00
5.770138773475125760e+01 -1.861435879512973512e+00 1.214286761853016650e+00
5.764596590343192872e+01 -1.858805629475955623e+00 1.212804535862637811e+00
5.759059677259544685e+01 -1.856192055940119712e+00 1.211325068264518690e+00
5.753530320254437669e+01 -1.853602551874050208e+00 1.209847706551880675e+00
5.748006885907432917e+01 -1.851038154478444220e+00 1.208373514703438012e+00
5.742490602968028668e+01 -1.848496857690570483e+00 1.206901592559475045e+00
5.736989970233936731e+01 -1.845990931249960498e+00 1.205432037017287072e+00
5.731486638044526671e+01 -1.843524201831196807e+00 1.203963229982605965e+00
5.726001639569059165e+01 -1.841081757052551060e+00 1.202496063440897434e+00
5.720521769786597588e+01 -1.838684701978118285e+00 1.201031423506564000e+00
5.715053416360981231e+01 -1.836331552387959087e+00 1.199569461002719217e+00
5.709593812634848575e+01 -1.834025037170800454e+00 1.198109642173144529e+00
5.704144179851164154e+01 -1.831760964928424107e+00 1.196652166341346968e+00
5.698701963406611526e+01 -1.829545421945867556e+00 1.195196240158807655e+00
