# cl_TT                  cl_TE                    cl_EE
3.160374705382267848e+02 7.336531674488856458e-01 1.239851436243084165e-02
2.882778057431729053e+02 9.692080532036269069e-01 2.063670556475890455e-02
2.647565780924199430e+02 1.023647550896150227e+00 2.340888654691879872e-02
2.470470901566886255e+02 9.667012291282663927e-01 2.088721259715306880e-02
2.341993693977783835e+02 8.541786942251545778e-01 1.548199629538145501e-02
2.250937151600797392e+02 7.222196592273747440e-01 9.860128574051231151e-03
2.187451931929643081e+02 5.932286237763880754e-01 5.690805670059499374e-03
2.145274093568441458e+02 4.804432480033535291e-01 3.371752441486039562e-03
2.118767630946777842e+02 3.913214255783672435e-01 2.438399713391750136e-03
2.104067564326165893e+02 3.289151417895708196e-01 2.173888515076433017e-03
2.099422682076084641e+02 2.925414585542587820e-01 2.049064427537600989e-03
2.102246413438891182e+02 2.780453864205377768e-01 1.862261241832563561e-03
2.109690861727241611e+02 2.799818718204525880e-01 1.649588273587065338e-03
2.121008885157301620e+02 2.932791459572649528e-01 1.516217033876635263e-03
2.136508758069291218e+02 3.127956322546664447e-01 1.515981719580419352e-03
2.155878460699148320e+02 3.342245000184043136e-01 1.624171250295664394e-03
2.175994913314932830e+02 3.542493517075216425e-01 1.775801954505333308e-03
2.201677029570025184e+02 3.725694633444867065e-01 1.924743867154422730e-03
2.228775274889823663e+02 3.877126669208687537e-01 2.064087845010815700e-03
2.254384776914631061e+02 4.017233757993504684e-01 2.225657841877615607e-03
2.282523024887829877e+02 4.143463293300910788e-01 2.450279805120188052e-03
2.311665339170614857e+02 4.240125135838018200e-01 2.757658844189524779e-03
2.341533193611742547e+02 4.351139576073486115e-01 3.159854509086181332e-03
2.372613240388960492e+02 4.464337282867582579e-01 3.636245445433671907e-03
2.403300468579681990e+02 4.617334701961873789e-01 4.178836149613410211e-03
2.436377528610964873e+02 4.726624437553406111e-01 4.788990592290896797e-03
2.467345704496264887e+02 4.862393225309816214e-01 5.454067877195345818e-03
2.502577986182551797e+02 4.982616327421658942e-01 6.186294683429860615e-03
2.536005985430026328e+02 5.091566265832269123e-01 6.978501466763419384e-03
2.570819867112390966e+02 5.168745387154758397e-01 7.828045870304266643e-03
2.606727961519333121e+02 5.212455398796980166e-01 8.720778919381963132e-03
2.640889355253767690e+02 5.233264730659985542e-01 9.673106925458615016e-03
2.676290867074591802e+02 5.203602635999109438e-01 1.067987332128001073e-02
2.712802946917773852e+02 5.145703935302269327e-01 1.174372335982329374e-02
2.749690884803272297e+02 5.057332159585267162e-01 1.288143321381551853e-02
2.786319907600586703e+02 4.923487496326709456e-01 1.410662034092493786e-02
2.823494959282057835e+02 4.766219430598823137e-01 1.541530885342044452e-02
2.861183035611491050e+02 4.595305373417739037e-01 1.681296328671497142e-02
2.899449869026278179e+02 4.403911140289195059e-01 1.829835153823235888e-02
2.938126887449878950e+02 4.185644953837147075e-01 1.986802129201225772e-02
2.977143881376721311e+02 3.939194393365831326e-01 2.152251671310577083e-02
3.016311300036653620e+02 3.664322338413144031e-01 2.325513198049633176e-02
3.055461327788906374e+02 3.361557872700986493e-01 2.505421803032998121e-02
3.095148041757403803e+02 3.025378935750548393e-01 2.693161138998564907e-02
3.135813899819219159e+02 2.645611768873731284e-01 2.890505279048465742e-02
3.176800961153146545e+02 2.233456644243520250e-01 3.095908213818820282e-02
3.217674744027206657e+02 1.786825437338715461e-01 3.309543933554282003e-02
3.258492310694109619e+02 1.297434410575612762e-01 3.531679028573617152e-02
3.299782835138397559e+02 7.655012644565317714e-02 3.762145534484880038e-02
3.342604721980683848e+02 1.906343520718080387e-02 4.000497811257912317e-02
3.386607803850179153e+02 -4.217298002755097419e-02 4.246720444991169269e-02
3.430446549235488192e+02 -1.063168045280733359e-01 4.501135090933574417e-02
3.474127952720314170e+02 -1.739036263606979216e-01 4.765109746499223559e-02
3.518197170075796976e+02 -2.451476708234049673e-01 5.038999349521336435e-02
3.562824795232681367e+02 -3.193261713834184001e-01 5.320889615466193462e-02
3.608210488354263248e+02 -3.966401850097214243e-01 5.610770508501305293e-02
3.654010478224375902e+02 -4.771831950552494761e-01 5.908607403512061013e-02
3.700120711836594296e+02 -5.612014541961979353e-01 6.214176297095154455e-02
3.746760543553443199e+02 -6.491410402294368609e-01 6.527033656767418368e-02
3.794154686533831864e+02 -7.412967413982026743e-01 6.846759524370418792e-02
3.842112620026901482e+02 -8.372369541501973877e-01 7.173133364686576363e-02
3.890664729210150767e+02 -9.372701146666010397e-01 7.507379576811037958e-02
3.939512128998788398e+02 -1.041159371647499388e+00 7.849734644045458509e-02
3.988544451798549062e+02 -1.148118317516206854e+00 8.199069993877579343e-02
4.038516097272514003e+02 -1.258757461465128902e+00 8.555344283046910359e-02
4.089514236832847018e+02 -1.372839917210331828e+00 8.917957058564243700e-02
4.141472807100073510e+02 -1.489955384504658698e+00 9.286108962616917983e-02
4.194094666835443945e+02 -1.609645863796434151e+00 9.659161118540773860e-02
4.246746421329420969e+02 -1.731487631844567332e+00 1.003695175997331435e-01
4.299613406983148138e+02 -1.855688353038790650e+00 1.041942109467432348e-01
4.353101629165893769e+02 -1.983381334779632299e+00 1.080730792095894177e-01
4.407399910197563031e+02 -2.114607206729162137e+00 1.120016719857988702e-01
4.462468402291224265e+02 -2.248782969537451493e+00 1.159713917149831491e-01
4.518229305872137047e+02 -2.385880148892098429e+00 1.199783417075592218e-01
4.574775730719118201e+02 -2.525781507361359868e+00 1.240189421564371480e-01
4.632123316796383961e+02 -2.668386482851210495e+00 1.280904449675548118e-01
4.689981809055215081e+02 -2.813259257730059026e+00 1.321897356462495843e-01
4.748034991821685367e+02 -2.960039478058422713e+00 1.363125991465392040e-01
4.806324193683468593e+02 -3.108438007294710204e+00 1.404551840086838421e-01
4.865066068313839196e+02 -3.258767712778915193e+00 1.446096452764303042e-01
4.924320414431930431e+02 -3.410689277090361848e+00 1.487708951801771928e-01
4.984076935182802117e+02 -3.564130873670254829e+00 1.529342245311777204e-01
5.044472276708083882e+02 -3.719074520282742213e+00 1.570964442399141459e-01
5.105551555935649617e+02 -3.875624277324266842e+00 1.612548954718544258e-01
5.167401507706599659e+02 -4.033688191174606530e+00 1.654054278488928664e-01
5.230006838206543307e+02 -4.193226709067704228e+00 1.695443875344636586e-01
5.293459811486492299e+02 -4.354200282695047441e+00 1.736670453430753658e-01
5.357601259017014854e+02 -4.516497570294382591e+00 1.777697506906997238e-01
5.422731993062373022e+02 -4.680055624804407621e+00 1.818407225830479257e-01
5.488716887300341796e+02 -4.844635545875299876e+00 1.858784147324554770e-01
5.555465225893373145e+02 -5.010189283794830750e+00 1.898797760461233552e-01
5.622868895191171532e+02 -5.176365852282144076e+00 1.938482456911025387e-01
5.690917575764117373e+02 -5.343107650871337988e+00 1.977716151378590970e-01
5.759540817217256290e+02 -5.510129263448305892e+00 2.016509730884780971e-01
5.828668170083449240e+02 -5.677260699443426262e+00 2.054878016205155533e-01
5.898165122995603724e+02 -5.844334332662224796e+00 2.092751199804799012e-01
5.968079133682603015e+02 -6.011039809044152804e+00 2.130133887286852767e-01
6.038433197158434496e+02 -6.176903822462204374e+00 2.166670876603684626e-01
6.109100029449516569e+02 -6.341955320348154679e+00 2.202515361981255138e-01
6.180097831742716608e+02 -6.506014670503950548e+00 2.237700139577522840e-01
6.251408564466910320e+02 -6.669056876544911638e+00 2.272066632260977548e-01
6.323014189241639542e+02 -6.830864861462658588e+00 2.305603513824537043e-01
6.394944678015170894e+02 -6.991340651674864404e+00 2.338322539466592687e-01
6.467224906236439210e+02 -7.150329952367675546e+00 2.370076679374576167e-01
6.539772192894412228e+02 -7.307635563745092711e+00 2.400869933462882189e-01
6.612615194716033784e+02 -7.463206221957850772e+00 2.430664153381959791e-01
6.685837832289220160e+02 -7.615928682952603168e+00 2.459071940108559784e-01
6.759323265529418450e+02 -7.766286473456829320e+00 2.486303694711919365e-01
6.832984354765974331e+02 -7.914402425875159963e+00 2.512436542004841677e-01
6.906870354452677248e+02 -8.060079372705631684e+00 2.537447077872143075e-01
6.980922962389097393e+02 -8.203200700672486079e+00 2.561325164374879670e-01
7.055122097012585982e+02 -8.343719140812295265e+00 2.584081411050722088e-01
7.129435149005546464e+02 -8.481479872843866730e+00 2.605738957945860634e-01
7.203810083149332968e+02 -8.616416213673790736e+00 2.626275144070530643e-01
7.278302422645790557e+02 -8.748455957564100771e+00 2.645746386981243647e-01
7.352835699444466400e+02 -8.875841464341823084e+00 2.663591472233390323e-01
7.427338803328217409e+02 -8.999776445306531869e+00 2.680238518216990218e-01
7.501930139017553074e+02 -9.120239727841525479e+00 2.695674167347429928e-01
7.576527122952371656e+02 -9.237072996917007117e+00 2.709818111179616018e-01
7.651165558877502235e+02 -9.350147971491978183e+00 2.722652557727744393e-01
7.725862838755125495e+02 -9.459324025097810562e+00 2.734064509410987220e-01
7.800621493063783873e+02 -9.564382703205202674e+00 2.744026234056848867e-01
7.875426375868502191e+02 -9.665296604267082259e+00 2.752558135990437749e-01
7.950221636489434331e+02 -9.761997627294785929e+00 2.759599209654077234e-01
8.025083836135781894e+02 -9.852203974045542267e+00 2.764589868073262235e-01
8.099938332550908626e+02 -9.937945643544567886e+00 2.768187623598436509e-01
8.174829427884744746e+02 -1.001914462658080751e+01 2.770266619507407713e-01
8.249775277108975615e+02 -1.009583997058525284e+01 2.770914112563642173e-01
8.324720005795491033e+02 -1.016789705358221596e+01 2.770134477945292439e-01
8.399582099216581810e+02 -1.023532249661583116e+01 2.767965770258845604e-01
8.474256355667167782e+02 -1.029803045804034412e+01 2.764536405776786832e-01
8.548694662137454543e+02 -1.035599487849338018e+01 2.759867242153013489e-01
8.622804852397130162e+02 -1.040903410024288434e+01 2.753994705733118220e-01
8.696281630843991479e+02 -1.045458396756245811e+01 2.746530136100044928e-01
8.769181219832859142e+02 -1.049493114758694468e+01 2.737900625947006228e-01
8.841618838111221521e+02 -1.052983608923726244e+01 2.728039802403255942e-01
8.913555558715912639e+02 -1.055912665706659759e+01 2.716955143211465251e-01
8.985041499106608853e+02 -1.058263571660448221e+01 2.704570076560744440e-01
9.056170247054610627e+02 -1.060017551972420335e+01 2.690844625324118056e-01
9.126898540944523575e+02 -1.061158769151121462e+01 2.675709517646819857e-01
9.197288725244127363e+02 -1.061669968502632244e+01 2.659241662733411449e-01
9.267270782850496289e+02 -1.061501411632124992e+01 2.641300161862222828e-01
9.336573864978679467e+02 -1.060422307084228599e+01 2.621680487499742362e-01
9.405276042373373002e+02 -1.058669640615648433e+01 2.600740695843152261e-01
9.473370224838736249e+02 -1.056238845204942223e+01 2.578540186561854575e-01
9.540780746432868682e+02 -1.053113191017396133e+01 2.555147740005737633e-01
9.607429863408701749e+02 -1.049291381057845385e+01 2.530500153225401783e-01
9.673307878180582975e+02 -1.044764743732335255e+01 2.504704116078809717e-01
9.738367712460436678e+02 -1.039533177504900330e+01 2.477866315313642931e-01
9.802602284807117030e+02 -1.033612850640090386e+01 2.450093434469612363e-01
9.865926223314068011e+02 -1.026947391711387603e+01 2.421460197638341805e-01
9.928061595014091836e+02 -1.019350069028535266e+01 2.391926288763830954e-01
9.989279385504815991e+02 -1.011077197680362971e+01 2.361827241433517577e-01
1.004966478686490632e+03 -1.002141871323782318e+01 2.331269725398871784e-01
1.010908199475916945e+03 -9.925534026522598197e+00 2.300360406726397189e-01
1.016756741887267594e+03 -9.823309567814346721e+00 2.269260178645943482e-01
1.022511164876520752e+03 -9.714685650744819156e+00 2.237958900615536761e-01
1.028166993071851493e+03 -9.599467002022695539e+00 2.206450570484309592e-01
1.033716877921223386e+03 -9.477565909504880537e+00 2.174711124506519544e-01
1.039152568043978363e+03 -9.348044458936801249e+00 2.142689206654706247e-01
1.044449137964037163e+03 -9.209477492257377662e+00 2.110573424285136779e-01
1.049636105046005241e+03 -9.064165801007440848e+00 2.078309242281761171e-01
1.054720146706220021e+03 -8.912079914628186827e+00 2.045882495828405812e-01
1.059697184878234339e+03 -8.753297922509968743e+00 2.013277823606103856e-01
1.064565518150027401e+03 -8.587786604697829063e+00 1.980607427215207716e-01
1.069324119981450394e+03 -8.415603435656736409e+00 1.947879318686037420e-01
1.073974616922510222e+03 -8.236847128344365387e+00 1.915073663410524207e-01
1.078519528496853127e+03 -8.051667271896480571e+00 1.882302680883820578e-01
1.082931267672661534e+03 -7.859194394457915678e+00 1.849786956959381112e-01
1.087195816952716996e+03 -7.658720977843583633e+00 1.817803716759128219e-01
1.091349584186371885e+03 -7.452373870864118288e+00 1.786105168363734674e-01
1.095384887000946719e+03 -7.240179633984887175e+00 1.754768160213712180e-01
1.099308402864520076e+03 -7.022451460678319712e+00 1.723866042522301800e-01
1.103126142424066984e+03 -6.799495872270750141e+00 1.693491119498542752e-01
1.106838187049459520e+03 -6.571612768614639499e+00 1.663735689006563823e-01
1.110453930980746009e+03 -6.339119748584018943e+00 1.634704241215684806e-01
1.113982768620622210e+03 -6.102327230326307195e+00 1.606495046016477024e-01
1.117383700839535550e+03 -5.860390692446235228e+00 1.579556582075844207e-01
1.120656350136063338e+03 -5.612872872965996685e+00 1.554225403421732321e-01
1.123821065667254516e+03 -5.360974260497822996e+00 1.530132565904304687e-01
1.126861689318627668e+03 -5.104614119529802707e+00 1.507392057405271824e-01
1.129762524659390010e+03 -4.843503516524682695e+00 1.486128383065280500e-01
1.132510451992721528e+03 -4.577559038875223862e+00 1.466464272446202088e-01
1.135091831803374589e+03 -4.306589708120053039e+00 1.448517225091152383e-01
1.137497541424875408e+03 -4.030364714485756394e+00 1.432414009476601635e-01
1.139714149316861040e+03 -3.748866692830863823e+00 1.418278704882317831e-01
1.141736851473149500e+03 -3.461144193150833104e+00 1.406831399921654457e-01
1.143550195817546410e+03 -3.167184408856630107e+00 1.398338360477238973e-01
1.145202005677999296e+03 -2.868085333764629929e+00 1.392263403555540346e-01
1.146705778076225215e+03 -2.563860530855884168e+00 1.388716411030962439e-01
1.148064659990956443e+03 -2.254518084085530116e+00 1.387831675932752196e-01
1.149283449326848995e+03 -1.940088325309636597e+00 1.389691754725935202e-01
1.150350803892647718e+03 -1.620627367949127429e+00 1.394438547732139155e-01
1.151258734175871268e+03 -1.296214498196057718e+00 1.402178741260421690e-01
1.152006666194967011e+03 -9.668343909233092504e-01 1.412941147447253909e-01
1.152547773823907391e+03 -6.318728074233475045e-01 1.427828583203941681e-01
1.152878879058487655e+03 -2.915632830055077118e-01 1.446801242997691750e-01
1.153034940864076589e+03 5.326542373878987574e-02 1.469173185084362565e-01
1.153004377822347124e+03 4.026038879724869179e-01 1.495083250359273142e-01
1.152796539081297624e+03 7.562450118987880110e-01 1.524536539483227204e-01
1.152416162907645457e+03 1.114043090907430145e+00 1.557568830320549269e-01
1.151857231624195038e+03 1.475857614011758967e+00 1.594272903591977542e-01
1.151121794844720171e+03 1.841539111795769790e+00 1.634750482604538924e-01
1.150212094730079343e+03 2.210899712777332660e+00 1.678959228431037287e-01
1.149092673113019828e+03 2.584167167105242857e+00 1.728241411031311014e-01
1.147772445272641789e+03 2.960905018181795523e+00 1.782202402030683697e-01
1.146287492080233278e+03 3.340602357382816301e+00 1.839958179479921629e-01
1.144641150576751443e+03 3.723069519944642192e+00 1.901606616154233043e-01
1.142826757650064792e+03 4.108047676632009981e+00 1.967138018549525746e-01
1.140853074819381845e+03 4.495371400371290349e+00 2.036528507898779927e-01
1.138717369625770289e+03 4.884815356319737845e+00 2.109806746125040267e-01
1.136430881089808508e+03 5.276084867917399279e+00 2.186811405120113738e-01
1.133994145525153499e+03 5.668992837649235561e+00 2.267488352341576197e-01
1.131367206693356820e+03 6.063169154764593394e+00 2.353296980629110691e-01
1.128574930720609473e+03 6.458150555356364286e+00 2.443508119279893531e-01
1.125642304008348901e+03 6.853893499099413589e+00 2.537226597083633850e-01
1.122582469494975612e+03 7.250002121655564125e+00 2.634313194068623742e-01
1.119394849506829814e+03 7.646295694420164324e+00 2.734658332475529141e-01
1.116088321001966960e+03 8.042572255786861746e+00 2.838139419648548767e-01
1.112676594704719264e+03 8.438585152077036966e+00 2.944519047621389496e-01
1.109156234410509342e+03 8.834111132008132472e+00 3.053684507249233571e-01
1.105545629877355623e+03 9.228819405590469316e+00 3.165519941284333227e-01
1.101794950535988391e+03 9.621835024694101790e+00 3.281685277149343771e-01
1.097940698992171519e+03 1.001312610424127314e+01 3.401362389405654940e-01
1.093981942917994274e+03 1.040248572242879455e+01 3.524081254462667623e-01
1.089914694295134268e+03 1.078964963832579471e+01 3.650272032810654155e-01
1.085736070825919796e+03 1.117417805049953650e+01 3.780239904493464809e-01
1.081435987492735876e+03 1.155571504359176949e+01 3.914265880685663390e-01
1.077006276598778868e+03 1.193394651263008299e+01 4.052645354320766891e-01
1.072449546424397340e+03 1.230866572218773847e+01 4.195673923087483992e-01
1.067772211960268123e+03 1.267933331020089938e+01 4.343504884825884482e-01
1.062932077583556293e+03 1.304529903538223046e+01 4.498603884259830821e-01
1.057980040300298697e+03 1.340601790729430931e+01 4.659481887554122181e-01
1.052922063134042446e+03 1.376276341989780683e+01 4.825913451487989780e-01
1.047770766787971297e+03 1.411487833124416014e+01 4.998124704558612463e-01
1.042525284731987313e+03 1.446225169182599934e+01 5.176301659661008969e-01
1.037179906338892351e+03 1.480504342483503777e+01 5.360522778871601446e-01
1.031729516913413818e+03 1.514266707285700342e+01 5.550872491782716800e-01
1.026179757443373546e+03 1.547413852440764792e+01 5.747412638961776343e-01
1.020525005815425061e+03 1.580062482901711363e+01 5.950244303880063423e-01
1.014714344048845987e+03 1.611831204457872602e+01 6.161686552697740460e-01
1.008786043492038516e+03 1.643000637893820581e+01 6.379740223354477546e-01
1.002754339302857147e+03 1.673466007443331449e+01 6.604243703729779646e-01
9.966147096263730418e+02 1.703298547471163360e+01 6.835127562434187842e-01
9.903757061902410896e+02 1.732491050499308471e+01 7.072325347436572152e-01
9.840313206389988636e+02 1.761015817095825042e+01 7.315867194370505588e-01
9.775963433018816886e+02 1.788873654994946349e+01 7.565697073838824060e-01
9.710700558035607628e+02 1.816035978040688548e+01 7.821777102695049999e-01
9.644490639632430202e+02 1.842447444442769111e+01 8.084035832889161499e-01
9.577094735150390079e+02 1.867930011857119865e+01 8.354369029013293257e-01
9.508904086946776033e+02 1.892680918035697601e+01 8.630513885704543808e-01
9.439872544737769431e+02 1.916755927772691237e+01 8.912317478520341840e-01
9.370090656035230268e+02 1.940124960294530965e+01 9.199509609871469040e-01
9.299566388767054832e+02 1.962757935040333734e+01 9.491977616956382979e-01
9.228291020424355793e+02 1.984674378577815546e+01 9.789501295140279336e-01
9.156297164318236810e+02 2.005943449809557677e+01 1.009186874921979893e+00
9.083708604982816723e+02 2.026568063774685413e+01 1.039871068201323245e+00
9.010483613022778400e+02 2.046431579145169977e+01 1.070992014166558759e+00
8.936405620415695239e+02 2.065376709276826261e+01 1.102688806613601358e+00
8.861863704776022814e+02 2.083604337833178732e+01 1.134751337208912192e+00
8.786823914232669495e+02 2.101232394098347811e+01 1.167134628205446223e+00
8.711245395168739378e+02 2.118264351693010994e+01 1.199776645847359768e+00
8.635218662095633135e+02 2.134685626783361556e+01 1.232715535314564459e+00
8.558733845242351208e+02 2.150517471568145922e+01 1.265824518560150658e+00
8.481799990894133998e+02 2.165811267264916395e+01 1.299103296875733005e+00
8.404373947481213918e+02 2.180470107153812620e+01 1.332473282376328561e+00
8.326561100585900022e+02 2.194547854813261623e+01 1.365922743122251148e+00
8.248301539586702802e+02 2.207782403653829206e+01 1.399497346063352188e+00
8.169717940447538922e+02 2.220452711769276632e+01 1.433079518506185090e+00
8.090903288616807458e+02 2.232539361258978161e+01 1.466748804590818578e+00
8.011916429264390445e+02 2.244022934174967787e+01 1.500427611789619142e+00
7.932793556256090142e+02 2.254884012502888879e+01 1.534213849883281133e+00
7.853627643871174087e+02 2.265052404572226408e+01 1.568091862452660523e+00
7.774393478598758520e+02 2.274468545165304789e+01 1.602105087146940221e+00
7.695187781343892084e+02 2.283113015931105139e+01 1.636202289320703551e+00
7.616052742352835594e+02 2.290892669099631718e+01 1.670433048776673202e+00
7.536987510247532782e+02 2.297511299162368914e+01 1.704826224754689035e+00
7.457958895164316573e+02 2.303263837725728891e+01 1.739252451287300660e+00
7.379126323296698047e+02 2.308037992455397713e+01 1.773815358348627136e+00
7.300423908052962361e+02 2.311908662586425578e+01 1.808469504099271985e+00
7.221957760596834532e+02 2.314800227450859893e+01 1.843212410666097645e+00
7.143670231110673967e+02 2.316693266727549982e+01 1.877980557623605051e+00
7.065634811387985792e+02 2.317568359627640362e+01 1.912877659709239397e+00
6.987907694133103860e+02 2.317474078789849656e+01 1.947814585345675864e+00
6.910587297945551200e+02 2.316232109178844567e+01 1.982806161934649980e+00
6.833667293689062490e+02 2.313597218376464326e+01 2.017851367862998124e+00
6.757109322490141494e+02 2.309957612723261988e+01 2.052990193044363032e+00
6.681042889198506600e+02 2.305266883556510038e+01 2.088134757609934944e+00
6.605375788919386650e+02 2.299476973078980180e+01 2.123269438402867859e+00
6.530181323100354120e+02 2.292667694505505693e+01 2.158378614475853663e+00
6.455462465673044790e+02 2.284814979623167019e+01 2.193498607301722192e+00
6.381230609103718052e+02 2.275920678741981718e+01 2.228652780767792940e+00
6.307517358507889185e+02 2.265927447180887100e+01 2.263756943365343055e+00
6.234409278373977941e+02 2.254745016478017305e+01 2.298749629103876035e+00
6.162005455228780875e+02 2.242368037586019014e+01 2.333650735518284947e+00
6.090211955607328491e+02 2.228921658722014953e+01 2.368435270912642387e+00
6.018978364286318765e+02 2.214458116073234706e+01 2.403159301323273045e+00
5.948325835476375687e+02 2.199029745825487581e+01 2.437771337424728735e+00
5.878237228025019476e+02 2.182682972791359077e+01 2.472244949458928698e+00
5.808805469161085284e+02 2.165404164531917885e+01 2.506558731189866496e+00
5.740001802226267955e+02 2.147212275778284862e+01 2.540719531557160238e+00
5.671789837304606863e+02 2.128226183287745954e+01 2.574741835310870197e+00
5.604287892319101729e+02 2.108251874313533847e+01 2.608549334259929520e+00
5.537662133393484964e+02 2.087343252370998670e+01 2.642089820309022397e+00
5.471696869600305035e+02 2.065716520602580530e+01 2.675479660041009122e+00
5.406314703372167969e+02 2.043352225334679062e+01 2.708589244060643164e+00
5.341509325550277936e+02 2.020303849854499845e+01 2.741465759063788976e+00
5.277229639223779714e+02 1.996616048646315988e+01 2.774048836256130635e+00
5.213423204036727157e+02 1.972276334669434306e+01 2.806329871797082820e+00
5.150083712463133452e+02 1.947303057282887551e+01 2.838269677772850663e+00
5.087135113620943798e+02 1.921746493111750809e+01 2.869892928608697158e+00
5.024727534018440451e+02 1.895464749317450881e+01 2.900943293854840732e+00
4.962991858580911071e+02 1.868644684477025564e+01 2.931587461916610682e+00
4.901734382691063274e+02 1.841355915783633534e+01 2.961859275535224878e+00
4.841109654210393387e+02 1.813677860360006378e+01 2.991779628786466194e+00
4.781164663768559535e+02 1.785582374480570067e+01 3.021298912939525128e+00
4.721929587934844221e+02 1.757115239940704399e+01 3.050412892566841450e+00
4.663542161255726910e+02 1.728269077189017011e+01 3.079063821090204378e+00
4.605999641514515588e+02 1.698978324815185914e+01 3.107226872892740577e+00
4.549328249868822240e+02 1.669251878907070008e+01 3.134881357479427866e+00
4.493847592602432428e+02 1.638963402628519717e+01 3.161811908606894761e+00
4.439532829446915230e+02 1.608072767002961001e+01 3.187897388393105214e+00
4.386176126310972450e+02 1.576739344385225294e+01 3.213308864626087225e+00
4.333832210947280146e+02 1.544848182938847714e+01 3.237996739872609719e+00
4.282561162704968183e+02 1.512493038448457661e+01 3.261911417693711179e+00
4.232362446776490970e+02 1.479667534123678507e+01 3.285049257458050764e+00
4.183293758925596535e+02 1.446381472857868644e+01 3.307405630049362166e+00
4.135387255282172987e+02 1.412653647264276202e+01 3.328930941365532359e+00
4.088670324606408144e+02 1.378488664461036706e+01 3.349646508382392973e+00
4.043434626149895621e+02 1.343805869058610192e+01 3.369230860018854745e+00
3.999600285487323390e+02 1.308661262560985783e+01 3.387899919283485328e+00
3.957068624698583790e+02 1.273134119382229024e+01 3.405609238657080873e+00
3.915745577481865212e+02 1.237244169056198473e+01 3.422496873905723103e+00
3.875699770437782377e+02 1.200997980461291448e+01 3.438444833313804239e+00
3.836909848679982815e+02 1.164414323195706835e+01 3.453561626749762414e+00
3.799350145885538268e+02 1.127495506717886187e+01 3.467797661153373845e+00
3.763032582092847065e+02 1.090255792853077388e+01 3.481103343033764563e+00
3.728041205477256881e+02 1.052702417803742918e+01 3.493500572181125641e+00
3.694557888880727319e+02 1.014783113574385176e+01 3.504677208154431511e+00
3.662554396503973067e+02 9.765586809209811037e+00 3.514723354998570137e+00
3.631828783558228224e+02 9.380686492208880622e+00 3.523828138529501164e+00
3.602327592208742431e+02 8.993180166689709765e+00 3.531949746881198227e+00
3.574096072015171899e+02 8.603255297284595926e+00 3.539072921182034204e+00
3.547071916187441616e+02 8.211146444316165471e+00 3.545309410091028290e+00
3.521196141906917205e+02 7.817029380375393188e+00 3.550621253200682226e+00
3.496517325610095668e+02 7.421183531464856209e+00 3.555121845225563071e+00
3.473047448850189198e+02 7.023778509949498705e+00 3.558815905401446766e+00
3.450977272940492639e+02 6.625075435168015225e+00 3.561490672812491987e+00
3.430124935842050036e+02 6.225423078793007825e+00 3.563324598203558846e+00
3.410345088912833376e+02 5.825028597068209635e+00 3.564482040520056128e+00
3.391560425033045476e+02 5.424079268389943920e+00 3.564981558637157377e+00
3.373714842416687247e+02 5.022722964848686189e+00 3.564852310559257553e+00
3.356800833797187238e+02 4.621047686486758899e+00 3.564147747823636969e+00
3.340716804731156344e+02 4.219253461576841779e+00 3.562818251070483999e+00
3.325447595385393242e+02 3.817491613883684298e+00 3.561007224237894508e+00
3.310905388815311881e+02 3.415905560327844537e+00 3.558672118334030632e+00
3.297519394454729991e+02 3.015331728966400338e+00 3.555538751637986827e+00
3.284919957045930801e+02 2.615558491822593368e+00 3.551868229083692263e+00
3.273067697479664844e+02 2.216749833093376143e+00 3.547812139149356891e+00
3.261999706029380945e+02 1.819271992468037391e+00 3.543207588704540001e+00
3.251725458700641980e+02 1.423493027678396805e+00 3.538094445629332618e+00
3.242313705180709462e+02 1.029790550471176847e+00 3.532415998382107514e+00
3.233719986058257518e+02 6.385408043408623557e-01 3.526070237128067664e+00
3.225944432041643495e+02 2.500360083763591423e-01 3.519127631714767723e+00
3.219055806068948868e+02 -1.352647542760993526e-01 3.511507545096789862e+00
3.213412532863309252e+02 -5.154522402308076012e-01 3.502680131390822904e+00
3.208607265564612590e+02 -8.913467957644887196e-01 3.493148880652411137e+00
3.204708658703069091e+02 -1.262824108326220607e+00 3.482835220492738859e+00
3.201581943912572683e+02 -1.629722206395256778e+00 3.471711987722196913e+00
3.199372726821289348e+02 -1.991773320425026972e+00 3.459778467320161699e+00
3.198050559329777229e+02 -2.348797819364612405e+00 3.447024125985487686e+00
3.197527808033200358e+02 -2.700579357153576332e+00 3.433488794365443741e+00
3.197936829380372501e+02 -3.046985693123327010e+00 3.419081282265967747e+00
3.199175771186017414e+02 -3.387663111966568774e+00 3.403864415915173858e+00
3.201698104108447751e+02 -3.720135888131022917e+00 3.387435580331991325e+00
3.205083412158916190e+02 -4.046206728359933891e+00 3.370090826520527827e+00
3.209404804402749392e+02 -4.365852186546694824e+00 3.351841632850316444e+00
3.214565443395281363e+02 -4.678807992357879364e+00 3.332728592820885627e+00
3.220617189869256549e+02 -4.984825730147238509e+00 3.312634168069398921e+00
3.227579749974829042e+02 -5.283773192780898853e+00 3.291597828624281519e+00
3.235381254322313680e+02 -5.575518175245352204e+00 3.269643062338757122e+00
3.244057395066747063e+02 -5.860192841405309494e+00 3.246776513253671670e+00
3.253458860430469599e+02 -6.137791757658354719e+00 3.223107175648175726e+00
3.264059231623101027e+02 -6.405338515156997481e+00 3.198360688990391498e+00
3.275286176512681209e+02 -6.665930087523523895e+00 3.172838405054188460e+00
3.287208548655167419e+02 -6.919534598671591930e+00 3.146630263068132205e+00
3.299828402667108094e+02 -7.166349994007921609e+00 3.119840906871433006e+00
3.313141278792972457e+02 -7.406359099930281964e+00 3.092395062797498984e+00
3.327115126212039513e+02 -7.639629851574057717e+00 3.064382529866607197e+00
3.341754519435801853e+02 -7.866193555729440234e+00 3.035767233598626547e+00
3.357094214928420115e+02 -8.086118008217622943e+00 3.006590473142799258e+00
3.373125150324698893e+02 -8.299188299749845399e+00 2.976818520238556420e+00
3.390023901556937176e+02 -8.502450310175353465e+00 2.946337763872056925e+00
3.407588790664420344e+02 -8.699248228066267075e+00 2.915364732679434745e+00
3.425715881501757281e+02 -8.889894649733543375e+00 2.883964825526008191e+00
3.444340828605173783e+02 -9.074588996948483199e+00 2.852209041032068626e+00
3.463418639190963972e+02 -9.253511326885559996e+00 2.820122469279835009e+00
3.482916951534555210e+02 -9.426879673822528005e+00 2.787793446456642066e+00
3.502765109915929429e+02 -9.594998969071847128e+00 2.755202746185654750e+00
3.522932759032839840e+02 -9.758133827518037151e+00 2.722492613503145975e+00
3.543416709017759558e+02 -9.916245778773703279e+00 2.689647334897100173e+00
3.564455534566067172e+02 -1.006704312011425095e+01 2.656664412374543094e+00
3.585798097231057113e+02 -1.021411871158494833e+01 2.623716931208227354e+00
3.607445405394383897e+02 -1.035723491072977076e+01 2.590772824838571076e+00
3.629472480349131729e+02 -1.049589176499108234e+01 2.557905035805720928e+00
3.651825685582523988e+02 -1.062956751153029522e+01 2.525078259669328862e+00
3.674435940926421722e+02 -1.075774550930160522e+01 2.492318687911153852e+00
3.697259223493247191e+02 -1.087992057854053307e+01 2.459604472521446095e+00
3.720239921305393409e+02 -1.099555938458010651e+01 2.426913760357098937e+00
3.743370712062763346e+02 -1.110324991531372696e+01 2.394207801491501364e+00
3.766563596399572589e+02 -1.120012195530354759e+01 2.361518323289358623e+00
3.789698319880071722e+02 -1.128915117710132066e+01 2.328894315778297308e+00
3.812887393375353895e+02 -1.136987452022501088e+01 2.296313905362212360e+00
3.836054945562189005e+02 -1.144243845573228491e+01 2.263825515363269592e+00
3.859269436063929675e+02 -1.150737946700800229e+01 2.231518801253708162e+00
3.882571454707837120e+02 -1.156399916307390008e+01 2.199371874349566269e+00
3.905913003357689490e+02 -1.161242158023540227e+01 2.167422947616713280e+00
3.929382708018731591e+02 -1.165306364186320032e+01 2.135680936506543670e+00
3.952949565027280414e+02 -1.168395922033334955e+01 2.104212982149609612e+00
3.976493528022934356e+02 -1.170395260272612248e+01 2.073039123055515187e+00
4.000033862148971480e+02 -1.171558835612420779e+01 2.042114012921805166e+00
4.023447125039085677e+02 -1.171832482937778153e+01 2.011443150087009357e+00
4.046681344110651253e+02 -1.171197412376118052e+01 1.981103851704567154e+00
4.069723451924568849e+02 -1.169649132697089833e+01 1.951085324819782585e+00
4.092554752519844783e+02 -1.167224260011718506e+01 1.921318770994762781e+00
4.115189596789817870e+02 -1.163890295014269149e+01 1.891903635132374806e+00
4.137672796210711113e+02 -1.159629013175779022e+01 1.862878439541716613e+00
4.159903435967949008e+02 -1.154375920785886755e+01 1.834201740352201515e+00
4.181999398233129455e+02 -1.148033316329559739e+01 1.806063050166901940e+00
4.204018888086019388e+02 -1.140907429257484296e+01 1.778375698103391134e+00
4.225879231299365983e+02 -1.132942476279650990e+01 1.751132971929044269e+00
4.247636049440948227e+02 -1.124189110828369031e+01 1.724296024030165908e+00
4.269190617300689041e+02 -1.114664692291581183e+01 1.697962066364952838e+00
4.290558361719410527e+02 -1.104392035572850972e+01 1.672115805368774799e+00
4.311615857602050710e+02 -1.093387823465596753e+01 1.646773240165927410e+00
4.332448456406112882e+02 -1.081678855736328870e+01 1.621912401248157165e+00
4.352935066476799193e+02 -1.069137565729950268e+01 1.597631000705644233e+00
4.373032336371385327e+02 -1.055768564199147086e+01 1.574102719720024135e+00
4.392928839292275711e+02 -1.041802948290124675e+01 1.551047406588362820e+00
4.412558320599208628e+02 -1.027279144614673001e+01 1.528584396037735438e+00
4.431995839934161268e+02 -1.012238636105378298e+01 1.506654806619919906e+00
4.451316457686229455e+02 -9.967222873105058056e+00 1.485227856023821458e+00
4.470541696860090610e+02 -9.807657969366696094e+00 1.464380799788375098e+00
4.489647379838381198e+02 -9.644191223944346802e+00 1.444129035685865370e+00
4.508679504411985590e+02 -9.477195584605288659e+00 1.424380402820844882e+00
4.527463523000469650e+02 -9.305748988420290857e+00 1.405355907385796410e+00
4.546039351991599347e+02 -9.130497841584951146e+00 1.387054043836049244e+00
4.564462609941232927e+02 -8.953128305836971279e+00 1.369308766060297167e+00
4.582656171274440453e+02 -8.773537062980180323e+00 1.352197777742237816e+00
4.600569804533752176e+02 -8.591727470444293857e+00 1.335745361051008384e+00
4.618169229604577595e+02 -8.407611235937693550e+00 1.320007702522942417e+00
4.635420850432076350e+02 -8.221263757376156889e+00 1.305096480421002347e+00
4.652398627466715197e+02 -8.032736218901023406e+00 1.291008967589305279e+00
4.669001043901912453e+02 -7.842003323152765937e+00 1.277807515853592646e+00
4.685148947609743004e+02 -7.647903409617875958e+00 1.265841255565703705e+00
4.700799435073073482e+02 -7.450953179140495486e+00 1.255101591574494746e+00
4.716020725577319013e+02 -7.252068973366821325e+00 1.245428316543260916e+00
4.730874063986376541e+02 -7.051293549675366812e+00 1.236857091894322469e+00
4.745263580186071977e+02 -6.848606779780948450e+00 1.229416631881815158e+00
4.759213714813620300e+02 -6.644110838321783064e+00 1.223144930015551912e+00
4.772646902945123202e+02 -6.437798450964008268e+00 1.218079611711317733e+00
4.785574645631007229e+02 -6.229699281517403264e+00 1.214243095595621380e+00
4.798008440759892892e+02 -6.019986728600994930e+00 1.211668449654101032e+00
4.809713443831300879e+02 -5.807827312320652524e+00 1.210711311133838564e+00
4.820691085077123716e+02 -5.593885794880093520e+00 1.211260797378212350e+00
4.831074303535238528e+02 -5.378709852027196092e+00 1.213144131997233810e+00
4.840767101558660670e+02 -5.162362815947678207e+00 1.216383160176069733e+00
4.849802896083546671e+02 -4.944968494265738812e+00 1.220998891130678166e+00
4.858093923489202552e+02 -4.726576451727777517e+00 1.227000220137051345e+00
4.865718279783080220e+02 -4.507343775425614041e+00 1.234384988762954327e+00
4.872631484207113317e+02 -4.287344255892900691e+00 1.243148613046154649e+00
4.878934221154188435e+02 -4.066652309236269858e+00 1.253282884010225473e+00
4.884404974621568272e+02 -3.845083549638538933e+00 1.265196133475036566e+00
4.889159771141763713e+02 -3.623115306568836402e+00 1.278643129513485022e+00
4.893308128206197694e+02 -3.400902869238406456e+00 1.293441465282209490e+00
4.896867982132110342e+02 -3.178721891831609359e+00 1.309576478190415338e+00
4.899809230938643054e+02 -2.956731640452587850e+00 1.327031481715806871e+00
4.902199129410462319e+02 -2.735093606928951537e+00 1.345775303130265055e+00
4.903949868451971952e+02 -2.513990177921492819e+00 1.365787112358184618e+00
4.905166203625269077e+02 -2.293563791366455717e+00 1.387052503838808626e+00
4.905768000382605578e+02 -2.074106693336380758e+00 1.409538830136219945e+00
4.905682116184702863e+02 -1.855986863367854678e+00 1.433673935318858117e+00
4.905018448341464818e+02 -1.639266351933067689e+00 1.459083190270191288e+00
4.903873131544792159e+02 -1.424017752823110827e+00 1.485583987405494355e+00
4.902216584454907888e+02 -1.210274675108514497e+00 1.513138834285739032e+00
4.900198651897175637e+02 -9.981782623511162855e-01 1.541705073702684059e+00
4.897731487846770051e+02 -7.878472263945510701e-01 1.571227042191978729e+00
4.894896605640162761e+02 -5.793472557072764095e-01 1.601654193368142076e+00
4.891774321703305191e+02 -3.727243485940319734e-01 1.632910078523676978e+00
4.888302924617696021e+02 -1.680076678679407742e-01 1.664941015446580019e+00
4.884343571389619001e+02 3.365509752537937382e-02 1.698164565287005656e+00
4.880095189153703927e+02 2.330152522859172126e-01 1.732052130252381250e+00
4.875595001256813816e+02 4.301353865853545511e-01 1.766571271727487291e+00
4.870869034084395821e+02 6.246974697652694086e-01 1.801649351302513358e+00
4.865906120143492899e+02 8.162960862808487095e-01 1.837410953232658573e+00
4.860654612544821589e+02 1.004525545695370781e+00 1.873842755263459559e+00
4.855207901953826308e+02 1.188990057892186814e+00 1.911032482720777415e+00
4.849486461486321787e+02 1.369282672774280840e+00 1.949002512713629010e+00
4.843416670455878830e+02 1.544993647968127881e+00 1.987815022968402401e+00
4.836988279688250145e+02 1.713870296116764003e+00 2.027992339855040349e+00
4.830207150957017461e+02 1.877141401359028183e+00 2.069121469521157497e+00
4.823115323610750238e+02 2.034765023201247747e+00 2.111174515241092564e+00
4.815730059494816828e+02 2.186403445741114115e+00 2.154173922308402656e+00
4.808037827904229289e+02 2.331841901629520653e+00 2.198131950346998931e+00
4.799989285932460348e+02 2.470793869389832143e+00 2.243087724955243889e+00
4.791677212296539778e+02 2.602953622580228554e+00 2.289045813983360933e+00
4.782954945705650971e+02 2.728181896896955561e+00 2.336028090610716479e+00
4.773872957010798928e+02 2.846339416652116761e+00 2.384097396275288272e+00
4.764308314705212410e+02 2.954401534505545879e+00 2.433591430686773638e+00
4.754337155222773390e+02 3.054898801104885209e+00 2.484151202546879489e+00
4.743986249888904467e+02 3.147700018557684221e+00 2.535738904738848998e+00
4.733240752426735867e+02 3.232632597572496547e+00 2.588310417357289950e+00
4.722151803993248791e+02 3.309624207503940596e+00 2.641870475710990096e+00
4.710720657000505867e+02 3.378633637571323955e+00 2.696408253524796184e+00
4.698899207968228779e+02 3.439655057847269770e+00 2.751953436068821368e+00
4.686838919798974530e+02 3.492780227133011284e+00 2.808428160818237096e+00
4.674406263444772662e+02 3.537779571168095494e+00 2.865899446554571739e+00
4.661646335022078347e+02 3.571801070270988809e+00 2.924640133953563925e+00
4.648593619575917728e+02 3.597781712207989813e+00 2.984252565018605363e+00
4.635299238668408748e+02 3.615902352511471740e+00 3.044748137877333782e+00
4.621814310981854987e+02 3.626122635024629837e+00 3.106018580978516130e+00
4.608147801530517427e+02 3.628444317246287021e+00 3.168067551759215394e+00
4.594251584050645647e+02 3.622976675587811002e+00 3.230835010101669624e+00
4.580195104985713783e+02 3.609760140296014885e+00 3.294368483331991726e+00
4.565994497612584837e+02 3.588888409958285397e+00 3.358487534332361246e+00
4.551589071318130095e+02 3.559953178221409331e+00 3.423303702447603403e+00
4.536966958102045737e+02 3.520631106767729612e+00 3.488963442174099594e+00
4.522293506642337206e+02 3.474169617567939738e+00 3.555086985591963344e+00
4.507452579429797197e+02 3.420799635066221533e+00 3.621663120266676472e+00
4.492590499784220697e+02 3.360747723923978469e+00 3.688646227582845327e+00
4.477659117266459816e+02 3.294241843716322116e+00 3.755968608687924259e+00
4.462661330996231754e+02 3.221544598204490129e+00 3.823568026286794819e+00
4.447588852402757880e+02 3.143051913701525368e+00 3.891393436746774626e+00
4.432528901297913535e+02 3.059119795202548620e+00 3.959365983592433302e+00
4.417471153345781545e+02 2.969314273996839670e+00 4.027490946313161402e+00
4.402353140767459649e+02 2.871676868155617068e+00 4.095764751617116950e+00
4.387258903363392051e+02 2.769706997887975142e+00 4.163948897406664074e+00
4.372212641400642497e+02 2.663590404538867862e+00 4.232060783054214070e+00
4.357235242258688572e+02 2.553127078256076654e+00 4.300007473417199577e+00
4.342302614285830487e+02 2.438009425450668122e+00 4.367790538385158960e+00
4.327476791879535654e+02 2.317830807016344696e+00 4.435407269773470773e+00
4.312745699220279789e+02 2.192221577535182764e+00 4.502842615642025592e+00
4.298066369153302730e+02 2.060861611734091436e+00 4.570042246727723523e+00
4.283567630089341378e+02 1.922412346996890120e+00 4.637046896649415828e+00
4.269168873182965172e+02 1.774766398606977047e+00 4.703899229405263505e+00
4.254988295991589666e+02 1.620535800319823139e+00 4.770429492987813269e+00
4.240994030231736360e+02 1.459513162697913202e+00 4.836655360803353787e+00
4.227151772423708280e+02 1.291382663986622825e+00 4.902486954866019708e+00
4.213545754849117770e+02 1.115892075370040315e+00 4.967902448391178005e+00
4.200084835614209169e+02 9.328413228379240918e-01 5.032941597118059107e+00
4.186940006672130608e+02 7.421378251766228562e-01 5.097550122611752776e+00
4.173946523646159221e+02 5.437276372664305857e-01 5.161673751764001672e+00
4.161320699088776109e+02 3.364389070540565463e-01 5.225309369312202357e+00
4.149014193642129840e+02 1.190998318499558450e-01 5.288467918677327795e+00
4.137008547143738610e+02 -1.057854911039832896e-01 5.351179212701132393e+00
4.125282280032043332e+02 -3.382434244915800692e-01 5.413329753715913739e+00
4.113921470203907234e+02 -5.782651712621605933e-01 5.475054512520801886e+00
4.102941817136256759e+02 -8.258161071888636684e-01 5.536210274881964821e+00
4.092247557806805389e+02 -1.080804967944418715e+00 5.596808332791938234e+00
4.081911608339084978e+02 -1.343248114641425239e+00 5.656847680039828852e+00
4.071944242256529947e+02 -1.613130654843733414e+00 5.716313720730092918e+00
4.062419063633878977e+02 -1.891723544424297687e+00 5.775005603412344257e+00
4.053267014004890711e+02 -2.179545233953163574e+00 5.832882825758358258e+00
4.044568115341977546e+02 -2.474454847963062587e+00 5.890032368338453672e+00
4.036188289447976558e+02 -2.776167112328626008e+00 5.946499244310023080e+00
4.028203197486720342e+02 -3.084538439785821762e+00 6.002218222337626585e+00
4.020563521761418428e+02 -3.399335177752281556e+00 6.057161938476562923e+00
4.013326718247822100e+02 -3.720375557212052708e+00 6.111360345584946785e+00
4.006456838294785143e+02 -4.047430325306033083e+00 6.164721689121400949e+00
3.999945377286374537e+02 -4.380185704006736458e+00 6.217331796030934221e+00
3.993919366834807079e+02 -4.719747754015631180e+00 6.268933524986270100e+00
3.988345928900342869e+02 -5.065776025700735374e+00 6.319587963246885209e+00
3.983115504157994451e+02 -5.416461971912908346e+00 6.369378422202240486e+00
3.978249017332230437e+02 -5.771495657048370198e+00 6.418362121499287198e+00
3.973734502711201912e+02 -6.130544565746290253e+00 6.466497600167780746e+00
3.969530603384035317e+02 -6.493231127415912241e+00 6.513792165660993838e+00
3.965704665462140497e+02 -6.859126365887688870e+00 6.560254266720349392e+00
3.962131391762948169e+02 -7.227786541267544607e+00 6.605903585285455293e+00
3.958887417691869359e+02 -7.598775453133294278e+00 6.650615292857517069e+00
3.956086513203663912e+02 -7.972893565915621927e+00 6.694208147475698034e+00
3.953583908263549915e+02 -8.349278562851040419e+00 6.736680945305213442e+00
3.951323712811505970e+02 -8.726558445531736652e+00 6.778224263694832885e+00
3.949323909560245625e+02 -9.104201599624204277e+00 6.818907361232578346e+00
3.947622344923410651e+02 -9.482192653805366689e+00 6.858672859013656975e+00
3.946158335590087631e+02 -9.860466405086206976e+00 6.897523993199255798e+00
3.945030217542394553e+02 -1.023906527479370077e+01 6.935410991471053777e+00
3.944273459621796292e+02 -1.061801356586226674e+01 6.972284077888426523e+00
3.943958356084885963e+02 -1.099729927847013045e+01 7.008022283028471300e+00
3.944080569976952688e+02 -1.137768143997324621e+01 7.042365059808413541e+00
3.944736644947218451e+02 -1.175875923106600318e+01 7.075326829392421857e+00
3.945851443158903180e+02 -1.213973819431683587e+01 7.107037042489229961e+00
3.947424085219825542e+02 -1.252064546137150636e+01 7.137407021887768543e+00
3.949453695755898934e+02 -1.290137010677911888e+01 7.166409205266311311e+00
3.951986220697533554e+02 -1.328184808193165978e+01 7.193941361097595966e+00
3.955009760220940507e+02 -1.366195754678204999e+01 7.220008809432248320e+00
3.958551120646344543e+02 -1.404155196610200562e+01 7.244534058538242505e+00
3.962636908986085018e+02 -1.442059241801111291e+01 7.267511586214356889e+00
3.967342992358570086e+02 -1.479944042704106621e+01 7.288469302756483970e+00
3.972671199985592239e+02 -1.517749854210406824e+01 7.307668116289613103e+00
3.978587312864244723e+02 -1.555445522641827694e+01 7.325172188910410220e+00
3.985015063922758145e+02 -1.593023770508121473e+01 7.340993188679157733e+00
3.992034846368824219e+02 -1.630467538191937393e+01 7.355201562361232348e+00
3.999593986948679571e+02 -1.667770526448158108e+01 7.367700033331815668e+00
4.007691655048007533e+02 -1.704914908570480137e+01 7.378506634797300734e+00
4.016327024192299291e+02 -1.741895421158185542e+01 7.387641875227799915e+00
4.025571628263698472e+02 -1.778691942952359639e+01 7.395055850504344441e+00
4.035535101954704942e+02 -1.815275677614068428e+01 7.400255240454842287e+00
4.046071149838248857e+02 -1.851635203282856423e+01 7.403625981790270316e+00
4.057096770752254997e+02 -1.887739146519403022e+01 7.405222995946388664e+00
4.068715597005913764e+02 -1.923576494843694817e+01 7.405095575844153011e+00
4.080827588396965666e+02 -1.959124339162800510e+01 7.403213672340799079e+00
4.093380692976544424e+02 -1.994361094601627471e+01 7.399572028891369335e+00
4.106430420829422019e+02 -2.029268790188759297e+01 7.394150235292284101e+00
4.120010602167956222e+02 -2.063842424670689724e+01 7.386992922008420059e+00
4.133974574532026054e+02 -2.098076258245210823e+01 7.378248561354105561e+00
4.148548193050793884e+02 -2.131834969522018497e+01 7.367317235099949180e+00
4.163593951599876277e+02 -2.165262496454066721e+01 7.354860021240778423e+00
4.179076136684416838e+02 -2.198340629327307028e+01 7.340937665193505879e+00
4.194962053141491651e+02 -2.230991065551434360e+01 7.325765895220125223e+00
4.211191950269322319e+02 -2.263243061120689958e+01 7.309372370659780849e+00
4.227765072580168635e+02 -2.295136295943259697e+01 7.291753467080113182e+00
4.244680669428349802e+02 -2.326659778514612853e+01 7.273000675573721097e+00
4.261872790772219446e+02 -2.357737313285817038e+01 7.253228323559439694e+00
4.279388502343820164e+02 -2.388405715553332342e+01 7.232437712807579189e+00
4.297187888425966094e+02 -2.418423277387168113e+01 7.209958953210197308e+00
4.315295901620753511e+02 -2.447977872731013349e+01 7.186628139260879067e+00
4.333518338624057264e+02 -2.477024394681629715e+01 7.162433097881016231e+00
4.351930244157933316e+02 -2.505612430053616180e+01 7.137497160436879540e+00
4.370450793290181082e+02 -2.533700257396899858e+01 7.111802990832212679e+00
4.389074170900404397e+02 -2.561240008557816950e+01 7.085249875117930252e+00
4.407859416634494778e+02 -2.588241282910447083e+01 7.057852021576062285e+00
4.426883327836973763e+02 -2.614558085305150570e+01 7.029509799753213883e+00
4.445966937167081028e+02 -2.640240488673059360e+01 7.000245527012428859e+00
4.465505113921623774e+02 -2.664939445315518540e+01 6.969365183913748929e+00
4.485143165378989352e+02 -2.688936202642437934e+01 6.937529756361616506e+00
4.504945334573633886e+02 -2.712213282795947578e+01 6.904602636768848889e+00
4.524954942294261855e+02 -2.734656711389429873e+01 6.870714470863492629e+00
4.545099718157817392e+02 -2.756334249777134104e+01 6.835748007069035737e+00
4.565472778386502455e+02 -2.777148274725798061e+01 6.799701625133656613e+00
4.585984540060304653e+02 -2.797067759171435597e+01 6.762515636178385137e+00
4.606646162111297826e+02 -2.816077675063302621e+01 6.724221890226853127e+00
4.627531681066019473e+02 -2.834189385789842319e+01 6.684739350177074435e+00
4.648631083036175369e+02 -2.851068517585696682e+01 6.643435338806287227e+00
4.669853261557761357e+02 -2.866894775137539142e+01 6.600877861239662359e+00
4.691216267366682473e+02 -2.881694123890431314e+01 6.557090562146177248e+00
4.712697958470976687e+02 -2.895486007519363980e+01 6.512103587747123612e+00
4.734299757908628408e+02 -2.908294987282628696e+01 6.465941946410349139e+00
4.756016169937778386e+02 -2.920074532579545235e+01 6.418651400892221304e+00
4.777890625196057499e+02 -2.930875951798356027e+01 6.370306839770766949e+00
4.799899604408886944e+02 -2.940683594027086656e+01 6.320971038114311824e+00
4.822073462307116074e+02 -2.949406979858025579e+01 6.270583819496147626e+00
4.844441790882328291e+02 -2.956874109648850890e+01 6.218787914447985621e+00
4.866960086069685190e+02 -2.963313159227183036e+01 6.166085226119612628e+00
4.889593964247480358e+02 -2.968770869649220501e+01 6.112452495933466956e+00
4.912260479780551350e+02 -2.973172116176526103e+01 6.057949280028474881e+00
4.935073823251747172e+02 -2.976638900729646053e+01 6.002545545330094434e+00
4.957927316648226679e+02 -2.979072347062587767e+01 5.946285172052060197e+00
4.980843603592149975e+02 -2.980502890984741882e+01 5.889244667813990475e+00
5.003830315985796346e+02 -2.980878409453266187e+01 5.831350436836634898e+00
5.026766837510288042e+02 -2.980278036029761424e+01 5.772710578171696305e+00
5.049841402305966085e+02 -2.978361292002542271e+01 5.713135533218415496e+00
5.072838878082051224e+02 -2.975496467344520113e+01 5.652889042899287730e+00
5.095848926261607517e+02 -2.971708256778298107e+01 5.592114553625687101e+00
5.118815788735956289e+02 -2.966948636817350859e+01 5.530844924398049756e+00
5.141683709558998316e+02 -2.961299072299143376e+01 5.469177394578427887e+00
5.164448418586582648e+02 -2.954854790652919760e+01 5.407157707973244243e+00
5.187153402854934257e+02 -2.947567745603674538e+01 5.344843643896022733e+00
5.209705909394619994e+02 -2.939458003832445598e+01 5.282332407210533098e+00
5.232101673211377602e+02 -2.930468947541607960e+01 5.219658670911255349e+00
5.254295421379553090e+02 -2.920515217044300726e+01 5.156739613434244696e+00
5.276311853981575268e+02 -2.909820168050693212e+01 5.093838493874923046e+00
5.298122337612310275e+02 -2.898507079963479782e+01 5.030980347297673738e+00
5.319734656256657672e+02 -2.886612849544119896e+01 4.968253801103620582e+00
5.341091660878259972e+02 -2.874073630678039493e+01 4.905669622865505453e+00
5.362135922005476232e+02 -2.860807898497100865e+01 4.843226622021818528e+00
5.382930782103230740e+02 -2.846902062333733241e+01 4.780910385389012696e+00
5.403479882765030879e+02 -2.832245412538380691e+01 4.718736341797264977e+00
5.423706621694851719e+02 -2.816696458918158896e+01 4.656794598831806020e+00
5.443555806018563317e+02 -2.800089863220097186e+01 4.595058752168745819e+00
5.463223696611837568e+02 -2.782714524100935805e+01 4.533688382814924367e+00
5.482609016808778506e+02 -2.764623731192550338e+01 4.472641723792754931e+00
5.501717565205052551e+02 -2.745692627151016296e+01 4.412055138080024363e+00
5.520536246446152973e+02 -2.725941690076390955e+01 4.351919636393735580e+00
5.539054221817347070e+02 -2.705336480788846032e+01 4.292228479709478073e+00
5.557275032613447365e+02 -2.683903518909289332e+01 4.232989303042672624e+00
5.575101914962476712e+02 -2.661499721500687698e+01 4.174178718176135838e+00
5.592496865634471988e+02 -2.638036438443790033e+01 4.115918526888767914e+00
5.609460004275316578e+02 -2.613336219393251270e+01 4.058192048597167201e+00
5.625949497161519730e+02 -2.587609378214483158e+01 4.000901546982601253e+00
5.641993279781430601e+02 -2.560877969839854984e+01 3.944234823066021800e+00
5.657518426251763231e+02 -2.533232767248803796e+01 3.888201155064472836e+00
5.672585561278731348e+02 -2.504639247896983179e+01 3.832792090129227613e+00
5.687091246729984277e+02 -2.475062878571865355e+01 3.778106729605055225e+00
5.701101153368181258e+02 -2.444592219903152142e+01 3.724167072600461648e+00
5.714546712121167502e+02 -2.413251453882387310e+01 3.670989612655280343e+00
5.727365133107923612e+02 -2.380834158383462551e+01 3.618717855214741430e+00
5.739664391774583692e+02 -2.347444246764042219e+01 3.567422553858007994e+00
5.751482608172242408e+02 -2.313212506038341232e+01 3.516969376438840555e+00
5.762861581190074958e+02 -2.278216232663744023e+01 3.467375316558644727e+00
5.773805928158845973e+02 -2.242470299358985031e+01 3.418661349435511365e+00
5.784349202615222794e+02 -2.206055810714515530e+01 3.370836072769552327e+00
5.794470986349004988e+02 -2.168946532480043388e+01 3.323854496757898236e+00
5.804200999804570529e+02 -2.131082792873327847e+01 3.277762476351349097e+00
5.813468909620899012e+02 -2.092542064998804818e+01 3.232535413464219243e+00
5.822176809311234820e+02 -2.053067793474378888e+01 3.188299492573769989e+00
5.830219624482169820e+02 -2.012665825428924649e+01 3.145074842390517933e+00
5.837772712539320992e+02 -1.971572458122408733e+01 3.102683695444387713e+00
5.844749170115406969e+02 -1.929701746243997817e+01 3.061171916720180075e+00
5.851143349968720031e+02 -1.887165653174711366e+01 3.020547611338975535e+00
5.857011177987965311e+02 -1.844060638385999340e+01 2.980849576172256654e+00
5.862359149039278918e+02 -1.800476936314967347e+01 2.942168526700255082e+00
5.867202833301870442e+02 -1.756468734868737513e+01 2.904550344560584030e+00
5.871555794675348352e+02 -1.712128735823833026e+01 2.867969879363475361e+00
5.875258700168357109e+02 -1.667438467209078112e+01 2.832821627372196449e+00
5.878473251654334035e+02 -1.622383853168987144e+01 2.798896990089858150e+00
5.881300646105121359e+02 -1.577185815037690908e+01 2.765957608681208768e+00
5.883743451356352807e+02 -1.531839606248773400e+01 2.733950157768028522e+00
5.885859327350334524e+02 -1.486324847194189402e+01 2.702838167401478309e+00
5.887604279287361351e+02 -1.440653455888878831e+01 2.672605900875804519e+00
5.889035232915888400e+02 -1.394819561042148059e+01 2.643201903970303857e+00
5.890063458170345712e+02 -1.348766866210486981e+01 2.614827940789922422e+00
5.890707271752065708e+02 -1.302582561854880794e+01 2.587471429285801428e+00
5.890669660847337354e+02 -1.256011548617201079e+01 2.561765995467407020e+00
5.889926132312546088e+02 -1.209264825529542620e+01 2.537528574327577058e+00
5.888550497917614166e+02 -1.162263212132668144e+01 2.514725174885551251e+00
5.886514058199592228e+02 -1.115166910174652770e+01 2.493472274184953541e+00
5.883758410309176270e+02 -1.067870836091057640e+01 2.473817734012721647e+00
5.880285454854198406e+02 -1.020447216533764490e+01 2.455809429100608288e+00
5.876208220547890733e+02 -9.729584237742695763e+00 2.439384113615158167e+00
5.871535417751276782e+02 -9.254356046938852387e+00 2.424582867939318209e+00
5.866314098054544957e+02 -8.779168215852898527e+00 2.411408439412458193e+00
5.860483160453003393e+02 -8.303563196410703284e+00 2.400296169318178574e+00
5.854148466151676757e+02 -7.828537129177759013e+00 2.391047994346676475e+00
5.847289581132206422e+02 -7.354151028037021476e+00 2.383477475911203847e+00
5.839877167537470086e+02 -6.879958711533619820e+00 2.377601397296789099e+00
5.831813836417970833e+02 -6.405718086858867899e+00 2.373487053509909739e+00
5.823002192059562958e+02 -5.931139187156870385e+00 2.371189606915020232e+00
5.813400982215810018e+02 -5.455824447942133837e+00 2.370727058615789140e+00
5.802947567705681422e+02 -4.979526584741485351e+00 2.372117755985656551e+00
5.791690106878295410e+02 -4.502612100080409796e+00 2.375383311114809270e+00
5.779531804741312726e+02 -4.025481006524164407e+00 2.381070604754588427e+00
5.766653887702277643e+02 -3.549370646800150908e+00 2.388750048073342125e+00
5.753177324742974861e+02 -3.075076911965938908e+00 2.398192526438829297e+00
5.739167466480630537e+02 -2.603246681469445711e+00 2.409414400292329450e+00
5.724744385570730856e+02 -2.134608904142583530e+00 2.422404684887574877e+00
5.709909862503725435e+02 -1.669279343329275189e+00 2.437114727479860576e+00
5.694608937126361070e+02 -1.207029793516857019e+00 2.453507714354154601e+00
5.678744136800927436e+02 -7.474568338639250298e-01 2.471631862833644000e+00
5.662364723312399519e+02 -2.901670215649998497e-01 2.491462039813292950e+00
5.645104449054157385e+02 1.647738217309260844e-01 2.513598967724620881e+00
5.627067100832379083e+02 6.180381046344364249e-01 2.537510317945077976e+00
5.608380128324790803e+02 1.069659189179874570e+00 2.563065736010301077e+00
5.589047418928025763e+02 1.519320819682379531e+00 2.590181941813696653e+00
5.569116299245343953e+02 1.966494395891706493e+00 2.618749478364966965e+00
5.548740452828441221e+02 2.410680002701040880e+00 2.648668470665795027e+00
5.527936987101188606e+02 2.851398954112575712e+00 2.679846141179275776e+00
5.506741212029645567e+02 3.288167057995309506e+00 2.712166020395375909e+00
5.485376689715933480e+02 3.720506865047793266e+00 2.745478056550763490e+00
5.463457459360631674e+02 4.147183991185143803e+00 2.780475832455254537e+00
5.441291660709090365e+02 4.569217586923299379e+00 2.816482473360126360e+00
5.418764942918404586e+02 4.986823000539800432e+00 2.853469210500008568e+00
5.395912332120194606e+02 5.400046780366272614e+00 2.891351967349543362e+00
5.372630123612249236e+02 5.808919590311055536e+00 2.930163096222257568e+00
5.348938807281933805e+02 6.213265718014350902e+00 2.970026902948249781e+00
5.324828002813626426e+02 6.612899255988192060e+00 3.010910852822661354e+00
5.300295745606064202e+02 7.007659415077177378e+00 3.052815733519289587e+00
5.275325985319889242e+02 7.397331016739849829e+00 3.095712899507569560e+00
5.249943131682559851e+02 7.779946670424095601e+00 3.140210730869769762e+00
5.224199600798979191e+02 8.157143323618122110e+00 3.185614812481982749e+00
5.198282298848674827e+02 8.528727584551271335e+00 3.231828198778563088e+00
5.172156038295186136e+02 8.894331414135969283e+00 3.278949500268533157e+00
5.145785627064573191e+02 9.253389603600229663e+00 3.327005754586930930e+00
5.119186033684523522e+02 9.605286740424991976e+00 3.376095868187464433e+00
5.092304329326691459e+02 9.949358296769478471e+00 3.426220620282206308e+00
5.065206476149328978e+02 1.028500650310802911e+01 3.477581217190419238e+00
5.037813638756279033e+02 1.061124367229999876e+01 3.530238499139774611e+00
5.009960229859726155e+02 1.092543448676403273e+01 3.584750111762378566e+00
4.981889241934782149e+02 1.123006039707399850e+01 3.640555811397614860e+00
4.953444354079077243e+02 1.152551853622848554e+01 3.697630687423755447e+00
4.924689580763716208e+02 1.181200930489811540e+01 3.755910514307132075e+00
4.895604073182422553e+02 1.208988896425545967e+01 3.815438644203615226e+00
4.866154857012061825e+02 1.235943872115107744e+01 3.876163013445312000e+00
4.836405935943151917e+02 1.262096705618501780e+01 3.938004239549631968e+00
4.806286539389241170e+02 1.287436511096127134e+01 4.000895918660323680e+00
4.775866570718092703e+02 1.311899621400603877e+01 4.064979288015782011e+00
4.745063314191945096e+02 1.335247525314906980e+01 4.130506698166844792e+00
4.714033071992568580e+02 1.357712274993943247e+01 4.196938471354700440e+00
4.682819720161424470e+02 1.379260368294116823e+01 4.264202802581183782e+00
4.651512247818008632e+02 1.399880848691434387e+01 4.332300768551904824e+00
4.620048970810910305e+02 1.419549837451083540e+01 4.401190451289759054e+00
4.588439110894112218e+02 1.438255181873918254e+01 4.470825056704631706e+00
4.556727114990360405e+02 1.455985894683740689e+01 4.541265366345947463e+00
4.524872287603975565e+02 1.472721344648773822e+01 4.612407862268879555e+00
4.492794365059770030e+02 1.488370159449253904e+01 4.684458566072966512e+00
4.460495258533334209e+02 1.502716703225965311e+01 4.757553917874584926e+00
4.428015469080471007e+02 1.516039698350720144e+01 4.831311107492088475e+00
4.395373636330284057e+02 1.528374460079390573e+01 4.905776672959025753e+00
4.362591845028656508e+02 1.539770576932359170e+01 4.980817331372437096e+00
4.329654314522272216e+02 1.550272980588766991e+01 5.056366644078565287e+00
4.296615814974524596e+02 1.559925100923069508e+01 5.132421286360989043e+00
4.263462284375966647e+02 1.568771216485905740e+01 5.208883300759899804e+00
4.230189117318810190e+02 1.576857603428668853e+01 5.285723297060611614e+00
4.196894063394486238e+02 1.584104354229542544e+01 5.362799935707002419e+00
4.163407108653745468e+02 1.590393366431252709e+01 5.440306058019084290e+00
4.129948162844037256e+02 1.596028594571146009e+01 5.517813821184796019e+00
4.096437770137030157e+02 1.601035388438212337e+01 5.595297036655805023e+00
4.062939865358391671e+02 1.605449841601719996e+01 5.672621971606368163e+00
4.029473952782421406e+02 1.609293033279108798e+01 5.749732434803043191e+00
3.996003480559962213e+02 1.612535501953708206e+01 5.826560901638197620e+00
3.962613279871665100e+02 1.615144617826852169e+01 5.903104530863093835e+00
3.929326753956199241e+02 1.617073911535241848e+01 5.979375911329261051e+00
3.896103926457679449e+02 1.618145742457449643e+01 6.055371820971704011e+00
3.862991784490318423e+02 1.618225355374054431e+01 6.131072351698838574e+00
3.830003430268908460e+02 1.617512030522590649e+01 6.206466794963171552e+00
3.797216153723886123e+02 1.615978699934614227e+01 6.281393473675931816e+00
3.764566793319734188e+02 1.613608860924585642e+01 6.355940503810425746e+00
3.732073012598088440e+02 1.610384194722229978e+01 6.430124515386739681e+00
3.699751079785197021e+02 1.606291817194952287e+01 6.503851799990607141e+00
3.667663419912632889e+02 1.601318831220382677e+01 6.577136214397060421e+00
3.635802738806794991e+02 1.595452326674556431e+01 6.650029461330190017e+00
3.604143482592037913e+02 1.588497405004615715e+01 6.722419668095971801e+00
3.572675413980373946e+02 1.580413255154747176e+01 6.794319088357549496e+00
3.541485329209563702e+02 1.571405495084521675e+01 6.865722834729720780e+00
3.510465883505135025e+02 1.561462722573716277e+01 6.936499751774632294e+00
3.479654317959612513e+02 1.550586923286622465e+01 7.006689723679863313e+00
3.449121604025534680e+02 1.538764254807622223e+01 7.076236696890775058e+00
3.418777263560556889e+02 1.525991640479764122e+01 7.145085076152541070e+00
3.388671195549976005e+02 1.512284585962837902e+01 7.213212086718895577e+00
3.358894765169146694e+02 1.497655700580635418e+01 7.280669466513478127e+00
3.329313573444654253e+02 1.481937990237785208e+01 7.347339256313333955e+00
3.300111174364029694e+02 1.465172534183657760e+01 7.413094481957592130e+00
3.271169581621444422e+02 1.447565181520916688e+01 7.478094865616801812e+00
3.242551230100675639e+02 1.429128563084925219e+01 7.542281543543414735e+00
3.214280945759663268e+02 1.409885525776831727e+01 7.605692655960138993e+00
3.186321929040624354e+02 1.389848148744074940e+01 7.668227386213328778e+00
3.158637383027555074e+02 1.369028593158960661e+01 7.729892471898539341e+00
3.131315647171459773e+02 1.347437250889528926e+01 7.790677070653578618e+00
3.104305752772537517e+02 1.325095012057598787e+01 7.850604548303424579e+00
3.077689124548874133e+02 1.301809327913551861e+01 7.909306955370404957e+00
3.051422429413814257e+02 1.277668945462904482e+01 7.966904974024148878e+00
3.025449665562466066e+02 1.252831387258392226e+01 8.023442233145352986e+00
2.999803419241941356e+02 1.227327118184146570e+01 8.079009913776156182e+00
2.974485111978285659e+02 1.201180358615504495e+01 8.133560462477705144e+00
2.949464188080140161e+02 1.174422875959976231e+01 8.186999804012968340e+00
2.924769138591311162e+02 1.147075671442395084e+01 8.239400453757541598e+00
2.900372231512756684e+02 1.119167925307362665e+01 8.290759946966771210e+00
2.876280409601491215e+02 1.090736025550049426e+01 8.341002920650607777e+00
2.852564432535406240e+02 1.061635003678782674e+01 8.389949652159002014e+00
2.829218818132619049e+02 1.031995699485565687e+01 8.437703474181802221e+00
2.806131785435647430e+02 1.001962635555491232e+01 8.484415275494999520e+00
2.783373699472840599e+02 9.715790395215925912e+00 8.530060012425890292e+00
2.760847368766737873e+02 9.408773741449509842e+00 8.574771413631395944e+00
2.738615143311277507e+02 9.098952392902569741e+00 8.618486128620627795e+00
2.716696948062963202e+02 8.786327902776834620e+00 8.661078068618653703e+00
2.695049856309346978e+02 8.470861087599205419e+00 8.702532915348152542e+00
2.673738504655423185e+02 8.152438547819629733e+00 8.742763242153138492e+00
2.652809633915281893e+02 7.829408091384030044e+00 8.781299775826770571e+00
2.632335010507827064e+02 7.502871425683932394e+00 8.818255136948748074e+00
2.612215508700385840e+02 7.173467830032228321e+00 8.853731765186919844e+00
2.592480890554078314e+02 6.841293636753396967e+00 8.887718072265345270e+00
2.573103253226667562e+02 6.506610333705933336e+00 8.920191925828989454e+00
2.554174455927520455e+02 6.169571780176739573e+00 8.951154457526438790e+00
2.535674367596805610e+02 5.830280207137990445e+00 8.980537465440807665e+00
2.517625014802349028e+02 5.488966412231129688e+00 9.008357030977677482e+00
2.500045639803950053e+02 5.145858338047588632e+00 9.034623634536313119e+00
2.483062292571411831e+02 4.799600355947040597e+00 9.058719974347919646e+00
2.466567183623190544e+02 4.451383755264039621e+00 9.081098521644724642e+00
2.450543311888646372e+02 4.101648348625288598e+00 9.101711549904221599e+00
2.435019327745276598e+02 3.750464372830565551e+00 9.120583860632642370e+00
2.419968550105988072e+02 3.397874342114215906e+00 9.137672620124018152e+00
2.405434630495755641e+02 3.043931750951670345e+00 9.152886709414890021e+00
2.391353668959534957e+02 2.688752231382584235e+00 9.166310336688617610e+00
2.377748914108381371e+02 2.332536683748627215e+00 9.177873817609420115e+00
2.364639080323372582e+02 1.975339526658735689e+00 9.187555404832821182e+00
2.352243476372146631e+02 1.616492007112006357e+00 9.194883625034671937e+00
2.340276279944351359e+02 1.257089880267999948e+00 9.200205551633887424e+00
2.328806013439179026e+02 8.972887367968702677e-01 9.203742713468926695e+00
2.317860215833171651e+02 5.373267100090877157e-01 9.205414657932431410e+00
2.307372900059127971e+02 1.772445453694056483e-01 9.205354474312015256e+00
2.297385642735676470e+02 -1.828053462457372158e-01 9.203470246757955664e+00
2.287876089755441456e+02 -5.427384226142722978e-01 9.199905465613827715e+00
2.278803227724204419e+02 -9.024467883062596840e-01 9.194621067629597633e+00
2.270159805005245630e+02 -1.261819194525366505e+00 9.187744438891225940e+00
2.262185271233973651e+02 -1.621048706246526860e+00 9.178527671108184904e+00
2.254636287332176323e+02 -1.979708282792663754e+00 9.167641759600840601e+00
2.247519497492116045e+02 -2.337752294943878706e+00 9.155184141907184880e+00
2.240861327899611979e+02 -2.695164850943146728e+00 9.141145223918133667e+00
2.234596428460176583e+02 -3.051924087251935092e+00 9.125546936294794520e+00
2.228717583010285921e+02 -3.407968602205872166e+00 9.108396547752871442e+00
2.223217581232075304e+02 -3.763324194978538095e+00 9.089683245331981354e+00
2.218155285282060163e+02 -4.117830464683037484e+00 9.069562153471224519e+00
2.213401816989661768e+02 -4.471332894353198917e+00 9.047956368252647152e+00
2.209244013569228287e+02 -4.823221847195788392e+00 9.024348037812409018e+00
2.205362088825533533e+02 -5.173650501371504618e+00 8.999524267237495323e+00
2.201823043225637946e+02 -5.522369214646815294e+00 8.973515777180272934e+00
2.198619701152985897e+02 -5.869243317002051263e+00 8.946345831048084563e+00
2.195703198356862060e+02 -6.213988867665627858e+00 8.918169391695775161e+00
2.193072090429660932e+02 -6.556321952226210392e+00 8.889017910561484825e+00
2.190668129252725009e+02 -6.895850043419626374e+00 8.858788857037941611e+00
2.188581882278870410e+02 -7.232063869422456825e+00 8.827397122486557279e+00
2.186748105078657147e+02 -7.564367132687482176e+00 8.794697976534200379e+00
2.185361601510965102e+02 -7.891370284811284996e+00 8.760001732305125799e+00
2.184170607001485678e+02 -8.213615912902920257e+00 8.723921961531413416e+00
2.183293505608141061e+02 -8.531042837278329571e+00 8.686571924645951626e+00
2.182656170292320326e+02 -8.843770989943841698e+00 8.648064854833631188e+00
2.182338041769996266e+02 -9.151858702175927007e+00 8.608513958073409356e+00
2.182260412377737282e+02 -9.455294562427317473e+00 8.568083009399460437e+00
2.182482953036970912e+02 -9.754105476089709015e+00 8.526807655450239665e+00
2.182957704430402828e+02 -1.004841243341658874e+01 8.484804242593138923e+00
2.183683890727095900e+02 -1.033794415666500832e+01 8.441889045773265821e+00
2.184932854766683192e+02 -1.062132560400060655e+01 8.397514253391229033e+00
2.186399063710191797e+02 -1.089974489218143283e+01 8.351971386421080723e+00
2.188251064593245303e+02 -1.117308904508953304e+01 8.305169328068371826e+00
2.190442294294276167e+02 -1.144121047128561308e+01 8.256828501788151087e+00
2.192925384389399994e+02 -1.170393966778384787e+01 8.206906255865673572e+00
2.195770926303434010e+02 -1.196095871282379974e+01 8.155313931745256539e+00
2.198941958739248435e+02 -1.221181686262283073e+01 8.102223714315611502e+00
2.202429600778024508e+02 -1.245610302988622209e+01 8.047707126379323839e+00
2.206133754484352494e+02 -1.269277605119106589e+01 7.991781048010294874e+00
2.210259641491154241e+02 -1.292017692783012706e+01 7.934289773662174028e+00
2.214534006761381306e+02 -1.313936801846681490e+01 7.875861062654834654e+00
2.219070659684665259e+02 -1.335027837450022403e+01 7.816508465268444006e+00
2.223763938030611484e+02 -1.355341858489751239e+01 7.756245507823619434e+00
2.228723299122309811e+02 -1.374925780026684841e+01 7.695085693040530472e+00
2.233910979889610928e+02 -1.393837665821136618e+01 7.632990737584808727e+00
2.239352246767691383e+02 -1.412141577280074856e+01 7.569995021761783072e+00
2.244994559187713037e+02 -1.429884960903450342e+01 7.506074419144283638e+00
2.250998116543470928e+02 -1.447052922482378889e+01 7.441081029990644247e+00
2.257295974845054332e+02 -1.463520363722529716e+01 7.374863931762674518e+00
2.263870378588876520e+02 -1.479408584162148443e+01 7.307938077151823641e+00
2.270572835271814540e+02 -1.494683527249303445e+01 7.240344205923311627e+00
2.277433831424917514e+02 -1.509307510807274078e+01 7.172194886381199730e+00
2.284498336311301045e+02 -1.523249193820305258e+01 7.103602667332954645e+00
2.291642822297962994e+02 -1.536471988658990284e+01 7.034575386341374248e+00
2.298911986863266179e+02 -1.548983137997745096e+01 6.965209070711314787e+00
2.306289712528740381e+02 -1.560820731766413161e+01 6.895370537128235000e+00
2.313729555012605204e+02 -1.571900054681323766e+01 6.824951709598772176e+00
2.321411897464909089e+02 -1.582245500439035268e+01 6.753782061133355441e+00
2.329157786807623438e+02 -1.592024266438183844e+01 6.681988152092559474e+00
2.336989841791561844e+02 -1.601327607577889722e+01 6.609641780849105253e+00
2.344930682979790220e+02 -1.610140527807117294e+01 6.536639866787007591e+00
2.352958321652692746e+02 -1.618466353942870128e+01 6.463238659774751760e+00
2.361049803395047775e+02 -1.626402580545545717e+01 6.389634416164429176e+00
2.369170162941622380e+02 -1.633961956203048871e+01 6.315957010657291093e+00
2.377316743132329009e+02 -1.641033263585174851e+01 6.242226414601735662e+00
2.385538169737351950e+02 -1.647457102484444746e+01 6.168628345626814280e+00
2.393844312162480890e+02 -1.653194349213158176e+01 6.095246904078934769e+00
2.402096124075605132e+02 -1.658456841715919694e+01 6.022165325674473380e+00
2.410362748498289136e+02 -1.663133309762681833e+01 5.949372752936874065e+00
2.418608840569818028e+02 -1.667223096950483807e+01 5.876892126207472700e+00
2.426816224710616439e+02 -1.670731846818101118e+01 5.804684014738743514e+00
2.435019705980043909e+02 -1.673556035682420173e+01 5.732762493603593690e+00
2.443221879267947543e+02 -1.675807241843876128e+01 5.661125526672047492e+00
2.451420673343781118e+02 -1.677321096669928835e+01 5.589803814373766500e+00
2.459573007080807656e+02 -1.678107926580093689e+01 5.518658356088218753e+00
2.467680839230012282e+02 -1.678021234201701617e+01 5.447823830909931608e+00
2.475705323223577352e+02 -1.677231070357994014e+01 5.377314514880154661e+00
2.483685291663219914e+02 -1.675807200752680970e+01 5.307120084437379148e+00
2.491599116203946380e+02 -1.673651360501293439e+01 5.237300312810571512e+00
2.499443399770226222e+02 -1.670804834318039056e+01 5.167869194564699065e+00
2.507217916520209542e+02 -1.667255432304096985e+01 5.098841358414220259e+00
2.514898495599399268e+02 -1.662990951555855190e+01 5.030214161793288952e+00
2.522525865965175171e+02 -1.658069909386095375e+01 4.962089605013373372e+00
2.529984349255344966e+02 -1.652259094204955758e+01 4.894497207793551574e+00
2.537352712865036040e+02 -1.645663172791681816e+01 4.827503744888824500e+00
2.544608630541448520e+02 -1.638372747571672861e+01 4.761133390090000361e+00
2.551789169357740263e+02 -1.630365483909260860e+01 4.695346688533759583e+00
2.558836975052524565e+02 -1.621751495856714342e+01 4.630180274527972983e+00
2.565739198541126029e+02 -1.612472130567331163e+01 4.565700459364173902e+00
2.572543070982038671e+02 -1.602579882781104814e+01 4.501867803697265025e+00
2.579222067807555732e+02 -1.592008922297831752e+01 4.438768870559933077e+00
2.585747329828545844e+02 -1.580833707955835798e+01 4.376348763044141776e+00
2.592124434076414445e+02 -1.568909858774901345e+01 4.314745827324757421e+00
2.598376228363968039e+02 -1.556314995269428536e+01 4.253981104503339772e+00
2.604464306966593767e+02 -1.543164970937901614e+01 4.193955853600898287e+00
2.610415643232015555e+02 -1.529400466643371992e+01 4.134630683859766620e+00
2.616218581404972952e+02 -1.515152309019667420e+01 4.076043466103600466e+00
2.621847792895416092e+02 -1.500355803567531510e+01 4.018259420596812959e+00
2.627330240376223855e+02 -1.485053802087465158e+01 3.961183926522375831e+00
2.632692882758318547e+02 -1.469333121565782108e+01 3.904869142513412328e+00
2.637890775302814177e+02 -1.453136768352058539e+01 3.849330413846450583e+00
2.642890304565291331e+02 -1.436421604385886397e+01 3.794822292313959178e+00
2.647743275348633460e+02 -1.419239531335436411e+01 3.741216840643654340e+00
2.652470744648533696e+02 -1.401775590279070194e+01 3.688468004143173662e+00
2.657062192871200637e+02 -1.383979847110503769e+01 3.636567396221780157e+00
2.661565375531690734e+02 -1.365939054833443933e+01 3.585496576524058288e+00
2.665907983439820441e+02 -1.347692428880969295e+01 3.535259642924350576e+00
2.670182023272359970e+02 -1.329276679657164983e+01 3.485861165421476837e+00
2.674275982577054265e+02 -1.310617053551468736e+01 3.437226987199736516e+00
2.678262169320123007e+02 -1.291779458119341939e+01 3.389513277213588083e+00
2.681971315094014017e+02 -1.272516433953022030e+01 3.343114275988163353e+00
2.685577091124494586e+02 -1.253038376236000317e+01 3.297836809981169015e+00
2.688952928878576358e+02 -1.233362443893407168e+01 3.253579546130438427e+00
2.692137892392284471e+02 -1.213482288752669369e+01 3.210448284287478415e+00
2.695119429175206278e+02 -1.193405107289409273e+01 3.168481079148304680e+00
2.697899084358018627e+02 -1.173133276707439876e+01 3.127764116933238636e+00
2.700457193658742199e+02 -1.152669696366059426e+01 3.088321874672276923e+00
2.702797092124884557e+02 -1.132021538898446700e+01 3.050222727340441864e+00
2.704879450301198176e+02 -1.111181356205789328e+01 3.013384855298175680e+00
2.706697241893202204e+02 -1.090048614684861761e+01 2.978399570348840175e+00
2.708242580447914065e+02 -1.068723716061838402e+01 2.944955648117762337e+00
2.709535184669346108e+02 -1.047246123030810061e+01 2.912915966418073044e+00
2.710582596822389405e+02 -1.025623280440639462e+01 2.882389009266400404e+00
2.711392353523094698e+02 -1.003850547556917050e+01 2.853335683788530641e+00
2.711923291558299525e+02 -9.819447893785030246e+00 2.825844818530430125e+00
2.712140709641037120e+02 -9.599044680703292087e+00 2.799840697175391746e+00
2.712117458325312214e+02 -9.377395929745954817e+00 2.775424501182446324e+00
2.711812990764270239e+02 -9.154550275782908031e+00 2.752538471039121859e+00
2.711133011323350388e+02 -8.929631651488350030e+00 2.731709017003421724e+00
2.710220862832261446e+02 -8.703660264402751423e+00 2.712569370042585692e+00
2.708941811713241350e+02 -8.476836225036425532e+00 2.694966309398300286e+00
2.707368628431400452e+02 -8.249363672688572180e+00 2.678938305651346052e+00
2.705584398182461996e+02 -8.021395434107734701e+00 2.664523857711730059e+00
2.703497359500668153e+02 -7.793053034564089820e+00 2.651712215749831181e+00
2.701188532772110875e+02 -7.564480876047853464e+00 2.640442697329245636e+00
2.698600203640229438e+02 -7.335882352612515866e+00 2.630720563931801870e+00
2.695764052390854317e+02 -7.107279048211082362e+00 2.622584431376554726e+00
2.692596734766400459e+02 -6.878352877508466356e+00 2.616585695651010290e+00
2.689138243479276298e+02 -6.649734480865561181e+00 2.612072125039318404e+00
2.685470958950655245e+02 -6.421472804315595084e+00 2.609004459630649198e+00
2.681569092357588033e+02 -6.193639047566324329e+00 2.607388213552761069e+00
2.677423917772101731e+02 -5.966377827819724367e+00 2.607162916685475285e+00
2.673092236176491951e+02 -5.739710533734640130e+00 2.608268130320333444e+00
2.668465105522598719e+02 -5.513766116459617450e+00 2.610701626668074038e+00
2.663683947175085791e+02 -5.288714595282080211e+00 2.614369273933459414e+00
2.658673406756033160e+02 -5.064651717775776163e+00 2.619300553982053525e+00
2.653395923885060483e+02 -4.841717503722400728e+00 2.625987968546002804e+00
2.647895205485401675e+02 -4.620103776575797738e+00 2.633795098734474038e+00
2.642252388611846641e+02 -4.399906872784067779e+00 2.642661698174429752e+00
2.636474853752760623e+02 -4.181229290932928500e+00 2.652527552998325433e+00
2.630527849984307522e+02 -3.964084819781292790e+00 2.663332481913575744e+00
2.624420395117074918e+02 -3.748594837925391499e+00 2.674965892179671734e+00
2.618196738486569188e+02 -3.534833148635863065e+00 2.687347655851575645e+00
2.611846286522014111e+02 -3.322944199462164239e+00 2.700587093612965894e+00
2.605342571924300046e+02 -3.113270359624566552e+00 2.714776862552576553e+00
2.598669300391680395e+02 -2.906375195910113618e+00 2.730408502993330710e+00
2.591771234500380956e+02 -2.702046034011767350e+00 2.746983537775005590e+00
2.584754431140059410e+02 -2.500506857509372072e+00 2.764470610002093487e+00
2.577574220450662210e+02 -2.301951700852856497e+00 2.782993503120984258e+00
2.570272916005947081e+02 -2.106550944979990181e+00 2.802544764069795136e+00
2.562836295893222314e+02 -1.914548070144553416e+00 2.823133480369776738e+00
2.555250133057334949e+02 -1.726041984751660596e+00 2.844802173882884588e+00
2.547500195387817428e+02 -1.541199327826228815e+00 2.867577748668998616e+00
2.539629534445151933e+02 -1.360268654928463938e+00 2.891541255349943995e+00
2.531510447180782535e+02 -1.184063981206903593e+00 2.917080262295012272e+00
2.523275779905862066e+02 -1.011999109726103185e+00 2.943764468951199920e+00
2.514884626122920679e+02 -8.441273780903532087e-01 2.971538479711836711e+00
2.506293437993844577e+02 -6.805774242077313740e-01 3.000459760219557737e+00
2.497543902001862079e+02 -5.214360213747346595e-01 3.030479593725905918e+00
2.488673364009171394e+02 -3.667986998471585158e-01 3.061661186719810690e+00
2.479646935555049652e+02 -2.167257491398784375e-01 3.093887986937430501e+00
2.470487599805433092e+02 -7.138510558025315533e-02 3.127266779856691326e+00
2.461183207044587391e+02 6.886811729212614919e-02 3.161894604182770685e+00
2.451685699619779086e+02 2.031959177793394300e-01 3.197953868087514362e+00
2.442035114060911951e+02 3.325506905729418983e-01 3.235108747266651097e+00
2.432244399981854599e+02 4.569539886156973596e-01 3.273296137693689545e+00
2.422362947157274107e+02 5.763765983914754809e-01 3.312452074673475799e+00
2.412332584235054185e+02 6.908054760404110928e-01 3.352639983467936791e+00
2.402196354900964934e+02 8.002206696603798575e-01 3.393818926399144065e+00
2.391956897237409976e+02 9.046088371746284773e-01 3.435914412674610841e+00
2.381569497595103826e+02 1.003976316103556421e+00 3.478890702025554393e+00
2.371076934149187707e+02 1.097765022825920811e+00 3.522941131286398964e+00
2.360460562190326925e+02 1.185407069362977683e+00 3.568095383327009706e+00
2.349744234355075037e+02 1.268059922074905144e+00 3.614058632692381146e+00
2.338913633686167373e+02 1.345748386195971147e+00 3.660708037724011543e+00
2.327990580949545176e+02 1.418509713902429192e+00 3.708098026502046896e+00
2.317015534560646870e+02 1.486422070594507927e+00 3.756138209668322236e+00
2.305974170327809531e+02 1.549597119160421421e+00 3.804792997871345950e+00
2.294791066029445972e+02 1.608160084855197791e+00 3.854026820804930420e+00
2.283630311737855436e+02 1.662240572894299717e+00 3.903734712160345399e+00
2.272369382640392530e+02 1.711129446790731867e+00 3.954085689982948626e+00
2.261058292372745768e+02 1.754595301154685538e+00 4.005083167006912248e+00
2.249770987867586598e+02 1.793924935618535610e+00 4.056339183171255414e+00
2.238422299685557562e+02 1.829306858005373071e+00 4.107889087599242650e+00
2.227034614598215683e+02 1.860932859569976339e+00 4.159697410406415941e+00
2.215692833606327952e+02 1.889001863969697048e+00 4.211638611885790695e+00
2.204375135244607407e+02 1.913654219387507682e+00 4.263692214595935503e+00
2.193028867546665026e+02 1.935087186616253119e+00 4.315783321646557091e+00
2.181705928528982383e+02 1.953033694784603647e+00 4.367931883322303754e+00
2.170396290635401044e+02 1.966376542679142192e+00 4.420214673187727428e+00
2.159092693127435041e+02 1.974739192021351952e+00 4.472569370156146640e+00
2.147847039424862885e+02 1.979118171925092540e+00 4.524975482472866517e+00
2.136599213247928049e+02 1.979309266647675924e+00 4.577297482791246708e+00
2.125392292640952974e+02 1.975211319933626308e+00 4.629564572041605430e+00
2.114253048661604169e+02 1.966615482195179787e+00 4.681770050768617075e+00
2.103207922045585292e+02 1.953420985852068137e+00 4.733905245442571186e+00
2.092175795957094238e+02 1.935476024731976663e+00 4.785938768406952981e+00
2.081179739192262730e+02 1.912800049981564499e+00 4.837845982568260261e+00
2.070295520982917878e+02 1.884062437788279754e+00 4.889702312660838324e+00
2.059442939057844626e+02 1.849342292137242660e+00 4.941496589274644968e+00
2.048702379748859812e+02 1.809577215738740863e+00 4.993136961678984242e+00
2.038065515112401158e+02 1.764742359871989130e+00 5.044530970134506909e+00
2.027466576510850302e+02 1.714749183737572569e+00 5.095719379513473868e+00
2.016992774451493062e+02 1.659585498128606673e+00 5.146666467583738580e+00
2.006625259798924787e+02 1.599131418876034827e+00 5.197335016502859339e+00
1.996282338849953533e+02 1.533473596124435234e+00 5.247705942981963467e+00
1.986130583322948269e+02 1.462417130468693705e+00 5.297725392587701698e+00
1.975987566377990277e+02 1.384713199323342359e+00 5.347480799804460005e+00
1.966030259305225911e+02 1.300963029184160513e+00 5.396821146684796844e+00
1.956128688017491299e+02 1.212008267679025586e+00 5.445803709022408512e+00
1.946372026049244539e+02 1.118059078774402249e+00 5.494376705164619956e+00
1.936719143593822423e+02 1.019087629655773153e+00 5.542518960465682376e+00
1.927203652141615748e+02 9.152670963277030891e-01 5.590242114467106838e+00
1.917861828992114965e+02 8.067074216615109927e-01 5.637552474644810907e+00
1.908647224148401165e+02 6.934687617162392792e-01 5.684431514819483056e+00
1.899513517833874232e+02 5.756110150442111939e-01 5.730824764716637709e+00
1.890550864022097812e+02 4.519783351372818614e-01 5.776740995609864981e+00
1.881795242345248482e+02 3.233170406307581679e-01 5.821996233378509800e+00
1.873108890305501859e+02 1.904910138153786126e-01 5.866759237597190868e+00
1.864579254386009097e+02 5.352513118031806266e-02 5.910978752024218963e+00
1.856166395458267857e+02 -8.738940808237323499e-02 5.954593897605598762e+00
1.847903366899110154e+02 -2.320743329748523043e-01 5.997612921492200044e+00
1.839771361768079316e+02 -3.803553222004471546e-01 6.040028738835700572e+00
1.831751576673966611e+02 -5.320377049795994573e-01 6.081788096711588487e+00
1.823897542861808461e+02 -6.868916997066127905e-01 6.122980513707456218e+00
1.816240884002332336e+02 -8.461008908077248813e-01 6.163408320016528386e+00
1.808666457225021986e+02 -1.008515531864670800e+00 6.203095359611650039e+00
1.801219995335952717e+02 -1.173503639472752935e+00 6.242131963123624061e+00
1.793914036041210807e+02 -1.340735548584961023e+00 6.280462068124321284e+00
1.786749758497454650e+02 -1.510019781044978027e+00 6.318142705318507524e+00
1.779705065618345259e+02 -1.681122078307044188e+00 6.355136368575689865e+00
1.772747871196031895e+02 -1.853813410386402349e+00 6.391390543739644770e+00
1.765956117377198211e+02 -2.027893842294673288e+00 6.426908131892012932e+00
1.759228665365631343e+02 -2.203339852478381378e+00 6.461758073360186039e+00
1.752660535129037385e+02 -2.381447685596925101e+00 6.495512896339048936e+00
1.746285267198188649e+02 -2.561087367826432981e+00 6.528398273177754341e+00
1.740035425628998098e+02 -2.741987233501352428e+00 6.560474365093905469e+00
1.733972564531634077e+02 -2.924121640728717164e+00 6.591633988405095401e+00
1.728090908895423752e+02 -3.107486734384115490e+00 6.621837271314887197e+00
1.722384688851756209e+02 -3.292067571613451982e+00 6.651141403082021064e+00
1.716791279219458772e+02 -3.477849502362003076e+00 6.679420641027983940e+00
1.711466397761798817e+02 -3.664817442594676677e+00 6.706728399788040917e+00
1.706261022194828740e+02 -3.852963280538198365e+00 6.732954941560555184e+00
1.701348560890681938e+02 -4.043378636196300668e+00 6.757693992251371462e+00
1.696664907893134284e+02 -4.234994499659789469e+00 6.781292524014485679e+00
1.692146352684892463e+02 -4.427654450263078800e+00 6.803771801960755816e+00
1.687821425807927369e+02 -4.621304475164287773e+00 6.824990740852745930e+00
1.683707581968310194e+02 -4.815873564483497127e+00 6.845008480589574340e+00
1.679850202610305416e+02 -5.011299396322391964e+00 6.863835007777763231e+00
1.676201777283649221e+02 -5.207504664215761636e+00 6.881430166746543620e+00
1.672756596509818792e+02 -5.404451565623352494e+00 6.897819535256542345e+00
1.669508956540383622e+02 -5.602003898002798188e+00 6.912913976583095810e+00
1.666608602315975247e+02 -5.801019442874154386e+00 6.926316777608992226e+00
1.663894781142236639e+02 -6.000404094461921467e+00 6.938407679665099970e+00
1.661377085062931087e+02 -6.200163644543886576e+00 6.949255949312003189e+00
1.659106079522191521e+02 -6.400168075479037100e+00 6.958854346817568093e+00
1.657058734961510709e+02 -6.600378342607193360e+00 6.967187436212493701e+00
1.655229382330258261e+02 -6.800647868477708080e+00 6.974264171033310866e+00
1.653612358376575457e+02 -7.000954648378916012e+00 6.980002908483181834e+00
1.652208640210682518e+02 -7.201201295069466823e+00 6.984562222472416870e+00
1.651018726654429258e+02 -7.401362405563599367e+00 6.987730028766208967e+00
1.650110275578372807e+02 -7.601662853204500081e+00 6.989234081707967228e+00
1.649400650050423849e+02 -7.801578906328864527e+00 6.989477194982879560e+00
1.648886749289430895e+02 -8.000965214088640920e+00 6.988395543532386789e+00
1.648566137531961431e+02 -8.199790579687880054e+00 6.986079667446920993e+00
1.648431662531781114e+02 -8.397958222402094108e+00 6.982572851495185695e+00
1.648477572455380766e+02 -8.595321066857804837e+00 6.977882002291453389e+00
1.648694192706980743e+02 -8.791741695240922638e+00 6.972042982439512926e+00
1.649089302946653390e+02 -8.987190238634514827e+00 6.965146577462595801e+00
1.649656402550150744e+02 -9.181525379658848962e+00 6.957119102998011506e+00
1.650448749315680459e+02 -9.374697942178842780e+00 6.947709822066877372e+00
1.651391175118079673e+02 -9.566419711912438117e+00 6.937383175410444913e+00
1.652477651836956341e+02 -9.756761945169168726e+00 6.926076782609216664e+00
1.653689948034512156e+02 -9.945531991820075746e+00 6.913913949287655569e+00
1.655025315384114322e+02 -1.013268962122622874e+01 6.900910389277498780e+00
1.656473600455244650e+02 -1.031813789082968924e+01 6.887126850407915057e+00
1.658021406067223893e+02 -1.050183901940681430e+01 6.872543192842093696e+00
1.659659446902107334e+02 -1.068364858075871204e+01 6.857272297350676560e+00
1.661409649778731534e+02 -1.086347309210099965e+01 6.841091865931093530e+00
1.663321354152915887e+02 -1.104076320590393046e+01 6.823853177829829697e+00
1.665331151314100850e+02 -1.121580256439626844e+01 6.805770851959207945e+00
1.667447237503918416e+02 -1.138833173868582449e+01 6.786854775684504126e+00
1.669678741785001534e+02 -1.155827773027785810e+01 6.767155810962429463e+00
1.672017717469381353e+02 -1.172546051531787192e+01 6.746574673889460527e+00
1.674473980436334557e+02 -1.188981221273230915e+01 6.725119605381916443e+00
1.677047795127154757e+02 -1.205120510616764840e+01 6.702727040115968649e+00
1.679732621021672401e+02 -1.220940386066248706e+01 6.679390647669309899e+00
1.682559842688499998e+02 -1.236426009217736954e+01 6.654964229073424775e+00
1.685557607490230794e+02 -1.251515593768817958e+01 6.629165062805085995e+00
1.688672363376635417e+02 -1.266248766701094830e+01 6.602333622974491334e+00
1.691904397075649058e+02 -1.280625005550041351e+01 6.574525739555140191e+00
1.695253999548774573e+02 -1.294625406378792754e+01 6.545726402051648130e+00
1.698721465913173461e+02 -1.308254230011732133e+01 6.515967794216085629e+00
1.702307095362315010e+02 -1.321499421948726649e+01 6.485243923329706561e+00
1.706011191085156895e+02 -1.334350235765247206e+01 6.453614582790526022e+00
1.709827192289128845e+02 -1.346806672302851204e+01 6.421059214294349893e+00
1.713781240337910106e+02 -1.358821641234007593e+01 6.387445143943364378e+00
1.717893411782136184e+02 -1.370353984668785152e+01 6.352674792893263422e+00
1.722107387824527507e+02 -1.381466865505920261e+01 6.317026512624382306e+00
1.726427880359352116e+02 -1.392153380213969349e+01 6.280500529786747776e+00
1.730848889666310413e+02 -1.402410214352536855e+01 6.243061869086128368e+00
1.735370744509850738e+02 -1.412240368627152698e+01 6.204776668088299196e+00
1.739988514427612358e+02 -1.421636308525427950e+01 6.165601173141544322e+00
1.744692610762256209e+02 -1.430593355095049368e+01 6.125613492225994605e+00
1.749487300408122508e+02 -1.439121404067929610e+01 6.084829774248913026e+00
1.754386786503503401e+02 -1.447164075982945164e+01 6.043125500319056265e+00
1.759384232330626503e+02 -1.454691399410239683e+01 6.000399022705379615e+00
1.764460727317936346e+02 -1.461784657183552127e+01 5.956966656886097056e+00
1.769599598674561207e+02 -1.468439675663208988e+01 5.912898221624397266e+00
1.774798589102485380e+02 -1.474666682504016535e+01 5.868160268751585029e+00
1.780054510323909938e+02 -1.480474960111357952e+01 5.822817551146673765e+00
1.785363834237012668e+02 -1.485868115884063378e+01 5.776932518976341413e+00
1.790718386062416414e+02 -1.490846645801742021e+01 5.730475081645988844e+00
1.796105664097148065e+02 -1.495424444812664611e+01 5.683581374421830645e+00
1.801548815512187218e+02 -1.499534072986524436e+01 5.635966803425018767e+00
1.807033417203338388e+02 -1.503159021693360131e+01 5.587862163374698987e+00
1.812534874651795462e+02 -1.506407116064368878e+01 5.539313892514448057e+00
1.818042359837972413e+02 -1.509277014023825103e+01 5.490460280751011446e+00
1.823555020726192879e+02 -1.511781441107545554e+01 5.441269453630844133e+00
1.829062476045031644e+02 -1.513933109772594676e+01 5.391804826853056731e+00
1.834554340612673968e+02 -1.515739340112338418e+01 5.342076060612309441e+00
1.840029774056408201e+02 -1.517209105250215728e+01 5.292200357761771556e+00
1.845478640635786576e+02 -1.518370478840079585e+01 5.242253288329240313e+00
1.850912739088316528e+02 -1.519119886967957100e+01 5.192035659836076178e+00
1.856327534822164580e+02 -1.519448404923553397e+01 5.141645785730198703e+00
1.861708805519927239e+02 -1.519432212597348908e+01 5.091197307703454022e+00
1.867028418964711705e+02 -1.519056544545095200e+01 5.040816543727952848e+00
1.872349202862105813e+02 -1.518307187310730022e+01 4.990399573948215206e+00
1.877632439237670781e+02 -1.517177608285765622e+01 4.940057860621696051e+00
1.882892592719820755e+02 -1.515650505369037759e+01 4.889687741557602330e+00
1.888081434224345116e+02 -1.513722884415883385e+01 4.839346592888533749e+00
1.893185201250260548e+02 -1.511374296275262807e+01 4.789095940459665357e+00
1.898228452355080833e+02 -1.508486756740198054e+01 4.738760573970429490e+00
1.903283017021431647e+02 -1.505094312413547186e+01 4.688396212968855892e+00
1.908226661689346315e+02 -1.501252925647286318e+01 4.638132478986251250e+00
1.913143084927337441e+02 -1.496967496924709096e+01 4.587935187836345463e+00
1.917970105415136004e+02 -1.492232157279909543e+01 4.537870302744575035e+00
1.922710265016869755e+02 -1.487039596318216894e+01 4.487942866251757756e+00
1.927411625895443308e+02 -1.481387749963017875e+01 4.438102960288584420e+00
1.931989406958056747e+02 -1.475274540589103545e+01 4.388446215704520093e+00
1.936573612257928687e+02 -1.468705036634626282e+01 4.339032958112121641e+00
1.940977604810419734e+02 -1.461555757006716050e+01 4.289668984200153190e+00
1.945345334541687805e+02 -1.453890420938344974e+01 4.240608667238817908e+00
1.949619657525467176e+02 -1.445775688049838159e+01 4.191754941174248295e+00
1.953784437267168528e+02 -1.437216279310334244e+01 4.143181503028239732e+00
1.957832691647365095e+02 -1.428210037309713165e+01 4.094932304952633828e+00
1.961830881971731628e+02 -1.418764236299671566e+01 4.046969968014032304e+00
1.965737909599118609e+02 -1.408885432478900945e+01 3.999323237647665952e+00
1.969532836415455108e+02 -1.398577815842536509e+01 3.952004073528490036e+00
1.973157921742829330e+02 -1.387834665854925476e+01 3.905062663089087671e+00
1.976751212476857518e+02 -1.376543681024669930e+01 3.858380471105268938e+00
1.980182683531859311e+02 -1.364785852224970952e+01 3.812107039631036365e+00
1.983468869419245095e+02 -1.352615761619042622e+01 3.766171073570165895e+00
1.986655366459473271e+02 -1.340050999067041992e+01 3.720608845059620418e+00
1.989776861501120493e+02 -1.327113091261655065e+01 3.675485218209438631e+00
1.992748535987585967e+02 -1.313815186226810816e+01 3.630805317113279695e+00
1.995597818213513790e+02 -1.300177440586666577e+01 3.586574277687592183e+00
1.998309473915114438e+02 -1.286217911995984764e+01 3.542797248401241550e+00
2.000944198634618090e+02 -1.271951484342889316e+01 3.499552153143260735e+00
2.003426288169691531e+02 -1.257271241121152627e+01 3.456876405897303606e+00
2.005796524733114268e+02 -1.242285209187503092e+01 3.414780894878236772e+00
2.008104329440160143e+02 -1.227045790674961445e+01 3.373176764759983293e+00
2.010229125131959904e+02 -1.211566900243757239e+01 3.332100990198505919e+00
2.012225374689559487e+02 -1.195863917993289860e+01 3.291537834956252073e+00
2.014158314922136697e+02 -1.179953819393660730e+01 3.251487636261365832e+00
2.015928912525425574e+02 -1.163851226223691171e+01 3.211984021243384113e+00
2.017613176310918277e+02 -1.147586251605292773e+01 3.172998070510346214e+00
2.019129107578013418e+02 -1.131179549368679460e+01 3.134541516785628090e+00
2.020567621067007735e+02 -1.114506271218533939e+01 3.096821546486116628e+00
2.021827164014543712e+02 -1.097667755023069347e+01 3.059733859441776893e+00
2.022992251121173126e+02 -1.080692986722808335e+01 3.023250512149796343e+00
2.024036082804296086e+02 -1.063572055121881554e+01 2.987482326761820683e+00
2.024905606576766957e+02 -1.046299105967770160e+01 2.952473244744880265e+00
2.025606349841005454e+02 -1.028879032486243261e+01 2.918169284112657635e+00
2.026201127068518417e+02 -1.011304558937674258e+01 2.884645121255672073e+00
2.026597864729232299e+02 -9.935755006281054236e+00 2.851880805188615309e+00
2.026899313057663505e+02 -9.756943610879730500e+00 2.819943680274214159e+00
2.026932686754764177e+02 -9.575397947039039792e+00 2.789067394110838816e+00
2.026806081036077671e+02 -9.392386826338574579e+00 2.759134435466184865e+00
2.026477440537006771e+02 -9.207911034182652443e+00 2.730103637041909614e+00
2.025985659537371077e+02 -9.022169458655483254e+00 2.701986218635765269e+00
2.025319463892043643e+02 -8.835127958837016848e+00 2.674809583166601445e+00
2.024484463840123567e+02 -8.646885225557614518e+00 2.648618050268067847e+00
2.023502649411560412e+02 -8.457556277266201405e+00 2.623414477139349721e+00
2.022346346677249755e+02 -8.267074031987396765e+00 2.599243113281285211e+00
2.020994697524719754e+02 -8.075586589852465025e+00 2.576082411025814700e+00
2.019398136357022224e+02 -7.882294634569802838e+00 2.554267547866270416e+00
2.017635617295085808e+02 -7.688062756101574635e+00 2.533509800909937493e+00
2.015736280566699463e+02 -7.493012905143291214e+00 2.513755794963186574e+00
2.013607604687467187e+02 -7.297145335893725715e+00 2.495114393676297837e+00
2.011312450884321663e+02 -7.100615653481198386e+00 2.477515188129588708e+00
2.008806117557806772e+02 -6.903421731658127669e+00 2.460952496040091475e+00
2.006111715267687714e+02 -6.705580131327931959e+00 2.445430025196440482e+00
2.003267134045050284e+02 -6.507322500848111702e+00 2.430925518630709270e+00
2.000271301251752902e+02 -6.308510642503983412e+00 2.417495107803008469e+00
1.997001792865935386e+02 -6.108891502279320207e+00 2.405477944338287433e+00
1.993580908598930534e+02 -5.909010002678042994e+00 2.394496619361188294e+00
1.989966351225888275e+02 -5.709011862139492521e+00 2.384496541599083308e+00
1.986194589399831330e+02 -5.508964015762709110e+00 2.375491324415819783e+00
1.982256589555322250e+02 -5.308978886567886413e+00 2.367497706324333873e+00
1.978155535725835534e+02 -5.109156668854065941e+00 2.360412678285151777e+00
1.973856616367492052e+02 -4.909517461265126670e+00 2.354299863640977986e+00
1.969432572353273372e+02 -4.710230211272606660e+00 2.349168593527974025e+00
1.964901177822888485e+02 -4.511239838297572469e+00 2.344954371007786698e+00
1.960139580957024918e+02 -4.312533508946180483e+00 2.341931412513995170e+00
1.955201610071290190e+02 -4.114404954666216696e+00 2.339726919048761733e+00
1.950118975890418085e+02 -3.916978544947316454e+00 2.338312948797871993e+00
1.944926933559584654e+02 -3.720347545845778203e+00 2.337699812593209359e+00
1.939574581479829192e+02 -3.524497509439352250e+00 2.337833285272965522e+00
1.934118570588613863e+02 -3.329629125716693672e+00 2.338659175458378758e+00
1.928544229502138023e+02 -3.135740850958144144e+00 2.340123325560668377e+00
1.922825596992639703e+02 -2.943040760523835786e+00 2.342239555266561801e+00
1.917028447222141949e+02 -2.751554917473030937e+00 2.345010805268813225e+00
1.911122098073182372e+02 -2.561513308884479478e+00 2.348723195254899920e+00
1.905063820343572445e+02 -2.373041980325045763e+00 2.353036580854657611e+00
1.898874057539129296e+02 -2.186260678291584547e+00 2.358049484388893724e+00
1.892610300616423729e+02 -2.001253940496737993e+00 2.363752903977559772e+00
1.886266049291232321e+02 -1.818042365015520856e+00 2.370161027033098389e+00
1.879834798527509747e+02 -1.636750379080957218e+00 2.377347520207821585e+00
1.873249830315758970e+02 -1.457476744622662412e+00 2.385218317248999575e+00
1.866542444797100586e+02 -1.280242217215736611e+00 2.393875430318547437e+00
1.859710583872576990e+02 -1.105323774948286042e+00 2.403510469373105085e+00
1.852725360142714237e+02 -9.328674745833307469e-01 2.414140593031368631e+00
1.845620542527949510e+02 -7.628355800770729722e-01 2.425590243976498694e+00
1.838389598730165062e+02 -5.952490953070815882e-01 2.437858417039466818e+00
1.831025992143615326e+02 -4.301290927555542210e-01 2.450944089008192606e+00
1.823567336450129801e+02 -2.676291795825744835e-01 2.464884765229665931e+00
1.816001379655062635e+02 -1.078059250149740605e-01 2.479607812914784493e+00
1.808343916765033441e+02 4.927468963841837718e-02 2.495223004755338092e+00
1.800549413581094598e+02 2.035310349083835901e-01 2.511609935730267029e+00
1.792573776904873739e+02 3.547800552865204016e-01 2.529026261325145519e+00
1.784548871872543430e+02 5.026651412547106235e-01 2.547456931506872468e+00
1.776345433864650829e+02 6.475916571272094524e-01 2.566725446189081161e+00
1.768013096278814658e+02 7.894667572523939025e-01 2.586772515212986789e+00
1.759598088470102368e+02 9.282322257417716660e-01 2.607641333660824401e+00
1.751074308456921642e+02 1.063901149097482124e+00 2.629284714648819410e+00
1.742474486907676408e+02 1.196437798900364946e+00 2.651715779626897973e+00
1.733754177943773698e+02 1.325805745319436291e+00 2.674824320954793944e+00
1.724976490198005479e+02 1.452026299361575790e+00 2.698747101977960305e+00
1.716059408632450811e+02 1.574647210220656124e+00 2.723479813439869890e+00
1.707053409447229626e+02 1.693540489857099596e+00 2.749184271434198301e+00
1.697920931431501401e+02 1.809185810852645515e+00 2.775483026633054795e+00
1.688754617426811535e+02 1.921608664258619648e+00 2.802444972716617855e+00
1.679536099843939780e+02 2.030813614224629582e+00 2.830034919684714989e+00
1.670241583724056511e+02 2.136826629506646036e+00 2.858189294923021428e+00
1.660848384846027272e+02 2.239657534235744762e+00 2.886897631546688103e+00
1.651399251913915975e+02 2.339330417990184152e+00 2.916162366502506043e+00
1.641945501542557508e+02 2.435877572416390358e+00 2.945911396342173472e+00
1.632345383534758128e+02 2.528780984832412759e+00 2.976302146203014587e+00
1.622702862766498697e+02 2.618103328756521631e+00 3.007189918965172293e+00
1.613019799373915646e+02 2.704407663733370715e+00 3.038511002361979685e+00
1.603296575036954437e+02 2.787737679969528148e+00 3.070164104758424717e+00
1.593534089889897132e+02 2.868151540732037930e+00 3.102090738759613053e+00
1.583740982813491485e+02 2.945714006044215072e+00 3.134325585092198718e+00
1.573925980196605963e+02 3.020527495389843331e+00 3.166742449023822292e+00
1.564089800521366271e+02 3.092691799824132115e+00 3.199357760458290123e+00
1.554239993673238871e+02 3.162306082667287743e+00 3.232085477277159669e+00
1.544365498043314631e+02 3.228687293711786310e+00 3.265062387761215490e+00
1.534474766299513249e+02 3.291926462373080842e+00 3.298210618701367114e+00
1.524589405081947575e+02 3.352406961179419831e+00 3.331422927013077295e+00
1.514697595499287672e+02 3.410003974093198664e+00 3.364712790803580766e+00
1.504808334658278284e+02 3.464618926284216638e+00 3.398069431028840182e+00
1.494921321700788326e+02 3.516133339100278921e+00 3.431479338341892227e+00
1.485031185836498366e+02 3.564433883908342260e+00 3.464937233801793859e+00
1.475143311853736066e+02 3.609394481588974912e+00 3.498489329710718021e+00
1.465259551553706103e+02 3.651003158058439002e+00 3.532038175490374687e+00
1.455368020369641613e+02 3.688154822182908354e+00 3.565733103682786176e+00
1.445478586080384957e+02 3.721345425845548949e+00 3.599503877389285122e+00
1.435614999587980378e+02 3.750988600751128832e+00 3.633317037571978769e+00
1.425768659699835439e+02 3.777048327854941601e+00 3.667077800683170796e+00
1.415954612469376741e+02 3.799467108895099088e+00 3.700837698708599355e+00
1.406172441649023597e+02 3.818227565292424242e+00 3.734628028055670512e+00
1.396422375990495937e+02 3.833266467042482084e+00 3.768378974554818850e+00
1.386713414923183620e+02 3.844608156611638350e+00 3.802064576620636682e+00
1.377040153421544062e+02 3.852276850171665323e+00 3.835730901721836172e+00
1.367404783146121474e+02 3.855117576837532756e+00 3.869369343369691183e+00
1.357810780597110920e+02 3.853861041330260306e+00 3.902982569230188048e+00
1.348258579524109848e+02 3.848867085321440396e+00 3.936546426908137164e+00
1.338750362614839275e+02 3.840053996849584816e+00 3.969929532938798911e+00
1.329291202534061256e+02 3.827505269059742421e+00 4.003165831937487873e+00
1.319884948547881152e+02 3.811244368104079516e+00 4.036277017575415904e+00
1.310529415386039318e+02 3.791350609973698660e+00 4.069280392431820381e+00
1.301226624517613288e+02 3.767817871493270854e+00 4.102085697847865475e+00
1.291985588710959405e+02 3.740787842661116969e+00 4.134712943220906212e+00
1.282804452927358909e+02 3.709041898485655242e+00 4.167181042700314642e+00
1.273686258115784113e+02 3.673522344881305468e+00 4.199444127683190864e+00
1.264626155643426983e+02 3.634610698570004850e+00 4.231497234546208297e+00
1.255633610020581017e+02 3.592361182101205141e+00 4.263242291470901613e+00
1.246701788374088267e+02 3.546855620641550022e+00 4.294771934109729017e+00
1.237834615920655494e+02 3.498116403964836696e+00 4.326011911830297763e+00
1.229024153553756378e+02 3.446222363883961304e+00 4.356893519429184458e+00
1.220282097208397403e+02 3.391294902167901970e+00 4.387520473982886138e+00
1.211608050237749552e+02 3.333455309072144157e+00 4.417772437037662314e+00
1.203013085423421984e+02 3.271735282645169995e+00 4.447714781089424640e+00
1.194489318675950358e+02 3.207126668423408766e+00 4.477281116858480736e+00
1.186044206556788652e+02 3.140052831512631926e+00 4.506500142945266241e+00
1.177669894986333219e+02 3.070599760035731762e+00 4.535343078290726915e+00
1.169369153951200673e+02 2.998946946251726420e+00 4.563820282930026728e+00
1.161140790296053069e+02 2.925215043909363377e+00 4.591853618541952287e+00
1.152992353348397074e+02 2.849524606666836934e+00 4.619516185335759140e+00
1.144909884151780943e+02 2.772061548062967340e+00 4.646815609061393459e+00
1.136902181525714042e+02 2.692971689698083093e+00 4.673651940815637396e+00
1.128987937346802397e+02 2.611182170237955180e+00 4.699958587576803737e+00
1.121149601565725789e+02 2.527815824697929425e+00 4.725777985827160244e+00
1.113392684802400794e+02 2.442895670441576073e+00 4.751091623907658601e+00
1.105721820042847980e+02 2.356419886190846746e+00 4.775916911350333471e+00
1.098134028146729975e+02 2.268310406682450875e+00 4.800163679893970858e+00
1.090638839272736220e+02 2.178564734121984703e+00 4.823831800279316795e+00
1.083240803913566594e+02 2.087196065498983177e+00 4.846955180425410958e+00
1.075944476434649744e+02 1.994168468248256776e+00 4.869418632474461717e+00
1.068754705650112129e+02 1.899518089472223892e+00 4.891295299242003125e+00
1.061699654904365104e+02 1.802048838497870564e+00 4.912323118894957652e+00
1.054754241971037203e+02 1.703067750012253967e+00 4.932683759038037685e+00
1.047925451587191503e+02 1.602448060177114053e+00 4.952353012155629841e+00
1.041211350766839274e+02 1.500252208571145607e+00 4.971347502600141688e+00
1.034619698484722932e+02 1.396518350737933956e+00 4.989617941122260980e+00
1.028150226274863144e+02 1.291242174755272476e+00 5.007115012906764306e+00
1.021799953543494155e+02 1.184437418632858563e+00 5.023905989503326452e+00
1.015573611584058966e+02 1.076066379734578637e+00 5.039940107604034658e+00
1.009481195001529130e+02 9.661789876188637827e-01 5.055127182990502455e+00
1.003544840937060769e+02 8.540530766016478648e-01 5.069382407700221194e+00
9.977451234007456549e+01 7.404978648786249007e-01 5.082743466409390898e+00
9.920671262402618140e+01 6.255789256523237585e-01 5.095356137548209929e+00
9.865219939219633716e+01 5.093685750406135027e-01 5.107105610027589115e+00
9.811101196891848986e+01 3.919394732724629238e-01 5.118026854017028171e+00
9.758262026839747705e+01 2.733673744509949044e-01 5.128167641908543573e+00
9.706767245373586661e+01 1.537180193472467427e-01 5.137478380362266783e+00
9.656627997951811437e+01 3.307726562947252424e-02 5.146043862368949284e+00
9.607930337773190388e+01 -8.859820810055449303e-02 5.153747797778264861e+00
9.560869563966768681e+01 -2.117048018639604567e-01 5.160428150637242695e+00
9.515187693083667853e+01 -3.355814831114408148e-01 5.166353785191237336e+00
9.470831993942191218e+01 -4.601755204469650806e-01 5.171521798442165974e+00
9.427749781910272020e+01 -5.854346026709474904e-01 5.175886727248927066e+00
9.385888418920586673e+01 -7.112977746712288996e-01 5.179468735721867390e+00
9.345297622039652197e+01 -8.377199667114770820e-01 5.182272209479481084e+00
9.305944906000860328e+01 -9.646300538006860048e-01 5.184326811483928488e+00
9.267746324496478394e+01 -1.091950007797063860e+00 5.185582640550587818e+00
9.230825986886344481e+01 -1.219714576961951513e+00 5.186078059800652618e+00
9.195402913938968936e+01 -1.348080618644698081e+00 5.185629424781566854e+00
9.161086141445674969e+01 -1.476590614563401127e+00 5.184488247412492257e+00
9.127869030498956704e+01 -1.605165381763257848e+00 5.182631281258281319e+00
9.095670274740618311e+01 -1.733735603295262884e+00 5.180107705039666222e+00
9.064493471356676935e+01 -1.862214983314327332e+00 5.176923246434041559e+00
9.034234705104150009e+01 -1.990523206297298620e+00 5.173131256314607462e+00
9.004922772594781577e+01 -2.118581199625735767e+00 5.168759944315662658e+00
8.976498939948936595e+01 -2.246306956330505589e+00 5.163827496878595547e+00
8.948951687381958209e+01 -2.373682355104658193e+00 5.158291364071534879e+00
8.922654735168342199e+01 -2.500701475896607295e+00 5.151983120347686018e+00
8.897080351739495541e+01 -2.627130207493915570e+00 5.145180679732018980e+00
8.872333386257807319e+01 -2.752914887848797232e+00 5.137772750640325903e+00
8.848446856858406306e+01 -2.877998207843355694e+00 5.129755061493258772e+00
8.825453824003045611e+01 -3.002346784232705179e+00 5.121137965532351011e+00
8.803335069099281895e+01 -3.125896974422123886e+00 5.111867800583370425e+00
8.782145775659483888e+01 -3.248538182013181341e+00 5.101910349001792078e+00
8.761880451404543635e+01 -3.370318375894486795e+00 5.091223120867282681e+00
8.742714974950040130e+01 -3.491049017903777862e+00 5.079680141739063792e+00
8.724810898013447513e+01 -3.610738838489162550e+00 5.067277413455086865e+00
8.707908621437772467e+01 -3.729176237115137127e+00 5.054250679294089998e+00
8.692013539311230375e+01 -3.846394806671374234e+00 5.040472976229679603e+00
8.677096060493695973e+01 -3.962250485633639130e+00 5.026031182753148308e+00
8.663189603265844596e+01 -4.076706717645374844e+00 5.010967561981066076e+00
8.650327622755487766e+01 -4.189781544973754102e+00 4.995216789968619508e+00
8.638482387523477257e+01 -4.301370507279766109e+00 4.978728401517638957e+00
8.627657726637087876e+01 -4.411432134831988705e+00 4.961559460206941274e+00
8.617995311512099477e+01 -4.519884154527407993e+00 4.943512231039037808e+00
8.609576302117380919e+01 -4.626539366089976291e+00 4.924655819837094661e+00
8.602167520113123089e+01 -4.731626728151583805e+00 4.904981430737723080e+00
8.595731920461372511e+01 -4.834980317826357066e+00 4.884660063152792553e+00
8.590266346827930022e+01 -4.936606419342111529e+00 4.863616711023482253e+00
8.585750454530803211e+01 -5.036459585902888669e+00 4.841883898997619617e+00
8.582217999493919081e+01 -5.134549531713926029e+00 4.819548195241893040e+00
8.579579155214139519e+01 -5.230794391694059797e+00 4.796510723467782178e+00
8.577879631950537487e+01 -5.325112222656725791e+00 4.772840780962635421e+00
8.577291128890149707e+01 -5.417435869362948075e+00 4.748417463792038440e+00
8.577748241007924435e+01 -5.507547176306355929e+00 4.723166220826910511e+00
8.579064441826837140e+01 -5.595778111648292530e+00 4.697355903016230627e+00
8.581174414630889657e+01 -5.682034507909921039e+00 4.670932679531767384e+00
8.584087735165758204e+01 -5.766357614434125090e+00 4.643945509701103980e+00
8.587800356860624618e+01 -5.848756485766468671e+00 4.616335771899227503e+00
8.592201866842604829e+01 -5.929184846987354263e+00 4.588153547454075110e+00
8.597351821595572119e+01 -6.007710384018778882e+00 4.559522010647057755e+00
8.603171374671879335e+01 -6.084265256363636354e+00 4.530315340342025543e+00
8.609848621183527939e+01 -6.158562989718804559e+00 4.500491174399753547e+00
8.617269369898423292e+01 -6.230750951284324657e+00 4.470183856509581943e+00
8.625239685098166831e+01 -6.300964892243641202e+00 4.439494805703094293e+00
8.633763983390466024e+01 -6.369320176468989736e+00 4.408440701457552180e+00
8.642815174943430634e+01 -6.435856033299664603e+00 4.377107744425421387e+00
8.652334736727773645e+01 -6.500535482202783655e+00 4.345489445155628516e+00
8.662267662305174554e+01 -6.563483651823737830e+00 4.313528143171470042e+00
8.672585156643313553e+01 -6.624725818821789680e+00 4.281399663356407537e+00
8.683222171648641563e+01 -6.684249647188066135e+00 4.249032156413809602e+00
8.694369048651479659e+01 -6.741665561427079290e+00 4.216303710706139185e+00
8.705813604984115273e+01 -6.797171526936897301e+00 4.183298358711631693e+00
8.717517746428592318e+01 -6.851010903875420333e+00 4.150207388232080241e+00
8.729463753536425941e+01 -6.903102855225774270e+00 4.116976959933520419e+00
8.741620045995846056e+01 -6.953297477872212085e+00 4.083553220363504543e+00
8.754023649928468842e+01 -7.001538597090449123e+00 4.049976140494789156e+00
8.766560472519908842e+01 -7.047819330868523302e+00 4.016279843779118508e+00
8.779331542158419666e+01 -7.091961572905124633e+00 3.982473994266379158e+00
8.792293634701850635e+01 -7.133931363343076093e+00 3.948460178432100509e+00
8.805629562472685734e+01 -7.173087843225480320e+00 3.914201720609085111e+00
8.819147953529426331e+01 -7.209726023057323019e+00 3.879813948393540546e+00
8.832811842989221418e+01 -7.244017627526640801e+00 3.845264325306938513e+00
8.846588519398827088e+01 -7.275904460198306722e+00 3.810635656280961125e+00
8.860532842218206895e+01 -7.305415782747896714e+00 3.775913174048692866e+00
8.874567006540175385e+01 -7.332400578240462430e+00 3.741094657035290982e+00
8.888664942874875408e+01 -7.356875179648650231e+00 3.706126140126964508e+00
8.902864718753055229e+01 -7.378857783709451112e+00 3.671146070246517734e+00
8.917167040384792642e+01 -7.398223817390221058e+00 3.636035898979489644e+00
8.931575431675959464e+01 -7.414256161337033468e+00 3.600688102820182479e+00
8.946048604082530176e+01 -7.427435355889302038e+00 3.565292228890650783e+00
8.960529431985720805e+01 -7.437987703777144688e+00 3.529795475896391199e+00
8.974991818702751800e+01 -7.445923539696253535e+00 3.494279434905520176e+00
8.989449427016668892e+01 -7.451269367452126424e+00 3.458729881245159010e+00
9.003879212165668378e+01 -7.454017420955295847e+00 3.423192061439276568e+00
9.018268621298751953e+01 -7.454256880617510461e+00 3.387711221889480484e+00
9.032626038771107346e+01 -7.451969259831377812e+00 3.352332609615351622e+00
9.046998362729536325e+01 -7.447174487981450319e+00 3.316955390614524379e+00
9.061271208079791961e+01 -7.439104818731142821e+00 3.281613806539124933e+00
9.075457687484259850e+01 -7.428402780122978832e+00 3.246393948062938239e+00
9.089601593434586846e+01 -7.415331327032212094e+00 3.211224914535665942e+00
9.103539172819451153e+01 -7.399872095536364824e+00 3.176187142579625977e+00
9.117361993249132013e+01 -7.382033603832280910e+00 3.141226659282049471e+00
9.131043829118348754e+01 -7.361913814579105875e+00 3.106386835274508762e+00
9.144558438331864636e+01 -7.339515864421221281e+00 3.071698213205573236e+00
9.157879561550083736e+01 -7.315015651847882161e+00 3.037106839551671822e+00
9.171054545948507553e+01 -7.288435967449040653e+00 3.002706017679265482e+00
9.184066732007393341e+01 -7.258939073877519910e+00 2.968386800088836264e+00
9.196806543190619720e+01 -7.227451281577960351e+00 2.934348088645962527e+00
9.209346223945587440e+01 -7.194092607354210855e+00 2.900487955613970659e+00
9.221660811425040549e+01 -7.158973076682620729e+00 2.866819117749181522e+00
9.233730117711895957e+01 -7.122172133811721650e+00 2.833369546489148849e+00
9.245529946522977127e+01 -7.083732917048480182e+00 2.800185331654005516e+00
9.257081581774636447e+01 -7.043783279138952302e+00 2.767155031116686370e+00
9.268392736835204460e+01 -7.002433535210879967e+00 2.734389104747570354e+00
9.279337701545327377e+01 -6.959678845907403932e+00 2.701834594292427116e+00
9.289972377131081771e+01 -6.914895856826308140e+00 2.669544697759372198e+00
9.300330930085875991e+01 -6.868958132816703532e+00 2.637583453255465837e+00
9.310362960276653155e+01 -6.821925239856189371e+00 2.605831393492186177e+00
9.320045833040592242e+01 -6.773771083403331339e+00 2.574476420978780045e+00
9.329381410063982116e+01 -6.724543059362306785e+00 2.543449822730483589e+00
9.338363638551886936e+01 -6.674165154023827817e+00 2.512808749909058559e+00
9.346919532705710765e+01 -6.622668834308598207e+00 2.482557868660342226e+00
9.355026852813161042e+01 -6.569927159191458088e+00 2.452654771039374015e+00
9.362647472300899665e+01 -6.515963723920292772e+00 2.423234727338782868e+00
9.369770183984168455e+01 -6.459986572471072108e+00 2.394286959358305378e+00
9.376318405067742390e+01 -6.402759152434907008e+00 2.365837112821667088e+00
9.382358156900481561e+01 -6.344328195352253452e+00 2.337793606101539190e+00
9.387801665160475295e+01 -6.284666591255748003e+00 2.310212430119130023e+00
9.392692038132574339e+01 -6.223705066242466444e+00 2.283107496734026576e+00
9.397021932734990912e+01 -6.161518821377334199e+00 2.256486019516551256e+00
9.400793890028116095e+01 -6.098143329754569741e+00 2.230404054388732238e+00
9.403916807587650339e+01 -6.033519056009430948e+00 2.204850623845290958e+00
9.406365203745987458e+01 -5.967674429385370516e+00 2.179798954219132945e+00
9.408120888162588358e+01 -5.899949445145844074e+00 2.155381673602707160e+00
9.409162242237046314e+01 -5.831164969660803443e+00 2.131489960765108993e+00
9.409626429892129806e+01 -5.761246296366951292e+00 2.108201087232182136e+00
9.409392174638342965e+01 -5.690299422267765195e+00 2.085475866389157495e+00
9.408531089286155691e+01 -5.618324439500971046e+00 2.063341707427295724e+00
9.407029406448499742e+01 -5.545350186868406084e+00 2.041758382288792362e+00
9.404810099883327723e+01 -5.471409365274816139e+00 2.020722841326966890e+00
9.401983501403320531e+01 -5.396510242789806178e+00 2.000327420405881629e+00
9.398421776294350138e+01 -5.320608728086750894e+00 1.980459009283061622e+00
9.394013367524723890e+01 -5.243433289419310306e+00 1.961391997964652578e+00
9.388948652650476845e+01 -5.165383495016356186e+00 1.942882997087220343e+00
9.383197567146564211e+01 -5.086576664722429086e+00 1.924915798380792742e+00
9.376767669931200544e+01 -5.007019822288504507e+00 1.907546829507532182e+00
9.369645458618244049e+01 -4.926740991590147445e+00 1.890746011153977113e+00
9.361821779889527306e+01 -4.845815373982380159e+00 1.874474517685478459e+00
9.353419501085001286e+01 -4.764353555176420230e+00 1.858788858011885425e+00
9.344406566916576651e+01 -4.682358546700136515e+00 1.843677345939669143e+00
9.334716688124200346e+01 -4.599914558793413377e+00 1.829151488048312846e+00
9.324285650820053206e+01 -4.516785791426911167e+00 1.815344777869533299e+00
9.313325405161333492e+01 -4.433420063205454120e+00 1.802075193711330181e+00
9.301850943406401484e+01 -4.349870966287370244e+00 1.789327357188003287e+00
9.289840725885200357e+01 -4.266230507429151331e+00 1.777086880518482737e+00
9.277293032446343091e+01 -4.182447555168558040e+00 1.765343540078015305e+00
9.264307222913311080e+01 -4.098640364833407546e+00 1.754096800751584473e+00
9.250821394101643591e+01 -4.014880123938243450e+00 1.743325919446700567e+00
9.236855070072330420e+01 -3.931100413167079921e+00 1.732950073356730902e+00
9.222458562468546006e+01 -3.847462985722434503e+00 1.723132837864501221e+00
9.207380384690070230e+01 -3.763779098413958746e+00 1.713842524958550717e+00
9.192012135015475849e+01 -3.680435547548488007e+00 1.704915636001580692e+00
9.176233153218954897e+01 -3.597433764525787669e+00 1.696417700539905260e+00
9.160091467282293820e+01 -3.514840620923448178e+00 1.688350118657450105e+00
9.143527511743894820e+01 -3.432641192608679059e+00 1.680714318951918917e+00
9.126479632210489967e+01 -3.350928134269376635e+00 1.673564510603651856e+00
9.108993696783505811e+01 -3.269657399154902944e+00 1.666879276977603519e+00
9.091014928909820014e+01 -3.188948017475251362e+00 1.660699671212050532e+00
9.072400375204729528e+01 -3.108760809419097715e+00 1.655068991389552879e+00
9.053100898536085595e+01 -3.029115203001296219e+00 1.650144714407300484e+00
9.033312000453636870e+01 -2.950065538905824791e+00 1.645729044041069900e+00
9.012947449117693566e+01 -2.871694373415426771e+00 1.641843454722140550e+00
8.992028537607893668e+01 -2.794052675940221331e+00 1.638502109107463189e+00
8.970549033757468749e+01 -2.717199009514990493e+00 1.635706689453695351e+00
8.948554235399808476e+01 -2.641081760019190927e+00 1.633469572696939931e+00
8.926042158333551413e+01 -2.565864471642755884e+00 1.631800013149075523e+00
8.902968004592501927e+01 -2.491506014043711303e+00 1.630692778082291294e+00
8.879278285661135328e+01 -2.418107155632013949e+00 1.630276635142598352e+00
8.854961238193241968e+01 -2.345673093166501744e+00 1.630555856834962736e+00
8.830126261323339065e+01 -2.274301294722213651e+00 1.631409855181064517e+00
8.804757706029622000e+01 -2.203974315714421373e+00 1.632834708883490915e+00
8.778877176933528403e+01 -2.134646059464477830e+00 1.634819923865813207e+00
8.752477008296946792e+01 -2.066410758240273982e+00 1.637367423353109475e+00
8.725603985895506298e+01 -1.999255145286741975e+00 1.640473764217921238e+00
8.698191881371607792e+01 -1.933245168414183146e+00 1.644137220235016184e+00
8.670308656555131677e+01 -1.868309173923963007e+00 1.648345679097740657e+00
8.641850689624068593e+01 -1.804636325017761278e+00 1.653215910731810068e+00
8.612764941421201570e+01 -1.742210392293344734e+00 1.658714925672787777e+00
8.583270998270764096e+01 -1.681022165318455830e+00 1.664729491243148951e+00
8.553312834611185167e+01 -1.621032391882740731e+00 1.671247763834908362e+00
8.522935922816387233e+01 -1.562291336067944680e+00 1.678264288452797626e+00
8.492170522844367042e+01 -1.504727197278527218e+00 1.685756739589688635e+00
8.460990925049921429e+01 -1.448425968764718297e+00 1.693713859037361269e+00
8.429470386924840852e+01 -1.393303340482147767e+00 1.702118985349313052e+00
8.397649123547398631e+01 -1.339486798096540587e+00 1.710951666800085258e+00
8.365312667931527812e+01 -1.287036330766991199e+00 1.720336238672828699e+00
8.332655771378354359e+01 -1.236035923898174849e+00 1.730192200133336078e+00
8.299719192251455979e+01 -1.186197262554900655e+00 1.740421768848685824e+00
8.266478023437457523e+01 -1.137601052227749987e+00 1.751005255893761436e+00
8.233037772967360013e+01 -1.090228310636673914e+00 1.761910726883689771e+00
8.199335584742428296e+01 -1.044074163290162671e+00 1.773116552174764937e+00
8.165421371480749713e+01 -9.990813482697162851e-01 1.784607412515663682e+00
8.131287281232691555e+01 -9.551926895431761544e-01 1.796353965617514703e+00
8.097033110128009525e+01 -9.124945427910547968e-01 1.808330485178382574e+00
8.062491676922428496e+01 -8.712734482156934135e-01 1.820638232555984892e+00
8.027859319270031335e+01 -8.311826698532263080e-01 1.833184595245962445e+00
7.993136465642334088e+01 -7.922504557621635746e-01 1.845874620808250377e+00
7.958418337844928203e+01 -7.544443280125439077e-01 1.858716379774635108e+00
7.923657965413275406e+01 -7.178521584026624769e-01 1.871712911220988262e+00
7.888855718820258289e+01 -6.825429703031056228e-01 1.884865981977631888e+00
7.854063849054820423e+01 -6.485595568632332997e-01 1.898176993815576585e+00
7.819270612186751634e+01 -6.159532444195370271e-01 1.911649402507206386e+00
7.784429005415438496e+01 -5.847680418319969320e-01 1.925282970177131459e+00
7.749477532410972458e+01 -5.554673162126343433e-01 1.939200958132196950e+00
7.714459579453691163e+01 -5.278352394254873792e-01 1.953316663512857598e+00
7.679434055071976672e+01 -5.017806547443709464e-01 1.967587235951172353e+00
7.644385232532079044e+01 -4.773295078921053203e-01 1.982006655602773559e+00
7.609325709747821520e+01 -4.545089682803236109e-01 1.996574001583476088e+00
7.574256391488955842e+01 -4.333534319677669888e-01 2.011291868393768389e+00
7.539229486561005444e+01 -4.138866345214512465e-01 2.026153091597259426e+00
7.504232632404570325e+01 -3.961281081343768218e-01 2.041154812434742283e+00
7.469291686859655499e+01 -3.801120581602754900e-01 2.056294178514857851e+00
7.434315334166338118e+01 -3.663524153943657491e-01 2.071677743790925508e+00
7.399395838201911602e+01 -3.544624787229630480e-01 2.087200248871564412e+00
7.364523677902428744e+01 -3.443510004143762182e-01 2.102824346815011847e+00
7.329751068749501997e+01 -3.360248765799070392e-01 2.118551780684796437e+00
7.295049833636915082e+01 -3.294924016461349692e-01 2.134414391681053846e+00
7.260370751880336115e+01 -3.247640691704150040e-01 2.150334593007057649e+00
7.225822888230409546e+01 -3.218232716041028452e-01 2.166306852108882186e+00
7.191362255983408147e+01 -3.206603199533554216e-01 2.182433195738056941e+00
7.156989564370388734e+01 -3.212464549528901148e-01 2.198555847533701701e+00
7.122734541705769118e+01 -3.241416357400655479e-01 2.214831217118484297e+00
7.088653709962132154e+01 -3.288209572068014896e-01 2.231209127484822474e+00
7.054700681821934438e+01 -3.351980288409289188e-01 2.247617479759917547e+00
7.020996362093613641e+01 -3.432373978511569779e-01 2.264026370504911068e+00
6.987476125176154085e+01 -3.529103791641662324e-01 2.280431889100811738e+00
6.954143172199252376e+01 -3.641785570648037873e-01 2.296869865222901819e+00
6.921007996305809229e+01 -3.770050603499847663e-01 2.313304147927401910e+00
6.888122924315497642e+01 -3.913483222618521218e-01 2.329704595687267066e+00
6.855392185603886901e+01 -4.071749737004210501e-01 2.346108066962897976e+00
6.822924870717235990e+01 -4.250778417901983630e-01 2.362525676531535890e+00
6.790625466876674921e+01 -4.443860393525415065e-01 2.378914277497654162e+00
6.758595688829132087e+01 -4.650163140729738909e-01 2.395234607239058011e+00
6.726788701097807177e+01 -4.869075954066207079e-01 2.411457410484199926e+00
6.695240415384699872e+01 -5.099964120281786917e-01 2.427586499219030358e+00
6.663953459859978068e+01 -5.342251609589351302e-01 2.443658441757707411e+00
6.632897818192563477e+01 -5.595247186301457454e-01 2.459569577842540156e+00
6.602125967852434485e+01 -5.858310567645197420e-01 2.475390117175404914e+00
6.571692183846644753e+01 -6.130992535297867807e-01 2.491107531089743254e+00
6.541464171608699019e+01 -6.418279207235237926e-01 2.506674585637269637e+00
6.511569237287100975e+01 -6.713301806437721453e-01 2.522087179531312895e+00
6.481914621135315713e+01 -7.015476132697453515e-01 2.537307807708706786e+00
6.452565581622022250e+01 -7.325142000056551472e-01 2.552337863661553019e+00
6.423506038761824755e+01 -7.642586501149989386e-01 2.567196669304528722e+00
6.394756154266093517e+01 -7.968047158404230057e-01 2.581817049958441856e+00
6.366365860525566234e+01 -8.301596033890573656e-01 2.596228855405595226e+00
6.338370710404187491e+01 -8.643492165352949508e-01 2.610397577045654671e+00
6.310699438069675438e+01 -8.994575799832059682e-01 2.624382202363983119e+00
6.283540159926744195e+01 -9.359527249670569482e-01 2.638046626802236894e+00
6.256758868165140797e+01 -9.733148316046085213e-01 2.651432817674848064e+00
6.230466664806989030e+01 -1.011550629234646781e+00 2.664575348065508997e+00
6.204539887919231944e+01 -1.050659572082759396e+00 2.677440350193292851e+00
6.179117464929304049e+01 -1.090649678465451800e+00 2.689991482991821226e+00
6.154168227588469620e+01 -1.131530194430571790e+00 2.702311662371035705e+00
6.129661035151890758e+01 -1.173300742815330366e+00 2.714257893167124625e+00
6.105564774667320904e+01 -1.215960999440462320e+00 2.725904387247523264e+00
6.082024326461645813e+01 -1.259608563973727557e+00 2.737246027635696688e+00
6.059113411816530714e+01 -1.304549240280794331e+00 2.748181114118625423e+00
6.036647498560034109e+01 -1.350334736002181124e+00 2.758784866043280992e+00
6.014741110145184422e+01 -1.396945074456828806e+00 2.769065228093428033e+00
5.993328479931948038e+01 -1.444363803176161198e+00 2.778992160968212222e+00
5.972408771930635396e+01 -1.492576645350402131e+00 2.788600048942683429e+00
5.951995252323784769e+01 -1.541563752844914426e+00 2.797820389963826759e+00
5.932137054958533895e+01 -1.591293366492900541e+00 2.806668305996141033e+00
5.912797593676341279e+01 -1.641739481322857186e+00 2.815141219495308711e+00
5.894039586982101042e+01 -1.692988837674992197e+00 2.823303812799993207e+00
5.875924818156461527e+01 -1.745222978976996853e+00 2.830990300568165363e+00
5.858304474160652831e+01 -1.798068727630641739e+00 2.838309603955162963e+00
5.841201942679735737e+01 -1.851496520654639877e+00 2.845286956854626848e+00
5.824678858604284670e+01 -1.905473285559071028e+00 2.851835756659168997e+00
5.808649006174093898e+01 -1.959959590488279391e+00 2.858057581633649313e+00
5.793081740453481387e+01 -2.014926431629823878e+00 2.863939380971843196e+00
5.778006781510048739e+01 -2.070348238973000576e+00 2.869394632941816070e+00
5.763492783132371500e+01 -2.126174976931454186e+00 2.874464945830808027e+00
5.749436664640519723e+01 -2.182500480268680931e+00 2.879169045774930158e+00
5.736004280552435119e+01 -2.239374997500669373e+00 2.883414545549925823e+00
5.722991951538574540e+01 -2.296501019198459392e+00 2.887308686346577780e+00
5.710440805743150605e+01 -2.353829322650721423e+00 2.890857853584098969e+00
5.698356368954930673e+01 -2.411303503884145716e+00 2.894032776399623863e+00
5.686718909735682104e+01 -2.468867797481766324e+00 2.896867435541439662e+00
5.675451410559370657e+01 -2.526477672755120807e+00 2.899395786987791546e+00
5.664584440743381322e+01 -2.584071756866530567e+00 2.901651761797701123e+00
5.654117682262068456e+01 -2.641601787472152019e+00 2.903600028945372280e+00
5.644096101477058625e+01 -2.699125030333926034e+00 2.905197160613033347e+00
5.634530247335514730e+01 -2.756630914573561686e+00 2.906372564007968506e+00
5.625293726502160752e+01 -2.813912831126938130e+00 2.907300233702053038e+00
5.616377270786993847e+01 -2.870923279113443805e+00 2.907938065329561450e+00
5.607730314384361492e+01 -2.927645519327132462e+00 2.908258803331944975e+00
5.599424877921281052e+01 -2.984042775024200012e+00 2.908302170243359352e+00
5.591476253467580193e+01 -3.040152358496375218e+00 2.908005069809926901e+00
5.583868868928443163e+01 -3.095874608430051467e+00 2.907381610184653464e+00
5.576651345909259305e+01 -3.151222140070369271e+00 2.906425099482959684e+00
5.569863566900791341e+01 -3.206290210084866033e+00 2.905049306144330767e+00
5.563539351451678527e+01 -3.260931328022357523e+00 2.903247530340391958e+00
5.557700856930058819e+01 -3.315160191598556683e+00 2.901083831233553845e+00
5.552215555321742357e+01 -3.368935444882753316e+00 2.898491970304589493e+00
5.547128930839893712e+01 -3.422149111035596825e+00 2.895513241568454355e+00
5.542457707378581233e+01 -3.474862854862698747e+00 2.892160127529460834e+00
5.538164819258102511e+01 -3.527030804998031233e+00 2.888391270331951421e+00
5.534320784104604485e+01 -3.578656898605705461e+00 2.884210759945118330e+00
5.530892491578115511e+01 -3.629715696343308373e+00 2.879552258154675304e+00
5.527969997687041115e+01 -3.680137371118985090e+00 2.874467959668291606e+00
5.525561713753903348e+01 -3.729972878244705914e+00 2.868848888273040743e+00
5.523622947416497908e+01 -3.779091351982361680e+00 2.862883049314198569e+00
5.522051959636753082e+01 -3.827549229305185818e+00 2.856464116830677025e+00
5.520918856734565594e+01 -3.875300930442620917e+00 2.849619850162107060e+00
5.520186210797714210e+01 -3.922316328869718927e+00 2.842393027012753759e+00
5.519926458933846902e+01 -3.968566396904473326e+00 2.834822975650690857e+00
5.520033386314669599e+01 -4.014066951103368197e+00 2.826814334080936408e+00
5.520501894941867249e+01 -4.058833761448729760e+00 2.818413691894896544e+00
5.521545379380921048e+01 -4.102673718661581148e+00 2.809549397211416277e+00
5.522986026740264975e+01 -4.145731746023516351e+00 2.800244704571801080e+00
5.524834332649564317e+01 -4.187904566177605759e+00 2.790510116531262685e+00
5.527069075762312877e+01 -4.229207747331283684e+00 2.780418662981176237e+00
5.529599793330858404e+01 -4.269656803543844248e+00 2.770012387706844326e+00
5.532475886280273158e+01 -4.309267193314150646e+00 2.759254412985783667e+00
5.535684915060475220e+01 -4.347999384984354343e+00 2.748114767426926175e+00
5.539226990465743938e+01 -4.385832734486901252e+00 2.736633125856551274e+00
5.543067062891106644e+01 -4.422782525529809661e+00 2.724813156425675231e+00
5.547306757973001368e+01 -4.458655169731120971e+00 2.712631896033589562e+00
5.551883196170620494e+01 -4.493581674327498554e+00 2.700084673667961788e+00
5.556674019555929789e+01 -4.527584786435549624e+00 2.687278693949470831e+00
5.561688147115821579e+01 -4.560717656465269165e+00 2.674179434326250160e+00
5.566934513217329794e+01 -4.592896012969730712e+00 2.660850831766854441e+00
5.572422067025735970e+01 -4.624177111938418960e+00 2.647296446624683330e+00
5.578048738844530163e+01 -4.654552198971893873e+00 2.633519822691866352e+00
5.583816532640496177e+01 -4.684029066021204279e+00 2.619524487612567842e+00
5.589761523886072325e+01 -4.712577340448244279e+00 2.605313953300116392e+00
5.595917449613294536e+01 -4.740056750198024638e+00 2.590860793030723475e+00
5.602199369743905066e+01 -4.766531055542188255e+00 2.576177710751503369e+00
5.608503687806925342e+01 -4.792107850598683605e+00 2.561357969681981039e+00
5.614874544067649254e+01 -4.816827660505808240e+00 2.546363550761496786e+00
5.621321636565293289e+01 -4.840590872167157777e+00 2.531235061623043681e+00
5.627774866497269102e+01 -4.863394521468961784e+00 2.515996580054309817e+00
5.634267059161039981e+01 -4.885230927379089039e+00 2.500667529064631189e+00
5.640831047702119605e+01 -4.905984775761428551e+00 2.485159761734183181e+00
5.647426935530336323e+01 -4.925724066497278564e+00 2.469495772411292034e+00
5.654164193153049922e+01 -4.944129380797321893e+00 2.453649469153154961e+00
5.660987427630034574e+01 -4.961236167906472261e+00 2.437685334852520924e+00
5.667832014564827858e+01 -4.977238853866018609e+00 2.421579386001476486e+00
5.674730816326353278e+01 -4.992014590188289525e+00 2.405303782858849271e+00
5.681636606932985245e+01 -5.005590358172730348e+00 2.388953118545313004e+00
5.688577236043893492e+01 -5.017912210884351687e+00 2.372455226367359948e+00
5.695557321087494529e+01 -5.028971188488643662e+00 2.355800422775289782e+00
5.702476259237219125e+01 -5.038715696290013035e+00 2.338999126169183373e+00
5.709487646942446304e+01 -5.047167380734782327e+00 2.322100829985851878e+00
5.716562480103448962e+01 -5.053924325873865087e+00 2.304929398488988923e+00
5.723598932664217642e+01 -5.059328582672248942e+00 2.287676979843650926e+00
5.730698762884328090e+01 -5.063400395242888763e+00 2.270254695902245601e+00
5.737726369899046830e+01 -5.066122389858373154e+00 2.252807167183107140e+00
5.744773234300244980e+01 -5.067505774580711275e+00 2.235251925195046674e+00
5.751774328375884693e+01 -5.067551377274627455e+00 2.217565106149516296e+00
5.758735838163911325e+01 -5.066180290209804760e+00 2.199780108206168983e+00
5.765724278616310983e+01 -5.063505029512551658e+00 2.181906713088135330e+00
5.772624698912494523e+01 -5.059449975896404439e+00 2.163994948387606421e+00
5.779483547564484525e+01 -5.053591247019848964e+00 2.145868405609308915e+00
5.786272061007746004e+01 -5.046375005319212015e+00 2.127626420786659089e+00
5.792970710620115682e+01 -5.037794101997996599e+00 2.109399553013248330e+00
5.799612884909375055e+01 -5.027895076409327757e+00 2.091063564569362931e+00
5.806156568240076865e+01 -5.016724390514544218e+00 2.072727435202324830e+00
5.812634753524389453e+01 -5.004328429289977898e+00 2.054317569661600285e+00
5.818981009308604513e+01 -4.990695651379001063e+00 2.035925779911788691e+00
5.825261231580645926e+01 -4.975839218371341133e+00 2.017528151839525830e+00
5.831384597633264377e+01 -4.959793695635751121e+00 1.999074826446646913e+00
5.837449037406852170e+01 -4.942154191403256291e+00 1.980651536368942311e+00
5.843371849042053157e+01 -4.923412437711083278e+00 1.962233761136381149e+00
5.849136867639065684e+01 -4.903565447004816669e+00 1.943846540512373711e+00
5.854809121757838852e+01 -4.882691363882520896e+00 1.925467189175227523e+00
5.860322104415549660e+01 -4.860778533314014993e+00 1.907144921715044461e+00
5.865609295814374491e+01 -4.837922786189410296e+00 1.888856856320694222e+00
5.870779462176544428e+01 -4.814093707654850895e+00 1.870678364422206252e+00
5.875730015762891156e+01 -4.789405401233035597e+00 1.852551318819406045e+00
5.880569694796127322e+01 -4.763831013395321001e+00 1.834425332668161657e+00
5.885173490390770468e+01 -4.737018015317105757e+00 1.816423095548743927e+00
5.889527082862608864e+01 -4.709513016330773461e+00 1.798540996852009188e+00
5.893732871653922700e+01 -4.681313564902023217e+00 1.780707442428374421e+00
5.897694787399377958e+01 -4.652480824816862537e+00 1.762997393368705756e+00
5.901468027478367873e+01 -4.623011912693796077e+00 1.745441657055707196e+00
5.904980456434999780e+01 -4.592907176054104923e+00 1.728013743637068389e+00
5.908257004011876745e+01 -4.562080292450183983e+00 1.710687171721239519e+00
5.911322582303875350e+01 -4.530552435428930380e+00 1.693570138748274223e+00
5.914118211953382342e+01 -4.498225619342969495e+00 1.676532045884832067e+00
5.916545746647971526e+01 -4.464821025483499461e+00 1.659683849756395047e+00
5.918728010959939212e+01 -4.430618207873032510e+00 1.643013004478034889e+00
5.920616929053674227e+01 -4.395643683267272728e+00 1.626519403381407436e+00
5.922202674961754099e+01 -4.359850999014772022e+00 1.610206576211182794e+00
5.923453770532155716e+01 -4.323236610465682084e+00 1.594034799661678603e+00
5.924343712650392035e+01 -4.285801914809582946e+00 1.578025634122584897e+00
5.924917219219435083e+01 -4.247559898932702360e+00 1.562212294226878129e+00
5.925162429489570570e+01 -4.208495220001642778e+00 1.546599728538939234e+00
5.924991146744100234e+01 -4.168537783264728347e+00 1.531241721416423340e+00
5.924520792880048958e+01 -4.127515057977161561e+00 1.516061151555587960e+00
5.923628561779700874e+01 -4.085729818547053860e+00 1.501111830928093527e+00
5.922429946212950824e+01 -4.043234450578231609e+00 1.486412863763206138e+00
5.920856778136624143e+01 -4.000010840803000178e+00 1.471944390951311243e+00
5.918989355925383933e+01 -3.956043447995886364e+00 1.457721837950576527e+00
5.916748532942185079e+01 -3.911431904696068607e+00 1.443731303276757805e+00
5.914140939404595088e+01 -3.866108063100355707e+00 1.430000889588787683e+00
5.911221848796456158e+01 -3.820062628279713213e+00 1.416511909759255783e+00
5.907834230513869755e+01 -3.773307879464644632e+00 1.403287810813585557e+00
5.904023812611825406e+01 -3.725601319272222600e+00 1.390346808620701369e+00
5.899865269127162293e+01 -3.677255208701561973e+00 1.377658767174567256e+00
5.895311293724344637e+01 -3.628321590274711017e+00 1.365222860213551215e+00
5.890422113399363013e+01 -3.578816665197071867e+00 1.353049047334244692e+00
5.885188971153935000e+01 -3.528781435906026775e+00 1.341132137255253154e+00
5.879542651580189982e+01 -3.478262201386940422e+00 1.329476913925823567e+00
5.873568263448082405e+01 -3.427272418574904389e+00 1.318088666198142800e+00
5.867251193614395532e+01 -3.375794907991125360e+00 1.306968068113985026e+00
5.860550219957670492e+01 -3.323815442869331616e+00 1.296129242606240961e+00
5.853386225046342872e+01 -3.271181205178872453e+00 1.285586469574428126e+00
5.845910758241034699e+01 -3.218261034360950124e+00 1.275305383391694747e+00
5.838076873166211556e+01 -3.164992503202516794e+00 1.265275516911182452e+00
5.829872367711452341e+01 -3.111453870844918868e+00 1.255493376356470847e+00
5.821311594675122336e+01 -3.057642404362632682e+00 1.245951861089126478e+00
5.812464903436942620e+01 -3.003609884358324766e+00 1.236654795537720952e+00
5.803295060452489196e+01 -2.949408080087395856e+00 1.227599889060466021e+00
5.793866253903880192e+01 -2.895088751085858725e+00 1.218781082088938872e+00
5.784086563127272029e+01 -2.840521971207618179e+00 1.210231589569569888e+00
5.773890240276146812e+01 -2.785893624872056495e+00 1.201959868681664378e+00
5.763507987301859004e+01 -2.731319627440996101e+00 1.193923633177765620e+00
5.752893214214373074e+01 -2.676823056989595440e+00 1.186105654350851690e+00
5.742028583672004061e+01 -2.622424330461485820e+00 1.178501962398641245e+00
5.730907762533135497e+01 -2.568153660232654456e+00 1.171111619086000699e+00
5.719520725124809246e+01 -2.513980954343773000e+00 1.163953014395530339e+00
5.707828104867674313e+01 -2.459983681717298865e+00 1.157030541439941551e+00
5.695827816858822956e+01 -2.406065867654241242e+00 1.150351472383070783e+00
5.683523450483819062e+01 -2.352268843653434693e+00 1.143974193815764373e+00
5.670780983871977554e+01 -2.298502250271528879e+00 1.137916113584511724e+00
5.657773523195295695e+01 -2.244997999181383097e+00 1.132123820745863263e+00
5.644417378023784693e+01 -2.191672427249084176e+00 1.126606391804915841e+00
5.630758579430370503e+01 -2.138554566157604420e+00 1.121375654964819724e+00
5.616779938550718043e+01 -2.085674980142695034e+00 1.116434131229528948e+00
5.602460891939416854e+01 -2.033067600825823718e+00 1.111784194447548613e+00
5.587788236975799094e+01 -1.980758993589684325e+00 1.107437985452925044e+00
5.572858916981021338e+01 -1.928665574241482439e+00 1.103390348274505994e+00
5.557454474997189919e+01 -1.876887670442000999e+00 1.099714274739770126e+00
5.541672436452421380e+01 -1.825344768363117876e+00 1.096395125694711759e+00
5.525603785427238535e+01 -1.774199525406031208e+00 1.093382306337032928e+00
5.509166962886883567e+01 -1.723358684855336387e+00 1.090682209612668485e+00
5.492443611320931041e+01 -1.672899113035238194e+00 1.088296746418094818e+00
5.475332067316094253e+01 -1.622836608757942223e+00 1.086218811296262965e+00
5.457894990433767646e+01 -1.573186999817125509e+00 1.084446395522934425e+00
5.440139095522805235e+01 -1.523903044750018809e+00 1.082985683880531846e+00
5.422105495707373990e+01 -1.475044230639036780e+00 1.081835824650772659e+00
5.403569918941845884e+01 -1.426566246160832829e+00 1.081059337266002229e+00
5.384708631672625501e+01 -1.378575691715514084e+00 1.080628470741629155e+00
5.365512745677582274e+01 -1.331072200766147295e+00 1.080493740693395210e+00
5.346048532672210030e+01 -1.284033381781145788e+00 1.080656490749343668e+00
5.326313416397712075e+01 -1.237497087426048026e+00 1.081106041685052199e+00
5.306304803337916809e+01 -1.191474277987832897e+00 1.081846527955473203e+00
5.286020083126551583e+01 -1.146024976508682292e+00 1.082866126856092404e+00
5.265456628960273378e+01 -1.101101690235995356e+00 1.084167750802423003e+00
5.244755800954376213e+01 -1.056765416188447437e+00 1.085728995812646591e+00
5.223627307867107561e+01 -1.013025359310245177e+00 1.087639131008178772e+00
5.202280869068231084e+01 -9.698678064407615373e-01 1.089830822341280481e+00
5.180781527168853984e+01 -9.272908702221583921e-01 1.092260075686385168e+00
5.159021077653105891e+01 -8.853109669512928548e-01 1.094924432985964202e+00
5.137056732507299017e+01 -8.439052506938896636e-01 1.097811734085277768e+00
5.114885761837451383e+01 -8.030862548139011681e-01 1.100911064725789146e+00
5.092561370495346296e+01 -7.629138352018284275e-01 1.104206365344570173e+00
5.070115775964798388e+01 -7.232760751750882955e-01 1.107688018406439046e+00
5.047473626025123394e+01 -6.842815036910193660e-01 1.111349918772487788e+00
5.024689554877035391e+01 -6.460177949539218645e-01 1.115259824944321521e+00
5.001755559241824756e+01 -6.083734603217553216e-01 1.119342730738605907e+00
4.978712479773492561e+01 -5.713575415816870562e-01 1.123562494871692685e+00
4.955593593656254825e+01 -5.349503860805175925e-01 1.127895928018786131e+00
4.932373476921134881e+01 -4.991493260584656255e-01 1.132342370100181572e+00
4.909084566352461820e+01 -4.639823765521678411e-01 1.136893378784218589e+00
4.885705111368302056e+01 -4.294781300399425072e-01 1.141556360718167129e+00
4.862213353056907295e+01 -3.956739364988339780e-01 1.146342848401102010e+00
4.838660692750540449e+01 -3.625921324070682239e-01 1.151250191795113453e+00
4.814889590852695989e+01 -3.304302520547557909e-01 1.156364625338258678e+00
4.791078276640061517e+01 -2.990845567473652822e-01 1.161625886130732477e+00
4.767139070312649096e+01 -2.685471827628841957e-01 1.167009541449069543e+00
4.743187102138080036e+01 -2.388430871639242725e-01 1.172520303186202817e+00
4.719164004158148629e+01 -2.099893077384097362e-01 1.178162893588118765e+00
4.695100063385716993e+01 -1.820156933275036137e-01 1.183937165292842986e+00
4.670988461135185332e+01 -1.549242651806674032e-01 1.189843647630100198e+00
4.646775758515610733e+01 -1.287395172010883937e-01 1.195880548317456604e+00
4.622562154908259657e+01 -1.034620393436998520e-01 1.202042703255114420e+00
4.598215808380087566e+01 -7.935529336849823923e-02 1.208420371922258374e+00
4.573838365356900937e+01 -5.620908307911690049e-02 1.214932250297745764e+00
4.549386822784641993e+01 -3.402477067582725806e-02 1.221562146469145960e+00
4.524906865828661040e+01 -1.279783262575013777e-02 1.228311577264652010e+00
4.500383493292136450e+01 7.467978204990313902e-03 1.235179522654659801e+00
4.475845700426841489e+01 2.676708466420341104e-02 1.242160911015560476e+00
4.451246275433244648e+01 4.509804733541298433e-02 1.249258013986370708e+00
4.426728647469426647e+01 6.245520810283364255e-02 1.256459164713086940e+00
4.402097539760057288e+01 7.883844395162187269e-02 1.263762204465436856e+00
4.377479880477651619e+01 9.395357067584642063e-02 1.271248322317759971e+00
4.352854123590978475e+01 1.080907369821128422e-01 1.278823976192462908e+00
4.328272681715503012e+01 1.212638744418913089e-01 1.286484075886555445e+00
4.303680412644181530e+01 1.334768526663637489e-01 1.294223534642102269e+00
4.279081195420717165e+01 1.447261960992858310e-01 1.302037268723172936e+00
4.254501811182074533e+01 1.550206474588793348e-01 1.309925193236088914e+00
4.229937777224228057e+01 1.643814422423757748e-01 1.317874668839150942e+00
4.205399932323008017e+01 1.728220599240060107e-01 1.325887410303530967e+00
4.180939495249453586e+01 1.803288061330758363e-01 1.333952917933458382e+00
4.156520577057695220e+01 1.866534934686699398e-01 1.342114186949026067e+00
4.132097021517117952e+01 1.921109473630899511e-01 1.350315941234432326e+00
4.107794349155423674e+01 1.967218926958825831e-01 1.358547988345251367e+00
4.083590789553847600e+01 2.005030183215305017e-01 1.366798969165021527e+00
4.059464579718471100e+01 2.034817072753745959e-01 1.375066765096905064e+00
4.035444510264632356e+01 2.056909826412848252e-01 1.383341615329459762e+00
4.011490344890346194e+01 2.071520339765026419e-01 1.391610706179998713e+00
3.987682654818390660e+01 2.078960550644715077e-01 1.399875982642170502e+00
3.963970467357920313e+01 2.078963052018774349e-01 1.408128220316088308e+00
3.940320297399852478e+01 2.069405166449715117e-01 1.416380870269880354e+00
3.916798920319831723e+01 2.053543893245284579e-01 1.424603205907154946e+00
3.893410810432466462e+01 2.031762829760215272e-01 1.432775521721930456e+00
3.870164534460750616e+01 2.004434245057185870e-01 1.440892721325831127e+00
3.847025164395043362e+01 1.971820434895172336e-01 1.448946250992784401e+00
3.824020981088659710e+01 1.933765036772995272e-01 1.456930334730644372e+00
3.801191982137591907e+01 1.890014678389624059e-01 1.464838885734500940e+00
3.778482436617564133e+01 1.840373635126050234e-01 1.472668609104376136e+00
3.756003735416846467e+01 1.783959965655610991e-01 1.480431822919525464e+00
3.733622287303172982e+01 1.718708149480163982e-01 1.488117263716400629e+00
3.711460742947559055e+01 1.647161969190979736e-01 1.495718225750691355e+00
3.689472960216875208e+01 1.569182176129948481e-01 1.503227287239972565e+00
3.667645554486460924e+01 1.484634513551844059e-01 1.510637252181248336e+00
3.646027465246288557e+01 1.393412628962604205e-01 1.517941102218177019e+00
3.624603535483097971e+01 1.295454238574068606e-01 1.525143393243172829e+00
3.603393645568615256e+01 1.190693657131882133e-01 1.532237916948457679e+00
3.582378482800979924e+01 1.079072468358357878e-01 1.539214535433660158e+00
3.561550672279159357e+01 9.595797981303010038e-02 1.546071960732274597e+00
3.540993666759349878e+01 8.307585799279178229e-02 1.552808524202180740e+00
3.520664464314965869e+01 6.949795520365800727e-02 1.559413710128602970e+00
3.500543815416954629e+01 5.523303777999803016e-02 1.565888988055646358e+00
3.480648145577046648e+01 4.029343123390970866e-02 1.572228510895481435e+00
3.460969523133763914e+01 2.469014895022724268e-02 1.578434262216477091e+00
3.441546396472062241e+01 8.435733758578501176e-03 1.584507028110791138e+00
3.422376218636978962e+01 -8.458932237324745529e-03 1.590442115084548913e+00
3.403478450848443515e+01 -2.598148873131135572e-02 1.596240047974622600e+00
3.384876707775406146e+01 -4.422951070357832720e-02 1.601889936189459407e+00
3.366568540015163791e+01 -6.327373612211767417e-02 1.607384902075698729e+00
3.348497380214916319e+01 -8.290594685333989300e-02 1.612736670755455570e+00
3.330672057632062177e+01 -1.031146684908479383e-01 1.617933415374756656e+00
3.313136493482114275e+01 -1.238884462840067757e-01 1.622977442543047655e+00
3.295827069673175203e+01 -1.452147293463839361e-01 1.627862902377935184e+00
3.278784144970462933e+01 -1.670759247091511968e-01 1.632589399520990359e+00
3.262003584433228554e+01 -1.894489594594955528e-01 1.637162644799917688e+00
3.245506179304218364e+01 -2.123100079380528804e-01 1.641578236195252227e+00
3.229248476493540920e+01 -2.357507706028596495e-01 1.645820457437547901e+00
3.213307395684733336e+01 -2.597802477759981743e-01 1.649889411648328252e+00
3.197664527080657138e+01 -2.842192441514700407e-01 1.653795909956510046e+00
3.182216493499092635e+01 -3.090434797380071652e-01 1.657543695002414497e+00
3.167069216043226021e+01 -3.342269409037396666e-01 1.661133395743229269e+00
3.152158663591749033e+01 -3.597456112590311506e-01 1.664561778447251505e+00
3.137473653675619545e+01 -3.855739070314604944e-01 1.667830623992202721e+00
3.123032795931226957e+01 -4.116866030836205947e-01 1.670938273621264791e+00
3.108747161775289669e+01 -4.380596610964804238e-01 1.673885353837839318e+00
3.094779434791117012e+01 -4.647790768036323961e-01 1.676649809483458764e+00
3.081123923629104766e+01 -4.918047705440450335e-01 1.679229525262345257e+00
3.067637364660911459e+01 -5.189831215762849004e-01 1.681654757946774437e+00
3.054330096620720170e+01 -5.462738836728919800e-01 1.683927797982860630e+00
3.041245218235975045e+01 -5.736464070999861553e-01 1.686054193808098178e+00
3.028366797462593496e+01 -6.010692685363011600e-01 1.688035962825913394e+00
3.015690042941245608e+01 -6.285276653420108772e-01 1.689867434709286131e+00
3.003212963020143178e+01 -6.560237185381380121e-01 1.691542735335324954e+00
2.991004268098956587e+01 -6.835530975076663518e-01 1.693052593392860627e+00
2.979055136901666856e+01 -7.112127098746855447e-01 1.694359269641143584e+00
2.967352466241097986e+01 -7.389837972253585630e-01 1.695464547414179179e+00
2.955911262187234101e+01 -7.667763818480012317e-01 1.696375802797464249e+00
2.944689736731070795e+01 -7.945874901018916692e-01 1.697090766526470285e+00
2.933747260478886787e+01 -8.224141451738936626e-01 1.697607152679930564e+00
2.923035665250364445e+01 -8.502487347849210231e-01 1.697922658657028627e+00
2.912563130808101164e+01 -8.780838110127351381e-01 1.698034965163236709e+00
2.902364128364978058e+01 -9.059037905510500810e-01 1.697929146708132331e+00
2.892436855988583844e+01 -9.337072034465138115e-01 1.697618635790068442e+00
2.882768859197048528e+01 -9.615645611931676884e-01 1.697046513657643807e+00
2.873479536759644404e+01 -9.894130644313485767e-01 1.696227309041822728e+00
2.864456647965361213e+01 -1.017205345829331753e+00 1.695191394484637737e+00
2.855668206591957059e+01 -1.044924562412170577e+00 1.693936350719685180e+00
2.847128987200446204e+01 -1.072567653606756544e+00 1.692463599450241940e+00
2.838895092380407448e+01 -1.100126854223160588e+00 1.690771233531077833e+00
2.830920818105099812e+01 -1.127583626919957505e+00 1.688857902762262331e+00
2.823268035042716662e+01 -1.154934073393693694e+00 1.686731045953586028e+00
2.815818791003879440e+01 -1.182163434401588109e+00 1.684383715769029566e+00
2.808758380575751445e+01 -1.209322193067866369e+00 1.681758528220918647e+00
2.801920179672611511e+01 -1.236353055081366170e+00 1.678897437823172245e+00
2.795401863793493646e+01 -1.263230435281005537e+00 1.675809206614951696e+00
2.789102615490974202e+01 -1.289944951917889826e+00 1.672504948892060694e+00
2.783039108443614751e+01 -1.316481351124114463e+00 1.668982083366742808e+00
2.777265842345725133e+01 -1.342831622428502181e+00 1.665242760827602808e+00
2.771737841330105212e+01 -1.368988132681186798e+00 1.661294292778137116e+00
2.766389473724479942e+01 -1.394941154650723991e+00 1.657137563962618021e+00
2.761337295288054960e+01 -1.420677420605040986e+00 1.652791661223139696e+00
2.756539370460312810e+01 -1.446194628906434687e+00 1.648191248403576559e+00
2.752062433735217795e+01 -1.471464211245677278e+00 1.643399335847148812e+00
2.747755500309373389e+01 -1.496481284536566925e+00 1.638430137104021966e+00
2.743653514542015870e+01 -1.521228820354716404e+00 1.633295010181584184e+00
2.739775027543239716e+01 -1.545707294991599534e+00 1.627995235935586260e+00
2.736076793109293703e+01 -1.569908682857123594e+00 1.622538943240884102e+00
2.732541578004905602e+01 -1.593826484045166136e+00 1.616926091338077631e+00
2.729237067159741059e+01 -1.617447612293659409e+00 1.611173769821326207e+00
2.726088857769891760e+01 -1.640777789210991155e+00 1.605277149975791184e+00
2.723155230564368878e+01 -1.663769630682906397e+00 1.599173510393269826e+00
2.720371202849358383e+01 -1.686448590326062869e+00 1.592942271927816122e+00
2.717721477509414996e+01 -1.708800878405780210e+00 1.586600347102673281e+00
2.715204710558025525e+01 -1.730829107472056760e+00 1.580151313654723610e+00
2.712819567826784706e+01 -1.752533166724679958e+00 1.573608150940497774e+00
2.710567107730019387e+01 -1.773900941287613886e+00 1.566980289330474507e+00
2.708400968079714133e+01 -1.794917793152411178e+00 1.560260775091047547e+00
2.706300182371274232e+01 -1.815561823703090161e+00 1.553444733809858924e+00
2.704351350087036820e+01 -1.835825811722287426e+00 1.546534071398045551e+00
2.702504942472473815e+01 -1.855605175600619328e+00 1.539435871700755687e+00
2.700844038719206708e+01 -1.874954758383277742e+00 1.532222282294999571e+00
2.699300536043861953e+01 -1.893856550979051923e+00 1.524891684479015463e+00
2.697854874353660293e+01 -1.912301766449908014e+00 1.517439276556020067e+00
2.696502667717281554e+01 -1.930272333583123112e+00 1.509866911775528342e+00
2.695306970611584418e+01 -1.947755968455832321e+00 1.502171511003054238e+00
2.694223285563791492e+01 -1.964746095450053520e+00 1.494362248153376926e+00
2.693165426824063147e+01 -1.981227088802273606e+00 1.486447623307060262e+00
2.692269761341622569e+01 -1.997184018882044221e+00 1.478414616214328126e+00
2.691574285394737487e+01 -2.012482793379656076e+00 1.470208337476882621e+00
2.690994059977274233e+01 -2.027257400564996370e+00 1.461888059510787929e+00
2.690466863238039963e+01 -2.041432369823075632e+00 1.453466327605455577e+00
2.690038942576882519e+01 -2.055044564265902984e+00 1.444935030009625754e+00
2.689739630760719180e+01 -2.068114682870384247e+00 1.436301718291587370e+00
2.689532578799709484e+01 -2.080629439295116345e+00 1.427558200271800359e+00
2.689430868765539984e+01 -2.092543469087801089e+00 1.418703830021986079e+00
2.689447584602123342e+01 -2.103893578779191031e+00 1.409750288377320970e+00
2.689524422655736657e+01 -2.114632593606513566e+00 1.400683250628700138e+00
2.689718591866355979e+01 -2.124641344873983151e+00 1.391471738812095849e+00
2.690036207283008451e+01 -2.134088256464234057e+00 1.382168690751976792e+00
2.690368192365885136e+01 -2.142936133951443889e+00 1.372776092607924214e+00
2.690793117323269001e+01 -2.151221533784304363e+00 1.363308568005582089e+00
2.691324069415011166e+01 -2.158938887058102551e+00 1.353760617435247005e+00
2.691923741534252201e+01 -2.166025410540378449e+00 1.344133807825224958e+00
2.692564692105256441e+01 -2.172535695003282807e+00 1.334437546929245100e+00
2.693192974339666534e+01 -2.178538304196391273e+00 1.324673287992551352e+00
2.693953807408363232e+01 -2.183895399052787401e+00 1.314833533008971544e+00
2.694764398103314917e+01 -2.188550259123153374e+00 1.304882270204799077e+00
2.695650887477206581e+01 -2.192642070733009430e+00 1.294878273244524314e+00
2.696553132061685076e+01 -2.196228164197723043e+00 1.284825363998654213e+00
2.697484202887310545e+01 -2.199249186363765318e+00 1.274726001170883638e+00
2.698457167345492280e+01 -2.201755115562152643e+00 1.264595986563819885e+00
2.699434111912279732e+01 -2.203784673285742901e+00 1.254437563233161468e+00
2.700447447474541818e+01 -2.205354465452267210e+00 1.244260419253342409e+00
2.701474239538571709e+01 -2.206401161952626921e+00 1.234079776334784384e+00
2.702510827029894003e+01 -2.207046307049847389e+00 1.223886321091896212e+00
2.703580368308305992e+01 -2.206992338876544668e+00 1.213658643683933169e+00
2.704606556795062744e+01 -2.206572040655340405e+00 1.203446153181871203e+00
2.705648454663131730e+01 -2.205775099870400435e+00 1.193245947018432007e+00
2.706689695150854291e+01 -2.204631656456432331e+00 1.183066158384001421e+00
2.707712811598600666e+01 -2.203065339394640887e+00 1.172912814544794013e+00
2.708687167397947348e+01 -2.201207704248233643e+00 1.162786284818028371e+00
2.709665870478879768e+01 -2.198957654407030837e+00 1.152697566562951526e+00
2.710526414731771538e+01 -2.196419287734405756e+00 1.142638357601608590e+00
2.711469014152791601e+01 -2.193368004535811711e+00 1.132608077212361009e+00
2.712310656950631937e+01 -2.189815904960970006e+00 1.122601402647242841e+00
2.713121232041646991e+01 -2.185839445503161116e+00 1.112631406412633028e+00
2.713887406708356664e+01 -2.181431082240248287e+00 1.102708536335409439e+00
2.714559294529889044e+01 -2.176583228879974019e+00 1.092828833980179493e+00
2.715194557424658228e+01 -2.171332082395226681e+00 1.082997110182237321e+00
2.715801974715793676e+01 -2.165664925611995972e+00 1.073213620088382836e+00
2.716296124790481770e+01 -2.159474809780502991e+00 1.063482633658870080e+00
2.716729137202523958e+01 -2.152861088226832198e+00 1.053799424910814242e+00
2.717136948973907451e+01 -2.145784229489077433e+00 1.044175625653483541e+00
2.717447928908101673e+01 -2.138015284718467246e+00 1.034592604829069229e+00
2.717670349819172770e+01 -2.129824081170595740e+00 1.025074247658432469e+00
2.717817976359793519e+01 -2.121131249357713244e+00 1.015621007550570498e+00
2.717868472124481372e+01 -2.111964941215977110e+00 1.006226268831489579e+00
2.717825156597309899e+01 -2.102372014196770778e+00 9.968960524804745260e-01
2.717695545389711853e+01 -2.092291733425007738e+00 9.876311138431809189e-01
2.717455163164860821e+01 -2.081738908703211433e+00 9.784397734333389884e-01
2.717187080159614609e+01 -2.070735340204337138e+00 9.693171888871234820e-01
2.716767783123880520e+01 -2.059191345294336006e+00 9.602721880514178965e-01
2.716257240388590333e+01 -2.047136574613390714e+00 9.513067645470975053e-01
2.715619793068046661e+01 -2.034606644791157937e+00 9.424323744146237969e-01
2.714911627361996338e+01 -2.021650065855832068e+00 9.336465872696553259e-01
2.714120493723748240e+01 -2.008347068634082966e+00 9.249569987440003915e-01
2.713224286584749123e+01 -1.994635149568479093e+00 9.163624262835659007e-01
2.712198075352068827e+01 -1.980559335570074575e+00 9.078621651779905655e-01
2.711093074152199733e+01 -1.966087298744901402e+00 8.994572071640594135e-01
2.709922873267935373e+01 -1.951251359536315233e+00 8.911426135881711508e-01
2.708610836758789020e+01 -1.935972539198790754e+00 8.829337230150288152e-01
2.707156810994699114e+01 -1.920246614436894372e+00 8.748297795147695899e-01
2.705607973331271410e+01 -1.904243532999342570e+00 8.668196975933660786e-01
2.703990284580661196e+01 -1.887925929555017035e+00 8.589150182460536520e-01
2.702230557238710063e+01 -1.871297886034834379e+00 8.511070450270628029e-01
2.700395962843706243e+01 -1.854458262612745933e+00 8.434073278371262417e-01
2.698446101187419188e+01 -1.837344678749867288e+00 8.358112824035103250e-01
2.696419636354441707e+01 -1.819973814390759115e+00 8.283177088427041701e-01
2.694288211219389240e+01 -1.802436386609129304e+00 8.209328239480117029e-01
2.692026624008336100e+01 -1.784648369678774049e+00 8.136603263503888739e-01
2.689664445860728392e+01 -1.766556877082217092e+00 8.065091131333138597e-01
2.687265741590620749e+01 -1.748363270377135681e+00 7.994543874686461660e-01
2.684734004226519488e+01 -1.730018772408545624e+00 7.925034801968242615e-01
2.682106186629699351e+01 -1.711576189906479639e+00 7.856503866919122281e-01
2.679388745090240675e+01 -1.693073077319288799e+00 7.789013942757462283e-01
2.676638145553691572e+01 -1.674486562594039940e+00 7.722529397424928721e-01
2.673796638755141331e+01 -1.655874451927749735e+00 7.657029298461753841e-01
2.670839470373481817e+01 -1.637185989413623588e+00 7.592681835337093954e-01
2.667749401278127053e+01 -1.618431652986774827e+00 7.529679232203694283e-01
2.664598506894667906e+01 -1.599485573308440101e+00 7.467997443644616151e-01
2.661294628919353400e+01 -1.580539245258069769e+00 7.407650527534170859e-01
2.657919141074059510e+01 -1.561595783361761081e+00 7.348586889706738567e-01
2.654430556727156088e+01 -1.542596875794392419e+00 7.290877909978237259e-01
2.650843672900147752e+01 -1.523512357346511470e+00 7.234492057179019442e-01
2.647128462805099502e+01 -1.504427306969639000e+00 7.179445301386953027e-01
2.643260665209403371e+01 -1.485286625897070945e+00 7.125855520100323748e-01
2.639287678392284775e+01 -1.466142702577342360e+00 7.073661513131049849e-01
2.635123277922393115e+01 -1.446849260772958168e+00 7.023144417925971661e-01
2.630863838101002017e+01 -1.427559846637009855e+00 6.974273548078273599e-01
2.626483339662473782e+01 -1.408220253633534202e+00 6.926904937260186523e-01
2.621909243596671502e+01 -1.388863123288190504e+00 6.880990490366940548e-01
2.617265189700046335e+01 -1.369530564111279825e+00 6.836639428846165156e-01
2.612459689052195699e+01 -1.350195856934417460e+00 6.793827731371627765e-01
2.607519984780838840e+01 -1.330847206970895646e+00 6.752583421234118477e-01
2.602455803559118408e+01 -1.311519286514865046e+00 6.712870689980025007e-01
2.597315588627517968e+01 -1.292248503413970129e+00 6.674690862517399514e-01
2.591928312628791886e+01 -1.272960795397419353e+00 6.638512937097463817e-01
2.586461191979236673e+01 -1.253673758252229486e+00 6.603907111609671476e-01
2.580832091483088320e+01 -1.234445866174594952e+00 6.570913501242071630e-01
2.575038655978596935e+01 -1.215260055607405576e+00 6.539461666457313527e-01
2.569163652801060849e+01 -1.196140057625166397e+00 6.509520885125429368e-01
2.563206705304594024e+01 -1.177100036395371863e+00 6.481120211613875526e-01
2.557101406370566465e+01 -1.158138282838051536e+00 6.454176373141302658e-01
2.550845935894371053e+01 -1.139255257629578244e+00 6.428713833683039613e-01
2.544469679780569393e+01 -1.120462194517602095e+00 6.404715535766655199e-01
2.537941142932648120e+01 -1.101726391465100541e+00 6.382627605675881277e-01
2.531349775340405373e+01 -1.083090004559844832e+00 6.361970748345875393e-01
2.524579201577711984e+01 -1.064568701621349200e+00 6.342683904192872868e-01
2.517731626879857032e+01 -1.046179984347108904e+00 6.324765139264779679e-01
2.510828899880107912e+01 -1.027927898830141240e+00 6.308185427639829701e-01
2.503774726611277046e+01 -1.009816513247300263e+00 6.292877944921861921e-01
2.496643233157270458e+01 -9.918612806168433105e-01 6.278788108951001146e-01
2.489505565577099233e+01 -9.740731375989162277e-01 6.265946311589716267e-01
2.482217744949108607e+01 -9.564488783058581189e-01 6.254236165016235915e-01
2.474866368625580293e+01 -9.389909191820554613e-01 6.244154647613072706e-01
2.467438234458456492e+01 -9.217187783585837346e-01 6.235181336526351981e-01
2.459991412612606965e+01 -9.046346778184167770e-01 6.227164916643221915e-01
2.452461980783061790e+01 -8.877394238748700372e-01 6.220138264063408418e-01
2.444893565856824225e+01 -8.710390594116752538e-01 6.213974714306411684e-01
2.437290119626759122e+01 -8.545377738979542670e-01 6.208606191137718833e-01
2.429610976995445171e+01 -8.382452308214906056e-01 6.203982146874633674e-01
2.421982039448029056e+01 -8.221649742085233026e-01 6.200121835019740679e-01
2.414224429356786317e+01 -8.063205861306074196e-01 6.197062034123488328e-01
2.406478919729257981e+01 -7.907425640276818379e-01 6.195388074319202465e-01
2.398645931405040344e+01 -7.754232839835325519e-01 6.194663582794659451e-01
2.390793789051210183e+01 -7.603682665595576928e-01 6.194784303085195676e-01
2.382882241225389564e+01 -7.455889508735318305e-01 6.195820593168250845e-01
2.374928831363208559e+01 -7.310852109290296719e-01 6.197751805420289584e-01
2.366926162981221538e+01 -7.168734992456390342e-01 6.200664938659862235e-01
2.358900417191496501e+01 -7.029578666518653263e-01 6.204522729317435426e-01
2.350777638678545856e+01 -6.893432779254010656e-01 6.209296801755249673e-01
2.342648895530381026e+01 -6.760436985441120594e-01 6.215120501492700233e-01
2.334418317046361224e+01 -6.631210543468176732e-01 6.222380706847050469e-01
2.326127557383409439e+01 -6.505301861913904693e-01 6.230653249971375152e-01
2.317818013677959144e+01 -6.382753904416468282e-01 6.239902007198427913e-01
2.309450381726224677e+01 -6.263683941329600824e-01 6.250131277580294187e-01
2.301032777449446698e+01 -6.148125753484138256e-01 6.261363642999223655e-01
2.292609405767431241e+01 -6.036099331388621314e-01 6.273535421135758572e-01
2.284137221627130998e+01 -5.927605902350603362e-01 6.286679806295479844e-01
2.275611096712593096e+01 -5.822766335017645067e-01 6.300765938835899416e-01
2.267118414246930769e+01 -5.721594083373863215e-01 6.315838788305879747e-01
2.258486583911123091e+01 -5.624870712780606352e-01 6.332251852468717690e-01
2.249876355230269454e+01 -5.531851348034518834e-01 6.349620822117881813e-01
2.241207065296125833e+01 -5.442483566404862083e-01 6.367789868481836812e-01
2.232505607740515430e+01 -5.356788687819838968e-01 6.386828319907100759e-01
2.223821420501758794e+01 -5.274788406167701948e-01 6.406717958663463719e-01
2.215096383328918250e+01 -5.196403140751801875e-01 6.427395698279505520e-01
2.206342248038485110e+01 -5.121693431410021535e-01 6.448819955832475470e-01
2.197583496150245708e+01 -5.050610730194702302e-01 6.471029383011634994e-01
2.188809838422866250e+01 -4.983327411235155546e-01 6.493991943595350813e-01
2.180067798530016177e+01 -4.920500123785327973e-01 6.518003623793576784e-01
2.171244604940055822e+01 -4.861191724273564163e-01 6.542698552954302471e-01
2.162452085344889952e+01 -4.805400090823446213e-01 6.567943504243560771e-01
2.153653251021505710e+01 -4.753015921149558176e-01 6.593747610003912740e-01
2.144853871846058269e+01 -4.703952000872039241e-01 6.620076608401065377e-01
2.136050236685285597e+01 -4.658182382836522639e-01 6.646877297296397424e-01
2.127274571876121456e+01 -4.615633664387998047e-01 6.674108641509688411e-01
2.118519593648021981e+01 -4.576164772261894775e-01 6.701747179137570454e-01
2.109699576918341180e+01 -4.539994288006013456e-01 6.729774816110025704e-01
2.100957892896341050e+01 -4.507698602285552525e-01 6.758392671034770816e-01
2.092268546794889161e+01 -4.478238858173244630e-01 6.787296600694467941e-01
2.083560967607056824e+01 -4.451453177964881380e-01 6.816336012759538487e-01
2.074948832624311379e+01 -4.427292092593322903e-01 6.845543072591708800e-01
2.066313744935750307e+01 -4.405561765950158359e-01 6.874801969186485895e-01
2.057752426969547699e+01 -4.386135015583352281e-01 6.904104451666808195e-01
2.049214552158128555e+01 -4.368909692759801455e-01 6.933377809224350319e-01
2.040767360465406455e+01 -4.353907793019503036e-01 6.962575748024992794e-01
2.032292442128450816e+01 -4.341806564729158713e-01 6.991866989495807427e-01
2.023912304207037494e+01 -4.333223086075475017e-01 7.021347444578996955e-01
2.015568529082218063e+01 -4.327196225725705725e-01 7.050715490667686103e-01
2.007323652418401139e+01 -4.323877197798888794e-01 7.079991940680508966e-01
1.999132657861230911e+01 -4.323346194609389848e-01 7.109197337155751528e-01
1.990931489650986208e+01 -4.325721838206761927e-01 7.138314114662296372e-01
1.982816230456862172e+01 -4.331013120318988330e-01 7.167329504205368629e-01
1.974793618146349417e+01 -4.339290257523427119e-01 7.196259172257235548e-01
1.966755359539177306e+01 -4.350662139730305245e-01 7.225057028638502965e-01
1.958900042649259632e+01 -4.365634881818282187e-01 7.253782096430086979e-01
1.951022556905980210e+01 -4.384601461493581320e-01 7.282539402770514814e-01
1.943242551948242891e+01 -4.406715369021985684e-01 7.311105662653752946e-01
1.935508167362218401e+01 -4.431987521089245652e-01 7.339473848042294968e-01
1.927873102543266981e+01 -4.460429139034854940e-01 7.367673415538517068e-01
1.920328346403831077e+01 -4.492051743816551368e-01 7.395661982749532903e-01
1.912811737639778187e+01 -4.526867150827096342e-01 7.423446559893681629e-01
1.905399471654098775e+01 -4.564825987981629973e-01 7.450972532102890789e-01
1.898071654256815322e+01 -4.605911199425700153e-01 7.478243574628621326e-01
1.890802011464781529e+01 -4.650778916842711053e-01 7.505330986048783792e-01
1.883594380052736383e+01 -4.699478378043742688e-01 7.532150879136422228e-01
1.876493614861105286e+01 -4.751302088551862535e-01 7.558698343347152182e-01
1.869449095723098964e+01 -4.806093821176015135e-01 7.584937159584165256e-01
1.862514013904067411e+01 -4.863805160659890325e-01 7.610797704286852428e-01
1.855679435030387125e+01 -4.924359228960558110e-01 7.636317854189018650e-01
1.848882692689796414e+01 -4.987732981268171439e-01 7.661481760325203894e-01
1.842201811887268192e+01 -5.053729801763409135e-01 7.686306636918465163e-01
1.835615229561650708e+01 -5.122389677865755164e-01 7.710743236802748424e-01
1.829102334266138641e+01 -5.194312936319089857e-01 7.734863988006556168e-01
1.822665954831728996e+01 -5.269235374319204412e-01 7.758570964046336282e-01
1.816367593300132910e+01 -5.346501493682551676e-01 7.781849951216524008e-01
1.810169014306818980e+01 -5.425957705788609919e-01 7.804704082834560408e-01
1.804037497872371532e+01 -5.507558174185542832e-01 7.827077561110568071e-01
1.797971425044887539e+01 -5.591180782953150130e-01 7.849022702841957910e-01
1.791971370700488109e+01 -5.676652546950222700e-01 7.870432051418012609e-01
1.786127749070949378e+01 -5.763890483022829914e-01 7.891386003881497579e-01
1.780318099721032610e+01 -5.852740812143181204e-01 7.911861782307539892e-01
1.774590470366204897e+01 -5.943825449939911243e-01 7.931810991059780047e-01
1.768980319060296935e+01 -6.036630497251834759e-01 7.951279453297503963e-01
1.763444346442750188e+01 -6.130581970721076246e-01 7.970159902001594521e-01
1.757991571977204970e+01 -6.225537738331469173e-01 7.988552264356110211e-01
1.752614792595515070e+01 -6.321293765419105926e-01 8.006425065382334338e-01
1.747311129768290883e+01 -6.417721485711095353e-01 8.023728913125804940e-01
1.742078393419390991e+01 -6.514639797254915266e-01 8.040476012569769404e-01
1.736916036303660249e+01 -6.611902564132081661e-01 8.056661338838341235e-01
1.731827385461750879e+01 -6.709503187668972579e-01 8.072224135754790808e-01
1.726832744166393852e+01 -6.808258555783150978e-01 8.087048343175526899e-01
1.721928694573031393e+01 -6.907717393488862490e-01 8.101209998984719718e-01
1.717107768292467895e+01 -7.007519628360368014e-01 8.114687104599528356e-01
1.712369450041836316e+01 -7.107739641341210834e-01 8.127403281119636169e-01
1.707725175172156540e+01 -7.208302628764708953e-01 8.139419464101185220e-01
1.703166953300166497e+01 -7.309294246755603242e-01 8.150702150498062570e-01
1.698703109841033765e+01 -7.410643998671104793e-01 8.161169102180996227e-01
1.694337968664597582e+01 -7.512409046319415973e-01 8.170909354186498552e-01
1.690075991439388758e+01 -7.614501056231259835e-01 8.179794191706355466e-01
1.685927346593087606e+01 -7.717632721897967896e-01 8.187692107361906890e-01
1.681896202873516444e+01 -7.821294297237089133e-01 8.194737169797746690e-01
1.677968725136951278e+01 -7.925207607178837987e-01 8.200915024324850755e-01
1.674138504755813983e+01 -8.029401515592077265e-01 8.206149606267497676e-01
1.670408823845583512e+01 -8.133865443306288467e-01 8.210500994214254833e-01
1.666781770368718796e+01 -8.238528996853846653e-01 8.213981413481349358e-01
1.663258983431988725e+01 -8.343377837440405509e-01 8.216495434337007797e-01
1.659837795901616531e+01 -8.448376370497062693e-01 8.218097544453817349e-01
1.656522821920415822e+01 -8.553526832971839466e-01 8.218801248286357053e-01
1.653336167256563982e+01 -8.659222131904918962e-01 8.218445526214013253e-01
1.650260842553145224e+01 -8.765022322539297583e-01 8.217066421213609084e-01
1.647292394452961517e+01 -8.870731040346202523e-01 8.214743955613327264e-01
1.644421451581163396e+01 -8.976309305936147620e-01 8.211501592640113589e-01
1.641653409949254794e+01 -9.081745586848150031e-01 8.207377708893058843e-01
1.638986182867047958e+01 -9.186920717212581078e-01 8.202329607603282557e-01
1.636414330420268115e+01 -9.291834522773416705e-01 8.196416294192404584e-01
1.633938698545516743e+01 -9.396419554258157447e-01 8.189631700638372314e-01
1.631556715924754286e+01 -9.500578773772383467e-01 8.181935399605314574e-01
1.629301004289517962e+01 -9.604681770676962715e-01 8.173119259692703809e-01
1.627144434021138153e+01 -9.708250231231911886e-01 8.163426215607041403e-01
1.625067156352591624e+01 -9.811262955134086861e-01 8.152821823373811450e-01
1.623076558491359123e+01 -9.913579065710085292e-01 8.141399179784832851e-01
1.621167854676760456e+01 -1.001520356007953305e+00 8.129117380201333898e-01
1.619333353616582016e+01 -1.011606324233453424e+00 8.116033271479959899e-01
1.617574742791541453e+01 -1.021607092714459819e+00 8.102132516202446011e-01
1.615889517719739388e+01 -1.031518640735019865e+00 8.087536929846269596e-01
1.614267793752835445e+01 -1.041336280456580887e+00 8.072133561629845078e-01
1.612758218143558508e+01 -1.051069390265956249e+00 8.055867126016793556e-01
1.611307413017440382e+01 -1.060690077488142924e+00 8.038875311278924629e-01
1.609913413750866695e+01 -1.070190096863250728e+00 8.021330671894125741e-01
1.608577102694485106e+01 -1.079565445052996564e+00 8.003190939130385706e-01
1.607286095018844918e+01 -1.088814619030079811e+00 7.984530491901739024e-01
1.606037913782172666e+01 -1.097925341517637765e+00 7.965357025049937256e-01
1.604828470258829753e+01 -1.106891907838153832e+00 7.945727880621304973e-01
1.603653165510056766e+01 -1.115716677226671338e+00 7.925622715067200952e-01
1.602516108320755350e+01 -1.124378799047641042e+00 7.905009510844173137e-01
1.601448537726715671e+01 -1.132884575949477890e+00 7.883558121856676371e-01
1.600418310775607367e+01 -1.141213023217745981e+00 7.861565612419226801e-01
1.599424895229033261e+01 -1.149365419749353023e+00 7.838996327649070395e-01
1.598469669372293112e+01 -1.157339677322540172e+00 7.815903040593169537e-01
1.597557670625644732e+01 -1.165122929619964109e+00 7.792200611533627308e-01
1.596683767302503121e+01 -1.172716576472175865e+00 7.767926139771272886e-01
1.595860640915179474e+01 -1.180112450504015920e+00 7.743009091750825412e-01
1.595072793534639644e+01 -1.187301963073202904e+00 7.717471481662557808e-01
1.594335546217751798e+01 -1.194291323252612891e+00 7.691219728940910105e-01
1.593667112859737678e+01 -1.201035572360202863e+00 7.664028072661910329e-01
1.593038546875998662e+01 -1.207562650908303059e+00 7.636112100373929623e-01
1.592447033072156870e+01 -1.213863702097730091e+00 7.607485048506757996e-01
1.591897112229962374e+01 -1.219933247304099355e+00 7.578165537832759480e-01
1.591389093292084311e+01 -1.225772302551564330e+00 7.548168779450896704e-01
1.590922667341884633e+01 -1.231381857854833450e+00 7.517477885383867520e-01
1.590490587042260984e+01 -1.236756977808760594e+00 7.486117604806313830e-01
1.590104482332996838e+01 -1.241895406612005592e+00 7.454138998932462457e-01
1.589755784673746319e+01 -1.246790658386167205e+00 7.421402482581794802e-01
1.589473124704069029e+01 -1.251403295742624433e+00 7.387833841506646904e-01
1.589231261202431611e+01 -1.255776765754941016e+00 7.353681076882223611e-01
1.589018136301270800e+01 -1.259904602908265003e+00 7.318910829260224515e-01
1.588840853982241264e+01 -1.263787607826092563e+00 7.283570028164625398e-01
1.588691384811513885e+01 -1.267422259466207679e+00 7.247618822138734984e-01
1.588573970330020479e+01 -1.270809629720160761e+00 7.211140006372307454e-01
1.588483256734926208e+01 -1.273954401408141202e+00 7.174120363479352669e-01
1.588413891290015378e+01 -1.276850473197772562e+00 7.136546631593531087e-01
1.588373927485827686e+01 -1.279489169593440057e+00 7.098412307131679588e-01
1.588379275817314529e+01 -1.281830225171953330e+00 7.059568354422619541e-01
1.588399203168901330e+01 -1.283935170704514350e+00 7.020293554667531577e-01
1.588435594424242225e+01 -1.285800032346372079e+00 6.980555898501471512e-01
1.588483098892868028e+01 -1.287424717819448450e+00 6.940470003247335429e-01
1.588545069782221297e+01 -1.288811655250672539e+00 6.899978858417031846e-01
1.588620451713296156e+01 -1.289970367299295928e+00 6.859125221649322590e-01
1.588693968666876088e+01 -1.290903419310278855e+00 6.817973704956951098e-01
1.588777734252577467e+01 -1.291607468665552982e+00 6.776579206594722793e-01
1.588863293656728892e+01 -1.292072673821773154e+00 6.734790896380092873e-01
1.588958228251338944e+01 -1.292261985918575995e+00 6.692504750939575198e-01
1.589050499458140386e+01 -1.292237935234624269e+00 6.650100732025644445e-01
1.589130317907781453e+01 -1.292008012222260360e+00 6.607476560437099966e-01
1.589198668102702960e+01 -1.291579658502266748e+00 6.564745456495795217e-01
1.589250186976694401e+01 -1.290964156962187692e+00 6.521937821486594178e-01
1.589284751302379561e+01 -1.290166977208315968e+00 6.479086755133641740e-01
1.589300842760732024e+01 -1.289192167970810488e+00 6.436239269713538436e-01
1.589300327105899768e+01 -1.288050837331691012e+00 6.393404411129329779e-01
1.589271146013647495e+01 -1.286700942568850037e+00 6.350605753639899653e-01
1.589232889874593369e+01 -1.285119206266349901e+00 6.307745490611951222e-01
1.589162893979345270e+01 -1.283348773570649692e+00 6.264861272813971871e-01
1.589066386168313727e+01 -1.281376557842434760e+00 6.222037350277953571e-01
1.588934662481172566e+01 -1.279203218131452768e+00 6.179251963712202311e-01
1.588775225584054240e+01 -1.276814007827843378e+00 6.136546225417440770e-01
1.588584663610588343e+01 -1.274205527452467068e+00 6.093855239078328490e-01
1.588359560329402598e+01 -1.271378878184246775e+00 6.051144295969302922e-01
1.588103459268092266e+01 -1.268325616241986697e+00 6.008524166611413087e-01
1.587809841164801661e+01 -1.265002791332817011e+00 5.965824103543120316e-01
1.587482081860422767e+01 -1.261399697211206039e+00 5.923063116163543862e-01
1.587115529107915712e+01 -1.257554970354826329e+00 5.880422749141528405e-01
1.586713802869702228e+01 -1.253473896278769040e+00 5.837802965165795888e-01
1.586269761997876593e+01 -1.249157710398226317e+00 5.795244953942476629e-01
1.585783612363436923e+01 -1.244602518577421213e+00 5.752789922996655037e-01
1.585255667957135373e+01 -1.239809875025814856e+00 5.710371920973920101e-01
1.584691114359284114e+01 -1.234778370769607614e+00 5.668081349122575663e-01
1.584078240125923465e+01 -1.229510306347566306e+00 5.625947278211196334e-01
1.583424714451495419e+01 -1.223958953746783207e+00 5.583777823178885935e-01
1.582722123600204611e+01 -1.218127656851152540e+00 5.541753355642958789e-01
1.581978063085080599e+01 -1.212061651070042601e+00 5.499823460119190877e-01
1.581180878234571452e+01 -1.205768385631862838e+00 5.458058733904038728e-01
1.580339409644471971e+01 -1.199239044754864647e+00 5.416449685896883581e-01
1.579445565169451093e+01 -1.192486472435984490e+00 5.374969313389559300e-01
1.578502159201900845e+01 -1.185512814844064788e+00 5.333695056028642245e-01
1.577500522861475751e+01 -1.178313948671806832e+00 5.292569189774913863e-01
1.576452685956718902e+01 -1.170903298771806211e+00 5.251604837730651232e-01
1.575349843540350214e+01 -1.163240142079233763e+00 5.210883962502296241e-01
1.574194346682782530e+01 -1.155343214776820338e+00 5.170322387647259266e-01
1.572983747476468963e+01 -1.147255968881808474e+00 5.130063861811841042e-01
1.571729361887208931e+01 -1.138990359138977837e+00 5.090120302095624272e-01
1.570423026658031418e+01 -1.130558322727765797e+00 5.050472350236581143e-01
1.569067088087365391e+01 -1.121962492290212943e+00 5.011115377037589358e-01
1.567664471251417702e+01 -1.113211350292785617e+00 4.972101510612749742e-01
1.566206208940677413e+01 -1.104314093228657478e+00 4.933382671087454541e-01
1.564704556958720261e+01 -1.095272669086791772e+00 4.895016513160934113e-01
1.563138774503732620e+01 -1.086038902794036698e+00 4.856979430373660755e-01
1.561521166924804582e+01 -1.076653161326265318e+00 4.819244271685739212e-01
1.559846654277262168e+01 -1.067156284729045890e+00 4.781911147972833231e-01
1.558121536860831036e+01 -1.057556240658634517e+00 4.744922986071143378e-01
1.556352107167923471e+01 -1.047867014519930029e+00 4.708300172819170903e-01
1.554530543653600105e+01 -1.038099876039279668e+00 4.672090184680647296e-01
1.552661020932799829e+01 -1.028265458938899535e+00 4.636291458265918153e-01
1.550744192590194359e+01 -1.018378337172044956e+00 4.600882731351123023e-01
1.548787486594932261e+01 -1.008443182645724967e+00 4.565880825543930932e-01
1.546760650555133410e+01 -9.984059037353146815e-01 4.531372470142746578e-01
1.544677739751448087e+01 -9.882924958103005419e-01 4.497299180274248465e-01
1.542538478656125633e+01 -9.781261524004583041e-01 4.463645585098170443e-01
1.540342531564524720e+01 -9.679072820026535240e-01 4.430501468603064708e-01
1.538082727491010360e+01 -9.576257202198287244e-01 4.397820134615495480e-01
1.535756647773413164e+01 -9.472834654219512984e-01 4.365650159931849239e-01
1.533367029183530583e+01 -9.368846527206641239e-01 4.333975690023146310e-01
1.530910176301843784e+01 -9.264229486619205423e-01 4.302843710065323291e-01
1.528393397717266389e+01 -9.159107947108162673e-01 4.272261147576638662e-01
1.525789898855752647e+01 -9.052787927254295486e-01 4.242267368430370222e-01
1.523120497755995650e+01 -8.945881190483017109e-01 4.212916239090683246e-01
1.520387381873157118e+01 -8.838468129914007765e-01 4.184113025645584405e-01
1.517579701657261460e+01 -8.730580940731158535e-01 4.155946949087908071e-01
1.514704124146382647e+01 -8.622180375514880701e-01 4.128371922593098708e-01
1.511763607911337814e+01 -8.513331264576169399e-01 4.101390117071642694e-01
1.508750893120349801e+01 -8.404063728584580950e-01 4.075054826172767042e-01
1.505665194363782255e+01 -8.294276776576691157e-01 4.049289766159672732e-01
1.502509159724294108e+01 -8.184097464027165758e-01 4.024169323988761593e-01
1.499266048994259393e+01 -8.072969381237150577e-01 3.999805348805534067e-01
1.495945817010914780e+01 -7.961463973919450376e-01 3.976065045116650709e-01
1.492554053743255693e+01 -7.849673661349966247e-01 3.952958860399922170e-01
1.489093375671725283e+01 -7.737555442681655071e-01 3.930441281443924351e-01
1.485562346276375045e+01 -7.625227199700126413e-01 3.908588224017021107e-01
1.481963396700137281e+01 -7.512699279672268027e-01 3.887359414603747121e-01
1.478303335188657641e+01 -7.400045767903333793e-01 3.866754376271054339e-01
1.474571665824812250e+01 -7.287294267920690904e-01 3.846829382259248642e-01
1.470780609301946562e+01 -7.174404759012296129e-01 3.827465558419709812e-01
1.466897258565025730e+01 -7.061113292891202375e-01 3.808927710537023392e-01
1.462944900824839856e+01 -6.947864331082220790e-01 3.790963023292190925e-01
1.458932752308132663e+01 -6.834646980048342257e-01 3.773613546120240803e-01
1.454856709257252767e+01 -6.721519575042472772e-01 3.756900945565299077e-01
1.450723416486233219e+01 -6.608616975982907205e-01 3.740780438639897398e-01
1.446530525912606890e+01 -6.495948854223283497e-01 3.725207314917827195e-01
1.442283785848981381e+01 -6.383517167577432705e-01 3.710194608730809085e-01
1.437985767077654309e+01 -6.271480358569647695e-01 3.695796993155225918e-01
1.433643845638209413e+01 -6.159872911115904515e-01 3.681921243912766317e-01
1.429229953584898993e+01 -6.048481987284972661e-01 3.668795618730066876e-01
1.424771476468710141e+01 -5.937657798755083816e-01 3.656193407906457860e-01
1.420275835528748942e+01 -5.827460415659125870e-01 3.644119606173340520e-01
1.415738924149619393e+01 -5.717916709934919295e-01 3.632497363702150706e-01
1.411167385234748473e+01 -5.609029339692619409e-01 3.621381778306484445e-01
1.406563630169169166e+01 -5.500908631633202317e-01 3.610728142564194054e-01
1.401931855113354075e+01 -5.393597818241426811e-01 3.600451469612201971e-01
1.397264474757139752e+01 -5.287124859268255150e-01 3.590574398260149569e-01
1.392578909508279494e+01 -5.181538942269534598e-01 3.581101084154512115e-01
1.387834796722302855e+01 -5.076804247402720849e-01 3.572224481853574773e-01
1.383071700646536151e+01 -4.973069700892954748e-01 3.563800809690327864e-01
1.378275038425532273e+01 -4.870355719867041633e-01 3.555781644781967898e-01
1.373445547614240425e+01 -4.768734467295222546e-01 3.548198210283962650e-01
1.368583550222842860e+01 -4.668162482244707645e-01 3.541077687749059622e-01
1.363691318384148410e+01 -4.568780596677153305e-01 3.534466871463797788e-01
1.358768271760870405e+01 -4.470514679374180678e-01 3.528266462019667982e-01
1.353808473957808189e+01 -4.373478585183527834e-01 3.522578693956863183e-01
1.348811562286276278e+01 -4.277619905676317003e-01 3.517483355207762230e-01
1.343767694460149897e+01 -4.183154966066729430e-01 3.512992197965931207e-01
1.338682735972813731e+01 -4.089950887132548507e-01 3.509061568375188567e-01
1.333570939033548264e+01 -3.998078178234383828e-01 3.505691702493926032e-01
1.328420346687825671e+01 -3.907611679020092654e-01 3.502813959124208010e-01
1.323234151562980720e+01 -3.818496860520660952e-01 3.500444134088473436e-01
1.318009897477434578e+01 -3.730730476698397857e-01 3.498624827196186726e-01
1.312751067222281165e+01 -3.644417021175619387e-01 3.497276859636634927e-01
1.307451573981154525e+01 -3.559497766423125875e-01 3.496468478848457351e-01
1.302109977998177648e+01 -3.476086926781420394e-01 3.496198864501062764e-01
1.296722294948507681e+01 -3.394285674558593646e-01 3.496666278849375198e-01
1.291304251765523503e+01 -3.314002441479447780e-01 3.497625771170441711e-01
1.285857952747976896e+01 -3.235256517172080404e-01 3.499123819677674163e-01
1.280381513426484297e+01 -3.158029930904008298e-01 3.501096983396446705e-01
1.274883630202400830e+01 -3.082412468806647876e-01 3.503546054986976799e-01
1.269361823426037716e+01 -3.008343240097374194e-01 3.506471870442236516e-01
1.263819612226451028e+01 -2.935871377609750588e-01 3.509875307800738864e-01
1.258257605025304571e+01 -2.865037413380661646e-01 3.513757285845843792e-01
1.252668598784199538e+01 -2.795804709188509096e-01 3.518182462602941207e-01
1.247051403730355190e+01 -2.728428190253764374e-01 3.523164073934363372e-01
1.241416047370745446e+01 -2.662660729283864991e-01 3.528555289336132716e-01
1.235762773215496146e+01 -2.598495556528990225e-01 3.534374471869892176e-01
1.230095453029660924e+01 -2.535889165262331102e-01 3.540566779498917627e-01
1.224415992525431207e+01 -2.474901174317112595e-01 3.547156018057446847e-01
1.218726598568006025e+01 -2.415480841232506282e-01 3.554049416948166784e-01
1.213030839693887053e+01 -2.357577637279283100e-01 3.561248172857733874e-01
1.207329258486543289e+01 -2.301279063064327890e-01 3.568822418631293347e-01
1.201622084557615366e+01 -2.246580548767328767e-01 3.576717474462611790e-01
1.195897757794485194e+01 -2.193716141182092128e-01 3.585056042848286384e-01
1.190178321345421075e+01 -2.142367372165320250e-01 3.593665868244729777e-01
1.184461285306843337e+01 -2.092456888988693531e-01 3.602433493031060308e-01
1.178747781986231935e+01 -2.043981079884556462e-01 3.611423287446122732e-01
1.173040793094153500e+01 -1.996921426098998420e-01 3.620547549231551976e-01
1.167337830787593411e+01 -1.951195669118951370e-01 3.629820602529157392e-01
1.161642525432567297e+01 -1.906831346574638930e-01 3.639258813520131475e-01
1.155962315195895229e+01 -1.863780076081419101e-01 3.648764364295621343e-01
1.150285217811305216e+01 -1.822158604892705758e-01 3.658329791706265155e-01
1.144629156547639148e+01 -1.782170259013881874e-01 3.668150997272940361e-01
1.138987969073548179e+01 -1.743572566265296775e-01 3.678000164344790712e-01
1.133362868204608276e+01 -1.706420409422994278e-01 3.687941559370190303e-01
1.127761860099309743e+01 -1.670732080580395185e-01 3.697963015899660699e-01
1.122184976914303256e+01 -1.636553878063768397e-01 3.708028212159124037e-01
1.116626977538658316e+01 -1.603933674105295082e-01 3.718157687679206624e-01
1.111085813814020717e+01 -1.572951453843108860e-01 3.728374046406939812e-01
1.105566936642069464e+01 -1.543552151189553356e-01 3.738672198697944871e-01
1.100065083714398106e+01 -1.516124448190598883e-01 3.749070911903916725e-01
1.094578202589721982e+01 -1.490682548832640564e-01 3.759669768806174761e-01
1.089118398619455341e+01 -1.467016902057200478e-01 3.770325377485045926e-01
1.083677098609664746e+01 -1.445072943188311920e-01 3.781003387402862570e-01
1.078259767240499656e+01 -1.424894676736647159e-01 3.791739620170302416e-01
1.072867302143195545e+01 -1.406432138100527363e-01 3.802569893968167358e-01
1.067500652528284988e+01 -1.389796650151100266e-01 3.813421981470396793e-01
1.062159058967387359e+01 -1.374957928299442300e-01 3.824320228818119394e-01
1.056845141269093880e+01 -1.361845833605644374e-01 3.835258360493672414e-01
1.051556014178366993e+01 -1.350938270625364201e-01 3.846322292914404750e-01
1.046296075227379774e+01 -1.342061539605488296e-01 3.857444516463895967e-01
1.041063747866949996e+01 -1.334969716265027306e-01 3.868581456398602625e-01
1.035861560456373098e+01 -1.329621976975924602e-01 3.879699280816359952e-01
1.030685086339675927e+01 -1.326053609305773429e-01 3.890833735423590012e-01
1.025534531573027763e+01 -1.324237480575642945e-01 3.901974266137578362e-01
1.020420862277972951e+01 -1.324153230505848988e-01 3.913111952855529152e-01
1.015334343618754609e+01 -1.325707522130853966e-01 3.924219571580639387e-01
1.010279214843793305e+01 -1.328946882547491770e-01 3.935304804026060199e-01
1.005265073534306453e+01 -1.334208109980238588e-01 3.946381785529785025e-01
1.000287762639757361e+01 -1.341277392824810899e-01 3.957450230603994923e-01
9.953460525254076430e+00 -1.349943449586264166e-01 3.968468461822078908e-01
9.904463313491058685e+00 -1.360118204714320378e-01 3.979394521896658099e-01
9.855781449445819575e+00 -1.371735440409884155e-01 3.990269710287171478e-01
9.807511736792260848e+00 -1.384772414959179465e-01 4.001066197921807066e-01
9.759632207384077773e+00 -1.399185869446798458e-01 4.011742047134073119e-01
9.712091201747123037e+00 -1.414924395509809529e-01 4.022352560130487142e-01
9.664944314120246460e+00 -1.431936763942835422e-01 4.032772557538106817e-01
9.618294065679990013e+00 -1.450633983828475970e-01 4.043175623126744056e-01
9.572006216438442294e+00 -1.470671931564402346e-01 4.053421394050002458e-01
9.526114389639097624e+00 -1.491794307457343649e-01 4.063525565124018746e-01
9.480643584200267426e+00 -1.513929557471062892e-01 4.073461843682573136e-01
9.435589564394559758e+00 -1.537012113215438791e-01 4.083223587194751425e-01
9.390913353699366084e+00 -1.560973999511278409e-01 4.092807282070251018e-01
9.346583999230917428e+00 -1.585746565096094740e-01 4.102229293640283769e-01
9.302721632527621409e+00 -1.611233355259154565e-01 4.111402849233931622e-01
9.259191964146793907e+00 -1.637363687269264567e-01 4.120427423773960762e-01
9.216169513734469021e+00 -1.664555617363034368e-01 4.129220162425860097e-01
9.173642138095516430e+00 -1.692460984220806042e-01 4.137731725189469079e-01
9.131454200656333953e+00 -1.720972547353676885e-01 4.146076549880783890e-01
9.089747754121379586e+00 -1.750116629856304507e-01 4.154117578588228943e-01
9.048477920544934605e+00 -1.779915677264427287e-01 4.161949357919709214e-01
9.007661490483116040e+00 -1.810391076418937373e-01 4.169510797755693887e-01
8.967345920339958809e+00 -1.841563785114075369e-01 4.176751062547656157e-01
8.927471857693880963e+00 -1.873450554335526486e-01 4.183705042031844457e-01
8.888087568641353187e+00 -1.906068212558632846e-01 4.190334588826303830e-01
8.849231473867147812e+00 -1.939926570245958104e-01 4.196642517778115811e-01
8.811004360248887224e+00 -1.974614712333871980e-01 4.202659698951617395e-01
8.773234804890430283e+00 -2.010026841670204401e-01 4.208324178617890987e-01
8.735997566238712153e+00 -2.046157336670603732e-01 4.213635331077411617e-01
8.699286863865072661e+00 -2.082993878081056960e-01 4.218646396501167239e-01
8.663124955114636094e+00 -2.120529357966792205e-01 4.223292686295729292e-01
8.627515209124284823e+00 -2.158748485530740113e-01 4.227623334922769871e-01
8.592529915748709612e+00 -2.197648702404457199e-01 4.231576263168160268e-01
8.558049079823366156e+00 -2.237212772591442023e-01 4.235208111315192370e-01
8.524247965472795840e+00 -2.277883854642649142e-01 4.238443022896726808e-01
8.491047834574246167e+00 -2.319222154340269959e-01 4.241331731473039768e-01
8.458384709385347477e+00 -2.361177108324240548e-01 4.243837739218611071e-01
8.426302871273025019e+00 -2.403726450050161223e-01 4.245995231227703282e-01
8.394743495814568135e+00 -2.446856103678475003e-01 4.247756572579431400e-01
8.363782837276492188e+00 -2.490534152958067682e-01 4.249154169809676862e-01
8.333339613202422669e+00 -2.534727424267116946e-01 4.250190443713746102e-01
8.303422557836361406e+00 -2.579417019864880256e-01 4.250832563350865900e-01
8.274033106052741005e+00 -2.624558450628339257e-01 4.251188601474022444e-01
8.245410376537400055e+00 -2.670533237578809338e-01 4.251062306643301203e-01
8.217345312035487126e+00 -2.716896797979285738e-01 4.250551258814713740e-01
8.189762079871856670e+00 -2.763598099633898242e-01 4.249690471831526484e-01
8.162703349216684501e+00 -2.810604957083291944e-01 4.248480495851055805e-01
8.136187219596335396e+00 -2.857924813668982211e-01 4.246897202253298587e-01
8.110190047333770025e+00 -2.905450577059605632e-01 4.244974180895457749e-01
8.084647438067150915e+00 -2.953193790983386080e-01 4.242686864075888020e-01
8.059602608260606260e+00 -3.001131236688984738e-01 4.240035916952978323e-01
8.034992677555653273e+00 -3.049233773017541171e-01 4.236974998487477162e-01
8.011031720393424038e+00 -3.097684585784555855e-01 4.233588424932465122e-01
7.987540831158311150e+00 -3.146203842020872110e-01 4.229847426379936826e-01
7.964520011313647174e+00 -3.194669681730279986e-01 4.225785272153456673e-01
7.941882758514206664e+00 -3.243061382222718891e-01 4.221401447772279991e-01
7.919636451405716926e+00 -3.291344434876667946e-01 4.216713978504466609e-01
7.897811602026112432e+00 -3.339450163317251308e-01 4.211804847945371799e-01
7.876389689195391952e+00 -3.387378117412233047e-01 4.206589743695915984e-01
7.855283488726493957e+00 -3.435006120731111112e-01 4.201171219763883968e-01
7.834495261713358083e+00 -3.482390665246103412e-01 4.195463810852410602e-01
7.814241089987214117e+00 -3.529614220998361640e-01 4.189371332822734439e-01
7.794340295602334656e+00 -3.576514705068410960e-01 4.183031807959097237e-01
7.774729477160472690e+00 -3.622979507951152867e-01 4.176473274636350874e-01
7.755452833984828764e+00 -3.669047036048945776e-01 4.169572622590979050e-01
7.736534265798118426e+00 -3.714711026708985564e-01 4.162379175302954870e-01
7.717986405239890324e+00 -3.759925485182367133e-01 4.154947862601752750e-01
7.699799959848966147e+00 -3.804677273933356196e-01 4.147166739036485250e-01
7.681953327868598969e+00 -3.849005479715221223e-01 4.139046640816277933e-01
7.664569851441066284e+00 -3.892865892887930057e-01 4.130591420628202948e-01
7.647707074682660533e+00 -3.936316864491526402e-01 4.121716457090887076e-01
7.631214486294698673e+00 -3.979240160591238640e-01 4.112472559050830423e-01
7.615102284646082076e+00 -4.021596741503882244e-01 4.102912172452533035e-01
7.599380703254215774e+00 -4.063422987034791545e-01 4.092977277484007304e-01
7.584016793361996633e+00 -4.104669705192519613e-01 4.082674151736750967e-01
7.569076221870799870e+00 -4.145343618794595231e-01 4.071957494570759284e-01
7.554528386048754207e+00 -4.185391487455517590e-01 4.060913819229202693e-01
7.540321516391870205e+00 -4.224856917945799539e-01 4.049475065184054978e-01
7.526588847817459182e+00 -4.263624894473614368e-01 4.037640813133467899e-01
7.513288657761419742e+00 -4.301826489223770089e-01 4.025365186955778274e-01
7.500432781681922734e+00 -4.339307579140098126e-01 4.012758107415747011e-01
7.487959622876656063e+00 -4.376146279086807755e-01 3.999798398617518957e-01
7.475844205985592517e+00 -4.412277544968215559e-01 3.986463731564074409e-01
7.464085422546229864e+00 -4.447683894426946449e-01 3.972815454539627145e-01
7.452688830172339074e+00 -4.482361005662977571e-01 3.958807320171075506e-01
7.441626204808269307e+00 -4.516357696159828961e-01 3.944527233505126795e-01
7.430908146588458330e+00 -4.549602844091487630e-01 3.929904447979534199e-01
7.420603875548319905e+00 -4.582035088869996775e-01 3.914855747065029146e-01
7.410759305631532179e+00 -4.613700866870933948e-01 3.899491620273599080e-01
7.401148237808416575e+00 -4.644589050429417942e-01 3.883777068299641422e-01
7.391896589072024071e+00 -4.674720538897566002e-01 3.867761494655407861e-01
7.382915813585572806e+00 -4.704045875820042633e-01 3.851459477089717032e-01
7.374206146973143916e+00 -4.732635017066975647e-01 3.834941935040778183e-01
7.365772147678676163e+00 -4.760393212395299112e-01 3.818115188100243418e-01
7.357586332340410706e+00 -4.787408632387289975e-01 3.801068585325756422e-01
7.349590109604994481e+00 -4.813606608280132093e-01 3.783798086163068231e-01
7.341985323759783633e+00 -4.839035880967257341e-01 3.766230223005531119e-01
7.334601433870026277e+00 -4.863523525274599524e-01 3.748355419691793422e-01
7.327468754810214868e+00 -4.887256616489333294e-01 3.730342377533650278e-01
7.320484579240577716e+00 -4.910253033055721472e-01 3.712168151929778337e-01
7.313722287129082567e+00 -4.932464366901576081e-01 3.693812158371312382e-01
7.307102739117594226e+00 -4.953912558989514436e-01 3.675334003392450311e-01
7.300598108896604543e+00 -4.974615447864179640e-01 3.656738996827238464e-01
7.294256831488144854e+00 -4.994589725442883377e-01 3.638032425487817689e-01
7.287949863426871566e+00 -5.013878866890741914e-01 3.619219554180193033e-01
7.281861845222259433e+00 -5.032317547671291136e-01 3.600316597295712406e-01
7.275864824923755414e+00 -5.049949393773310868e-01 3.581194072363557690e-01
7.269910157351898938e+00 -5.066832269982345371e-01 3.562096253665186785e-01
7.264026279450866319e+00 -5.082929554660559068e-01 3.542891268808765481e-01
7.258241623455953473e+00 -5.098262386090091081e-01 3.523620976948325656e-01
7.252493516258192940e+00 -5.112752994235906234e-01 3.504265213893780762e-01
7.246773503783671799e+00 -5.126376244151514827e-01 3.484857669454294316e-01
7.241147049483610765e+00 -5.139128733745373934e-01 3.465353017574504535e-01
7.235572049843105091e+00 -5.151014099017265924e-01 3.445843331722748815e-01
7.230115505859901148e+00 -5.161814894426440814e-01 3.426132555619810227e-01
7.224783029663442768e+00 -5.171491548085428436e-01 3.406347606944510331e-01
7.219475810602475008e+00 -5.180164337561643517e-01 3.386468042060615802e-01
7.214222202009080931e+00 -5.187888780125726740e-01 3.366543365253450992e-01
7.209012727838000067e+00 -5.194586633134541387e-01 3.346553331913680318e-01
7.203776471519717006e+00 -5.200256211160732001e-01 3.326431559857302989e-01
7.198605854256596714e+00 -5.204842564590357323e-01 3.306221912311900768e-01
7.193476561322193596e+00 -5.208416126875714536e-01 3.285977072787447106e-01
7.188360560312129444e+00 -5.210977936075418260e-01 3.265676786002914556e-01
7.183332212883271950e+00 -5.212262503352376175e-01 3.245239312831611489e-01
7.178314661192763957e+00 -5.212367623695679519e-01 3.224667546114029504e-01
7.173304162240312642e+00 -5.211390323859924623e-01 3.204023095111576680e-01
7.168298819288255963e+00 -5.209373970197817005e-01 3.183393953749377170e-01
7.163265949778753416e+00 -5.206323383114187520e-01 3.162699039518704347e-01
7.158280404067141944e+00 -5.202229112020274604e-01 3.141918117521020348e-01
7.153249390053493251e+00 -5.197079050275841272e-01 3.121141030114541470e-01
7.148220039521279823e+00 -5.190943452319602969e-01 3.100292622900953643e-01
7.143132197467354061e+00 -5.183749188891850768e-01 3.079369224336607203e-01
7.138089625783314851e+00 -5.175323449158477640e-01 3.058467088466170769e-01
7.133010344871538955e+00 -5.165770527330373341e-01 3.037399088249951307e-01
7.127849491160835882e+00 -5.155247576807876486e-01 3.016396626934196301e-01
7.122703578945726477e+00 -5.143766052684602963e-01 2.995408881451998018e-01
7.117522552707624683e+00 -5.131346670549564726e-01 2.974394429114099458e-01
7.112230408655061176e+00 -5.118083239984702049e-01 2.953432378646606016e-01
7.106910607725025031e+00 -5.103961893764757951e-01 2.932546236905875237e-01
7.101562325288119482e+00 -5.088988964502673129e-01 2.911651970272515766e-01
7.096114098439272766e+00 -5.073278229629636371e-01 2.890774771291378387e-01
7.090668158421443934e+00 -5.056439264784754473e-01 2.870024070152832341e-01
7.085090859354187920e+00 -5.038777631494669729e-01 2.849211765862069146e-01
7.079478072325569471e+00 -5.020429859118695770e-01 2.828556914011620127e-01
7.073794942070047220e+00 -5.001437050881206714e-01 2.808008268776216454e-01
7.067989284196967148e+00 -4.981800648936289821e-01 2.787486176980094044e-01
7.062140018715115097e+00 -4.961510210386871900e-01 2.767066448045915061e-01
7.056162269490902084e+00 -4.940718961303769419e-01 2.746759021560556957e-01
7.050143128123667502e+00 -4.919472555677175118e-01 2.726638307597351041e-01
7.044017170282574902e+00 -4.897712406410157926e-01 2.706591542508163251e-01
7.037775645805916191e+00 -4.875307129886833901e-01 2.686630108746201895e-01
7.031429511614011751e+00 -4.852464251897141145e-01 2.666902564072681781e-01
7.024947755103076119e+00 -4.829249021965279498e-01 2.647262972267083181e-01
7.018417725983575828e+00 -4.805660926664799271e-01 2.627786036866457398e-01
7.011738881598355455e+00 -4.781644858952341370e-01 2.608466191515949051e-01
7.004924163711932827e+00 -4.757215361408066445e-01 2.589325112124104544e-01
6.997950402230084244e+00 -4.732279354812219951e-01 2.570366464845287302e-01
6.990800075166402117e+00 -4.706896554151142054e-01 2.551531683118750116e-01
6.983518741574289201e+00 -4.681008756616254485e-01 2.532869785062699108e-01
6.976021991906636188e+00 -4.654315626194679978e-01 2.514373892900720886e-01
6.968355869062606622e+00 -4.627095787176507824e-01 2.496109716851781790e-01
6.960545441968692515e+00 -4.599401621123254680e-01 2.478029703713375831e-01
6.952507049242613313e+00 -4.571162084039855911e-01 2.460107559549482015e-01
6.944313561778312049e+00 -4.542439736522550509e-01 2.442395305449548693e-01
6.935932009817342703e+00 -4.513248042926233383e-01 2.424867566602984525e-01
6.927350857734975165e+00 -4.483550233331846102e-01 2.407599376417262071e-01
6.918522418763914494e+00 -4.453375181495319857e-01 2.390534424485646070e-01
6.909540075452865082e+00 -4.422637261834343470e-01 2.373623330694584754e-01
6.900317554655011953e+00 -4.391125702283308341e-01 2.357014666834447991e-01
6.890888006487797313e+00 -4.359147602706323066e-01 2.340545212135432263e-01
6.881197515613068916e+00 -4.326727010292998332e-01 2.324339200869906252e-01
6.871298292233951166e+00 -4.293793674526206749e-01 2.308372609896951755e-01
6.861226120310647936e+00 -4.260409798096733702e-01 2.292621447770879783e-01
6.850950526684098207e+00 -4.226587919042125163e-01 2.277111388066477282e-01
6.840432652318897411e+00 -4.192406842018623347e-01 2.261801840075898518e-01
6.829658580040031346e+00 -4.157762838374222114e-01 2.246702210722686111e-01
6.818719774623178687e+00 -4.122782237428246899e-01 2.231814815100949811e-01
6.807514672987370119e+00 -4.087125068186525101e-01 2.217237275657271411e-01
6.796110287064312416e+00 -4.051150781596700168e-01 2.202913745658576228e-01
6.784500247056509892e+00 -4.014919588819937379e-01 2.188820466976234280e-01
6.772671323087992690e+00 -3.978330083889948798e-01 2.174933716542573336e-01
6.760657769884265811e+00 -3.941543482478007121e-01 2.161271704511435743e-01
6.748479552211552601e+00 -3.904520119171391856e-01 2.147859802134148011e-01
6.736079036699997857e+00 -3.867258362260008742e-01 2.134674394200675729e-01
6.723543850974908587e+00 -3.829852532188817715e-01 2.121758755657524864e-01
6.710782444107207034e+00 -3.792189336500477181e-01 2.109044459265947968e-01
6.697732263627218074e+00 -3.754264591508701954e-01 2.096612329207844239e-01
6.684560470745087635e+00 -3.716142930600262462e-01 2.084347656235845392e-01
6.671259758963378417e+00 -3.677959660274902065e-01 2.072347959874733525e-01
6.657749388478718444e+00 -3.639742530120725905e-01 2.060558938057513723e-01
6.644076024699528737e+00 -3.601496697727475937e-01 2.049014000144326053e-01
6.630304171008404523e+00 -3.563284085324282535e-01 2.037639037408389142e-01
6.616412093000026751e+00 -3.525166624787008929e-01 2.026488895734991913e-01
6.602350703729572778e+00 -3.487138824202428156e-01 2.015536514267479429e-01
6.588251626062912258e+00 -3.449206783832640122e-01 2.004822748773258390e-01
6.573951358543717483e+00 -3.411314229670427411e-01 1.994318124747966325e-01
6.559582593584910803e+00 -3.373612354394656121e-01 1.984066362030036945e-01
6.545126852962108721e+00 -3.336183236969403332e-01 1.973963654199282491e-01
6.530606984662644443e+00 -3.298958095856646122e-01 1.964095651570335332e-01
6.515938657450905502e+00 -3.261954312256975519e-01 1.954440694231831532e-01
6.501215614219471028e+00 -3.225198888993328072e-01 1.944986747027549756e-01
6.486316449147719432e+00 -3.188682859531153935e-01 1.935805207503300818e-01
6.471312727931461950e+00 -3.152436840596521961e-01 1.926814047311150302e-01
6.456151295319905614e+00 -3.116310051675719728e-01 1.918058022362788273e-01
6.440783757066963489e+00 -3.080414442160153699e-01 1.909663946884501140e-01
6.425313780599438473e+00 -3.044788030182188354e-01 1.901480332791556926e-01
6.409648768488588111e+00 -3.009389425181512312e-01 1.893525925050203729e-01
6.393879020193304008e+00 -2.974284859222188215e-01 1.885856407524479639e-01
6.377946723719968958e+00 -2.939517247810506384e-01 1.878463593170000556e-01
6.361849630079492890e+00 -2.905018396042586826e-01 1.871292563975142376e-01
6.345585462563138712e+00 -2.870780469874920637e-01 1.864378520787950688e-01
6.329220520753629842e+00 -2.836834669322229607e-01 1.857732636386048575e-01
6.312597203825900394e+00 -2.803265454649960797e-01 1.851369992364341188e-01
6.295817305270535513e+00 -2.769867966170002083e-01 1.845334011043086309e-01
6.278841688720761205e+00 -2.736854076815730119e-01 1.839557532635506254e-01
6.261679086998488408e+00 -2.704183693123740628e-01 1.834044197369928408e-01
6.244409316205506322e+00 -2.671852549865878501e-01 1.828786959632035247e-01
6.226953365196247425e+00 -2.639881615229873746e-01 1.823788958783087721e-01
6.209402143298699883e+00 -2.608296875305020079e-01 1.819047619823687123e-01
6.191692292286789190e+00 -2.577091907962639761e-01 1.814558981346265920e-01
6.173791250035877809e+00 -2.546298767184659306e-01 1.810329112683229102e-01
6.155819282582123186e+00 -2.515875330386392883e-01 1.806385531060147043e-01
6.137633355010446046e+00 -2.485916610457715170e-01 1.802756545709590930e-01
6.119390723898291640e+00 -2.456321181755154737e-01 1.799360440685413842e-01
6.100974864631382388e+00 -2.427164419878158896e-01 1.796196666914155748e-01
6.082482423491130774e+00 -2.398452680474373877e-01 1.793264894057483849e-01
6.063875590058581899e+00 -2.370183476180908189e-01 1.790559439538731978e-01
6.045165797826560272e+00 -2.342350557337624650e-01 1.788068814535730966e-01
6.026364539405228093e+00 -2.314963204504434657e-01 1.785789239854261023e-01
6.007509472903602266e+00 -2.288025006848453391e-01 1.783713179453195741e-01
5.988510568527128264e+00 -2.261517682959036935e-01 1.781878777371071754e-01
5.969433069765249122e+00 -2.235490894881568547e-01 1.780285830541647463e-01
5.950314929048889923e+00 -2.209988874004876480e-01 1.778868908527342363e-01
5.931153468973210607e+00 -2.184932936482675281e-01 1.777628897460096224e-01
5.911946005702203522e+00 -2.160344709073245550e-01 1.776545925320612840e-01
5.892735247459465420e+00 -2.136195642323221733e-01 1.775612568751746279e-01
5.873510307045507695e+00 -2.112511389069274548e-01 1.774821420268168914e-01
5.854231282188940177e+00 -2.089226665026071850e-01 1.774152680574744290e-01
5.834965825316228205e+00 -2.066487353024955842e-01 1.773607265183153314e-01
5.815701083239174451e+00 -2.044189788078791536e-01 1.773217531392953794e-01
5.796437557364848558e+00 -2.022350956990844051e-01 1.772968320416523913e-01
5.777197811251379100e+00 -2.001019775551028668e-01 1.772805023857963735e-01
5.757967921262969746e+00 -1.980154056357997794e-01 1.772720934754601352e-01
5.738769383352210873e+00 -1.959753889021658146e-01 1.772726256368042930e-01
5.719639291096730638e+00 -1.939881038006383007e-01 1.772826604804141892e-01
5.700561482419718828e+00 -1.920488765359711081e-01 1.773027710782809352e-01
5.681519798494993445e+00 -1.901691020609385663e-01 1.773327285469919745e-01
5.662569020958930111e+00 -1.883464584974498812e-01 1.773729912809711984e-01
5.643534587279344095e+00 -1.865851807167622223e-01 1.774292111032492181e-01
5.624606370212585027e+00 -1.848945044892495726e-01 1.774989082921200889e-01
5.605623593968770635e+00 -1.832612720122224481e-01 1.775797389888988664e-01
5.586748134690881606e+00 -1.816926698120605310e-01 1.776710456909698088e-01
5.567902873551664911e+00 -1.801827486126571232e-01 1.777732472957299636e-01
5.549071692864697702e+00 -1.787377663586890986e-01 1.778859765086419353e-01
5.530293366006954869e+00 -1.773585011628487085e-01 1.780094818786394362e-01
5.511524628962315653e+00 -1.760413038677441366e-01 1.781432589153410240e-01
5.492793191170108003e+00 -1.747896855977539854e-01 1.782875079499647575e-01
5.474085707590110594e+00 -1.736152854946069468e-01 1.784480180941222516e-01
5.455468764604437304e+00 -1.725165959717857578e-01 1.786216228846237986e-01
5.436860309980288797e+00 -1.714858635723180424e-01 1.788044755271198938e-01
5.418274805937444150e+00 -1.705233020816790679e-01 1.789973826575196880e-01
5.399756626305402207e+00 -1.696231535497625953e-01 1.791991789803569490e-01
5.381336894827696504e+00 -1.687917502591056440e-01 1.794103794865191670e-01
5.362932441538069916e+00 -1.680243395254640282e-01 1.796303566818766018e-01
5.344583929271238709e+00 -1.673265577405964599e-01 1.798584461254409128e-01
5.326329646464393441e+00 -1.666930550601322392e-01 1.800946929850557043e-01
5.308141347668445142e+00 -1.661349645411237808e-01 1.803444217469000743e-01
5.290010994320236470e+00 -1.656483699722097469e-01 1.806029536701200255e-01
5.271927008258756153e+00 -1.652294301270214871e-01 1.808673427638422260e-01
5.253904560223913833e+00 -1.648690417657602547e-01 1.811383769034604907e-01
5.235948157935135683e+00 -1.645684390516486406e-01 1.814145125743156228e-01
5.218085864890616321e+00 -1.643276750614639237e-01 1.816957593898171908e-01
5.200276089038100125e+00 -1.641442364916760877e-01 1.819814758285707990e-01
5.182626336847407700e+00 -1.640169065417781957e-01 1.822710121523683502e-01
5.164982370157158442e+00 -1.639444482256981472e-01 1.825636892275765699e-01
5.147509962154946273e+00 -1.639432406301318812e-01 1.828648202960347635e-01
5.130079618266675467e+00 -1.639977844763549630e-01 1.831683365252503859e-01
5.112802364950654876e+00 -1.641012633326221215e-01 1.834736446934071008e-01
5.095626558511144211e+00 -1.642515791842102668e-01 1.837801162950924161e-01
5.078555708733772711e+00 -1.644456924571856826e-01 1.840865981997217848e-01
5.061619802219965436e+00 -1.646816489418062579e-01 1.843925752077510416e-01
5.044775091314278370e+00 -1.649557482058973956e-01 1.846972461568922863e-01
5.028067229988501197e+00 -1.652664925045302657e-01 1.850002769357891874e-01
5.011459237130435618e+00 -1.656100550614895139e-01 1.853005060683691751e-01
4.994939749663767081e+00 -1.660060926835065509e-01 1.856014223695257592e-01
4.978622858432279585e+00 -1.664325079302746702e-01 1.858979986601766998e-01
4.962389644412689371e+00 -1.668829813914677607e-01 1.861903334821951306e-01
4.946328170808403257e+00 -1.673582775982304371e-01 1.864773358917602986e-01
4.930366552996638951e+00 -1.678604015926263293e-01 1.867587043030191352e-01
4.914540489778898902e+00 -1.683909765865706787e-01 1.870351127671336933e-01
4.898878831816015911e+00 -1.689512004919071775e-01 1.873052200824369129e-01
4.883368433403202147e+00 -1.695413899606464103e-01 1.875696493803397924e-01
4.867996176009858011e+00 -1.701634121489688789e-01 1.878278175181801457e-01
4.852780521211826681e+00 -1.708414522229787513e-01 1.880827032370112617e-01
4.837752858777452758e+00 -1.715542457703838064e-01 1.883305971998718575e-01
4.822848674302695926e+00 -1.723016944783353765e-01 1.885717402270543630e-01
4.808121357537060270e+00 -1.730841402965255516e-01 1.888050935059212565e-01
4.793557932033132296e+00 -1.739020258417552922e-01 1.890313821920475978e-01
4.779145450864630718e+00 -1.747555431291554773e-01 1.892497376574832080e-01
4.764870996940850922e+00 -1.756446498529755651e-01 1.894606206689904981e-01
4.750787801164786828e+00 -1.765687282126158497e-01 1.896636605798255604e-01
4.736908574170283437e+00 -1.775294176440434801e-01 1.898585130986616964e-01
4.723252082202084701e+00 -1.785491147916687948e-01 1.900468979397583469e-01
4.709715832760712040e+00 -1.796037031160910291e-01 1.902263143412216417e-01
4.696410214377821468e+00 -1.806934080738929194e-01 1.903976119955733126e-01
4.683290109000007639e+00 -1.818169768306456269e-01 1.905597480060985671e-01
4.670358562778601730e+00 -1.829739953093901805e-01 1.907123346117090834e-01
4.657553730225307831e+00 -1.841642013857541504e-01 1.908559823128343769e-01
4.644979737488008631e+00 -1.853875199670193819e-01 1.909905305815128296e-01
4.632555650243345369e+00 -1.866420274334812113e-01 1.911152571387691179e-01
4.620299890250795904e+00 -1.879293934196156479e-01 1.912305195625984555e-01
4.608265944492589306e+00 -1.892651883695694592e-01 1.913359611596260057e-01
4.596442924229672045e+00 -1.906283863493187236e-01 1.914312957743570798e-01
4.584748327306408910e+00 -1.920177517513305954e-01 1.915170712905979455e-01
4.573263356707104599e+00 -1.934320489861718062e-01 1.915922510585074401e-01
4.561931846933383383e+00 -1.948696187490192855e-01 1.916575579679486441e-01
4.550785887070626146e+00 -1.963292447259555873e-01 1.917125737026534327e-01
4.539791535869920125e+00 -1.978089121909180625e-01 1.917574666409341821e-01
4.528968416906280936e+00 -1.993074151000291117e-01 1.917914592800331330e-01
4.518313465437551635e+00 -2.008252048735745254e-01 1.918152023115453908e-01
4.507854165545753133e+00 -2.023738670868367728e-01 1.918274311224191786e-01
4.497529280844849708e+00 -2.039346414541771957e-01 1.918281692236487868e-01
4.487352871595563286e+00 -2.055057525845280231e-01 1.918184405229547973e-01
4.477342802760802876e+00 -2.070850003578973697e-01 1.917981529435101862e-01
4.467473500494720362e+00 -2.086704040300229601e-01 1.917678582867953230e-01
4.457729610475287707e+00 -2.102592629935206014e-01 1.917275935383613850e-01
4.448118886954683049e+00 -2.118497175091658968e-01 1.916769131602728826e-01
4.438660622314791304e+00 -2.134395068985766031e-01 1.916167266001630176e-01
4.429356083363430230e+00 -2.150291056937411460e-01 1.915464738492310415e-01
4.420150548713433380e+00 -2.166238900233053988e-01 1.914643486102295400e-01
4.411061389068839489e+00 -2.182089033889054452e-01 1.913733066491640766e-01
4.402105514842761913e+00 -2.197825013791359083e-01 1.912727710974961859e-01
4.393274832395315244e+00 -2.213437059541266683e-01 1.911623859652386292e-01
4.384501602223289218e+00 -2.228930334003668967e-01 1.910416495020488548e-01
4.375833524365241978e+00 -2.244298808407431123e-01 1.909099401444583899e-01
4.367331028747822863e+00 -2.259542424997265375e-01 1.907674558778686136e-01
4.358888320295621455e+00 -2.274664995313961102e-01 1.906133172801956488e-01
4.350634229302292155e+00 -2.289682065960687296e-01 1.904460339069397323e-01
4.342539100616572334e+00 -2.304651586217042469e-01 1.902632255934133265e-01
4.334569948046128829e+00 -2.319482594731423208e-01 1.900683032831658181e-01
4.326771529134538774e+00 -2.334164390541205725e-01 1.898596291425790616e-01
4.319080786613854528e+00 -2.348697021630307691e-01 1.896377148042020788e-01
4.311498161173822119e+00 -2.363078563178249158e-01 1.894021358585369907e-01
4.304076509615067714e+00 -2.377307335573975999e-01 1.891528520521018331e-01
4.296794117006223601e+00 -2.391376945692336442e-01 1.888895961650127187e-01
4.289621274413184970e+00 -2.405287876237527100e-01 1.886115538216401877e-01
4.282657334453382703e+00 -2.419056373014137618e-01 1.883184332780746262e-01
4.275794473394313400e+00 -2.432697533620387931e-01 1.880075374511743225e-01
4.269165475189582892e+00 -2.446154473273252916e-01 1.876824719392834739e-01
4.262613311917585079e+00 -2.459420676762532898e-01 1.873421557288897643e-01
4.256228011192519922e+00 -2.472496877426663131e-01 1.869869008029995117e-01
4.249955592226091206e+00 -2.485374037519026136e-01 1.866167345695006752e-01
4.243796666814282581e+00 -2.498047600984859562e-01 1.862312325330926222e-01
4.237813161305866494e+00 -2.510516229545202704e-01 1.858308706855469894e-01
4.231896103715649282e+00 -2.522763391788755971e-01 1.854163108645547342e-01
4.226184987443764030e+00 -2.534814184113256541e-01 1.849852055789783789e-01
4.220564976177518801e+00 -2.546697436766002798e-01 1.845382219796234402e-01
4.215132372454674758e+00 -2.558295639324226767e-01 1.840772930714718314e-01
4.209817245103614880e+00 -2.569665147879988676e-01 1.836034618894225867e-01
4.204583380377472146e+00 -2.580798114901083906e-01 1.831173676599284761e-01
4.199468002094770114e+00 -2.591709693762319078e-01 1.826191352419835601e-01
4.194456072064872920e+00 -2.602305739533311013e-01 1.821088999614408066e-01
4.189535512019617158e+00 -2.612690991159261622e-01 1.815866620652614449e-01
4.184736124780084943e+00 -2.622796914762390297e-01 1.810531664050638589e-01
4.180014056455481963e+00 -2.632624872877259437e-01 1.805064441536449460e-01
4.175443303522531124e+00 -2.642205080944027840e-01 1.799457221068977708e-01
4.170975215852990914e+00 -2.651501908590713219e-01 1.793750520452024044e-01
4.166540557153710189e+00 -2.660528861849431603e-01 1.787951683005756798e-01
4.162140149168147119e+00 -2.669266868226203848e-01 1.782064273987355729e-01
4.157820652636933012e+00 -2.677712710179226963e-01 1.776090241449272411e-01
4.153573853781201919e+00 -2.685863858056747877e-01 1.770042261933642835e-01
4.149301364547493876e+00 -2.693700354928674212e-01 1.763925000722685599e-01
4.145117158860278650e+00 -2.701306981876852586e-01 1.757742819708341675e-01
4.141017010287721511e+00 -2.708563961704983925e-01 1.751472054994688277e-01
4.136967597100746907e+00 -2.715496583779457018e-01 1.745126996352281135e-01
4.132867526021806626e+00 -2.722143139508211296e-01 1.738733678489307044e-01
4.128778845680097120e+00 -2.728474392699300477e-01 1.732305230000059093e-01
4.124718506271900509e+00 -2.734484601788224056e-01 1.725826944602514568e-01
4.120631404857177493e+00 -2.740151258336230300e-01 1.719303692245129356e-01
4.116562386378086913e+00 -2.745504592095149299e-01 1.712728992155878871e-01
4.112485823497888937e+00 -2.750511690550546118e-01 1.706110061737413919e-01
4.108412282109646263e+00 -2.755103354013026529e-01 1.699436507450376443e-01
4.104453627814197425e+00 -2.759326432240395977e-01 1.692674387961142224e-01
4.100398866974675371e+00 -2.763200724540195719e-01 1.685844523773097348e-01
4.096425678541160131e+00 -2.766591764010754018e-01 1.678960743396508137e-01
4.092437230804611303e+00 -2.769636567275424732e-01 1.672021524183589236e-01
4.088465980060112415e+00 -2.772304071061973407e-01 1.665024480108074911e-01
4.084517247564569686e+00 -2.774576661919761489e-01 1.657969196642621046e-01
4.080534897948918882e+00 -2.776384363492525598e-01 1.650848793576099038e-01
4.076585547226645900e+00 -2.777847975833390159e-01 1.643664261909204005e-01
4.072662381035579315e+00 -2.778835241381218957e-01 1.636416434921223184e-01
4.068706646261174065e+00 -2.779320598249628294e-01 1.629064763399478699e-01
4.064788562429956897e+00 -2.779316681986032100e-01 1.621629389639706875e-01
4.060886720366940317e+00 -2.778934122975638132e-01 1.614137248726367213e-01
4.056943359354693968e+00 -2.778102205863098306e-01 1.606584332897391942e-01
4.053008268354768795e+00 -2.776789352345803708e-01 1.598965773024697001e-01
4.049096049054622171e+00 -2.775071419819744034e-01 1.591287657302589975e-01
4.045117972842546372e+00 -2.772964011240046656e-01 1.583552179840909124e-01
4.041177948204635939e+00 -2.770395927607269271e-01 1.575761696545520119e-01
4.037194805263055741e+00 -2.767368388483808506e-01 1.567911562516390023e-01
4.033249379330482220e+00 -2.763810664949963858e-01 1.559977834144193887e-01
4.029328034608115949e+00 -2.759807873758593488e-01 1.551976492571487398e-01
4.025334987377656937e+00 -2.755361022256535009e-01 1.543924427803683719e-01
4.021307536843557351e+00 -2.750533793655155490e-01 1.535830566538110009e-01
4.017314763562139568e+00 -2.745254345274140695e-01 1.527694287139430562e-01
4.013213845790290613e+00 -2.739595227544818767e-01 1.519520918683229249e-01
4.009128138880559966e+00 -2.733556211706993921e-01 1.511310154243173387e-01
4.005007303107785965e+00 -2.727095550028307835e-01 1.503076863627110793e-01
4.000882575506981453e+00 -2.720240297025126597e-01 1.494824326900278666e-01
3.996714973969036411e+00 -2.712902992105420408e-01 1.486516530053693386e-01
3.992508840584303442e+00 -2.705249680751377062e-01 1.478194785479566287e-01
3.988300025218783240e+00 -2.697172057963463376e-01 1.469867488382729515e-01
3.983996668754099968e+00 -2.688834098336599920e-01 1.461536562914311499e-01
3.979667860065259077e+00 -2.680144926023946272e-01 1.453209289340125221e-01
3.975323857870149524e+00 -2.671131245403384757e-01 1.444881200788363518e-01
3.970917838990220439e+00 -2.661819721958725848e-01 1.436564964771805952e-01
3.966426169321047634e+00 -2.652171605189528325e-01 1.428266301653570158e-01
3.961932754201740625e+00 -2.642335362361454831e-01 1.419980789486804951e-01
3.957382979899102260e+00 -2.632068725974332501e-01 1.411694122148191011e-01
3.952719884233885317e+00 -2.621583500538919309e-01 1.403444469825296526e-01
3.948054020280669985e+00 -2.610866808293793584e-01 1.395226937005458467e-01
3.943262401098916570e+00 -2.599941113671642712e-01 1.387052798796278852e-01
3.938396033373419147e+00 -2.588772326873195473e-01 1.378922945780949039e-01
3.933514782698500412e+00 -2.577455377020327343e-01 1.370832411276278473e-01
3.928513291867558266e+00 -2.565870077616891898e-01 1.362794306575737524e-01
3.923466864948489174e+00 -2.554076923469151272e-01 1.354798809547002048e-01
3.918286745469982346e+00 -2.542046638981294571e-01 1.346853282504437976e-01
3.913106428863009523e+00 -2.529525403842718956e-01 1.338932001452080023e-01
3.907778896927513568e+00 -2.516814947586992757e-01 1.331058264106341482e-01
3.902338955284832434e+00 -2.503836122422707922e-01 1.323239511968145599e-01
3.896862400190632680e+00 -2.490584071211465744e-01 1.315469107840164797e-01
3.891275859746265553e+00 -2.477053944473203706e-01 1.307743862708815874e-01
3.885590301684422432e+00 -2.463190987685779931e-01 1.300068675004636132e-01
3.879781063354983850e+00 -2.449065816499628734e-01 1.292439470013333758e-01
3.873859078116561161e+00 -2.434672429353198220e-01 1.284862929955583322e-01
3.867857881153254684e+00 -2.419896243162196481e-01 1.277325670126013002e-01
3.861771150581502887e+00 -2.404745137038918346e-01 1.269831309470650094e-01
3.855534317398003896e+00 -2.389286948186528092e-01 1.262393796915344535e-01
3.849182619188331156e+00 -2.373542376140929666e-01 1.255015712179091691e-01
3.842757259894330701e+00 -2.357538093740467466e-01 1.247696845948013389e-01
3.836210841776173996e+00 -2.341254352182370602e-01 1.240438461270826909e-01
3.829603507995513745e+00 -2.324735014748547379e-01 1.233245102846314972e-01
3.822867687201426445e+00 -2.307916365624466393e-01 1.226114585724425304e-01
3.816015912314106640e+00 -2.290895635076746206e-01 1.219050137525231614e-01
3.809078066266644580e+00 -2.273544694187773774e-01 1.212051189955183073e-01
3.801980979839206576e+00 -2.255883940554661293e-01 1.205108285611121433e-01
3.794857973237072635e+00 -2.237962779885571407e-01 1.198231376618203864e-01
3.787551488395422883e+00 -2.219802260534783911e-01 1.191418389432010311e-01
3.780166205118897338e+00 -2.201427616250823949e-01 1.184675409395171408e-01
3.772697912292629407e+00 -2.182862714061326870e-01 1.177995432376027773e-01
3.765102102392855699e+00 -2.164096487920465217e-01 1.171388400467815172e-01
3.757427355966037830e+00 -2.145162758863437547e-01 1.164852379943416005e-01
3.749678455048312209e+00 -2.126051505832007582e-01 1.158391016626769965e-01
3.741834623050517727e+00 -2.106782128497485806e-01 1.152000285791347500e-01
3.733811719076613134e+00 -2.087286952292281561e-01 1.145690546265275833e-01
3.725719688540762409e+00 -2.067665504200668081e-01 1.139452316963867479e-01
3.717567901213192361e+00 -2.047912152961909316e-01 1.133290240237183610e-01
3.709330680791076862e+00 -2.028056217699302222e-01 1.127197966488562159e-01
3.700961458500084955e+00 -2.008147813018818229e-01 1.121179915669211075e-01
3.692521201239966633e+00 -1.988129420101127920e-01 1.115235780396263976e-01
3.683998469859129266e+00 -1.968075808683734385e-01 1.109361753092474173e-01
3.675371584228039445e+00 -1.947974552583979224e-01 1.103564800873648860e-01
3.666717062778729996e+00 -1.927840890385200401e-01 1.097843416458978288e-01
3.657958884270545052e+00 -1.907631865582210817e-01 1.092204321082783924e-01
3.649124192413810697e+00 -1.887444010453163956e-01 1.086644871977113375e-01
3.640222153607288735e+00 -1.867315696700501682e-01 1.081160833165333984e-01
3.631260654170706648e+00 -1.847244594813850227e-01 1.075759346844931963e-01
3.622242531876436633e+00 -1.827273172821796410e-01 1.070434522811235661e-01
3.613169344146613948e+00 -1.807326588966203518e-01 1.065190858518408196e-01
3.604042624088886093e+00 -1.787437510822741660e-01 1.060027455040202238e-01
3.594794998171491063e+00 -1.767608356461443375e-01 1.054948640817853917e-01
3.585545727589232623e+00 -1.747853343629744705e-01 1.049967458519512065e-01
3.576140254017748710e+00 -1.728042861717554446e-01 1.045086269845259541e-01
3.566615771635628818e+00 -1.708247405464373148e-01 1.040293232521961736e-01
3.557045058906539658e+00 -1.688581664779743030e-01 1.035590437136032493e-01
3.547429504503802011e+00 -1.668945206809388793e-01 1.030983325382409110e-01
3.537681453756983174e+00 -1.649334053981682813e-01 1.026468107531181007e-01
3.527867913610104544e+00 -1.629806568602259476e-01 1.022052547434048470e-01
3.517982185855868860e+00 -1.610357781796137588e-01 1.017736638130422866e-01
3.507966021373240650e+00 -1.590989468355223646e-01 1.013524219383272751e-01
3.497880977409737024e+00 -1.571567873823972172e-01 1.009415163499857576e-01
3.487660576178896132e+00 -1.552213606202634821e-01 1.005424895975424310e-01
3.477364150331601067e+00 -1.532946971385132084e-01 1.001538403664164745e-01
3.466936718550433394e+00 -1.513711698451367937e-01 9.977483607432045820e-02
3.456456546168851673e+00 -1.494527898930956555e-01 9.940613555920456423e-02
3.445852561217616739e+00 -1.475440148670787155e-01 9.904715168933496405e-02
3.435164167792764456e+00 -1.456382611152721440e-01 9.869836875760108763e-02
3.424355002268799630e+00 -1.437427019377679194e-01 9.835995603747280103e-02
3.413496243158296028e+00 -1.418575151598301942e-01 9.803133551478389329e-02
3.402515173743915877e+00 -1.399775192180738592e-01 9.771430831418528862e-02
3.391474023332259335e+00 -1.381011433636300523e-01 9.740947682545575415e-02
3.380316535282678725e+00 -1.362381426323361899e-01 9.711523946780992178e-02
3.369072825986998421e+00 -1.343870308846570327e-01 9.683061637293195745e-02
3.357805842454920864e+00 -1.325439529607215505e-01 9.655566002239375500e-02
3.346425287558819850e+00 -1.307177356104900490e-01 9.629071934908918495e-02
3.335003706233014231e+00 -1.289011923916847657e-01 9.603505624082925296e-02
3.323528286538401932e+00 -1.270916736672657033e-01 9.578923980859593845e-02
3.311942847026490888e+00 -1.253006687240560968e-01 9.555215489671523010e-02
