# cl_TT                  cl_TE                    cl_EE
3.360589031719098898e+02 4.280482816677779190e-01 1.177563132768902170e-03
3.247053937287153644e+02 3.775055110264309843e-01 9.986448237116446035e-04
3.139827743772577833e+02 3.063941922986025412e-01 6.120490632858070768e-04
3.057615495283695850e+02 2.462025795036694720e-01 3.397103222018979323e-04
2.998383407294279550e+02 2.079266704448335390e-01 2.210601106258974411e-04
2.956222559192589188e+02 1.917513049947009163e-01 1.857595427533242666e-04
2.926365022940981930e+02 1.937625392763287491e-01 1.861186370720984264e-04
2.906966587575600443e+02 2.090110135256796342e-01 2.105720301366965669e-04
2.894079159660123537e+02 2.331127687193774722e-01 2.600034501559269360e-04
2.886132411675944809e+02 2.629379440390813838e-01 3.362550021567957772e-04
2.884016954084669919e+02 2.965319175536930141e-01 4.413854908773765374e-04
2.885749989297769957e+02 3.324454053907281992e-01 5.772543345736675172e-04
2.888597121295408101e+02 3.695961747439663325e-01 7.458872837380357617e-04
2.892914631116078112e+02 4.078081689716360203e-01 9.504403465304642499e-04
2.900153545461031399e+02 4.470703664411427303e-01 1.194140083592326856e-03
2.910361096787870565e+02 4.869066883317982319e-01 1.480118375508077859e-03
2.918911213626296330e+02 5.261322353635060622e-01 1.810254394271709321e-03
2.934370429256540547e+02 5.662042692048829817e-01 2.191209632596213645e-03
2.947809919515522097e+02 6.071234879946539875e-01 2.627424070158248734e-03
2.962005933091469387e+02 6.432247054500109806e-01 3.110823927901750201e-03
2.975439671963721366e+02 6.792822191161062007e-01 3.660263788366582057e-03
2.990857516699203984e+02 7.165157855367421114e-01 4.267739397241952434e-03
3.005351445409069697e+02 7.528537994788303545e-01 4.943320258073201010e-03
3.021147407687583950e+02 7.844597375995552291e-01 5.692055943556964884e-03
3.034676931926236421e+02 8.161501830287585246e-01 6.492310581320275172e-03
3.052428494505288086e+02 8.459677578263065101e-01 7.410629103847856704e-03
3.067579565434908204e+02 8.744852496659234475e-01 8.390940603798130795e-03
3.084251198051778715e+02 8.993783276572772101e-01 9.451896961013343118e-03
3.101205354634013815e+02 9.222882545270320032e-01 1.060039315117573475e-02
3.116391090167678612e+02 9.436392491387906034e-01 1.183968127538311335e-02
3.132396959316520224e+02 9.614110691355056693e-01 1.317520511982175728e-02
3.148619342472829317e+02 9.772797740871829175e-01 1.459814926023402654e-02
3.164884895711618924e+02 9.903143798359066441e-01 1.612499543926749351e-02
3.180869819100764744e+02 9.997176479323702791e-01 1.774995869532136616e-02
3.196967235913426180e+02 1.006371440773498493e+00 1.947031593834422369e-02
3.213106232571788610e+02 1.009459503902746746e+00 2.131022639159373816e-02
3.229309389198145936e+02 1.008616650286242589e+00 2.326061801951552488e-02
3.245472124169080530e+02 1.004872442183655235e+00 2.530861926262121045e-02
3.261572905075270796e+02 9.984131700923836172e-01 2.746085896472398244e-02
3.277416240975253459e+02 9.892330576331275216e-01 2.971398627027491135e-02
3.293323199906329251e+02 9.755542138062036628e-01 3.208717226800264499e-02
3.309932037126072260e+02 9.560102237277415815e-01 3.460323944656842204e-02
3.326642468981875709e+02 9.328304498179736948e-01 3.722667446775653616e-02
3.343132064225626436e+02 9.062680123185222758e-01 3.995511502912268281e-02
3.359049216598218663e+02 8.766996024488826755e-01 4.279058076948635131e-02
3.375231687130377622e+02 8.435144905230885781e-01 4.573829873995002154e-02
3.393083640665553844e+02 8.041173129741747694e-01 4.883703477443492730e-02
3.410780343497630156e+02 7.610831718787050004e-01 5.204282452204406911e-02
3.427787781205321949e+02 7.143192178493602551e-01 5.535754380786427065e-02
3.444644117052413321e+02 6.639179121464657829e-01 5.877612379609157417e-02
3.461841898353190459e+02 6.099009390733024505e-01 6.229349554856532245e-02
3.479920326667772770e+02 5.499607481289900957e-01 6.595481032435300539e-02
3.498086789095798963e+02 4.863938724466039254e-01 6.971723283854584785e-02
3.516112271227278825e+02 4.193256832297416192e-01 7.358104598895205684e-02
3.534204203522796206e+02 3.484410543899079671e-01 7.754645890430877930e-02
3.552629274781419326e+02 2.735180939083564633e-01 8.161268775333267722e-02
3.571740912721565451e+02 1.931062337797515849e-01 8.580683371042979735e-02
3.591386119385043116e+02 1.083788203157600161e-01 9.010387954332538252e-02
3.611222491599321529e+02 2.008997734476791405e-02 9.449022758701958180e-02
3.631340273709598705e+02 -7.185617028831460529e-02 9.896510250999843161e-02
3.652030327936802792e+02 -1.678689033212368287e-01 1.035293388442156126e-01
3.673207274518593408e+02 -2.686060757196089277e-01 1.081990566251662123e-01
3.694287815412409373e+02 -3.734639963273841956e-01 1.129648262799155950e-01
3.715591112641930636e+02 -4.816742615675650985e-01 1.178064611931467082e-01
3.737540975946331514e+02 -5.934631255109927839e-01 1.227203479198359232e-01
3.760403840631310572e+02 -7.090526875965385001e-01 1.277034023265582185e-01
3.784350613493685955e+02 -8.289661415317584048e-01 1.327591795395003105e-01
3.808781129230815736e+02 -9.529465710525621969e-01 1.378915379022546406e-01
3.833009028938102460e+02 -1.079597697713396975e+00 1.430804676205994497e-01
3.857423133847107692e+02 -1.209113475153629436e+00 1.483224186370136199e-01
3.882403835684563091e+02 -1.341729992332362897e+00 1.536149861435180675e-01
3.908137060623123489e+02 -1.477665052329944162e+00 1.589556938628114147e-01
3.934635516539889863e+02 -1.617667621156995361e+00 1.643463691813669691e-01
3.961584826048985519e+02 -1.760418311632884647e+00 1.697741877812888323e-01
3.988999613626627934e+02 -1.905870253406322545e+00 1.752328004831811281e-01
4.016898320868747305e+02 -2.053977790424371008e+00 1.807181878705499956e-01
4.045344297871829440e+02 -2.204581299627214275e+00 1.862263437193577009e-01
4.074613279381374014e+02 -2.358341036359923315e+00 1.917467498288984440e-01
4.104423809699362096e+02 -2.514222175643613610e+00 1.972786025114653674e-01
4.134594578255689044e+02 -2.671953414930867687e+00 2.028195596110481114e-01
4.165243526982141020e+02 -2.831560227398749241e+00 2.083637346135466528e-01
4.196301872898535521e+02 -2.993050180053754783e+00 2.139056687824571479e-01
4.228216428237650462e+02 -3.156510998600645657e+00 2.194247500926943817e-01
4.260864975072438483e+02 -3.321737375580161356e+00 2.249189626433833467e-01
4.294130305505706815e+02 -3.488683261176711348e+00 2.303900061557560275e-01
4.327976863715146578e+02 -3.657156269929724424e+00 2.358345754948106554e-01
4.362431195310288103e+02 -3.827150330540230350e+00 2.412436324501710805e-01
4.397633956651370681e+02 -3.998222195188850581e+00 2.465945506029358358e-01
4.433532982014711479e+02 -4.170198211035534896e+00 2.518831395756190861e-01
4.469908184559319011e+02 -4.343064370937904428e+00 2.571206026417462986e-01
4.506821126969176703e+02 -4.516695856983065305e+00 2.623030402586969956e-01
4.544194974777632865e+02 -4.691106263687809808e+00 2.674258483550005505e-01
4.582158210091861861e+02 -4.865729522905080096e+00 2.724787069995772137e-01
4.620816771364653164e+02 -5.039987632182966415e+00 2.774183117834420065e-01
4.659939543760998504e+02 -5.214397846873820797e+00 2.822859259331139126e-01
4.699549563925739335e+02 -5.388920646009914606e+00 2.870899521544686417e-01
4.739683328746972961e+02 -5.563445943476252431e+00 2.918169856945563301e-01
4.780275232576995563e+02 -5.737656361793941784e+00 2.964592499941695047e-01
4.821545890852556795e+02 -5.909908414164831036e+00 3.009420860712023749e-01
4.863309227427201336e+02 -6.081507077996551658e+00 3.053240774922273415e-01
4.905522008035578096e+02 -6.252325560428577234e+00 3.095941196586961541e-01
4.948183662664250164e+02 -6.422267766265043143e+00 3.137484430383073453e-01
4.991339512798757028e+02 -6.591119457639241119e+00 3.177760518439997073e-01
5.034989293464990965e+02 -6.756744545608619923e+00 3.216052700688006860e-01
5.079093351885140919e+02 -6.920600444427361886e+00 3.252852954525324858e-01
5.123561804086782558e+02 -7.082884957967761963e+00 3.288275984092122184e-01
5.168450220095049872e+02 -7.243563018929426889e+00 3.322277139429670179e-01
5.213737575761109611e+02 -7.402468226907874538e+00 3.354797211170420512e-01
5.259316613850730846e+02 -7.557573296425696086e+00 3.385253605377487318e-01
5.305289304742624381e+02 -7.709580973642551349e+00 3.413955642948032776e-01
5.351535504924833049e+02 -7.859459202641866149e+00 3.441217912449791028e-01
5.398068640245982124e+02 -8.007202251445420416e+00 3.467093540534685325e-01
5.444904887707110674e+02 -8.152732542964743701e+00 3.491576169357747395e-01
5.491962158444688384e+02 -8.294334987668216641e+00 3.514251889763923553e-01
5.539196266350587621e+02 -8.431436204067830786e+00 3.534995351552852050e-01
5.586678517461094771e+02 -8.565803357239024862e+00 3.554151440514835558e-01
5.634482737912295534e+02 -8.697303785571635970e+00 3.571714713374293804e-01
5.682537807919223951e+02 -8.825745966978791657e+00 3.587561982278132944e-01
5.730906790880726476e+02 -8.950098110250140238e+00 3.601368077683105851e-01
5.779354873509174695e+02 -9.067971267685566161e+00 3.612642031765451733e-01
5.828038204003081546e+02 -9.182228865996242106e+00 3.621976665510264204e-01
5.876780332717357851e+02 -9.292809475217611137e+00 3.629456237913038508e-01
5.925557040302637688e+02 -9.399539018790186162e+00 3.635033661495051804e-01
5.974276159819124814e+02 -9.502181621903114106e+00 3.638653381549179500e-01
6.022464466703947892e+02 -9.596223723299200259e+00 3.639526360576026964e-01
6.070371835196471011e+02 -9.686046754378574875e+00 3.638523457131949135e-01
6.118138963779105097e+02 -9.771703200944203971e+00 3.635701268849960699e-01
6.165800004942283294e+02 -9.853360558980423178e+00 3.631190240283883597e-01
6.213436510910975130e+02 -9.931090206032394008e+00 3.624977284481405437e-01
6.260869116431409793e+02 -1.000104458001502294e+01 3.616605909295743659e-01
6.308291789203866529e+02 -1.006632632829069074e+01 3.606569712341999301e-01
6.355900604037481116e+02 -1.012756072759191461e+01 3.595018220041532042e-01
6.403634410111579882e+02 -1.018449117491153011e+01 3.581789434544430106e-01
6.451356971191363527e+02 -1.023678599289617885e+01 3.566840151789951729e-01
6.498649927329099683e+02 -1.028108297893877499e+01 3.549753536051097336e-01
6.545578326663770667e+02 -1.031811800328690154e+01 3.530755666486660727e-01
6.592234797021646955e+02 -1.034973557807948730e+01 3.509857240287698743e-01
6.638634626518507957e+02 -1.037566230434729597e+01 3.487083846092746686e-01
6.684727981553937752e+02 -1.039575540716535329e+01 3.462461066943548493e-01
6.730235957199035965e+02 -1.040790064486408717e+01 3.435886010434388016e-01
6.775015671784864253e+02 -1.041099486756504966e+01 3.407367546816419401e-01
6.819430190270882122e+02 -1.040806210280461919e+01 3.377093561238338482e-01
6.863509741154684889e+02 -1.039907411213854083e+01 3.345158054270488956e-01
6.907238274623713323e+02 -1.038400820788909051e+01 3.311586574865986732e-01
6.950381547384733949e+02 -1.036179414723833148e+01 3.276398892743453417e-01
6.992539382450811445e+02 -1.032948634035761160e+01 3.239820723956015058e-01
7.034242062735718264e+02 -1.029128422649673524e+01 3.201934425363764936e-01
7.075445317896966344e+02 -1.024727374132283586e+01 3.162908307092865967e-01
7.116153382023077256e+02 -1.019755227743612025e+01 3.122767873765148749e-01
7.156410542101074270e+02 -1.014230853363428686e+01 3.081687050245571213e-01
7.195249491971618454e+02 -1.007662063178748291e+01 3.040177744008973337e-01
7.233604530639875065e+02 -1.000581108556773913e+01 2.998090208345526309e-01
7.271423129842028175e+02 -9.929835056312066754e+00 2.955341050301711903e-01
7.308685074765058971e+02 -9.848391585278420735e+00 2.911958346036613299e-01
7.345347805178837461e+02 -9.761366942577566874e+00 2.867827637038944943e-01
7.380683611657834717e+02 -9.664622445339837498e+00 2.823393453305656497e-01
7.415200710890635492e+02 -9.561095300087421478e+00 2.778408371709533697e-01
7.449046961420449406e+02 -9.451750937525984497e+00 2.732689381001013884e-01
7.482268306678716954e+02 -9.336633479239054623e+00 2.686201447407160492e-01
7.514779348850979659e+02 -9.215582125932392898e+00 2.638917933892833689e-01
7.545923344676303941e+02 -9.085793573771123732e+00 2.591450177481959827e-01
7.576000672277045851e+02 -8.948339077284989784e+00 2.543727705196584532e-01
7.605393058296397157e+02 -8.805270112583263753e+00 2.495325962859114843e-01
7.634200517423155361e+02 -8.656762784478067019e+00 2.446259687619870005e-01
7.662523070239253684e+02 -8.502926559629091940e+00 2.396543728458138123e-01
7.689816363532112291e+02 -8.342231593092483521e+00 2.346746033808328191e-01
7.715986242001927167e+02 -8.173976970906286610e+00 2.297350599603995291e-01
7.741628996472296649e+02 -8.001018446397214490e+00 2.247486687788040338e-01
7.766631321424383714e+02 -7.823627762014345954e+00 2.197168359705176655e-01
7.790991618931893754e+02 -7.641981509462194566e+00 2.146417208190940784e-01
7.814343617613618562e+02 -7.455755221359367191e+00 2.095579037019110191e-01
7.835942230678884926e+02 -7.262655504724648381e+00 2.046033049029593598e-01
7.856671361005278413e+02 -7.066113366507035920e+00 1.996292318565531243e-01
7.876624629086722962e+02 -6.866098858776036984e+00 1.946515626110106034e-01
7.895875441384451960e+02 -6.662432470681340035e+00 1.896901825878207770e-01
7.914372527719233403e+02 -6.454943118152760562e+00 1.847659671719523444e-01
7.931159809523635431e+02 -6.240461510051721561e+00 1.801293756793369005e-01
7.947332676294259954e+02 -6.021913509809768250e+00 1.755924629012171889e-01
7.962974655751394266e+02 -5.799285146048931416e+00 1.711620146409175147e-01
7.977934531155917739e+02 -5.572466572980729893e+00 1.668586195098270830e-01
7.992081422650373952e+02 -5.341375205228209744e+00 1.627007287666497881e-01
8.004474942441293024e+02 -5.103967520376918365e+00 1.589107886312707274e-01
8.015558538624746916e+02 -4.861653293944701026e+00 1.553838200230691358e-01
8.025548096509236302e+02 -4.614968266071407754e+00 1.520604887929491722e-01
8.034361851505133245e+02 -4.363828518503590992e+00 1.489602173100031124e-01
8.041930818012331201e+02 -4.108234944141594625e+00 1.460947934512586699e-01
8.047679815431954466e+02 -3.847172188708443130e+00 1.436520406005818984e-01
8.051679015612301100e+02 -3.581115581044735929e+00 1.416170819519204649e-01
8.054390043539704038e+02 -3.310801790545485623e+00 1.398715710491935937e-01
8.055841153704266162e+02 -3.036310290047381066e+00 1.384191538421724876e-01
8.056058949565730245e+02 -2.757654016273351161e+00 1.372697944166541839e-01
8.054562966864766622e+02 -2.474526947556805911e+00 1.365558257121628205e-01
8.051021789607676737e+02 -2.186903491092956564e+00 1.363909411202064714e-01
8.046239953513884302e+02 -1.895546795626949832e+00 1.365601368405096605e-01
8.040109744674487047e+02 -1.600586715116253833e+00 1.370673442404918008e-01
8.032716687343056492e+02 -1.302029268984359778e+00 1.379157372405886428e-01
8.023801770864840819e+02 -9.999835216576974384e-01 1.391645294396237631e-01
8.012687784285012640e+02 -6.946670702288959554e-01 1.410844462441771807e-01
8.000308365874527681e+02 -3.863459011618129990e-01 1.433461013904506476e-01
7.986697632709785921e+02 -7.523899965404466650e-02 1.459481668693658196e-01
7.971817290977352286e+02 2.385845929991687042e-01 1.488933521223635426e-01
7.955775456743647283e+02 5.549805393355052852e-01 1.521669232444888553e-01
7.937564206976534251e+02 8.729687173619363749e-01 1.561440880988485824e-01
7.918145067827908861e+02 1.193048003439404425e+00 1.604697742228491375e-01
7.897756071713303072e+02 1.515111293705794671e+00 1.650975611843834845e-01
7.876364002060674920e+02 1.839090321423958452e+00 1.700116887144361710e-01
7.854094465449318250e+02 2.164785517846988583e+00 1.752067820181876789e-01
7.830185284282857765e+02 2.490975741700747204e+00 1.809603304066738083e-01
7.805199767052076822e+02 2.817920335235434504e+00 1.870813508810760806e-01
7.779358221204598749e+02 3.145811492519571484e+00 1.934075677850934372e-01
7.752686345849375584e+02 3.474531088017883906e+00 1.999200354277296532e-01
7.725280387920331577e+02 3.803765644230843623e+00 2.065940533643519372e-01
7.696500126990652006e+02 4.132056694947816133e+00 2.136132461627603396e-01
7.666498824478073857e+02 4.459083222722454387e+00 2.209473531985892136e-01
7.635874338577856406e+02 4.785893619111420527e+00 2.283568439571067310e-01
7.604674929703894577e+02 5.112641853230924127e+00 2.358794410902199656e-01
7.572991054984133825e+02 5.438455425957709366e+00 2.435681775171777974e-01
7.540523099500886701e+02 5.762669066575136334e+00 2.516005757920086183e-01
7.507076420752172226e+02 6.083062602783199324e+00 2.601971962794489834e-01
7.473238838611900974e+02 6.401906659816817502e+00 2.690995862407752903e-01
7.438924980308485146e+02 6.719015004453908979e+00 2.783402470222503533e-01
7.404040907660025823e+02 7.033844406022401685e+00 2.879508244165321917e-01
7.368548431769132776e+02 7.344752404523628542e+00 2.980020648265370720e-01
7.331713099189352079e+02 7.649414397226392381e+00 3.088712628016372364e-01
7.294118509782143747e+02 7.949994443375905107e+00 3.202029114756334005e-01
7.255814751606563959e+02 8.246638217614508548e+00 3.320196481791101162e-01
7.216763976849490518e+02 8.538912582674980101e+00 3.443528496993443211e-01
7.177057284158694301e+02 8.826549027447331497e+00 3.572062189031967039e-01
7.135976543650263011e+02 9.105989719710168018e+00 3.709726590040273719e-01
7.094155925288475828e+02 9.379365920086291553e+00 3.853408909911154034e-01
7.051745067663196096e+02 9.647874970232093617e+00 4.002869823671328930e-01
7.008644110281705935e+02 9.910471961105756122e+00 4.158247469173079747e-01
6.964884538792593958e+02 1.016812297184396918e+01 4.319540507062869517e-01
6.920165600106455486e+02 1.041642454878195245e+01 4.489306365059416160e-01
6.874620308764209540e+02 1.065753030627518783e+01 4.666246170001324689e-01
6.828504280085653591e+02 1.089277937730636481e+01 4.849055829703786680e-01
6.781791265640396205e+02 1.112174288563413427e+01 5.037821080222156800e-01
6.734459506014691215e+02 1.134465992530676992e+01 5.232496340018480963e-01
6.686310168534009790e+02 1.155935764614275207e+01 5.434659808485443611e-01
6.637475083068724189e+02 1.176489909466152994e+01 5.644150189435879206e-01
6.588073796681293288e+02 1.196424169419159789e+01 5.859188015210541334e-01
6.538167183909166624e+02 1.215799021719171336e+01 6.079610044608528829e-01
6.487823442053431791e+02 1.234592788447226219e+01 6.305448261275704569e-01
6.436842036475628674e+02 1.252664595875108411e+01 6.536472724114933408e-01
6.385142964837115187e+02 1.269723391319589112e+01 6.774860793866531727e-01
6.332990895140910652e+02 1.286186575242689223e+01 7.017519664412604774e-01
6.280323697582803106e+02 1.302152180597850872e+01 7.263996240996813958e-01
6.227098379347456785e+02 1.317516434066543951e+01 7.514124583427038706e-01
6.173372829695207429e+02 1.332302164643624742e+01 7.767695412349060469e-01
6.119003859629386852e+02 1.345982396679515425e+01 8.026157043930624013e-01
6.064183487917069897e+02 1.359200009073423665e+01 8.287139564851517815e-01
6.008990479395729380e+02 1.372029196087459191e+01 8.550557115040755551e-01
5.953445658929343836e+02 1.384544151282247526e+01 8.815704745928805153e-01
5.897582899035005539e+02 1.396819067443549756e+01 9.082799420423089964e-01
5.841432215997929234e+02 1.408220350031234958e+01 9.352622458862751564e-01
5.784990630674294607e+02 1.419320919753032761e+01 9.623759696320414170e-01
5.728386026603934624e+02 1.430280729667699902e+01 9.895027893663741470e-01
5.671605872834878710e+02 1.441071576534422860e+01 1.016688647959435032e+00
5.614573549475851451e+02 1.451644777550842491e+01 1.043858523711757691e+00
5.557535559079631184e+02 1.461313954023183292e+01 1.071195474854332863e+00
5.500400583169802076e+02 1.470377654878073592e+01 1.098609413185525741e+00
5.443294681556806154e+02 1.478974838798098190e+01 1.126095841264924236e+00
5.386158424015383162e+02 1.487056817864102776e+01 1.153583948715694474e+00
5.329066195296170463e+02 1.494574902709364927e+01 1.181200569794810029e+00
5.272171470380809524e+02 1.501234666065701084e+01 1.208858162584033336e+00
5.215585672048267725e+02 1.506825610035866170e+01 1.236582472164600599e+00
5.159123198598202862e+02 1.511741389014525971e+01 1.264394578628549759e+00
5.102923825209514348e+02 1.516001315718647469e+01 1.292307687377119096e+00
5.046951313827709100e+02 1.519493353874498709e+01 1.320262330247515825e+00
4.991379009094839034e+02 1.522040882823975849e+01 1.348236181978429649e+00
4.936296577438224062e+02 1.523313497006132700e+01 1.376185407446065101e+00
4.881605306664001773e+02 1.523767309041121187e+01 1.404233304656297365e+00
4.827272873503931123e+02 1.523378456824142546e+01 1.432328049778836432e+00
4.773348488429958252e+02 1.522101920173816758e+01 1.460407246178033969e+00
4.719835303364515084e+02 1.520062367789126689e+01 1.488535811908152429e+00
4.667207158847057258e+02 1.516427625352113395e+01 1.516498455420312030e+00
4.615021997722217293e+02 1.511904305027745998e+01 1.544502764026487895e+00
4.563303062013808358e+02 1.506530017902688812e+01 1.572499893103113777e+00
4.512040617325420726e+02 1.500317912953891053e+01 1.600481947991045484e+00
4.461344225813477919e+02 1.493245577791812373e+01 1.628416946812702770e+00
4.411571965919586091e+02 1.484769846759890655e+01 1.656155524772195076e+00
4.362398085038639124e+02 1.475425648437573400e+01 1.683837496459202665e+00
4.313764723427921695e+02 1.465289383061431927e+01 1.711498596659723148e+00
4.265726952860095480e+02 1.454437521723202309e+01 1.739187651739733997e+00
4.218208495720370479e+02 1.442821322863100697e+01 1.766809869159014390e+00
4.171534197578204726e+02 1.430025586186608599e+01 1.794173793614270540e+00
4.125562779267308997e+02 1.416306861506458326e+01 1.821320852631768350e+00
4.079979704998590933e+02 1.401817622990425427e+01 1.848324744614592730e+00
4.034777435781733175e+02 1.386574670995273451e+01 1.875193877717841184e+00
3.989882644014542734e+02 1.370595031751994242e+01 1.901937125267270323e+00
3.945522010899141492e+02 1.353647659347980436e+01 1.928264192416662581e+00
3.901910326017925854e+02 1.335843212139146985e+01 1.954290572071736731e+00
3.858609315904607797e+02 1.317467024600157011e+01 1.980217020415302009e+00
3.815679959134374144e+02 1.298655908073649989e+01 2.006106443406812989e+00
3.773051889412093374e+02 1.279415321424522745e+01 2.031953238587708821e+00
3.730826912559321045e+02 1.259831986925098413e+01 2.057733121009095001e+00
3.689529249659677248e+02 1.239566499095975516e+01 2.083081376462303957e+00
3.648396032817245214e+02 1.219064940253948492e+01 2.108444502381656260e+00
3.607441226626810362e+02 1.198383166650815745e+01 2.133805104691711030e+00
3.566704852359611664e+02 1.177467488694876785e+01 2.159038687842931292e+00
3.526191218509849818e+02 1.156342889275309638e+01 2.184100046790724114e+00
3.486770159745582305e+02 1.134425404175983587e+01 2.208376265217590895e+00
3.447747593449344663e+02 1.112241352592634769e+01 2.232322240042380557e+00
3.409183843457565217e+02 1.089769490086559500e+01 2.255909552856816269e+00
3.371133708984850159e+02 1.067003238595775549e+01 2.279121951112625499e+00
3.333667993644259013e+02 1.043948044220750937e+01 2.301883030239418648e+00
3.297493039513674944e+02 1.020347514774392472e+01 2.323698956619501210e+00
3.262161629118670021e+02 9.964160811517171368e+00 2.344825657417216824e+00
3.227578269205134234e+02 9.722148826285444301e+00 2.365432629442036472e+00
3.193765581170598580e+02 9.477421135743647085e+00 2.385470042826185466e+00
3.160766714567557756e+02 9.229944221523528114e+00 2.404852153141290305e+00
3.129065962430387913e+02 8.978412217697966824e+00 2.423259944491026108e+00
3.098591049576946830e+02 8.723400773439044187e+00 2.440757780248673736e+00
3.068946145390262927e+02 8.465775043350621587e+00 2.457547313578360537e+00
3.040252705793865857e+02 8.205552889461065647e+00 2.473603169645818056e+00
3.012436335854606568e+02 7.942619203239550174e+00 2.488900750662820460e+00
2.985906776611650457e+02 7.676479208699774404e+00 2.503095020869220644e+00
2.960922998739053469e+02 7.406906618768124950e+00 2.516013123902976822e+00
2.936891006303855534e+02 7.134751265972257173e+00 2.528053267772301549e+00
2.913884210213488473e+02 6.860066647415258068e+00 2.539193284902550030e+00
2.891844677769462351e+02 6.582968525409324201e+00 2.549513446850494969e+00
2.870877453576571270e+02 6.303402433111928715e+00 2.558853162273595938e+00
2.851665772622964141e+02 6.021444172609689005e+00 2.566826177121592778e+00
2.833435210759009237e+02 5.737617497334641214e+00 2.574051254014469325e+00
2.816091350493794607e+02 5.452047556286863994e+00 2.580595927300064041e+00
2.799696309761313273e+02 5.164787468948874860e+00 2.586443166008289385e+00
2.784254505151554895e+02 4.875890296817675384e+00 2.591633640276409967e+00
2.770412070570531000e+02 4.586022194710261957e+00 2.595397953987326201e+00
2.757513071385971557e+02 4.294828519890256047e+00 2.598524362298661572e+00
2.745374942587743021e+02 4.002306990938343745e+00 2.600971023545790572e+00
2.734002110645249104e+02 3.708509047382521295e+00 2.602830782021853029e+00
2.723328315168366771e+02 3.413422318556347701e+00 2.604095694736578093e+00
2.714019098792923614e+02 3.118173475174963460e+00 2.604240172101848216e+00
2.705594126455560513e+02 2.822250133377693704e+00 2.603662623365481821e+00
2.697849365081078759e+02 2.525273810068386471e+00 2.602675125820705038e+00
2.690735783701653077e+02 2.227225663737106842e+00 2.601244556455770240e+00
2.684208477313280810e+02 1.928077696979610067e+00 2.599528622240780962e+00
2.678688645208483194e+02 1.629154003766347225e+00 2.597104266168813513e+00
2.673925047720473458e+02 1.330430742062226557e+00 2.594098406840076532e+00
2.669555434047157974e+02 1.030808244223035741e+00 2.591030669149482879e+00
2.665549996904559293e+02 7.304476897556633208e-01 2.587800819734701552e+00
2.661812607580055783e+02 4.297477891928253579e-01 2.584472733180511295e+00
2.658760710592640635e+02 1.303746159723377096e-01 2.580731818568348324e+00
2.656440825713340246e+02 -1.661375131999880128e-01 2.576225005479445773e+00
2.654585615999394577e+02 -4.614323607949459838e-01 2.571428246616003221e+00
2.653180005493520071e+02 -7.552271869907191126e-01 2.566287151292045543e+00
2.652147095426585111e+02 -1.047154363014852319e+00 2.560816840516563442e+00
2.651742364517151600e+02 -1.336440974361904566e+00 2.554793367675653570e+00
2.652356000882909939e+02 -1.619412143154481898e+00 2.547757733815857684e+00
2.653505738971638266e+02 -1.899249800239056318e+00 2.540230756783392607e+00
2.655193270461347765e+02 -2.175551917165575055e+00 2.532110442208757028e+00
2.657461093603291715e+02 -2.448002544102739098e+00 2.523412533746312914e+00
2.660250229298881095e+02 -2.716154386881896254e+00 2.514049763087550016e+00
2.664271574901089252e+02 -2.975163986913517356e+00 2.503299949746288444e+00
2.668908801941985303e+02 -3.228687495992114354e+00 2.491803404120630727e+00
2.674138208515979613e+02 -3.477020006347231185e+00 2.479553510531694815e+00
2.679894108540543698e+02 -3.720205002996652244e+00 2.466621219049976776e+00
2.686278266289594399e+02 -3.958172664989473066e+00 2.453068445996922531e+00
2.693486269249714269e+02 -4.187090199566906534e+00 2.438419033959860371e+00
2.701328241869111935e+02 -4.408982633234750814e+00 2.422985717314671827e+00
2.709681361991789004e+02 -4.625520524983141257e+00 2.407030867773171767e+00
2.718572478190090465e+02 -4.836574975422163192e+00 2.390441233873199067e+00
2.727951868326759950e+02 -5.042157765500467015e+00 2.373299016427604879e+00
2.738127258102582573e+02 -5.239138621439107801e+00 2.355246487277907974e+00
2.749099676991435217e+02 -5.427486515966511327e+00 2.336357232233400527e+00
2.760621480141068673e+02 -5.610090858503860467e+00 2.316854468342405049e+00
2.772727757163341948e+02 -5.786928591603181182e+00 2.296770179859392691e+00
2.785392121015256635e+02 -5.958169468342195074e+00 2.276066478793209225e+00
2.798667631707067471e+02 -6.122076033154375097e+00 2.254713271554614540e+00
2.812590229622298352e+02 -6.276149778338833585e+00 2.232527338221375501e+00
2.826926368300583476e+02 -6.424908521842703557e+00 2.209898020549393216e+00
2.841591147203681089e+02 -6.568633265128497101e+00 2.186793132362573111e+00
2.856569697887167081e+02 -6.707534956324270325e+00 2.163294424136474436e+00
2.871874589279100860e+02 -6.841515597908307100e+00 2.139396709978050204e+00
2.887884263060846592e+02 -6.965499784989695797e+00 2.114948303708084953e+00
2.904237436674166588e+02 -7.085988663607865945e+00 2.090232269407399368e+00
2.920963377987665694e+02 -7.203500186759602464e+00 2.065278653520943308e+00
2.938164339653519050e+02 -7.318420922556073016e+00 2.040161314048907215e+00
2.955724674269700927e+02 -7.431151324006791015e+00 2.014923234953139186e+00
2.973820145153624708e+02 -7.535954790639515011e+00 1.989445342844864406e+00
2.992181191583505893e+02 -7.638478246809791372e+00 1.963911907810772295e+00
3.010768294376518952e+02 -7.739883116713514255e+00 1.938360759398599864e+00
3.029508933830891237e+02 -7.840294050442516038e+00 1.912853694207150124e+00
3.048259701921573424e+02 -7.939223760015099884e+00 1.887411006244646083e+00
3.067259000191165228e+02 -8.031380560612610964e+00 1.861939225122965169e+00
3.086286643812805437e+02 -8.118473617658183983e+00 1.836505020144094003e+00
3.105473549278661949e+02 -8.203783635604782631e+00 1.811262866921681924e+00
3.124807089080592846e+02 -8.285966022270525144e+00 1.786177247959443104e+00
3.144259878734059726e+02 -8.364947427857652329e+00 1.761279363010953336e+00
3.163958156161842794e+02 -8.437739912575596080e+00 1.736596602026272640e+00
3.183804100271388506e+02 -8.502836079881266329e+00 1.712213033273656038e+00
3.203684727818680926e+02 -8.564028400441591415e+00 1.688077986123030172e+00
3.223589497249137708e+02 -8.620739738187241485e+00 1.664155891033368917e+00
3.243372721438512940e+02 -8.671755149203733026e+00 1.640474942352620369e+00
3.263026011690843688e+02 -8.715864691551830745e+00 1.617157951722413278e+00
3.282419466398387158e+02 -8.748439540234551615e+00 1.594194097128317278e+00
3.301640801785879944e+02 -8.775634698847474269e+00 1.571496740903265188e+00
3.320707965849236416e+02 -8.795927665577966792e+00 1.549171319051682927e+00
3.339587792801505088e+02 -8.809911673829024181e+00 1.527121384019537453e+00
3.358354233988193869e+02 -8.817079157121256117e+00 1.505435524350326792e+00
3.376989657969780865e+02 -8.812462529897373997e+00 1.484416911233318315e+00
3.395472206586043740e+02 -8.801133898183024939e+00 1.463803162826375681e+00
3.413862909230754781e+02 -8.783424556422842144e+00 1.443542455030340399e+00
3.432071237188823716e+02 -8.759282689181091541e+00 1.423718896576368742e+00
3.450086339213763722e+02 -8.728715604725049815e+00 1.404323991658894988e+00
3.467592912008468033e+02 -8.686677207902111064e+00 1.385704055554057179e+00
3.484833963373852157e+02 -8.637449185348238245e+00 1.367560850173753728e+00
3.501736705346885401e+02 -8.581938439770164351e+00 1.349879725427526100e+00
3.518382334125202533e+02 -8.520386058295184029e+00 1.332639487625449704e+00
3.534768847037112778e+02 -8.452963850018164749e+00 1.315846972578963214e+00
3.550752528175998464e+02 -8.376545642834640759e+00 1.299863512417552380e+00
3.566494813563259072e+02 -8.292919551871664297e+00 1.284456541324840551e+00
3.582138350300890579e+02 -8.204301806143524445e+00 1.269523613871761381e+00
3.597654496205199166e+02 -8.110893485577333806e+00 1.255094116378153712e+00
3.613080830495509304e+02 -8.012955181416588246e+00 1.241066083218998140e+00
3.628208262094122460e+02 -7.908692601320363558e+00 1.227720756504978583e+00
3.643019337910865261e+02 -7.797996824917817982e+00 1.215146706208589000e+00
3.657662710704022970e+02 -7.683789259228462676e+00 1.202996365377007493e+00
3.672109725147781205e+02 -7.566339873544332129e+00 1.191253049916636941e+00
3.686394993746213231e+02 -7.446122759256428303e+00 1.179890459545249293e+00
3.700444832779962212e+02 -7.322549338633391081e+00 1.169003978909823882e+00
3.714138124341867524e+02 -7.194293267366806965e+00 1.159102203116869179e+00
3.727871358100082944e+02 -7.064947875541565558e+00 1.149470907597234470e+00
3.741636937476972662e+02 -6.934986820095135229e+00 1.140154567011721465e+00
3.755504539410966913e+02 -6.804844228189748101e+00 1.131149043105287744e+00
3.769361804539945524e+02 -6.674470435980712324e+00 1.122522027642849363e+00
3.782956424054954141e+02 -6.540883976130917432e+00 1.115134264125717367e+00
3.796469688851478281e+02 -6.407168552619452839e+00 1.108266061247626277e+00
3.809960674137814181e+02 -6.273315942842033088e+00 1.101988511290462158e+00
3.823307238919110773e+02 -6.139203096372454205e+00 1.096376032871906103e+00
3.836506678079527433e+02 -6.004730679969317642e+00 1.091483940361077654e+00
3.849207963287587404e+02 -5.868129957317138157e+00 1.088105853961734093e+00
3.861551014024987012e+02 -5.730917471652212214e+00 1.085749487003239366e+00
3.873573324088375216e+02 -5.593604858120870382e+00 1.084312634972157463e+00
3.885226036259687703e+02 -5.456128890708174417e+00 1.083839814138547908e+00
3.896478295820043058e+02 -5.318500926557891972e+00 1.084388680384072767e+00
3.906992911774873960e+02 -5.179806143521687112e+00 1.086582555251923266e+00
3.916796500649726909e+02 -5.040569444834200219e+00 1.090266420790352520e+00
3.926151239579953085e+02 -4.901435754151108881e+00 1.095088914231505672e+00
3.935026058191191396e+02 -4.762330185659123138e+00 1.101072287028005192e+00
3.943455228429310750e+02 -4.623243399178756263e+00 1.108238807462688102e+00
3.951216431188247498e+02 -4.484017847987632699e+00 1.117011096133617487e+00
3.958235372650379418e+02 -4.344623548438165450e+00 1.127601925422488938e+00
3.964797707295265923e+02 -4.205676264697030042e+00 1.139431305030651931e+00
3.970860530272559572e+02 -4.067243280334921884e+00 1.152507273958010892e+00
3.976466955053630841e+02 -3.929352301571027439e+00 1.166823002217530103e+00
3.981411928894865468e+02 -3.792213282223382276e+00 1.182578257472816974e+00
3.985543666717601354e+02 -3.656242836105247029e+00 1.200412210076100550e+00
3.989130423829404322e+02 -3.521441642413686957e+00 1.219490107401334900e+00
3.992266950989536554e+02 -3.387702234329528661e+00 1.239797165519303190e+00
3.994953013970015832e+02 -3.255131696485761950e+00 1.261307822529886380e+00
3.997080673439675138e+02 -3.123688907339311704e+00 1.283994164450248388e+00
3.998418808035955863e+02 -2.994713009093132872e+00 1.308853893992891981e+00
3.999306627456895740e+02 -2.867202035114442715e+00 1.334855178958691768e+00
3.999758170494907858e+02 -2.741071575702981544e+00 1.361952320691290907e+00
3.999891066047973709e+02 -2.616259910594657789e+00 1.390091609824905872e+00
3.999631364561299733e+02 -2.492670242716373608e+00 1.419230825239167881e+00
3.998696721719988432e+02 -2.371941228823313708e+00 1.450085534407012711e+00
3.997340161592566687e+02 -2.252982114911071143e+00 1.482012570911516836e+00
3.995653598496286349e+02 -2.135263932291512123e+00 1.514792716656603089e+00
3.993741978851156205e+02 -2.018709714122918886e+00 1.548313364642062151e+00
3.991563909172544982e+02 -1.903271437110308328e+00 1.582505124647619832e+00
3.988991956381728983e+02 -1.790628564578142567e+00 1.617830416868206944e+00
3.986193353384557554e+02 -1.680504028487252333e+00 1.654095210748602662e+00
3.983255957878942581e+02 -1.571624328844252627e+00 1.690766506941405733e+00
3.980329705823324389e+02 -1.463892985852052853e+00 1.727762555800005817e+00
3.977425611226282172e+02 -1.357348099243371964e+00 1.765029316255588343e+00
3.974353750932949083e+02 -1.253674593114570301e+00 1.802942706580143994e+00
3.971005569483724571e+02 -1.154558741625850482e+00 1.841836606098154805e+00
3.967645769518675820e+02 -1.058098169828331159e+00 1.881120538172367684e+00
3.964161892945186878e+02 -9.647106047971719667e-01 1.920908512476964258e+00
3.960655544880336265e+02 -8.749101572737704169e-01 1.961231831343008380e+00
3.956892274282466815e+02 -7.896944365696136892e-01 2.002294129654211829e+00
3.952722455667174017e+02 -7.125666349890275031e-01 2.044766646108043151e+00
3.948431805200569897e+02 -6.402851481891523866e-01 2.087816963436637696e+00
3.943922988482217988e+02 -5.730728584287387850e-01 2.131613098911783855e+00
3.939183428049459508e+02 -5.112247148770479033e-01 2.176119705612038047e+00
3.934216338386026450e+02 -4.551092732652107231e-01 2.221390835310685929e+00
3.928797285824441019e+02 -4.096949805638112618e-01 2.268137539830772820e+00
3.923127834848187376e+02 -3.707942018288544750e-01 2.315736486327123256e+00
3.917278036384599886e+02 -3.381419983999846557e-01 2.364130656186045343e+00
3.911246959864479322e+02 -3.118557022470552220e-01 2.413339749022723524e+00
3.905083138728626295e+02 -2.921134192470105639e-01 2.463363697515971396e+00
3.898558199811650979e+02 -2.832497968712030523e-01 2.514713984119456569e+00
3.891818861967955741e+02 -2.825740604779224396e-01 2.567099199145071342e+00
3.884974038002466727e+02 -2.888397180135667264e-01 2.620247277579320411e+00
3.878016967727108408e+02 -3.021716973359142022e-01 2.674192681886144562e+00
3.870877203810478591e+02 -3.225636431308226415e-01 2.728910203793286637e+00
3.863556365755173374e+02 -3.533594014296642105e-01 2.784804330317248500e+00
3.856038152456742409e+02 -3.942177990925771480e-01 2.841613234484733574e+00
3.848367678217441039e+02 -4.423194827180599309e-01 2.899202298102173447e+00
3.840642000783436174e+02 -4.974757039117948532e-01 2.957478737219946030e+00
3.832765955216390807e+02 -5.595663503400015726e-01 3.016414503748529707e+00
3.824792230629017240e+02 -6.305780858030699543e-01 3.076184194790537507e+00
3.816682852555672412e+02 -7.125236381071359260e-01 3.136855970765753732e+00
3.808477125269353110e+02 -8.011114645285885016e-01 3.198095596706460153e+00
3.800174147074931739e+02 -8.959827724941802352e-01 3.259857895537225492e+00
3.791826943859499579e+02 -9.968484552983849500e-01 3.322105541644032378e+00
3.783438425989854750e+02 -1.104217122632827008e+00 3.384861989587736986e+00
3.774900190196204335e+02 -1.222828723309542953e+00 3.448277417919798360e+00
3.766321441961717937e+02 -1.346552520839879419e+00 3.512006682358077114e+00
3.757704224404887441e+02 -1.475083296683087131e+00 3.576057768471630816e+00
3.749095648223514559e+02 -1.607898320740902331e+00 3.640338667939274853e+00
3.740367091369830632e+02 -1.744401909420981056e+00 3.704800874963480428e+00
3.731724859510800343e+02 -1.890234168199543596e+00 3.769595873943316633e+00
3.722996320237423333e+02 -2.039343335078533048e+00 3.834449937390870922e+00
3.714268427608026855e+02 -2.190605451666698400e+00 3.899295223887197626e+00
3.705537290684443406e+02 -2.343493028018486690e+00 3.964156381992579803e+00
3.696827985399041836e+02 -2.497587624538545992e+00 4.028923095324192793e+00
3.688251515621940371e+02 -2.657732791314246779e+00 4.093601101800103947e+00
3.679657942016594347e+02 -2.821814952529150933e+00 4.158062993158166520e+00
3.671210467732777261e+02 -2.988472304206417629e+00 4.222230058459821578e+00
3.662776955368980225e+02 -3.158194301928355596e+00 4.286169825415534262e+00
3.654552146983522789e+02 -3.331339199680528385e+00 4.349821471928592587e+00
3.646406357870803845e+02 -3.511373862391796941e+00 4.413067028193033536e+00
3.638579906523643217e+02 -3.698361482825213820e+00 4.475920193456605745e+00
3.630934803614541693e+02 -3.889438140537685662e+00 4.538487119847081530e+00
3.623481526556154790e+02 -4.084778499131569873e+00 4.600674303491061323e+00
3.616227625579468850e+02 -4.284627443978342498e+00 4.662507889039027908e+00
3.609358108481389422e+02 -4.491016148885471182e+00 4.723963327001599488e+00
3.602836964782742939e+02 -4.706465339060004638e+00 4.784701115892390888e+00
3.596552096267413390e+02 -4.926918699098782994e+00 4.845032021245228471e+00
3.590587032563057051e+02 -5.152638969669482982e+00 4.904872257086592136e+00
3.584946376379001549e+02 -5.383757705810559457e+00 4.964155722518890812e+00
3.579559319788504581e+02 -5.620992013913729046e+00 5.022821060558270823e+00
3.574768917433598290e+02 -5.869032968201269185e+00 5.080489284397075700e+00
3.570234070793616183e+02 -6.122557892264484991e+00 5.137555567512046117e+00
3.566044223178167840e+02 -6.381643167190508947e+00 5.193944255424226775e+00
3.562142727616476918e+02 -6.646248734704892414e+00 5.249652072657457147e+00
3.558618073016450580e+02 -6.916434842624687995e+00 5.304679381040038777e+00
3.555613173611844218e+02 -7.196582592605270001e+00 5.358458435048071067e+00
3.552988312394352306e+02 -7.482566899635568980e+00 5.411462067120019981e+00
3.550733672580119560e+02 -7.773668587636228366e+00 5.463701060056042280e+00
3.548792612973722385e+02 -8.069742560139923526e+00 5.515182945208905174e+00
3.547178107147246919e+02 -8.370664765304614008e+00 5.565938897120186191e+00
3.546068231845079026e+02 -8.679313826114531949e+00 5.615439852531548759e+00
3.545377191079083445e+02 -8.993806516015686370e+00 5.663962515577357415e+00
3.544990378252890082e+02 -9.312387024858725937e+00 5.711663102115420720e+00
3.544888041824078186e+02 -9.634782193425277086e+00 5.758610409967062083e+00
3.545062263659879136e+02 -9.960720704532681324e+00 5.804677201794418373e+00
3.545711004587287789e+02 -1.029170292253716035e+01 5.849550002537551308e+00
3.546724958370161289e+02 -1.062749400850600168e+01 5.893114220147871229e+00
3.547954056765422024e+02 -1.096577289288828183e+01 5.935798936170900930e+00
3.549440557520144921e+02 -1.130611374673889813e+01 5.977678845707371735e+00
3.551107182164269034e+02 -1.164817033450701089e+01 6.018820767235740554e+00
3.552989268292885754e+02 -1.199230364426122186e+01 6.059087947813634578e+00
3.555319532428719640e+02 -1.233952975917203432e+01 6.098084848342086417e+00
3.557819717720128097e+02 -1.268711152416392984e+01 6.136491547255022105e+00
3.560410845169151344e+02 -1.303456723867480704e+01 6.174386881464967836e+00
3.563045160841290340e+02 -1.338151714959407634e+01 6.211879210192296163e+00
3.565780876194658617e+02 -1.372762757151774693e+01 6.248906471486653125e+00
3.568952097455933767e+02 -1.407478669527725046e+01 6.284414706882433421e+00
3.572219959546937389e+02 -1.442072126385958164e+01 6.319288729635968771e+00
3.575640962723633152e+02 -1.476544795400033472e+01 6.353361078337995238e+00
3.579229567798669791e+02 -1.510894151387704554e+01 6.386595625528983078e+00
3.583025803044736790e+02 -1.545113030296190892e+01 6.418871385868041735e+00
3.587386608117176934e+02 -1.579314624151804836e+01 6.449234480388385649e+00
3.591995214152033213e+02 -1.613381544278295010e+01 6.478354221375868249e+00
3.596921772935700687e+02 -1.647281534336543629e+01 6.506339035176829988e+00
3.602131848698067529e+02 -1.681017459208185016e+01 6.533032681350140258e+00
3.607680741502388742e+02 -1.714584595487648500e+01 6.558479358556673411e+00
3.613811008296862610e+02 -1.748003339922697563e+01 6.581915973181033941e+00
3.620410454986817967e+02 -1.781241472884159194e+01 6.603491574753808102e+00
3.627352443255022081e+02 -1.814268385752419022e+01 6.623679725502064741e+00
3.634701926431479819e+02 -1.847084165739878969e+01 6.642386326299034138e+00
3.642456748328754657e+02 -1.879676063010612097e+01 6.659583412597600116e+00
3.650752929011702577e+02 -1.912028079140175763e+01 6.674778311181911228e+00
3.659601411124199899e+02 -1.944084130922782805e+01 6.687637450718761478e+00
3.668926008051770395e+02 -1.975859557488493934e+01 6.698850193922985419e+00
3.678622758738296170e+02 -2.007337143289316472e+01 6.708341538482656574e+00
3.688650916105191868e+02 -2.038504516627461527e+01 6.716089772994049412e+00
3.699187069018636294e+02 -2.069316735667200291e+01 6.721728544665410254e+00
3.710448048152130127e+02 -2.099690507998993638e+01 6.724659971164231642e+00
3.722008805742441950e+02 -2.129706091670944446e+01 6.725924569929798480e+00
3.733953623122727663e+02 -2.159380610745952467e+01 6.725565948790291237e+00
3.746295695170695126e+02 -2.188779765281060463e+01 6.723599994333392615e+00
3.759053989313066495e+02 -2.217822859859098727e+01 6.720094165842524170e+00
3.772498074560267582e+02 -2.246258219857795169e+01 6.714041688071715086e+00
3.786276260534093012e+02 -2.274382210016664274e+01 6.706496301819587558e+00
3.800401793274606916e+02 -2.302192346683395385e+01 6.697554664049470752e+00
3.814830637486202249e+02 -2.329628855288899558e+01 6.687296643559482945e+00
3.829602103250026630e+02 -2.356715296762681433e+01 6.675718746904125922e+00
3.844791811737380840e+02 -2.383140692815671002e+01 6.661779932925812275e+00
3.860364470259993368e+02 -2.409128070442476144e+01 6.646457501538547419e+00
3.876122596962459852e+02 -2.434697942767180834e+01 6.629891467786846349e+00
3.892096314498501783e+02 -2.459910580295935389e+01 6.612221336468829591e+00
3.908202005017162151e+02 -2.484763513195315809e+01 6.593517975067786807e+00
3.924559086845520710e+02 -2.509022383676788337e+01 6.573116667770209531e+00
3.941194068252579541e+02 -2.532791893901056923e+01 6.551444044543433876e+00
3.957889728663932942e+02 -2.556137183909913091e+01 6.528982233302768279e+00
3.974616519450489136e+02 -2.579135786664756225e+01 6.505884888357565288e+00
3.991345160256626059e+02 -2.601799452860758777e+01 6.482305545471284347e+00
4.008098361212676082e+02 -2.624039761233470358e+01 6.457728052829986964e+00
4.025044402147976825e+02 -2.645549500576492719e+01 6.432109598107976112e+00
4.041915536683665664e+02 -2.666690868429617822e+01 6.405923938704267684e+00
4.058822286363571266e+02 -2.687344224163149420e+01 6.379128748868045484e+00
4.075693038207973586e+02 -2.707446670871908623e+01 6.351618970886399929e+00
4.092592082745327389e+02 -2.726867927034349393e+01 6.323196054597057802e+00
4.109724874315176635e+02 -2.745281581270266003e+01 6.293111055056209047e+00
4.126784849652671028e+02 -2.763013851515772856e+01 6.262069783887755925e+00
4.143834141472845545e+02 -2.779967381495299250e+01 6.230029744900562605e+00
4.160875146040138475e+02 -2.796128270273718996e+01 6.197008151678083721e+00
4.177926940360342769e+02 -2.811573293605920298e+01 6.162931499822090764e+00
4.195145307431487822e+02 -2.825612844782567379e+01 6.126995417612944195e+00
4.212399519730662973e+02 -2.838839876720870237e+01 6.090060335453514995e+00
4.229705668766691815e+02 -2.851269157779535490e+01 6.052250463181222173e+00
4.247065639205159755e+02 -2.862829411328979745e+01 6.013523096463791795e+00
4.264470556615122518e+02 -2.873591463932923773e+01 5.973835496121258970e+00
4.282072275174879792e+02 -2.882976514177635963e+01 5.932601005987584664e+00
4.299771149076490815e+02 -2.891362727990840398e+01 5.890215887488602142e+00
4.317440486693903949e+02 -2.898787704218390360e+01 5.846897130342790128e+00
4.335215145965136685e+02 -2.905369848777121078e+01 5.802583039365498685e+00
4.352972153234301231e+02 -2.910969718777426607e+01 5.757260557045782434e+00
4.370843258969329668e+02 -2.915249832040403888e+01 5.710612521971257571e+00
4.388756469591976952e+02 -2.918221059172538290e+01 5.662628159612175693e+00
4.406636864196808006e+02 -2.920307312873296013e+01 5.613808724982283671e+00
4.424526422038370583e+02 -2.921421883177445267e+01 5.564060285240187476e+00
4.442396726697715508e+02 -2.921610443061678808e+01 5.513418120104609521e+00
4.460283661270201492e+02 -2.920577564169753160e+01 5.461714343396263160e+00
4.478125002828221568e+02 -2.918086383264704509e+01 5.408882110858393766e+00
4.495863038753675482e+02 -2.914772455847802490e+01 5.355336195307799585e+00
4.513560019390594107e+02 -2.910564310458222792e+01 5.301081307819066168e+00
4.531153810001993634e+02 -2.905452653139829877e+01 5.246191279570469490e+00
4.548623250008514560e+02 -2.899374214398360294e+01 5.190676779483973213e+00
4.565929962672701663e+02 -2.891936786396296100e+01 5.134266282460512976e+00
4.583105504545277995e+02 -2.883660411951459324e+01 5.077365485946875090e+00
4.600140037777822499e+02 -2.874662718165692965e+01 5.019975987942445705e+00
4.617036593939631075e+02 -2.864989206425416768e+01 4.962171462480802653e+00
4.633740367173778623e+02 -2.854611852147560569e+01 4.903952047035428308e+00
4.650142599220920943e+02 -2.842872364101283367e+01 4.845119247141914443e+00
4.666415659654692263e+02 -2.830600344131271129e+01 4.785928932943119385e+00
4.682508636839190785e+02 -2.817773518588016657e+01 4.726511445579976822e+00
4.698366736770180978e+02 -2.804498082477676490e+01 4.666944822081436683e+00
4.714146825719101912e+02 -2.790819415020820315e+01 4.607326588129271094e+00
4.729729897994222938e+02 -2.776396883020414563e+01 4.547536825294063334e+00
4.745152872066356622e+02 -2.761393729039266276e+01 4.487853255243829942e+00
4.760411495361540233e+02 -2.746006029624942002e+01 4.428284797917806159e+00
4.775500082327104110e+02 -2.730169008010356180e+01 4.368831452029356299e+00
4.790416799238124099e+02 -2.713885463654369445e+01 4.309497042754586893e+00
4.804962176019884623e+02 -2.696590591559300876e+01 4.250290895725685303e+00
4.819151820582575283e+02 -2.678391971469533672e+01 4.191358819751854092e+00
4.833034693623461635e+02 -2.659484696333565523e+01 4.132587492830672282e+00
4.846575422586728337e+02 -2.639803875700497571e+01 4.073997489234377767e+00
4.859680164042532624e+02 -2.619413885374644124e+01 4.015746884365260172e+00
4.872370474996897656e+02 -2.598104028354164186e+01 3.957879358222874622e+00
4.884461397787474084e+02 -2.575568783428642661e+01 3.900556027001483184e+00
4.896075127457337430e+02 -2.552272147497695443e+01 3.843755499684568200e+00
4.907234123974590148e+02 -2.528288426451449666e+01 3.787461254506666375e+00
4.917875258680870729e+02 -2.503552589996794708e+01 3.731726411695655887e+00
4.928093695000194998e+02 -2.478076204347184586e+01 3.676647581033957835e+00
4.937688086034245316e+02 -2.451298186072557783e+01 3.622503420750394554e+00
4.946907562569272727e+02 -2.423851062204651186e+01 3.569001991089692627e+00
4.955755298374410245e+02 -2.395730511554549835e+01 3.516168226053775214e+00
4.964279327777171034e+02 -2.366987683589811908e+01 3.463996060788923526e+00
4.972425362389176371e+02 -2.337586332610490203e+01 3.412450394989805513e+00
4.980008977230328355e+02 -2.306884402368521947e+01 3.362064730311171701e+00
4.987124369653984672e+02 -2.275445126161352860e+01 3.312384763464805371e+00
4.993759185543127614e+02 -2.243181492117741982e+01 3.263341864010599114e+00
4.999894233016327689e+02 -2.210139804953838549e+01 3.214933286271465462e+00
5.005554112275699481e+02 -2.176208748276053129e+01 3.167165033228986015e+00
5.010364350757562875e+02 -2.141119208729529788e+01 3.120551577315816782e+00
5.014611644376198569e+02 -2.105086035423862256e+01 3.074853621444376017e+00
5.018326750396985290e+02 -2.068480305544352404e+01 3.030012161157287665e+00
5.021568683915829183e+02 -2.031278053763185554e+01 2.986080236651938336e+00
5.024335043281105868e+02 -1.993580955266237709e+01 2.943043797500931813e+00
5.026422188902823791e+02 -1.955295564145911769e+01 2.901404941899419665e+00
5.027949192082311356e+02 -1.916342854662296702e+01 2.861074612568064612e+00
5.029107719287554232e+02 -1.877043162405014698e+01 2.821579043654272478e+00
5.029927991777933585e+02 -1.837380887456536271e+01 2.782854227996159668e+00
5.030446352232666527e+02 -1.797279334165204645e+01 2.744836168936511278e+00
5.030572698755196939e+02 -1.756754079059810891e+01 2.707634002307445886e+00
5.030265991527355709e+02 -1.715569995093759559e+01 2.671507397732940881e+00
5.029691111241818930e+02 -1.674085113773514877e+01 2.635961671847858234e+00
5.028871880247817785e+02 -1.632327262742277441e+01 2.600933325580156108e+00
5.027682817251730967e+02 -1.590358519345575239e+01 2.566464928711548854e+00
5.026097032042164301e+02 -1.548062695779391262e+01 2.532610600589939143e+00
5.023803047322797397e+02 -1.505405314653544302e+01 2.500324502527540904e+00
5.021079846416657233e+02 -1.462554957632914210e+01 2.468759978420346890e+00
5.017917521371382463e+02 -1.419573197582588797e+01 2.438013936684416016e+00
5.014422619016905287e+02 -1.376533624732092420e+01 2.408066841969608962e+00
5.010601873558885018e+02 -1.333462310416550167e+01 2.378998983535872025e+00
5.006177272532628990e+02 -1.290217229912871133e+01 2.351799483762360587e+00
5.001534064911879227e+02 -1.247014543200562109e+01 2.325688787585524331e+00
4.996669450442922766e+02 -1.203893374745540790e+01 2.300663364011648504e+00
4.991511647918108565e+02 -1.160805208603321503e+01 2.276758471288063301e+00
4.985981120748501212e+02 -1.117697657711544501e+01 2.254001653668167737e+00
4.979664957519032669e+02 -1.074434448735130232e+01 2.233396113710872655e+00
4.972579735965518921e+02 -1.031026467297342464e+01 2.214540520545984936e+00
4.964814780733048565e+02 -9.874747243294729415e+00 2.197184473120281201e+00
4.956347619907062381e+02 -9.437893786243787275e+00 2.181360431443040593e+00
4.947285280934848402e+02 -9.000392248637929526e+00 2.167099054357109811e+00
4.937469860207013994e+02 -8.562834238411875631e+00 2.155013586881417087e+00
4.926955078886559818e+02 -8.126266659904141321e+00 2.145125912207145102e+00
4.916024132896135370e+02 -7.691703123247044083e+00 2.136844437566325361e+00
4.904802337868326276e+02 -7.259901110933270729e+00 2.130198848553171320e+00
4.893279577099073094e+02 -6.830842150078288100e+00 2.125159304595749088e+00
4.881266466670413706e+02 -6.404291084375311804e+00 2.122059836387567344e+00
4.868456926445296631e+02 -5.979913990452256911e+00 2.121609265080770079e+00
4.855148876753289073e+02 -5.556955864340076268e+00 2.122872488807496794e+00
4.841144405772545838e+02 -5.134894758536247217e+00 2.125876439731412937e+00
4.826437619764258216e+02 -4.713300087519697534e+00 2.130658072816554061e+00
4.811115435266164582e+02 -4.292224360260891380e+00 2.137255910181251828e+00
4.794688779479482150e+02 -3.873374236254613745e+00 2.146686671099814703e+00
4.777850577168904920e+02 -3.456313671742931248e+00 2.157705033349482271e+00
4.760560445538788485e+02 -3.041583051648005576e+00 2.170218112328670124e+00
4.742867495581663206e+02 -2.629617331659542145e+00 2.184148957284886450e+00
4.724977460312624089e+02 -2.220898146734870071e+00 2.199361311758793125e+00
4.706426284449242985e+02 -1.817257303669237434e+00 2.216909598126410863e+00
4.687535146014263319e+02 -1.417318152334559711e+00 2.235993916208868004e+00
4.668240613908395744e+02 -1.020466491250031638e+00 2.256436801134136250e+00
4.648539916919883126e+02 -6.265395760267821190e-01 2.278211736968684953e+00
4.628305660345737351e+02 -2.353474847119802205e-01 2.301347826349176007e+00
4.607425739796050834e+02 1.514724943905225718e-01 2.326667490542214445e+00
4.585952876062523842e+02 5.347897120985419805e-01 2.353561011257995883e+00
4.564087297467842177e+02 9.159140991623591077e-01 2.381478426844199525e+00
4.541974107650906944e+02 1.295123289755273355e+00 2.410218656930407377e+00
4.519623739943066312e+02 1.672727929208696729e+00 2.439645931029918113e+00
4.497065946079700325e+02 2.047522710637243115e+00 2.469937275354584294e+00
4.474306344072806496e+02 2.418832789093771751e+00 2.501256067259683746e+00
4.451473025182586412e+02 2.787909637904820936e+00 2.532970160935427817e+00
4.428564097244595246e+02 3.153905833832415073e+00 2.565257825396959568e+00
4.405519602945786346e+02 3.515905675438057987e+00 2.598160953684979901e+00
4.382341556827266800e+02 3.872086138153057355e+00 2.632187387574333570e+00
4.358777651869963847e+02 4.218769959201292608e+00 2.667966250718140753e+00
4.335052226520120371e+02 4.558897468394931707e+00 2.704766479182797667e+00
4.311164971155003514e+02 4.892601778992096584e+00 2.742630171643870796e+00
4.287011433767017934e+02 5.220070846903769102e+00 2.781539298586320985e+00
4.262654776814805473e+02 5.541525306094692738e+00 2.821504770148626218e+00
4.237733341781114973e+02 5.852358256438480844e+00 2.863590192306010529e+00
4.212567217607452221e+02 6.157608546174897945e+00 2.906673824662839856e+00
4.187136693377973415e+02 6.457198536629331187e+00 2.950755062642370863e+00
4.161445481725976947e+02 6.750794305239883109e+00 2.995873682606783994e+00
4.135533867983454570e+02 7.037967031312948762e+00 3.042046239427097287e+00
4.109264594586393855e+02 7.314025169898573431e+00 3.089863654252638980e+00
4.082811257395178473e+02 7.581541890552223606e+00 3.138722096611571644e+00
4.056316023940013338e+02 7.841298039567727862e+00 3.188496662252047198e+00
4.029710884216272007e+02 8.092890245677851979e+00 3.239175736564316566e+00
4.002973443140967902e+02 8.336034864349381124e+00 3.290753482447812406e+00
3.976081834862550295e+02 8.566878327954439598e+00 3.343781465154068044e+00
3.948961342026883017e+02 8.786070660634536011e+00 3.398012430145004092e+00
3.921661247928010994e+02 8.995786657976944767e+00 3.453307708901818707e+00
3.894196334787052933e+02 9.195730293038874237e+00 3.509593119295803199e+00
3.866515612900398082e+02 9.385999389205101906e+00 3.566925693704474654e+00
3.838666555482603258e+02 9.564460088268393889e+00 3.625539586858522956e+00
3.810480884321785879e+02 9.730221978882440226e+00 3.685398247566038066e+00
3.782200734830789202e+02 9.887418757004974523e+00 3.746202157208283978e+00
3.753754732674963748e+02 1.003650807598130967e+01 3.807877362318427217e+00
3.725146301229745518e+02 1.017786648168257102e+01 3.870412583063112422e+00
3.696457299142438160e+02 1.031064466233428867e+01 3.933709164107608292e+00
3.667484504783889179e+02 1.043091560328091738e+01 3.998154820566547585e+00
3.638473460296613666e+02 1.054430313294989929e+01 4.063150469273548282e+00
3.609346851872173261e+02 1.065098596272323839e+01 4.128694039175430319e+00
3.580170702931546884e+02 1.075127391549317935e+01 4.194652151829234121e+00
3.550937090207634697e+02 1.084538609652903496e+01 4.261055887922771568e+00
3.521567098065315236e+02 1.092718456937719829e+01 4.327991438546205494e+00
3.492241767977630502e+02 1.100324001684431252e+01 4.395232914496907561e+00
3.462911391769365537e+02 1.107396973776686089e+01 4.462699930120148650e+00
3.433581613468348905e+02 1.113974336930584386e+01 4.530318967694451082e+00
3.404247445603318738e+02 1.120080957576747593e+01 4.598158519278258360e+00
3.375028312686322352e+02 1.125234595742323052e+01 4.666137014110240955e+00
3.345835360999177510e+02 1.129836152808419669e+01 4.734179454728038472e+00
3.316698747120045709e+02 1.134011806936654487e+01 4.802310642311348410e+00
3.287629503036971528e+02 1.137724006695993673e+01 4.870412491968965085e+00
3.258701973183827363e+02 1.140935174166951427e+01 4.938498294202023686e+00
3.229932251028268979e+02 1.143234139725413989e+01 5.006622397346415454e+00
3.201272298809213908e+02 1.144660410381943194e+01 5.074633544834703081e+00
3.172733728049291813e+02 1.145479262635165263e+01 5.142581652683134941e+00
3.144355523195915794e+02 1.145654556565171767e+01 5.210376716613927428e+00
3.116042948842244869e+02 1.145162903803961463e+01 5.277990273302024526e+00
3.087942339408993462e+02 1.143739101262463365e+01 5.345308159246653368e+00
3.060063420313654774e+02 1.141167435912710815e+01 5.412242400169211543e+00
3.032291944782323867e+02 1.137853417198791206e+01 5.478780574122004587e+00
3.004771489953803894e+02 1.133796484645196045e+01 5.544985215209011109e+00
2.977390036691556929e+02 1.128994631633302603e+01 5.610856746398528827e+00
2.950269533019806545e+02 1.123358296942864420e+01 5.676219977163149188e+00
2.923452640982674211e+02 1.116474644148193640e+01 5.740915146004402558e+00
2.896904315439165316e+02 1.108866564317949077e+01 5.805117901491017918e+00
2.870654025605381889e+02 1.100538443023821955e+01 5.868873200731090201e+00
2.844659070615892915e+02 1.091481504278925918e+01 5.932068656015590413e+00
2.818876754759264145e+02 1.081688498282405320e+01 5.994723233070452295e+00
2.793587422032941276e+02 1.070605551982002090e+01 6.056368963012368489e+00
2.768565999722806623e+02 1.058751988141646727e+01 6.117357587196029733e+00
2.743834793855937164e+02 1.046148586511325895e+01 6.177595341504798832e+00
2.719351132140145637e+02 1.032798442452053678e+01 6.237093271172247988e+00
2.695142833009263086e+02 1.018712635953723655e+01 6.295891283999583976e+00
2.671346101405333684e+02 1.003499998585340158e+01 6.353539043948161158e+00
2.647899225848364608e+02 9.874409909134280738e+00 6.410201246147784637e+00
2.624710084956403762e+02 9.706858403808121594e+00 6.466021896547733405e+00
2.601810410642967781e+02 9.532420815029846395e+00 6.521084697538133135e+00
2.579175552428074525e+02 9.351299874018579317e+00 6.575285605482992679e+00
2.556918376686286649e+02 9.161195491464960483e+00 6.628335536211820589e+00
2.535058400906289080e+02 8.962648587344663298e+00 6.680240488035333435e+00
2.513442773564797506e+02 8.758335116907069562e+00 6.731335338422486991e+00
2.492112128383060679e+02 8.548523619490103087e+00 6.781649704842688919e+00
2.470971371622410686e+02 8.333351054173029127e+00 6.831286542499750425e+00
2.450213107036698545e+02 8.111822026654326834e+00 6.879908629574236656e+00
2.429837123181206096e+02 7.882598521826598592e+00 6.927142171982670682e+00
2.409659220083352693e+02 7.649025497288335806e+00 6.973682961697826421e+00
2.389659212917431717e+02 7.411328577966444620e+00 7.019523715893365434e+00
2.369862344109753280e+02 7.169819102223253360e+00 7.064665230443644361e+00
2.350263069231745305e+02 6.924347879531062233e+00 7.109017970546771537e+00
2.331076288068241240e+02 6.672460806847537285e+00 7.151881425502236489e+00
2.311981899880981075e+02 6.418171341951564912e+00 7.194210392687419464e+00
2.293090085471474993e+02 6.161644251251693127e+00 7.235956800942975775e+00
2.274400819548589538e+02 5.902903092259863982e+00 7.277030608937826273e+00
2.255943130464004014e+02 5.642117099457551355e+00 7.317399830394438531e+00
2.238005487197569039e+02 5.376808458895513176e+00 7.356065868799123386e+00
2.220356795690705383e+02 5.109401705519560188e+00 7.393732395409054803e+00
2.202970346872675691e+02 4.840204308440133829e+00 7.430476595222381242e+00
2.185902138380264432e+02 4.569238909706735186e+00 7.466141748042046444e+00
2.169129584407550340e+02 4.296458001442112540e+00 7.500685215020426178e+00
2.152913623005274246e+02 4.020266951837965230e+00 7.533210220395952561e+00
2.137130051877133212e+02 3.741707385733446412e+00 7.564035344744160838e+00
2.121648744048671631e+02 3.461632674319609748e+00 7.593569433341666119e+00
2.106534359151344802e+02 3.180076221175494045e+00 7.621646701951716452e+00
2.091854274436390995e+02 2.897076697302842341e+00 7.648361310790401824e+00
2.077629245045947641e+02 2.612090055243825315e+00 7.672957521819506077e+00
2.063938639182923964e+02 2.325196650730543713e+00 7.695504772149926787e+00
2.050683704407460937e+02 2.037425865893146337e+00 7.716466098763125281e+00
2.037797564642422117e+02 1.748734055358846406e+00 7.735953191501059756e+00
2.025344703232648840e+02 1.459190858915497380e+00 7.753811795005552732e+00
2.013371103900410333e+02 1.168562880815753990e+00 7.769877551818310302e+00
2.001981996539276167e+02 8.766660463321175323e-01 7.783480122457138606e+00
1.990995988558500756e+02 5.842068276067242660e-01 7.795597567434363384e+00
1.980436916443097459e+02 2.911644163940643182e-01 7.806116123041848986e+00
1.970249291375576206e+02 -2.517144421636017138e-03 7.815062428889159030e+00
1.960532108758428933e+02 -2.969303249923569421e-01 7.822366169058787122e+00
1.951476984255707805e+02 -5.922091050877996699e-01 7.826843708421363566e+00
1.942794805712837558e+02 -8.881240171490291102e-01 7.829739688625569016e+00
1.934486098983618660e+02 -1.184751367683108070e+00 7.830904879051624690e+00
1.926609567959484366e+02 -1.482084227606337290e+00 7.830482721138710467e+00
1.919065554071382849e+02 -1.780013128968581215e+00 7.828399306115994882e+00
1.912215509893328829e+02 -2.077823201589535707e+00 7.823713558342429764e+00
1.905705798514477181e+02 -2.375739825410605466e+00 7.817402651150114679e+00
1.899572387625296130e+02 -2.673655513015406271e+00 7.809612955338449680e+00
1.893815883113631457e+02 -2.971495012463493790e+00 7.800363875324916485e+00
1.888367427491784554e+02 -3.268982261643933906e+00 7.789798495299662839e+00
1.883457782775280123e+02 -3.565070221182009558e+00 7.777069400841122970e+00
1.878869702932786652e+02 -3.859761547597348130e+00 7.762588167748055490e+00
1.874585105099266968e+02 -4.153225038561868310e+00 7.746798796208017812e+00
1.870527270530059809e+02 -4.445258743626420816e+00 7.729727040773529900e+00
1.866614397999886990e+02 -4.735725513705649092e+00 7.711398592920132522e+00
1.863053274793568619e+02 -5.023780763265443206e+00 7.691460719204531671e+00
1.859741924339816705e+02 -5.309583035502880577e+00 7.670110496140600809e+00
1.856613489727663477e+02 -5.594619725264772470e+00 7.648239506490588369e+00
1.853598032782739438e+02 -5.878829731091294697e+00 7.626017985514769393e+00
1.850749933430605836e+02 -6.162149151218001997e+00 7.603465442174160316e+00
1.848086667242907595e+02 -6.444001786718146718e+00 7.580411487610151156e+00
1.845749973899651195e+02 -6.722846170136927313e+00 7.556167729768124453e+00
1.843665756906202091e+02 -7.000098995138378299e+00 7.531310942732146962e+00
1.841748834681559970e+02 -7.275596179378455375e+00 7.505604724971090214e+00
1.840146468365651060e+02 -7.549102809609672171e+00 7.478782346569584405e+00
1.838753393163844407e+02 -7.820182925386594874e+00 7.450529787995306741e+00
1.837859447048151367e+02 -8.085666837177107880e+00 7.419773382864256028e+00
1.837251168957740504e+02 -8.347682132085283868e+00 7.387495421945760476e+00
1.836889247922818527e+02 -8.605642183249683441e+00 7.353922726644076313e+00
1.836692747884576136e+02 -8.858844905735120179e+00 7.319086607325569815e+00
1.836749611380944316e+02 -9.106685012290190784e+00 7.283124643995835257e+00
1.837076085243351429e+02 -9.345135036931846884e+00 7.245453188283454082e+00
1.837661992925445134e+02 -9.576347322116014027e+00 7.206718266824178265e+00
1.838357848060657318e+02 -9.801458314788511927e+00 7.167048206231315888e+00
1.839307502691544585e+02 -1.002092653109917997e+01 7.126418099296781605e+00
1.840434701043576524e+02 -1.023533505780325292e+01 7.084734003850562623e+00
1.841946316904612502e+02 -1.044289622790479299e+01 7.041491911360866496e+00
1.843723660105790714e+02 -1.064503929816024730e+01 6.996827084140355701e+00
1.845811072055405475e+02 -1.084345913993129074e+01 6.951027684909098170e+00
1.848164132342480741e+02 -1.103763258171479933e+01 6.904172009194080140e+00
1.850736355075747781e+02 -1.122703693462739238e+01 6.856336911316819105e+00
1.853480379909620126e+02 -1.140922957441517127e+01 6.807283270908546235e+00
1.856583902144172384e+02 -1.158284100287226970e+01 6.757032444003217897e+00
1.859799161965573546e+02 -1.174990155126250713e+01 6.706028484223119257e+00
1.863141196181871351e+02 -1.191021201680701580e+01 6.654275210793887396e+00
1.866635481426156673e+02 -1.206411921693550937e+01 6.601665907733148764e+00
1.870229945033933632e+02 -1.221073200910154810e+01 6.547998952981241239e+00
1.874163913712320664e+02 -1.234827521297063591e+01 6.492805754671366003e+00
1.878211181222147843e+02 -1.248046454305953468e+01 6.436446361007581274e+00
1.882406296105846195e+02 -1.260801681667967244e+01 6.378899946128758103e+00
1.886783811769160195e+02 -1.273082499073922236e+01 6.320090011958006571e+00
1.891304565045539903e+02 -1.284857675740997429e+01 6.260295958284447515e+00
1.896058869523308772e+02 -1.295843324503035987e+01 6.199216169094598605e+00
1.900893630293601575e+02 -1.306464577073836963e+01 6.137525974022458364e+00
1.905843417001416071e+02 -1.316693403211576907e+01 6.075370941719916651e+00
1.910942802551917907e+02 -1.326575935177503496e+01 6.013021884341342549e+00
1.916083516174721240e+02 -1.336229701020738148e+01 5.950498377110375436e+00
1.921368664407770837e+02 -1.345235874534294318e+01 5.887546182195029232e+00
1.926715816890976498e+02 -1.353882405801303968e+01 5.824435674295525445e+00
1.932104890280506311e+02 -1.362376724606180289e+01 5.761199704681919442e+00
1.937559656697996786e+02 -1.370573517204080183e+01 5.697846877412644062e+00
1.943092278827357404e+02 -1.378577025571295245e+01 5.634376297592519123e+00
1.948717335585786543e+02 -1.385887649230753205e+01 5.570711287107001475e+00
1.954364572435867444e+02 -1.392747643321815687e+01 5.506827795957866201e+00
1.960011585888289574e+02 -1.399179152157696926e+01 5.442912001007918832e+00
1.965675816431525220e+02 -1.405251863172457760e+01 5.378914271814567272e+00
1.971309821442474686e+02 -1.410905036502347443e+01 5.314850466506546134e+00
1.977025088111788307e+02 -1.415918558825003082e+01 5.250771490155439203e+00
1.982653821212250307e+02 -1.420168109791542399e+01 5.186680387669817982e+00
1.988308548627923074e+02 -1.423927643708572255e+01 5.122645554800630663e+00
1.993932013673193069e+02 -1.427212500129758865e+01 5.058713834675965693e+00
1.999485630329129435e+02 -1.429981652361580835e+01 4.994944500202797677e+00
2.004992645976075210e+02 -1.432152166227809431e+01 4.931384947216942649e+00
2.010418422177409354e+02 -1.433388124757388127e+01 4.868192692890264794e+00
2.015830545553067452e+02 -1.434031150107002617e+01 4.805247594157209257e+00
2.021162886653112025e+02 -1.434191622084076911e+01 4.742590511775370388e+00
2.026385708810778965e+02 -1.433776805448465019e+01 4.680286560802841223e+00
2.031592345204205117e+02 -1.432858083708531005e+01 4.618285901216498957e+00
2.036640974779739679e+02 -1.430840487739317979e+01 4.556964372747679626e+00
2.041588023660954718e+02 -1.428296535485367080e+01 4.496013288004808928e+00
2.046467121658278643e+02 -1.425206926794938767e+01 4.435492495983332617e+00
2.051253600544790174e+02 -1.421595048477346168e+01 4.375412570976990878e+00
2.055933279414841763e+02 -1.417331928829667120e+01 4.315723660897890390e+00
2.060472721950289952e+02 -1.412238049319785560e+01 4.256681172999929430e+00
2.064849675891733796e+02 -1.406467181361470864e+01 4.198248266640647763e+00
2.069112925745056373e+02 -1.400126301260403849e+01 4.140251572627565047e+00
2.073294430725545965e+02 -1.393299089326284523e+01 4.082685279539584933e+00
2.077358178336059780e+02 -1.385933268460577672e+01 4.025597799180081537e+00
2.081245629185498558e+02 -1.377894504854759106e+01 3.969307686834139037e+00
2.085000135434428898e+02 -1.369185695786020851e+01 3.913771471014680259e+00
2.088661375494276342e+02 -1.360074959706356523e+01 3.858798850597846997e+00
2.092245686278839969e+02 -1.350513178700329853e+01 3.804390810015661817e+00
2.095772044742569733e+02 -1.340583881125854937e+01 3.750484664420119074e+00
2.099120322172802560e+02 -1.330166439374609233e+01 3.697371186646602137e+00
2.102398248619292076e+02 -1.319194596228030214e+01 3.645142422475927457e+00
2.105537551999521213e+02 -1.307859289469319108e+01 3.593324235497323826e+00
2.108613114875386430e+02 -1.296217658200780853e+01 3.542005553860197775e+00
2.111670885310686856e+02 -1.284292712640582934e+01 3.491136754178993939e+00
2.114651199061295586e+02 -1.272093278837281360e+01 3.440695970234317169e+00
2.117447386437971488e+02 -1.259406768924041842e+01 3.391233499359185721e+00
2.120238921912664125e+02 -1.246550885836486167e+01 3.342100751014172477e+00
2.122997972991769302e+02 -1.233551456857865958e+01 3.293314406131743866e+00
2.125729793901673190e+02 -1.220408254116944136e+01 3.244930583407626745e+00
2.128422963945963602e+02 -1.207120647084511589e+01 3.197057564808153618e+00
2.130888393136254422e+02 -1.193424777267318859e+01 3.150415967468778611e+00
2.133312183290983910e+02 -1.179584664184935860e+01 3.104551680673593328e+00
2.135631790086090405e+02 -1.165598882715638140e+01 3.059408511774019956e+00
2.137849805485483046e+02 -1.151478434104684823e+01 3.015055682399405690e+00
2.139968810950357181e+02 -1.137213176983163976e+01 2.971524519393411001e+00
2.141866597644455226e+02 -1.122640954682130143e+01 2.929579270076136055e+00
2.143525146172376310e+02 -1.107885504482350569e+01 2.888874358769389694e+00
2.145028479491273856e+02 -1.092991113488334598e+01 2.849166650976240334e+00
2.146389824793262164e+02 -1.077964448356539684e+01 2.810556540934402214e+00
2.147562089670576597e+02 -1.062799741263761888e+01 2.773023856213429283e+00
2.148532740674159243e+02 -1.047410561423541786e+01 2.737228215633906725e+00
2.149141478828151719e+02 -1.031820605393395951e+01 2.703057869051889828e+00
2.149537786192101692e+02 -1.016127787076825406e+01 2.670128175887520605e+00
2.149807580061397800e+02 -1.000341294491682653e+01 2.638518414930595579e+00
2.149836248717953140e+02 -9.844643189886067347e+00 2.608243412911846804e+00
2.149687114696513106e+02 -9.684751203909868877e+00 2.579584302639202686e+00
2.149174678319699865e+02 -9.523577138846599510e+00 2.552990484530293536e+00
2.148492962834165212e+02 -9.361842946668854637e+00 2.527824162979583456e+00
2.147597102365667752e+02 -9.199609277716549016e+00 2.504047825769952329e+00
2.146495534303834347e+02 -9.036866901686329001e+00 2.481624021669881497e+00
2.145211943442031668e+02 -8.873475372541685502e+00 2.460703347993518975e+00
2.143528925612647811e+02 -8.709254551662645838e+00 2.442092552031238206e+00
2.141688620828165597e+02 -8.544668068083124624e+00 2.424825125574037177e+00
2.139604723023741712e+02 -8.379750745695337955e+00 2.408908204278523701e+00
2.137338421142321749e+02 -8.214610103328315205e+00 2.394304535538258616e+00
2.134878966887625609e+02 -8.049280749004882551e+00 2.381005702716199490e+00
2.132088889581077922e+02 -7.883855826458530558e+00 2.369955444458506477e+00
2.129060508192868042e+02 -7.718498296967532646e+00 2.360270923764581585e+00
2.125888834990258260e+02 -7.553238426848282394e+00 2.351810387344980047e+00
2.122576160698429817e+02 -7.388072293351453546e+00 2.344537037601276630e+00
2.119054852009646481e+02 -7.222943008682126909e+00 2.338414145875925332e+00
2.115259715805052281e+02 -7.058360394706729046e+00 2.334043180274955720e+00
2.111277923940113510e+02 -6.894136873176004876e+00 2.330989875743652462e+00
2.107164175914209920e+02 -6.730130694071569941e+00 2.328938835267429841e+00
2.102973396111832187e+02 -6.566343882170053270e+00 2.327789221635586880e+00
2.098624011524762807e+02 -6.402716673436132488e+00 2.327504657581040082e+00
2.094125677374153156e+02 -6.239801659418210633e+00 2.328393057727147220e+00
2.089444875285759622e+02 -6.077800750354080961e+00 2.330551646440051083e+00
2.084745978168829481e+02 -5.916070102158997202e+00 2.333296423742607928e+00
2.080027009330104875e+02 -5.754737771082948150e+00 2.336583670782158340e+00
2.075269373030210716e+02 -5.593940059289879585e+00 2.340457748170984953e+00
2.070410443156116855e+02 -5.434394668599781042e+00 2.345265370085626522e+00
2.065438809492762005e+02 -5.277043180400100120e+00 2.351434792892798331e+00
2.060392718689026026e+02 -5.121071349025537955e+00 2.358357707136423009e+00
2.055319676840527450e+02 -4.966691886843248582e+00 2.366051848502087385e+00
2.050135832489248173e+02 -4.814099118024895319e+00 2.374577582479624471e+00
2.044841597539536053e+02 -4.663598666180384100e+00 2.384005656206357848e+00
2.039334945607422753e+02 -4.517272383894828991e+00 2.395197810359452895e+00
2.033783328293957595e+02 -4.373383013946908093e+00 2.407303558774831043e+00
2.028134484425841038e+02 -4.232164178392173959e+00 2.420302473931006393e+00
2.022424548128679760e+02 -4.093748598925824211e+00 2.434308066783253288e+00
2.016630659356312378e+02 -3.958309274981349990e+00 2.449270342255335464e+00
2.010618845546764817e+02 -3.828208602724062271e+00 2.466023756124982924e+00
2.004486652482708280e+02 -3.701752282901557667e+00 2.483890291720117549e+00
1.998304687586992259e+02 -3.578714483876639818e+00 2.502710445694773966e+00
1.991994912543203782e+02 -3.459184703554990747e+00 2.522596301198040791e+00
1.985625567337966118e+02 -3.343255820917940380e+00 2.543521192636533090e+00
1.979081751826320499e+02 -3.232913642214946925e+00 2.565963349551342088e+00
1.972381188327487109e+02 -3.127388083545974418e+00 2.589669604474696296e+00
1.965619107460028658e+02 -3.025745265212073321e+00 2.614403462378639187e+00
1.958772573532990009e+02 -2.928030949213224599e+00 2.640147555571311866e+00
1.951818643550503225e+02 -2.834281677924647358e+00 2.666815002628217357e+00
1.944695745685925772e+02 -2.745976201938327144e+00 2.694805398798107099e+00
1.937467557470490647e+02 -2.663505008317828882e+00 2.724110980052321551e+00
1.930165918129080467e+02 -2.585082640615427696e+00 2.754328059540142704e+00
1.922718623175091182e+02 -2.510641161366184537e+00 2.785452288200211513e+00
1.915239618007572346e+02 -2.440098854119038929e+00 2.817415876451817791e+00
1.907650916856088088e+02 -2.374223294817976004e+00 2.850402816776038240e+00
1.899952717132882469e+02 -2.314724345159874019e+00 2.884694632499703815e+00
1.892239775178069863e+02 -2.258954709610771161e+00 2.919674644008499964e+00
1.884418293075597148e+02 -2.206764092617092832e+00 2.955409592488821957e+00
1.876525815353107021e+02 -2.158001417410186917e+00 2.991895473207024647e+00
1.868654300203405967e+02 -2.112633458636727468e+00 3.028997757521761702e+00
1.860666830270343439e+02 -2.073959631089294042e+00 3.067265789598572656e+00
1.852610662260361210e+02 -2.038260446294650752e+00 3.106067953039475693e+00
1.844536532326058591e+02 -2.005397310163465452e+00 3.145430876262062636e+00
1.836421418927401135e+02 -1.975093487407124204e+00 3.185233726992943382e+00
1.828314156202388006e+02 -1.947094882900298307e+00 3.225571295726419319e+00
1.820112866719826172e+02 -1.924286616488811941e+00 3.266563172641505197e+00
1.811897053151027137e+02 -1.903871878529046935e+00 3.307997783544927017e+00
1.803691331046060498e+02 -1.884983860600468963e+00 3.349699504261883565e+00
1.795535170713942819e+02 -1.867406192057589953e+00 3.391693086581563765e+00
1.787336940030402843e+02 -1.851350455765015113e+00 3.433923778843661623e+00
1.779123232068575078e+02 -1.839297531595499802e+00 3.476528074044614058e+00
1.770965307002442444e+02 -1.830623559051721916e+00 3.519425842642402547e+00
1.762803631703345673e+02 -1.824213066782897741e+00 3.562540743229848594e+00
1.754732618431135052e+02 -1.820239503023729721e+00 3.605795293504989285e+00
1.746648826868925823e+02 -1.818943102244812815e+00 3.649179102286954191e+00
1.738622225970624413e+02 -1.822078519868710611e+00 3.692734098213841243e+00
1.730677744016122688e+02 -1.830505179497412982e+00 3.736447254755180136e+00
1.722749915785065866e+02 -1.842220408541766608e+00 3.780170298871287304e+00
1.714893917654255802e+02 -1.857391895830416528e+00 3.823880526424118464e+00
1.707060346915185676e+02 -1.876219734848085130e+00 3.867612899533998672e+00
1.699341852830274320e+02 -1.899514907274646669e+00 3.911284740072757948e+00
1.691652171839507162e+02 -1.929586783473279610e+00 3.954944685407974614e+00
1.684074414116132345e+02 -1.963363683093608536e+00 3.998510699204038232e+00
1.676560395995402359e+02 -2.001027800189330019e+00 4.041963126856249033e+00
1.669144501973682679e+02 -2.042510180201495995e+00 4.085331109280662787e+00
1.661878466468519946e+02 -2.087874649308212760e+00 4.128609105586173555e+00
1.654722219073214546e+02 -2.140726582655595678e+00 4.171680894175508136e+00
1.647624711222643725e+02 -2.197489482930772287e+00 4.214583877186348637e+00
1.640680384293579550e+02 -2.258138528003500234e+00 4.257290015993786092e+00
1.633812416602199562e+02 -2.322735021299167091e+00 4.299759689403759744e+00
1.627049434214862345e+02 -2.391326004272079420e+00 4.342039174866417106e+00
1.620402797194434470e+02 -2.466583137707141216e+00 4.383930457043624607e+00
1.613890531743016368e+02 -2.546407443730478892e+00 4.425428496027688396e+00
1.607478307081357229e+02 -2.630015476192370638e+00 4.466675153446779234e+00
1.601143511899749967e+02 -2.717349983325854978e+00 4.507570708999804943e+00
1.594931941558364201e+02 -2.808291037014539526e+00 4.548209729020953773e+00
1.588897327828973971e+02 -2.904580106318335186e+00 4.588368914385538844e+00
1.582930288345675649e+02 -3.005594203094756001e+00 4.628017354762148372e+00
1.577053106911182851e+02 -3.109910243588290601e+00 4.667316933625692776e+00
1.571294383807215809e+02 -3.217326559940943298e+00 4.706264333585633786e+00
1.565617731836682651e+02 -3.327754132772583695e+00 4.744858033032644862e+00
1.560075505868961727e+02 -3.442177400333506831e+00 4.782955349995657635e+00
1.554634101070816428e+02 -3.561105593754581022e+00 4.820308477570945271e+00
1.549307427150868648e+02 -3.682533063549482399e+00 4.857316797869037472e+00
1.543983458369198729e+02 -3.806229225294044394e+00 4.893978733292526861e+00
1.538756738637446233e+02 -3.931936191049994811e+00 4.930273599189987088e+00
1.533588106532830011e+02 -4.059856774724110551e+00 4.966252850653565254e+00
1.528594527097648950e+02 -4.191328371599601255e+00 5.001516077600049570e+00
1.523670955362007930e+02 -4.323941395044213820e+00 5.036501853916750981e+00
1.518794886955053869e+02 -4.457443802654176501e+00 5.071326608135153791e+00
1.513887663990880981e+02 -4.591634976256297129e+00 5.105935893879287590e+00
1.509121824557975629e+02 -4.726523902973070790e+00 5.140363307329142373e+00
1.504442058868591801e+02 -4.864260797838767303e+00 5.173838293120600618e+00
1.499886818434918894e+02 -5.002784095029038092e+00 5.206842145067597905e+00
1.495408238841858406e+02 -5.142076660578362102e+00 5.239437644870608146e+00
1.491000222211566211e+02 -5.282173297846380677e+00 5.271497209639289139e+00
1.486635969545013438e+02 -5.423073568960172786e+00 5.302924279777223582e+00
1.482549086364192306e+02 -5.566129356630551861e+00 5.333240924496895019e+00
1.478606814768533013e+02 -5.710297699393546367e+00 5.362719970988032436e+00
1.474772684435489509e+02 -5.855149505275776711e+00 5.391487011441085997e+00
1.471044557518083877e+02 -6.000658047408990114e+00 5.419476727397809057e+00
1.467488203785544840e+02 -6.146885346542064532e+00 5.446632645473027168e+00
1.464124390620336271e+02 -6.294459090650742716e+00 5.472504698075135288e+00
1.460929568944299035e+02 -6.443220438079348078e+00 5.497191690902553773e+00
1.457913913400973343e+02 -6.592458900931311483e+00 5.520994617564348061e+00
1.455055417416789396e+02 -6.742207011999427735e+00 5.543873029593255453e+00
1.452352006301827601e+02 -6.892366079690641634e+00 5.565790803193747749e+00
1.449849396790321805e+02 -7.043348123773368386e+00 5.586368557954201286e+00
1.447597701676367308e+02 -7.195287931884153387e+00 5.605496011155968183e+00
1.445505214207030917e+02 -7.347529764309825850e+00 5.623470077911628451e+00
1.443569903448546938e+02 -7.500018663237284500e+00 5.640423138810231052e+00
1.441789749549478756e+02 -7.652714496398771438e+00 5.656217450234120925e+00
1.440189496838238199e+02 -7.805692501814146311e+00 5.670772537767003740e+00
1.438862499744022045e+02 -7.959246891227565790e+00 5.683472874892137483e+00
1.437691897998213335e+02 -8.112797804494636722e+00 5.695098220418526758e+00
1.436668485271266320e+02 -8.266239983566098459e+00 5.705589791864486671e+00
1.435802104727204096e+02 -8.419599572281528665e+00 5.715046639825131614e+00
1.435084899295533489e+02 -8.572814204965727214e+00 5.723436400831711346e+00
1.434637878524043799e+02 -8.725909132048213834e+00 5.730074248778361579e+00
1.434342538833696779e+02 -8.878608065946636430e+00 5.735686945145846316e+00
1.434182417392369189e+02 -9.031013555315183794e+00 5.740264446724460790e+00
1.434148522703021058e+02 -9.183026960241821968e+00 5.743908416701850150e+00
1.434234235171613250e+02 -9.334662305104306057e+00 5.746589100988974685e+00
1.434536738612524402e+02 -9.485607977403628155e+00 5.747758709724698711e+00
1.434976098715042667e+02 -9.635955216103161192e+00 5.747723759542695987e+00
1.435512666706982543e+02 -9.785761340355039195e+00 5.746839502377057762e+00
1.436139276982536614e+02 -9.935015275565765691e+00 5.745177722575188994e+00
1.436842379410277601e+02 -1.008378707982211964e+01 5.742792931645588794e+00
1.437677031861852583e+02 -1.023158124059517426e+01 5.739219262611538142e+00
1.438645304952725610e+02 -1.037841137475282061e+01 5.734695699698970195e+00
1.439653812286157688e+02 -1.052455763730844218e+01 5.729601368700098618e+00
1.440702427620759920e+02 -1.067010420850593100e+01 5.724026387426260243e+00
1.441780728100536066e+02 -1.081503467689401532e+01 5.717978281764038329e+00
1.442921201167882543e+02 -1.095869422053159248e+01 5.711173540892455769e+00
1.444188431202774439e+02 -1.110053127208790968e+01 5.703232840567443063e+00
1.445494328976839142e+02 -1.124099946522394688e+01 5.694653335163075702e+00
1.446843884406952725e+02 -1.137999063571642999e+01 5.685398541582926235e+00
1.448242097075785466e+02 -1.151729868655796274e+01 5.675501764487642653e+00
1.449705721674938559e+02 -1.165265964196841075e+01 5.664763980626039697e+00
1.451328839373344408e+02 -1.178469234506040308e+01 5.652689664056879337e+00
1.453012816309208119e+02 -1.191450754413655666e+01 5.639852923194201395e+00
1.454758262544072238e+02 -1.204201625877842474e+01 5.626343868199174203e+00
1.456570221824476050e+02 -1.216708514049447842e+01 5.612078338955025281e+00
1.458458176659177923e+02 -1.228960921174729037e+01 5.597089201614472209e+00
1.460501794317304416e+02 -1.240774676045547409e+01 5.580657616567977541e+00
1.462626398990202574e+02 -1.252279188763217377e+01 5.563360820384549932e+00
1.464818795551494759e+02 -1.263484811530232399e+01 5.545199980802939521e+00
1.467084070915318534e+02 -1.274389846906879065e+01 5.526213602945189152e+00
1.469420335303541094e+02 -1.284978613108012091e+01 5.506317114804631707e+00
1.471883870782985753e+02 -1.295089496932410356e+01 5.485112606927279089e+00
1.474448460966521850e+02 -1.304804984377666521e+01 5.462840815329245814e+00
1.477075264596422244e+02 -1.314183810566499311e+01 5.439713225762941917e+00
1.479767038317292531e+02 -1.323224194482380867e+01 5.415697613768021945e+00
1.482525572330788179e+02 -1.331917647730683107e+01 5.390893034512649784e+00
1.485378500178302659e+02 -1.340139180726006352e+01 5.364902817158781367e+00
1.488334865927034514e+02 -1.347888515257177389e+01 5.337788162480919141e+00
1.491346358404512387e+02 -1.355287075146348386e+01 5.309874869074707959e+00
1.494414938936795068e+02 -1.362334756289534177e+01 5.281162910501663532e+00
1.497528744610008005e+02 -1.369037132181943228e+01 5.251705707240356347e+00
1.500714113723874732e+02 -1.375324824480187047e+01 5.221229288677952773e+00
1.503986653651977292e+02 -1.381063205411419759e+01 5.189688258681487198e+00
1.507296415964532912e+02 -1.386466987304418375e+01 5.157359873451195398e+00
1.510639178706620100e+02 -1.391531817479641120e+01 5.124323024774486868e+00
1.514013539165784721e+02 -1.396267393002755774e+01 5.090558031603390710e+00
1.517419501396931310e+02 -1.400663615191203881e+01 5.056029199625200476e+00
1.520885066253130162e+02 -1.404465228683187661e+01 5.020339050689979210e+00
1.524370403206051776e+02 -1.407959395936583569e+01 4.984085386784556704e+00
1.527866047208779889e+02 -1.411177712557213937e+01 4.947255757297781997e+00
1.531371397341783620e+02 -1.414129753211865292e+01 4.909880396020100513e+00
1.534901638493799112e+02 -1.416839525798972410e+01 4.871963003183509500e+00
1.538409695826458403e+02 -1.419069824696581961e+01 4.833420152818863613e+00
1.541976733624184135e+02 -1.421050886479291897e+01 4.794396905630954109e+00
1.545540216001686247e+02 -1.422853494059591384e+01 4.755128593073661314e+00
1.549117065024955764e+02 -1.424493291766881775e+01 4.715536080817577691e+00
1.552654990281104403e+02 -1.425992664002982480e+01 4.675688209313189070e+00
1.556147394257370991e+02 -1.427120279217341903e+01 4.635460446247519961e+00
1.559631168520051006e+02 -1.427951613854853186e+01 4.594869393483968167e+00
1.563122571019217162e+02 -1.428572607283901164e+01 4.554055598030753771e+00
1.566561484068725463e+02 -1.428961196444603310e+01 4.513030744022595186e+00
1.570016287036499705e+02 -1.429108139862422000e+01 4.471809329163254354e+00
1.573349728807243650e+02 -1.428850923238166182e+01 4.430337392910200123e+00
1.576705897641282093e+02 -1.428139332337372558e+01 4.388592271625872954e+00
1.579993293713415028e+02 -1.427132711417308464e+01 4.346678750237332522e+00
1.583260018481724387e+02 -1.425821552581958684e+01 4.304731333747628064e+00
1.586440755736032600e+02 -1.424196767592648349e+01 4.262621804308054152e+00
1.589587019758934900e+02 -1.422169434073760286e+01 4.220475792793633829e+00
1.592667324548743579e+02 -1.419573890288878459e+01 4.178159186557543592e+00
1.595667402378294355e+02 -1.416641752073385341e+01 4.135831650618282396e+00
1.598580273898843984e+02 -1.413358451654881875e+01 4.093537947931139342e+00
1.601480216921114561e+02 -1.409721488317281590e+01 4.051212255645507909e+00
1.604309238215333266e+02 -1.405714843782364198e+01 4.008917440984658853e+00
1.607015521385131365e+02 -1.401045723816933908e+01 3.966635242491663327e+00
1.609614240534662599e+02 -1.395996145904462793e+01 3.924408052435425898e+00
1.612184188244134191e+02 -1.390569220916033544e+01 3.882173214169506448e+00
1.614623911797324922e+02 -1.384750007386102233e+01 3.839990778524950965e+00
1.616951068547199384e+02 -1.378542626262711757e+01 3.797813908111786318e+00
1.619234050021489679e+02 -1.371714357946160590e+01 3.755809515864196424e+00
1.621408742832363146e+02 -1.364474061641228353e+01 3.713953885065449434e+00
1.623461306507396955e+02 -1.356874867514626359e+01 3.672230497394679993e+00
1.625417322044532966e+02 -1.348932360660313101e+01 3.630637792923629092e+00
1.627315017117641389e+02 -1.340650229648367642e+01 3.589243049613784375e+00
1.629087623981592117e+02 -1.331873303557901522e+01 3.548119052778601734e+00
1.630769627432438824e+02 -1.322665215089845780e+01 3.507294702998486002e+00
1.632405465447509982e+02 -1.313144853886571184e+01 3.466623362284150911e+00
1.633881823568165146e+02 -1.303319243136578187e+01 3.426155113738244662e+00
1.635282193301375457e+02 -1.293188708702377632e+01 3.385807868588692759e+00
1.636625920867919035e+02 -1.282662336455760510e+01 3.345777981938906187e+00
1.637766819484861287e+02 -1.271697511110815881e+01 3.306083194583748330e+00
1.638852658775467432e+02 -1.260481924321723923e+01 3.266562409366791542e+00
1.639861510392867956e+02 -1.249028726287603952e+01 3.227214166432958109e+00
1.640793399089994864e+02 -1.237345299638007035e+01 3.188037026169449728e+00
1.641648760395715101e+02 -1.225410728400503757e+01 3.149025151431081415e+00
1.642411380873899986e+02 -1.213104179114219683e+01 3.110471262976401086e+00
1.643069951495554335e+02 -1.200627750195131505e+01 3.072112829483225394e+00
1.643642019435318389e+02 -1.188005890083587346e+01 3.033857092553437607e+00
1.644205098729509587e+02 -1.175252170445569355e+01 2.995708476407011656e+00
1.644668691474708737e+02 -1.162380786941509392e+01 2.957615338820140494e+00
1.645058679301846496e+02 -1.149182858057426238e+01 2.920096671607895988e+00
1.645329066370964313e+02 -1.135863621536953261e+01 2.882769005182785893e+00
1.645514812464563192e+02 -1.122422835187337853e+01 2.845736076816216098e+00
1.645616042762663938e+02 -1.108864079754089005e+01 2.809011316564316019e+00
1.645610421465854927e+02 -1.095184181482839314e+01 2.772596966953423614e+00
1.645476236426882508e+02 -1.081245829276780412e+01 2.737015038340648410e+00
1.645217510829202752e+02 -1.067161375398911538e+01 2.701992593468236947e+00
1.644892834612643924e+02 -1.052969387736991003e+01 2.667498396313970233e+00
1.644442313504364392e+02 -1.038666178933153006e+01 2.633552078267218821e+00
1.643869058369045320e+02 -1.024259052760068478e+01 2.600178634738142591e+00
1.643126279841608266e+02 -1.009646766905434312e+01 2.567767831960679370e+00
1.642282958500154280e+02 -9.948681899984913812e+00 2.536177677624379623e+00
1.641260210579817453e+02 -9.799795700004937160e+00 2.505336754956047240e+00
1.640127077163546971e+02 -9.649918313500597478e+00 2.475187066964120053e+00
1.638821242429394545e+02 -9.498962123210972663e+00 2.445737226571500500e+00
1.637350439236541888e+02 -9.346466369260575391e+00 2.417249013041099293e+00
1.635716077072036398e+02 -9.192397906641359029e+00 2.389871068507166907e+00
1.633949629173840492e+02 -9.037383528206119010e+00 2.363303549842596940e+00
1.632033355594323893e+02 -8.881507414522522126e+00 2.337572508793714032e+00
1.629962501186287227e+02 -8.724765224353605575e+00 2.312635132140104410e+00
1.627757111262317835e+02 -8.567023479854732670e+00 2.288559400194446702e+00
1.625296409330317999e+02 -8.407891204764700532e+00 2.265902619034154242e+00
1.622721591842110342e+02 -8.248102549620870860e+00 2.244014231270447191e+00
1.619963755475946812e+02 -8.087681156945986771e+00 2.222942072254501689e+00
1.617085333899528905e+02 -7.926672846799164951e+00 2.202758849613353664e+00
1.614132624025314442e+02 -7.765058861419969816e+00 2.183348376035075589e+00
1.610910811174980495e+02 -7.602471991499055726e+00 2.165371994751853268e+00
1.607513396064165079e+02 -7.439400148684734759e+00 2.148183080938977696e+00
1.603989924832233669e+02 -7.275946565756053808e+00 2.131755935211063768e+00
1.600347356422057885e+02 -7.112100575404252112e+00 2.116108928506383879e+00
1.596542294090720304e+02 -6.947811342936964785e+00 2.101199933420434096e+00
1.592576555267324068e+02 -6.783183040161353539e+00 2.087503625978309074e+00
1.588429591256052618e+02 -6.618242822198774356e+00 2.074654333455292488e+00
1.584168074321768529e+02 -6.453225631137218699e+00 2.062480589271521669e+00
1.579858383677807012e+02 -6.288099656667716530e+00 2.050930579826780065e+00
1.575435541325524014e+02 -6.122955805129561391e+00 2.039943938161624004e+00
1.570812721955658162e+02 -5.957960711147056720e+00 2.029908811499346211e+00
1.566098616059735491e+02 -5.793200551553267630e+00 2.020715700460438580e+00
1.561347680669130114e+02 -5.628522457716313099e+00 2.011962357665778800e+00
1.556562727066058471e+02 -5.463952250257998244e+00 2.003673742146506953e+00
1.551681681645823687e+02 -5.299518967315272278e+00 1.995678660702014939e+00
1.546712180547398816e+02 -5.135353858328221222e+00 1.988272866808101336e+00
1.541637054576304138e+02 -4.971889653005222343e+00 1.981730689541585155e+00
1.536510812006560229e+02 -4.808855746492290528e+00 1.975516132659153712e+00
1.531322092724610968e+02 -4.646447826233537803e+00 1.969757703311250552e+00
1.526059527195415342e+02 -4.484722783603416474e+00 1.964452632311116886e+00
1.520700315078534004e+02 -4.323851787074101338e+00 1.959784903651284216e+00
1.515244599229603182e+02 -4.164806913070519201e+00 1.956225378466512455e+00
1.509711308338277149e+02 -4.006865272184758631e+00 1.953214254255916993e+00
1.504116714737073437e+02 -3.850228803346907647e+00 1.950821622408994482e+00
1.498391289235877082e+02 -3.694895806148639217e+00 1.949050581669974580e+00
1.492670074166321399e+02 -3.541026259632103379e+00 1.947901938844378789e+00
1.486733294092708491e+02 -3.389732966781328738e+00 1.948045161140121717e+00
1.480678994822630159e+02 -3.240244839720255676e+00 1.948871445697463622e+00
1.474570252053533181e+02 -3.092579378505560417e+00 1.950417689899162310e+00
1.468385498659216921e+02 -2.946743422405011525e+00 1.952672574183627274e+00
1.462136593422472117e+02 -2.802841848049839157e+00 1.955649071228092062e+00
1.455728218021845635e+02 -2.661937346893749723e+00 1.959709072312797007e+00
1.449254461014751882e+02 -2.523511435126593483e+00 1.964743087287668555e+00
1.442688364258991385e+02 -2.387261533781814826e+00 1.970485793809177766e+00
1.436029393265632734e+02 -2.253216300835309216e+00 1.976966258716569946e+00
1.429283613132460857e+02 -2.121384018705199992e+00 1.984162808186070492e+00
1.422512747392507890e+02 -1.992637941743633290e+00 1.992381985369462205e+00
1.415580031954334856e+02 -1.867005453879707177e+00 2.001605839760502992e+00
1.408592578800916044e+02 -1.743700109185794211e+00 2.011489867182018276e+00
1.401505115648734829e+02 -1.622739426550313224e+00 2.022111470449321491e+00
1.394411524227972450e+02 -1.504113791426274993e+00 2.033414165112034766e+00
1.387164889262940903e+02 -1.388374212429912324e+00 2.045572550394710198e+00
1.379830791189597790e+02 -1.276263640493518370e+00 2.058674704116334020e+00
1.372438640309514710e+02 -1.166482611793313140e+00 2.072465972891602171e+00
1.364983868299084975e+02 -1.059009086536011779e+00 2.086842970097837480e+00
1.357467192087284502e+02 -9.538075976131100697e-01 2.101816691955545213e+00
1.349887848454857533e+02 -8.510311328977896439e-01 2.117457214518505992e+00
1.342213685819817783e+02 -7.522559267877989564e-01 2.133989648308777021e+00
1.334488000526918938e+02 -6.555786990377200363e-01 2.151077781016704993e+00
1.326718203771634705e+02 -5.609129257446778816e-01 2.168636982578806993e+00
1.318904414306553008e+02 -4.681795895387184658e-01 2.186669981711827138e+00
1.311061292941230079e+02 -3.772780755879377446e-01 2.205120943317742999e+00
1.303141975907868755e+02 -2.900849677639231738e-01 2.224351588754351461e+00
1.295190170756665395e+02 -2.047582321400330252e-01 2.243957620665040675e+00
1.287214103966923346e+02 -1.209410258491872142e-01 2.263909032602332783e+00
1.279207720479022754e+02 -3.850863473723193514e-02 2.284138068803938104e+00
1.271178097382525323e+02 4.264946524227927055e-02 2.304683756648536530e+00
1.263107803960724880e+02 1.211181994991742950e-01 2.325626794183619506e+00
1.255008661380623067e+02 1.974851100301110995e-01 2.346879712636437798e+00
1.246900125946479818e+02 2.724533428773409094e-01 2.368359793012741132e+00
1.238789094470133278e+02 3.458949889826724022e-01 2.390057213964901450e+00
1.230676928334610380e+02 4.176127769855334515e-01 2.411899965090414710e+00
1.222568818189785418e+02 4.864156628352989120e-01 2.434144177809308474e+00
1.214458873175236704e+02 5.519606774090966006e-01 2.456706394237275770e+00
1.206365802365470330e+02 6.154146646176593682e-01 2.479423199658577825e+00
1.198289439923214985e+02 6.767130044385585297e-01 2.502322591556930487e+00
1.190228897620291093e+02 7.356630909999147816e-01 2.525372344193977270e+00
1.182184576768441673e+02 7.915532264072878688e-01 2.548640153961349686e+00
1.174153709709915745e+02 8.432034418592848635e-01 2.572252597455817025e+00
1.166142790289621161e+02 8.921609542116357705e-01 2.595915768474394536e+00
1.158156910521711467e+02 9.384303185527254065e-01 2.619678642721010586e+00
1.150200211619548725e+02 9.819454038631999504e-01 2.643580700475200107e+00
1.142267775472488012e+02 1.022563554892931492e+00 2.667647809339344089e+00
1.134371857775408188e+02 1.058078612203351421e+00 2.691843975132153677e+00
1.126513661793659793e+02 1.090786256433942336e+00 2.716128521943905749e+00
1.118688274927922777e+02 1.120516266163957830e+00 2.740480095925263981e+00
1.110893872348501645e+02 1.147318330537097975e+00 2.764935318567016242e+00
1.103138475134906713e+02 1.171169662135404410e+00 2.789373269319893378e+00
1.095432265980854396e+02 1.190062306485558663e+00 2.813896647846913179e+00
1.087764793898675890e+02 1.205629409412860786e+00 2.838453700582904027e+00
1.080131351576590930e+02 1.218184909422359352e+00 2.862942676758342575e+00
1.072534099067871125e+02 1.227777250429971767e+00 2.887452300849113751e+00
1.064978528815702816e+02 1.234454630590635205e+00 2.911918365662796937e+00
1.057476949911716702e+02 1.236849356710223446e+00 2.936373309165161150e+00
1.050026441785008302e+02 1.235590661500976184e+00 2.960757817644186662e+00
1.042624373395239559e+02 1.231653700844119070e+00 2.985107156937792716e+00
1.035266241586481897e+02 1.225072727538079276e+00 3.009439121208588475e+00
1.027947032051483092e+02 1.215945497373286610e+00 3.033701317012062582e+00
1.020690673926448824e+02 1.203348520633978458e+00 3.057823340554158165e+00
1.013502158894488758e+02 1.187112994779007558e+00 3.081865421743810174e+00
1.006349403373998541e+02 1.168602130797794736e+00 3.105843112644290471e+00
9.992392095136318630e+01 1.147861991323410935e+00 3.129716211071920995e+00
9.921643259427575856e+01 1.125001776306346901e+00 3.153517104911141899e+00
9.851339212461817851e+01 1.099624670767417545e+00 3.177177601465733137e+00
9.781785460707288848e+01 1.070869321411803021e+00 3.200644600889991587e+00
9.712486333724233134e+01 1.040364625643347418e+00 3.224017722171492739e+00
9.643494187599300460e+01 1.008297413785701035e+00 3.247296921216688226e+00
9.574790498382951398e+01 9.748332492489591994e-01 3.270574124791653325e+00
9.506371713623349251e+01 9.400492802552286031e-01 3.293746155161905609e+00
9.438747397955184226e+01 9.023365476478757419e-01 3.316660695665359260e+00
9.371376192175318920e+01 8.634625287808882499e-01 3.339457498732101293e+00
9.304377156558426520e+01 8.234943485685649600e-01 3.362137193297265458e+00
9.237770937135337590e+01 7.823018490132913616e-01 3.384683945377226166e+00
9.171686256817882565e+01 7.398618331753851196e-01 3.407069794674992380e+00
9.106604384352255011e+01 6.947987156724717561e-01 3.428940484225305063e+00
9.042239786735292739e+01 6.481260651244125093e-01 3.450468033078716079e+00
8.978447624747221312e+01 6.001187570729149545e-01 3.471751392646640788e+00
8.915366742236005848e+01 5.507539303829046551e-01 3.492654532802731637e+00
8.852935937261217703e+01 5.000587525930076938e-01 3.513241502462984389e+00
8.791732111959149165e+01 4.469958472801713878e-01 3.533113289790069445e+00
8.731476622748144223e+01 3.919531737036811014e-01 3.552486748632276647e+00
8.672061078077051377e+01 3.355436526955566379e-01 3.571362907672096298e+00
8.613510551716719021e+01 2.777870891166850931e-01 3.589771218677463960e+00
8.555784658755388250e+01 2.187098038703607084e-01 3.607740528655999590e+00
8.499298875893654781e+01 1.578077599007578768e-01 3.625029005774933477e+00
8.444214811746876137e+01 9.494025564040792231e-02 3.641633932567613918e+00
8.390108798556732950e+01 3.087442605573280721e-02 3.657687143305692778e+00
8.336969459170740038e+01 -3.438343505150774637e-02 3.673231851429382466e+00
8.284865235225841218e+01 -1.008340074807659997e-01 3.688311222551286406e+00
8.233906867094617610e+01 -1.686918967559725702e-01 3.702723155746083794e+00
8.184509284609433166e+01 -2.385290562824920191e-01 3.716241936000333368e+00
8.136090044498294560e+01 -3.094937557479610080e-01 3.729147507694230423e+00
8.088706709359873059e+01 -3.815831538722671556e-01 3.741508635764296820e+00
8.042262507730151810e+01 -4.547666196804866501e-01 3.753251150899194144e+00
7.996792098024384643e+01 -5.290301337995281239e-01 3.764449174835839518e+00
7.953063198977569925e+01 -6.051067220698371774e-01 3.774590303683861503e+00
7.910292497357798425e+01 -6.821443764313365188e-01 3.784166007862515002e+00
7.868466319794256947e+01 -7.601138572306731511e-01 3.793148479894782543e+00
7.827542312056486651e+01 -8.389940158426119066e-01 3.801580356450780851e+00
7.787527244358702205e+01 -9.187539602129441985e-01 3.809432998557012784e+00
7.748935066951094086e+01 -9.997711878319166523e-01 3.816388387641194146e+00
7.711419834349909763e+01 -1.081652370390421947e+00 3.822707582706200480e+00
7.674657044549856266e+01 -1.164244083881598169e+00 3.828543333687455252e+00
7.638706860550652777e+01 -1.247518500606952241e+00 3.833883985589699783e+00
7.603472276223739357e+01 -1.331460963087021554e+00 3.838791268984313554e+00
7.569355413040781855e+01 -1.416223362655715690e+00 3.842937801014464583e+00
7.536213313661227176e+01 -1.501681850151338704e+00 3.846380566775827514e+00
7.503670503101977829e+01 -1.587706604844964842e+00 3.849477438871877766e+00
7.471637617798317876e+01 -1.674283722755598447e+00 3.852189424661355499e+00
7.440089964195890104e+01 -1.761333269681521152e+00 3.854544957840954300e+00
7.409238431603857578e+01 -1.848968923584323187e+00 3.856342021306304879e+00
7.379241627497314937e+01 -1.936981733409593565e+00 3.857485326923475455e+00
7.349655561513652913e+01 -2.025309268205537361e+00 3.858417847908047982e+00
7.320547345177077148e+01 -2.113800496507031834e+00 3.859075105409713657e+00
7.291921817194044309e+01 -2.202393257620176570e+00 3.859372654027936722e+00
7.263932100908131417e+01 -2.290905066109689248e+00 3.859303616476169818e+00
7.237163309057210370e+01 -2.379150054165331429e+00 3.858485343038058346e+00
7.211007957699055737e+01 -2.467217331737610930e+00 3.857235374061715572e+00
7.185461625718315304e+01 -2.554970693578740182e+00 3.855561234722731712e+00
7.160532513957556944e+01 -2.642417773917612234e+00 3.853423524511513154e+00
7.136244892270661921e+01 -2.729418814949884808e+00 3.850888426257867536e+00
7.113362719740128171e+01 -2.815648429681596454e+00 3.847221189505691807e+00
7.091186798619584408e+01 -2.901239502881629129e+00 3.843087279744810125e+00
7.069710881562595262e+01 -2.986207169425685315e+00 3.838397845856083013e+00
7.048942324486165489e+01 -3.070493920083589678e+00 3.833171335456678985e+00
7.028949189423416044e+01 -3.154082633316415585e+00 3.827486764141058373e+00
7.010153803829194885e+01 -3.236349911454502681e+00 3.820793745700946875e+00
6.992313708373885106e+01 -3.317527873799967164e+00 3.813466393887132266e+00
6.975208789913412488e+01 -3.397822093498785279e+00 3.805559270791421866e+00
6.958843805041514941e+01 -3.477155655394833733e+00 3.797077457895735808e+00
6.943219402869554813e+01 -3.555498429267962113e+00 3.788013450861416498e+00
6.928643159740116175e+01 -3.632396644133986996e+00 3.778112508683542536e+00
6.915158967109772448e+01 -3.707833751488359031e+00 3.767376390738653491e+00
6.902344011521648781e+01 -3.782202740050378154e+00 3.755980044447012389e+00
6.890250954782463566e+01 -3.855477897214413030e+00 3.744068458179381498e+00
6.878871178111822360e+01 -3.927640318325623880e+00 3.731525598754211970e+00
6.868393797999959816e+01 -3.998354267521734062e+00 3.718246375544222548e+00
6.858967444041171291e+01 -4.067328995275806491e+00 3.704187483782899193e+00
6.850179219743733938e+01 -4.135108906427954700e+00 3.689613306073095345e+00
6.842050477189357593e+01 -4.201816695386077605e+00 3.674532497897207595e+00
6.834594977348470479e+01 -4.267451204596736325e+00 3.659023151469032786e+00
6.827797424953759275e+01 -4.331824462789921171e+00 3.642956007181811451e+00
6.822049440959030164e+01 -4.394194679651350910e+00 3.625995707543069990e+00
6.816843139413120412e+01 -4.455511892769079552e+00 3.608675423772069735e+00
6.812175245298102766e+01 -4.515825581288164692e+00 3.590855680914190273e+00
6.807997175524570821e+01 -4.575198610111220532e+00 3.572555396427260277e+00
6.804290351682129767e+01 -4.633708659883211567e+00 3.553881582584054399e+00
6.801518483303820517e+01 -4.690228170061337742e+00 3.534512343240490573e+00
6.799139778219593211e+01 -4.745864585796017998e+00 3.514721001619278695e+00
6.797212450001570971e+01 -4.800809299669362318e+00 3.494580532461148081e+00
6.795566540086390717e+01 -4.855244348436463575e+00 3.474173690875321796e+00
6.794294814929007487e+01 -4.909150029765340761e+00 3.453531122984059287e+00
6.793605599624540048e+01 -4.961626429383544590e+00 3.432337092441002824e+00
6.793321838907999677e+01 -5.013370894120862786e+00 3.410884583186517549e+00
6.793267955736286012e+01 -5.064708941858074631e+00 3.389243159369502489e+00
6.793433404518795271e+01 -5.115460380972872478e+00 3.367381239136862714e+00
6.793881251965372314e+01 -5.165582507962477976e+00 3.345324955721100224e+00
6.794731516087435352e+01 -5.214148235320287483e+00 3.322944728010728710e+00
6.795915344177544171e+01 -5.260957405085640914e+00 3.300192298272910829e+00
6.797292355541571851e+01 -5.306796492996690873e+00 3.277234851819138761e+00
6.798908040620820259e+01 -5.351487279500168448e+00 3.254099777957657924e+00
6.800676555630299447e+01 -5.394912905622282651e+00 3.230672119496131423e+00
6.802684995163809845e+01 -5.436503324887739907e+00 3.207005221604631640e+00
6.805008653889908032e+01 -5.475566191723787668e+00 3.182926955139597780e+00
6.807456351807910266e+01 -5.513155955126729069e+00 3.158681753753509902e+00
6.810053665789963873e+01 -5.549236325617843413e+00 3.134242870029342320e+00
6.812773476779521786e+01 -5.583744859751756273e+00 3.109653526371108256e+00
6.815643081082558297e+01 -5.616558691773552603e+00 3.084943602981308430e+00
6.818795811568878662e+01 -5.646252472482020224e+00 3.060024644293024565e+00
6.822082447436145003e+01 -5.674274831949262854e+00 3.034937502358431072e+00
6.825379712085286599e+01 -5.700568476890087055e+00 3.009798252970174559e+00
6.828841575789620322e+01 -5.725119742493316011e+00 2.984533208532808679e+00
6.832317383378249076e+01 -5.747959464787797401e+00 2.959169273155268787e+00
6.835932224265880564e+01 -5.767458632904257421e+00 2.933604234471504313e+00
6.839614330960569077e+01 -5.785003353014808170e+00 2.907895026709197417e+00
6.843332429319097798e+01 -5.800691701614964835e+00 2.882130770516296625e+00
6.847064966922614815e+01 -5.814620137507962028e+00 2.856237404429049942e+00
6.850860084307039699e+01 -5.826799068812974269e+00 2.830280269209624056e+00
6.854719617463969428e+01 -5.836085620664597684e+00 2.804157834126893789e+00
6.858528840596632392e+01 -5.843140785628605727e+00 2.778053038317807477e+00
6.862378639417161708e+01 -5.848471007166864410e+00 2.751869447458525908e+00
6.866206993108377787e+01 -5.852165798286300458e+00 2.725597548040735507e+00
6.870091843109845797e+01 -5.854176641947874238e+00 2.699296734458751512e+00
6.873849688943796821e+01 -5.853829921789968971e+00 2.672965015442360759e+00
6.877634104065501219e+01 -5.851085964116626847e+00 2.646495993494884402e+00
6.881351449482866656e+01 -5.846810898309525939e+00 2.620018194574909032e+00
6.885011476353236048e+01 -5.841069304874253909e+00 2.593439487926315401e+00
6.888698950337317228e+01 -5.833940560860384927e+00 2.566866640377287734e+00
6.892354223917200784e+01 -5.825120268031427351e+00 2.540170134209752462e+00
6.895888409787190199e+01 -5.813977853986012079e+00 2.513561620653241846e+00
6.899458734959264916e+01 -5.801872176834242723e+00 2.486955690397000485e+00
6.903089844570664013e+01 -5.788832376836747784e+00 2.460323568972858865e+00
6.906755156938582729e+01 -5.775018754397282628e+00 2.433694429624376987e+00
6.910454212594882506e+01 -5.760340371837314066e+00 2.406993654064820465e+00
6.914031213942942600e+01 -5.743771248863873247e+00 2.380464654000765901e+00
6.917745957771148824e+01 -5.726662578342694765e+00 2.353902291494653909e+00
6.921469004739445552e+01 -5.709003323310748002e+00 2.327362879264855966e+00
6.925181490707115017e+01 -5.690767158108124057e+00 2.300803573283544345e+00
6.928831251234475985e+01 -5.671868396256130040e+00 2.274299926974244546e+00
6.932237405676782771e+01 -5.651042175924059663e+00 2.247998907377194211e+00
6.935517099749857550e+01 -5.629389388846019138e+00 2.221855942994070521e+00
6.938662672119160391e+01 -5.606947296928363578e+00 2.195880464132148102e+00
6.941587323200565152e+01 -5.583739435476807067e+00 2.170031027740447982e+00
6.944397692561784652e+01 -5.559636658040060908e+00 2.144335418617824729e+00
6.946730649255671608e+01 -5.533973072900193912e+00 2.118942015776651200e+00
6.948796169639000198e+01 -5.507009879039219236e+00 2.093911671834467914e+00
6.950546844221257459e+01 -5.479236577260641283e+00 2.069122920192877135e+00
6.952058761916622132e+01 -5.450592314729274079e+00 2.044612663357998628e+00
6.953272000148223242e+01 -5.421086958649842025e+00 2.020355040488641230e+00
6.953970631614186004e+01 -5.390207405265311280e+00 1.996470009579637939e+00
6.954204043837575000e+01 -5.357848106588193104e+00 1.973100962455274887e+00
6.954037404963463587e+01 -5.324641082430210837e+00 1.950001763744363403e+00
6.953507643836435648e+01 -5.290517625523417422e+00 1.927286392196698506e+00
6.952588333478861671e+01 -5.255462694564912773e+00 1.904859951910004900e+00
6.951188254796417709e+01 -5.219260851208256113e+00 1.882831048049919964e+00
6.949044161699528388e+01 -5.181447677632516680e+00 1.861427798429412306e+00
6.946446613621505151e+01 -5.142712828960446458e+00 1.840324999637265924e+00
6.943453379157980976e+01 -5.103156114422498391e+00 1.819598776065463275e+00
6.940093813765234643e+01 -5.062745898918927345e+00 1.799264951159101233e+00
6.936310391546113863e+01 -5.021600683429092271e+00 1.779290429430832265e+00
6.931758251149297223e+01 -4.978963312602963320e+00 1.760050076674886554e+00
6.926864132640018568e+01 -4.935646569864679201e+00 1.741182443217068165e+00
6.921621220193745216e+01 -4.891691100482962185e+00 1.722689906764619527e+00
6.916006062411314304e+01 -4.847072413417757630e+00 1.704534073913627656e+00
6.909983183552066066e+01 -4.801754093987364413e+00 1.686772171291868627e+00
6.903368655484604233e+01 -4.755353279125674071e+00 1.669642534881141671e+00
6.896236860222964538e+01 -4.708240293971025281e+00 1.652927829155031336e+00
6.888814498786770457e+01 -4.660515035460754518e+00 1.636525220430359973e+00
6.881036838079239715e+01 -4.612230118529902612e+00 1.620465107160620644e+00
6.873000689966629295e+01 -4.563405723891245991e+00 1.604658694781553097e+00
6.864417797059482496e+01 -4.513829261432046103e+00 1.589383004959625589e+00
6.855474374566097140e+01 -4.463709462810494522e+00 1.574533916402407252e+00
6.846341969428098650e+01 -4.413156195345839805e+00 1.559920407094253392e+00
6.836990582269008598e+01 -4.362248714777529734e+00 1.545553747274613476e+00
6.827521497663417449e+01 -4.310934614511441332e+00 1.531379368970753330e+00
6.817749672973016573e+01 -4.259241583320733326e+00 1.517554772683501252e+00
6.807600626725418635e+01 -4.207146509316684657e+00 1.504076276708665949e+00
6.797396404223911759e+01 -4.154783063346347838e+00 1.490776398944948955e+00
6.787131159082566967e+01 -4.102177056035045233e+00 1.477612654022397498e+00
6.776712431935632708e+01 -4.049369451059373404e+00 1.464627912262579379e+00
6.766093045028728170e+01 -3.996512710739249297e+00 1.451927645840196401e+00
6.754932986441166065e+01 -3.943524387128469755e+00 1.439779780637119089e+00
6.743678895607426682e+01 -3.890562542034037286e+00 1.427898176795378671e+00
6.732220851841766773e+01 -3.837728547383173705e+00 1.416297950831872265e+00
6.720580222512681701e+01 -3.785017271516423421e+00 1.405005075202287124e+00
6.708761455764120285e+01 -3.732447128202819542e+00 1.394040519769094377e+00
6.696317460895707541e+01 -3.680282293753199152e+00 1.383819897002442456e+00
6.683612888861686940e+01 -3.628433840120800280e+00 1.373963871988894914e+00
6.670656864528518781e+01 -3.576843480305280654e+00 1.364472421989095574e+00
6.657413943565644843e+01 -3.525621089809382269e+00 1.355365555075608297e+00
6.643941681819080713e+01 -3.474745242302176518e+00 1.346656220192512521e+00
6.629793135629189749e+01 -3.424542109678813784e+00 1.338670851394607064e+00
6.615309918185148774e+01 -3.374795771931093036e+00 1.331184778804475943e+00
6.600504262108466946e+01 -3.325531196705759474e+00 1.324118787108145900e+00
6.585381849062672188e+01 -3.276789110321455922e+00 1.317481454808730579e+00
6.569933174041079837e+01 -3.228532019360649929e+00 1.311274596109042845e+00
6.553954309036764414e+01 -3.181151047457349001e+00 1.305733320958084587e+00
6.537503238476786294e+01 -3.134451477708347422e+00 1.300795335098650085e+00
6.520742666648779107e+01 -3.088375206931979644e+00 1.296290846675076658e+00
6.503669162869462639e+01 -3.042870601245763584e+00 1.292225123531650643e+00
6.486347079731488918e+01 -2.998014871261150738e+00 1.288590180139235208e+00
6.468537372225952709e+01 -2.953914564747341487e+00 1.285526535174463136e+00
6.450277076580306357e+01 -2.910878711017446996e+00 1.283119404263615815e+00
6.431719007922316678e+01 -2.868398204942713914e+00 1.281132637136021879e+00
6.412850645699549545e+01 -2.826544868642055786e+00 1.279556142995742718e+00
6.393742027120740090e+01 -2.785314798692565041e+00 1.278377174485932466e+00
6.374229324383613005e+01 -2.744793698946021987e+00 1.277637843896320735e+00
6.354207531025285505e+01 -2.705408640987461144e+00 1.277579584877359897e+00
6.333888194332773480e+01 -2.666579596946922148e+00 1.277879043366285217e+00
6.313330562926456224e+01 -2.628384850869894152e+00 1.278524868743214471e+00
6.292555812510282465e+01 -2.590640112895620462e+00 1.279509156882697285e+00
6.271537523045707019e+01 -2.553413723707032013e+00 1.280811935768857657e+00
6.250137907780148083e+01 -2.517423171160177109e+00 1.282726498881889610e+00
6.228579202659226155e+01 -2.481914578988046127e+00 1.284940402766769685e+00
6.206875938823331751e+01 -2.446813943928539459e+00 1.287416831716028609e+00
6.185105283810827359e+01 -2.412050652045063526e+00 1.290136384607628139e+00
6.163273729094765940e+01 -2.377562285648759044e+00 1.293080699170899406e+00
6.141181872288343158e+01 -2.343965484798071319e+00 1.296442308518123587e+00
6.118993764497511734e+01 -2.310769636623456691e+00 1.300047175690203893e+00
6.096762784348874931e+01 -2.277710827818271166e+00 1.303808075589864668e+00
6.074492774672727080e+01 -2.244847496765931538e+00 1.307725793259915115e+00
6.052187640281570680e+01 -2.212253046669211631e+00 1.311799593060864133e+00
6.029726597738999061e+01 -2.180548182645530630e+00 1.316185805265388753e+00
6.007176986011587871e+01 -2.149755186663146578e+00 1.320856916236718526e+00
5.984641516469966405e+01 -2.119488190040630382e+00 1.325697796379622817e+00
5.962106796119689989e+01 -2.089826363067540882e+00 1.330714629149787553e+00
5.939561286386652483e+01 -2.060836459324279613e+00 1.335913632940014972e+00
5.916977608209084138e+01 -2.032920752364948402e+00 1.341365860606601457e+00
5.894291232551694293e+01 -2.006504504654708754e+00 1.347132421154110693e+00
5.871641226091946208e+01 -1.980943695090721102e+00 1.353066808238403862e+00
5.848985702711695467e+01 -1.956294284517558602e+00 1.359216077813588219e+00
5.826267211502852206e+01 -1.932613952296168947e+00 1.365499769140780195e+00
5.803604336946877140e+01 -1.910062366515242527e+00 1.371954826215302514e+00
5.780847981728205554e+01 -1.889504272715314848e+00 1.378826981150463871e+00
5.758113766872482842e+01 -1.869992338271095678e+00 1.385776989602885312e+00
5.735454815888952851e+01 -1.851554882647236999e+00 1.392930684464698921e+00
5.712806590063976131e+01 -1.834221760115417821e+00 1.400282575257881135e+00
5.690280435751571275e+01 -1.818002547139604408e+00 1.407768943451862986e+00
5.667801111626163646e+01 -1.803932312859077625e+00 1.415531164548891940e+00
5.645402731819276454e+01 -1.791091553299789529e+00 1.423441332273545079e+00
5.623065332672007344e+01 -1.779385338966882335e+00 1.431533249001787800e+00
5.600842053222445571e+01 -1.768815649885962626e+00 1.439737946770562216e+00
5.578645754977863902e+01 -1.759386420479846391e+00 1.448108883406105551e+00
5.556558781554876703e+01 -1.751892106619668654e+00 1.456685998532312398e+00
5.534498154798329494e+01 -1.745846525226604218e+00 1.465438093393903740e+00
5.512548538282324273e+01 -1.740894224891252229e+00 1.474311257370130246e+00
5.490646041678607503e+01 -1.737008774900614672e+00 1.483253157035920422e+00
5.468861166381022798e+01 -1.734164212171422026e+00 1.492351907013294676e+00
5.447155706329658642e+01 -1.732897635294842642e+00 1.501590896524464869e+00
5.425561234019663459e+01 -1.733161180855666839e+00 1.510906431743195721e+00
5.404102626388048236e+01 -1.734373115485005279e+00 1.520369355365274844e+00
5.382683252873611934e+01 -1.736484702657612900e+00 1.529916138385558400e+00
5.361326339916194428e+01 -1.739453501707785232e+00 1.539547490897579696e+00
5.340039103019934430e+01 -1.743553867607038121e+00 1.549242689180392984e+00
5.318891390532972707e+01 -1.749194372424839106e+00 1.559018328865079628e+00
5.297800728792880420e+01 -1.755540766891842575e+00 1.568866340337087273e+00
5.276727390984012089e+01 -1.762521982098592233e+00 1.578769307346876705e+00
5.255719314185871838e+01 -1.770047839931473632e+00 1.588735950523790352e+00
5.234801040844010345e+01 -1.778139334652788062e+00 1.598750539863692754e+00
5.213994872248213852e+01 -1.787559083998724985e+00 1.608859106567172015e+00
5.193238977610323559e+01 -1.797265189749188918e+00 1.618966632018415064e+00
5.172534788047477150e+01 -1.807199539564779522e+00 1.629123688910514733e+00
5.151849151943514471e+01 -1.817385501971874096e+00 1.639368964987430344e+00
5.131237796982993160e+01 -1.827864330837592588e+00 1.649592984434855802e+00
5.110938891574785714e+01 -1.839547391576835667e+00 1.659807560083331524e+00
5.090771534984273927e+01 -1.851719968511387870e+00 1.670027352328302905e+00
5.070683574281324013e+01 -1.864307749725608643e+00 1.680149092651508802e+00
5.050757308241288968e+01 -1.877352541057998758e+00 1.690276488870227078e+00
5.031059211129380770e+01 -1.890875389182870236e+00 1.700328109773737939e+00
5.011640566752625858e+01 -1.905509739431653138e+00 1.710239064807444587e+00
4.992565868145901931e+01 -1.920943226908739643e+00 1.720055921853662628e+00
4.973698996528257510e+01 -1.936903637669062928e+00 1.729767866585501634e+00
4.955051871218064719e+01 -1.953416466055044820e+00 1.739410482051633622e+00
4.936630383665539767e+01 -1.970500860398762599e+00 1.748885962126614402e+00
4.918652142206759237e+01 -1.988535935058626025e+00 1.758171866824620677e+00
4.901075220386447739e+01 -2.007566191714091897e+00 1.767241987202738063e+00
4.883809035996331716e+01 -2.027163257568345145e+00 1.776211694027609367e+00
4.866825540248373017e+01 -2.047335026711893047e+00 1.784981231829050108e+00
4.850096727692017851e+01 -2.068089499683046117e+00 1.793649784372043809e+00
4.833824899148057597e+01 -2.089619337850550984e+00 1.802017025261949623e+00
4.818076292663108973e+01 -2.112241845749215141e+00 1.810135217835536769e+00
4.802601433704489864e+01 -2.135422944788106570e+00 1.818092083600745035e+00
4.787419006555823131e+01 -2.159178088616605429e+00 1.825829947755018834e+00
4.772618311402389679e+01 -2.183497532104943684e+00 1.833332298175790021e+00
4.758080274705611146e+01 -2.208424603339218528e+00 1.840665829944289955e+00
4.744165688141098514e+01 -2.234461279809183409e+00 1.847598037181239050e+00
4.730518283723272077e+01 -2.260997255319899146e+00 1.854339732252138440e+00
4.717183991713446289e+01 -2.288017934969461376e+00 1.860882555308081887e+00
4.704193089247997506e+01 -2.315497234332223098e+00 1.867202413336940481e+00
4.691490981403607208e+01 -2.343418915828316962e+00 1.873334438365272803e+00
4.679297136521925893e+01 -2.372172445904154436e+00 1.879132656288406311e+00
4.667457601738082218e+01 -2.401363861968848656e+00 1.884753949583230836e+00
4.655896747308126749e+01 -2.430914472247787117e+00 1.890189785433683101e+00
4.644587269750197578e+01 -2.460816302444007064e+00 1.895420287631116807e+00
4.633501914696770996e+01 -2.491055211440691419e+00 1.900501601914504235e+00
4.622897464580980653e+01 -2.521842178559060788e+00 1.905263928477777258e+00
4.612530288078783514e+01 -2.553036637128771158e+00 1.909766828499011027e+00
4.602370932806073256e+01 -2.584463609048524013e+00 1.914128534955709560e+00
4.592379091288152182e+01 -2.616150558432717599e+00 1.918358439264499449e+00
4.582512474953510662e+01 -2.648004133544050731e+00 1.922470970173124627e+00
4.572929702730902335e+01 -2.680145375848564271e+00 1.926382729895849577e+00
4.563576109793914526e+01 -2.712591523261136839e+00 1.930071141498692633e+00
4.554299773418597397e+01 -2.745079844906342714e+00 1.933716691948355271e+00
4.545120686160245072e+01 -2.777699972096382641e+00 1.937297938862013069e+00
4.535946806816980370e+01 -2.810347785260374209e+00 1.940760161673785511e+00
4.526953653202156147e+01 -2.842998756212506528e+00 1.944111874515496163e+00
4.518279507133240003e+01 -2.875793243240223784e+00 1.947129520641190270e+00
4.509715059642285695e+01 -2.908504314601815466e+00 1.950004032546358568e+00
4.501309723458576428e+01 -2.941179607856864386e+00 1.952681280906359174e+00
4.493031084981399914e+01 -2.973724612450314275e+00 1.955216839666340078e+00
4.484909725017312354e+01 -3.006193892189220840e+00 1.957533901580901015e+00
4.477359998214897274e+01 -3.038460671257351198e+00 1.959468651735390532e+00
4.469936407773356279e+01 -3.070564972296446538e+00 1.961145197246355609e+00
4.462737563345707059e+01 -3.102455299406160716e+00 1.962586172551849639e+00
4.455730773235877962e+01 -3.134096846119476254e+00 1.963838070842984340e+00
4.449038385374867488e+01 -3.165466607122192411e+00 1.964911870243776226e+00
4.442744514907736431e+01 -3.196494504713430551e+00 1.965462228897165264e+00
4.436753850330657656e+01 -3.227196430016327167e+00 1.965732306029152054e+00
4.431031318945154851e+01 -3.257539907855524497e+00 1.965767502355837637e+00
4.425530703511747532e+01 -3.287564003985199879e+00 1.965504845727823691e+00
4.420325344848445326e+01 -3.317194144150686697e+00 1.964955866453952371e+00
4.415529555441129617e+01 -3.346314788529686002e+00 1.963991002930136620e+00
4.411037751216279901e+01 -3.374972681246421580e+00 1.962706230573008082e+00
4.406841832596425945e+01 -3.403237642384116413e+00 1.961077427679048357e+00
4.402886925268347085e+01 -3.431066133742100011e+00 1.959161433976895017e+00
4.399183847522915869e+01 -3.458480230038905479e+00 1.956949375101265876e+00
4.395833790211601411e+01 -3.485291824158081475e+00 1.954404737070593479e+00
4.392900915561506281e+01 -3.511486594424141572e+00 1.951411170504121273e+00
4.390155417805542015e+01 -3.537235666199938233e+00 1.948163273975276777e+00
4.387622535714798744e+01 -3.562581021611890275e+00 1.944631830997576749e+00
4.385327542598205497e+01 -3.587427323392314182e+00 1.940862105092496570e+00
4.383341747557597756e+01 -3.611826241347135369e+00 1.936796250703479272e+00
4.381675467649351674e+01 -3.635394036106597504e+00 1.932265717262474203e+00
4.380220279585676479e+01 -3.658530500430947185e+00 1.927469360035775736e+00
4.378956082051416132e+01 -3.681230986700896324e+00 1.922443417385637066e+00
4.377850995868502793e+01 -3.703514376575020695e+00 1.917176123863134851e+00
4.376856446860469418e+01 -3.725358875137278591e+00 1.911689120462063185e+00
4.376207450719386571e+01 -3.746341259104354560e+00 1.905675189362583399e+00
4.375741432165420974e+01 -3.766889519217056392e+00 1.899447044757797576e+00
4.375330904328670556e+01 -3.787076098907604660e+00 1.893042227940158639e+00
4.375001434955194668e+01 -3.806982133427672998e+00 1.886511493630483427e+00
4.374778615912883595e+01 -3.826557309717663724e+00 1.879774210156275105e+00
4.374757611654749923e+01 -3.845496563387519551e+00 1.872708441613627706e+00
4.374836520282757846e+01 -3.864109613489940642e+00 1.865539575925658555e+00
4.374956578343950753e+01 -3.882512004721544230e+00 1.858309178213310986e+00
4.375083607270722297e+01 -3.900787389066000976e+00 1.850949239066026264e+00
4.375260117102867241e+01 -3.918901219749880926e+00 1.843515091237680315e+00
4.375472643116458471e+01 -3.936367667507406409e+00 1.835918006529729585e+00
4.375849409679596391e+01 -3.953240701285791747e+00 1.828076531090905954e+00
4.376171106590708604e+01 -3.969717776497243555e+00 1.820120764597633611e+00
4.376519315057427661e+01 -3.985757817087518973e+00 1.812065061116269638e+00
4.376913455104445916e+01 -4.001320626682324466e+00 1.803859567680264897e+00
4.377301488177806021e+01 -4.016130452459862887e+00 1.795516716487774111e+00
4.377878649381332110e+01 -4.029916695434077489e+00 1.786862115535889917e+00
4.378392448608212817e+01 -4.043092073599210856e+00 1.778184892415762608e+00
4.378958011687324614e+01 -4.055638724748209079e+00 1.769379210018121373e+00
4.379496906282478363e+01 -4.067504070109006165e+00 1.760408329745946299e+00
4.380068060993695411e+01 -4.078473832358693763e+00 1.751287745595969225e+00
4.380789781594473453e+01 -4.088107279640047942e+00 1.741914987265863690e+00
4.381438892867900137e+01 -4.096907126542402189e+00 1.732441547789112191e+00
4.382061427554487665e+01 -4.104897216728984333e+00 1.722758500952371818e+00
4.382644156200204577e+01 -4.112041997307036567e+00 1.713006775258737457e+00
4.383263100560733960e+01 -4.118321500752963438e+00 1.703059530360187201e+00
4.383885560929261516e+01 -4.123002376916605982e+00 1.692933765296982251e+00
4.384538014075054946e+01 -4.126822652853622486e+00 1.682650396020285433e+00
4.385146413594041093e+01 -4.129805558721590053e+00 1.672262570197411868e+00
4.385752342313747931e+01 -4.131913377636242224e+00 1.661798536957553862e+00
4.386307185267482822e+01 -4.133169028785741439e+00 1.651174797028176267e+00
4.386898466547634001e+01 -4.132993357268657242e+00 1.640450101868722310e+00
4.387452541786888816e+01 -4.131774913776530056e+00 1.629597064120519301e+00
4.387965421921357745e+01 -4.129708537038636607e+00 1.618639767666931073e+00
4.388493489994483099e+01 -4.126826978030201154e+00 1.607584144514399238e+00
4.388965675336918792e+01 -4.123103032385075473e+00 1.596424410186914056e+00
4.389318505274169979e+01 -4.118191930083286323e+00 1.585139749844169943e+00
4.389702794785497986e+01 -4.112043887881017490e+00 1.573792060690644146e+00
4.390000633191084489e+01 -4.105186098867652511e+00 1.562296586739754023e+00
4.390290537034847773e+01 -4.097573609588227583e+00 1.550717016132775683e+00
4.390448972278957029e+01 -4.089292682587654326e+00 1.539121042076953216e+00
4.390623000606891679e+01 -4.080058795597304666e+00 1.527378634057769746e+00
4.390644698716278072e+01 -4.069660914335102575e+00 1.515526006638225454e+00
4.390671020300964500e+01 -4.058660290653494762e+00 1.503648360599897593e+00
4.390608602240053671e+01 -4.047169810766333420e+00 1.491708541306311808e+00
4.390503326108954951e+01 -4.035155056638295434e+00 1.479669390182893229e+00
4.390392562311460978e+01 -4.022617709823752108e+00 1.467642312692195583e+00
4.390161598861423187e+01 -4.009012613901980160e+00 1.455473507294861024e+00
4.389849908785895138e+01 -3.995120730047028612e+00 1.443299511055156303e+00
4.389531383815694454e+01 -3.980934416919854613e+00 1.431083159287321882e+00
4.389189945943110871e+01 -3.966514329712055087e+00 1.418847418815066153e+00
4.388780624055436874e+01 -3.951790728067884118e+00 1.406532994540574233e+00
4.388194039489987830e+01 -3.936060485876141435e+00 1.394181455070543363e+00
4.387474419408956550e+01 -3.919913217159431085e+00 1.381794897643182418e+00
4.386688990995584447e+01 -3.903404165059813913e+00 1.369418665036960414e+00
4.385745090326581419e+01 -3.886500938863262977e+00 1.357079630292283845e+00
4.384760249329359283e+01 -3.869232307043118713e+00 1.344725797211522522e+00
4.383490839264754158e+01 -3.851039752976617159e+00 1.332420069729546963e+00
4.382101115191640872e+01 -3.832250039704023337e+00 1.320202903254864113e+00
4.380539077961117300e+01 -3.813029099518058018e+00 1.308031449465327789e+00
4.378893229893702710e+01 -3.793329663093553794e+00 1.295920700030023687e+00
4.377053575331692059e+01 -3.773229916060823363e+00 1.283875937628378594e+00
4.374983296997267246e+01 -3.752261378871916353e+00 1.271948917528257228e+00
4.372684664214914108e+01 -3.730449109040024247e+00 1.260134479413475672e+00
4.370126199692602853e+01 -3.708175037122800166e+00 1.248408381610013329e+00
4.367399200922046276e+01 -3.685332624090817077e+00 1.236770196585926795e+00
4.364463584726701839e+01 -3.661949596857427824e+00 1.225219812848810097e+00
4.361259114490007249e+01 -3.637875190141054205e+00 1.213796156007807214e+00
4.357800022324833122e+01 -3.612824440064595244e+00 1.202551023754879544e+00
4.354062892001820728e+01 -3.587311554980619377e+00 1.191413652646425181e+00
4.350118614326126476e+01 -3.561293765770369379e+00 1.180399746014604734e+00
4.345985754022511571e+01 -3.534737140676453393e+00 1.169510106315340581e+00
4.341629852076530938e+01 -3.507656152960363816e+00 1.158745963703884385e+00
4.336834194444781332e+01 -3.479508981190813088e+00 1.148204060740175780e+00
4.331850131092140543e+01 -3.450934620160720723e+00 1.137787760489475941e+00
4.326628334876556892e+01 -3.421857849494990944e+00 1.127488914563448352e+00
4.321134271245015412e+01 -3.392306124403762446e+00 1.117302362239715352e+00
4.315419594118250757e+01 -3.362261708388306847e+00 1.107225705430471496e+00
4.309350639587200504e+01 -3.331351133557860056e+00 1.097390549027820850e+00
4.303037951703259267e+01 -3.299971789409799072e+00 1.087691223367555082e+00
4.296564732729254388e+01 -3.268167308643468161e+00 1.078105365487972200e+00
4.289837434746849709e+01 -3.236013086119334137e+00 1.068627875742487188e+00
4.282971182840844193e+01 -3.203561076871384472e+00 1.059267593844033906e+00
4.275828791994348421e+01 -3.170546555166896319e+00 1.050117301173502771e+00
4.268463481393332160e+01 -3.137076131534869639e+00 1.041123298194949642e+00
4.260928412308160773e+01 -3.103344313374349017e+00 1.032212947585096963e+00
4.253259304173536037e+01 -3.069312668153613366e+00 1.023386516421112447e+00
4.245428993049120692e+01 -3.035074065683598832e+00 1.014630787730628647e+00
4.237361755442336886e+01 -3.000397170307727901e+00 1.006013458178427022e+00
4.229118214841479073e+01 -2.965412362668303548e+00 9.975393107218023525e-01
4.220750586668123105e+01 -2.930228477395551590e+00 9.891126578573360417e-01
4.212318591831943593e+01 -2.894957588033657547e+00 9.807101990795320523e-01
4.203859830454494784e+01 -2.859506269559317637e+00 9.723330597546898657e-01
4.195235167685216737e+01 -2.823946876553385277e+00 9.640366661820773952e-01
4.186425821354914234e+01 -2.788098447029239146e+00 9.559313615721140023e-01
4.177461735488366656e+01 -2.752269434501224854e+00 9.478921037605209099e-01
4.168446975011210753e+01 -2.716354247518969700e+00 9.399367228845648681e-01
4.159303440587832768e+01 -2.680429404032606655e+00 9.320730383527674467e-01
4.149998434048678320e+01 -2.644435097362647369e+00 9.243276470047828708e-01
4.140412739166557543e+01 -2.608387549439299402e+00 9.168801366991737867e-01
4.130633114212386658e+01 -2.572301028367461218e+00 9.095632916169325011e-01
4.120750050600219083e+01 -2.536260560439469014e+00 9.023889273180586423e-01
4.110633225796888723e+01 -2.500277577019925257e+00 8.953583660749618867e-01
4.100368342809714051e+01 -2.464363509730005397e+00 8.884776270458694114e-01
4.089737342261868491e+01 -2.428419500304809464e+00 8.819335588407144488e-01
4.078904465443004312e+01 -2.392560494146535710e+00 8.755920556349828798e-01
4.067820507378936412e+01 -2.356770980452627562e+00 8.694235066092159681e-01
4.056541805761506225e+01 -2.321124700607558378e+00 8.634365375044481539e-01
4.045075955647092059e+01 -2.285564063236171783e+00 8.576418445584784722e-01
4.033307474700250594e+01 -2.250177292929278483e+00 8.521597290815762227e-01
4.021280324451969079e+01 -2.214932918868711464e+00 8.469531456756493881e-01
4.009059193972466062e+01 -2.179906326546219297e+00 8.419470913169808668e-01
3.996630488311298990e+01 -2.145057229783482455e+00 8.371472354318365561e-01
3.984112804854728296e+01 -2.110412362108412765e+00 8.325457961896771675e-01
3.971239416175994563e+01 -2.075994524789156248e+00 8.282356758256667062e-01
3.958109915249212207e+01 -2.041831973494014019e+00 8.242410508363288146e-01
3.944854505239965903e+01 -2.007871032892216245e+00 8.204430790418254515e-01
3.931371944796327966e+01 -1.974123431213830049e+00 8.168456878472472038e-01
3.917702366898318900e+01 -1.940537779015155895e+00 8.134455176553273548e-01
3.903791113439193339e+01 -1.907210779006141887e+00 8.102802443969638890e-01
3.889612244083561166e+01 -1.874282021101554507e+00 8.074504290571994369e-01
3.875275948943610871e+01 -1.841500200739076165e+00 8.048035768517802779e-01
3.860789054933852782e+01 -1.808973622638961221e+00 8.023326703053414999e-01
3.846191171545309118e+01 -1.776621300741898724e+00 8.000285385420176087e-01
3.831423473049736117e+01 -1.744463163080662405e+00 7.978959129845425435e-01
3.816379557758459384e+01 -1.712766782390192866e+00 7.960966398025500768e-01
3.801168782775473431e+01 -1.681247418862289900e+00 7.944475213564626825e-01
3.785851197863730278e+01 -1.649893906338354199e+00 7.929305905680834599e-01
3.770412731251995808e+01 -1.618689418220673026e+00 7.915359943444432167e-01
3.754839286356995132e+01 -1.587625515054435832e+00 7.902635406601302703e-01
3.739064531999164842e+01 -1.556958940720338358e+00 7.892402715557463866e-01
3.723147634239806791e+01 -1.526464614271805909e+00 7.883377787018329697e-01
3.707178894789267787e+01 -1.496065293416313668e+00 7.875188454275546812e-01
3.691181448527764530e+01 -1.465737673250272932e+00 7.867617361868225467e-01
3.675146582156529718e+01 -1.435462417417262770e+00 7.860609358451281503e-01
3.659057105304894719e+01 -1.405524289603202304e+00 7.855271834060709724e-01
3.642875118538279366e+01 -1.375899971875253147e+00 7.851275789732803378e-01
3.626663173225410475e+01 -1.346453420683080715e+00 7.848019372468229005e-01
3.610426341451066179e+01 -1.317226614589620315e+00 7.845513179213244870e-01
3.594170064655148877e+01 -1.288248417416279379e+00 7.843833698106232877e-01
3.577854777754050986e+01 -1.259732442222606386e+00 7.843718650973321438e-01
3.561389325757441782e+01 -1.231830932778188004e+00 7.845424421953089977e-01
3.544908832699756829e+01 -1.204285237963546695e+00 7.848074139231678847e-01
3.528389130157498244e+01 -1.177119715063961847e+00 7.851728145867029607e-01
3.511836220323867508e+01 -1.150360019583936078e+00 7.856390420953960341e-01
3.495201538993512003e+01 -1.124121024715777128e+00 7.862445596486313804e-01
3.478565703372799334e+01 -1.098750824928259373e+00 7.870639957648066787e-01
3.461813887081655849e+01 -1.073863295485046887e+00 7.879917442241011205e-01
3.445083585965513606e+01 -1.049478124338763418e+00 7.890317427864121935e-01
3.428345107338505926e+01 -1.025610319600845255e+00 7.901795926002773696e-01
3.411609544090361368e+01 -1.002263510048039930e+00 7.914366545841949874e-01
3.394700837217385470e+01 -9.799951892987687208e-01 7.929228829767306364e-01
3.377803688566716289e+01 -9.583094990674235758e-01 7.945209746438478549e-01
3.360855840900784131e+01 -9.371974667142543014e-01 7.962285642500219751e-01
3.343885588317672841e+01 -9.166567223713008028e-01 7.980463759806221136e-01
3.326931902062445801e+01 -8.966959947265927822e-01 7.999708806819667561e-01
3.309950557631490398e+01 -8.777356823355869642e-01 8.020774645945679682e-01
3.292891391408110024e+01 -8.594772653488458314e-01 8.043161280123110046e-01
3.275887277536893549e+01 -8.417895482151958042e-01 8.066562773463679115e-01
3.258906173535122974e+01 -8.246716762282054747e-01 8.090975406354582455e-01
3.241916039022527229e+01 -8.081097613092929066e-01 8.116376522589386910e-01
3.224951078260512816e+01 -7.924116125624779405e-01 8.143260923062933809e-01
3.207951407319912818e+01 -7.775048307077740972e-01 8.171366185156749840e-01
3.191015662852087686e+01 -7.631199496361215084e-01 8.200410109473773579e-01
3.174045579624925395e+01 -7.492490300481088328e-01 8.230225321496754676e-01
3.157074245809054958e+01 -7.358730071841419473e-01 8.260906119494507704e-01
3.140112448858208438e+01 -7.231776013158645044e-01 8.292614306258585533e-01
3.123206559889019118e+01 -7.113081550196621583e-01 8.325464613043385143e-01
3.106274743117098325e+01 -6.998643616773924103e-01 8.359008417538486002e-01
3.089354209416504560e+01 -6.888220103764084445e-01 8.393192974757985869e-01
3.072475135571403015e+01 -6.781556771423037366e-01 8.427972662893253863e-01
3.055576205675156132e+01 -6.679212970237999869e-01 8.463391706981122642e-01
3.038777630003441033e+01 -6.584906930583551699e-01 8.499795392959711426e-01
3.021923836496649329e+01 -6.493237788526122767e-01 8.536602176509966444e-01
3.005127196015084223e+01 -6.403818749108483033e-01 8.573928200466327532e-01
2.988296595952267509e+01 -6.316263350118649367e-01 8.611732400519884756e-01
2.971505326387526225e+01 -6.230303527519897022e-01 8.649880940635350512e-01
2.954755667695762966e+01 -6.151609225011273052e-01 8.688602596731288541e-01
2.938063444596421547e+01 -6.075336615282447283e-01 8.727634247412798807e-01
2.921405631980849549e+01 -6.001487579700586217e-01 8.766839206584527977e-01
2.904761680663090573e+01 -5.930379299626856726e-01 8.806150980150712071e-01
2.888181567652511816e+01 -5.862342060303978863e-01 8.845563913743640372e-01
2.871729543298614473e+01 -5.801787007381365990e-01 8.884998064840692322e-01
2.855351518847666981e+01 -5.746169901971674987e-01 8.924423014664676357e-01
2.839047168821574019e+01 -5.694103346441087288e-01 8.963747459722045674e-01
2.822806533455385036e+01 -5.645710531963783474e-01 9.002986689723861957e-01
2.806694756082841380e+01 -5.601095270573041018e-01 9.042171019649171138e-01
2.790732878002595996e+01 -5.563191727255827335e-01 9.081111084597104366e-01
2.774969917550994936e+01 -5.531727788997252704e-01 9.119799467694944539e-01
2.759345124777157920e+01 -5.504304052948765236e-01 9.158223283445872109e-01
2.743838137177134584e+01 -5.481034684586051364e-01 9.196426929635019842e-01
2.728428613257808522e+01 -5.462041566586959274e-01 9.234327679610233597e-01
2.713211774094117601e+01 -5.449059543235278413e-01 9.271802711582897150e-01
2.698213199261511264e+01 -5.443922400696874497e-01 9.308606452371235296e-01
2.683317425537914147e+01 -5.443274088532942256e-01 9.344955347227804632e-01
2.668596215945405348e+01 -5.447103206808517895e-01 9.380890453594544764e-01
2.654035554108133965e+01 -5.455386810418987320e-01 9.416399136353944543e-01
2.639595158477744974e+01 -5.468634504963693077e-01 9.451373385356067747e-01
2.625433067816729960e+01 -5.490305185462639459e-01 9.485441860683057058e-01
2.611454631670773807e+01 -5.516237177775636935e-01 9.518995942861345760e-01
2.597583263590708214e+01 -5.546400112201209653e-01 9.552056990657242785e-01
2.583915626781140418e+01 -5.580748373322529376e-01 9.584677011726550067e-01
2.570358674803402366e+01 -5.619264736585850573e-01 9.616718244278309458e-01
2.557079138984346400e+01 -5.665650661108190267e-01 9.647672538928496744e-01
2.543929178884374664e+01 -5.716380457888898814e-01 9.677953232649362247e-01
2.530882888630306837e+01 -5.771021541191256876e-01 9.707691912424692982e-01
2.518042966541552019e+01 -5.829463139684601947e-01 9.736880867377684101e-01
2.505319448847776442e+01 -5.891566120435144382e-01 9.765582232307240540e-01
2.492769466460150696e+01 -5.959641915295369463e-01 9.793211492041165034e-01
2.480408834621518110e+01 -6.032014893779428233e-01 9.820158823297842066e-01
2.468174900165743679e+01 -6.107363199442088497e-01 9.846711018129830073e-01
2.456047813184784445e+01 -6.185482829990390785e-01 9.872923807264853968e-01
2.444007751372011938e+01 -6.266245586684091595e-01 9.898855492325987493e-01
2.432193616566006256e+01 -6.351027463844557408e-01 9.924040487465671800e-01
2.420513724176176495e+01 -6.439603786348923053e-01 9.948530141766727120e-01
2.408897124063219408e+01 -6.530306775995343704e-01 9.972860041958642174e-01
2.397341523404872987e+01 -6.622908665033395703e-01 9.997003230100226512e-01
2.385838355902845365e+01 -6.717249315528508458e-01 1.002106703767319695e+00
2.374455639270143337e+01 -6.813954748967286923e-01 1.004480786977581364e+00
2.363186959176902135e+01 -6.913961089980352748e-01 1.006767591316830135e+00
2.351999370526018751e+01 -7.015308525007899476e-01 1.009030228509592009e+00
2.340897713682397807e+01 -7.117954653688305378e-01 1.011259905252597235e+00
2.329825714097733069e+01 -7.221945672947827077e-01 1.013452334854350712e+00
2.318910938191135429e+01 -7.327304100744391757e-01 1.015580857867295128e+00
2.308267602539409680e+01 -7.435735413969140062e-01 1.017543109331342732e+00
2.297700194648614413e+01 -7.545145968555486693e-01 1.019440550393028833e+00
2.287228393179140795e+01 -7.655588062314506725e-01 1.021268639846645065e+00
2.276916806388985393e+01 -7.767055973063607954e-01 1.023018489731532421e+00
2.266725854913408966e+01 -7.879412780341412681e-01 1.024683900432354910e+00
2.256884159817270330e+01 -7.993943770840802321e-01 1.026155625556046669e+00
2.247147628811503850e+01 -8.109353106995428329e-01 1.027508972914824570e+00
2.237567920458480231e+01 -8.225496020428416655e-01 1.028759159306449567e+00
2.228136979832743947e+01 -8.342301820675430690e-01 1.029898422736118091e+00
2.218885654100347082e+01 -8.459823549798533016e-01 1.030922038360669868e+00
2.209825382011682748e+01 -8.578496842945257939e-01 1.031738378021654245e+00
2.201053539225606670e+01 -8.697897623598926931e-01 1.032382491482623399e+00
2.192443743431459069e+01 -8.817693867675340247e-01 1.032901365331528876e+00
2.183949017091810418e+01 -8.937886295535246717e-01 1.033292265560455503e+00
2.175657256417357033e+01 -9.058410766951290327e-01 1.033565916381672167e+00
2.167569626262900329e+01 -9.179314081290402827e-01 1.033655114335251257e+00
2.159811737605598125e+01 -9.300448407647387006e-01 1.033561528661468110e+00
2.152174942295476967e+01 -9.421692628070416076e-01 1.033351641108792851e+00
2.144683105478678442e+01 -9.542963728081258479e-01 1.033026565520279938e+00
2.137415395919418160e+01 -9.664377630829121824e-01 1.032591669390182432e+00
2.130265088715229638e+01 -9.785798448306463060e-01 1.032003690358124670e+00
2.123432437742140166e+01 -9.907035353162844116e-01 1.031200853385496385e+00
2.116783986011362018e+01 -1.002819467985729851e+00 1.030290105596747496e+00
2.110254594404170447e+01 -1.014937657898585588e+00 1.029259535015232041e+00
2.103849854607038239e+01 -1.027064067812312187e+00 1.028123472795511528e+00
2.097582233172651911e+01 -1.039193634173726011e+00 1.026886613783240865e+00
2.091600591038150725e+01 -1.051244368143676056e+00 1.025419988221679235e+00
2.085760515415923422e+01 -1.063304002680591331e+00 1.023862758489312297e+00
2.080067689427406563e+01 -1.075367149357695062e+00 1.022221365677000282e+00
2.074470131272630624e+01 -1.087444714623683417e+00 1.020498054002259458e+00
2.068928437877806203e+01 -1.099541629090558859e+00 1.018697553757701657e+00
2.063641987339868322e+01 -1.111563067653529968e+00 1.016721408304036789e+00
2.058398142119710883e+01 -1.123590790688548502e+00 1.014648693502018917e+00
2.053289808440257502e+01 -1.135662099003040826e+00 1.012518150994206723e+00
2.048260442094017719e+01 -1.147786473154177589e+00 1.010331728941894713e+00
2.043246867316515747e+01 -1.159978254278079435e+00 1.008098250997444101e+00
2.038396591769299349e+01 -1.172127546877670845e+00 1.005747644024634901e+00
2.033686871000656637e+01 -1.184253833991938398e+00 1.003309712185950442e+00
2.028968111264552832e+01 -1.196400864259492991e+00 1.000844377955769193e+00
2.024298920809763302e+01 -1.208536066328089076e+00 9.983377060599955000e-01
2.019735697331818969e+01 -1.220633347700113891e+00 9.957890955905404073e-01
2.015310269632046314e+01 -1.232615304237379972e+00 9.931367922276360671e-01
2.010966154809726447e+01 -1.244329397274570592e+00 9.903713955959436710e-01
2.006684172822249579e+01 -1.255936551655343347e+00 9.875462186375784102e-01
2.002504180039420234e+01 -1.267449565444654036e+00 9.846643960094787484e-01
1.998392622905434735e+01 -1.278828420276229449e+00 9.817095973245768548e-01
1.994394534826229659e+01 -1.289970465404662869e+00 9.786542175952426259e-01
1.990577995477977780e+01 -1.300744259449419626e+00 9.754419549122814725e-01
1.986788456649560430e+01 -1.311297790726584145e+00 9.721498452107435462e-01
1.983092270333897034e+01 -1.321662990769956636e+00 9.687908709518858741e-01
1.979446598425417747e+01 -1.331811591741119294e+00 9.653495110548321323e-01
1.975861820132247360e+01 -1.341730337691858121e+00 9.618391406839296165e-01
1.972485050062006096e+01 -1.351156031523531587e+00 9.581499801698889485e-01
1.969209126094725448e+01 -1.360286203338495703e+00 9.543831663103852225e-01
1.965980407584145695e+01 -1.369121215367382405e+00 9.505359797187711290e-01
1.962762242316980732e+01 -1.377752509068812303e+00 9.466107781918497999e-01
1.959672432077999815e+01 -1.386068662627771397e+00 9.425990780059790852e-01
1.956691410286467558e+01 -1.393861149143317935e+00 9.384260693061935443e-01
1.953828228968756875e+01 -1.401301840399032272e+00 9.341562339561160222e-01
1.951012148524577938e+01 -1.408481563940681358e+00 9.298034654770809260e-01
1.948263725798177148e+01 -1.415360043932726297e+00 9.253729014883926851e-01
1.945603521302752981e+01 -1.421948501942004839e+00 9.208662795530572209e-01
1.943011723993150852e+01 -1.428122984652986593e+00 9.162443463328270310e-01
1.940549686617996272e+01 -1.433879288893564086e+00 9.115281587495170923e-01
1.938134750496697478e+01 -1.439375418035946375e+00 9.067572503050945754e-01
1.935787485633060712e+01 -1.444620005316786360e+00 9.019209885247503333e-01
1.933462922257091776e+01 -1.449620284928228031e+00 8.970284174780132069e-01
1.931240734163181827e+01 -1.454269142057238895e+00 8.920506330965761732e-01
1.929099876243281031e+01 -1.458551427044264326e+00 8.869784683267571967e-01
1.927040865161039207e+01 -1.462550210720757971e+00 8.818514468569093046e-01
1.924995071829426152e+01 -1.466392619821050403e+00 8.766675043240389487e-01
1.923037559458347445e+01 -1.470030294431044160e+00 8.714358492772789067e-01
1.921045466681587044e+01 -1.473534075338967853e+00 8.661400595232316979e-01
1.919246792391652789e+01 -1.476525996843705446e+00 8.607604518718632303e-01
1.917423562513057433e+01 -1.479457830709925537e+00 8.553428166061206595e-01
1.915668049251371485e+01 -1.482287985859468860e+00 8.498849033581903356e-01
1.913941173681849861e+01 -1.485046513400540391e+00 8.443940420968043536e-01
1.912220303103196528e+01 -1.487763392687829311e+00 8.388660663441662724e-01
1.910627202907922140e+01 -1.490186329571115520e+00 8.332795222521284240e-01
1.909048860773593148e+01 -1.492532888977740946e+00 8.276640508839319121e-01
1.907467833201448926e+01 -1.494795897258387685e+00 8.220258579667185650e-01
1.905960096463688203e+01 -1.497069141923770497e+00 8.163704542489623739e-01
1.904470272725725977e+01 -1.499183646053176222e+00 8.106920346080986883e-01
1.902982051391888163e+01 -1.500934821455656598e+00 8.049805080646127431e-01
1.901510984280743699e+01 -1.502428486145103603e+00 7.992545037461025181e-01
1.900033155564653597e+01 -1.503760267465258149e+00 7.935100803727891394e-01
1.898554468856179511e+01 -1.504966158972543600e+00 7.877534772949725816e-01
1.897071548434856680e+01 -1.505950739531420002e+00 7.819841331025565445e-01
1.895565085403713823e+01 -1.506534607662466607e+00 7.762082435363230060e-01
1.894102628929640630e+01 -1.506752785093672609e+00 7.704224762494029655e-01
1.892581319223761938e+01 -1.506771458992767876e+00 7.646412495922947361e-01
1.891032178180712364e+01 -1.506578474490076758e+00 7.588692459294863468e-01
1.889483670325668996e+01 -1.506094029738187734e+00 7.531048994021664056e-01
1.887904710590703417e+01 -1.505328440235865539e+00 7.473647614057915556e-01
1.886338004811485547e+01 -1.504105835088711096e+00 7.416411091359843555e-01
1.884683971304170669e+01 -1.502644486484500330e+00 7.359422029451533342e-01
1.883027294578171507e+01 -1.500937834969049200e+00 7.302582913075160720e-01
1.881383381448921099e+01 -1.498964899752156521e+00 7.245887067531607828e-01
1.879685078519324648e+01 -1.496690778230094887e+00 7.189420829910402322e-01
1.877890893826396379e+01 -1.493870522315113192e+00 7.133324513840787473e-01
1.876083388898478077e+01 -1.490842982020644358e+00 7.077390370034339906e-01
1.874260402793503388e+01 -1.487534997793974245e+00 7.021690925124896010e-01
1.872380493279650793e+01 -1.483978525084984623e+00 6.966174192619938310e-01
1.870502662804806704e+01 -1.480232530757036091e+00 6.910946662339516600e-01
1.868514417495845237e+01 -1.475899965314467766e+00 6.856216947401595485e-01
1.866527638272779654e+01 -1.471329011474932669e+00 6.801773227563069346e-01
1.864485973202121372e+01 -1.466585822647540782e+00 6.747575164723750296e-01
1.862404671853143157e+01 -1.461585613246879412e+00 6.693620227872264516e-01
1.860369407677453424e+01 -1.456393967291169433e+00 6.639806925186286790e-01
1.858216659974067397e+01 -1.450764169411840943e+00 6.586509259889034018e-01
1.856026018580353210e+01 -1.444873381180241223e+00 6.533456125483406707e-01
1.853792702853492713e+01 -1.438808605677095231e+00 6.480591891999062382e-01
1.851595732751163226e+01 -1.432551641036371448e+00 6.427873699031569910e-01
1.849382762553075921e+01 -1.426158985599990325e+00 6.375198562036558103e-01
1.847096238348130015e+01 -1.419471101982515027e+00 6.322968030492960301e-01
1.844776368173765135e+01 -1.412597310202857726e+00 6.271070510332666936e-01
1.842481294233037659e+01 -1.405540782932089172e+00 6.219259913006229823e-01
1.840192990130158535e+01 -1.398456376335391216e+00 6.167516412104132595e-01
1.837902531345573820e+01 -1.391303030206053837e+00 6.115811187513489067e-01
1.835678885094434065e+01 -1.384019899335963144e+00 6.064218273292131256e-01
1.833383735372998302e+01 -1.376477832075373442e+00 6.012991204722466509e-01
1.831109047058642147e+01 -1.368962119031280844e+00 5.961731925344649907e-01
1.828831723372100981e+01 -1.361377297863947122e+00 5.910554623274916208e-01
1.826545024195099032e+01 -1.353722209400770593e+00 5.859417719500761290e-01
1.824275067533442396e+01 -1.346036393024373945e+00 5.808547851840902831e-01
1.821960755727464942e+01 -1.338104021748961925e+00 5.758605271623111754e-01
1.819551100005257283e+01 -1.330113869702240992e+00 5.708898164094550198e-01
1.817190802629358970e+01 -1.322103971926242627e+00 5.659597644825825613e-01
1.814761851919084634e+01 -1.314023282548386629e+00 5.610715449143458544e-01
1.812320871335892036e+01 -1.305878478883181204e+00 5.562321929475541049e-01
1.809775381887972756e+01 -1.297562798309599641e+00 5.515134258261674693e-01
1.807213459882468598e+01 -1.289230239260660493e+00 5.468607269972123319e-01
1.804574079298174283e+01 -1.280843943620190384e+00 5.422685322259013230e-01
1.801923529800488666e+01 -1.272408790686397229e+00 5.377366551399560546e-01
1.799143853070182075e+01 -1.263921118928557741e+00 5.332746501446905540e-01
1.796310162162704671e+01 -1.255313177937433355e+00 5.289384579775070483e-01
1.793417926464741541e+01 -1.246651968183152048e+00 5.247017886839472345e-01
1.790489667174518829e+01 -1.237961802060005834e+00 5.205380486953600228e-01
1.787448422074496079e+01 -1.229232234140467117e+00 5.164468273472920812e-01
1.784343317155337871e+01 -1.220465948351923791e+00 5.124336443918864337e-01
1.781138531953687476e+01 -1.211623733879496623e+00 5.085460295018939814e-01
1.777884440669600608e+01 -1.202715989202575164e+00 5.047763504798323808e-01
1.774496146932440865e+01 -1.193781561545891545e+00 5.010851517238458230e-01
1.771089687330340823e+01 -1.184829893386210031e+00 4.974747388082942368e-01
1.767653021144966630e+01 -1.175856965768129925e+00 4.939471071826911919e-01
1.764047926241168440e+01 -1.166852343821882299e+00 4.905203972077388785e-01
1.760402700345593630e+01 -1.157827854034245707e+00 4.872400655626343835e-01
1.756722917017471275e+01 -1.148798796270382949e+00 4.840403108984804859e-01
1.752960521420108364e+01 -1.139754147233731807e+00 4.809144547659831570e-01
1.749165299883064151e+01 -1.130696027639196632e+00 4.778637843152496179e-01
1.745363339927454405e+01 -1.121625376039594668e+00 4.748836668174818976e-01
1.741418428971525145e+01 -1.112545434328237715e+00 4.720660849044856500e-01
1.737424997680164651e+01 -1.103452759001975814e+00 4.693108620838853384e-01
1.733411201620405606e+01 -1.094340477464266881e+00 4.666137606806701199e-01
1.729316852046152064e+01 -1.085210566217477357e+00 4.639705619152639238e-01
1.725285479799560306e+01 -1.076051884617879706e+00 4.613770658681387027e-01
1.721067238088218687e+01 -1.066918133426723481e+00 4.589119718577021056e-01
1.716903752030637520e+01 -1.057765155543097579e+00 4.565036019347769591e-01
1.712695545927799046e+01 -1.048586381558891834e+00 4.541345487432297268e-01
1.708503229552310643e+01 -1.039377318371614178e+00 4.517938213757290433e-01
1.704256051542405004e+01 -1.030125049347672572e+00 4.494751346618331422e-01
1.700030201138611119e+01 -1.020874684884986339e+00 4.472341514889447422e-01
1.695739590933714425e+01 -1.011613966140918253e+00 4.450433884830701792e-01
1.691475597240850703e+01 -1.002316635343954987e+00 4.428615743541269856e-01
1.687200701821221216e+01 -9.930023724943874974e-01 4.407026343493646303e-01
1.682937403052090986e+01 -9.836842394037728088e-01 4.385670543876455385e-01
1.678611279766787234e+01 -9.744293959010441597e-01 4.365057406664938910e-01
1.674279002655366000e+01 -9.652670001818784984e-01 4.345287397693946008e-01
1.669920237195052692e+01 -9.561575508971481563e-01 4.325906038463454562e-01
1.665541273969799718e+01 -9.471110356757800330e-01 4.306982687469881332e-01
1.661203328694378101e+01 -9.381366180989462178e-01 4.288468412447207778e-01
1.656803070943470502e+01 -9.292737347049866425e-01 4.270703203762862277e-01
1.652358988635358727e+01 -9.206208018256614167e-01 4.254083610749758715e-01
1.647933518696977728e+01 -9.120700962459901140e-01 4.237988463863407995e-01
1.643465403279797599e+01 -9.036370110505380637e-01 4.222482048863839266e-01
1.638994759693050796e+01 -8.953238440190471881e-01 4.207528073789665313e-01
1.634465343858516917e+01 -8.871411983735280060e-01 4.193195882087502602e-01
1.629914443703590976e+01 -8.792545763315949836e-01 4.180276675914008644e-01
1.625355465525148446e+01 -8.715116996444741693e-01 4.167992692248954634e-01
1.620745672381450930e+01 -8.639150132403146110e-01 4.156286006226279084e-01
1.616132160290815278e+01 -8.564734494466582637e-01 4.145246298995656220e-01
1.611502555752072396e+01 -8.491865758905394745e-01 4.134819628840476491e-01
1.606883163211569965e+01 -8.422122534427853857e-01 4.125674893448599834e-01
1.602167564168799530e+01 -8.354293976564370894e-01 4.117338713705518960e-01
1.597461134514162850e+01 -8.288112781012608732e-01 4.109578002599191815e-01
1.592743726233346457e+01 -8.223495078743113806e-01 4.102475386549738201e-01
1.587982160545717036e+01 -8.160432908314428913e-01 4.095962736036871110e-01
1.583195519477918722e+01 -8.100233119577362473e-01 4.090540032923454805e-01
1.578398133407641346e+01 -8.042371442905018597e-01 4.085951890864437108e-01
1.573550854014039402e+01 -7.985970038860793485e-01 4.081946637443217840e-01
1.568679317609850443e+01 -7.931002065728820494e-01 4.078484532072775282e-01
1.563873318368236909e+01 -7.877441165407998991e-01 4.075656690718283959e-01
1.558959954098214951e+01 -7.826036490672274581e-01 4.073575794989973131e-01
1.554124734000500752e+01 -7.777255035953632989e-01 4.072422858339221352e-01
1.549214977558875717e+01 -7.729587617674154032e-01 4.071732436304857927e-01
1.544315775935146107e+01 -7.682980650859011496e-01 4.071527744914453795e-01
1.539396780244354268e+01 -7.637302116072115510e-01 4.071774377969389902e-01
1.534514549233211511e+01 -7.592866807735904056e-01 4.072521373343279127e-01
1.529542635236211012e+01 -7.551063649122873311e-01 4.074131501601033767e-01
1.524608169768800359e+01 -7.509877027425214679e-01 4.076120129588872154e-01
1.519673256241687476e+01 -7.469071198715672155e-01 4.078390890271243463e-01
1.514782488598196153e+01 -7.428504618738325238e-01 4.080978843365266062e-01
1.509849064547465680e+01 -7.388079421405194802e-01 4.083829094476739696e-01
1.504846557099620341e+01 -7.349977602867880933e-01 4.087401526706970767e-01
1.499925482697102019e+01 -7.311649949770002710e-01 4.091161355944584188e-01
1.494957847182543986e+01 -7.273282036224216762e-01 4.095139276269458284e-01
1.490044416774890657e+01 -7.235010118211824270e-01 4.099279499349209877e-01
1.485097545991526147e+01 -7.196993775729458864e-01 4.103657641388420707e-01
1.480183619410435014e+01 -7.161330514612951337e-01 4.108496487562874333e-01
1.475252092550100791e+01 -7.126717079917150865e-01 4.113554547315042553e-01
1.470366654286460140e+01 -7.092795322229570321e-01 4.118803522729505007e-01
1.465516714733136361e+01 -7.059701112221267172e-01 4.124202441317199042e-01
1.460623262596762828e+01 -7.027570807595953095e-01 4.129795312941825225e-01
1.455815123130630262e+01 -6.997879656958069239e-01 4.135641391709444226e-01
1.451022458318137431e+01 -6.970313602650212159e-01 4.141733314999506144e-01
1.446222986186984727e+01 -6.943983664863790928e-01 4.147933275348131277e-01
1.441457351712500135e+01 -6.919013452087096061e-01 4.154231188530882468e-01
1.436701135965492782e+01 -6.895462375661810528e-01 4.160683267076338288e-01
1.431997096171473061e+01 -6.874220747318880997e-01 4.167274397061088709e-01
1.427364480045434192e+01 -6.855922827047526980e-01 4.174023050665599532e-01
1.422741145001775465e+01 -6.839113928553713917e-01 4.180877245687782406e-01
1.418144241621517132e+01 -6.823810461005801464e-01 4.187821053341330702e-01
1.413609858228949179e+01 -6.810060251947297472e-01 4.194851166442751245e-01
1.409092189930971273e+01 -6.798329473322001215e-01 4.202021224757764295e-01
1.404616029614526163e+01 -6.789998843683714425e-01 4.209300402485050552e-01
1.400233402741127087e+01 -6.783254507648435183e-01 4.216642010524803696e-01
1.395888526302409005e+01 -6.778050388234546642e-01 4.224031853553720239e-01
1.391572973316104722e+01 -6.774472177939191431e-01 4.231478631419059999e-01
1.387245698124506532e+01 -6.772442010264344558e-01 4.238999598854323869e-01
1.383010608450290135e+01 -6.774014634253738842e-01 4.246468422579703916e-01
1.378864741024971075e+01 -6.777143873637675453e-01 4.254036845389693178e-01
1.374689172983652874e+01 -6.781713904541959437e-01 4.261635541324295118e-01
1.370562254315009909e+01 -6.787639649424400679e-01 4.269325592546565629e-01
1.366468321263992003e+01 -6.794857225828351277e-01 4.277015885135558859e-01
1.362445571466568595e+01 -6.804915807817838447e-01 4.284730349255830850e-01
1.358459404719618924e+01 -6.816577407757247187e-01 4.292468891818256305e-01
1.354499454161085126e+01 -6.829345088348534043e-01 4.300255167855886462e-01
1.350559737415795070e+01 -6.843131751104845062e-01 4.308073898236332022e-01
1.346639726385919644e+01 -6.857850641922356161e-01 4.315959680599080750e-01
1.342766540915368800e+01 -6.874443013716000639e-01 4.323771097740605196e-01
1.338928410220970555e+01 -6.892651945032495231e-01 4.331533860146338788e-01
1.335103183399287019e+01 -6.911441324814249221e-01 4.339415328874506872e-01
1.331282115944489064e+01 -6.930760720201561975e-01 4.347368763201959752e-01
1.327469187549133522e+01 -6.950434290938828363e-01 4.355410913984159027e-01
1.323677346405970923e+01 -6.970996444317112406e-01 4.363568612856446038e-01
1.319915257056012869e+01 -6.992764766573306146e-01 4.371673567592300191e-01
1.316153769619966063e+01 -7.014527499795110144e-01 4.379943025638017295e-01
1.312395665325267302e+01 -7.036329996548030818e-01 4.388365036489991211e-01
1.308633718201020102e+01 -7.058227024884003997e-01 4.396824541190406110e-01
1.304891124025955307e+01 -7.080487964242394572e-01 4.405325657470458567e-01
1.301219107160246935e+01 -7.104103974941994304e-01 4.413559041461262988e-01
1.297557793333610654e+01 -7.127902715264941014e-01 4.421671378050904821e-01
1.293914134384191428e+01 -7.151943199300718756e-01 4.429712455291643369e-01
1.290293773021306656e+01 -7.176212360811147217e-01 4.437672906136056472e-01
1.286700834738571508e+01 -7.200770656145196735e-01 4.445411919918973442e-01
1.283196305865713072e+01 -7.226752869958014136e-01 4.452634950878922582e-01
1.279730569457165501e+01 -7.253100424483900355e-01 4.459650635896562076e-01
1.276295771450927852e+01 -7.279685306727049499e-01 4.466450416094224773e-01
1.272903424121137839e+01 -7.306556300053792530e-01 4.472961532755870273e-01
1.269550978695549581e+01 -7.333701357485031824e-01 4.479162695498885571e-01
1.266284727972048429e+01 -7.361887014458436962e-01 4.484823702342459750e-01
1.263088438173928196e+01 -7.390589367330827608e-01 4.490020017594115731e-01
1.259932228948048483e+01 -7.419522580059991768e-01 4.494917707429515463e-01
1.256822364753283239e+01 -7.448749778719714332e-01 4.499512254347336482e-01
1.253758730610623573e+01 -7.478209815042148323e-01 4.503735096714931996e-01
1.250776751815377708e+01 -7.508335639423718844e-01 4.507347590951151228e-01
1.247879024004197213e+01 -7.538993115760808106e-01 4.510372942900921500e-01
1.245020572634737555e+01 -7.569897580123569059e-01 4.512966344285429532e-01
1.242213043583828203e+01 -7.601004438730076807e-01 4.515192518794954313e-01
1.239448756134562757e+01 -7.632343268735601871e-01 4.516982303030621093e-01
1.236748780235690504e+01 -7.664085609349018391e-01 4.518254865509857554e-01
1.234140743587869693e+01 -7.696285843303931617e-01 4.518729299241452946e-01
1.231575190605438230e+01 -7.728663471792510675e-01 4.518875874245094626e-01
1.229054587946434829e+01 -7.761207352423065142e-01 4.518674233605823876e-01
1.226577760857634836e+01 -7.793906328792415961e-01 4.518153841213782829e-01
1.224143494021858203e+01 -7.826771624269022176e-01 4.517331247004965356e-01
1.221812263271574928e+01 -7.859929685440444347e-01 4.515703360437854919e-01
1.219513657144488761e+01 -7.893226406899747083e-01 4.513846686970546251e-01
1.217244886688792782e+01 -7.926606183230437974e-01 4.511735205814212946e-01
1.215006020891406280e+01 -7.960057669235348632e-01 4.509415555351737326e-01
1.212792717480723326e+01 -7.993686493474118082e-01 4.506861419754038534e-01
1.210661415622023540e+01 -8.027298516527896499e-01 4.503576959285478520e-01
1.208552166018026242e+01 -8.061053399091878680e-01 4.500062229402344016e-01
1.206458513217965844e+01 -8.094833638785002838e-01 4.496380418908393906e-01
1.204369462970332805e+01 -8.128744471373017255e-01 4.492627238464436124e-01
1.202296670267494427e+01 -8.162821141766489763e-01 4.488803224175845208e-01
1.200258873632484580e+01 -8.196780235326255326e-01 4.484578271927570081e-01
1.198245056680186593e+01 -8.230868760700951192e-01 4.480210029826491303e-01
1.196227084031371568e+01 -8.265019103503125075e-01 4.475865208163986031e-01
1.194202892151487916e+01 -8.299288015701716814e-01 4.471525898957886547e-01
1.192177188569028878e+01 -8.333508766913155785e-01 4.467164028018915101e-01
1.190177760757336145e+01 -8.367390195152089039e-01 4.462406554253889879e-01
1.188204973603034276e+01 -8.400761553920701452e-01 4.457188638986593343e-01
1.186237437745631773e+01 -8.433767643807339454e-01 4.451813391476645010e-01
1.184278275150557747e+01 -8.466391568898661291e-01 4.446267482439036356e-01
1.182330273297621481e+01 -8.498616227056660088e-01 4.440483768605553716e-01
1.180400880410493158e+01 -8.530148884134480802e-01 4.434341603062779136e-01
1.178530566748464992e+01 -8.560592081380384855e-01 4.427577490695246976e-01
1.176668160560577370e+01 -8.590391038126455880e-01 4.420528508063369388e-01
1.174828824750630396e+01 -8.619504154918088412e-01 4.413289382228229862e-01
1.173002392792334270e+01 -8.647908254213348966e-01 4.405753033299132926e-01
1.171202686928116954e+01 -8.675480671887286777e-01 4.397943403198639190e-01
1.169457343527116144e+01 -8.701382865458081595e-01 4.389241541043082950e-01
1.167733854937127269e+01 -8.726347623613790461e-01 4.380267354067773344e-01
1.166028673518117031e+01 -8.750428960765368469e-01 4.370974303051001209e-01
1.164338257227598383e+01 -8.773549269912928050e-01 4.361315735751158940e-01
1.162666301328059504e+01 -8.795716275274615414e-01 4.351317207956473809e-01
1.161055427649328031e+01 -8.815918825142400328e-01 4.340531776135934106e-01
1.159464701383222618e+01 -8.835027955315285508e-01 4.329348566927597730e-01
1.157892333125347939e+01 -8.853136812174675629e-01 4.317796617361997491e-01
1.156334805202526361e+01 -8.870176170626044021e-01 4.305952698000030110e-01
1.154802477190895260e+01 -8.886237382472669255e-01 4.293700147785343146e-01
1.153311666564534121e+01 -8.900502269295353930e-01 4.280816900742107634e-01
1.151841692972653952e+01 -8.913342174104847970e-01 4.267463632917031791e-01
1.150392943391207545e+01 -8.925154341341315911e-01 4.253796365821045922e-01
1.148954145805688576e+01 -8.935993915284742295e-01 4.239702475942914717e-01
1.147533511742393841e+01 -8.945853729981513291e-01 4.225333416961117861e-01
1.146135907904826290e+01 -8.954207407133909502e-01 4.210397351581844361e-01
1.144766012938171862e+01 -8.960910161078001757e-01 4.194947594126829937e-01
1.143404593545848336e+01 -8.966850222472618759e-01 4.179222922146139663e-01
1.142053081199747488e+01 -8.972052534363306187e-01 4.163243091621447456e-01
1.140713352105704459e+01 -8.976546129067715096e-01 4.147023343962825681e-01
1.139394509911628894e+01 -8.980103746320734492e-01 4.130465297076971742e-01
1.138091063214683274e+01 -8.981982173322681229e-01 4.113512526470164410e-01
1.136800263428880520e+01 -8.983462200087309890e-01 4.096387731203807170e-01
1.135513706784282739e+01 -8.984542448026492378e-01 4.079064017979256995e-01
1.134227125536902037e+01 -8.985382017727870929e-01 4.061605944383114286e-01
1.132944063521284050e+01 -8.985920930756773339e-01 4.044028431027477666e-01
1.131679794580093024e+01 -8.984864654672619633e-01 4.026079321375811704e-01
1.130414299379175525e+01 -8.983788610577904121e-01 4.007981484829015728e-01
1.129148379211820874e+01 -8.982843268002261850e-01 3.989841057942011826e-01
1.127878533951851914e+01 -8.981899800048678273e-01 3.971643796427125617e-01
1.126603676326235970e+01 -8.980904922685862823e-01 3.953335068326943591e-01
1.125330241074475346e+01 -8.978287838117516850e-01 3.934800835344718917e-01
1.124056312056749718e+01 -8.975050811173541643e-01 3.916105599055264008e-01
1.122772627001865686e+01 -8.971416896062260893e-01 3.897331986177990926e-01
1.121480105255368365e+01 -8.967261000518380598e-01 3.878515688004271489e-01
1.120177750247195192e+01 -8.962507407257697123e-01 3.859554626235334740e-01
1.118875034663912515e+01 -8.956049642779313480e-01 3.840450087527332301e-01
1.117554967267260047e+01 -8.948225517165719900e-01 3.821207842778422958e-01
1.116224360145603356e+01 -8.939602380895594891e-01 3.801860081036480543e-01
1.114883228862943199e+01 -8.930072097894633520e-01 3.782469882898631397e-01
1.113524853254098623e+01 -8.919658465259248104e-01 3.762970354089806846e-01
1.112152341646962483e+01 -8.907460194177559965e-01 3.743400515419433860e-01
1.110761662794602778e+01 -8.893254891360011793e-01 3.723563241878395380e-01
1.109349322498164447e+01 -8.877964613107229841e-01 3.703716927238204781e-01
1.107915468573530404e+01 -8.861482440346237777e-01 3.683779832736880921e-01
1.106464362949037117e+01 -8.843821582193763797e-01 3.663733152351720812e-01
1.104994381899717304e+01 -8.824748258648965615e-01 3.643665917288164136e-01
1.103498988085739896e+01 -8.803280398320744160e-01 3.623423297291631373e-01
1.101983174307493130e+01 -8.780670128202232583e-01 3.603205484523242519e-01
1.100455374329793656e+01 -8.756974624100731797e-01 3.583002006143289342e-01
1.098912341675448090e+01 -8.732250736329559837e-01 3.562791033558314058e-01
1.097351375636928061e+01 -8.706406461268721975e-01 3.542533547184422704e-01
1.095764960484205375e+01 -8.677976367647485256e-01 3.522282027086424683e-01
1.094155744779160422e+01 -8.648479000797602012e-01 3.501980123800885747e-01
1.092533621308478686e+01 -8.617897555046225566e-01 3.481694636007347521e-01
1.090894125655425384e+01 -8.586287309053733940e-01 3.461343729083513621e-01
1.089235406060744893e+01 -8.553703239375244349e-01 3.440988198805478016e-01
1.087542045984853445e+01 -8.518939822574919107e-01 3.420620526650289261e-01
1.085834347708794034e+01 -8.482999644351222335e-01 3.400201702059655884e-01
1.084112630098784891e+01 -8.446214347110857501e-01 3.379801468891543981e-01
1.082376616164627059e+01 -8.408646641339798666e-01 3.359392140913705638e-01
1.080630171774401127e+01 -8.370369697031732059e-01 3.338940681392260634e-01
1.078865771169037657e+01 -8.330571235846652156e-01 3.318498018757650714e-01
1.077071233217434987e+01 -8.289617635546778773e-01 3.298085027828505100e-01
1.075268731772976061e+01 -8.248073954767732863e-01 3.277590392066562219e-01
1.073459430836911999e+01 -8.206094942401712666e-01 3.257034726530997348e-01
1.071644539450559996e+01 -8.163639960184246869e-01 3.236439754286010162e-01
1.069808239499408131e+01 -8.120386803724565228e-01 3.215777743246382436e-01
1.067948264162777505e+01 -8.076022560156808083e-01 3.195170276653341856e-01
1.066088478664375749e+01 -8.031597275091537647e-01 3.174449468380439177e-01
1.064233466960081209e+01 -7.987143184577866206e-01 3.153677956873153776e-01
1.062378614804966581e+01 -7.942621363365203191e-01 3.132805952211585310e-01
1.060519270866568675e+01 -7.897875389577253546e-01 3.111972663980906439e-01
1.058634420212934479e+01 -7.852058292531270967e-01 3.091242142971042939e-01
1.056735382862471617e+01 -7.806158193047971761e-01 3.070589469832822882e-01
1.054827999625071655e+01 -7.760062541978237638e-01 3.049971373893021753e-01
1.052913387928750666e+01 -7.713779867814959390e-01 3.029404133042323255e-01
1.050981139019156529e+01 -7.667309461837015228e-01 3.008961664248763768e-01
1.048993901580671206e+01 -7.619452409444240626e-01 2.988775543789968236e-01
1.046987337517984606e+01 -7.571319620184708832e-01 2.968767723946815762e-01
1.044959846120355884e+01 -7.522854507627113607e-01 2.948887395822912816e-01
1.042906636018913069e+01 -7.474129107112269521e-01 2.929148173074856421e-01
1.040828960512674328e+01 -7.425013147994800056e-01 2.909553463174289201e-01
1.038697849574077381e+01 -7.374880656985622895e-01 2.890287071573595656e-01
1.036527593403602232e+01 -7.324231749216151277e-01 2.871375487500799628e-01
1.034336576481873138e+01 -7.273257860300708089e-01 2.852598184309053653e-01
1.032115297598628167e+01 -7.221979708790908781e-01 2.834103044442953800e-01
1.029868689576781904e+01 -7.170290912583568987e-01 2.815779688901769995e-01
1.027565791853621135e+01 -7.117857380727277139e-01 2.797879518919939024e-01
1.025209947130859689e+01 -7.064802788673905098e-01 2.780297700341706202e-01
1.022825413955118989e+01 -7.011354764470901779e-01 2.762967571828332525e-01
1.020406718323031470e+01 -6.957558441234592550e-01 2.745913353828595693e-01
1.017961511815424380e+01 -6.903463511647681683e-01 2.729092897794005435e-01
1.015465232910833038e+01 -6.848846904625757182e-01 2.712581323704306158e-01
1.012918466423533737e+01 -6.793521874596019083e-01 2.696557225280356018e-01
1.010345470423408898e+01 -6.738017081809123399e-01 2.680813135993017071e-01
1.007749542051126568e+01 -6.682273114489897248e-01 2.665285508584780416e-01
1.005126283931641140e+01 -6.626299919023482810e-01 2.649987733063168260e-01
1.002478830329628146e+01 -6.570055324175382294e-01 2.635002585210858284e-01
9.997717086765264938e+00 -6.513284393490831325e-01 2.620501006195115612e-01
9.970435975398066475e+00 -6.456268140455854176e-01 2.606237824830707761e-01
9.942983398144820129e+00 -6.399061141283072240e-01 2.592199262295329376e-01
9.915370970984689336e+00 -6.341672335305874597e-01 2.578285909452711633e-01
9.887506622581625493e+00 -6.284067744278531986e-01 2.564529790926796671e-01
9.859207118303267237e+00 -6.226071847271470450e-01 2.551276822833900004e-01
9.830672407682655489e+00 -6.167920550451757578e-01 2.538183619867189766e-01
9.802082903074245124e+00 -6.109598370534685685e-01 2.525215072500571201e-01
9.773382830306941216e+00 -6.051166262259904949e-01 2.512325293286580830e-01
9.744558847181338024e+00 -5.992516821175118968e-01 2.499449958839572439e-01
9.715469646920332991e+00 -5.933711081691085409e-01 2.486973029925567402e-01
9.686264079729403065e+00 -5.874808199365033623e-01 2.474590359317818677e-01
9.657098949559729917e+00 -5.815755309220413949e-01 2.462145405401956477e-01
9.627963421809958788e+00 -5.756592936140064731e-01 2.449735918178065908e-01
9.598935489908980045e+00 -5.697409217919424673e-01 2.437237835017855569e-01
9.569655117381309140e+00 -5.638232021187280507e-01 2.424977045974076040e-01
9.540285344458824923e+00 -5.579142131907028901e-01 2.413005352785227431e-01
9.510844622526738235e+00 -5.520204983165561963e-01 2.401071076449085850e-01
9.481350724892667614e+00 -5.461365268118325567e-01 2.389211898586208749e-01
9.451754397937341068e+00 -5.402632178790426343e-01 2.377478356360756828e-01
9.421971116484932907e+00 -5.344225188087857736e-01 2.365941973931439679e-01
9.391758151680486222e+00 -5.286199760979324314e-01 2.354858204325923632e-01
9.361430278243508596e+00 -5.228491414595693998e-01 2.343920498013401521e-01
9.331007855543727914e+00 -5.171092589327490607e-01 2.333173206076356032e-01
9.300502712794289195e+00 -5.114065761353774331e-01 2.322643842120560853e-01
9.269799477165305390e+00 -5.057439167992180407e-01 2.312359771456752311e-01
9.238750107721028115e+00 -5.001626577702481535e-01 2.302635396206101637e-01
9.207612971264778068e+00 -4.946341449387869349e-01 2.293133140246010337e-01
9.176382421120971244e+00 -4.891516710800775103e-01 2.283875048439426014e-01
9.145067120952377948e+00 -4.837274272073557868e-01 2.274883247902077799e-01
9.113617085299974718e+00 -4.783487674509528387e-01 2.266179947256891092e-01
9.081814549625208954e+00 -4.730756853578136356e-01 2.258044321172808233e-01
9.049849388296086872e+00 -4.678665696783575467e-01 2.250207315067201119e-01
9.017743301063640970e+00 -4.627135943100350035e-01 2.242643377594077669e-01
8.985507644103623903e+00 -4.576164111105007204e-01 2.235363012787450754e-01
8.953161983012767777e+00 -4.525791941937736818e-01 2.228343783205114781e-01
8.920522737301240568e+00 -4.476436406121930833e-01 2.221796706874576421e-01
8.887728034097321483e+00 -4.427862779124263626e-01 2.215630768708695963e-01
8.854846518538339595e+00 -4.379889043464254561e-01 2.209754387152702282e-01
8.821839717865907815e+00 -4.332439324268517744e-01 2.204114045976249547e-01
8.788740667090914727e+00 -4.285562258335175456e-01 2.198782954660400968e-01
8.755468406562306072e+00 -4.239581840107324306e-01 2.193792669038245324e-01
8.721984442234626655e+00 -4.194469050542958821e-01 2.189233456703029990e-01
8.688431533250266625e+00 -4.149902761682616736e-01 2.184879304272681066e-01
8.654759148294326465e+00 -4.105728886918294518e-01 2.180717810715282201e-01
8.620980628682531233e+00 -4.062003044741806512e-01 2.176814778579208021e-01
8.587112104559464498e+00 -4.018914981057551961e-01 2.173161771826282729e-01
8.553004951985290205e+00 -3.976762171843036819e-01 2.169844769127958206e-01
8.518954871976800902e+00 -3.934935004837474271e-01 2.166752834954384643e-01
8.484840847035341582e+00 -3.893383631229339614e-01 2.163768725709372953e-01
8.450734137371020083e+00 -3.852058435212435961e-01 2.160977012983892609e-01
8.416660498396044687e+00 -3.810898418760034212e-01 2.158237923232951827e-01
8.382544202662712607e+00 -3.770773471193109572e-01 2.155914242384528168e-01
8.348396544214089943e+00 -3.730682441115449333e-01 2.153617085262225506e-01
8.314283973664847949e+00 -3.690562586740718798e-01 2.151399953110206820e-01
8.280213766648618190e+00 -3.650333254260620941e-01 2.149174621754452452e-01
8.246129339545571924e+00 -3.610058724562040244e-01 2.147017202782706413e-01
8.212072555622656367e+00 -3.570807922395586864e-01 2.145145633334364366e-01
8.178005173290655350e+00 -3.531824059676402783e-01 2.143312945230449185e-01
8.143996683324592922e+00 -3.493071940266415654e-01 2.141534305027919804e-01
8.110051394596251129e+00 -3.454548124545064325e-01 2.139863539534982151e-01
8.076180876092019290e+00 -3.416442817310569313e-01 2.138215924920562061e-01
8.042342372872367307e+00 -3.379448817523862947e-01 2.136810374928446721e-01
8.008584602811533060e+00 -3.343271992312906726e-01 2.135553572630496943e-01
7.974902655782229566e+00 -3.307658682423157970e-01 2.134376932012882200e-01
7.941303874020464448e+00 -3.272600780114987562e-01 2.133269478831923416e-01
7.907796959337975551e+00 -3.238154090330863655e-01 2.132218935069439270e-01
7.874360763757577431e+00 -3.204829984334693349e-01 2.131331487768784172e-01
7.840958281587051992e+00 -3.172911752447145628e-01 2.130663279944266519e-01
7.807683878213804718e+00 -3.141691135555715886e-01 2.130075086999629608e-01
7.774517674020934521e+00 -3.111211858680481002e-01 2.129571976431030855e-01
7.741421541867142153e+00 -3.081499618891786474e-01 2.129154474435994149e-01
7.708507981283250210e+00 -3.052828530360063297e-01 2.128836258779550350e-01
7.675774775327112387e+00 -3.025792127945114984e-01 2.128729182491808647e-01
7.643184717655254090e+00 -2.999609224685758635e-01 2.128703891895504796e-01
7.610776055610804391e+00 -2.974226412384899376e-01 2.128765211793476053e-01
7.578434768245209341e+00 -2.949635728423864456e-01 2.128899455071842639e-01
7.546330124039878129e+00 -2.925887502504496696e-01 2.129186153956056093e-01
7.514406486108747174e+00 -2.904047649811206666e-01 2.129592372655498278e-01
7.482612876305842597e+00 -2.883007108624398018e-01 2.130123416787065294e-01
7.451009136350895901e+00 -2.862762630231486805e-01 2.130698504082882694e-01
7.419540181282832769e+00 -2.843293952828502280e-01 2.131376264004697929e-01
7.388175258871319429e+00 -2.824577513438799037e-01 2.132120429724430055e-01
7.357091621291446337e+00 -2.807492076137875769e-01 2.133032327444222553e-01
7.326183040375314093e+00 -2.791296400994840443e-01 2.133981026150923721e-01
7.295403665470099774e+00 -2.775763995581130295e-01 2.135038577127824078e-01
7.264688464047409866e+00 -2.760870351946957957e-01 2.136180788930536756e-01
7.234166346825231741e+00 -2.746558030444311571e-01 2.137352269896733992e-01
7.203796405014665005e+00 -2.733456798275623045e-01 2.138689035892690493e-01
7.173657226318280067e+00 -2.721263571779067858e-01 2.140060740629546876e-01
7.143636748458544794e+00 -2.709510636267771777e-01 2.141494666241087474e-01
7.113650320064788701e+00 -2.698156872565030118e-01 2.143021499194661117e-01
7.083809528431825875e+00 -2.687154813051688129e-01 2.144607736872362336e-01
7.054027603668247437e+00 -2.676868944429134367e-01 2.146338904679919446e-01
7.024507466919490462e+00 -2.667426911084231911e-01 2.148077996713979865e-01
6.995000034849267578e+00 -2.658157095741423559e-01 2.149870913475531997e-01
6.965497394842130596e+00 -2.649001098618607997e-01 2.151723363612734752e-01
6.935940688736917714e+00 -2.639927357773556027e-01 2.153632418648460112e-01
6.906542459498381525e+00 -2.631163251808141257e-01 2.155628547689565355e-01
6.877331969310128024e+00 -2.623299441079025573e-01 2.157613618866036365e-01
6.848202691012477139e+00 -2.615589709209707459e-01 2.159592133103742373e-01
6.819161985584355712e+00 -2.608063021676437221e-01 2.161625802954520170e-01
6.790254238049261204e+00 -2.600754251951233331e-01 2.163633484885323366e-01
6.761472749917397884e+00 -2.593692120157153336e-01 2.165682403992033045e-01
6.733202865675687043e+00 -2.587796115238289452e-01 2.167589233501618640e-01
6.705024437297092632e+00 -2.582189555749002663e-01 2.169505877886174772e-01
6.677034750228737714e+00 -2.576897380003798088e-01 2.171394305566626270e-01
6.649218916675367019e+00 -2.571955769789830426e-01 2.173233329204175557e-01
6.621655639396372806e+00 -2.567392809554862043e-01 2.175012868254130038e-01
6.594454911259042262e+00 -2.563861829564142436e-01 2.176667609719673546e-01
6.567591946766992095e+00 -2.560903752907868203e-01 2.178158349998464971e-01
6.540951489389074780e+00 -2.558336760348100536e-01 2.179617147169971014e-01
6.514506832731425945e+00 -2.556186594605029949e-01 2.180953497071690950e-01
6.488289165912214607e+00 -2.554452324463596380e-01 2.182271260508370503e-01
6.462545502189543711e+00 -2.553556045431460420e-01 2.183392659809817449e-01
6.437205976733658019e+00 -2.553376793774053133e-01 2.184335449329369572e-01
6.412077868044575801e+00 -2.553602277532277531e-01 2.185195011833545864e-01
6.387209873457089238e+00 -2.554247998799638597e-01 2.185955679223226256e-01
6.362650088125735515e+00 -2.555369161937443012e-01 2.186601063132877776e-01
6.338456224822349050e+00 -2.557071982508484775e-01 2.187102655346185864e-01
6.314687406366606304e+00 -2.559638548355816501e-01 2.187358300500548691e-01
6.291179146372055442e+00 -2.562621218235885956e-01 2.187467789273712104e-01
6.267893650045079923e+00 -2.565992290551150079e-01 2.187493556899352265e-01
6.244868744965997642e+00 -2.569779934025471779e-01 2.187455357176027182e-01
6.222216296961362580e+00 -2.574051239704038263e-01 2.187276655650403634e-01
6.200007000356374753e+00 -2.579060173346088281e-01 2.186851856677704820e-01
6.178049144370800327e+00 -2.584466731048183918e-01 2.186315358209418580e-01
6.156317798698303534e+00 -2.590166204039552333e-01 2.185773993739670573e-01
6.134850561003965197e+00 -2.596235242705041135e-01 2.185143768673526166e-01
6.113544222513252357e+00 -2.602577580429329407e-01 2.184520104193550250e-01
6.092710652679795835e+00 -2.609642169630113639e-01 2.183614931941610104e-01
6.072121701898228530e+00 -2.617009182294074976e-01 2.182629541918716110e-01
6.051705379185822409e+00 -2.624672891473270875e-01 2.181649629764012555e-01
6.031384923401551745e+00 -2.632589494088987125e-01 2.180657442763589970e-01
6.011214988471684784e+00 -2.640755547105947398e-01 2.179594830665363414e-01
5.991383962842686373e+00 -2.649448676808756065e-01 2.178420438700524320e-01
5.971760072833749433e+00 -2.658372727781819211e-01 2.177244202423623542e-01
5.952168102666494320e+00 -2.667548553257239607e-01 2.176037235973769524e-01
5.932645747607200981e+00 -2.676943615701335988e-01 2.174897404375154830e-01
5.913165711828222371e+00 -2.686527842747465922e-01 2.173852250616958859e-01
5.893890728213131425e+00 -2.696406650336528599e-01 2.172696099161496308e-01
5.874817665874531691e+00 -2.706478892300406836e-01 2.171496718627072831e-01
5.855823247020621736e+00 -2.716708491270337644e-01 2.170277636686140654e-01
5.836883125451569398e+00 -2.727039314587562657e-01 2.169032647218836485e-01
5.818100992423616447e+00 -2.737481716565832168e-01 2.167690653157798020e-01
5.799526869424276754e+00 -2.747995808386292094e-01 2.166278881342731943e-01
5.781260795096996752e+00 -2.758632100744194959e-01 2.164587274349316914e-01
5.763138317753548456e+00 -2.769243352242900524e-01 2.162844346797519746e-01
5.745142210439746933e+00 -2.779883473908825731e-01 2.161043598097175944e-01
5.727347536328088573e+00 -2.790514085794422172e-01 2.159178468759694880e-01
5.709779015165969973e+00 -2.801180636652234046e-01 2.157134565245057978e-01
5.692610429915324843e+00 -2.811696834273578749e-01 2.154789690987745920e-01
5.675651835734801587e+00 -2.822185243892914586e-01 2.152330012640447654e-01
5.658857528238662837e+00 -2.832600242667778212e-01 2.149765630107939307e-01
5.642254268375959114e+00 -2.842950131303766392e-01 2.147088156374258316e-01
5.625868858308090026e+00 -2.853156888681813164e-01 2.144202899146019914e-01
5.609978420358642026e+00 -2.863185927041593803e-01 2.141040695171566866e-01
5.594231760400603548e+00 -2.873081277505568076e-01 2.137666660465124824e-01
5.578741887199450744e+00 -2.882853168475992822e-01 2.134124877152830113e-01
5.563418674334529079e+00 -2.892500743816210362e-01 2.130459035820428115e-01
5.548312503258570061e+00 -2.902056788774065033e-01 2.126685394326864043e-01
5.533592630662821144e+00 -2.911260176371447406e-01 2.122516120235425352e-01
5.519126057303548549e+00 -2.920318383624335712e-01 2.118197389096145855e-01
5.504862146209661411e+00 -2.929226037015504325e-01 2.113716357427020687e-01
5.490797098009058352e+00 -2.938014158194391379e-01 2.109065608280246418e-01
5.476943231353418540e+00 -2.946659247048715180e-01 2.104304953015525836e-01
5.463366461420835485e+00 -2.955119997041675273e-01 2.099338898580787038e-01
5.450142530073242675e+00 -2.963262228522319242e-01 2.094090066351355084e-01
5.437108059980464425e+00 -2.971325407949457764e-01 2.088744129096887225e-01
5.424206337633365571e+00 -2.979283969519879727e-01 2.083293405271075538e-01
5.411517402682914479e+00 -2.987187312782023652e-01 2.077730162267666381e-01
5.398984662609717766e+00 -2.994962936642860396e-01 2.071981954093683187e-01
5.386831528824939319e+00 -3.002392131196712222e-01 2.066011992089013261e-01
5.374767556687841896e+00 -3.009825801147599234e-01 2.059901726413416179e-01
5.362820126485795313e+00 -3.017224538890909691e-01 2.053758927945358304e-01
5.351016639775707517e+00 -3.024724326228847016e-01 2.047525580556666391e-01
5.339402158801402898e+00 -3.032187925804769035e-01 2.041214747081958325e-01
5.327990111703231335e+00 -3.039405837121580967e-01 2.034660700277525491e-01
5.316701516718780773e+00 -3.046696593490179628e-01 2.028106263853985125e-01
5.305519697432783843e+00 -3.054213048819670040e-01 2.021558661942675361e-01
5.294413488523512790e+00 -3.061962058413150722e-01 2.015010172727229598e-01
5.283412267119471650e+00 -3.069933257969390539e-01 2.008504989618162262e-01
5.272617962918589640e+00 -3.077591762892958882e-01 2.001822706268061858e-01
5.261920584556638580e+00 -3.085388704933968440e-01 1.995159411653877335e-01
5.251298515837316216e+00 -3.093252316109827982e-01 1.988504222212393868e-01
5.240673436335922197e+00 -3.101147882040465320e-01 1.981768391421601661e-01
5.230176234890266507e+00 -3.108978920385117029e-01 1.975010718441267410e-01
5.219841012802675095e+00 -3.116428191154570482e-01 1.968147434748946101e-01
5.209617287614783265e+00 -3.123619119169929181e-01 1.961207120131297221e-01
5.199460103955313883e+00 -3.130670488774400795e-01 1.954210961584154360e-01
5.189343701127898889e+00 -3.137549763921031465e-01 1.947125501776983403e-01
5.179306893056508265e+00 -3.144226461519454840e-01 1.940050808341486632e-01
5.169361542711177648e+00 -3.150429516798090579e-01 1.932870017089078074e-01
5.159551679012078118e+00 -3.156051141745691568e-01 1.925519624778184447e-01
5.149831998131535471e+00 -3.161390591776636616e-01 1.918119190005512786e-01
5.140137877034802294e+00 -3.166449090105549202e-01 1.910671031518414720e-01
5.130487005862962135e+00 -3.171171271888785781e-01 1.903098825684599593e-01
5.120941162438449545e+00 -3.175404793961780769e-01 1.895522204483536532e-01
5.111493374226842690e+00 -3.178801413303292689e-01 1.887660913267086848e-01
5.102056845623494041e+00 -3.181839867647439646e-01 1.879819139408562545e-01
5.092740866715083747e+00 -3.184491946285632480e-01 1.871916546096211165e-01
5.083462503013708833e+00 -3.186780545920089303e-01 1.863924040511178992e-01
5.074180930845331616e+00 -3.188726441172692327e-01 1.855918957899681532e-01
5.065072020797353858e+00 -3.189680416565086052e-01 1.847792149179190713e-01
5.056003819992167969e+00 -3.190293193280055450e-01 1.839545381751188646e-01
5.046985316112870379e+00 -3.190568509252220686e-01 1.831305560872042437e-01
5.037998593178452111e+00 -3.190463407224642944e-01 1.822983422025084843e-01
5.029064775677059451e+00 -3.190040085914127577e-01 1.814626961374331549e-01
5.020265383632697365e+00 -3.188756091895843525e-01 1.806221214930805452e-01
5.011454059006843487e+00 -3.187064956889021916e-01 1.797691972918517289e-01
5.002739569568912970e+00 -3.185003771443051801e-01 1.789097239620302260e-01
4.994050654713805493e+00 -3.182699154026102373e-01 1.780472385526330747e-01
4.985468711201766823e+00 -3.180194123756835411e-01 1.771874104282867568e-01
4.976932543141669107e+00 -3.176973486178863992e-01 1.763131814703987610e-01
4.968442106136230052e+00 -3.173393264147988391e-01 1.754334291933430379e-01
4.959998228356967687e+00 -3.169627789583266408e-01 1.745556068122252058e-01
4.951626391399459592e+00 -3.165745030563733020e-01 1.736685072882265812e-01
4.943415918615062132e+00 -3.161745334898287130e-01 1.727804449447538082e-01
4.935163675644450798e+00 -3.157406796723781772e-01 1.718830000057250396e-01
4.927064148040693148e+00 -3.152667900681113133e-01 1.709872848743271556e-01
4.918967702051103785e+00 -3.147891715745868568e-01 1.700840788801869230e-01
4.910980759519940619e+00 -3.143180501212561317e-01 1.691748936522391722e-01
4.903078362373999077e+00 -3.138558945749160278e-01 1.682617115832564514e-01
4.895249307713979370e+00 -3.133924521903785898e-01 1.673490060143160707e-01
4.887538561955295791e+00 -3.128962196166668597e-01 1.664346896094778538e-01
4.879836453857437029e+00 -3.124025829649236252e-01 1.655138600787839642e-01
4.872235257502914862e+00 -3.119157300191594540e-01 1.645933592472665630e-01
4.864703165628339931e+00 -3.114337993888376399e-01 1.636708091336729065e-01
4.857191624745680336e+00 -3.109478129676374603e-01 1.627552104279510470e-01
4.849608577338446302e+00 -3.104020178533966057e-01 1.618391067597166888e-01
4.842100411648103453e+00 -3.098442502585672664e-01 1.609227508231610981e-01
4.834610642736933528e+00 -3.092817164737073354e-01 1.600095608566119154e-01
4.827099267350621226e+00 -3.087125659514109999e-01 1.590963480756987236e-01
4.819538253808255845e+00 -3.081265680052394651e-01 1.581894564928061631e-01
4.811960908731144571e+00 -3.074772758829440455e-01 1.572896496334837135e-01
4.804355524838899605e+00 -3.068031902279855783e-01 1.563940697610238517e-01
4.796712181184446422e+00 -3.061148719712282751e-01 1.555028733421225939e-01
4.788985465735759561e+00 -3.054063086233711477e-01 1.546125142042307776e-01
4.781261273047279658e+00 -3.046807916150808815e-01 1.537250999142275587e-01
4.773446877752715700e+00 -3.039021078032165812e-01 1.528505572844237326e-01
4.765561588406711735e+00 -3.030859437315568394e-01 1.519865700513271245e-01
4.757624121034255360e+00 -3.022531469290865580e-01 1.511276371182974643e-01
4.749637411435264411e+00 -3.013932115640155507e-01 1.502710387577109175e-01
4.741603963965862256e+00 -3.005218536594460588e-01 1.494206346557278298e-01
4.733531913621266796e+00 -2.996049297851041127e-01 1.485808663496682447e-01
4.725287528535420556e+00 -2.986424788763267224e-01 1.477526783276335576e-01
4.717044258669429446e+00 -2.976597183511963673e-01 1.469331041687402528e-01
4.708681847594296421e+00 -2.966566292640270830e-01 1.461174385346544480e-01
4.700279875565088972e+00 -2.956291888889350239e-01 1.453021212630115078e-01
4.691869865680265761e+00 -2.945695097877960023e-01 1.444978269427331929e-01
4.683282087930462190e+00 -2.934607222841450480e-01 1.437056408844919198e-01
4.674601828049248731e+00 -2.923303070536555914e-01 1.429222687349768761e-01
4.665943059251217662e+00 -2.911822086179193803e-01 1.421404573119022519e-01
4.657265127355505463e+00 -2.900203659799401312e-01 1.413637670873826579e-01
4.648510427387132715e+00 -2.888413000059663616e-01 1.405906881635207439e-01
4.639702431700206908e+00 -2.876150251956052228e-01 1.398357966237855909e-01
4.630849057568772409e+00 -2.863761724841875633e-01 1.390820968201758323e-01
4.621999740127227696e+00 -2.851258371655225887e-01 1.383331310161765304e-01
4.613224495543490455e+00 -2.838682616145914994e-01 1.375855722506059697e-01
4.604417939998982412e+00 -2.825956502368646150e-01 1.368388129962011535e-01
4.595571908546637552e+00 -2.812972083551313895e-01 1.361056076457243524e-01
4.586759003634614196e+00 -2.799856407366163591e-01 1.353728985642099203e-01
4.577948011157113584e+00 -2.786704455903447619e-01 1.346424571819355154e-01
4.569227406299069649e+00 -2.773447330863174076e-01 1.339043965786872736e-01
4.560564471321567837e+00 -2.760162748323070070e-01 1.331677711003095566e-01
4.551962946719542380e+00 -2.746760126822107573e-01 1.324337620598275700e-01
4.543311176038212551e+00 -2.733206786403060140e-01 1.316998800881459541e-01
4.534776049452561075e+00 -2.719654863109805532e-01 1.309679566234673853e-01
4.526279827429624092e+00 -2.706149959426824014e-01 1.302378542703495345e-01
4.517810813887240151e+00 -2.692605514392469868e-01 1.295035652656870429e-01
4.509310027217027894e+00 -2.678967249832970854e-01 1.287777471591850520e-01
4.500786573336685414e+00 -2.665270824715220699e-01 1.280646666843197334e-01
4.492219773413179240e+00 -2.651618879132234263e-01 1.273545988634956494e-01
4.483687808632658367e+00 -2.637930942435486315e-01 1.266488057393036770e-01
4.475061724706947075e+00 -2.624284782085897771e-01 1.259484187603725214e-01
4.466493594614589391e+00 -2.610658976263698916e-01 1.252560345537234721e-01
4.457704359136227090e+00 -2.596978011398238251e-01 1.245843221583424754e-01
4.448950308484465488e+00 -2.583387759836601738e-01 1.239198408334160478e-01
4.440174339732941178e+00 -2.569846854548900050e-01 1.232632109388758918e-01
4.431306689044035352e+00 -2.556385941882694524e-01 1.226155239917916945e-01
4.422482532618160711e+00 -2.542962071304423199e-01 1.219768210097310346e-01
4.413463495354934985e+00 -2.529664651194454827e-01 1.213645373869705335e-01
4.404459758451819695e+00 -2.516390779180950332e-01 1.207618418660247189e-01
4.395357987293632362e+00 -2.503203376668588498e-01 1.201686140366644978e-01
4.386263061592835300e+00 -2.490128991272301806e-01 1.195859054765577439e-01
4.377067815603201240e+00 -2.477103548684983503e-01 1.190131582076402600e-01
4.367769688538687411e+00 -2.464231873891414293e-01 1.184632947012538434e-01
4.358381241738268130e+00 -2.451453301140681662e-01 1.179279778270102830e-01
4.348957759302778392e+00 -2.438741586452300436e-01 1.174028119818553012e-01
4.339476715714170041e+00 -2.426064153485247565e-01 1.168877394804201664e-01
4.329975099035138442e+00 -2.413519827414456753e-01 1.163820291727026279e-01
4.320378905653488921e+00 -2.401087904222413416e-01 1.158960826772787306e-01
4.310684782622263178e+00 -2.388820882696748027e-01 1.154269950469174189e-01
4.300969034108402589e+00 -2.376572054271653411e-01 1.149667787474245445e-01
4.291235267046772606e+00 -2.364388851331430674e-01 1.145153944013045100e-01
4.281418661604464937e+00 -2.352185604732874025e-01 1.140715109297166796e-01
4.271552498218236238e+00 -2.340170756652381889e-01 1.136414687464508133e-01
4.261614600552088739e+00 -2.328219832744627960e-01 1.132294338021188340e-01
4.251659036753292931e+00 -2.316264454861045319e-01 1.128240524105424414e-01
4.241673216540240432e+00 -2.304358308086239537e-01 1.124243518455400465e-01
4.231644529723905812e+00 -2.292416077410414366e-01 1.120292082285250651e-01
4.221625668954238186e+00 -2.280459069205268974e-01 1.116406497081331856e-01
4.211566638672693763e+00 -2.268684726884741543e-01 1.112699377304793569e-01
4.201529615690629882e+00 -2.256812606329462734e-01 1.109021126605761326e-01
4.191546508890969136e+00 -2.244930589761055806e-01 1.105357193783595565e-01
4.181545134842041378e+00 -2.232895532810132422e-01 1.101701672037267016e-01
4.171644229163590900e+00 -2.220768843678489479e-01 1.098035551134188270e-01
4.161603812861253360e+00 -2.208722863166113770e-01 1.094506392144382750e-01
4.151681459827559983e+00 -2.196632149250080102e-01 1.090979727589378168e-01
4.141786585404515719e+00 -2.184415656849986176e-01 1.087454497425725947e-01
4.131895907766254261e+00 -2.172165389875072572e-01 1.083933222395579016e-01
4.122056302906862868e+00 -2.159903273625043973e-01 1.080428165396166984e-01
4.112152081503603895e+00 -2.147837869385098297e-01 1.077040143206789147e-01
4.102264391736782478e+00 -2.135904268849988796e-01 1.073719020080748932e-01
4.092429176351492615e+00 -2.124025898410707436e-01 1.070430512443249632e-01
4.082634296590921252e+00 -2.112242269918767623e-01 1.067171751961789455e-01
4.072806555756127267e+00 -2.100596069848700009e-01 1.063953955199101603e-01
4.062982510017085325e+00 -2.089196897880343240e-01 1.060843365665093546e-01
4.053181999674190017e+00 -2.078113113468895989e-01 1.057842319602744635e-01
4.043412787744829373e+00 -2.067196431771859411e-01 1.054892468146824136e-01
4.033617344438304997e+00 -2.056455607616051728e-01 1.051988238672279391e-01
4.023877966262199735e+00 -2.045907973108251898e-01 1.049137498819235209e-01
4.014162821579437157e+00 -2.035605568466385129e-01 1.046384624276760489e-01
4.004437002105249555e+00 -2.025791920978189109e-01 1.043772409996235606e-01
3.994697208714999448e+00 -2.016234197074547319e-01 1.041210276148061969e-01
3.984967137287107608e+00 -2.006857511443624342e-01 1.038710775561120098e-01
3.975217914478473613e+00 -1.997697395336355541e-01 1.036264594935262379e-01
3.965533258904085034e+00 -1.988799185929518987e-01 1.033892925328780549e-01
3.955787931535332813e+00 -1.980485512554878424e-01 1.031675811662032538e-01
3.946130922195228763e+00 -1.972400587308014430e-01 1.029515778442652990e-01
3.936452179060306200e+00 -1.964535839311367105e-01 1.027417979018374478e-01
3.926787863976842097e+00 -1.956885702481462597e-01 1.025378841078225661e-01
3.917170973044465487e+00 -1.949447803751976627e-01 1.023400363583736178e-01
3.907564309898474697e+00 -1.942588861317075533e-01 1.021568132775022147e-01
3.897991992026276442e+00 -1.935971565600780320e-01 1.019805741157193968e-01
3.888437044265699249e+00 -1.929540263165433478e-01 1.018095591636861280e-01
3.878888753398890721e+00 -1.923273626744817222e-01 1.016441532745295112e-01
3.869368341179530546e+00 -1.917167551089863087e-01 1.014844449365033541e-01
3.859844563539830631e+00 -1.911483590257175014e-01 1.013352082235646767e-01
3.850318081071052667e+00 -1.906065493105850162e-01 1.011933995238295525e-01
3.840842482276876080e+00 -1.900750512043017371e-01 1.010560533528347821e-01
3.831370153497455799e+00 -1.895510077796305204e-01 1.009241101178001004e-01
3.821911909776382288e+00 -1.890322178926350238e-01 1.007958841362639607e-01
3.812428520936496756e+00 -1.885371769923762097e-01 1.006756767138308889e-01
3.802994680476232237e+00 -1.880655833577895841e-01 1.005625992374792055e-01
3.793572066265256115e+00 -1.875919911861871903e-01 1.004526289010736623e-01
3.784137517132863060e+00 -1.871133794219506374e-01 1.003462738363286311e-01
3.774667887079475648e+00 -1.866274886674756106e-01 1.002432900757479622e-01
3.765229284621820049e+00 -1.861419941657543042e-01 1.001442113268174033e-01
3.755771266147271970e+00 -1.856751518234444065e-01 1.000516896175838999e-01
3.746322417500903335e+00 -1.851974056726962692e-01 9.996051467291872106e-02
3.736870435720495376e+00 -1.847115018637065231e-01 9.987172874807118128e-02
3.727403035589370361e+00 -1.842199028952588025e-01 9.978447623353176033e-02
3.717911874645703829e+00 -1.837267452153897862e-01 9.969938683549048331e-02
3.708537519494010670e+00 -1.832696344596389526e-01 9.961856944860889018e-02
3.699213817020484463e+00 -1.828136046793373548e-01 9.953869849100929756e-02
3.689884975165837133e+00 -1.823600626893101817e-01 9.945968967253873694e-02
3.680595269077139520e+00 -1.819108453593307473e-01 9.938172397540577518e-02
3.671350349057662665e+00 -1.814675398728072264e-01 9.930459564638713377e-02
3.662254231347079614e+00 -1.810636244867049327e-01 9.922870210380099754e-02
3.653160938822127779e+00 -1.806741200802877145e-01 9.915276512781265317e-02
3.644126610210246753e+00 -1.802946504296037145e-01 9.907728369313367756e-02
3.635153747026393933e+00 -1.799260797464090345e-01 9.900125018609613747e-02
3.626203608562328817e+00 -1.795695584946486456e-01 9.892496984736061372e-02
3.617361813393124681e+00 -1.792488814658383667e-01 9.884830074764422436e-02
3.608639082213934479e+00 -1.789536814722490488e-01 9.877089529296910475e-02
3.599946898624617475e+00 -1.786715392247224532e-01 9.869314828221006919e-02
3.591312895682862383e+00 -1.784032081106211587e-01 9.861440624124082066e-02
3.582771127136554767e+00 -1.781487859990644185e-01 9.853529624967428957e-02
3.574301879369796264e+00 -1.779239602155920641e-01 9.845480799446594544e-02
3.565956526702867002e+00 -1.777318403828065940e-01 9.837269396433996616e-02
3.557674739338866576e+00 -1.775540305703002253e-01 9.828915831235145173e-02
3.549444673678532780e+00 -1.773904432495736205e-01 9.820516817595995041e-02
3.541254511251467285e+00 -1.772411418579674380e-01 9.811969504702733325e-02
3.533118339805703112e+00 -1.771129893380811449e-01 9.803284938172107665e-02
3.525161040425222492e+00 -1.770211279110096847e-01 9.794300436287479983e-02
3.517240107815141847e+00 -1.769423271531636033e-01 9.785291634768680802e-02
3.509368840640169296e+00 -1.768752668677032458e-01 9.776289437634490265e-02
3.501539063919244743e+00 -1.768201601166262682e-01 9.767253550928071959e-02
3.493783878035293444e+00 -1.767771853851006492e-01 9.758284782087663090e-02
3.486186723925888575e+00 -1.767702893589432889e-01 9.748986231521358792e-02
3.478564653982422428e+00 -1.767718518506363745e-01 9.739738356042115797e-02
3.470980081337197376e+00 -1.767812260880795572e-01 9.730648219625490092e-02
3.463478787056502028e+00 -1.767975288032957171e-01 9.721674708547040078e-02
3.455951481566545525e+00 -1.768202365575227419e-01 9.712919753251000876e-02
3.448502864565751835e+00 -1.768666771829168760e-01 9.703889465699351569e-02
3.441092881835426720e+00 -1.769203168221600286e-01 9.695029732004842304e-02
3.433685394258848333e+00 -1.769765050528155637e-01 9.686474551859358684e-02
3.426252364265786277e+00 -1.770332923026344540e-01 9.678236275497897889e-02
3.418810569492746865e+00 -1.770902836721314488e-01 9.670321089922205571e-02
3.411392214739239481e+00 -1.771581647685131211e-01 9.662546559179978345e-02
3.404036093498140847e+00 -1.772299238207090399e-01 9.654920786429539714e-02
3.396620887396765820e+00 -1.772985054927561088e-01 9.647706632329702825e-02
3.389153214457680807e+00 -1.773644116416326910e-01 9.640808656794874754e-02
3.381705418906273408e+00 -1.774281449897718299e-01 9.634197203680233690e-02
3.374286791308132916e+00 -1.774954947518408988e-01 9.627460875449857236e-02
3.366924285415229257e+00 -1.775691505383068802e-01 9.620353210249933673e-02
3.359570395807794707e+00 -1.776395224499938419e-01 9.613327248317087015e-02
3.352240107010313608e+00 -1.777072890336557909e-01 9.606269254621374598e-02
3.344914922241843946e+00 -1.777724432180274872e-01 9.599088666472561926e-02
3.337657298594246758e+00 -1.778369993240475067e-01 9.591629735151427361e-02
3.330504777064408284e+00 -1.779079304849353615e-01 9.583219534506898230e-02
3.323360364250940613e+00 -1.779747112243534046e-01 9.574570178808143595e-02
3.316276427068440835e+00 -1.780390250627046644e-01 9.565528954689474228e-02
3.309197519608318316e+00 -1.780996927426776177e-01 9.556192843514446644e-02
3.302192601374365655e+00 -1.781577559375767672e-01 9.546486734292274068e-02
3.295275815590956725e+00 -1.782232919236482471e-01 9.535669330889966211e-02
3.288477590848113863e+00 -1.782804540039132080e-01 9.524420688806105317e-02
3.281728799696539411e+00 -1.783339072964235938e-01 9.512837552039242472e-02
3.274979555919021124e+00 -1.783888111410306676e-01 9.500907504047004237e-02
3.268333072841140385e+00 -1.784388655083138653e-01 9.488650491396784237e-02
3.261777728393561393e+00 -1.784826110008037314e-01 9.475280478623236691e-02
3.255321981859483849e+00 -1.785291907658351496e-01 9.461293500619820385e-02
3.248911003796665309e+00 -1.785686256923109394e-01 9.446926569508555527e-02
3.242542531594448274e+00 -1.786067437064100261e-01 9.432111745267734992e-02
3.236272554509593391e+00 -1.786425546568904676e-01 9.416858920960308188e-02
3.230082680143812723e+00 -1.786767874489461061e-01 9.400729577237157408e-02
3.223945570060903876e+00 -1.787059937709601365e-01 9.383866760005628305e-02
3.217862089289534211e+00 -1.787329358274914459e-01 9.366615151996691979e-02
3.211854578424751416e+00 -1.787568113381045598e-01 9.349064333841172747e-02
3.205813097592525640e+00 -1.787769093594440140e-01 9.331239400206334245e-02
3.199902388807679188e+00 -1.788006292801422037e-01 9.312809288194452695e-02
3.194109911375705213e+00 -1.788154100684709591e-01 9.293562171154937102e-02
3.188336463296223666e+00 -1.788297745562162366e-01 9.274083441647362758e-02
3.182520142607385250e+00 -1.788447182818231618e-01 9.254437437028439906e-02
3.176792653600821303e+00 -1.788605469345003474e-01 9.234646589548113627e-02
3.171028423829454379e+00 -1.788738349814045225e-01 9.214526436801334652e-02
3.165389515370439444e+00 -1.788808652098193563e-01 9.193644279935865582e-02
3.159736668403037019e+00 -1.788927644497771696e-01 9.172738809898001167e-02
3.154077148224539329e+00 -1.789035959802860731e-01 9.151972492311714891e-02
3.148477523426404634e+00 -1.789192766249878552e-01 9.131325167140824650e-02
3.142767934889378445e+00 -1.789499206342149429e-01 9.110949825367641031e-02
3.137199076329202807e+00 -1.789627522672245508e-01 9.090071957463326247e-02
3.131584224020451224e+00 -1.789876415096164908e-01 9.069526460814990310e-02
3.125965699887147231e+00 -1.790208646154350658e-01 9.049312454834509967e-02
3.120355003883548584e+00 -1.790592073637697068e-01 9.029379994329041204e-02
3.114673322752804285e+00 -1.790933759143757686e-01 9.009578745588808779e-02
3.109094824187366601e+00 -1.791257703998019590e-01 8.989276590582283288e-02
3.103512817837589477e+00 -1.791441055420437689e-01 8.968821270946496227e-02
3.097882316901947597e+00 -1.791583442401434856e-01 8.948330909953797208e-02
3.092282966369912511e+00 -1.791698477050993887e-01 8.927809393932416293e-02
3.086663070607887249e+00 -1.791791812358873026e-01 8.907320163305150473e-02
3.081041582674612034e+00 -1.791663335562216075e-01 8.886203908739097324e-02
3.075503762346006198e+00 -1.791351770565437762e-01 8.864637904432370874e-02
3.069921961945528910e+00 -1.791018448239510286e-01 8.842901341513334512e-02
3.064346362986433814e+00 -1.790569929303977015e-01 8.821023715660025744e-02
3.058768323445320014e+00 -1.789977411504592997e-01 8.798901044096360535e-02
3.053225257100985246e+00 -1.789194250608624470e-01 8.776334487839151932e-02
3.047757696917130055e+00 -1.788151316641062860e-01 8.752928004663020067e-02
3.042226193756441432e+00 -1.786965173006202778e-01 8.729235563241796725e-02
3.036719554017934364e+00 -1.785681294463422331e-01 8.705291728231247250e-02
3.031234557191436974e+00 -1.784205883831682105e-01 8.681053438314964565e-02
3.025670862756085544e+00 -1.782643797366680327e-01 8.656448343807708612e-02
3.020236293107152470e+00 -1.780707360401154737e-01 8.630916039903963055e-02
3.014778351260761102e+00 -1.778607801133063326e-01 8.605226309061293766e-02
3.009341054446801778e+00 -1.776368156580683255e-01 8.579273763005754172e-02
3.003882085440524818e+00 -1.774070188736514841e-01 8.553070452748831598e-02
2.998490470446826262e+00 -1.771561675894058052e-01 8.526671831132093260e-02
2.993063372487460239e+00 -1.768803491518887716e-01 8.499467401029578428e-02
2.987663736431150241e+00 -1.765874245608561321e-01 8.472038474497811666e-02
2.982306289997922910e+00 -1.762816337530552502e-01 8.444331913031992431e-02
2.976951150901427035e+00 -1.759652423552415246e-01 8.416409077773737146e-02
2.971567282188290360e+00 -1.756334995883616079e-01 8.388304663495460556e-02
2.966265068771389402e+00 -1.752831038084351201e-01 8.359549360544185626e-02
2.960950012168846790e+00 -1.749139062930978594e-01 8.330495006404352309e-02
2.955628426051370994e+00 -1.745392446903210881e-01 8.301312355360214446e-02
2.950338865741194638e+00 -1.741602200671528988e-01 8.271936320442874191e-02
2.944997362814294029e+00 -1.737706235417192380e-01 8.242427185859649286e-02
2.939708349810467691e+00 -1.733689930593643180e-01 8.212574245299411602e-02
2.934466334458401882e+00 -1.729575268278437938e-01 8.182377285775178921e-02
2.929188528109828216e+00 -1.725421277065333492e-01 8.152204976322988128e-02
2.923925250440864598e+00 -1.721334347674899068e-01 8.121965747288416304e-02
2.918714955392113009e+00 -1.717219339510629161e-01 8.091711165959715457e-02
2.913489637905052998e+00 -1.713137110070474811e-01 8.061316522263284323e-02
2.908228930780352606e+00 -1.708953029127705525e-01 8.030766742363205923e-02
2.903042175505688327e+00 -1.704863359683351787e-01 8.000254871717485394e-02
2.897846536121556849e+00 -1.700854114855624988e-01 7.969726157096464203e-02
2.892662958222953495e+00 -1.696842872080579767e-01 7.939218877907364136e-02
2.887432512458355305e+00 -1.692894627617845815e-01 7.908658505309348885e-02
2.882188650437303767e+00 -1.688712755188064851e-01 7.877906052736634301e-02
2.876967580395403346e+00 -1.684482876535138562e-01 7.847081965982406759e-02
2.871735387748173718e+00 -1.680285662954179027e-01 7.816320080729842468e-02
2.866443364988056075e+00 -1.676040818220736472e-01 7.785608087105233555e-02
2.861174138017522406e+00 -1.671799332097221868e-01 7.755006210407509870e-02
2.855856154183602946e+00 -1.667257452763723780e-01 7.724258491517387026e-02
2.850531857658332946e+00 -1.662672957377790417e-01 7.693683426485597998e-02
2.845208638953859559e+00 -1.658015981722743004e-01 7.663178506468362738e-02
2.839828345889157557e+00 -1.653313637187991403e-01 7.632793143040401962e-02
2.834448469953767091e+00 -1.648499847894754344e-01 7.602515003514945247e-02
2.828985563006786830e+00 -1.643481577580703235e-01 7.572219169496668956e-02
2.823560262998644710e+00 -1.638264673370900537e-01 7.541987181483950087e-02
2.818035903514413576e+00 -1.632944913735921433e-01 7.511827439972236509e-02
2.812499468296205674e+00 -1.627512554292412927e-01 7.481752340045494387e-02
2.806977095416136603e+00 -1.622028314433069385e-01 7.451715409845775795e-02
2.801339814538256867e+00 -1.616274558023420571e-01 7.421841400141993006e-02
2.795721140807693850e+00 -1.610338428834006408e-01 7.392089708221948052e-02
2.790079607622250268e+00 -1.604288431053135788e-01 7.362472049682268482e-02
2.784375670867765162e+00 -1.598169902890061167e-01 7.332958102289423297e-02
2.778629489104158523e+00 -1.591960477869396873e-01 7.303525532937646392e-02
2.772879027242666883e+00 -1.585579017297531756e-01 7.274234215573073536e-02
2.767095408730342321e+00 -1.578910205350097518e-01 7.245085119567135079e-02
2.761235360889706225e+00 -1.572185952636820372e-01 7.216003213995098031e-02
2.755355157245550579e+00 -1.565337255950790263e-01 7.187000830904799464e-02
2.749460201192035935e+00 -1.558406663032775030e-01 7.158009875815350698e-02
2.743516037377319083e+00 -1.551370693558532243e-01 7.129104418802108267e-02
2.737568211495503334e+00 -1.544088493366752579e-01 7.100418876712864813e-02
2.731592833380626306e+00 -1.536740622322560756e-01 7.071767726943244126e-02
2.725599633015124645e+00 -1.529347881859502434e-01 7.043169570035237581e-02
2.719598324895147190e+00 -1.521889048719965443e-01 7.014611515191793156e-02
2.713598607863310530e+00 -1.514440406402453032e-01 6.986127312696630010e-02
2.707562050674165999e+00 -1.506798007953340790e-01 6.957809798889623421e-02
2.701537485179712039e+00 -1.499076101700923813e-01 6.929564525640244388e-02
2.695502951179888029e+00 -1.491357440093680486e-01 6.901223253750811415e-02
2.689515480746326848e+00 -1.483673971592379404e-01 6.872837324500537248e-02
2.683542485252619514e+00 -1.475981692665965239e-01 6.844326832045734277e-02
2.677489820898148132e+00 -1.468133212391541098e-01 6.815883283099682943e-02
2.671480229151450114e+00 -1.460339671367875403e-01 6.787367502508109829e-02
2.665547243513028519e+00 -1.452562556632879531e-01 6.758693681191615954e-02
2.659586720447856933e+00 -1.444790912075370193e-01 6.729827206467640932e-02
2.653692782969824915e+00 -1.437072621098891834e-01 6.700874739353561427e-02
2.647781626362707641e+00 -1.429357502755234655e-01 6.672066494683585869e-02
2.641816250800320898e+00 -1.421590526107845143e-01 6.643518016284621908e-02
2.635882698493287712e+00 -1.413793027147698667e-01 6.614917865129009422e-02
2.629959246848738719e+00 -1.406062473245513478e-01 6.586405593402418213e-02
2.623970927262779806e+00 -1.398359996322859344e-01 6.557926346185749544e-02
2.618049312656827166e+00 -1.390550268493707387e-01 6.529660789790195374e-02
2.611980086937217393e+00 -1.382761729348347957e-01 6.501891973495925459e-02
2.605933061359140712e+00 -1.374916313146576918e-01 6.474249642830205709e-02
2.599834547622086767e+00 -1.367092204241568965e-01 6.446830980928637544e-02
2.593742185723960869e+00 -1.359307351860609137e-01 6.419591071210500877e-02
2.587620603389834351e+00 -1.351521573532699083e-01 6.392567930501864837e-02
2.581457776224173273e+00 -1.343627398868503242e-01 6.366388241634765577e-02
2.575232985926784846e+00 -1.335787317513698058e-01 6.340533074344945064e-02
2.568986577373168601e+00 -1.327950468025081709e-01 6.314927001995553069e-02
2.562775670921436877e+00 -1.320130159616799970e-01 6.289585603529346258e-02
2.556454478833429356e+00 -1.312352556153988103e-01 6.264607880035905074e-02
2.550157534952007143e+00 -1.304501376885255637e-01 6.240336388616307683e-02
2.543776891347389046e+00 -1.296624432625427814e-01 6.216564256663509314e-02
2.537358070720942660e+00 -1.288799766189397122e-01 6.193064254174823757e-02
2.530961056943803467e+00 -1.280962059246866236e-01 6.169864069663123091e-02
2.524514469412185047e+00 -1.273129779745375278e-01 6.146940439085993996e-02
2.517955559453818548e+00 -1.265299456589017713e-01 6.124744351746417431e-02
2.511438696229608247e+00 -1.257465350433298878e-01 6.103103324639137794e-02
2.504866658546932356e+00 -1.249644532928132629e-01 6.081680985066889589e-02
2.498302301271018155e+00 -1.241834698550357413e-01 6.060603013449880616e-02
2.491677116748005183e+00 -1.234033535609091042e-01 6.039732778144470127e-02
2.485014085786203974e+00 -1.226235860478539358e-01 6.019408730957097331e-02
2.478378525754386885e+00 -1.218450581956090073e-01 5.999699561331469505e-02
2.471704548952293745e+00 -1.210668260085401432e-01 5.980165243460226071e-02
2.465029729357475219e+00 -1.202892077955792227e-01 5.960812164316604128e-02
2.458305004196725374e+00 -1.195112098064106537e-01 5.941590163929715007e-02
2.451633847925187570e+00 -1.187326511404554058e-01 5.922688443986572765e-02
2.444912191699599724e+00 -1.179556425955256421e-01 5.904287655360219988e-02
2.438171866936025278e+00 -1.171776175323799851e-01 5.885996295196962297e-02
2.431409886140483145e+00 -1.163982156734595513e-01 5.867675290528708010e-02
2.424682978766627972e+00 -1.156164814045147621e-01 5.849340848024172507e-02
2.417957234276068235e+00 -1.148323674595767147e-01 5.830951964135245441e-02
2.411233173242835814e+00 -1.140507948542948541e-01 5.813036348465158015e-02
2.404502782835761465e+00 -1.132663659840776604e-01 5.795044134796704938e-02
2.397794772132835650e+00 -1.124793267017901582e-01 5.776788072411165320e-02
2.391153338479485413e+00 -1.116902162468638160e-01 5.758419082888910356e-02
2.384518242867176507e+00 -1.109008924905433152e-01 5.739940251097539609e-02
2.377867921146663122e+00 -1.101172949741663076e-01 5.721922494952588756e-02
2.371232955953175292e+00 -1.093374281469433051e-01 5.703987168671855595e-02
2.364612819937485177e+00 -1.085596872701890259e-01 5.686038498666736579e-02
2.357997247495244864e+00 -1.077840822108813573e-01 5.668076285027279226e-02
2.351444054391218508e+00 -1.070124756725320814e-01 5.650241451501872986e-02
2.344796863263436837e+00 -1.062504050836002994e-01 5.632773312427317297e-02
2.338201440740436343e+00 -1.054971991002956327e-01 5.615728965939460748e-02
2.331635706010461995e+00 -1.047499016243405995e-01 5.598771637947388274e-02
2.325023164620727556e+00 -1.040088819790707803e-01 5.581970939422904732e-02
2.318418668034961438e+00 -1.032738402111286480e-01 5.565329302322015448e-02
2.311839393803903686e+00 -1.025501911155777129e-01 5.549115988132550387e-02
2.305247603211978635e+00 -1.018420638190397909e-01 5.533461607434035645e-02
2.298635174527555058e+00 -1.011415035768939569e-01 5.517993690897609466e-02
2.292034345009051677e+00 -1.004494375792437666e-01 5.502745832354897365e-02
2.285449379214686161e+00 -9.976548375160529392e-02 5.487765724580590671e-02
2.278796228514187838e+00 -9.909159587558791227e-02 5.473077736910231250e-02
2.272183338854895762e+00 -9.843867760871706507e-02 5.459108567574558896e-02
2.265575368820868629e+00 -9.779405961304306338e-02 5.445398553242867395e-02
2.258907706797126824e+00 -9.715827081460574888e-02 5.431886005860517980e-02
2.252285792811286047e+00 -9.653040219979294734e-02 5.418627784704243416e-02
2.245699351759351536e+00 -9.591175401449479609e-02 5.405649586520807487e-02
2.239036883703870107e+00 -9.531536966093841212e-02 5.393388460444042271e-02
2.232415490802856617e+00 -9.472916893934033022e-02 5.381388350993526054e-02
2.225817563126041065e+00 -9.415066841181145285e-02 5.369642660840842630e-02
2.219223745487033828e+00 -9.358010774282045363e-02 5.358099360206670936e-02
2.212646327810288138e+00 -9.301612616428937830e-02 5.346815932836347651e-02
2.206106530003900446e+00 -9.247120322930162117e-02 5.336101067221758060e-02
2.199501856557091184e+00 -9.193715584529389695e-02 5.325720025551872877e-02
2.192978042403477268e+00 -9.140837847316661546e-02 5.315523626089468240e-02
2.186397294657953516e+00 -9.088390449706879037e-02 5.305514929232672122e-02
2.179816935402527189e+00 -9.036404730463309942e-02 5.295633303886675136e-02
2.173269505126905532e+00 -8.985597264650600768e-02 5.286201226902145084e-02
2.166796341328502074e+00 -8.935831496803792184e-02 5.277026606242304213e-02
2.160261313895746049e+00 -8.886167187972289494e-02 5.268005309528944746e-02
2.153720891045273422e+00 -8.836536792370619509e-02 5.259044261247088070e-02
2.147229450104868320e+00 -8.786869026508531411e-02 5.250188073394913141e-02
2.140740647881772762e+00 -8.737546695670397878e-02 5.241500968023041218e-02
2.134299646609008949e+00 -8.689118064383512252e-02 5.233114435093123157e-02
2.127845404292837639e+00 -8.640301944033026982e-02 5.224689970914141862e-02
2.121390299698810100e+00 -8.590971738639009703e-02 5.216264228679805270e-02
2.114932126549347924e+00 -8.541213549237923475e-02 5.207869056301719229e-02
2.108505567129158820e+00 -8.491437784917868492e-02 5.199441682616603999e-02
2.102097541775171941e+00 -8.443132849199415368e-02 5.191313586035843641e-02
2.095660811779529009e+00 -8.394788736712727184e-02 5.183176168786870347e-02
2.089288072941370089e+00 -8.346507343876927165e-02 5.175042750663871871e-02
2.082971579651336835e+00 -8.298373951563370321e-02 5.166940595942917658e-02
2.076601358161465516e+00 -8.250532704470804612e-02 5.158838640308063134e-02
2.070310090650355761e+00 -8.204741503396476010e-02 5.150952235546405605e-02
2.064070242211487827e+00 -8.159543178713114797e-02 5.143177224665659159e-02
2.057837047801255981e+00 -8.114855090995592990e-02 5.135383676996594510e-02
2.051607976661520727e+00 -8.070765014348584010e-02 5.127596400493053541e-02
2.045467965685569656e+00 -8.027291025896442223e-02 5.119831507712559182e-02
2.039325945899201908e+00 -7.985800576259836914e-02 5.112198270870722122e-02
2.033223857361468045e+00 -7.945677665310905968e-02 5.104659406641723352e-02
2.027149390715048849e+00 -7.906301510942564947e-02 5.097163036744502274e-02
2.021094495856346818e+00 -7.867708685610384778e-02 5.089689735616517025e-02
2.015051130195924411e+00 -7.829938874626250767e-02 5.082225699592655965e-02
2.009106722027261593e+00 -7.793971602961591305e-02 5.074846391427245695e-02
2.003179400590200832e+00 -7.759724373242948836e-02 5.067596685774328202e-02
1.997275121899410477e+00 -7.726329790180362644e-02 5.060373648161761023e-02
1.991403244193405309e+00 -7.693811498014192785e-02 5.053146401138480098e-02
1.985566935084165374e+00 -7.662196527515757749e-02 5.045948183927217306e-02
1.979805110435279181e+00 -7.631960152616294735e-02 5.038811429946776776e-02
1.974047618070344789e+00 -7.603815619154231931e-02 5.031797469983048665e-02
1.968340455649297827e+00 -7.576572604510847797e-02 5.024762617277647725e-02
1.962675669070752305e+00 -7.550159402073984560e-02 5.017746111257368608e-02
1.957045316330706219e+00 -7.524495574709826051e-02 5.010778163120994250e-02
1.951370640295853720e+00 -7.499691652367083960e-02 5.003871741445001242e-02
1.945828177417283644e+00 -7.477166665576180649e-02 4.997078629351175277e-02
1.940326082799799678e+00 -7.455247157239493216e-02 4.990283850696485696e-02
1.934841698947641353e+00 -7.433968070877879086e-02 4.983573421597121272e-02
1.929365850158095919e+00 -7.413188531067822773e-02 4.976975109399290470e-02
1.923907392955177320e+00 -7.392885669779021562e-02 4.970457780125712988e-02
1.918478002496229351e+00 -7.374383001178434760e-02 4.963952869770104498e-02
1.913128212252749094e+00 -7.356426527204480703e-02 4.957562164764606205e-02
1.907803803570444767e+00 -7.338727614429130242e-02 4.951294904761456561e-02
1.902435155150727253e+00 -7.321277615615176537e-02 4.945113230410626282e-02
1.897084008240467856e+00 -7.304029463902576846e-02 4.939102873593900767e-02
1.891804409769204609e+00 -7.287769139844511856e-02 4.933124868825817383e-02
1.886500058604584140e+00 -7.271943227928816256e-02 4.927305833970010984e-02
1.881223230946126757e+00 -7.256017431725063360e-02 4.921606555969476604e-02
1.875967451916796369e+00 -7.239982870272433646e-02 4.916053217357133076e-02
1.870664684884077333e+00 -7.223790098033559814e-02 4.910645632769977675e-02
1.865459837395760267e+00 -7.208125290745308333e-02 4.905280635509444431e-02
1.860230750344458395e+00 -7.193101785448913210e-02 4.899947061284342514e-02
1.855020700613215556e+00 -7.178017731531036172e-02 4.894683120645973440e-02
1.849829536136885499e+00 -7.162979543832517781e-02 4.889482498459451348e-02
1.844657119943349688e+00 -7.147974861907732680e-02 4.884271083398895180e-02
1.839517738625219057e+00 -7.133377438493719580e-02 4.879076432402056768e-02
1.834441317869661692e+00 -7.119774758123041669e-02 4.873619660032551398e-02
1.829390390982528647e+00 -7.106333191554974060e-02 4.868177111038753113e-02
1.824362450900141042e+00 -7.093085904677286224e-02 4.862650100647487178e-02
1.819357007465192799e+00 -7.080046243911032600e-02 4.857081229872858147e-02
1.814380009891781276e+00 -7.067385317173392745e-02 4.851352137799531949e-02
1.809494616564145675e+00 -7.055916361655927005e-02 4.845243934278042897e-02
1.804633225083383863e+00 -7.044668574275510242e-02 4.839089203074774942e-02
1.799810549173881391e+00 -7.033695238458061161e-02 4.832813143156824975e-02
1.795020816332546953e+00 -7.023008004664406390e-02 4.826398582255807951e-02
1.790259526524845990e+00 -7.012571904837933134e-02 4.819887633277514238e-02
1.785592986989804398e+00 -7.003141259497730475e-02 4.813095079546871741e-02
1.780970104017965516e+00 -6.994059055741481956e-02 4.806119563587954446e-02
1.776388225361138717e+00 -6.985242533260992148e-02 4.799008345538107595e-02
1.771840414924884310e+00 -6.976709818231038862e-02 4.791756000187042536e-02
1.767331540810341162e+00 -6.968492506110221529e-02 4.784446139937920117e-02
1.762891172113763893e+00 -6.961031346824619881e-02 4.776757942587293165e-02
1.758509128872469907e+00 -6.954102385147732657e-02 4.768897833961933952e-02
1.754159735050221380e+00 -6.947469947915763111e-02 4.760901388897457315e-02
1.749849615289471139e+00 -6.941171719358225911e-02 4.752771597979156548e-02
1.745565660248184603e+00 -6.935116400658265789e-02 4.744579809709322665e-02
1.741348943206894706e+00 -6.929662980436822328e-02 4.736146831035908944e-02
1.737190654822418079e+00 -6.924704218488023089e-02 4.727495491015672874e-02
1.733068643798302277e+00 -6.920032391707338359e-02 4.718773162505508767e-02
1.728976219420545801e+00 -6.915696764549456033e-02 4.710020713169358469e-02
1.724907208722745056e+00 -6.911662929991388427e-02 4.701215803581858949e-02
1.720877918456552802e+00 -6.908045952013769364e-02 4.692288155487528423e-02
1.716914153587871805e+00 -6.905047641992201335e-02 4.683149695815343877e-02
1.712970283588554965e+00 -6.902324707713519691e-02 4.673969675770571486e-02
1.709041880314231987e+00 -6.899937607661095484e-02 4.664859693681824848e-02
1.705129434836346380e+00 -6.897962705798914296e-02 4.655799910316917034e-02
1.701230505309185626e+00 -6.896315517512205395e-02 4.646784436370361010e-02
1.697396939731480758e+00 -6.895180180319926411e-02 4.637592253972139256e-02
1.693570979127637655e+00 -6.894379026626523688e-02 4.628528046143708802e-02
1.689749690835746776e+00 -6.893952199394640101e-02 4.619631777134072803e-02
1.685934469966094307e+00 -6.893893785348484404e-02 4.610990248771165007e-02
1.682125636090790133e+00 -6.894126528889403527e-02 4.602494497804593410e-02
1.678361680609505191e+00 -6.894669689553512004e-02 4.593933460273692121e-02
1.674610737076176026e+00 -6.895411094840538102e-02 4.585369743578030649e-02
1.670875663555079660e+00 -6.896369388199409534e-02 4.576885711403123197e-02
1.667149731630609866e+00 -6.897426006283624567e-02 4.568450538467206529e-02
1.663431931419923959e+00 -6.898673396667948099e-02 4.560090447426414645e-02
1.659762718501225809e+00 -6.899782254297946726e-02 4.551487663488143487e-02
1.656128378961157610e+00 -6.900888652397685341e-02 4.542742414741000878e-02
1.652509721791836084e+00 -6.901933711397739701e-02 4.533975977002876329e-02
1.648908928730901335e+00 -6.902954508536728040e-02 4.525194635530140064e-02
1.645321566164831051e+00 -6.903857179569390656e-02 4.516338167963352551e-02
1.641779248239170208e+00 -6.904522177455577059e-02 4.507282265688063866e-02
1.638281474112668112e+00 -6.904810398533836602e-02 4.497924792376462727e-02
1.634804492233748352e+00 -6.904924048293853422e-02 4.488460676025789187e-02
1.631349361131892772e+00 -6.904885578221955922e-02 4.478866833614158355e-02
1.627910272060111074e+00 -6.904636246449716297e-02 4.469182715168559111e-02
1.624504322994108074e+00 -6.904135225704854939e-02 4.459283535817729766e-02
1.621149798515440388e+00 -6.902949202904080928e-02 4.448926850903268948e-02
1.617821919297354638e+00 -6.901579781255824664e-02 4.438490700198410854e-02
1.614514902169384980e+00 -6.899952090606588373e-02 4.427899019591158974e-02
1.611228936312304683e+00 -6.898110893195465165e-02 4.417243107911812683e-02
1.607962567278720334e+00 -6.896092862730981987e-02 4.406425419641529090e-02
1.604763827018263589e+00 -6.893201420335653973e-02 4.395235987841498299e-02
1.601584414110086563e+00 -6.890084717124499158e-02 4.383885042862582099e-02
1.598425036415612954e+00 -6.886732151446914307e-02 4.372495698801523445e-02
1.595285620013324079e+00 -6.883248882475802299e-02 4.360979997521204077e-02
1.592172134903799607e+00 -6.879587399229829259e-02 4.349360071321360655e-02
1.589107225051367145e+00 -6.875184559918305627e-02 4.337381864147547145e-02
1.586067593059606651e+00 -6.870544697787166200e-02 4.325255979445050830e-02
1.583047326886538597e+00 -6.865841926244327376e-02 4.313032497878791643e-02
1.580046086894625779e+00 -6.861060740575918027e-02 4.300760085191868837e-02
1.577069871850188099e+00 -6.856316868859314850e-02 4.288433384413586902e-02
1.574125026786057813e+00 -6.851088205249898644e-02 4.275910844451558807e-02
1.571215018683043363e+00 -6.845677010001922913e-02 4.263275222313447910e-02
1.568320869551142804e+00 -6.840319289634119726e-02 4.250583347075026497e-02
1.565445065741825070e+00 -6.835194877382481937e-02 4.237876953573832539e-02
1.562589730752532935e+00 -6.830350923087884218e-02 4.225196497885815722e-02
1.559757374967134291e+00 -6.825452433052323076e-02 4.212464261723594672e-02
1.556956427502729223e+00 -6.820475812987381037e-02 4.199599673017630902e-02
1.554170527242376476e+00 -6.815889764807291085e-02 4.186827446007246323e-02
1.551401426961519503e+00 -6.811852973131804490e-02 4.174122763058019797e-02
1.548647499417748152e+00 -6.808397031994731230e-02 4.161518193698643397e-02
1.545905590179456057e+00 -6.805363654804569284e-02 4.148972710679205145e-02
1.543200880873143221e+00 -6.801890349518514844e-02 4.136271977482801343e-02
1.540502412789082065e+00 -6.798806876783385078e-02 4.123588376470012362e-02
1.537817056448276931e+00 -6.795946927836957197e-02 4.110941020205648166e-02
1.535139247113030292e+00 -6.793294428332673218e-02 4.098335943998079184e-02
1.532471905100866616e+00 -6.790705810664933451e-02 4.085690230904202164e-02
1.529830048016183719e+00 -6.787317755767852123e-02 4.072922427320550126e-02
1.527193424869138783e+00 -6.783861622836424854e-02 4.060200255621766036e-02
1.524573617608466547e+00 -6.780407330820563405e-02 4.047514887144571666e-02
1.521958715324577938e+00 -6.776871149765470448e-02 4.034864555819230730e-02
1.519349937754959745e+00 -6.773191627733080034e-02 4.022218709481237275e-02
1.516760475892352966e+00 -6.768643344614150292e-02 4.009471901117312581e-02
