# cl_TT                  cl_TE                    cl_EE
3.026619953331637589e+03 8.057974878108019823e+00 4.311277290793602557e-02
2.503386061106994021e+03 1.094670878938464043e+01 1.207777269571670975e-01
2.234277299558800223e+03 1.330043693942836747e+01 2.396576741799495147e-01
2.065293456786632305e+03 1.507680971576612983e+01 3.909828068169677318e-01
1.945528639128440773e+03 1.629058982594022353e+01 5.609012215929768397e-01
1.854043372055154805e+03 1.699976634466571568e+01 7.332919285882123495e-01
1.781571265881381123e+03 1.727899604603663875e+01 8.923578253712574071e-01
1.722602582816550012e+03 1.720612299362123565e+01 1.024807818386205494e+00
1.673192867287946456e+03 1.687851541170993031e+01 1.120716433139409718e+00
1.632398844732126236e+03 1.637058351656855493e+01 1.174002769442319627e+00
1.599577298798188394e+03 1.570938794664597715e+01 1.183400943725896104e+00
1.572532929415752960e+03 1.492945592593792803e+01 1.152179538369871636e+00
1.549800978699323650e+03 1.409075319617042332e+01 1.086392510012388124e+00
1.531638606370377602e+03 1.323995224808427906e+01 9.934948523484544713e-01
1.518312282128910283e+03 1.238956280148875244e+01 8.818127332767513593e-01
1.509258597897030540e+03 1.153617845360251160e+01 7.600559430037773234e-01
1.502208250795434424e+03 1.066839672122839922e+01 6.364511044238659876e-01
1.500204640723453849e+03 9.824248016115864957e+00 5.185342594721084053e-01
1.500095721621371013e+03 8.983956587429732465e+00 4.117986678312895998e-01
1.501120051455772000e+03 8.155281215674692774e+00 3.197448241584516793e-01
1.504134235311684506e+03 7.355747149819461761e+00 2.448888721777376654e-01
1.509136544315038464e+03 6.589745097131340934e+00 1.874189056254612906e-01
1.515243512869890992e+03 5.869539197881695536e+00 1.466216484253463348e-01
1.522601860645592069e+03 5.206274511108765601e+00 1.204722704233744529e-01
1.530844799853354516e+03 4.606108008554969935e+00 1.064682320687588279e-01
1.539868614281281907e+03 4.079963543461773590e+00 1.016990528529135435e-01
1.549559687662772603e+03 3.632100309250891890e+00 1.032313507735278663e-01
1.559594312224500300e+03 3.272836027827822569e+00 1.085083883048916648e-01
1.570110840294380978e+03 3.000547225281928743e+00 1.152379517243807411e-01
1.580666803733355664e+03 2.817417845021989553e+00 1.218403261949560501e-01
1.591590236964694441e+03 2.718742921957198355e+00 1.271308580231098329e-01
1.602450787159054698e+03 2.703088807794882253e+00 1.306759239059669397e-01
1.613320178105541345e+03 2.762643167092721175e+00 1.323791729769285552e-01
1.624332388353914212e+03 2.888239457495976215e+00 1.326812820383515001e-01
1.635277104245818691e+03 3.070328463014484921e+00 1.322062001120725694e-01
1.646151565237892100e+03 3.296912100955064595e+00 1.317667920655442027e-01
1.656986636005093487e+03 3.557464144402262107e+00 1.321714767181358385e-01
1.667751254263321698e+03 3.841092606682503963e+00 1.341328927701744833e-01
1.678390786650270911e+03 4.135954106795658447e+00 1.383343137725364935e-01
1.688921245144749037e+03 4.429443523264207094e+00 1.452846221632934365e-01
1.699435668401053817e+03 4.712204383446273681e+00 1.548033717338759274e-01
1.709954276763250391e+03 4.976132854354655244e+00 1.665326554266419457e-01
1.720457969893169320e+03 5.213222016541464221e+00 1.801055476061582949e-01
1.730926702930406009e+03 5.415531438747562376e+00 1.951499542285781708e-01
1.741394138233499461e+03 5.576250192228836333e+00 2.112612938517847427e-01
1.751890805368547262e+03 5.692749712317846544e+00 2.278732554810480315e-01
1.762374936616028208e+03 5.763924838253076111e+00 2.443845914158069565e-01
1.772782501826772659e+03 5.788807554472660044e+00 2.601900485149488684e-01
1.783104821300949880e+03 5.766337165713452784e+00 2.746598678490216883e-01
1.793388642268783087e+03 5.694989127381053784e+00 2.873174031903621972e-01
1.803780904928075188e+03 5.575900975660784020e+00 2.982275390322448039e-01
1.814336396000285049e+03 5.411359807178215853e+00 3.075956804138523792e-01
1.824966684078627395e+03 5.204358114368656807e+00 3.156300109150033117e-01
1.835592311662424663e+03 4.958351752035279780e+00 3.225346771698068271e-01
1.846198806342840498e+03 4.677175246602150338e+00 3.285548241431791583e-01
1.856793906085818435e+03 4.364890589902834961e+00 3.341185304351079743e-01
1.867388161025207637e+03 4.025537544468671847e+00 3.397002507193183640e-01
1.877980861007862586e+03 3.663146075210418129e+00 3.457740193886780222e-01
1.888595215505056331e+03 3.281264043278609321e+00 3.528247421985515886e-01
1.899276671192785443e+03 2.883410159201911238e+00 3.612554583095289873e-01
1.910010788752125109e+03 2.473816502830569863e+00 3.711747472655824165e-01
1.920770373365824071e+03 2.056086602752594139e+00 3.826325067897624610e-01
1.931526545559097258e+03 1.633724054117053903e+00 3.956810669947981030e-01
1.942253405386562918e+03 1.210045473621399692e+00 4.103744309316299521e-01
1.952943238741345567e+03 7.877256031872694741e-01 4.267273545348359010e-01
1.963692405290310035e+03 3.670962193631441273e-01 4.445906149386389394e-01
1.974533145820359096e+03 -5.124004732410047253e-02 4.637692364322783534e-01
1.985435025363356544e+03 -4.658323265426317361e-01 4.840644213203927348e-01
1.996351188761606863e+03 -8.752243397391709090e-01 5.052750932323688549e-01
2.007243188109464654e+03 -1.278382475971061361e+00 5.272248601811353463e-01
2.018125168673238477e+03 -1.676883404886136075e+00 5.498333797749387353e-01
2.029085461980602304e+03 -2.072830199882059965e+00 5.730362410798187645e-01
2.040173730669240740e+03 -2.467992176411427874e+00 5.967636299284364565e-01
2.051402106634624033e+03 -2.863914844635212731e+00 6.209529449955170088e-01
2.062706851687517883e+03 -3.261768209714008826e+00 6.455563503797252523e-01
2.074077321056831352e+03 -3.663932464385120991e+00 6.705806127617920387e-01
2.085538523278575667e+03 -4.073091808310156381e+00 6.960465831900038980e-01
2.097114869164632637e+03 -4.491959674508278155e+00 7.219760032319048060e-01
2.108824801756129546e+03 -4.923176813597270218e+00 7.483899019106987627e-01
2.120680026143332270e+03 -5.369316133846453454e+00 7.752881420294945869e-01
2.132682983971755675e+03 -5.832263677869265805e+00 8.025902570230470934e-01
2.144829438704698077e+03 -6.313888311583616186e+00 8.301913284032166329e-01
2.157130776985780358e+03 -6.816114262557783299e+00 8.579884581499688245e-01
2.169580929543390539e+03 -7.340779935422430569e+00 8.858757982339723336e-01
2.182182041174582537e+03 -7.889096375680114015e+00 9.137519404311235105e-01
2.194936230617252477e+03 -8.461509232785360268e+00 9.415269210273333744e-01
2.207860503564691044e+03 -9.057915862721813482e+00 9.691110170010905911e-01
2.220955984222317511e+03 -9.678278244861864721e+00 9.964154648409216941e-01
2.234233709660972181e+03 -1.032255851201997920e+01 1.023350526308091979e+00
2.247690477841611028e+03 -1.099039357968068309e+01 1.049847395537018002e+00
2.261329260783618793e+03 -1.168026200299335571e+01 1.075921767048470423e+00
2.275154347685768244e+03 -1.239036434879711024e+01 1.101608644860848196e+00
2.289166615882097631e+03 -1.311909908634204669e+01 1.126935129658773960e+00
2.303355221749068278e+03 -1.386444129724863217e+01 1.151947270875950613e+00
2.317731417591864556e+03 -1.462462935416641230e+01 1.176655044489424817e+00
2.332284297795083603e+03 -1.539773302524445064e+01 1.201102103537090349e+00
2.347002316167353456e+03 -1.618183293907376452e+01 1.225329480318960718e+00
2.361877471044625963e+03 -1.697517872903864600e+01 1.249375711351159213e+00
2.376903442643364087e+03 -1.777585096187764080e+01 1.273271115933633624e+00
2.392082532875957440e+03 -1.858197233215672739e+01 1.297051783892877452e+00
2.407403870705498775e+03 -1.939179769740537651e+01 1.320750575821062700e+00
2.422866509749580018e+03 -2.020338772967999930e+01 1.344410679627697780e+00
2.438468641513347848e+03 -2.101493743464406094e+01 1.368064522121711812e+00
2.454204558116127373e+03 -2.182459685369906666e+01 1.391742766138796661e+00
2.470068557476447495e+03 -2.263051812828167542e+01 1.415492665090891444e+00
2.486062207773416048e+03 -2.343090712466774050e+01 1.439352290556963787e+00
2.502187652275946675e+03 -2.422336866173042580e+01 1.463325318786155460e+00
2.518427490809836854e+03 -2.500666006136208352e+01 1.487457870711939245e+00
2.534785532164637516e+03 -2.578108795226237859e+01 1.511711750669255450e+00
2.551261541074888555e+03 -2.654700631327170512e+01 1.536029578238154558e+00
2.567852340661969720e+03 -2.730482890264091722e+01 1.560349990853266533e+00
2.584555568099781340e+03 -2.805502569131827428e+01 1.584618009592838828e+00
2.601376119924217164e+03 -2.879795300384385826e+01 1.608774495640525215e+00
2.618308982850570828e+03 -2.953406444865986913e+01 1.632764892744370755e+00
2.635355568552049590e+03 -3.026384960885283348e+01 1.656532749021935924e+00
2.652512871821248609e+03 -3.098769977681079979e+01 1.680026083584206020e+00
2.669778131337728155e+03 -3.170610872816010684e+01 1.703186035758023964e+00
2.687158520322720506e+03 -3.241955022005085141e+01 1.725963203970705129e+00
2.704647333146554502e+03 -3.312735017870825516e+01 1.748263712273447235e+00
2.722236289971904171e+03 -3.383077887718519605e+01 1.770066072397552759e+00
2.739936634611526188e+03 -3.453053843957162172e+01 1.791328752509574906e+00
2.757736821969595894e+03 -3.522713245003551208e+01 1.811997420828795669e+00
2.775640072143894940e+03 -3.592104735755216183e+01 1.832030454329564240e+00
2.793644280067769159e+03 -3.661284129696802125e+01 1.851369302833837160e+00
2.811750200993828457e+03 -3.730291744706354251e+01 1.869969653884168581e+00
2.829952464634060561e+03 -3.799163537757034703e+01 1.887795104245249433e+00
2.848240988037176066e+03 -3.867836515751961457e+01 1.904840018613710884e+00
2.866619342841035632e+03 -3.936219506116663780e+01 1.921105537544256503e+00
2.885073683227322363e+03 -4.004228203316041856e+01 1.936609511235499292e+00
2.903594685114345339e+03 -4.071766252387995877e+01 1.951345484633523641e+00
2.922176485325120666e+03 -4.138597787509936410e+01 1.965286851417992642e+00
2.940804580573039402e+03 -4.204767070287878283e+01 1.978478574859879879e+00
2.959476377821135884e+03 -4.270199007897529242e+01 1.990925462446472949e+00
2.978165871003862321e+03 -4.334818930039421758e+01 2.002648261383856987e+00
2.996864618085681741e+03 -4.398530168747380742e+01 2.013657836482517283e+00
3.015557946459529830e+03 -4.461253807516612824e+01 2.023962522154482802e+00
3.034231197536242234e+03 -4.522899813341596342e+01 2.033576309442099550e+00
3.052864803347203633e+03 -4.583388125215019215e+01 2.042513222694101405e+00
3.071457021987383996e+03 -4.642647555631888423e+01 2.050787317237984020e+00
3.090002621728273880e+03 -4.700607039642207496e+01 2.058418846932186685e+00
3.108500586884435961e+03 -4.757209219685401536e+01 2.065431219833704368e+00
3.126947509424487635e+03 -4.812379617579189528e+01 2.071833034233090398e+00
3.145334016129451811e+03 -4.865852011086270323e+01 2.077621469988537140e+00
3.163659831439397294e+03 -4.917762709582910929e+01 2.082832844669884054e+00
3.181933183680645470e+03 -4.968069916227079119e+01 2.087469527143107406e+00
3.200142141150023235e+03 -5.016733473613205518e+01 2.091504386141125327e+00
3.218275395139174634e+03 -5.063713939099868355e+01 2.094927644401725075e+00
3.236316720723122216e+03 -5.108970770259043093e+01 2.097723335473356432e+00
3.254261049392026052e+03 -5.152462832370297718e+01 2.099884196074107034e+00
3.272093379898497460e+03 -5.194154172056656193e+01 2.101392957106299697e+00
3.289806872625886172e+03 -5.234008158998592819e+01 2.102231841103515020e+00
3.307393364387423389e+03 -5.271992114726647571e+01 2.102394162557464252e+00
3.324845398701826980e+03 -5.308075836148518079e+01 2.101873222712254297e+00
3.342156112803443648e+03 -5.342234679127948027e+01 2.100661445373750436e+00
3.359293715152978621e+03 -5.374237447164671266e+01 2.098741428442520096e+00
3.376279426389008677e+03 -5.404275993280695900e+01 2.096114288966313577e+00
3.393104744721738371e+03 -5.432329183113875359e+01 2.092780628590828584e+00
3.409773226228322528e+03 -5.458380809092045638e+01 2.088733628699240175e+00
3.426267693621865419e+03 -5.482411119251159448e+01 2.083966436204830242e+00
3.442587053645027481e+03 -5.504414124194190805e+01 2.078479717726852805e+00
3.458726948671871014e+03 -5.524381725809507060e+01 2.072271931452230653e+00
3.474678274863078968e+03 -5.542296217779419010e+01 2.065341878827139599e+00
3.490430573766450379e+03 -5.558149866355527280e+01 2.057689835278100787e+00
3.505982302604673805e+03 -5.571932362866130006e+01 2.049308726679641701e+00
3.521331097942435008e+03 -5.583644206244184005e+01 2.040205215956087059e+00
3.536459112675538563e+03 -5.593257775134394905e+01 2.030385359380658006e+00
3.551339961589932500e+03 -5.600604125614680129e+01 2.019865684126139982e+00
3.565998361843179282e+03 -5.605858575650917430e+01 2.008639375176457076e+00
3.580421492095305894e+03 -5.608995484452415070e+01 1.996727837026470498e+00
3.594606064523159148e+03 -5.609975381943166894e+01 1.984147242169566727e+00
3.608541797679393312e+03 -5.608786283264994665e+01 1.970903792470240612e+00
3.622226787474873618e+03 -5.605403342981400527e+01 1.957015299699805810e+00
3.635649232089468114e+03 -5.599809228322207844e+01 1.942501269611412784e+00
3.648802660842224213e+03 -5.591987078119274202e+01 1.927377351216357448e+00
3.661683371074910610e+03 -5.581928480474510934e+01 1.911659097904803373e+00
3.674277762394039655e+03 -5.569606056484109047e+01 1.895363436733767282e+00
3.686576228766725762e+03 -5.555004336897139439e+01 1.878507018612353807e+00
3.698576101568968170e+03 -5.538083784529268883e+01 1.861119696130042023e+00
3.710238600039154335e+03 -5.518722650980534183e+01 1.843251726378504651e+00
3.721601042343032532e+03 -5.497087936398007457e+01 1.824885179292284221e+00
3.732665565023525687e+03 -5.473173186089862696e+01 1.806040164517209279e+00
3.743426424517791474e+03 -5.446976574438930641e+01 1.786735253035317328e+00
3.753874193958806700e+03 -5.418499355252062344e+01 1.766988934146964896e+00
3.764014148995275264e+03 -5.387745348501584886e+01 1.746820779284832703e+00
3.773834420036849679e+03 -5.354719185629902256e+01 1.726250551599076921e+00
3.783317697473343742e+03 -5.319423789804780256e+01 1.705297518846927041e+00
3.792461351371727233e+03 -5.281864183109979649e+01 1.683981125238679155e+00
3.801245092471045609e+03 -5.242053150973143971e+01 1.662321014840365985e+00
3.809669012910335823e+03 -5.199993498447887674e+01 1.640335642001454097e+00
3.817704215471148927e+03 -5.155637960456765256e+01 1.618075800578948620e+00
3.825320375069877628e+03 -5.108961146904516681e+01 1.595612727804851527e+00
3.832579798578762620e+03 -5.060103490051783126e+01 1.572920417120614367e+00
3.839466743586614939e+03 -5.009093200491966513e+01 1.550035442399411156e+00
3.845989875664784904e+03 -4.955958016242925623e+01 1.526992766314018590e+00
3.852157869587849746e+03 -4.900726375100451548e+01 1.503826609143895876e+00
3.857971363936145735e+03 -4.843426210893623818e+01 1.480573112391187163e+00
3.863431819727633865e+03 -4.784087511700872852e+01 1.457263244723576490e+00
3.868525608103944705e+03 -4.722742473638584926e+01 1.433934024721562173e+00
3.873242471826329620e+03 -4.659425326702126569e+01 1.410618859195677199e+00
3.877579154724763157e+03 -4.594161587880584818e+01 1.387343731435867644e+00
3.881525359172088883e+03 -4.526989247902648117e+01 1.364148640644360588e+00
3.885048136576694105e+03 -4.457897028985436094e+01 1.341112950846275131e+00
3.888138263081390051e+03 -4.386916366598759964e+01 1.318296047458394460e+00
3.890810703507357175e+03 -4.314130669727476430e+01 1.295660513354244259e+00
3.893071521763391502e+03 -4.239591026488221814e+01 1.273226861745430760e+00
3.894924046868720325e+03 -4.163330564688337176e+01 1.251024426103953147e+00
3.896361686474261660e+03 -4.085395054662720327e+01 1.229079415370274431e+00
3.897379873567027516e+03 -4.005818284301054888e+01 1.207427812116454113e+00
3.897980064468668388e+03 -3.924645201937449457e+01 1.186090284453682253e+00
3.898164249315878351e+03 -3.841915877546057345e+01 1.165093189436369636e+00
3.897926778479108179e+03 -3.757670189698227148e+01 1.144465093244287024e+00
3.897268057210829284e+03 -3.671954296117702654e+01 1.124218088846952623e+00
3.896194129854222865e+03 -3.584809876652045801e+01 1.104379845579354757e+00
3.894671197021856187e+03 -3.496273054415365067e+01 1.085053243347858132e+00
3.892693925109168049e+03 -3.406398215487919856e+01 1.066267656220052151e+00
3.890298811257272519e+03 -3.315235014368690969e+01 1.047963176893409676e+00
3.887474791444453786e+03 -3.222838515787277203e+01 1.030157987467089198e+00
3.884235315876790992e+03 -3.129253641794906926e+01 1.012857155725000569e+00
3.880574599609952656e+03 -3.034521989369089567e+01 9.960783916049887887e-01
3.876494588349474270e+03 -2.938698883798382866e+01 9.798396600233092446e-01
3.871991950821330647e+03 -2.841826666779502375e+01 9.641606807817241220e-01
3.867073902919209559e+03 -2.743950643093674202e+01 9.490471823181252375e-01
3.861743876344909950e+03 -2.645124169404403958e+01 9.345107306140018055e-01
3.855998498921911960e+03 -2.545380526758593831e+01 9.205596956030676070e-01
3.849848683469505886e+03 -2.444768669705517539e+01 9.072067631049069991e-01
3.843275643044670232e+03 -2.343359253482501359e+01 8.945454591958855728e-01
3.836276415445220664e+03 -2.241201684723975163e+01 8.825784715349339615e-01
3.828889977699432166e+03 -2.138323615798115895e+01 8.712266741676031323e-01
3.821110224015869335e+03 -2.034758267018390043e+01 8.604856358367085623e-01
3.812943767965693041e+03 -1.930562718222889629e+01 8.503621802769878446e-01
3.804384747043943662e+03 -1.825789898989325266e+01 8.408416271787457763e-01
3.795434869956747661e+03 -1.720483172634576619e+01 8.319261817726535391e-01
3.786100028623279741e+03 -1.614700816133471761e+01 8.236117810504882675e-01
3.776373952591046873e+03 -1.508489485514456163e+01 8.158875102457245898e-01
3.766258300712863729e+03 -1.401895629390917719e+01 8.087483801207611123e-01
3.755761154470823840e+03 -1.294957539427996807e+01 8.021946636856128743e-01
3.744893633767043866e+03 -1.187768739544221397e+01 7.962476363011991021e-01
3.733635820833002981e+03 -1.080374783622784030e+01 7.910794543239130228e-01
3.722018736090492894e+03 -9.729557210496485808e+00 7.866687189062943064e-01
3.710056523215971538e+03 -8.654027843938006725e+00 7.829824257384705444e-01
3.697766726606813336e+03 -7.578368786334660712e+00 7.800573962291919017e-01
3.685152803548292013e+03 -6.502958538640835506e+00 7.779275557669762531e-01
3.672214676793267699e+03 -5.428402047792831198e+00 7.766169059089678139e-01
3.658950595792552122e+03 -4.355220932309862292e+00 7.761478001570312202e-01
3.645368708332051938e+03 -3.285048514257382646e+00 7.765430035422822286e-01
3.631470914165682188e+03 -2.217532238047663196e+00 7.778261362760356956e-01
3.617251256790902062e+03 -1.153936890858951125e+00 7.800247526244389329e-01
3.602710383959230057e+03 -9.419153495690117672e-02 7.831531729551793886e-01
3.587866091997654621e+03 9.599433029455828326e-01 7.872349106048035505e-01
3.572687300692315148e+03 2.007521011247761944e+00 7.924179464255179939e-01
3.557213047887151333e+03 3.048160660267586142e+00 7.986176151662986999e-01
3.541442212786902928e+03 4.082893915740478441e+00 8.058126198411871277e-01
3.525389599852988795e+03 5.110073405494617305e+00 8.140074746570189479e-01
3.509068148793752698e+03 6.129963573843866698e+00 8.232177735353222170e-01
3.492475260190918107e+03 7.141278753752748898e+00 8.334528140331187718e-01
3.475618228377716605e+03 8.144145087291436269e+00 8.447135884717542620e-01
3.458509431324582238e+03 9.138269145615449673e+00 8.569957484151785598e-01
3.441150352523663969e+03 1.012309846557977266e+01 8.703103784922776587e-01
3.423546828433390147e+03 1.109824888941249377e+01 8.846521530319634286e-01
3.405711149963065509e+03 1.206301290250159042e+01 9.000229066015137391e-01
3.387640972592117123e+03 1.301668378742427912e+01 9.164251219187545816e-01
3.369329856440696858e+03 1.395725785625545967e+01 9.339719033953880478e-01
3.350796723011251743e+03 1.488641050124424581e+01 9.525652946745580829e-01
3.332061950682983479e+03 1.580379016783598445e+01 9.721542893409129693e-01
3.313121448060464900e+03 1.670871014857959125e+01 9.927420012431370511e-01
3.293984004158984590e+03 1.760176121887842982e+01 1.014313863069709720e+00
3.274663762417649195e+03 1.848182668856274091e+01 1.036868967656340956e+00
3.255159228227548283e+03 1.934921660310849845e+01 1.060354344907351365e+00
3.235473534619061866e+03 2.020371544457600521e+01 1.084777343288471307e+00
3.215618656675336752e+03 2.104445518452257247e+01 1.110160022274808700e+00
3.195594321846178900e+03 2.187163758342912345e+01 1.136387225678912483e+00
3.175407303002742992e+03 2.268507608016668087e+01 1.163513946277498157e+00
3.155054767364673353e+03 2.348333564290609132e+01 1.191451745809142260e+00
3.134546209356682084e+03 2.426449192745798555e+01 1.220301329529314582e+00
3.113893341949442402e+03 2.503105125819612198e+01 1.249928630994830314e+00
3.093101554627467976e+03 2.578286036546200677e+01 1.280303545557873290e+00
3.072182586563879340e+03 2.652015098406033644e+01 1.311462136750554119e+00
3.051145101277956655e+03 2.724315518933429203e+01 1.343287114806734683e+00
3.029995137068051463e+03 2.795210537452654975e+01 1.375838313375132627e+00
3.008744331673588476e+03 2.864680539670303361e+01 1.409063072550847728e+00
2.987394466133625428e+03 2.932704955267789870e+01 1.442958019776672263e+00
2.965955618501748177e+03 2.999297335059058867e+01 1.477457010336789001e+00
2.944438803378918692e+03 3.064432174909602935e+01 1.512557512646908631e+00
2.922849221475483318e+03 3.128074219931795241e+01 1.548256044378138574e+00
2.901184636391174990e+03 3.190188230277637516e+01 1.584450087098105753e+00
2.879475396432299476e+03 3.250272619872359314e+01 1.621295182068690499e+00
2.857712609511881965e+03 3.308733751763077180e+01 1.658655088652533971e+00
2.835916134831015825e+03 3.365474433832736878e+01 1.696556042491340843e+00
2.814088545865240576e+03 3.420459448136166714e+01 1.734902009285398616e+00
2.792234835420959371e+03 3.473653571161896281e+01 1.773727279494892617e+00
2.770371151308680510e+03 3.525058728594576252e+01 1.813041797385953835e+00
2.748506787403054204e+03 3.574645866917161641e+01 1.852762581169108858e+00
2.726646043303831902e+03 3.622336357814454288e+01 1.892905975525111861e+00
2.704790105708423653e+03 3.668150759680925432e+01 1.933501011048972762e+00
2.682962474248417948e+03 3.712084629555042170e+01 1.974489844571933217e+00
2.661154895771877818e+03 3.754034269000911905e+01 2.015821358640228045e+00
2.639389576562924958e+03 3.794006744447660395e+01 2.057467913483721933e+00
2.617672139508480086e+03 3.831768699276107526e+01 2.099374981246839411e+00
2.596009617212434932e+03 3.867521042927761954e+01 2.141620735233863204e+00
2.574401256703763465e+03 3.901283202396587058e+01 2.184160476443568921e+00
2.552858565036577602e+03 3.932976911623434546e+01 2.226900880092330226e+00
2.531386250638102865e+03 3.962690809060064367e+01 2.269848015997924406e+00
2.509992768935941967e+03 3.990424304251250476e+01 2.312994339430144652e+00
2.488683307152527050e+03 4.016087157775235283e+01 2.356309662805364802e+00
2.467463245438458216e+03 4.039686119572530743e+01 2.399811999425105924e+00
2.446335242610257410e+03 4.061297703861562525e+01 2.443420323014107165e+00
2.425307138451286392e+03 4.080883718658292025e+01 2.487142367193008408e+00
2.404392833666843671e+03 4.098452351118078951e+01 2.530909133725194771e+00
2.383594017858754796e+03 4.113949660981402445e+01 2.574740328287719482e+00
2.362931603652321883e+03 4.127284357719798180e+01 2.618537286076427772e+00
2.342392401386054189e+03 4.138622388352303716e+01 2.662363402302753812e+00
2.321988311333736874e+03 4.148073591255464976e+01 2.706214509711815097e+00
2.301721301447860242e+03 4.155600612370272984e+01 2.750082962657247165e+00
2.281589797451581489e+03 4.161165898299977783e+01 2.793855306658955318e+00
2.261598319479202473e+03 4.164808045081151988e+01 2.837563170336198315e+00
2.241746938186431635e+03 4.166541802488495705e+01 2.881139119853383335e+00
2.222035924161573348e+03 4.166337273069458291e+01 2.924568588879331354e+00
2.202469775041050070e+03 4.164192123114851540e+01 2.967808076988785793e+00
2.183046671570388298e+03 4.160130782430324814e+01 3.010868236160014977e+00
2.163768736442534191e+03 4.154137960735639723e+01 3.053611572195184642e+00
2.144654081348666296e+03 4.146350814333141699e+01 3.096168927628614842e+00
2.125718776440632610e+03 4.136554346895018597e+01 3.138360362272226478e+00
2.106951997803098493e+03 4.125068798492879552e+01 3.180381385546019679e+00
2.088356219865635467e+03 4.111927166941092793e+01 3.222210059255003589e+00
2.069929238657703991e+03 4.097167846583993622e+01 3.263850783856518945e+00
2.051678770802356212e+03 4.080899400261956345e+01 3.305309917929798669e+00
2.033606978808791609e+03 4.063065373586118056e+01 3.346550249901455665e+00
2.015709630248616122e+03 4.043713770355396520e+01 3.387591298980806798e+00
1.997995739430398316e+03 4.022876957386240804e+01 3.428376480237145696e+00
1.980469492087730487e+03 4.000525780539756227e+01 3.468784875333848827e+00
1.963131516771313045e+03 3.976722428233356510e+01 3.508787290926299818e+00
1.945989430185569290e+03 3.951350013445633635e+01 3.548343480760734359e+00
1.929055825203455470e+03 3.924460617425572195e+01 3.587316278033418016e+00
1.912361188056397623e+03 3.896016754652198699e+01 3.625534609888788395e+00
1.895870327503307635e+03 3.866162331583798561e+01 3.663191249864223842e+00
1.879603587439120247e+03 3.834933060835372487e+01 3.700223049587133772e+00
1.863557671355504226e+03 3.802359006859528279e+01 3.736593631064105914e+00
1.847739242625357974e+03 3.768466573930359687e+01 3.772266965138061590e+00
1.832148970108364210e+03 3.733292034120425740e+01 3.807243802984924930e+00
1.816796616559289987e+03 3.696856064854603119e+01 3.841467460016084967e+00
1.801680797934577413e+03 3.659189795888309504e+01 3.874957594037878206e+00
1.786806770351075102e+03 3.620319095642617668e+01 3.907617813239657956e+00
1.772174595092049913e+03 3.580271848735258544e+01 3.939490887397569807e+00
1.757789760223919984e+03 3.539081430813153162e+01 3.970581595423793519e+00
1.743660835659928125e+03 3.496726304156236864e+01 4.000713586906433861e+00
1.729806344409211988e+03 3.453230157315526583e+01 4.029744777151219814e+00
1.716208761887668288e+03 3.408666872871111764e+01 4.057878411812942510e+00
1.702858657136566990e+03 3.363061561337204353e+01 4.085051224759766342e+00
1.689769953499404892e+03 3.316443553156540958e+01 4.111227121290504272e+00
1.676940093290621235e+03 3.268832010128389953e+01 4.136435666025792379e+00
1.664368524748836080e+03 3.220247843731064563e+01 4.160587210688630577e+00
1.652060772816349981e+03 3.170722385371687579e+01 4.183707825109164169e+00
1.640012457608025215e+03 3.120291955096648095e+01 4.205844852773855891e+00
1.628220976322008710e+03 3.068985050338109843e+01 4.226958284162959600e+00
1.616693665765079459e+03 3.016842428867909476e+01 4.247141769580438542e+00
1.605433628881447703e+03 2.963891880389532218e+01 4.266375419325285634e+00
1.594443279479873354e+03 2.910170342980010361e+01 4.284599693411184518e+00
1.583733504883421574e+03 2.855718912295045442e+01 4.301738096572681691e+00
1.573285126218724599e+03 2.800570522634439286e+01 4.317996454787283334e+00
1.563094815250405190e+03 2.744754852391902489e+01 4.333381457594096986e+00
1.553156074630222975e+03 2.688298625899408023e+01 4.347883644353714772e+00
1.543474929074029887e+03 2.631221871396904177e+01 4.361555846605001285e+00
1.534041872152176893e+03 2.573552493169660949e+01 4.374332691651386718e+00
1.524857975605114234e+03 2.515319032207764138e+01 4.386287937557676209e+00
1.515919068902175923e+03 2.456544842835672071e+01 4.397423980587165104e+00
1.507228761371243536e+03 2.397252631131905787e+01 4.407758529240450862e+00
1.498784473487619834e+03 2.337465829930281203e+01 4.417280950012519192e+00
1.490585225224306441e+03 2.277207266826415122e+01 4.426138830321589168e+00
1.482650873689354512e+03 2.216545073188186166e+01 4.434054022311326726e+00
1.474971879743319050e+03 2.155506454769271230e+01 4.441150633117040947e+00
1.467532966472054795e+03 2.094075169240268863e+01 4.447675318878178352e+00
1.460331027563491489e+03 2.032275920906015898e+01 4.453582456066461859e+00
1.453354449547802915e+03 1.970126495249532539e+01 4.458953603443675640e+00
1.446605149078620798e+03 1.907653996166149568e+01 4.463883641930109114e+00
1.440083218982643757e+03 1.844916839527678221e+01 4.468242331311547133e+00
1.433779417573100318e+03 1.781968828531664784e+01 4.472074617323825940e+00
1.427701210978782456e+03 1.718868984338108064e+01 4.475396447273703338e+00
1.421836359936164854e+03 1.655656440093841297e+01 4.478123708439096795e+00
1.416191919487568839e+03 1.592383076347576853e+01 4.480271170893177946e+00
1.410769806319159215e+03 1.529082858634408915e+01 4.481808701465152645e+00
1.405583690096180817e+03 1.465906801089772848e+01 4.482574717617090698e+00
1.400616010052416641e+03 1.402860876249626365e+01 4.482671087474849436e+00
1.395870474666190603e+03 1.339922819483020433e+01 4.482121138317945785e+00
1.391333230660266054e+03 1.277146027893587465e+01 4.481013136686563314e+00
1.387010006030714067e+03 1.214564286782242952e+01 4.479294101483858093e+00
1.382897801266512715e+03 1.152223583904489068e+01 4.476910688201417798e+00
1.378998674332971405e+03 1.090162380105674877e+01 4.473891657723218174e+00
1.375303941020960110e+03 1.028429008507117715e+01 4.470226485927902615e+00
1.371820243197986201e+03 9.670655699614924217e+00 4.465821438873271987e+00
1.368544132699649253e+03 9.061062722702242667e+00 4.460741556327057822e+00
1.365468897803810478e+03 8.455852927531468666e+00 4.454985261321525059e+00
1.362597781870802237e+03 7.855078251675263523e+00 4.448569368068611141e+00
1.359929926327941757e+03 7.260553205507668473e+00 4.441431211179283522e+00
1.357471142443294866e+03 6.671581919649577586e+00 4.433716623026497494e+00
1.355189205494807766e+03 6.087591516553951365e+00 4.425464798940087263e+00
1.353089547376462406e+03 5.508831152770611972e+00 4.416757698189229586e+00
1.351171775288688877e+03 4.935328965688963621e+00 4.407699643258951028e+00
1.349433440710547984e+03 4.367311769370473051e+00 4.398210790236572798e+00
1.347872667678083872e+03 3.804954673701528289e+00 4.388367592951515128e+00
1.346486306607698452e+03 3.248420194199661548e+00 4.378153420703456256e+00
1.345278395862196476e+03 2.697888762756486258e+00 4.367578880789301010e+00
1.344245247791082875e+03 2.153485581963773932e+00 4.356649620055379479e+00
1.343383202134167504e+03 1.615369136507911918e+00 4.345439179070814895e+00
1.342695916215627904e+03 1.083698763471217852e+00 4.333927507208048979e+00
1.342186370364880304e+03 5.605545698007891042e-01 4.321992269477756388e+00
1.341838594809339156e+03 4.448697756299258010e-02 4.309851916851295428e+00
1.341639350365740938e+03 -4.650960001048767833e-01 4.297522360716085288e+00
1.341589689056980205e+03 -9.681011596909232519e-01 4.285104297115355898e+00
1.341679779620204727e+03 -1.464612357569122780e+00 4.272598833861692036e+00
1.341906131923227804e+03 -1.954648714151455691e+00 4.260051582651006363e+00
1.342265276948221981e+03 -2.438396707224911086e+00 4.247551899375913820e+00
1.342763463570302292e+03 -2.916098474447282207e+00 4.235133570477219500e+00
1.343399442753455560e+03 -3.387915490220347881e+00 4.222864287280913231e+00
1.344166601195871408e+03 -3.854106422166669432e+00 4.210712167928130079e+00
1.345068264990714624e+03 -4.314892640781866184e+00 4.198814505797376917e+00
1.346110356964954690e+03 -4.770394046044798664e+00 4.187165373432759630e+00
1.347282973112664649e+03 -5.218206167541525886e+00 4.175783957251147704e+00
1.348580863597694133e+03 -5.660574605490832134e+00 4.164779682779084169e+00
1.349991888427144886e+03 -6.098080668471864918e+00 4.154192858733981808e+00
1.351512561119326847e+03 -6.530734861964107907e+00 4.144044762862988840e+00
1.353135689149410609e+03 -6.958138211682369345e+00 4.134363725086201313e+00
1.354847652197717707e+03 -7.379842384007798017e+00 4.125198174857642286e+00
1.356651948051139698e+03 -7.795678291961657180e+00 4.116539776718730614e+00
1.358542774466844321e+03 -8.204934782084148281e+00 4.108379886393162650e+00
1.360526610733773850e+03 -8.608622898788594213e+00 4.100820017731154010e+00
1.362593348582171984e+03 -9.006187337287208550e+00 4.093913966451021125e+00
1.364758213390436822e+03 -9.397524380513175402e+00 4.087652202430285264e+00
1.367002390149528992e+03 -9.782546194462097944e+00 4.082098843284007295e+00
1.369343595314590402e+03 -1.015895124701065910e+01 4.077280136638477437e+00
1.371766846135063588e+03 -1.052842806257430297e+01 4.073262147811341549e+00
1.374262102477539202e+03 -1.089160091557677745e+01 4.070033561889226270e+00
1.376829521511930352e+03 -1.124817717507281678e+01 4.067583526538417260e+00
1.379455586038156071e+03 -1.159755243528615587e+01 4.065931759724692007e+00
1.382134193484868320e+03 -1.193960807974621474e+01 4.065159923493761873e+00
1.384861780388163425e+03 -1.227416897770014081e+01 4.065262912255414918e+00
1.387634748627166800e+03 -1.260154326671902858e+01 4.066185503210842711e+00
1.390452626096888025e+03 -1.292142204118864335e+01 4.068027229138303724e+00
1.393317418345076248e+03 -1.323348965959615242e+01 4.070837974035004692e+00
1.396220594992484848e+03 -1.353835694465757378e+01 4.074537221287240385e+00
1.399170897386213255e+03 -1.383581917119496119e+01 4.079245915918750853e+00
1.402168611602910460e+03 -1.412404524053822463e+01 4.085107299822269944e+00
1.405201528633893304e+03 -1.440492326491483155e+01 4.092048235562343095e+00
1.408282056437017673e+03 -1.467893574816209323e+01 4.099964121988164401e+00
1.411390670386741249e+03 -1.494614174542929064e+01 4.109020544495619376e+00
1.414532400162276645e+03 -1.520666447427368517e+01 4.119174036271494366e+00
1.417693777583191832e+03 -1.546058589812039408e+01 4.130466816163592902e+00
1.420874470328468988e+03 -1.570801644898909899e+01 4.142885595429481427e+00
1.424073900787504726e+03 -1.594906129271173789e+01 4.156417022313697807e+00
1.427284226467414328e+03 -1.618390482579521361e+01 4.171160194646899910e+00
1.430513773790082041e+03 -1.641283810163439938e+01 4.187037712630615971e+00
1.433756353435984011e+03 -1.663607996723802884e+01 4.204125016513595270e+00
1.437012288457850218e+03 -1.685372378038128005e+01 4.222468618830968801e+00
1.440277873110152996e+03 -1.706413232687776471e+01 4.242164252298060489e+00
1.443566937974710982e+03 -1.726980831237167280e+01 4.263090998569329493e+00
1.446875301120451013e+03 -1.747086310018354993e+01 4.285309092166372125e+00
1.450201335932401889e+03 -1.766771858335505740e+01 4.308779609282600731e+00
1.453543784077500050e+03 -1.786055205320128181e+01 4.333459966923594031e+00
1.456896763025902828e+03 -1.804972117320635761e+01 4.359391917473978140e+00
1.460260938965351215e+03 -1.823553628607004384e+01 4.386562396141543196e+00
1.463632102322044830e+03 -1.841820555518183156e+01 4.415008984451381124e+00
1.467006035873233486e+03 -1.859806206269290740e+01 4.444698338693463313e+00
1.470384813146611805e+03 -1.877554472068355196e+01 4.475650805368767138e+00
1.473766575083750240e+03 -1.895095121638818725e+01 4.507808432402888421e+00
1.477151688744979992e+03 -1.912458826203261353e+01 4.541352161063388237e+00
1.480542170329900728e+03 -1.929585245735377441e+01 4.576342080530524825e+00
1.483940931271176169e+03 -1.946652142773582028e+01 4.612593554947259200e+00
1.487354469541677190e+03 -1.963673033291608760e+01 4.650150810952570879e+00
1.490773878950352810e+03 -1.980659679586998578e+01 4.689046734223203394e+00
1.494199940352837302e+03 -1.997620148917357241e+01 4.729304338318042866e+00
1.497632327892894637e+03 -2.014560623778195492e+01 4.770949130493597146e+00
1.501065895390616333e+03 -2.031485135483522697e+01 4.814001479728086785e+00
1.504499155148210093e+03 -2.048407127452783527e+01 4.858492281576143768e+00
1.507925277020603971e+03 -2.065328371423765574e+01 4.904449703131877669e+00
1.511344555039129773e+03 -2.082255984265490412e+01 4.951888771079436147e+00
1.514757263853665791e+03 -2.099209745555308970e+01 5.000835879505607373e+00
1.518150843657828318e+03 -2.116163858837692047e+01 5.051406374381710584e+00
1.521508134733157249e+03 -2.133102287125709395e+01 5.103815341873753297e+00
1.524848051054085772e+03 -2.150108174496705615e+01 5.157784194341037853e+00
1.528158299256611826e+03 -2.167188333704864078e+01 5.213329052780749429e+00
1.531443019697908085e+03 -2.184358595941366943e+01 5.270468423742169506e+00
1.534693054821150099e+03 -2.201624630464398535e+01 5.329208004002067511e+00
1.537910945796466194e+03 -2.219001860745274257e+01 5.389546153419653152e+00
1.541097253600037448e+03 -2.236501876732980421e+01 5.451475476693672384e+00
1.544254062862242336e+03 -2.254131733856420539e+01 5.514988699804930228e+00
1.547382672199479885e+03 -2.271902482353910813e+01 5.580080706289055392e+00
1.550480192135163406e+03 -2.289831431159131014e+01 5.646750437847983584e+00
1.553546601692377635e+03 -2.307917577657745056e+01 5.714983339373220339e+00
1.556582262663245046e+03 -2.326187260371725785e+01 5.784914576060354641e+00
1.559567168843645732e+03 -2.344653439769037107e+01 5.856673085705080162e+00
1.562527933310254411e+03 -2.363357997784843789e+01 5.929944644550111832e+00
1.565455116831855321e+03 -2.382303085465651549e+01 6.004712492595848161e+00
1.568347386030983216e+03 -2.401515951871308374e+01 6.080963200263581392e+00
1.571209790778578281e+03 -2.421010755878558030e+01 6.158680547243196024e+00
1.574039334442373047e+03 -2.440805631328506919e+01 6.237831067961512765e+00
1.576840598550962568e+03 -2.460905690925351408e+01 6.318386533016102646e+00
1.579614394995543762e+03 -2.481330133565981910e+01 6.400308477863521084e+00
1.582352202037791585e+03 -2.502086448911029137e+01 6.483558493474554929e+00
1.585067316674650101e+03 -2.523181598415494520e+01 6.568112248414413656e+00
1.587758932380208535e+03 -2.544632434454544878e+01 6.653927728391895613e+00
1.590409211364437397e+03 -2.566476594596337435e+01 6.741158399659549438e+00
1.593030869104592057e+03 -2.588740242919041989e+01 6.829822126316329012e+00
1.595633186926146436e+03 -2.611387963580821037e+01 6.919598917739447685e+00
1.598210613576125752e+03 -2.634423447012693842e+01 7.010450867833617927e+00
1.600769117514265417e+03 -2.657850739471904689e+01 7.102288441305510069e+00
1.603308099212803882e+03 -2.681673110846975661e+01 7.195085240406378979e+00
1.605826926172603407e+03 -2.705895336212157432e+01 7.288792477692592975e+00
1.608334199403510183e+03 -2.730522263491209500e+01 7.383329370091107791e+00
1.610826791775879428e+03 -2.755560958881774170e+01 7.478638898468685348e+00
1.613308895630093957e+03 -2.781018682767498973e+01 7.574620741786041833e+00
1.615791842320333217e+03 -2.806901610832743188e+01 7.671243728451202060e+00
1.618269883901272351e+03 -2.833217625879736445e+01 7.768406208878705144e+00
1.620732039143518932e+03 -2.860055233342160363e+01 7.866292664373732535e+00
1.623198265857904971e+03 -2.887436704890744466e+01 7.964849708527463434e+00
1.625658772770415226e+03 -2.915320459608493309e+01 8.063914522798139473e+00
1.628116280108883075e+03 -2.943715371151648696e+01 8.163475124608439160e+00
1.630572000090206075e+03 -2.972644733045228094e+01 8.263535117536923380e+00
1.633026333736195511e+03 -3.002121747389796269e+01 8.364072354480803995e+00
1.635472454557902893e+03 -3.032162575410124461e+01 8.465119484603421895e+00
1.637919773721438332e+03 -3.062791081325337572e+01 8.566646520446337121e+00
1.640357139141134667e+03 -3.094012941232303149e+01 8.668663484257066898e+00
1.642785122477452660e+03 -3.125834114928629504e+01 8.771200597524696718e+00
1.645211185830276008e+03 -3.158273969111425927e+01 8.874125938679773284e+00
1.647625667572383691e+03 -3.191336141632321244e+01 8.977513143476542723e+00
1.650022054008687292e+03 -3.225153302640708830e+01 9.081577581023326573e+00
1.652400222809466868e+03 -3.259699290522600279e+01 9.186140158870403027e+00
1.654770321165412042e+03 -3.294900396794812991e+01 9.291088188182241581e+00
1.657134706770229741e+03 -3.330745671715654765e+01 9.396349191952229063e+00
1.659488659692016654e+03 -3.367241315801705781e+01 9.501963942488615089e+00
1.661837904881172790e+03 -3.404371685891111099e+01 9.607874768640117580e+00
1.664185017643229003e+03 -3.442131472915146873e+01 9.714048902456385193e+00
1.666530297513438427e+03 -3.480520979431663164e+01 9.820463360409322107e+00
1.668875408195270893e+03 -3.519540945360018469e+01 9.927058229189899663e+00
1.671218199846687639e+03 -3.559174614856732433e+01 1.003387355110077195e+01
1.673563139294492203e+03 -3.599415557197970372e+01 1.014078511999966281e+01
1.675914677742151753e+03 -3.640265892486777943e+01 1.024780549752178693e+01
1.678263477168707368e+03 -3.681895100441553836e+01 1.035503495180385869e+01
1.680609874926500197e+03 -3.724202731109176057e+01 1.046235250579995224e+01
1.682967042357501668e+03 -3.767107155178326394e+01 1.056968005133351163e+01
1.685330078826107410e+03 -3.810596169630274233e+01 1.067683774876933178e+01
1.687696988715302041e+03 -3.854656344798132039e+01 1.078390920154134314e+01
1.690075687624546617e+03 -3.899262708066175520e+01 1.089078720430167380e+01
1.692463189667998677e+03 -3.944398172702669569e+01 1.099740681623309868e+01
1.694859888809366566e+03 -3.990045840176134107e+01 1.110375507375142057e+01
1.697272504637978273e+03 -4.036183049189109795e+01 1.120976552812598470e+01
1.699696083591178649e+03 -4.082798007374977800e+01 1.131539375912721468e+01
1.702132322444859028e+03 -4.129862649953065556e+01 1.142056202020179256e+01
1.704578276704660993e+03 -4.177346180348202864e+01 1.152523949142416448e+01
1.707042413885463020e+03 -4.225436066400679636e+01 1.162945556849431661e+01
1.709522933292616699e+03 -4.273960175591953714e+01 1.173308982117758070e+01
1.712017330546631001e+03 -4.322827955581358594e+01 1.183600140543796186e+01
1.714529932084628854e+03 -4.372001333504083220e+01 1.193813564536226401e+01
1.717062097677962811e+03 -4.421454772126754307e+01 1.203948840512776641e+01
1.719616038339358511e+03 -4.471144317005592228e+01 1.213993787340429797e+01
1.722188528402951533e+03 -4.521022377454101360e+01 1.223943468510259081e+01
1.724785029474290241e+03 -4.571051367751661587e+01 1.233792740671923127e+01
1.727405013652680054e+03 -4.621191284573066582e+01 1.243535500060816190e+01
1.730043181467653540e+03 -4.671397274205821759e+01 1.253161841418078915e+01
1.732710492431825514e+03 -4.721631107268976990e+01 1.262669318484217484e+01
1.735398121223090129e+03 -4.771905348313774198e+01 1.272060980242678241e+01
1.738117208349614202e+03 -4.822462670815604469e+01 1.281326816680427605e+01
1.740868258789109404e+03 -4.873107380029756541e+01 1.290465205618285083e+01
1.743637509773187048e+03 -4.923811064091488987e+01 1.299468435279788459e+01
1.746442296243956207e+03 -4.974583478818671267e+01 1.308328965957345957e+01
1.749267600024944613e+03 -5.025431938280861743e+01 1.317053952320923571e+01
1.752124539811552268e+03 -5.076354410058836208e+01 1.325638006878950037e+01
1.755009975036570268e+03 -5.127343778326208934e+01 1.334075757726263234e+01
1.757924795159156929e+03 -5.178383723125777749e+01 1.342366733989246264e+01
1.760873222526076688e+03 -5.229466207312746917e+01 1.350514885697817036e+01
1.763852831382810791e+03 -5.280576719081587811e+01 1.358524171009058179e+01
1.766860784611106965e+03 -5.331705336469971712e+01 1.366378280474882878e+01
1.769899105584182053e+03 -5.382840400535608438e+01 1.374090191422878604e+01
1.772986095308736139e+03 -5.434218792739220305e+01 1.381647511878135681e+01
1.776103338035341949e+03 -5.485593291957093953e+01 1.389038896249391719e+01
1.779248618578738160e+03 -5.536933698433337980e+01 1.396280321560783655e+01
1.782430373438045763e+03 -5.588235513942478150e+01 1.403362036193971640e+01
1.785646427975778579e+03 -5.639484867506310906e+01 1.410281845373288867e+01
1.788893477629527524e+03 -5.690669588874687435e+01 1.417032468121954558e+01
1.792174294894508421e+03 -5.741780629932138424e+01 1.423613504424721121e+01
1.795486915616331544e+03 -5.792789637345812537e+01 1.430024492713979534e+01
1.798829855765572347e+03 -5.843671196980269400e+01 1.436269310261790721e+01
1.802204233610979372e+03 -5.894407895936103614e+01 1.442333254973963719e+01
1.805604971663111201e+03 -5.944969228429780372e+01 1.448226304121165597e+01
1.809041948326994770e+03 -5.995343829416770376e+01 1.453940988826413871e+01
1.812515678325246654e+03 -6.045719233080247790e+01 1.459447126920814242e+01
1.816019322305658307e+03 -6.095837555713611522e+01 1.464776308995464582e+01
1.819555354139208021e+03 -6.145670742394646169e+01 1.469919257670017565e+01
1.823118856382893227e+03 -6.195186779762408946e+01 1.474881440576828773e+01
1.826708065664041214e+03 -6.244355080156684323e+01 1.479657239231986310e+01
1.830323688244917321e+03 -6.293146343858811775e+01 1.484248295583099164e+01
1.833965277336354575e+03 -6.341529841525179023e+01 1.488652639503579422e+01
1.837627374055327891e+03 -6.389470525351463692e+01 1.492868076752281681e+01
1.841318391616370263e+03 -6.436929565814909893e+01 1.496896275096798945e+01
1.845024102365717454e+03 -6.483867165834161028e+01 1.500737430057285060e+01
1.848753103126478209e+03 -6.530244789547265327e+01 1.504378696544197780e+01
1.852507411609325572e+03 -6.576039290338158594e+01 1.507824069492871288e+01
1.856286320495377822e+03 -6.621336701941707759e+01 1.511039163254488216e+01
1.860080195282535215e+03 -6.665953857708582575e+01 1.514051686277299602e+01
1.863888372753940530e+03 -6.709833240501410501e+01 1.516870145878509035e+01
1.867714786223986266e+03 -6.752939571192386836e+01 1.519493327191589671e+01
1.871545919790652988e+03 -6.795220863456091820e+01 1.521930273020335811e+01
1.875386679573663287e+03 -6.836635412776608689e+01 1.524183824103679896e+01
1.879237594830719900e+03 -6.877142947897806380e+01 1.526256743950305861e+01
1.883099395824269095e+03 -6.916698649580602876e+01 1.528146675700539348e+01
1.886960574933273392e+03 -6.955254003911689153e+01 1.529863217911867679e+01
1.890825735474596513e+03 -6.992807942273702793e+01 1.531405135856800825e+01
1.894698200312043809e+03 -7.029344489117698913e+01 1.532768288951303859e+01
1.898579302514019446e+03 -7.064881754504808953e+01 1.533935915202225608e+01
1.902478391809064760e+03 -7.099466951957525396e+01 1.534882783942477502e+01
1.906382032420910718e+03 -7.133011074028740950e+01 1.535635166193191203e+01
1.910294287983181221e+03 -7.165511133875155281e+01 1.536192916339675030e+01
1.914209816187679962e+03 -7.196952299420701138e+01 1.536557917096515347e+01
1.918133494527936364e+03 -7.227329843439568435e+01 1.536724996583213709e+01
1.922060321725970880e+03 -7.256641434416106051e+01 1.536697189061282742e+01
1.925988823148061101e+03 -7.284874964824372512e+01 1.536476441069616783e+01
1.929927226432929956e+03 -7.312018715074152908e+01 1.536059240401296400e+01
1.933866657082574420e+03 -7.338070993161629474e+01 1.535439270095506004e+01
1.937812887034171126e+03 -7.363021099761714083e+01 1.534626364317055547e+01
1.941762686083855669e+03 -7.386859442994386882e+01 1.533622243645134020e+01
1.945717666620238106e+03 -7.409589057613651164e+01 1.532403740800771175e+01
1.949685351357074296e+03 -7.431186469384986992e+01 1.530957397698001721e+01
1.953653726297867706e+03 -7.451643943050103758e+01 1.529317732174054179e+01
1.957627266417785904e+03 -7.470939735036189688e+01 1.527483360912841626e+01
1.961598595192275980e+03 -7.489069256394049034e+01 1.525460054624816841e+01
1.965563754435793726e+03 -7.506021415471195724e+01 1.523246919158833457e+01
1.969524491485427234e+03 -7.521772626540909812e+01 1.520838681556340255e+01
1.973485243975617095e+03 -7.536315407650107545e+01 1.518240751387873821e+01
1.977436155406641774e+03 -7.549626725228571900e+01 1.515448130203170152e+01
1.981373177253288759e+03 -7.561693998263025662e+01 1.512464682711272523e+01
1.985302224274792707e+03 -7.572499441151789767e+01 1.509285577982431725e+01
1.989225149299932809e+03 -7.582044404681528249e+01 1.505918170235646869e+01
1.993131682402300839e+03 -7.590298597180945706e+01 1.502358705749387724e+01
1.997033073039590363e+03 -7.597188418566456392e+01 1.498588361434364735e+01
2.000918615506382821e+03 -7.602843707678015051e+01 1.494659797028099568e+01
2.004788040861193622e+03 -7.607234635657702881e+01 1.490567129145541792e+01
2.008638419844742430e+03 -7.610285880707239414e+01 1.486330528926764671e+01
2.012463589203656284e+03 -7.612021026788579547e+01 1.481953469431366521e+01
2.016263399523700173e+03 -7.612483602549248474e+01 1.477433212514957894e+01
2.020037740442591030e+03 -7.611663278162590984e+01 1.472778373443844835e+01
2.023781346578149623e+03 -7.609497421083791835e+01 1.467997903635144219e+01
2.027496519944996635e+03 -7.605998306317259505e+01 1.463093095551174549e+01
2.031166802016490465e+03 -7.601118627347550216e+01 1.458058149462733333e+01
2.034806720104421629e+03 -7.594894765456675145e+01 1.452915389946348057e+01
2.038404327113365980e+03 -7.587191611594371921e+01 1.447636072001868079e+01
2.041974185182446718e+03 -7.578035202352582189e+01 1.442221680793642236e+01
2.045492828987437861e+03 -7.567499837923817552e+01 1.436713642859191609e+01
2.048958313822493437e+03 -7.555571753601653029e+01 1.431114812155597704e+01
2.052367061902960359e+03 -7.542264193219648405e+01 1.425433418061385282e+01
2.055725247273174318e+03 -7.527554102645154899e+01 1.419680532190827371e+01
2.059021158888406717e+03 -7.511400108557442934e+01 1.413861323848144913e+01
2.062255510333332495e+03 -7.493833174011817277e+01 1.407986013403675685e+01
2.065427902100375832e+03 -7.474846371286656677e+01 1.402059906504337228e+01
2.068531812201696994e+03 -7.454512784749597643e+01 1.396071339709395254e+01
2.071577529742798106e+03 -7.432710167744220087e+01 1.390033752770004227e+01
2.074556835712894099e+03 -7.409516027595572041e+01 1.383941734491193642e+01
2.077476339584059588e+03 -7.384828484037531382e+01 1.377771419634417249e+01
2.080345571276963710e+03 -7.358539899888469904e+01 1.371524494931766824e+01
2.083141113101828978e+03 -7.330811418877935637e+01 1.365220230260315581e+01
2.085874012319963185e+03 -7.301641149026841049e+01 1.358865360404129241e+01
2.088542615189980552e+03 -7.271069687623916877e+01 1.352452267985128387e+01
2.091139149662617001e+03 -7.239037728623281964e+01 1.345976648851876689e+01
2.093667609224285570e+03 -7.205507520198433724e+01 1.339439960557944076e+01
2.096127334523565878e+03 -7.170498859199850017e+01 1.332848223952839639e+01
2.098518354045926571e+03 -7.134090470006276519e+01 1.326201387637850537e+01
2.100838797095602786e+03 -7.096262830237544961e+01 1.319509046216877302e+01
2.103089971436352698e+03 -7.057025132050969773e+01 1.312771202999152109e+01
2.105275955390408853e+03 -7.016440932449438606e+01 1.306000988062332446e+01
2.107397375260465651e+03 -6.974336608586176567e+01 1.299180636578278936e+01
2.109455297025393065e+03 -6.930733837145861287e+01 1.292317706580396042e+01
2.111442987410046953e+03 -6.885851704179334831e+01 1.285430489465152704e+01
2.113364569565054353e+03 -6.839631576304594773e+01 1.278524373405002379e+01
2.115215614354130594e+03 -6.792111919621133609e+01 1.271599081008410259e+01
2.116989748112574944e+03 -6.743246425668573352e+01 1.264659675480408296e+01
2.118697410087998378e+03 -6.693156038350107906e+01 1.257704249152153331e+01
2.120328725395258971e+03 -6.641757688436851481e+01 1.250737435694781574e+01
2.121885286077441833e+03 -6.589082109445992330e+01 1.243766104048098065e+01
2.123368600763447375e+03 -6.535098642147883652e+01 1.236785022565065262e+01
2.124766927899077018e+03 -6.479939638241361877e+01 1.229808537329346230e+01
2.126094684362762109e+03 -6.423556136472983269e+01 1.222842800172197997e+01
2.127337469671073450e+03 -6.365770312382311857e+01 1.215862537567033996e+01
2.128503350718415732e+03 -6.306721405774192846e+01 1.208893013984852871e+01
2.129586315913002181e+03 -6.246471420663431218e+01 1.201945139567681942e+01
2.130581194687219067e+03 -6.185046003027713368e+01 1.195027864074658730e+01
2.131485712360457001e+03 -6.122593283531683284e+01 1.188147176827730434e+01
2.132303978308171281e+03 -6.059068674010926259e+01 1.181306147954918551e+01
2.133031789030850632e+03 -5.994468186480822425e+01 1.174513568333275337e+01
2.133664182402830193e+03 -5.928838392539120150e+01 1.167778182235986506e+01
2.134199833199267687e+03 -5.862278920868405407e+01 1.161103293138029890e+01
2.134639521234387757e+03 -5.794746865024215765e+01 1.154494284429005369e+01
2.134980643591030002e+03 -5.726299390530159172e+01 1.147953136220388615e+01
2.135225193003905133e+03 -5.656999689061761671e+01 1.141486408325904023e+01
2.135367435148774348e+03 -5.586649374016708691e+01 1.135092955424573269e+01
2.135402175966044524e+03 -5.515360908475896196e+01 1.128781292144559600e+01
2.135327982122148569e+03 -5.443290711450212882e+01 1.122561764631982761e+01
2.135153429668779609e+03 -5.370570626229212507e+01 1.116435898208241539e+01
2.134873139004698260e+03 -5.297141577099705501e+01 1.110415123561700845e+01
2.134481966748091054e+03 -5.223091024461489695e+01 1.104509149280575286e+01
2.133988392214505438e+03 -5.148420167805178238e+01 1.098721058244740156e+01
2.133397117258492017e+03 -5.073218747760213176e+01 1.093048749960816401e+01
2.132705820577130908e+03 -4.997447105478840967e+01 1.087498496597351938e+01
2.131913779982578035e+03 -4.921092819520822559e+01 1.082073756317798718e+01
2.131023711920287042e+03 -4.844172396576670536e+01 1.076775008256849375e+01
2.130033587021843232e+03 -4.766675398055895840e+01 1.071598025771463014e+01
2.128941661029050010e+03 -4.688408187880663291e+01 1.066545582954383065e+01
2.127740461823926580e+03 -4.609422823975722849e+01 1.061614839343732442e+01
2.126436171029753950e+03 -4.529893298662255319e+01 1.056814604984721662e+01
2.125029178448716721e+03 -4.449736428503667440e+01 1.052136364152901571e+01
2.123515026566077722e+03 -4.368937302004033540e+01 1.047576738669935459e+01
2.121893578986506327e+03 -4.287552726599059838e+01 1.043150290516251921e+01
2.120163251212005889e+03 -4.205666964516571937e+01 1.038856026793541254e+01
2.118328142962786842e+03 -4.123262517997265775e+01 1.034692824260856980e+01
2.116380125638726895e+03 -4.040321047367176988e+01 1.030669523824418654e+01
2.114327074585543869e+03 -3.956945834670229800e+01 1.026786566396088496e+01
2.112162937565063658e+03 -3.873167936002440115e+01 1.023044837834860843e+01
2.109888702021024528e+03 -3.788966555310009454e+01 1.019447830145049849e+01
2.107507573476450943e+03 -3.704226106962167364e+01 1.016013759502509295e+01
2.105024961638661352e+03 -3.619102676432893162e+01 1.012726867745767301e+01
2.102446528259752540e+03 -3.533730809182087285e+01 1.009587540635094349e+01
2.099774509229099749e+03 -3.448090993445692476e+01 1.006595092252010737e+01
2.097010344659340717e+03 -3.362315263344643057e+01 1.003753465826741476e+01
2.094156868466895503e+03 -3.276358903150855184e+01 1.001055318487226842e+01
2.091212925227462620e+03 -3.190202771934776749e+01 9.985046222254915449e+00
2.088177513443942644e+03 -3.103874963604542003e+01 9.961005050382947701e+00
2.085047569752105119e+03 -3.017367527130212679e+01 9.938378103416541265e+00
2.081815129608273310e+03 -2.930621158263421933e+01 9.917176452025316280e+00
2.078486319321309566e+03 -2.843743101001444273e+01 9.897375379763193592e+00
2.075059877679801048e+03 -2.756593204253666585e+01 9.879000327978101126e+00
2.071509160856009657e+03 -2.669117896742839235e+01 9.862379446642055569e+00
2.067865289117701195e+03 -2.581505168107810277e+01 9.847230339149195544e+00
2.064119571201364579e+03 -2.494005944638105277e+01 9.833671004114794556e+00
2.060280404472588543e+03 -2.406570206522629007e+01 9.821749877110308447e+00
2.056345613204494839e+03 -2.319320731860657858e+01 9.811485446951268230e+00
2.052315424973701738e+03 -2.232355213647348435e+01 9.802910097133384681e+00
2.048193154114867411e+03 -2.145695892527422188e+01 9.796038102191838348e+00
2.043986967422061980e+03 -2.059365586503161438e+01 9.790786439966696619e+00
2.039695053159722875e+03 -1.973404257377954707e+01 9.787116547656165011e+00
2.035324294102533713e+03 -1.887839758039215354e+01 9.784991148990890508e+00
2.030873966543545521e+03 -1.802593327210367136e+01 9.784374282707565484e+00
2.026344832904496343e+03 -1.717823701711493101e+01 9.785182685593957430e+00
2.021734303950828235e+03 -1.633306613731273771e+01 9.787644833354956830e+00
2.017045661119634133e+03 -1.549268843793102590e+01 9.791589222963313688e+00
2.012285901256185980e+03 -1.465802829992622591e+01 9.796895088231046600e+00
2.007442158723487864e+03 -1.382873533346804784e+01 9.803715966991717323e+00
2.002510704315181101e+03 -1.300529965447494973e+01 9.812019595026702845e+00
1.997493705766268022e+03 -1.218733829846553718e+01 9.821902993088155398e+00
1.992388863815457171e+03 -1.137557275381867328e+01 9.833420641600001844e+00
1.987193954035521529e+03 -1.056928206565274309e+01 9.846579633569010781e+00
1.981910959454710564e+03 -9.769275644780625711e+00 9.861388620390716397e+00
1.976554352117489316e+03 -8.975983080903535694e+00 9.877732321892748857e+00
1.971123891096824764e+03 -8.189715663958729408e+00 9.895643563783703911e+00
1.965624683326924014e+03 -7.410671332158370817e+00 9.915149528690889724e+00
1.960056428068783362e+03 -6.638629491682849881e+00 9.936517935665731827e+00
1.954433756485224421e+03 -5.874650431426843511e+00 9.959429193557872040e+00
1.948750944216292282e+03 -5.118502031401469310e+00 9.983828339126688434e+00
1.943006952732568152e+03 -4.369736211738808329e+00 1.000970956463074124e+01
1.937193970205275718e+03 -3.628106282416496242e+00 1.003709793995339439e+01
1.931304123082942397e+03 -2.893327493141301776e+00 1.006604954664534723e+01
1.925333932935747953e+03 -2.165016377102768619e+00 1.009653728364531311e+01
1.919279621800241785e+03 -1.442894171268359615e+00 1.012857942162794700e+01
1.913144538862780337e+03 -7.272088301348471617e-01 1.016216862852259872e+01
1.906939162823241531e+03 -1.858765992376856455e-02 1.019727199725736355e+01
1.900666962571816157e+03 6.822812020760736784e-01 1.023389814650282403e+01
1.894332522026658808e+03 1.374731140320490486e+00 1.027205241376801759e+01
1.887930128611179953e+03 2.058157373048762118e+00 1.031203227159581814e+01
1.881489941237809035e+03 2.731671393857353358e+00 1.035339396597194828e+01
1.875012845018688495e+03 3.394944508540482797e+00 1.039613634121757002e+01
1.868497029984287792e+03 4.048248289353394647e+00 1.044016708597962761e+01
1.861933969064024041e+03 4.691848805579300397e+00 1.048552886176851651e+01
1.855322847821232472e+03 5.326172971018582558e+00 1.053222725058142295e+01
1.848660101708383081e+03 5.951491169270207493e+00 1.058021545712369083e+01
1.841932870791117921e+03 6.568176406302120185e+00 1.062949975319188134e+01
1.835143917138604365e+03 7.176435386573372988e+00 1.068007229752256571e+01
1.828303038242025877e+03 7.776166229771217964e+00 1.073189155797040684e+01
1.821398977792119240e+03 8.366854555539692484e+00 1.078484773937891639e+01
1.814453998760466447e+03 8.947892144322768360e+00 1.083905425596852012e+01
1.807458956856148916e+03 9.518332880001763030e+00 1.089459191165627416e+01
1.800433125690380848e+03 1.007816480419930549e+01 1.095103959550251460e+01
1.793382951388111223e+03 1.062685394638225489e+01 1.100827143020657672e+01
1.786320399310438916e+03 1.116409486801877016e+01 1.106621700997919255e+01
1.779234291926800779e+03 1.168988395083002452e+01 1.112490668442123010e+01
1.772127597023705675e+03 1.220418421493850936e+01 1.118435196560955980e+01
1.764995462553888729e+03 1.270704867152445594e+01 1.124452848245964809e+01
1.757836849310841444e+03 1.319846957525157016e+01 1.130542234924860878e+01
1.750642443904951051e+03 1.367844826174349748e+01 1.136704558365745577e+01
1.743422177701283317e+03 1.414699004427121309e+01 1.142944116503464436e+01
1.736173397574787941e+03 1.460413558757358032e+01 1.149240029746860259e+01
1.728895858938683432e+03 1.504939902803906726e+01 1.155605830844964288e+01
1.721589747230532339e+03 1.548248218279755406e+01 1.162033070042558336e+01
1.714284315436133511e+03 1.590423689814471331e+01 1.168480728442292005e+01
1.706969362949832657e+03 1.631478824681297013e+01 1.174941072161299793e+01
1.699661956672860470e+03 1.671419543513842854e+01 1.181404541355326998e+01
1.692359455856925706e+03 1.710234355924389504e+01 1.187877867907936036e+01
1.685059188887402115e+03 1.747893184829113977e+01 1.194362080469307230e+01
1.677763063948624222e+03 1.784360545928164754e+01 1.200865066117135704e+01
1.670467183956209055e+03 1.819595452065519936e+01 1.207385473360921857e+01
1.663177061749152244e+03 1.853561941968731830e+01 1.213939654947054692e+01
1.655889072641544544e+03 1.886213692232924188e+01 1.220528506313569217e+01
1.648598212982437190e+03 1.917526291194067412e+01 1.227155983126207239e+01
1.641311152746288371e+03 1.947415963212642609e+01 1.233844551459536376e+01
1.634010592689761324e+03 1.975930316300290812e+01 1.240593735266336495e+01
1.626708819346529936e+03 2.003203472341025559e+01 1.247371095689642928e+01
1.619407900448096143e+03 2.029291231599497181e+01 1.254178341403274288e+01
1.612101204234717898e+03 2.054228313601797140e+01 1.261016055511118417e+01
1.604795096290617948e+03 2.078061191580169620e+01 1.267872238258636131e+01
1.597487851263194898e+03 2.100803431520792586e+01 1.274742730150119918e+01
1.590181187555692077e+03 2.122450651155793011e+01 1.281627536936478506e+01
1.582880155124977819e+03 2.142990918114044163e+01 1.288525474447129149e+01
1.575587668820023282e+03 2.162416993043730429e+01 1.295427428030591521e+01
1.568303492472159405e+03 2.180704695294767603e+01 1.302324377938876054e+01
1.561046071763708824e+03 2.197853537405371327e+01 1.309214549228417290e+01
1.553797211262891778e+03 2.213701559489009796e+01 1.316117215574986687e+01
1.546568793716798837e+03 2.228267771272723508e+01 1.323019570452670912e+01
1.539357113168632623e+03 2.241651181911270996e+01 1.329908439947824839e+01
1.532171064672269949e+03 2.253844204543798924e+01 1.336787164849456211e+01
1.525001140159854231e+03 2.264832578867660473e+01 1.343649284784130771e+01
1.517847749206943490e+03 2.274609976311957027e+01 1.350503839767219638e+01
1.510713043998552394e+03 2.283163784152095843e+01 1.357342434153033039e+01
1.503593965186719061e+03 2.290510101427822320e+01 1.364166155395728275e+01
1.496498122450397432e+03 2.296683066055842914e+01 1.370974651494124252e+01
1.489417221699889524e+03 2.301731636175189166e+01 1.377753737600278683e+01
1.482362515969920423e+03 2.305684064045658133e+01 1.384505680187492160e+01
1.475330028519123971e+03 2.308585488594791002e+01 1.391226531428254098e+01
1.468319872573945759e+03 2.310286341777315400e+01 1.397922973568750216e+01
1.461333301728478318e+03 2.310903433438859977e+01 1.404584811631519869e+01
1.454381083186433671e+03 2.310557611890351737e+01 1.411185142315036423e+01
1.447452938563382077e+03 2.309267746030010215e+01 1.417732510874487950e+01
1.440562173504509474e+03 2.307064050451122128e+01 1.424209017490149698e+01
1.433703513086185922e+03 2.303959976580667046e+01 1.430612481288180504e+01
1.426883258953127779e+03 2.299977837619793775e+01 1.436930813213431968e+01
1.420102963429991632e+03 2.295134524377555962e+01 1.443161060884393976e+01
1.413359657246145616e+03 2.289447573735670360e+01 1.449292341325797828e+01
1.406662404385564059e+03 2.282941298218607784e+01 1.455322156600138150e+01
1.400013599837539232e+03 2.275625701056485184e+01 1.461247896876296082e+01
1.393410324533390394e+03 2.267526179834216649e+01 1.467061610978933928e+01
1.386856855880081412e+03 2.258440840874956024e+01 1.472762697146640676e+01
1.380352279905997875e+03 2.248485077323927683e+01 1.478357288518352419e+01
1.373905910901810785e+03 2.237732595122312773e+01 1.483827801731599116e+01
1.367508749770232953e+03 2.226188043150469298e+01 1.489184170603751056e+01
1.361162834144384533e+03 2.213851029394891512e+01 1.494434444315588983e+01
1.354867439117722824e+03 2.200726518516959018e+01 1.499571137775563656e+01
1.348627597899666625e+03 2.186818485981911664e+01 1.504596645883148653e+01
1.342443558313639187e+03 2.172129927427191731e+01 1.509518425643369355e+01
1.336311112407665860e+03 2.156657431988665508e+01 1.514333010285656478e+01
1.330226082551904710e+03 2.140404887317018279e+01 1.519041274241098982e+01
1.324197688855943625e+03 2.123381709111891169e+01 1.523650508811882887e+01
1.318218495099923530e+03 2.105581763081636026e+01 1.528146021776125707e+01
1.312286061092099317e+03 2.086796124064140656e+01 1.532533782174184900e+01
1.306411172094224639e+03 2.067191807288402927e+01 1.536807182881738143e+01
1.300587584014692084e+03 2.046830412481038763e+01 1.540970588641211414e+01
1.294809140982800955e+03 2.025723906697993115e+01 1.545017069732823245e+01
1.289087512193139219e+03 2.003898176514407226e+01 1.548953463726564550e+01
1.283417249445940115e+03 1.981372877907668340e+01 1.552782899326061283e+01
1.277797108373414630e+03 1.958173943211376056e+01 1.556498488253495083e+01
1.272231715221091690e+03 1.934331147612987323e+01 1.560102777895007264e+01
1.266718978009832881e+03 1.909865858920052517e+01 1.563595050806927134e+01
1.261264469550583499e+03 1.884799437956508328e+01 1.566981381611578783e+01
1.255867072993021111e+03 1.859152106253883829e+01 1.570257092424782286e+01
1.250523152685209197e+03 1.832933400888482112e+01 1.573417053789016506e+01
1.245235746337655655e+03 1.805932276833920724e+01 1.576448264603858185e+01
1.240011568700346743e+03 1.778358261947562724e+01 1.579362209906199332e+01
1.234840714518128152e+03 1.750259225808406782e+01 1.582161359380977572e+01
1.229726613880124432e+03 1.721637858905921803e+01 1.584833110317658544e+01
1.224665870135358773e+03 1.692513762659116949e+01 1.587383092118455608e+01
1.219658805320219471e+03 1.662906970344313606e+01 1.589809041852739568e+01
1.214707129799069662e+03 1.632839557557761623e+01 1.592116857919783257e+01
1.209812514204160379e+03 1.602332804882270878e+01 1.594302279224817909e+01
1.204969987141093497e+03 1.571410627890008271e+01 1.596355355782868202e+01
1.200185595497789109e+03 1.540086448869854330e+01 1.598286871086873262e+01
1.195454493393516714e+03 1.508383572861448663e+01 1.600092857241072508e+01
1.190779165514274837e+03 1.476329801637086092e+01 1.601766541780855491e+01
1.186167550122859666e+03 1.443752953457552302e+01 1.603286971392288507e+01
1.181614819443026136e+03 1.410881017110649793e+01 1.604679901596635005e+01
1.177114052835696612e+03 1.377756633994433422e+01 1.605946572595717470e+01
1.172673611567407988e+03 1.344412530562563823e+01 1.607082025085356491e+01
1.168284533065537744e+03 1.310871092346619804e+01 1.608099136705889975e+01
1.163951551284123525e+03 1.277162984599470441e+01 1.608992002332805171e+01
1.159677584416869649e+03 1.243319098599236483e+01 1.609754537186799439e+01
1.155455706739958259e+03 1.209365062734275931e+01 1.610390406773153060e+01
1.151288969970841890e+03 1.175326737473423222e+01 1.610900577572084913e+01
1.147171765279764941e+03 1.141237190612232233e+01 1.611284624874609861e+01
1.143112939969742229e+03 1.107118723061569554e+01 1.611537937121518382e+01
1.139107245537597009e+03 1.072963444325156424e+01 1.611657585786832314e+01
1.135169627922382233e+03 1.038624934750397877e+01 1.611605430741141376e+01
1.131280802236432692e+03 1.004286559783424515e+01 1.611428905496289232e+01
1.127448243964005087e+03 9.699604496180837643e+00 1.611124627191824743e+01
1.123674436590828009e+03 9.356511740407924549e+00 1.610701112602956186e+01
1.119954665665211451e+03 9.013694581727776267e+00 1.610152172822372307e+01
1.116292803720001757e+03 8.671344429288449618e+00 1.609488482198318238e+01
1.112687251209400756e+03 8.329464683927900737e+00 1.608705065649483501e+01
1.109136463935232996e+03 7.988011277591223092e+00 1.607806893716447050e+01
1.105638952820091390e+03 7.647025320133904458e+00 1.606789016501265621e+01
1.102199547305619262e+03 7.306547713855422010e+00 1.605650440929945688e+01
1.098812392107291771e+03 6.966550519653138984e+00 1.604392187047049489e+01
1.095483602976296197e+03 6.626926909586426717e+00 1.603006029787349007e+01
1.092222019259340186e+03 6.286969972552446606e+00 1.601446220555088473e+01
1.089008411951492008e+03 5.947713874403894430e+00 1.599774780098128169e+01
1.085848963149953534e+03 5.609255940779540595e+00 1.597976757784432067e+01
1.082745136308186147e+03 5.271599256527307986e+00 1.596061612488249537e+01
1.079695575936488467e+03 4.934914772217826595e+00 1.594032528512940416e+01
1.076692143293316121e+03 4.599283224077799659e+00 1.591887193139645085e+01
1.073743181323518229e+03 4.264790392053079415e+00 1.589628248685077416e+01
1.070846948080141146e+03 3.931513419344037974e+00 1.587259206653182808e+01
1.067998983440349548e+03 3.599513766174603724e+00 1.584787451599645003e+01
1.065204798994844168e+03 3.268864401282634446e+00 1.582203029935897121e+01
1.062459063914877333e+03 2.939615097553487821e+00 1.579527491591098887e+01
1.059762126035646361e+03 2.611768139782475906e+00 1.576737464128251709e+01
1.057121597209131551e+03 2.285275403830506757e+00 1.573819473563392179e+01
1.054533109865362576e+03 1.960470061508025497e+00 1.570804718089080865e+01
1.051988808944022367e+03 1.637368294521810874e+00 1.567697854427932569e+01
1.049490807862869588e+03 1.315974228152888337e+00 1.564503342018353571e+01
1.047041440385089118e+03 9.962882596501526633e-01 1.561218945956484383e+01
1.044634860556730928e+03 6.783204567509233396e-01 1.557845628577931052e+01
1.042270693340680054e+03 3.621212800240341534e-01 1.554383383362079663e+01
1.039948608252684835e+03 4.767161656867179020e-02 1.550828476075090201e+01
1.037674060983109712e+03 -2.648935918969891334e-01 1.547193699345927520e+01
1.035437009668966994e+03 -5.754123536756670099e-01 1.543472561091366835e+01
1.033246612437817021e+03 -8.836363491692301730e-01 1.539677540516063203e+01
1.031094717069633134e+03 -1.189398490699950628e+00 1.535798958983975027e+01
1.028992686441368505e+03 -1.492227629486129858e+00 1.531816511948376913e+01
1.026931652583650930e+03 -1.792168793026932105e+00 1.527764573835174744e+01
1.024909523912991745e+03 -2.088956724085742067e+00 1.523654838857902227e+01
1.022922356774228888e+03 -2.382255467043002284e+00 1.519493472043794036e+01
1.020969587761809407e+03 -2.671855418196716236e+00 1.515276522852330388e+01
1.019048390167042953e+03 -2.957420558363722751e+00 1.511005868219920778e+01
1.017159285981702624e+03 -3.238608247342535051e+00 1.506683217100194128e+01
1.015299336611294166e+03 -3.515120760385931575e+00 1.502310113134561753e+01
1.013460903522704257e+03 -3.786710874961073614e+00 1.497886627919536728e+01
1.011652575030988487e+03 -4.053381419299659782e+00 1.493420268399271222e+01
1.009866600294247178e+03 -4.315371378340921105e+00 1.488922838577290442e+01
1.008113675480559436e+03 -4.572670333589597291e+00 1.484387446627906648e+01
1.006397894556979054e+03 -4.825119083685950550e+00 1.479816011426209599e+01
1.004701108299705311e+03 -5.073543293308643953e+00 1.475256213251550008e+01
1.003035428782056442e+03 -5.318145759108265480e+00 1.470706977186839737e+01
1.001389677164151408e+03 -5.559183355916103686e+00 1.466177757108119728e+01
9.997725445210644466e+02 -5.796640736027000251e+00 1.461654939057990710e+01
9.981847702803902393e+02 -6.030494625593702196e+00 1.457122773497071577e+01
9.966234879093626660e+02 -6.260827152653735794e+00 1.452568525806132449e+01
9.950989156136193969e+02 -6.487664987073340939e+00 1.447972552644433186e+01
9.936014514805663111e+02 -6.710967792014804978e+00 1.443316311231181537e+01
9.921340096973398204e+02 -6.930716693127854100e+00 1.438597969093719442e+01
9.907009264348112083e+02 -7.146628718759022725e+00 1.433804227776757045e+01
9.893012064783081314e+02 -7.357718132700259872e+00 1.428942693388694707e+01
9.879350687712097852e+02 -7.563464666789347035e+00 1.424008471277365473e+01
9.865868277133372430e+02 -7.764199653115029243e+00 1.419043832790757698e+01
9.852665019323051183e+02 -7.959637093422011311e+00 1.414060694218706438e+01
9.839623052981121418e+02 -8.149350858240351769e+00 1.409072462390471792e+01
9.826814542678791895e+02 -8.333407298425957066e+00 1.404079415020614974e+01
9.814156438852257907e+02 -8.512313558637714550e+00 1.399081743927439270e+01
9.801764234136090863e+02 -8.686554884797882181e+00 1.394079559490863751e+01
9.789582920870298040e+02 -8.856700045746734418e+00 1.389067623305999000e+01
9.777651022177308278e+02 -9.023367243116418024e+00 1.384048388596965928e+01
9.765916553625839924e+02 -9.187003593742174345e+00 1.379018010119999538e+01
9.754502073334541592e+02 -9.348106054561858613e+00 1.373974161783374193e+01
9.743349613583411610e+02 -9.505530044728091710e+00 1.368898438421708619e+01
9.732522114449647006e+02 -9.658943724347457405e+00 1.363810992724863169e+01
9.721838022970372322e+02 -9.808811051195503339e+00 1.358729417387998062e+01
9.711293546043223159e+02 -9.954725690894084877e+00 1.353662636768900640e+01
9.700984459420465100e+02 -1.009634252333791871e+01 1.348619536357475290e+01
9.690782324144146287e+02 -1.023327219306156977e+01 1.343602061740832099e+01
9.680698660404765405e+02 -1.036538329248097412e+01 1.338612668009177753e+01
9.670755405966392573e+02 -1.049295247469918024e+01 1.333645954337742090e+01
9.660882484637894549e+02 -1.061608703214347926e+01 1.328694799127428361e+01
9.651188150272398616e+02 -1.073547887357519137e+01 1.323756076194766251e+01
9.641618380281055352e+02 -1.085103004485380396e+01 1.318813377073110615e+01
9.632153777320916106e+02 -1.096358034316222962e+01 1.313876331408443399e+01
9.622847973779145150e+02 -1.107150019880787717e+01 1.308908022460886933e+01
9.613701241477007216e+02 -1.117543099346140956e+01 1.303932484891764432e+01
9.604640504556743963e+02 -1.127603711666021802e+01 1.298984191108738528e+01
9.595665491341148936e+02 -1.137479415930675231e+01 1.294074188520435520e+01
9.586734199703164450e+02 -1.147105614385301564e+01 1.289214825842933898e+01
9.577868662916971516e+02 -1.156451822196955170e+01 1.284419659527097579e+01
9.569090764486614944e+02 -1.165544577737691512e+01 1.279713073318964156e+01
9.560329070943674878e+02 -1.174452981352979464e+01 1.275098045901450305e+01
9.551589649605194836e+02 -1.183167104604805075e+01 1.270568335207803123e+01
9.542878032650263549e+02 -1.191593605570078296e+01 1.266122564568887654e+01
9.534199744592920069e+02 -1.199836868071400708e+01 1.261756090258415774e+01
9.525514455055782719e+02 -1.207790993770835186e+01 1.257461647783791392e+01
9.516931574662712592e+02 -1.215275277583461389e+01 1.253233323681609512e+01
9.508398353232316822e+02 -1.222510117141462160e+01 1.249070720517670274e+01
9.499922010500984015e+02 -1.229379508322307579e+01 1.244975658441473776e+01
9.491463876892944427e+02 -1.236041476203535083e+01 1.240938776889356276e+01
9.483025624925587636e+02 -1.242362370747499867e+01 1.236965902742684520e+01
9.474616111794997551e+02 -1.248406167584006887e+01 1.233050215665307014e+01
9.466233459558235381e+02 -1.254183790817994826e+01 1.229189163999172685e+01
9.457913985384170701e+02 -1.259644631638093237e+01 1.225385411147081882e+01
9.449602369158092188e+02 -1.264817973494420400e+01 1.221636295338509015e+01
9.441351741212032493e+02 -1.269693617542410458e+01 1.217941433330783063e+01
9.433110605783598430e+02 -1.274260631999396587e+01 1.214297129115473517e+01
9.424940937246587964e+02 -1.278580312863039836e+01 1.210711761506290074e+01
9.416722092406533875e+02 -1.282408511711122934e+01 1.207184934602203974e+01
9.408545271756538568e+02 -1.285930961125905725e+01 1.203719308451252523e+01
9.400383082909363566e+02 -1.289163422375660595e+01 1.200316062535003780e+01
9.392285606830616871e+02 -1.292069331074018201e+01 1.196969478378461993e+01
9.384183915472237913e+02 -1.294760000714573422e+01 1.193679935551556071e+01
9.376090047700078003e+02 -1.297183754593192084e+01 1.190453369814700224e+01
9.368014107206934113e+02 -1.299358264283041819e+01 1.187284472704183713e+01
9.359974527926027577e+02 -1.301258591953165755e+01 1.184177784621851792e+01
9.351921086163907830e+02 -1.302900429185296360e+01 1.181130458085358370e+01
9.343879663324462399e+02 -1.304329839670262459e+01 1.178140527093095180e+01
9.335875791592704900e+02 -1.305528372303711748e+01 1.175212578519941253e+01
9.327861194709054189e+02 -1.306550519251645603e+01 1.172344011444136491e+01
9.319820378623481929e+02 -1.307068614105868498e+01 1.169543943905582672e+01
9.311789045689833983e+02 -1.307432004420786065e+01 1.166800198695779756e+01
9.303720321613124042e+02 -1.307572532635131424e+01 1.164121748166078518e+01
9.295637933522863250e+02 -1.307493481228646992e+01 1.161502290191808306e+01
9.287565237042803119e+02 -1.307266596023277572e+01 1.158937908002227246e+01
9.279488645160676015e+02 -1.306890090581927311e+01 1.156436340541166530e+01
9.271380580520881267e+02 -1.306377377268331230e+01 1.153998502098238710e+01
9.263263266555779865e+02 -1.305744954383733614e+01 1.151625602221487910e+01
9.255158544023868217e+02 -1.305042938604879765e+01 1.149320165211539724e+01
9.247026369606666094e+02 -1.304249780034335693e+01 1.147082522267460369e+01
9.238930293806330383e+02 -1.303384649154128461e+01 1.144916816988260599e+01
9.230836048735125132e+02 -1.302516941690751118e+01 1.142815114662816356e+01
9.222629544466117295e+02 -1.301487756355969694e+01 1.140815948837648186e+01
9.214499710311206400e+02 -1.300487176275504630e+01 1.138885314484602240e+01
9.206281870369540457e+02 -1.299461364411823538e+01 1.137016164609338986e+01
9.198082647209078004e+02 -1.298497971543738316e+01 1.135220510919914183e+01
9.189858168099536897e+02 -1.297565734873475662e+01 1.133496889955853071e+01
9.181663783182013958e+02 -1.296742024868117582e+01 1.131840305619137510e+01
9.173414978641565085e+02 -1.295999791680765867e+01 1.130248934488785650e+01
9.165175111216036612e+02 -1.295325844913720381e+01 1.128726111004914578e+01
9.156883250864212869e+02 -1.294715596768228671e+01 1.127271030039920774e+01
9.148614486425753967e+02 -1.294158194814576390e+01 1.125889292756953530e+01
9.140294436351688319e+02 -1.293646471062856129e+01 1.124576155822894030e+01
9.131970686026572821e+02 -1.293172031798360599e+01 1.123338097456901075e+01
9.123528686905538052e+02 -1.292606867634195922e+01 1.122194921726315187e+01
9.115107961387207069e+02 -1.292085616982725327e+01 1.121128484855572793e+01
9.106645453722940147e+02 -1.291583291449111393e+01 1.120135449935068017e+01
9.098151808126581273e+02 -1.291104604386810983e+01 1.119207920201194106e+01
9.089637277490337510e+02 -1.290644948747262610e+01 1.118352811682052916e+01
9.081111725224101292e+02 -1.290188853868741603e+01 1.117563876383714394e+01
9.072540807446450799e+02 -1.289740820368938046e+01 1.116847313708100486e+01
9.063890685929676465e+02 -1.289290304420983979e+01 1.116194607431083519e+01
9.055226354403102960e+02 -1.288833610853783007e+01 1.115611380734796043e+01
9.046524086911443874e+02 -1.288366828687759202e+01 1.115093139050807025e+01
9.037767604394231284e+02 -1.287883995195622511e+01 1.114637163269019204e+01
9.029030366926808711e+02 -1.287373751993852977e+01 1.114257980175611529e+01
9.020106093333758963e+02 -1.286783018776336185e+01 1.113976141224526728e+01
9.011088815630957924e+02 -1.286191923839880324e+01 1.113756781461679601e+01
9.002112781840830849e+02 -1.285601861353117670e+01 1.113602866390636414e+01
8.993091131801752454e+02 -1.285021566777726498e+01 1.113515006339622104e+01
8.984032243404316205e+02 -1.284449463320939877e+01 1.113487283626067459e+01
8.974975112434184439e+02 -1.283898853199938728e+01 1.113517796281066907e+01
8.965871838407252881e+02 -1.283369056892308713e+01 1.113610335777968707e+01
8.956769576706833504e+02 -1.282860168578886295e+01 1.113763841078136352e+01
8.947615934537614066e+02 -1.282375497429424094e+01 1.113973211548147368e+01
8.938448059504754610e+02 -1.281915163040900119e+01 1.114233547465656216e+01
8.929293424621143913e+02 -1.281472806339180437e+01 1.114547074495744106e+01
8.920065455888998258e+02 -1.281059059399725975e+01 1.114919869433144051e+01
8.910791987784513140e+02 -1.280662159996106375e+01 1.115375463238897247e+01
8.901513791252751844e+02 -1.280303574284539714e+01 1.115874442113887710e+01
8.892146966562758053e+02 -1.279995133281746789e+01 1.116418201730612125e+01
8.882841989186068758e+02 -1.279746587838805638e+01 1.116998940959749476e+01
8.873511966031799147e+02 -1.279561554872224427e+01 1.117619177128750962e+01
8.864174340150992748e+02 -1.279448077988941179e+01 1.118275551971382953e+01
8.854827212216534917e+02 -1.279415736045779894e+01 1.118964890002052748e+01
8.845513635116114983e+02 -1.279474997503412936e+01 1.119684195950308769e+01
8.836234497557262557e+02 -1.279629672380374039e+01 1.120430652088668211e+01
8.826926904650937331e+02 -1.279883414718224621e+01 1.121201615454711309e+01
8.817637818355765376e+02 -1.280250439679307739e+01 1.121987637973461105e+01
8.808363760456603586e+02 -1.280741332274052091e+01 1.122797441725258416e+01
8.799071149858041281e+02 -1.281383113428900344e+01 1.123656996739271996e+01
8.789828070464759548e+02 -1.282171621155912611e+01 1.124523500724768077e+01
8.780665782469576470e+02 -1.283109526404876632e+01 1.125395139300902692e+01
8.771501833156399925e+02 -1.284205138423486581e+01 1.126266048948837550e+01
8.762410564082354085e+02 -1.285461485255136616e+01 1.127134905261412179e+01
8.753361648091095049e+02 -1.286874274108115124e+01 1.128010050937306374e+01
8.744386969970558994e+02 -1.288441927056820546e+01 1.128892032117768274e+01
8.735470618322726750e+02 -1.290167190333458258e+01 1.129780352139273347e+01
8.726596527628745434e+02 -1.292041144706007216e+01 1.130679576148787824e+01
8.717748487082527618e+02 -1.294062039327965863e+01 1.131592144159264990e+01
8.708980428958841458e+02 -1.296217733226210633e+01 1.132514839096360149e+01
8.700193548347975820e+02 -1.298535487103852049e+01 1.133467599328287001e+01
8.691426007554258604e+02 -1.301044359651487170e+01 1.134467310620013158e+01
8.682690453485329272e+02 -1.303685324159325987e+01 1.135478603580624579e+01
8.673918954790749467e+02 -1.306459275621402050e+01 1.136511057980567330e+01
8.665160438176873186e+02 -1.309358938199813061e+01 1.137558178167930123e+01
8.656431318117047340e+02 -1.312384335928330259e+01 1.138626737588161042e+01
8.647728274026925419e+02 -1.315528356838052026e+01 1.139711722393056093e+01
8.639032923514466802e+02 -1.318794634627319162e+01 1.140815136616693160e+01
8.630368984988739385e+02 -1.322176716795460116e+01 1.141941801173544313e+01
8.621719238841395736e+02 -1.325674213247996391e+01 1.143086099696080105e+01
8.613066427305369643e+02 -1.329288284109265739e+01 1.144252419438442558e+01
8.604393263285920739e+02 -1.333009586058750351e+01 1.145440988841196450e+01
8.595737554705631283e+02 -1.336885868290682033e+01 1.146658343613411546e+01
8.587076688772073112e+02 -1.340929524303798992e+01 1.147914448271279220e+01
8.578373928365132315e+02 -1.345075858946034408e+01 1.149193156525508819e+01
8.569733610445902059e+02 -1.349321766598705530e+01 1.150485586264134064e+01
8.561073119745054782e+02 -1.353665313862767050e+01 1.151790063851712098e+01
8.552409078192856668e+02 -1.358101786305629233e+01 1.153108355029120702e+01
8.543777083798423746e+02 -1.362627191159109863e+01 1.154440150925284314e+01
8.535159927170262790e+02 -1.367238927611743371e+01 1.155783886353963119e+01
8.526540446821369414e+02 -1.371934662586880549e+01 1.157131573632516996e+01
8.517901537439317963e+02 -1.376713128228684369e+01 1.158486673793604638e+01
8.509291223892457765e+02 -1.381572583391280418e+01 1.159846812716690145e+01
8.500714220936531547e+02 -1.386506648003928888e+01 1.161208391635035042e+01
8.492130905986279004e+02 -1.391584366446134879e+01 1.162584935499700656e+01
8.483470997374602121e+02 -1.396794372959877961e+01 1.163971934655748797e+01
8.474936080451208227e+02 -1.402062009408917476e+01 1.165347805872606024e+01
8.466389431119705478e+02 -1.407382035500627282e+01 1.166718255268786208e+01
8.457907544282943491e+02 -1.412748749892537958e+01 1.168076245889876574e+01
8.449498211254390299e+02 -1.418156806405621140e+01 1.169412095159424148e+01
8.441092854422736309e+02 -1.423597167186685652e+01 1.170729613864832253e+01
8.432722245266887739e+02 -1.429061548824100569e+01 1.172027361060253803e+01
8.424463401891182457e+02 -1.434541338632863194e+01 1.173293251132731640e+01
8.416274806448159325e+02 -1.440035832204067745e+01 1.174530933733651494e+01
8.408113394499179094e+02 -1.445528840038490870e+01 1.175731251999668459e+01
8.400035479622806633e+02 -1.451024907986407086e+01 1.176895592247939959e+01
8.392029406676300596e+02 -1.456596496286895359e+01 1.178026939743753232e+01
8.384093864943489507e+02 -1.462212048927199959e+01 1.179111630800664479e+01
8.376279891755590370e+02 -1.467792502456310011e+01 1.180152017268485665e+01
8.368514832457005923e+02 -1.473346777937182850e+01 1.181135870140635014e+01
8.360836631306284517e+02 -1.478876488269763634e+01 1.182073057921978254e+01
8.353254064213966785e+02 -1.484393896717699945e+01 1.182962191277538189e+01
8.345793024194994132e+02 -1.489905444995158135e+01 1.183811956748502325e+01
8.338380406326340335e+02 -1.495416950188673333e+01 1.184618826235809586e+01
8.331004972000846465e+02 -1.500927156732744372e+01 1.185386708967832092e+01
8.323734436146337430e+02 -1.506437704676848988e+01 1.186117545784984451e+01
8.316504578599813158e+02 -1.511960845871321268e+01 1.186816505150662593e+01
8.309342261130132101e+02 -1.517502260883317255e+01 1.187488666015037886e+01
8.302311653001792138e+02 -1.523171855460947555e+01 1.188128850558224769e+01
8.295250392865111735e+02 -1.528919927598724549e+01 1.188743693739357710e+01
8.288284976665114527e+02 -1.534692273761390879e+01 1.189327800857304140e+01
8.281391629776594527e+02 -1.540497314369654269e+01 1.189883555571834073e+01
8.274517647119820367e+02 -1.546339384837983033e+01 1.190409150057356236e+01
8.267688534742567299e+02 -1.552219143189695139e+01 1.190905498342316982e+01
8.260910300043394727e+02 -1.558147342780681655e+01 1.191375974755957046e+01
8.254168699086906145e+02 -1.564114072463952709e+01 1.191819727450255506e+01
8.247449643583898933e+02 -1.570124382642869421e+01 1.192238492882789203e+01
8.240786518449918958e+02 -1.576163579810670434e+01 1.192633462742037942e+01
8.234143700890906530e+02 -1.582231059265236794e+01 1.193005832292399404e+01
8.227552359532015771e+02 -1.588329970928979407e+01 1.193352017491601558e+01
8.221024320975170667e+02 -1.594559039953747615e+01 1.193679703875328890e+01
8.214599694302121407e+02 -1.600840337297114147e+01 1.193985108058739897e+01
8.208177786820536994e+02 -1.607131922303645766e+01 1.194270215252826084e+01
8.201761803044474846e+02 -1.613429644230185289e+01 1.194533546166865534e+01
8.195424771431511317e+02 -1.619723748839824751e+01 1.194775488287961807e+01
8.189132219757775601e+02 -1.626018525682408367e+01 1.194988934743399334e+01
8.182847565429034375e+02 -1.632306970974624249e+01 1.195182489895742961e+01
8.176592569401349238e+02 -1.638588222434951902e+01 1.195354195466605240e+01
8.170364868968022165e+02 -1.644853829687373548e+01 1.195495459739188249e+01
8.164178246805123536e+02 -1.651093391503617980e+01 1.195614204734382646e+01
8.158014706962184164e+02 -1.657300288828578871e+01 1.195704186424967119e+01
8.151856587254138731e+02 -1.663463420325933839e+01 1.195763305756988970e+01
8.145797846000288018e+02 -1.669688369602875611e+01 1.195789546867977471e+01
8.139791119209697854e+02 -1.675863039436016422e+01 1.195783770092774390e+01
8.133756595148694259e+02 -1.681962843989229839e+01 1.195743423091265889e+01
8.127746958310167429e+02 -1.687978160039971343e+01 1.195671730243174835e+01
8.121776452332297822e+02 -1.693887765298188697e+01 1.195563120910675359e+01
8.115849526538415830e+02 -1.699683359001225469e+01 1.195422365990884828e+01
8.109943271727437377e+02 -1.705352671216853366e+01 1.195244241930440232e+01
8.104037887637620088e+02 -1.710884041828060376e+01 1.195023752265655759e+01
8.098191225520453145e+02 -1.716263691872861585e+01 1.194759035164380023e+01
8.092329455500524773e+02 -1.721473941146978959e+01 1.194459387579660437e+01
8.086455523849408564e+02 -1.726493188493972397e+01 1.194113629619462280e+01
8.080648820835795050e+02 -1.731298845982651713e+01 1.193724930629966607e+01
8.074875490023877092e+02 -1.735979911785129559e+01 1.193280817817569783e+01
8.069160437358029867e+02 -1.740439917746092036e+01 1.192792448764098090e+01
8.063489276698559252e+02 -1.744684450801721809e+01 1.192261911477583780e+01
8.057851016898794114e+02 -1.748725954627945001e+01 1.191694463839035123e+01
8.052204272607800704e+02 -1.752576519305359426e+01 1.191093498880869817e+01
8.046593570472165311e+02 -1.756248377436026686e+01 1.190453257663077480e+01
8.041028703309211778e+02 -1.759753872253058304e+01 1.189779798309531067e+01
8.035468174789215254e+02 -1.763105254264963051e+01 1.189063968114887793e+01
8.029977281713137245e+02 -1.766314585876515864e+01 1.188310690293348060e+01
8.024485102394704654e+02 -1.769392207153610386e+01 1.187528419030654270e+01
8.019026186957435129e+02 -1.772347342637445067e+01 1.186704970048113239e+01
8.013537128221354351e+02 -1.775186227164283537e+01 1.185842466994027689e+01
8.008213198026204509e+02 -1.777991507395807247e+01 1.184919514309122590e+01
8.002916886380174901e+02 -1.780686034341997726e+01 1.183963416573687333e+01
7.997640714719335620e+02 -1.783275526006169898e+01 1.182974200253873676e+01
7.992377504073759837e+02 -1.785765879417995095e+01 1.181954111898440196e+01
7.987151607029524030e+02 -1.788160570469163702e+01 1.180897849750077455e+01
7.981974475656926415e+02 -1.790465068326437148e+01 1.179808515193919938e+01
7.976786154354082328e+02 -1.792679792395211535e+01 1.178687830139497450e+01
7.971626249813857612e+02 -1.794809551745356302e+01 1.177542247096116590e+01
7.966508981488789232e+02 -1.796857115708579755e+01 1.176366788758364557e+01
7.961419702471105211e+02 -1.798826001127252638e+01 1.175167639529840713e+01
7.956353208309991487e+02 -1.800709411595585507e+01 1.173939374590327134e+01
7.951310200702110933e+02 -1.802524007289149921e+01 1.172673416483157638e+01
7.946343276165828229e+02 -1.804294020918873542e+01 1.171360179908232979e+01
7.941393753424330271e+02 -1.805984249877841563e+01 1.170007238959114915e+01
7.936457447047680489e+02 -1.807587592619975680e+01 1.168632510932119750e+01
7.931530412629596185e+02 -1.809106115192939868e+01 1.167229064989964193e+01
7.926612115618598864e+02 -1.810534253793455051e+01 1.165792562570648450e+01
7.921700778887594652e+02 -1.811874394113201348e+01 1.164329257754573099e+01
7.916792690362757412e+02 -1.813122907087703695e+01 1.162843065624148942e+01
7.911884020841530401e+02 -1.814270590613670819e+01 1.161332343864027372e+01
7.906968312555368357e+02 -1.815309113803516894e+01 1.159799515575248563e+01
7.902055525265242295e+02 -1.816239510845477056e+01 1.158251430622400235e+01
7.897134175228533195e+02 -1.817051424918168934e+01 1.156684845955431129e+01
7.892209096117501304e+02 -1.817744223200591946e+01 1.155102601713324617e+01
7.887318261470505831e+02 -1.818294251226279101e+01 1.153483810682350530e+01
7.882413809511433556e+02 -1.818711411986706494e+01 1.151847449982064298e+01
7.877476047947827738e+02 -1.818974810973626077e+01 1.150203849810460355e+01
7.872511637789607448e+02 -1.819082276144609978e+01 1.148553260695535450e+01
7.867510292211778733e+02 -1.819024294821439014e+01 1.146895532909559634e+01
7.862468548638670427e+02 -1.818794546985613536e+01 1.145230963334219432e+01
7.857375686179276499e+02 -1.818382550650607499e+01 1.143561239578388822e+01
7.852230774998806737e+02 -1.817782779570245921e+01 1.141886826143456091e+01
7.847027298507567821e+02 -1.816978753085894738e+01 1.140219826159739647e+01
7.841755285388881020e+02 -1.815970683085872750e+01 1.138558391339329745e+01
7.836406983968456643e+02 -1.814741385240776239e+01 1.136898784136343821e+01
7.831020173674920670e+02 -1.813295306949144248e+01 1.135243765140873684e+01
7.825604210163198786e+02 -1.811609871581923770e+01 1.133565266930279236e+01
7.820134868100994936e+02 -1.809724202021045869e+01 1.131888055632754586e+01
7.814615304794170925e+02 -1.807649171903540264e+01 1.130213278247631870e+01
7.809046106224078585e+02 -1.805384981543626211e+01 1.128532732543391326e+01
7.803431117347942063e+02 -1.802937532686967970e+01 1.126848114382535471e+01
7.797780616312812754e+02 -1.800320448388608696e+01 1.125154986200033669e+01
7.792093268885494126e+02 -1.797529507608091137e+01 1.123448802474194963e+01
7.786372568551815903e+02 -1.794579923624468520e+01 1.121730059820347059e+01
7.780622053966081921e+02 -1.791469731913279517e+01 1.120003306441394564e+01
7.774845301543753067e+02 -1.788210497917140884e+01 1.118260208457672888e+01
7.769045918036634930e+02 -1.784813485277216216e+01 1.116514593306301784e+01
7.763243994166464290e+02 -1.781252261592049635e+01 1.114739735107396612e+01
7.757457199722064161e+02 -1.777504841872328356e+01 1.112941540105193106e+01
7.751650238144187597e+02 -1.773628476299594325e+01 1.111131930529603906e+01
7.745833980326362962e+02 -1.769621500693013516e+01 1.109314936008579977e+01
7.740006664604236448e+02 -1.765493166198904973e+01 1.107491809822979256e+01
7.734163309045969754e+02 -1.761245312336582458e+01 1.105660470580215993e+01
7.728308920695945972e+02 -1.756878959050592215e+01 1.103816842393712960e+01
7.722442356198398556e+02 -1.752398879150848998e+01 1.101959816643762657e+01
7.716567159541949650e+02 -1.747813747487358782e+01 1.100092007427392460e+01
7.710681009873819676e+02 -1.743119775097441959e+01 1.098207775802150543e+01
7.704778056911402473e+02 -1.738318282357486311e+01 1.096314323518254064e+01
7.698866525306273161e+02 -1.733422542861975302e+01 1.094410384363989586e+01
7.692959112201234575e+02 -1.728389153961493463e+01 1.092485306322888938e+01
7.687048197247449934e+02 -1.723202855118642063e+01 1.090530392655542613e+01
7.681127109824847139e+02 -1.717923688122420245e+01 1.088567961383527205e+01
7.675182463427129278e+02 -1.712547414944128832e+01 1.086604357893170381e+01
7.669213452106258728e+02 -1.707081659893808734e+01 1.084632672893537197e+01
7.663222117726838860e+02 -1.701536187169678627e+01 1.082658853085416695e+01
7.657204637208685654e+02 -1.695910197152417354e+01 1.080684996703195111e+01
7.651159084682535649e+02 -1.690203429682788538e+01 1.078709912520369407e+01
7.645074637966441742e+02 -1.684421223269205470e+01 1.076739378934802183e+01
7.638956136002957464e+02 -1.678568528805139337e+01 1.074766017903919213e+01
7.632795648113790321e+02 -1.672636159623036889e+01 1.072804291689931411e+01
7.626590923644611166e+02 -1.666639813936955505e+01 1.070842784733972763e+01
7.620340954914087206e+02 -1.660510204338856255e+01 1.068883829154633425e+01
7.614051123635795193e+02 -1.654248382801564432e+01 1.066917965442787164e+01
7.607695170892360466e+02 -1.647918682893365983e+01 1.064966308254127902e+01
7.601270190044341462e+02 -1.641521673699087458e+01 1.063025222545177861e+01
7.594767282548498315e+02 -1.635052865381214815e+01 1.061101026088382859e+01
7.588186552604304325e+02 -1.628523806633814530e+01 1.059203135103125604e+01
7.581518411030998550e+02 -1.621950761721413414e+01 1.057331084251288722e+01
7.574758885680068943e+02 -1.615333533706352753e+01 1.055488558484874240e+01
7.567915075167462646e+02 -1.608681808561726356e+01 1.053677937387374364e+01
7.560931024179254791e+02 -1.602005039225887728e+01 1.051916139053242283e+01
7.553885468064609086e+02 -1.595295650165721568e+01 1.050189544534609531e+01
7.546758580016313545e+02 -1.588555362501816681e+01 1.048502720006898592e+01
7.539564405161393097e+02 -1.581703085518794083e+01 1.046846260471240697e+01
7.532312574455008871e+02 -1.574749308617868770e+01 1.045205658957730144e+01
7.524942377684742496e+02 -1.567756379460460359e+01 1.043599338221884132e+01
7.517474925562422641e+02 -1.560706446889967225e+01 1.042021963581930954e+01
7.509959649851319909e+02 -1.553602222040563596e+01 1.040464073563902225e+01
7.502405731879880477e+02 -1.546438836307877907e+01 1.038926212652238945e+01
7.494770663790851586e+02 -1.539211488898557079e+01 1.037406624435143065e+01
7.487120244835977019e+02 -1.531925641430607854e+01 1.035902708957040907e+01
7.479367290862397795e+02 -1.524576252092854745e+01 1.034415754604902205e+01
7.471584319104715632e+02 -1.517159735304123558e+01 1.032943201072593276e+01
7.463778662789218288e+02 -1.509675274352567698e+01 1.031475994360356196e+01
7.455876329018494744e+02 -1.502121509970582913e+01 1.030024145203997143e+01
7.448030039663551634e+02 -1.494413544370503466e+01 1.028583759228351191e+01
7.440045742139743652e+02 -1.486595014119692060e+01 1.027142199103895237e+01
7.432075598809285566e+02 -1.478710320656826305e+01 1.025719125594739012e+01
7.424067305037480082e+02 -1.470765370773008485e+01 1.024300905316104426e+01
7.416009313616004874e+02 -1.462762690832564516e+01 1.022892160512887827e+01
7.407896498682806623e+02 -1.454697959115853223e+01 1.021494780645001654e+01
7.399797224408848706e+02 -1.446574719844106482e+01 1.020104087857405517e+01
7.391680333925191917e+02 -1.438396820923174069e+01 1.018719216621572521e+01
7.383523167931115267e+02 -1.430164057562289948e+01 1.017341314944059327e+01
7.375281483684246950e+02 -1.421867675773927253e+01 1.015972026062127220e+01
7.367077414660687964e+02 -1.413518582105544574e+01 1.014599738757908298e+01
7.358821460720139385e+02 -1.405108835274990930e+01 1.013234116956511777e+01
7.350486621568782084e+02 -1.396540003007678798e+01 1.011871260425724373e+01
7.342107773478055606e+02 -1.387889391791958893e+01 1.010510804298375298e+01
7.333762790078893659e+02 -1.379202936824637504e+01 1.009159483863131257e+01
7.325372782814350785e+02 -1.370493466004585059e+01 1.007817074138254121e+01
7.316917718404057496e+02 -1.361764468733762712e+01 1.006483505525458533e+01
7.308432381438339007e+02 -1.353033774829196290e+01 1.005158865965277926e+01
7.299921021125735479e+02 -1.344306017960968802e+01 1.003847608463089536e+01
7.291392841043010549e+02 -1.335595516213014555e+01 1.002549782862393002e+01
7.282821850163604722e+02 -1.326904480728149416e+01 1.001267567615346188e+01
7.274280945800037443e+02 -1.318241606404104438e+01 9.999988482195480088e+00
7.265673971047707482e+02 -1.309611672945953309e+01 9.987419299357233271e+00
7.256972890779061345e+02 -1.301028734656104113e+01 9.975052080836702473e+00
7.248247651128345979e+02 -1.292391726580491529e+01 9.962852075614392788e+00
7.239509998448751276e+02 -1.283800230872904713e+01 9.950912261171239948e+00
7.230659276023847042e+02 -1.275272794074158789e+01 9.939156127356632453e+00
7.221796172664419373e+02 -1.266838350704327887e+01 9.927601296826184196e+00
7.212864983609033516e+02 -1.258508025898354710e+01 9.916267145412309247e+00
7.203915887738189667e+02 -1.250291899537028684e+01 9.905174812738946954e+00
7.194899832105498945e+02 -1.242205696959655903e+01 9.894304647782810491e+00
7.185870415670735838e+02 -1.234265921845073777e+01 9.883681536674371770e+00
7.176783771781866790e+02 -1.226456939685480663e+01 9.873347811182911826e+00
7.167619542470202987e+02 -1.218764526928296021e+01 9.863305226619305088e+00
7.158388771845548035e+02 -1.211184400103517511e+01 9.853422350737394808e+00
7.149175916227043217e+02 -1.203692741804933419e+01 9.843813497157533732e+00
7.139816104383032780e+02 -1.196199410290679310e+01 9.834522277975642268e+00
7.130480036628964626e+02 -1.188772902325687930e+01 9.825476656573703949e+00
7.121049859286159744e+02 -1.181407020438428646e+01 9.816615187576902102e+00
7.111579288086406905e+02 -1.174099927052470882e+01 9.807994728427551934e+00
7.102045736744895521e+02 -1.166840827568051964e+01 9.799567350000826238e+00
7.092477381278584971e+02 -1.159634384415001662e+01 9.791312473180097342e+00
7.082875962628719435e+02 -1.152468959008119320e+01 9.783241340852997681e+00
7.073244127174911000e+02 -1.145343185321782542e+01 9.775368212275271418e+00
7.063607953647848490e+02 -1.138258257111723815e+01 9.767677344489060332e+00
7.053944569836161236e+02 -1.131198351219175358e+01 9.760192241994507967e+00
7.044236399127994446e+02 -1.124169382364849668e+01 9.752870204040153368e+00
7.034490555787195945e+02 -1.117167718110727748e+01 9.745719583229877969e+00
7.024676751116177229e+02 -1.110112584456249785e+01 9.739004355442334671e+00
7.014900244272669170e+02 -1.103077688583107374e+01 9.732385691668387295e+00
7.005037626358436000e+02 -1.096051371070013403e+01 9.726005577973213079e+00
6.995162997130195208e+02 -1.089041583052378925e+01 9.719762007905119461e+00
6.985250972969241730e+02 -1.082043555552703040e+01 9.713659798595866590e+00
6.975288741985773413e+02 -1.075047944921354315e+01 9.707680989316138209e+00
6.965330910678856071e+02 -1.068065593217308518e+01 9.701821390634504993e+00
6.955382429919420701e+02 -1.061092671584779978e+01 9.696078940091632958e+00
6.945391949012516761e+02 -1.054132164238026448e+01 9.690496436293074112e+00
6.935395498466681374e+02 -1.047180995069010478e+01 9.685056076408493198e+00
6.925353236844331377e+02 -1.040244761649547023e+01 9.679711021215492650e+00
6.915321934216091222e+02 -1.033319177607089934e+01 9.674437396879238094e+00
6.905200592596514753e+02 -1.026386854817228844e+01 9.669590973625480146e+00
6.895100221054663052e+02 -1.019482346392639016e+01 9.664795896871229530e+00
6.884950274031813251e+02 -1.012614573214195168e+01 9.660050129357104609e+00
6.874779199891288499e+02 -1.005780932841689079e+01 9.655450056378093393e+00
6.864651191546744258e+02 -9.989936840567754217e+00 9.650926811873963729e+00
6.854531016995151731e+02 -9.922523909762384520e+00 9.646427423982503413e+00
6.844372209991963700e+02 -9.855648365829731361e+00 9.641966578180818814e+00
6.834176993533109226e+02 -9.789345708749523922e+00 9.637511554241456224e+00
6.824003954470443887e+02 -9.723755886942802462e+00 9.633087649675269759e+00
6.813822332426567527e+02 -9.658872241538052350e+00 9.628695229557331814e+00
6.803609825975621561e+02 -9.594741035963599174e+00 9.624305877958457600e+00
6.793435386918816903e+02 -9.531602782201947122e+00 9.619939265710231169e+00
6.783196031605892813e+02 -9.469348946768072040e+00 9.615782690324486737e+00
6.772943158625789692e+02 -9.408360261258158275e+00 9.611625442860280089e+00
6.762751060350290118e+02 -9.348626733867209992e+00 9.607390841986102714e+00
6.752594660853724235e+02 -9.290338326752159759e+00 9.603098293460028856e+00
6.742413795507198984e+02 -9.233623937009443949e+00 9.598698566005255728e+00
6.732246137553424887e+02 -9.178583003497999826e+00 9.594233470133998409e+00
6.722134294401141688e+02 -9.125134322251527763e+00 9.589672810279060045e+00
6.712071129847251996e+02 -9.073119008078375458e+00 9.585047341854632919e+00
6.702049385099903702e+02 -9.022498637028789403e+00 9.580416169617128830e+00
6.691998384679862966e+02 -8.973186407977248535e+00 9.575676975218977205e+00
6.681956728643057204e+02 -8.925042619902241015e+00 9.570947270619738489e+00
6.671923667236902702e+02 -8.878144930290671866e+00 9.566357534900516768e+00
6.661868641688395201e+02 -8.832476003373733064e+00 9.561932433049504354e+00
6.651817128922915572e+02 -8.787893451846390036e+00 9.557546561338634561e+00
6.641761270609911207e+02 -8.744284026771378393e+00 9.553208990257239464e+00
6.631693131476174585e+02 -8.701541225984492200e+00 9.548909708894502302e+00
6.621637352206774949e+02 -8.659663279730615670e+00 9.544707408194899045e+00
6.611601087239658909e+02 -8.618641866613176106e+00 9.540540931079073417e+00
6.601573452071977499e+02 -8.578385475815760941e+00 9.536485243455947725e+00
6.591536562706545510e+02 -8.538898301225550824e+00 9.532502950537478981e+00
6.581446794230729438e+02 -8.500050632180009558e+00 9.528637073952364034e+00
6.571423509173699813e+02 -8.461875760823245329e+00 9.524853097485861397e+00
6.561364211846183707e+02 -8.424291369834669752e+00 9.521210589918807088e+00
6.551217217670808850e+02 -8.387475226695164210e+00 9.517701351121271358e+00
6.541111521081920728e+02 -8.351617761962659259e+00 9.514584795750062440e+00
6.530940333731209648e+02 -8.316383830968360868e+00 9.511504788600893434e+00
6.520819204013579338e+02 -8.281640292031582362e+00 9.508602141151611065e+00
6.510673731257652435e+02 -8.247469485989070037e+00 9.505755880267944491e+00
6.500528738010866618e+02 -8.213789194290852080e+00 9.503010979550481352e+00
6.490390110760408788e+02 -8.180599726076222211e+00 9.500395330565282848e+00
6.480247813687105918e+02 -8.147909503062548353e+00 9.497897310564766826e+00
6.470082851504625978e+02 -8.115701334471211226e+00 9.495483135935737451e+00
6.459910181203310913e+02 -8.083945990700144080e+00 9.493146001157448666e+00
6.449814589876262971e+02 -8.052633084431811028e+00 9.490890272610132072e+00
6.439669253993041593e+02 -8.021756641112720132e+00 9.488733737872973251e+00
6.429572245000603061e+02 -7.991602826389909708e+00 9.486660760495022160e+00
6.419379508700698125e+02 -7.962368130547629264e+00 9.484814139884262474e+00
6.409254026072775332e+02 -7.933594238997877746e+00 9.482999678095232809e+00
6.399156094517704787e+02 -7.905283694561715535e+00 9.481186202878927105e+00
6.389020712346376740e+02 -7.877427145217933635e+00 9.479359461971197831e+00
6.378922376060535271e+02 -7.850024126733938346e+00 9.477475066177955654e+00
6.368846801074228097e+02 -7.823087015055398830e+00 9.475586707011860454e+00
6.358791107781131586e+02 -7.796630771461463993e+00 9.473595667799708409e+00
6.348758302655768375e+02 -7.770668457513600025e+00 9.471513324237852416e+00
6.338753760028971556e+02 -7.745209774512514578e+00 9.469355528913730780e+00
6.328786007787085737e+02 -7.720231816044123896e+00 9.467004312404300848e+00
6.318852291139428416e+02 -7.695732654498557146e+00 9.464526479103259504e+00
6.308951113163856235e+02 -7.672159201548289786e+00 9.461912746646868655e+00
6.299086052590413374e+02 -7.649569170952404740e+00 9.459180232232165864e+00
6.289273691648514841e+02 -7.627500452664564001e+00 9.456177889780589041e+00
6.279526610829199171e+02 -7.605952960176919575e+00 9.452872626842925285e+00
6.269835724015896403e+02 -7.584933784617660990e+00 9.449257186487265869e+00
6.260204882408099820e+02 -7.564444396121847269e+00 9.445339833667890872e+00
6.250628324776340605e+02 -7.544515288735387237e+00 9.441154000031314553e+00
6.241094592435713366e+02 -7.525177791383891091e+00 9.436708835579537435e+00
6.231602305960504964e+02 -7.506479819558848021e+00 9.432092528330636938e+00
6.222148348393820925e+02 -7.488382759310654890e+00 9.427253327680084283e+00
6.212726381685251908e+02 -7.470998800541711837e+00 9.422235635074823534e+00
6.203330238488960049e+02 -7.454245295890304490e+00 9.417066883975669711e+00
6.193971282435228431e+02 -7.438692614022815341e+00 9.411897077939002543e+00
6.184633876470201130e+02 -7.424172533663237594e+00 9.406630567992321446e+00
6.175333726847899243e+02 -7.410319674860625483e+00 9.401246149977517064e+00
6.166070243760201492e+02 -7.397054489325399551e+00 9.395866096013046231e+00
6.156834565574210956e+02 -7.384458089252312618e+00 9.390427997481049616e+00
6.147630930763723427e+02 -7.372487698955803914e+00 9.384933101259591126e+00
6.138455592032868253e+02 -7.361105610017316003e+00 9.379422666491075589e+00
6.129304020295007831e+02 -7.350373373945349620e+00 9.373894782423636940e+00
6.120175719101646337e+02 -7.340288908835512771e+00 9.368361676053925891e+00
6.111066439924134102e+02 -7.330795690658497676e+00 9.362913779995253094e+00
6.101972145260156140e+02 -7.322006884762085832e+00 9.357442961659220515e+00
6.092896219825638582e+02 -7.313878192720043359e+00 9.351974882266379296e+00
6.083837330212987808e+02 -7.307066422464894906e+00 9.346554788319160423e+00
6.074800179318922346e+02 -7.301247099471881441e+00 9.341233720276626684e+00
6.065775604699942960e+02 -7.295986808217167052e+00 9.335967437493080112e+00
6.056769966644088754e+02 -7.291313191114307202e+00 9.330699341093234622e+00
6.047784061305877685e+02 -7.287162888349136836e+00 9.325483201055984495e+00
6.038813150099595077e+02 -7.283626829409159065e+00 9.320307566441444536e+00
6.029855999622893705e+02 -7.280626243726351809e+00 9.315201189597827280e+00
6.020915598515628062e+02 -7.278133556933739534e+00 9.310100153814913071e+00
6.011992601822381630e+02 -7.276116033741617528e+00 9.305018876795710270e+00
6.003082189622390388e+02 -7.274565254367390210e+00 9.300006596162667449e+00
5.994189704774021266e+02 -7.273508806103085256e+00 9.294979169564346222e+00
5.985301618533370629e+02 -7.272904705281518112e+00 9.289897092895047948e+00
5.976445658694705116e+02 -7.273433437666590784e+00 9.284879394007221620e+00
5.967611376717711664e+02 -7.274552719781603116e+00 9.279772147021208895e+00
5.958795583653420636e+02 -7.275888817367967221e+00 9.274688785973902228e+00
5.950002865448873308e+02 -7.277483121488645956e+00 9.269558199468596271e+00
5.941240218839321869e+02 -7.279188814514661487e+00 9.264388407830876915e+00
5.932503768915082674e+02 -7.280980424454784661e+00 9.259166090378377234e+00
5.923796029902018745e+02 -7.282761943170963370e+00 9.253880572858649955e+00
5.915118618520511973e+02 -7.284490356597557614e+00 9.248460048956438584e+00
5.906480450041832455e+02 -7.286124463238397908e+00 9.242965681249851073e+00
5.897870851158968435e+02 -7.287564103455821396e+00 9.237396516614696296e+00
5.889299680736506843e+02 -7.288745177512499396e+00 9.231650895232393239e+00
5.880765568450970022e+02 -7.289631103584793159e+00 9.225745740410619788e+00
5.872285020519352656e+02 -7.290849472787718888e+00 9.219586205137719759e+00
5.863850783164018594e+02 -7.291756574883186737e+00 9.213187082872702049e+00
5.855465393450676856e+02 -7.292043612133497277e+00 9.206603905766998608e+00
5.847116938776664483e+02 -7.291864850180639124e+00 9.199798208252424558e+00
5.838810848359822785e+02 -7.291260505372874512e+00 9.192756224616813299e+00
5.830546505070690273e+02 -7.290324955861809286e+00 9.185579221378246118e+00
5.822323544912829902e+02 -7.289124382861506213e+00 9.178210931043210508e+00
5.814141856219723650e+02 -7.287728996171344953e+00 9.170689031248391743e+00
5.805996087592881167e+02 -7.286285311496707884e+00 9.163017818286970595e+00
5.797883445315547988e+02 -7.284748379946643482e+00 9.155208105679566444e+00
5.789811306256134458e+02 -7.283250857782747723e+00 9.147265445062643607e+00
5.781767772734169739e+02 -7.281832374131946395e+00 9.139241831565144025e+00
5.773790665538914482e+02 -7.281220980697834300e+00 9.130999377672198491e+00
5.765847371296207484e+02 -7.280806283996533956e+00 9.122613907620261031e+00
5.757940504047273862e+02 -7.280635347761418963e+00 9.114110005073992937e+00
5.750060607072330185e+02 -7.280735983326929173e+00 9.105573015111875890e+00
5.742216031435327750e+02 -7.281181101902574504e+00 9.096911046919583299e+00
5.734401771792577165e+02 -7.281928574858104852e+00 9.088166599469092333e+00
5.726618988213829198e+02 -7.283073428345439027e+00 9.079321326713413853e+00
5.718864490201268609e+02 -7.284675496317460031e+00 9.070401180467390745e+00
5.711135589217184361e+02 -7.286736291606438876e+00 9.061427867886111542e+00
5.703438683770214084e+02 -7.289243482519974116e+00 9.052332983068714256e+00
5.695770476357384950e+02 -7.292197200504105581e+00 9.043213706142420705e+00
5.688125382695268399e+02 -7.295573698885868374e+00 9.034067663930910541e+00
5.680545057246866918e+02 -7.299914600229332251e+00 9.024677280162059390e+00
5.672996752673277570e+02 -7.304628390459924070e+00 9.015319252275201478e+00
5.665480288775611371e+02 -7.309705569045834572e+00 9.005898041912240970e+00
5.657989075551522546e+02 -7.315136986401783226e+00 8.996460609174272705e+00
5.650530995742518598e+02 -7.320917966529226106e+00 8.987052462195343594e+00
5.643101740466281626e+02 -7.327045095618310633e+00 8.977643205873878429e+00
5.635697202443146807e+02 -7.333509269452106238e+00 8.968219914690594763e+00
5.628313472664457322e+02 -7.340293768138235642e+00 8.958767709847757388e+00
5.620958023060575215e+02 -7.347394596393102439e+00 8.949308254537569951e+00
5.613627278329370256e+02 -7.354774975528544090e+00 8.939848659063159175e+00
5.606315445035234006e+02 -7.362393734735185546e+00 8.930333031504698482e+00
5.599028733500539374e+02 -7.370234377306189799e+00 8.920841310772566146e+00
5.591795870021289829e+02 -7.378541943214151466e+00 8.911145176885289843e+00
5.584582960616735363e+02 -7.386921148020833883e+00 8.901465097733067822e+00
5.577392875123205158e+02 -7.395313515386953362e+00 8.891758938548601776e+00
5.570218920362527797e+02 -7.403671368814986664e+00 8.882057227705066893e+00
5.563064959017618776e+02 -7.411922670508653610e+00 8.872357729103404367e+00
5.555925094061075242e+02 -7.420000233146735624e+00 8.862670981551945104e+00
5.548801254586184086e+02 -7.427831986060717817e+00 8.853028840778206288e+00
5.541695163646190849e+02 -7.435341897380710385e+00 8.843414161449217659e+00
5.534595861787689728e+02 -7.442445734478771335e+00 8.833851401297051709e+00
5.527517604471150889e+02 -7.449061529071131282e+00 8.824301196156811855e+00
5.520445569399025771e+02 -7.455113154253692365e+00 8.814830556998646927e+00
5.513385467320532598e+02 -7.460539486699964584e+00 8.805369937735727959e+00
5.506363322759877974e+02 -7.465349019270453468e+00 8.795680081474312573e+00
5.499351215834481081e+02 -7.469486242926616448e+00 8.786096820949358843e+00
5.492350148277141670e+02 -7.473053273173070998e+00 8.776486568965461643e+00
5.485359057171742734e+02 -7.476074368992094321e+00 8.766883448224275455e+00
5.478384032044297101e+02 -7.478642942326649390e+00 8.757218227626983875e+00
5.471422907517695648e+02 -7.480835067931757010e+00 8.747481685429836062e+00
5.464479099673503697e+02 -7.482681228947158480e+00 8.737708156090276290e+00
5.457556128709715040e+02 -7.484198374983808577e+00 8.727979570939803367e+00
5.450657614640959991e+02 -7.485457483455482119e+00 8.718206139182900216e+00
5.443780954764694116e+02 -7.486479357137375779e+00 8.708378672919142360e+00
5.436927599071154873e+02 -7.487260011755357603e+00 8.698576564341225392e+00
5.430108807503523849e+02 -7.487868005063277543e+00 8.688750929314164040e+00
5.423346720250018507e+02 -7.488319710822272768e+00 8.678671576449294989e+00
5.416611185679715845e+02 -7.488622894167625610e+00 8.668516597447998961e+00
5.409904325201572419e+02 -7.488870506129793547e+00 8.658322268751653894e+00
5.403223667061384958e+02 -7.489097917531837290e+00 8.648057238346607889e+00
5.396573472997495173e+02 -7.489332218680675446e+00 8.637726928601654919e+00
5.389954189082851599e+02 -7.489643466375192737e+00 8.627266440732645592e+00
5.383365394586700177e+02 -7.490005516498579041e+00 8.616755642690295147e+00
5.376806396506384544e+02 -7.490425409465156115e+00 8.606133119401548015e+00
5.370278119232792733e+02 -7.490952187168067766e+00 8.595436144797494293e+00
5.363785082036571339e+02 -7.491608952339671390e+00 8.584737020667301266e+00
5.357317857432619803e+02 -7.492355090303280285e+00 8.573897811210029474e+00
5.350894281019168375e+02 -7.493054901536717161e+00 8.562950024796830206e+00
5.344522912374288808e+02 -7.493744808347764241e+00 8.551797770617115546e+00
5.338179172844146478e+02 -7.494463700063235478e+00 8.540521300172640551e+00
5.331865670502968442e+02 -7.495346993180703521e+00 8.529222169498192230e+00
5.325577788255511678e+02 -7.496315716231007897e+00 8.517838005686256153e+00
5.319317527858918311e+02 -7.497418193817810383e+00 8.506405474887349882e+00
5.313087105787869859e+02 -7.498656247373262751e+00 8.494861782504163017e+00
5.306877177838342732e+02 -7.499997465286261544e+00 8.483226716438855064e+00
5.300693492904492814e+02 -7.501468805395523631e+00 8.471610581840121057e+00
5.294532652225167340e+02 -7.503025211543437045e+00 8.459908380374621117e+00
5.288393582593070050e+02 -7.504669068958208733e+00 8.448166758073925919e+00
5.282273908450747513e+02 -7.506484013005331413e+00 8.436476959848830504e+00
5.276178512971938517e+02 -7.508135099053419914e+00 8.424757078084391893e+00
5.270116016284182479e+02 -7.509544074045970241e+00 8.412945903976297046e+00
5.264067803749422865e+02 -7.511042295425143678e+00 8.401231389533727167e+00
5.258034223628243353e+02 -7.512528375051722662e+00 8.389640023829286974e+00
5.252006670551323850e+02 -7.514022486127508671e+00 8.378081875908639731e+00
5.245986277365965407e+02 -7.515570560358846741e+00 8.366633420381855757e+00
5.239968188728521454e+02 -7.517075103442390827e+00 8.355350665148129963e+00
5.233952101751345936e+02 -7.518532970543228444e+00 8.344161803667239141e+00
5.227931908597790880e+02 -7.519930914432201519e+00 8.333083880381753517e+00
5.221904992923115287e+02 -7.521268643817149879e+00 8.322210377751998678e+00
5.215875578401079338e+02 -7.522575628658876745e+00 8.311574612637802062e+00
5.209827631669164703e+02 -7.523806026815543113e+00 8.301144640156838506e+00
5.203789779086946510e+02 -7.524608025088491026e+00 8.290783405563200148e+00
5.197749859140739090e+02 -7.525020446956181885e+00 8.280570703557721401e+00
5.191701443695733360e+02 -7.525349500845091022e+00 8.270532808003583369e+00
5.185657760530614269e+02 -7.525482446596621244e+00 8.260643988444961394e+00
5.179616101950377924e+02 -7.525488452911746506e+00 8.250819626604815937e+00
5.173579894075928678e+02 -7.525367148568957276e+00 8.241136971985822512e+00
5.167548745961686336e+02 -7.525113840055095871e+00 8.231534248288379985e+00
5.161523407558261169e+02 -7.524673051119064482e+00 8.221984365644328108e+00
5.155511066869607930e+02 -7.524096912915488211e+00 8.212494636089772371e+00
5.149513184137215376e+02 -7.523377143085046903e+00 8.203051464121653424e+00
5.143527440692241726e+02 -7.522399411969160177e+00 8.193610613284167954e+00
5.137554188349349715e+02 -7.521259753436748241e+00 8.184100696602508052e+00
5.131607903289452679e+02 -7.519581836616137771e+00 8.174622779612628065e+00
5.125686610199677489e+02 -7.517312095803289296e+00 8.164986053741074556e+00
5.119778541282464062e+02 -7.514799266486332563e+00 8.155275252801954977e+00
5.113890685640175207e+02 -7.512024848399560639e+00 8.145541345773644082e+00
5.108022824947026947e+02 -7.509009264482551238e+00 8.135708391876979917e+00
5.102174619112045661e+02 -7.505773875684380592e+00 8.125826020828865737e+00
5.096349683794135217e+02 -7.502331012850703473e+00 8.115868609812613599e+00
5.090547320229641741e+02 -7.498674169635862974e+00 8.105863521374391922e+00
5.084768163893031101e+02 -7.494878126414621811e+00 8.095838942341044842e+00
5.079014713366985916e+02 -7.490915234344376117e+00 8.085823905197013772e+00
5.073292559078550994e+02 -7.486786961194088263e+00 8.075716849316743051e+00
5.067588293304886520e+02 -7.482518985610463247e+00 8.065578484830535189e+00
5.061909045429247271e+02 -7.477609890333049236e+00 8.055420084420534366e+00
5.056265675189938520e+02 -7.472336776071824893e+00 8.045140017955532130e+00
5.050635088655548657e+02 -7.466950886924317743e+00 8.034850643611964216e+00
5.045029687576342781e+02 -7.461371112380936310e+00 8.024493506444233759e+00
5.039447656666928310e+02 -7.455708713632200002e+00 8.014068818047277887e+00
5.033887036588303090e+02 -7.449915118179351481e+00 8.003635914704812393e+00
5.028345722684005068e+02 -7.444079878736562073e+00 7.993139334988199174e+00
5.022826217914467293e+02 -7.438250969607422824e+00 7.982619730327895624e+00
5.017330044340904465e+02 -7.432391611462461967e+00 7.972048358062302498e+00
5.011848653991432343e+02 -7.426562131165440839e+00 7.961519939229137144e+00
5.006383299752711764e+02 -7.420787580878983825e+00 7.950997213398681929e+00
5.000940432665021262e+02 -7.415064358261430399e+00 7.940481983784216879e+00
4.995501856963904288e+02 -7.409044843867885533e+00 7.929943891572056813e+00
4.990084555505075627e+02 -7.402884355943256445e+00 7.919502259655438081e+00
4.984668188169105179e+02 -7.396927405674891709e+00 7.909095196821430918e+00
4.979267946548098962e+02 -7.391186855616515672e+00 7.898676521997939126e+00
4.973870924134809570e+02 -7.385685312331441210e+00 7.888363241867094366e+00
4.968474736374891449e+02 -7.380459151368398807e+00 7.878090174576151128e+00
4.963085700280630022e+02 -7.375605851397425639e+00 7.867949917685889361e+00
4.957699746051741840e+02 -7.371161276459258005e+00 7.857895207250655822e+00
4.952312649741373320e+02 -7.367186507205258472e+00 7.847971657106795007e+00
4.946926539536543146e+02 -7.363821297748875949e+00 7.838292880919839334e+00
4.941541779963311001e+02 -7.361003467677434742e+00 7.828685903265174773e+00
4.936163711098308227e+02 -7.358639843088954358e+00 7.819332493558253105e+00
4.930777266148094782e+02 -7.356232906704132546e+00 7.810099794845321242e+00
4.925391572234883029e+02 -7.353948664261277912e+00 7.800983752571975849e+00
4.920009382296115064e+02 -7.351977684645190969e+00 7.792042522310933528e+00
4.914637269417621610e+02 -7.350175615422458897e+00 7.783188729655669214e+00
4.909265858033280097e+02 -7.348497111483218269e+00 7.774454701181134020e+00
4.903900040297413625e+02 -7.346923744655921240e+00 7.765756824691322890e+00
4.898535956507531637e+02 -7.345380189857357855e+00 7.757126495658901000e+00
4.893179727309487816e+02 -7.343742649948937107e+00 7.748547784209878664e+00
4.887831844291965240e+02 -7.342062263316545767e+00 7.740016367339960901e+00
4.882494933786534261e+02 -7.340299103214614540e+00 7.731567346544990116e+00
4.877161218004397938e+02 -7.338353055183896245e+00 7.723169800039697108e+00
4.871832325643472927e+02 -7.336297184031396412e+00 7.714768316709757379e+00
4.866509640924222708e+02 -7.333473652759527894e+00 7.706470048032866949e+00
4.861185875626762254e+02 -7.330439386221097919e+00 7.698182694979763596e+00
4.855879061191309347e+02 -7.327134214451779037e+00 7.689974896350666000e+00
4.850577964634869659e+02 -7.323604172514573740e+00 7.681775587755942603e+00
4.845287207477985021e+02 -7.319843591049112419e+00 7.673630338881647361e+00
4.840011752378773622e+02 -7.315780408873163942e+00 7.665471311217370243e+00
4.834741085870223287e+02 -7.311454222653675394e+00 7.657301793462170991e+00
4.829484507982554078e+02 -7.306803395221611375e+00 7.649174271950268000e+00
4.824238983872112954e+02 -7.301855406772498114e+00 7.641009043852008631e+00
4.819002348236277271e+02 -7.296639116853915752e+00 7.632884554507625374e+00
4.813778593081190706e+02 -7.291049313447161673e+00 7.624766591919074799e+00
4.808564180107821926e+02 -7.285153907240865756e+00 7.616595263024260376e+00
4.803345502963800300e+02 -7.278544068490182539e+00 7.608541953032108118e+00
4.798132823245603049e+02 -7.271617711127896122e+00 7.600524191179800049e+00
4.792928516986050340e+02 -7.264374073498560236e+00 7.592442441221459504e+00
4.787734040267433215e+02 -7.256920368149896383e+00 7.584353373044558033e+00
4.782558876401095631e+02 -7.249266542049646489e+00 7.576283899482096906e+00
4.777394972824283741e+02 -7.241473807722014655e+00 7.568199944993684092e+00
4.772245334477728420e+02 -7.233599695911305361e+00 7.560111880915189708e+00
4.767112852455596794e+02 -7.225654107395805603e+00 7.552031222509898001e+00
4.762000306318784055e+02 -7.217667772054907616e+00 7.543927157365613034e+00
4.756904161989201612e+02 -7.209785530441997103e+00 7.535831979154762550e+00
4.751824512691350151e+02 -7.201906031781844852e+00 7.527673410950654009e+00
4.746755731906897608e+02 -7.194095827837971413e+00 7.519559999435973197e+00
4.741696982183166256e+02 -7.186207949722899002e+00 7.511559767589927716e+00
4.736645722381841779e+02 -7.178530892514116246e+00 7.503558506144332618e+00
4.731613412574444055e+02 -7.171037590336786671e+00 7.495495344910670710e+00
4.726601355833734033e+02 -7.163923021277899927e+00 7.487457081277010040e+00
4.721602468739532128e+02 -7.157134937981226130e+00 7.479359384994690885e+00
4.716627722547647750e+02 -7.150819003374170535e+00 7.471218077135300284e+00
4.711673480401710208e+02 -7.145045396651445557e+00 7.463061400588205885e+00
4.706745237073348562e+02 -7.139861275816842046e+00 7.454871527509172147e+00
4.701836428389042339e+02 -7.135191204296610579e+00 7.446640127494736028e+00
4.696942488096993316e+02 -7.131037967907305486e+00 7.438424442562666883e+00
4.692068697206661909e+02 -7.127231504657938643e+00 7.430175413789237737e+00
4.687205398547418440e+02 -7.123821336025342177e+00 7.421966338032722099e+00
4.682334925341563121e+02 -7.120641830661948113e+00 7.413864534245867333e+00
4.677473834338433676e+02 -7.117720579019466420e+00 7.405829820344187020e+00
4.672625672014070233e+02 -7.114959579022668734e+00 7.397798610037965794e+00
4.667781782874220653e+02 -7.112359889779082067e+00 7.389788964753121192e+00
4.662943376665964479e+02 -7.109886980151908453e+00 7.381813290786924497e+00
4.658110091596329312e+02 -7.107540406896474927e+00 7.373872481808466439e+00
4.653283855655517414e+02 -7.105192469186845550e+00 7.365976986882071031e+00
4.648465955198140591e+02 -7.102917333730684568e+00 7.358137519258503012e+00
4.643650600716078429e+02 -7.100650077733559939e+00 7.350351271067077974e+00
4.638841883309818854e+02 -7.098373861991836620e+00 7.342631355028345297e+00
4.634039918464933976e+02 -7.096026528271534239e+00 7.334979664427545565e+00
4.629238805636574057e+02 -7.093666853794153404e+00 7.327434367848711716e+00
4.624425376243306687e+02 -7.091337771684822933e+00 7.320105050017636117e+00
4.619613115773357208e+02 -7.088843714239364324e+00 7.312840458387644738e+00
4.614804960380135412e+02 -7.086255463962113588e+00 7.305646827755796657e+00
4.609997069365579137e+02 -7.083548204165203366e+00 7.298528254661817982e+00
4.605192660383398220e+02 -7.080698760519523738e+00 7.291485852106700527e+00
4.600386162885992007e+02 -7.077692815024513528e+00 7.284519494282472252e+00
4.595584753859971556e+02 -7.074491304258113900e+00 7.277623083760570211e+00
4.590780867965045786e+02 -7.071100923502718238e+00 7.270795718751690728e+00
4.585979947436840121e+02 -7.067562960306781328e+00 7.264036858556501386e+00
4.581179050638668286e+02 -7.063802926119079117e+00 7.257339942267541311e+00
4.576380373364392540e+02 -7.059940993633790463e+00 7.250709742444885642e+00
4.571578755986274700e+02 -7.055871431015777517e+00 7.244187791164492296e+00
4.566772360716215644e+02 -7.051784413813206420e+00 7.237830177955030031e+00
4.561965343440377865e+02 -7.047555059904507146e+00 7.231521500964674054e+00
4.557169766703428309e+02 -7.043120746754254924e+00 7.225246329790953936e+00
4.552380532005309419e+02 -7.038579168124988072e+00 7.218999347796220434e+00
4.547595803082022599e+02 -7.033864760537682059e+00 7.212775452187254466e+00
4.542823950934007939e+02 -7.029020125718312251e+00 7.206561586777207040e+00
4.538058063726578553e+02 -7.024003850656545644e+00 7.200354736641143560e+00
4.533301979464046667e+02 -7.018865255792579028e+00 7.194136095332687830e+00
4.528560402498019357e+02 -7.013632343925674029e+00 7.187893522359829923e+00
4.523824632293778336e+02 -7.008307707321115743e+00 7.181609752712946104e+00
4.519104205490256163e+02 -7.002868557953651596e+00 7.175287001752697513e+00
4.514387999293520011e+02 -6.997415640940684689e+00 7.168952407595925891e+00
4.509685106784265258e+02 -6.992197451328294733e+00 7.162632874493803037e+00
4.504997231036613812e+02 -6.986973752481607569e+00 7.156211213746169975e+00
4.500334574897408970e+02 -6.981654427771866622e+00 7.149680881895124962e+00
4.495693939500068268e+02 -6.976401333303658525e+00 7.143014592690466458e+00
4.491085223563798081e+02 -6.971160096740286249e+00 7.136201335499013254e+00
4.486505589626943333e+02 -6.965967203886084036e+00 7.129227076623945614e+00
4.481953339912278693e+02 -6.960836910353870088e+00 7.122105031349772908e+00
4.477430664548871277e+02 -6.955760880721285844e+00 7.114854763918378566e+00
4.472933974653208793e+02 -6.950741573235691639e+00 7.107497380785533281e+00
4.468456278337936851e+02 -6.945778619776404206e+00 7.100050760850994180e+00
4.463997727653373317e+02 -6.940876183612020078e+00 7.092529691508175915e+00
4.459549163943477765e+02 -6.936236209482307125e+00 7.085010492514938640e+00
4.455111157624029943e+02 -6.931916597390712198e+00 7.077518083899567714e+00
4.450683686883676273e+02 -6.927685513567971576e+00 7.069996020330088449e+00
4.446267239180897377e+02 -6.923537807254886545e+00 7.062455006752680120e+00
4.441857993480305709e+02 -6.919482760813718158e+00 7.054918530003948085e+00
4.437458730214513594e+02 -6.915522588176109764e+00 7.047393508081867708e+00
4.433068288472592258e+02 -6.911656401893324642e+00 7.039892363329079750e+00
4.428684944246272153e+02 -6.907895346993575103e+00 7.032427098107157271e+00
4.424306447132696007e+02 -6.904241528885815882e+00 7.025009275130606134e+00
4.419932480329532609e+02 -6.900689447555985900e+00 7.017644111190414868e+00
4.415559711038856676e+02 -6.897239605372521787e+00 7.010339443968827133e+00
4.411189236566481213e+02 -6.893895040070307623e+00 7.003069735024999076e+00
4.406821778014335109e+02 -6.890901777190167721e+00 6.995975947083374891e+00
4.402445231189770993e+02 -6.888254637990914198e+00 6.988988549894576963e+00
4.398066760617417685e+02 -6.885729032234727320e+00 6.982030916739007331e+00
4.393692686033866153e+02 -6.883306962490631342e+00 6.975170184000860196e+00
4.389313762522269258e+02 -6.880982686250416869e+00 6.968431042608329129e+00
4.384933792111722823e+02 -6.878733623059344104e+00 6.961716305272826588e+00
4.380556671720645454e+02 -6.876555083832500692e+00 6.955121622409826898e+00
4.376177011762713391e+02 -6.874444971191137732e+00 6.948642796004011579e+00
4.371801564657388894e+02 -6.872387940120732175e+00 6.942228910099847994e+00
4.367429364117321029e+02 -6.870368539405238728e+00 6.935887762981286286e+00
4.363059224469824926e+02 -6.868376535076845535e+00 6.929594465332552744e+00
4.358688350230368656e+02 -6.866389114338715238e+00 6.923439752535719194e+00
4.354320120714381801e+02 -6.864694741781764087e+00 6.917352044567691927e+00
4.349957990728779009e+02 -6.863167053042017685e+00 6.911341764303858604e+00
4.345592937702503491e+02 -6.861607586200472397e+00 6.905411005172355843e+00
4.341232312387907655e+02 -6.859995777017068086e+00 6.899526397240572706e+00
4.336871040595710838e+02 -6.858306760960355852e+00 6.893695577354936432e+00
4.332516439239168449e+02 -6.856507691356435785e+00 6.887896111768492702e+00
4.328164326281323042e+02 -6.854568706990087357e+00 6.882080429337587013e+00
4.323820110711163238e+02 -6.852460739635723108e+00 6.876286273497906443e+00
4.319482323607124385e+02 -6.850160434250897268e+00 6.870518198373794405e+00
4.315149783152230611e+02 -6.847633542358504855e+00 6.864682527853445571e+00
4.310828033897147975e+02 -6.844853431713033842e+00 6.858850098278344909e+00
4.306522728328299650e+02 -6.841785308336720384e+00 6.852999927736649788e+00
4.302219493528294265e+02 -6.838713727758089611e+00 6.847077543342205530e+00
4.297935761327707382e+02 -6.835422605868116008e+00 6.841088553887789026e+00
4.293661301486973798e+02 -6.831722529446482284e+00 6.834981083105949651e+00
4.289402199672737765e+02 -6.827586977501621135e+00 6.828759461693050703e+00
4.285158405758251661e+02 -6.822981496737666518e+00 6.822420789720844425e+00
4.280926279015828868e+02 -6.817946561459993227e+00 6.815967530786347872e+00
4.276710804045450800e+02 -6.812528463917197463e+00 6.809384855496835698e+00
4.272511610065993182e+02 -6.806782750296641815e+00 6.802721727008517405e+00
4.268322105786286897e+02 -6.800766999232783938e+00 6.796008511041568667e+00
4.264146163104185803e+02 -6.794527331264849757e+00 6.789209930889311906e+00
4.259977546738637670e+02 -6.788116641790875150e+00 6.782325315557305778e+00
4.255831367681204824e+02 -6.781583211852740156e+00 6.775405789333984963e+00
4.251690170040683938e+02 -6.775298391094568551e+00 6.768477503372465343e+00
4.247567982164594582e+02 -6.769057623743846897e+00 6.761447107676601398e+00
4.243458821257801219e+02 -6.762813270064267357e+00 6.754442951679652474e+00
4.239358370635997062e+02 -6.756601703998247110e+00 6.747441970637045650e+00
4.235262416743904623e+02 -6.750458965782137888e+00 6.740360485858721162e+00
4.231174043612358560e+02 -6.744420689012819103e+00 6.733322160982472937e+00
4.227099396017862887e+02 -6.738509365497608705e+00 6.726278723014664784e+00
4.223029720572234851e+02 -6.732746236821496311e+00 6.719229420482372817e+00
4.218968311857663593e+02 -6.727154349394191435e+00 6.712217122006237879e+00
4.214917873733900251e+02 -6.721748395285157329e+00 6.705222869929047036e+00
4.210868078685933824e+02 -6.716549017694110724e+00 6.698261854623086542e+00
4.206828123287531298e+02 -6.711571274576303203e+00 6.691374192360284745e+00
4.202799412315273457e+02 -6.707132849529789276e+00 6.684391976052299178e+00
4.198785534150302965e+02 -6.702963033876448762e+00 6.677453196886268039e+00
4.194775964974032263e+02 -6.699016876127557474e+00 6.670546939365064709e+00
4.190774457417348344e+02 -6.695294169889756120e+00 6.663730604574485739e+00
4.186777958123086023e+02 -6.691793542533928552e+00 6.656914315565498619e+00
4.182783502503750128e+02 -6.688512391056949724e+00 6.650169243160234167e+00
4.178796757032885694e+02 -6.685446818914666522e+00 6.643451289262705117e+00
4.174818841286651150e+02 -6.682586678720298323e+00 6.636759174772088876e+00
4.170843268490287414e+02 -6.679916003196085583e+00 6.630145341116818969e+00
4.166867414449058629e+02 -6.677429631498522866e+00 6.623609380607369701e+00
4.162895501154178532e+02 -6.675120414855920892e+00 6.617046284947029733e+00
4.158934363411217987e+02 -6.672954912711658082e+00 6.610521169406641029e+00
4.154979708968136265e+02 -6.671180788152914154e+00 6.603993838143099815e+00
4.151032017956860614e+02 -6.669503174474210816e+00 6.597481706113465627e+00
4.147082614636784115e+02 -6.667869391264695800e+00 6.591016889080670182e+00
4.143136182226639335e+02 -6.666242634399278444e+00 6.584600931416177971e+00
4.139193705944636577e+02 -6.664578080939853599e+00 6.578196870700885768e+00
4.135255062938674087e+02 -6.662827645496874673e+00 6.571829155665931843e+00
4.131313323114823106e+02 -6.660953748808744912e+00 6.565521436964450785e+00
4.127371543154879419e+02 -6.658901928580206686e+00 6.559296577461662281e+00
4.123431625861238672e+02 -6.656623663643493671e+00 6.553120969260310957e+00
4.119491806662050521e+02 -6.654079510427471256e+00 6.546984876615005611e+00
4.115550380438796196e+02 -6.651221055792797543e+00 6.540840705287719992e+00
4.111605959650180466e+02 -6.647998111971200608e+00 6.534762236571892480e+00
4.107678184593221999e+02 -6.644500903054201935e+00 6.528598022360917241e+00
4.103737863505331802e+02 -6.640505892674283928e+00 6.522451850994462674e+00
4.099796855669873139e+02 -6.635959784393508087e+00 6.516303922438804186e+00
4.095851395284813634e+02 -6.630913544650752556e+00 6.510227452881726329e+00
4.091905490208282004e+02 -6.625443370040706270e+00 6.504110723224484580e+00
4.087958352220689449e+02 -6.619538308593940990e+00 6.498037381886230257e+00
4.084011583632291718e+02 -6.613335372843871518e+00 6.491967732528379109e+00
4.080061975477233318e+02 -6.606819890148600827e+00 6.485910685262903819e+00
4.076121898854809729e+02 -6.600057242283064340e+00 6.479874527032541742e+00
4.072186142291009787e+02 -6.593158147638111366e+00 6.473804500431233677e+00
4.068251043550083637e+02 -6.586062848600453989e+00 6.467683377445762716e+00
4.064326745972315393e+02 -6.578816322372733616e+00 6.461580825824059460e+00
4.060419075086764451e+02 -6.571601430725715787e+00 6.455338561880690662e+00
4.056517152011256258e+02 -6.564284948932771258e+00 6.449063049610061604e+00
4.052627724832074705e+02 -6.556988165055337880e+00 6.442739838726643242e+00
4.048745385906922820e+02 -6.549682314791846593e+00 6.436356945100888183e+00
4.044871491076209509e+02 -6.542399454258919889e+00 6.429977057541022667e+00
4.041011215526254432e+02 -6.535177233003488517e+00 6.423569640008715886e+00
4.037161972616984826e+02 -6.528018357700923424e+00 6.417146571283123713e+00
4.033321712618732704e+02 -6.520967978567174583e+00 6.410675782829181379e+00
4.029495476067966138e+02 -6.514040138197467300e+00 6.404138854209591614e+00
4.025678390738322037e+02 -6.507219371022431531e+00 6.397633248367649905e+00
4.021883340622213723e+02 -6.500526507878713112e+00 6.391138604906975829e+00
4.018095129794621130e+02 -6.493994305654396726e+00 6.384541350773027979e+00
4.014329443074126402e+02 -6.487607768725082380e+00 6.377836680212362275e+00
4.010582213734643915e+02 -6.481307071784457641e+00 6.371126821342722124e+00
4.006842224482364259e+02 -6.475232018156042990e+00 6.364391742953375619e+00
4.003117593957612144e+02 -6.469279010487517745e+00 6.357590064744391256e+00
3.999406512059321699e+02 -6.463475399185656833e+00 6.350781669577552080e+00
3.995701090097254564e+02 -6.457845631856872437e+00 6.344003999392102244e+00
3.992006854632411432e+02 -6.452411250757482897e+00 6.337214427262352956e+00
3.988323389958952134e+02 -6.447139902198528283e+00 6.330378381072482519e+00
3.984650633943112439e+02 -6.442011556307466691e+00 6.323529822747827822e+00
3.980986542941584503e+02 -6.437039038376926037e+00 6.316666752108126559e+00
3.977330116193564891e+02 -6.432162584827436191e+00 6.309856672139441791e+00
3.973685769938892349e+02 -6.427407157837193630e+00 6.303008906468090089e+00
3.970052191667388115e+02 -6.422631600803788032e+00 6.296131152306072565e+00
3.966421444086657857e+02 -6.418007647786424741e+00 6.289243321924093522e+00
3.962794752431267966e+02 -6.413440698193476841e+00 6.282415318791182202e+00
3.959173310878346115e+02 -6.408912992412836296e+00 6.275644305212706442e+00
3.955551720361227126e+02 -6.404471958085125038e+00 6.268927366748784813e+00
3.951924220561679135e+02 -6.400038561842107399e+00 6.262261530074793470e+00
3.948296671923858980e+02 -6.395602259994216610e+00 6.255643780789953645e+00
3.944664974395249715e+02 -6.391157269737055557e+00 6.249122580178188002e+00
3.941026611849552523e+02 -6.386662521942276349e+00 6.242672403083652455e+00
3.937376153829258669e+02 -6.382067643037359517e+00 6.236325165353671984e+00
3.933712243127328634e+02 -6.377418725723271287e+00 6.230030452237630634e+00
3.930046617176324162e+02 -6.372545346612338513e+00 6.223808696047012035e+00
3.926368277103846935e+02 -6.367337198329723336e+00 6.217637359877154601e+00
3.922674882340098748e+02 -6.362021682952166302e+00 6.211634623291247159e+00
3.918971752948171456e+02 -6.356574253374193795e+00 6.205744714666863615e+00
3.915261447559598196e+02 -6.350976834549442174e+00 6.199893996014995246e+00
3.911543210041613179e+02 -6.345339848968335694e+00 6.194140770198956147e+00
3.907822194377074538e+02 -6.339572725849218493e+00 6.188503946168452785e+00
3.904098918308768020e+02 -6.333704363306769558e+00 6.182949159868652345e+00
3.900374319580492966e+02 -6.327737146767433707e+00 6.177390220850294433e+00
3.896653371436357247e+02 -6.321699095106321664e+00 6.171874887791494402e+00
3.892928088957655177e+02 -6.315561336482117483e+00 6.166426407204455451e+00
3.889213003557346156e+02 -6.309348495611244445e+00 6.160940533895885807e+00
3.885503370549849933e+02 -6.302920304406080199e+00 6.155407688329053606e+00
3.881796320198568537e+02 -6.296203170512815639e+00 6.149800649640571493e+00
3.878105107709299659e+02 -6.289415876561529117e+00 6.144199477319051361e+00
3.874417843502911865e+02 -6.282546780878246473e+00 6.138542792199356057e+00
3.870738005036001255e+02 -6.275626086930821579e+00 6.132874056720273082e+00
3.867071705139483697e+02 -6.268650270855727236e+00 6.127144576025103540e+00
3.863411422326015554e+02 -6.261592756807707438e+00 6.121441591607680976e+00
3.859766102649277855e+02 -6.254504187693374462e+00 6.115687264884703822e+00
3.856129442117277222e+02 -6.247357382978050211e+00 6.109850819197642835e+00
3.852504591317048153e+02 -6.240097123698965298e+00 6.103960608137664501e+00
3.848898392706954610e+02 -6.232833941729828631e+00 6.098014625734325733e+00
3.845300565536225008e+02 -6.225490840295936579e+00 6.092054490724014393e+00
3.841713783981462029e+02 -6.217904487658548973e+00 6.085954287306246435e+00
3.838140848344235678e+02 -6.210110959874509895e+00 6.079705248111781479e+00
3.834577462440019531e+02 -6.202239930364038756e+00 6.073497970756485564e+00
3.831029997312028286e+02 -6.194328048947379983e+00 6.067156850934067869e+00
3.827491832679759227e+02 -6.186410335887730483e+00 6.060821075272667890e+00
3.823968862163629296e+02 -6.178520233194712219e+00 6.054405100854548749e+00
3.820455162323708578e+02 -6.170649094283720437e+00 6.047963654687433355e+00
3.816954081350090746e+02 -6.162781173497467790e+00 6.041516423079452913e+00
3.813462208464106880e+02 -6.154945490394505114e+00 6.034998074822691017e+00
3.809981836009540075e+02 -6.147169695813856194e+00 6.028502279844276224e+00
3.806512184742473437e+02 -6.139480125173538916e+00 6.021994208127760650e+00
3.803046887714817785e+02 -6.131830126196147646e+00 6.015500562186939959e+00
3.799595446689253890e+02 -6.124093342798102135e+00 6.008916819893312500e+00
3.796151968695310188e+02 -6.116281900577797082e+00 6.002375608112828331e+00
3.792709302201217838e+02 -6.108579337313875257e+00 5.995812059640424074e+00
3.789267427301783187e+02 -6.101032081980664934e+00 5.989297669931715085e+00
3.785833111250701677e+02 -6.093588172696049021e+00 5.982847314424416751e+00
3.782398260321804742e+02 -6.086347697979039850e+00 5.976382556571072868e+00
3.778967330675977792e+02 -6.079276508905413046e+00 5.969965854139837269e+00
3.775528651741397539e+02 -6.072438845654909656e+00 5.963669491944819434e+00
3.772091088516972945e+02 -6.065836781204534844e+00 5.957421485615574497e+00
3.768645360985993307e+02 -6.059512324036811393e+00 5.951230575416824209e+00
3.765198490989848210e+02 -6.053441241212969892e+00 5.945172561176987891e+00
3.761742468127974917e+02 -6.047748402792202604e+00 5.939247063181107400e+00
3.758276773448601489e+02 -6.042094276831179833e+00 5.933406889520702165e+00
3.754806691635550919e+02 -6.036537684043467245e+00 5.927634392444540268e+00
3.751335713548443209e+02 -6.031206158692103081e+00 5.922010933208075478e+00
3.747858784379051826e+02 -6.026056661353886845e+00 5.916400644672953568e+00
3.744376579381574857e+02 -6.021057691658110222e+00 5.910890490516092832e+00
3.740895384518937021e+02 -6.016120440521311785e+00 5.905440372908618230e+00
3.737414024673606150e+02 -6.011229565977534328e+00 5.900052449412145350e+00
3.733931591205450218e+02 -6.006318161988008164e+00 5.894685327707005484e+00
3.730447971560556653e+02 -6.001373260492950834e+00 5.889316053380052374e+00
3.726960827387052291e+02 -5.996360495034148030e+00 5.883939945402634208e+00
3.723477761658431291e+02 -5.991279309491543081e+00 5.878586817363087746e+00
3.719997031923728059e+02 -5.986082927219825933e+00 5.873240893971663823e+00
3.716509472656834419e+02 -5.980544017714621852e+00 5.867955217060707440e+00
3.713033609099289265e+02 -5.974849758500297980e+00 5.862622327821383372e+00
3.709554752206652211e+02 -5.969030789951669469e+00 5.857296646517876404e+00
3.706085294490700903e+02 -5.963113839768010571e+00 5.851991114053452847e+00
3.702618593257581665e+02 -5.957066709053289166e+00 5.846669058135170793e+00
3.699163340732065990e+02 -5.950838436583021362e+00 5.841355476921335388e+00
3.695714013193103256e+02 -5.944507771588406264e+00 5.836009310897361857e+00
3.692269321193801943e+02 -5.938006407616935434e+00 5.830666314039731013e+00
3.688835833508646829e+02 -5.931286368574056667e+00 5.825299898216993455e+00
3.685404035861977832e+02 -5.924437904846559633e+00 5.819911687719079296e+00
3.681978000215307816e+02 -5.917383032414052835e+00 5.814497023360397421e+00
3.678562180390167669e+02 -5.910113085214960371e+00 5.809054059272960480e+00
3.675144784632219057e+02 -5.902435831474428518e+00 5.803609995298556257e+00
3.671733562915067637e+02 -5.894563101806476801e+00 5.798150033210416332e+00
3.668335992889540762e+02 -5.886515688887412168e+00 5.792666407827661068e+00
3.664940427699016823e+02 -5.878372818780653652e+00 5.787152899132305350e+00
3.661551974778715817e+02 -5.870106631157427479e+00 5.781622541462264842e+00
3.658174678833271400e+02 -5.861716732018911635e+00 5.776073810316904478e+00
3.654805449031611033e+02 -5.853232348189655987e+00 5.770502976442888787e+00
3.651441277944198873e+02 -5.844638052373650972e+00 5.764901766500437397e+00
3.648085686243696841e+02 -5.836007362413873523e+00 5.759277978844991708e+00
3.644737449236891962e+02 -5.827321440593581592e+00 5.753629243615234756e+00
3.641395691161816899e+02 -5.818638529608342047e+00 5.747957824525834702e+00
3.638054638710854647e+02 -5.809946959923179222e+00 5.742256948786284454e+00
3.634714532763021566e+02 -5.801089393836388552e+00 5.736588609148795648e+00
3.631383600035251789e+02 -5.792294707609959126e+00 5.730913508891873676e+00
3.628058318183400957e+02 -5.783627493573321843e+00 5.725227233826444717e+00
3.624744455253169804e+02 -5.775111704690635506e+00 5.719530903986150605e+00
3.621434006066909888e+02 -5.766796132077079307e+00 5.713826230978649612e+00
3.618129970834704636e+02 -5.758807463578369479e+00 5.708122885686096382e+00
3.614839192005990753e+02 -5.751148736772912606e+00 5.702425091941655921e+00
3.611558429923474023e+02 -5.743825110775738985e+00 5.696732495258864049e+00
3.608283198059098709e+02 -5.736910885072365573e+00 5.691041719613631145e+00
3.605017433152100921e+02 -5.730415637352159308e+00 5.685351057578465372e+00
3.601757064547492178e+02 -5.724286003843502613e+00 5.679672295564598627e+00
3.598500266118692821e+02 -5.718551985525798464e+00 5.673997942922872184e+00
3.595237701227784441e+02 -5.712898083703953134e+00 5.668406816811813798e+00
3.591984823881745683e+02 -5.707556385061584692e+00 5.662825334869481253e+00
3.588730436933400370e+02 -5.702377030719971707e+00 5.657264103289739055e+00
3.585483033827612758e+02 -5.697434202464034314e+00 5.651714545790618160e+00
3.582236304401821485e+02 -5.692599787542074630e+00 5.646181606675810372e+00
3.578993675808939656e+02 -5.687859747870307459e+00 5.640671853261086000e+00
3.575753747209396352e+02 -5.683194294991000817e+00 5.635184360995951103e+00
3.572514885903194113e+02 -5.678587565251725700e+00 5.629718559501643682e+00
3.569274998368151728e+02 -5.674029949646101301e+00 5.624282519082268728e+00
3.566043027414850144e+02 -5.669403161404270364e+00 5.618870882187044558e+00
3.562807319651721514e+02 -5.664796599392558640e+00 5.613487009516890502e+00
3.559570548367050264e+02 -5.660071883000578730e+00 5.608141264542170212e+00
3.556332371147023537e+02 -5.655299369899844386e+00 5.602899067828020385e+00
3.553088080925292047e+02 -5.650378008228987170e+00 5.597686897273914219e+00
3.549850020426706010e+02 -5.645366642600096796e+00 5.592511243278214472e+00
3.546608374437417410e+02 -5.640252458622956766e+00 5.587361907413689543e+00
3.543362805676199514e+02 -5.635024781343901168e+00 5.582239383248356113e+00
3.540119984190734499e+02 -5.629637192492015885e+00 5.577145947550289584e+00
3.536878862428898174e+02 -5.624078610754660978e+00 5.572086391885686218e+00
3.533633038985420853e+02 -5.618337113413814699e+00 5.567051012003882526e+00
3.530385949902507718e+02 -5.612430911929690680e+00 5.562043118252111285e+00
3.527136725533032404e+02 -5.606390360007922347e+00 5.557058374661591138e+00
3.523889251003881213e+02 -5.600148798947335749e+00 5.552104389597293910e+00
3.520643143831047155e+02 -5.593771469246117789e+00 5.547180420129157241e+00
3.517391437121877402e+02 -5.587222252930570399e+00 5.542357021859563027e+00
3.514141315656233928e+02 -5.580574028036760836e+00 5.537556645415655510e+00
3.510892124869096165e+02 -5.573818350379766251e+00 5.532773054648260747e+00
3.507648396079368922e+02 -5.566927605071742668e+00 5.528009233139615120e+00
3.504411982094068776e+02 -5.559946139273576726e+00 5.523250924298716669e+00
3.501173535415728679e+02 -5.552837312501208267e+00 5.518502935195439996e+00
3.497946535838003115e+02 -5.545621283898310772e+00 5.513753867609344717e+00
3.494724372265598618e+02 -5.538320434065949982e+00 5.509002651707255893e+00
3.491504938091550230e+02 -5.530959362032200843e+00 5.504245359749651456e+00
3.488290564640471985e+02 -5.523501544601551849e+00 5.499477349387198899e+00
3.485080628668546865e+02 -5.516022161661903844e+00 5.494690099692099317e+00
3.481880124563523395e+02 -5.508590880152182123e+00 5.489893806110167418e+00
3.478684619506764761e+02 -5.501145044071131807e+00 5.485130094807105117e+00
3.475494555693343273e+02 -5.493793564595675250e+00 5.480329810967484505e+00
3.472321897890689684e+02 -5.486489338608309119e+00 5.475477158416189205e+00
3.469159444738496063e+02 -5.479242989064204927e+00 5.470570940547684557e+00
3.466009936341106936e+02 -5.472107685074652395e+00 5.465600189238392304e+00
3.462874381352033879e+02 -5.465094396369458707e+00 5.460551432465489796e+00
3.459752027946150861e+02 -5.458226150472555993e+00 5.455423801795311611e+00
3.456646057231688474e+02 -5.451525851347329699e+00 5.450200457735429715e+00
3.453553434132065263e+02 -5.444984630156629812e+00 5.444894780316744232e+00
3.450470630934202063e+02 -5.438597914803212419e+00 5.439525373166969047e+00
3.447401157342617921e+02 -5.432348015567359134e+00 5.434097958743123513e+00
3.444333553873842675e+02 -5.426263950003654024e+00 5.428641667863431053e+00
3.441276022460089621e+02 -5.420410265998012456e+00 5.423209726899925087e+00
3.438218858439840915e+02 -5.414668424660676216e+00 5.417745974783524154e+00
3.435176227898359684e+02 -5.409034387508063979e+00 5.412262828170391060e+00
3.432136989753563512e+02 -5.403492516151448655e+00 5.406772593507296776e+00
3.429106492572336151e+02 -5.398045628374329219e+00 5.401284135337550474e+00
3.426080072459181451e+02 -5.392676740582625250e+00 5.395804146598945472e+00
3.423054686305752625e+02 -5.387376766435211906e+00 5.390339962842906729e+00
3.420033435344890336e+02 -5.382135783059699641e+00 5.384894027712502584e+00
3.417014354790143784e+02 -5.376944341461207699e+00 5.379474425679980243e+00
3.413997937966271934e+02 -5.371795920569847560e+00 5.374092543784853682e+00
3.410976331515947777e+02 -5.366694222512514933e+00 5.368745456362563395e+00
3.407958012793901617e+02 -5.361709931209093227e+00 5.363467816461768400e+00
3.404927007264103054e+02 -5.356870371494812488e+00 5.358273476964406257e+00
3.401903404683931740e+02 -5.352056302877923777e+00 5.353130069084508946e+00
3.398872139974675406e+02 -5.347257195565823018e+00 5.348035665397020466e+00
3.395842469855726904e+02 -5.342471390303766832e+00 5.342998623630622390e+00
3.392813403772689185e+02 -5.337695524629238797e+00 5.338010944941098401e+00
3.389778324652768333e+02 -5.332921945303227496e+00 5.333082142257861591e+00
3.386744031143558118e+02 -5.328149222694559484e+00 5.328212212473098397e+00
3.383709130776052234e+02 -5.323371704625666112e+00 5.323396736717145750e+00
3.380674539915133323e+02 -5.318577166814428381e+00 5.318635051604559294e+00
3.377631309939761763e+02 -5.313774356610473149e+00 5.313926181290073991e+00
3.374589067192634957e+02 -5.308960606138080962e+00 5.309268827931002299e+00
3.371539642966935730e+02 -5.304252570539281564e+00 5.304693473351964172e+00
3.368488108157782221e+02 -5.299637111309287718e+00 5.300183483240853199e+00
3.365435377747903658e+02 -5.294995290474331817e+00 5.295722171565563130e+00
3.362386406200877786e+02 -5.290319102714865274e+00 5.291292614046469112e+00
3.359336286996110630e+02 -5.285593197530682907e+00 5.286894564958812381e+00
3.356283937579627263e+02 -5.280813074292986187e+00 5.282530483054415527e+00
3.353237879405078843e+02 -5.275973633304347210e+00 5.278188478455681398e+00
3.350196188342434880e+02 -5.271071557541226582e+00 5.273864433685444553e+00
3.347157002732181468e+02 -5.266094767501318330e+00 5.269551191483935249e+00
3.344124438010019844e+02 -5.261028297428767431e+00 5.265242902677695014e+00
3.341092981918723694e+02 -5.255871339140431253e+00 5.260923844955233797e+00
3.338073146710353853e+02 -5.250610315682189722e+00 5.256598237409175312e+00
3.335058213134163339e+02 -5.245389800821728343e+00 5.252265426114699487e+00
3.332046813799485676e+02 -5.240165781787018418e+00 5.247904043705561961e+00
3.329045433276084509e+02 -5.234816420371284806e+00 5.243504702350810120e+00
3.326054882917210875e+02 -5.229327302114221254e+00 5.239045687077172886e+00
3.323077414245032060e+02 -5.223685849963795924e+00 5.234518977928638961e+00
3.320109389348521063e+02 -5.217880589360285093e+00 5.229912627123407098e+00
3.317154395426051678e+02 -5.211906881816505077e+00 5.225216403721113068e+00
3.314214012070398212e+02 -5.205788076534836328e+00 5.220435729521112123e+00
3.311283383157861522e+02 -5.199550537567507291e+00 5.215580226597325897e+00
3.308367701246949650e+02 -5.193215778516928616e+00 5.210668963369308848e+00
3.305455870126249920e+02 -5.186804744634050834e+00 5.205697508229601311e+00
3.302554867367217071e+02 -5.180339498634747741e+00 5.200686165814865980e+00
3.299665225697707456e+02 -5.174008560552806557e+00 5.195650627019234413e+00
3.296777025760684978e+02 -5.167756352873476899e+00 5.190592915703765797e+00
3.293900179459074025e+02 -5.161514933939109540e+00 5.185504864949402659e+00
3.291026932489493220e+02 -5.155302107241957366e+00 5.180403669108375908e+00
3.288160740126269843e+02 -5.149133475606217480e+00 5.175296101618248379e+00
3.285298724986419074e+02 -5.143026742567074372e+00 5.170182035519675701e+00
3.282438075367049919e+02 -5.136998400500359274e+00 5.165064985941591580e+00
3.279580814673170721e+02 -5.131066200908718677e+00 5.159953113718790618e+00
3.276728167491640420e+02 -5.125245386885296739e+00 5.154848678920084915e+00
3.273877518285917176e+02 -5.119543981802869403e+00 5.149761559056106108e+00
3.271026316538248579e+02 -5.113963178640092089e+00 5.144687766939771478e+00
3.268179339183818115e+02 -5.108504094604263024e+00 5.139643877955967888e+00
3.265330894439455847e+02 -5.103341613948012778e+00 5.134619350288526896e+00
3.262491730740250659e+02 -5.098360695041513679e+00 5.129632439938485611e+00
3.259652836786954140e+02 -5.093500455614491607e+00 5.124675405276979845e+00
3.256818954057473547e+02 -5.088760433382186754e+00 5.119756958898903143e+00
3.253987916562039686e+02 -5.084141939615040684e+00 5.114874309532846830e+00
3.251157621233942336e+02 -5.079644928227827094e+00 5.110034074805946958e+00
3.248326027528004829e+02 -5.075269872357978329e+00 5.105235493009484316e+00
3.245495977503740619e+02 -5.071016973576487175e+00 5.100476450253067284e+00
3.242669408737999106e+02 -5.066885511699811495e+00 5.095756868365508119e+00
3.239838398513370521e+02 -5.062873860076284593e+00 5.091074519183936609e+00
3.237011924657699069e+02 -5.058973511525123534e+00 5.086429899054548898e+00
3.234184907791223509e+02 -5.055171890035077276e+00 5.081830313233862917e+00
3.231366316466285866e+02 -5.051622690746658151e+00 5.077250367857736535e+00
3.228544693560785959e+02 -5.048177449715640641e+00 5.072701358776654956e+00
3.225726746560134188e+02 -5.044782607620374115e+00 5.068191466386773314e+00
3.222913138193180203e+02 -5.041424372158611611e+00 5.063714145796804900e+00
3.220095835323376150e+02 -5.038086587738554556e+00 5.059270196776743056e+00
3.217284797453777969e+02 -5.034750975871273404e+00 5.054858212365597403e+00
3.214474444962553434e+02 -5.031400470718746298e+00 5.050472079557885685e+00
3.211663946003260435e+02 -5.028015937234878052e+00 5.046109183050063507e+00
3.208855881463913988e+02 -5.024577638714183614e+00 5.041765516913180534e+00
3.206042964023572495e+02 -5.021066404216408152e+00 5.037435939056062573e+00
3.203235002479553373e+02 -5.017459293503501172e+00 5.033117637939905187e+00
3.200434798703078059e+02 -5.013726403548946386e+00 5.028804781096169130e+00
3.197638945074711501e+02 -5.009983567845877062e+00 5.024465495211671850e+00
3.194842015306641088e+02 -5.006051865490520392e+00 5.020122281019047783e+00
3.192049947578955766e+02 -5.001888873971669369e+00 5.015779135203978001e+00
3.189261873649139147e+02 -4.997454538436510774e+00 5.011430848528473092e+00
3.186476980466647433e+02 -4.992724707463966460e+00 5.007076274787608305e+00
3.183694534081232064e+02 -4.987719244001995733e+00 5.002714004907125478e+00
3.180918152860353985e+02 -4.982478873584210710e+00 4.998344211534713644e+00
3.178146653204483414e+02 -4.977033242115523670e+00 4.993966570671156013e+00
3.175375688469855504e+02 -4.971426432855711397e+00 4.989584720400122464e+00
3.172610875170117311e+02 -4.965690473112288394e+00 4.985189553726041112e+00
3.169847415155638259e+02 -4.959853717202958201e+00 4.980778889288983713e+00
3.167090368962433899e+02 -4.953945924804099121e+00 4.976355164032415956e+00
3.164347276925652750e+02 -4.948108054414324997e+00 4.971872813736660568e+00
3.161603740283586603e+02 -4.942241573074582561e+00 4.967378889593362601e+00
3.158866685694970329e+02 -4.936366642664023807e+00 4.962871964750195097e+00
3.156135787578650138e+02 -4.930497248323908899e+00 4.958346778885094785e+00
3.153407650613419264e+02 -4.924660416202291557e+00 4.953816286677775516e+00
3.150683897944136334e+02 -4.918865831740931505e+00 4.949269574290889651e+00
3.147969847952377336e+02 -4.913129416373920755e+00 4.944710879623030131e+00
3.145260978425371832e+02 -4.907465755099418736e+00 4.940144082278510318e+00
3.142551524396446325e+02 -4.901886374307484751e+00 4.935568412247731018e+00
3.139850707031638422e+02 -4.896408909746513771e+00 4.930989002951299938e+00
3.137156479372249578e+02 -4.891042844763921593e+00 4.926400071613051601e+00
3.134467417092360506e+02 -4.885790420098303777e+00 4.921802204183395979e+00
3.131797334650995595e+02 -4.880723120228075196e+00 4.917153252398584584e+00
3.129125711773701823e+02 -4.875774149128566215e+00 4.912494429211932356e+00
3.126463494172653554e+02 -4.870958030331869359e+00 4.907827010259003586e+00
3.123802212279353512e+02 -4.866270803336513850e+00 4.903156662441996438e+00
3.121151020392060218e+02 -4.861720654651414897e+00 4.898474347584786059e+00
3.118500660146145265e+02 -4.857306817995705295e+00 4.893787800523720755e+00
3.115855093517099021e+02 -4.853024881547838731e+00 4.889093478333861320e+00
3.113217916908050711e+02 -4.848873787745565878e+00 4.884392634719145754e+00
3.110585567622805456e+02 -4.844852429030804153e+00 4.879690578866113349e+00
3.107951876363443375e+02 -4.840955646486738928e+00 4.874986140105879606e+00
3.105328341528785359e+02 -4.837173816288847128e+00 4.870295603381883609e+00
3.102704773276717560e+02 -4.833497385504015753e+00 4.865603921942017962e+00
3.100099635768293069e+02 -4.829917843859878879e+00 4.860886771096449621e+00
3.097492608270335381e+02 -4.826422991736309953e+00 4.856186005158968477e+00
3.094889224120251470e+02 -4.822992024298843994e+00 4.851514623837602791e+00
3.092288091554500511e+02 -4.819619938545144144e+00 4.846864271846975214e+00
3.089691945367971471e+02 -4.816297370251114707e+00 4.842247515169444405e+00
3.087092205103625702e+02 -4.813006701122037434e+00 4.837655546017525232e+00
3.084498737196940397e+02 -4.809731902658589853e+00 4.833101311761972774e+00
3.081906643043711256e+02 -4.806461246695223899e+00 4.828582421007665104e+00
3.079312501221704110e+02 -4.803175641220271075e+00 4.824095107548232342e+00
3.076716490410417464e+02 -4.799865423586040514e+00 4.819655354564752692e+00
3.074118788730107781e+02 -4.796503599163693288e+00 4.815271123911868401e+00
3.071521113031577670e+02 -4.793058762275081541e+00 4.810924866083469809e+00
3.068927412636097074e+02 -4.789499196233002465e+00 4.806594520902989665e+00
3.066332542148801963e+02 -4.785816333518574162e+00 4.802330445707465145e+00
3.063734954289197958e+02 -4.781999851917399624e+00 4.798138399907609042e+00
3.061129628462198866e+02 -4.778054660877289805e+00 4.794004652009425271e+00
3.058521755817557732e+02 -4.773996744121608238e+00 4.789926238373831247e+00
3.055910922691002725e+02 -4.769841110337333490e+00 4.785888539849681322e+00
3.053298463255289903e+02 -4.765598610146993153e+00 4.781878686637745623e+00
3.050689504421765719e+02 -4.761277698440988360e+00 4.777892739806898881e+00
3.048082396387597441e+02 -4.756890169491031273e+00 4.773918428371543676e+00
3.045472653923466737e+02 -4.752444334740677512e+00 4.769949875291726649e+00
3.042866846287955127e+02 -4.747948278288020241e+00 4.765984159353558347e+00
3.040270233344890016e+02 -4.743385624372691289e+00 4.761994164192308254e+00
3.037677778168396117e+02 -4.738735311128276173e+00 4.757972306862992440e+00
3.035082005465917518e+02 -4.734051582140025083e+00 4.753951843704337321e+00
3.032497146577713920e+02 -4.729339451890909096e+00 4.749919713445998504e+00
3.029918388152992748e+02 -4.724618729050709121e+00 4.745881143684317571e+00
3.027344206048294382e+02 -4.719888078258041908e+00 4.741828219630214392e+00
3.024770997564878598e+02 -4.715123521986225974e+00 4.737761360515779785e+00
3.022205062249469734e+02 -4.710349593863336182e+00 4.733673279062108996e+00
3.019647069517897080e+02 -4.705621956867584110e+00 4.729565854086221321e+00
3.017095226423757595e+02 -4.700903445976906347e+00 4.725425361423925885e+00
3.014551216099358157e+02 -4.696179222161378064e+00 4.721250479964596458e+00
3.012016699253736647e+02 -4.691490735282791924e+00 4.717048647444104681e+00
3.009487336663211750e+02 -4.686755582437778678e+00 4.712786531167695081e+00
3.006965578310606588e+02 -4.681976334503577419e+00 4.708475121585845358e+00
3.004455176393228157e+02 -4.677248519783282710e+00 4.704133459517989557e+00
3.001945433270107628e+02 -4.672537106702309373e+00 4.699759455715891932e+00
2.999444449361076863e+02 -4.667877821372061753e+00 4.695366266462535521e+00
2.996953735100203176e+02 -4.663271720331130687e+00 4.690944489883955626e+00
2.994470791803928478e+02 -4.658659395449244123e+00 4.686494770547755984e+00
2.991992380865270320e+02 -4.654072490643827109e+00 4.682021131747121423e+00
2.989514700005562418e+02 -4.649583210731716321e+00 4.677526196776965683e+00
2.987047401668681346e+02 -4.645105029488066251e+00 4.673006441730134242e+00
2.984584549740161492e+02 -4.640675745657440565e+00 4.668462007849747408e+00
2.982130177359780419e+02 -4.636274945224972299e+00 4.663900359476939705e+00
2.979680909008413323e+02 -4.631921405931946900e+00 4.659313526680554318e+00
2.977237251033253642e+02 -4.627484651990760867e+00 4.654688903889887541e+00
2.974798791673325127e+02 -4.623125387897104588e+00 4.650075351188873718e+00
2.972364575520997505e+02 -4.618818847245919734e+00 4.645464254600573994e+00
2.969932050332790254e+02 -4.614626411538083950e+00 4.640870226707912494e+00
2.967504835882667749e+02 -4.610478401269117121e+00 4.636301936810292013e+00
2.965078772393831059e+02 -4.606425320382876443e+00 4.631768002669937268e+00
2.962654931031594288e+02 -4.602442083088433833e+00 4.627266174771427210e+00
2.960229068776807253e+02 -4.598534697191772658e+00 4.622809683346295273e+00
2.957804692789591741e+02 -4.594732336048378940e+00 4.618402374129705557e+00
2.955379014744113988e+02 -4.591092119377021774e+00 4.614051246214804891e+00
2.952957962931809561e+02 -4.587511483588406769e+00 4.609761989253406078e+00
2.950529442659452570e+02 -4.583895668473272345e+00 4.605532117443786433e+00
2.948100958581046598e+02 -4.580412590940984074e+00 4.601361740766660269e+00
2.945670851409078637e+02 -4.576947939333354753e+00 4.597271461076580579e+00
2.943233888663901894e+02 -4.573639730285255389e+00 4.593238001822039784e+00
2.940803201329596845e+02 -4.570342221994316390e+00 4.589263903966230629e+00
2.938366956275825146e+02 -4.567128419318273735e+00 4.585338647122398470e+00
2.935932550960670824e+02 -4.563936541764282318e+00 4.581452609513285701e+00
2.933497423515324840e+02 -4.560756501031385746e+00 4.577602727459288090e+00
2.931059712729674516e+02 -4.557577781219110058e+00 4.573777085430974054e+00
2.928627440786636384e+02 -4.554448999127444608e+00 4.569976008701585712e+00
2.926198783421431244e+02 -4.551320314870233474e+00 4.566187119655937821e+00
2.923766435063458289e+02 -4.548087110798313404e+00 4.562411815579701546e+00
2.921339093078402698e+02 -4.544780445805006508e+00 4.558627555617142946e+00
2.918918341154046061e+02 -4.541426326052403262e+00 4.554850586637007481e+00
2.916498172205282344e+02 -4.537949050797364769e+00 4.551064035474146507e+00
2.914080426423465155e+02 -4.534453896650485483e+00 4.547274714750981772e+00
2.911666906051171964e+02 -4.530863802427083087e+00 4.543476979340058897e+00
2.909255864316189673e+02 -4.527200738429408844e+00 4.539659739276673989e+00
2.906847998621905731e+02 -4.523503044524010086e+00 4.535823833580343134e+00
2.904444780816631919e+02 -4.519709716996275439e+00 4.531965699944191073e+00
2.902043945441285473e+02 -4.515821865320720718e+00 4.528088355242647189e+00
2.899653111277867197e+02 -4.511858824273127233e+00 4.524184996587631957e+00
2.897263271362357386e+02 -4.507806940643622085e+00 4.520259181615227995e+00
2.894879122543094354e+02 -4.503725046924191844e+00 4.516308338489047891e+00
2.892495273244910550e+02 -4.499423533610883652e+00 4.512342355437132468e+00
2.890120087164293068e+02 -4.494969186586939891e+00 4.508352400016232053e+00
2.887749437709825884e+02 -4.490527995365535929e+00 4.504352144532511204e+00
2.885387072568877329e+02 -4.486016628644689419e+00 4.500329348656642026e+00
2.883024572789623790e+02 -4.481451076381569365e+00 4.496292351984452651e+00
2.880669000213167124e+02 -4.476839811224249566e+00 4.492232306802256936e+00
2.878321645911804580e+02 -4.472160449705836704e+00 4.488151113690312499e+00
2.875978957919296022e+02 -4.467444958668708388e+00 4.484050120526002381e+00
2.873638292727860062e+02 -4.462680615918597660e+00 4.479933638509308480e+00
2.871300839444526787e+02 -4.457915481606026020e+00 4.475792548849220509e+00
2.868974432464293614e+02 -4.453163514250650046e+00 4.471641560287081596e+00
2.866647587718813952e+02 -4.448339735257590633e+00 4.467469706471323576e+00
2.864325084608735779e+02 -4.443472946715561811e+00 4.463299020268184591e+00
2.862008722141982844e+02 -4.438633336188967604e+00 4.459129760252651842e+00
2.859694095606859037e+02 -4.433778376467736315e+00 4.454952286658000915e+00
2.857386766307652692e+02 -4.428990426622386067e+00 4.450774948951093712e+00
2.855081391466400191e+02 -4.424322337644452041e+00 4.446600462722566149e+00
2.852778906563177657e+02 -4.419728157428528093e+00 4.442430109428225471e+00
2.850484453803109659e+02 -4.415232606029099394e+00 4.438265621259525950e+00
2.848193629191154628e+02 -4.410866922503418941e+00 4.434108259829819154e+00
2.845905133177209336e+02 -4.406639321165573442e+00 4.429960927594688513e+00
2.843616871550272549e+02 -4.402573753474266383e+00 4.425827625952161171e+00
2.841333797425826333e+02 -4.398730058559079836e+00 4.421719069568483818e+00
2.839058609786969782e+02 -4.395038631343897606e+00 4.417630653335243629e+00
2.836781274233952104e+02 -4.391497774817392674e+00 4.413579777144226668e+00
2.834504094183366192e+02 -4.388086402109902195e+00 4.409561972361679238e+00
2.832229858658230341e+02 -4.384874694104714088e+00 4.405564070269382348e+00
2.829961205261874397e+02 -4.381717121719641561e+00 4.401588274905059883e+00
2.827692268268601197e+02 -4.378713598126885209e+00 4.397638696220894872e+00
2.825427531809847892e+02 -4.375828820429278565e+00 4.393709374076770757e+00
2.823166069569456909e+02 -4.373001204076831350e+00 4.389800034911685245e+00
2.820907333870226807e+02 -4.370171841204821384e+00 4.385905388320720633e+00
2.818649806335785115e+02 -4.367416112840452946e+00 4.382022529371575104e+00
2.816390925989125549e+02 -4.364652817545189301e+00 4.378159781712779974e+00
2.814135389916158374e+02 -4.361915634189712954e+00 4.374308051593126301e+00
2.811878103326941982e+02 -4.359117572113624384e+00 4.370463257843405280e+00
2.809623223910784873e+02 -4.356278539547434825e+00 4.366664534257099106e+00
2.807372201776371412e+02 -4.353362482146457602e+00 4.362881707339778536e+00
2.805114302639199764e+02 -4.350398318066742043e+00 4.359102810033467890e+00
2.802863526608101097e+02 -4.347387626774375846e+00 4.355339795937563707e+00
2.800614014076001013e+02 -4.344345708895178682e+00 4.351587471711635402e+00
2.798362336297499837e+02 -4.341189012159753169e+00 4.347847095615779978e+00
2.796114367028474135e+02 -4.337971364155619902e+00 4.344115827256155526e+00
2.793871008547776569e+02 -4.334697837656073638e+00 4.340391061851957666e+00
2.791625067856989517e+02 -4.331361862083001668e+00 4.336680344365686501e+00
2.789383030772640382e+02 -4.327920581349997242e+00 4.332970323291267967e+00
2.787143236634536834e+02 -4.324400310450743135e+00 4.329269660232132111e+00
2.784896480850151761e+02 -4.320776407220814797e+00 4.325578774903894974e+00
2.782654409575247314e+02 -4.317018747033692705e+00 4.321926075540463152e+00
2.780414652232381059e+02 -4.313188957375289512e+00 4.318278756294602339e+00
2.778181011712382542e+02 -4.309283849981430770e+00 4.314636230924581817e+00
2.775942633635853554e+02 -4.305296250989774975e+00 4.310990853581738946e+00
2.773705848786620436e+02 -4.301229811566072314e+00 4.307349209566582182e+00
2.771470824609830856e+02 -4.297087716104261546e+00 4.303709512914802637e+00
2.769242110650745872e+02 -4.292871778074552225e+00 4.300066898952373151e+00
2.767014121547062473e+02 -4.288589536541675962e+00 4.296416871157520134e+00
2.764785316483260544e+02 -4.284256441115855907e+00 4.292763659054698699e+00
2.762565136903850203e+02 -4.279883676895005706e+00 4.289105381337954270e+00
2.760349255361588803e+02 -4.275477282989957217e+00 4.285444141594592082e+00
2.758128122936746536e+02 -4.271042997984133116e+00 4.281774681148513118e+00
2.755914616699666908e+02 -4.266600293235021546e+00 4.278131085598618988e+00
2.753710041803939248e+02 -4.262168709847086845e+00 4.274480120427249119e+00
2.751503719231867535e+02 -4.257750690188867537e+00 4.270812104208859594e+00
2.749306662661506948e+02 -4.253359540410429851e+00 4.267129596246030943e+00
2.747116089483217820e+02 -4.249013043667572376e+00 4.263425336615272343e+00
2.744933793100026946e+02 -4.244720004389685108e+00 4.259697507100502989e+00
2.742755045885957088e+02 -4.240493568197376106e+00 4.255947501783085229e+00
2.740585043725638457e+02 -4.236347410875728414e+00 4.252167286464356266e+00
2.738421846542634626e+02 -4.232299051580087124e+00 4.248353137337636198e+00
2.736262390372364735e+02 -4.228363151196929515e+00 4.244502934362127888e+00
2.734119612522126204e+02 -4.224526549981002077e+00 4.240620758878427488e+00
2.731972674989041820e+02 -4.220797102631554054e+00 4.236720871716066483e+00
2.729838658224773553e+02 -4.217168208761894910e+00 4.232834326807275893e+00
2.727705428297531398e+02 -4.213621926925886108e+00 4.228938891161951652e+00
2.725579164687302409e+02 -4.210145721237635641e+00 4.225027761976850371e+00
2.723456132764516155e+02 -4.206734705687071418e+00 4.221110823731157424e+00
2.721335662698012925e+02 -4.203371360460198325e+00 4.217187874580308637e+00
2.719219782678701449e+02 -4.200055042255337767e+00 4.213268650492534739e+00
2.717106773254856193e+02 -4.196777959458199092e+00 4.209354854286223357e+00
2.714993695406921574e+02 -4.193529015583533415e+00 4.205443999843890168e+00
2.712883836067683774e+02 -4.190306361516003442e+00 4.201547703306444781e+00
2.710775652314833906e+02 -4.187102658843266489e+00 4.197662049133645823e+00
2.708665785297026787e+02 -4.183915479176682162e+00 4.193795247087542144e+00
2.706559913975552831e+02 -4.180752823764394499e+00 4.189958677248831087e+00
2.704449332344352115e+02 -4.177640412311851570e+00 4.186173231851141097e+00
2.702341256727242467e+02 -4.174542725823592093e+00 4.182409808784038674e+00
2.700231542609859048e+02 -4.171448508600969163e+00 4.178675238656979651e+00
2.698127118322134379e+02 -4.168356472285882575e+00 4.174960669873039265e+00
2.696018309786790041e+02 -4.165262765520851396e+00 4.171277145708342182e+00
2.693913466110348622e+02 -4.162166660472368385e+00 4.167619477779723525e+00
2.691807325884230409e+02 -4.159060316890831999e+00 4.163988629820243759e+00
2.689701036969393613e+02 -4.155945764107900509e+00 4.160391069743857528e+00
2.687594929293136943e+02 -4.152815864042890937e+00 4.156818300413853251e+00
2.685485233108555576e+02 -4.149667122091641680e+00 4.153273352164690735e+00
2.683378117632515227e+02 -4.146499657826527852e+00 4.149756642509079718e+00
2.681273454162492271e+02 -4.143341917255438211e+00 4.146284513882990908e+00
2.679162332365251018e+02 -4.140202707236511515e+00 4.142854532873447404e+00
2.677052942339716424e+02 -4.137050150711936602e+00 4.139448789133674644e+00
2.674944492252548685e+02 -4.133872744319636361e+00 4.136067867170408974e+00
2.672838932958412101e+02 -4.130671315549458988e+00 4.132703286694052736e+00
2.670734770697776526e+02 -4.127440759655587321e+00 4.129359597478200250e+00
2.668628555807975999e+02 -4.124180569345432090e+00 4.126033284807831159e+00
2.666524393753733762e+02 -4.120891585182341998e+00 4.122714640150206833e+00
2.664422727990802855e+02 -4.117565323302266656e+00 4.119408957808492033e+00
2.662320507698684082e+02 -4.114201478532162781e+00 4.116106197768491626e+00
2.660220711990739346e+02 -4.110800765664166079e+00 4.112808192549057829e+00
2.658124926195124544e+02 -4.107361613843505843e+00 4.109506708442151712e+00
2.656031702391117051e+02 -4.103917153419057939e+00 4.106215069205778612e+00
2.653933750503528586e+02 -4.100476821611382938e+00 4.102922837893861363e+00
2.651846736009413235e+02 -4.096990292947364054e+00 4.099616840110514637e+00
2.649765819702022327e+02 -4.093453731267771012e+00 4.096293708740430972e+00
2.647685761425010469e+02 -4.089860570373731186e+00 4.092939560551082323e+00
2.645616977035735999e+02 -4.086213804242463610e+00 4.089556241224006072e+00
2.643548443311389065e+02 -4.082503440405051975e+00 4.086131736106282553e+00
2.641489003333138612e+02 -4.078727081920445308e+00 4.082663769380772578e+00
2.639435575618868484e+02 -4.074881974193516498e+00 4.079146227849071771e+00
2.637391790902267417e+02 -4.070972706143473729e+00 4.075579554115490666e+00
2.635348691594804791e+02 -4.067019629115667279e+00 4.071976148107538940e+00
2.633314754871245782e+02 -4.063037522749824326e+00 4.068343860297332526e+00
2.631283845213817472e+02 -4.059076769106729543e+00 4.064691707964970924e+00
2.629262004995346729e+02 -4.055148264477836939e+00 4.061022677721227048e+00
2.627246544353982927e+02 -4.051209501788997969e+00 4.057337796412480380e+00
2.625228988567644706e+02 -4.047277057650327414e+00 4.053637040699108240e+00
2.623213633701696494e+02 -4.043353578707637119e+00 4.049928717949455859e+00
2.621207401053784452e+02 -4.039445405244128651e+00 4.046214871763196719e+00
2.619199686798090738e+02 -4.035564955085752636e+00 4.042500885088021079e+00
2.617198691091831506e+02 -4.031715466396494918e+00 4.038786163461642431e+00
2.615199142025840047e+02 -4.027901799905973412e+00 4.035079812295276902e+00
2.613201619503887514e+02 -4.024131009814806426e+00 4.031382810277534645e+00
2.611203816743432640e+02 -4.020406951017228003e+00 4.027695761740291758e+00
2.609209626859609443e+02 -4.016733618130062133e+00 4.024021776807010120e+00
2.607219758896192729e+02 -4.013180231096934669e+00 4.020379206737376698e+00
2.605231927096664890e+02 -4.009726761113544313e+00 4.016752848986982372e+00
2.603240368432411742e+02 -4.006335032745576008e+00 4.013151671814354060e+00
2.601255831512453369e+02 -4.003002377055925542e+00 4.009566020509786277e+00
2.599270828396339539e+02 -3.999733221618389400e+00 4.006004265312308910e+00
2.597284316673993203e+02 -3.996528528041681128e+00 4.002464618725038115e+00
2.595299399809371721e+02 -3.993391719939776596e+00 3.998947502356357209e+00
2.593314888150218280e+02 -3.990322332266428518e+00 3.995458704903268821e+00
2.591331248710084765e+02 -3.987311592413353978e+00 3.991993854716192391e+00
2.589350836817642971e+02 -3.984360611647556727e+00 3.988550404058607057e+00
2.587372724589253039e+02 -3.981460520278858883e+00 3.985135486641281144e+00
2.585388767465507271e+02 -3.978618727729903437e+00 3.981744200289053293e+00
2.583413238409633550e+02 -3.975880147080988358e+00 3.978386045763838030e+00
2.581437926425512046e+02 -3.973220612568369781e+00 3.975051434575858078e+00
2.579461423415295940e+02 -3.970595005158748414e+00 3.971744155271979437e+00
2.577485214462281533e+02 -3.967993157403604254e+00 3.968456528365361002e+00
2.575514873164062237e+02 -3.965412876248559648e+00 3.965190555463031785e+00
2.573546072486218463e+02 -3.962842598879782408e+00 3.961943718471885312e+00
2.571577105176601208e+02 -3.960280489029173623e+00 3.958712710397603196e+00
2.569606939766826486e+02 -3.957715232543371986e+00 3.955500093260633232e+00
2.567636402295178755e+02 -3.955132622583223956e+00 3.952294686888636388e+00
2.565674094555139959e+02 -3.952525962712274410e+00 3.949103203930485861e+00
2.563708637657908866e+02 -3.949881627458679656e+00 3.945921884979823435e+00
2.561742647006909692e+02 -3.947190370927242231e+00 3.942746130694229301e+00
2.559782327847815679e+02 -3.944498654739204468e+00 3.939577634930481409e+00
2.557823283754729857e+02 -3.941746113153827391e+00 3.936400561548615062e+00
2.555866524068493959e+02 -3.938901042868223623e+00 3.933225576565445358e+00
2.553911239881294932e+02 -3.935941042738761997e+00 3.930044571447991686e+00
2.551957829196863372e+02 -3.932854262287631020e+00 3.926854162290051242e+00
2.550005891218925740e+02 -3.929622157295432849e+00 3.923646182801181936e+00
2.548055913774913961e+02 -3.926232369969292701e+00 3.920423268070792222e+00
2.546107902606684945e+02 -3.922698438980210867e+00 3.917181105551450937e+00
2.544161785067293806e+02 -3.919045531466738286e+00 3.913920524178017502e+00
2.542217730587435369e+02 -3.915290021421497624e+00 3.910648228278359007e+00
2.540276243935841478e+02 -3.911441429868468767e+00 3.907367191623174030e+00
2.538336376252355251e+02 -3.907530841797514753e+00 3.904070252043927436e+00
2.536402130311332712e+02 -3.903618684046193277e+00 3.900754897362272544e+00
2.534470684488855170e+02 -3.899680570669684432e+00 3.897435486726782639e+00
2.532541667362931719e+02 -3.895713703707073705e+00 3.894105540888843198e+00
2.530616100983685328e+02 -3.891729994766539580e+00 3.890769216480900461e+00
2.528693944231779938e+02 -3.887745533325023928e+00 3.887432137733736415e+00
2.526774699261466708e+02 -3.883768026063539658e+00 3.884085609474615008e+00
2.524858323734715952e+02 -3.879813024231502538e+00 3.880737678366678267e+00
2.522945828159267023e+02 -3.875885480854731835e+00 3.877391299177830764e+00
2.521036361678338551e+02 -3.871995308185783191e+00 3.874039315107994597e+00
2.519129935089113985e+02 -3.868155622269142224e+00 3.870682896789383154e+00
2.517226522655242604e+02 -3.864372189071229258e+00 3.867329336777778792e+00
2.515326594147313131e+02 -3.860647654730962941e+00 3.863978355196925119e+00
2.513432657750863655e+02 -3.857042544550626673e+00 3.860603730558476610e+00
2.511542105978786026e+02 -3.853509215989687320e+00 3.857233189851018818e+00
2.509655093320447179e+02 -3.850050879340871202e+00 3.853866880667626837e+00
2.507770944245926330e+02 -3.846663356150064939e+00 3.850506313306813588e+00
2.505890358428477498e+02 -3.843352443773931260e+00 3.847145311335543383e+00
2.504013301308395967e+02 -3.840117087615610547e+00 3.843786272080699007e+00
2.502139057866088194e+02 -3.836959920077673836e+00 3.840434494701385759e+00
2.500268405602103314e+02 -3.833882950821442037e+00 3.837090220513827088e+00
2.498400767425321476e+02 -3.830877618301109955e+00 3.833751642931136239e+00
2.496535939440082359e+02 -3.827949570202078711e+00 3.830424261195939373e+00
2.494673970268544281e+02 -3.825092642898312523e+00 3.827106614365908044e+00
2.492814731976360179e+02 -3.822300783267265523e+00 3.823794134786135057e+00
2.490960888895265271e+02 -3.819605378715540844e+00 3.820470470934886897e+00
2.489109940445894438e+02 -3.816961130546894232e+00 3.817158761365905484e+00
2.487260403494287289e+02 -3.814372128234409853e+00 3.813850898589768335e+00
2.485413020404509723e+02 -3.811822161976054613e+00 3.810555881305304204e+00
2.483567595103677945e+02 -3.809312116041004170e+00 3.807269010741748616e+00
2.481723207839855263e+02 -3.806831203208995706e+00 3.803992984325867521e+00
2.479880164121395012e+02 -3.804370290586164494e+00 3.800728347730362611e+00
2.478038276636045225e+02 -3.801919724829729397e+00 3.797480783374162616e+00
2.476196794420942808e+02 -3.799472142735729641e+00 3.794244944945438291e+00
2.474356471476761783e+02 -3.797015825347465956e+00 3.791034503300931391e+00
2.472516226615899484e+02 -3.794538371945194388e+00 3.787840121779923575e+00
2.470675810928917997e+02 -3.792027681133627315e+00 3.784672729442582817e+00
2.468838083094323679e+02 -3.789475998547350066e+00 3.781503761037910305e+00
2.466999344535872751e+02 -3.786866823785367320e+00 3.778364278746161098e+00
2.465158845604791225e+02 -3.784183096408705538e+00 3.775250593569185575e+00
2.463316792719326713e+02 -3.781404830779361514e+00 3.772166311133792416e+00
2.461472528559800423e+02 -3.778529148003687776e+00 3.769110878974579304e+00
2.459626686975621226e+02 -3.775558299258013228e+00 3.766077724064317511e+00
2.457779624023124256e+02 -3.772503828485841204e+00 3.763064799161881524e+00
2.455931707160007136e+02 -3.769375697647745049e+00 3.760070006657961095e+00
2.454083721250839005e+02 -3.766178989403160315e+00 3.757085528192412927e+00
2.452235183809916919e+02 -3.762928987440476103e+00 3.754118775220649074e+00
2.450388464884285327e+02 -3.759633387628122492e+00 3.751158436648950989e+00
2.448542333303019802e+02 -3.756287089847844207e+00 3.748201641819773222e+00
2.446700401232461672e+02 -3.752906343647250065e+00 3.745230877005709225e+00
2.444860923166646103e+02 -3.749489609598786632e+00 3.742257541136263743e+00
2.443022834515963950e+02 -3.746050854353401682e+00 3.739284635700810711e+00
2.441187672525498726e+02 -3.742600267713907414e+00 3.736305742637397120e+00
2.439354934709312488e+02 -3.739133568265510021e+00 3.733321345793711110e+00
2.437524934871435107e+02 -3.735662380966386920e+00 3.730323648510407875e+00
2.435697878934330447e+02 -3.732186807220566838e+00 3.727314774340319659e+00
2.433874442728789234e+02 -3.728711416146666568e+00 3.724291463736634888e+00
2.432054717143627443e+02 -3.725244342242166162e+00 3.721259250910233796e+00
2.430239058018532887e+02 -3.721793094621323572e+00 3.718209002441691169e+00
2.428426708537648722e+02 -3.718357589727098844e+00 3.715147694286601521e+00
2.426620057151362175e+02 -3.714933698722210131e+00 3.712069742090527757e+00
2.424818553820921636e+02 -3.711509704578893398e+00 3.708954689703876983e+00
2.423021850673961524e+02 -3.708106996187647386e+00 3.705833844726974302e+00
2.421229918506649597e+02 -3.704735261378204303e+00 3.702702959318576070e+00
2.419441865282342405e+02 -3.701391735523380078e+00 3.699558542833791375e+00
2.417658460974470813e+02 -3.698079707711129593e+00 3.696403924219322068e+00
2.415879015781775649e+02 -3.694797983064093572e+00 3.693234047400728137e+00
2.414104074743911497e+02 -3.691548466322653432e+00 3.690056409719057129e+00
2.412333213446790410e+02 -3.688336882603761246e+00 3.686869025608585204e+00
2.410565991349167803e+02 -3.685158481571331190e+00 3.683669966343490199e+00
2.408802591537596811e+02 -3.682017245936167527e+00 3.680463763924512133e+00
2.407043470288554374e+02 -3.678908370884089951e+00 3.677250889551219259e+00
2.405288148843744978e+02 -3.675827670702189742e+00 3.674029396790411628e+00
2.403537282618704012e+02 -3.672752234478851019e+00 3.670785340621021131e+00
2.401789212814172458e+02 -3.669716134262521745e+00 3.667546974812140093e+00
2.400043814772847384e+02 -3.666709102481453542e+00 3.664310701912709245e+00
2.398301574740457340e+02 -3.663745587560313766e+00 3.661073930905206275e+00
2.396560985023925525e+02 -3.660819881617739302e+00 3.657847247752982422e+00
2.394822103016855692e+02 -3.657929820588920133e+00 3.654633358459643766e+00
2.393084813363200851e+02 -3.655075847303179248e+00 3.651431239385825922e+00
2.391348185129068327e+02 -3.652256497534872359e+00 3.648235733102398459e+00
2.389612496904461239e+02 -3.649469248686260325e+00 3.645063357988015618e+00
2.387876718331862094e+02 -3.646718098455511647e+00 3.641908890591746939e+00
2.386140645588716609e+02 -3.643999562123507285e+00 3.638781273837334851e+00
2.384404215431954697e+02 -3.641296278168522971e+00 3.635675251641186989e+00
2.382666853503118887e+02 -3.638594423394649890e+00 3.632596145429636270e+00
2.380927918971505619e+02 -3.635929268074368004e+00 3.629555667193386181e+00
2.379187031255770250e+02 -3.633296777386990861e+00 3.626559052009228346e+00
2.377444362647227365e+02 -3.630696961859372074e+00 3.623603559637670557e+00
2.375699969130994020e+02 -3.628122101744171157e+00 3.620691257052790935e+00
2.373954838799623701e+02 -3.625571979431437608e+00 3.617808501386063025e+00
2.372209148106806822e+02 -3.623031523764094430e+00 3.614950383541539747e+00
2.370462817815193262e+02 -3.620502323024695990e+00 3.612115610689602185e+00
2.368716483045485290e+02 -3.617970635947091562e+00 3.609300814505620902e+00
2.366970826220093898e+02 -3.615434457659542300e+00 3.606506179689077829e+00
2.365225950354112570e+02 -3.612884146619870673e+00 3.603717776136946771e+00
2.363482226387258436e+02 -3.610290701525892043e+00 3.600926239081573055e+00
2.361740349945443427e+02 -3.607642213093068762e+00 3.598139953231508592e+00
2.359999473923442679e+02 -3.604973821072607443e+00 3.595351166635856632e+00
2.358260330920388697e+02 -3.602282760769515146e+00 3.592562952382473362e+00
2.356523203630605678e+02 -3.599557509263523691e+00 3.589777197182906665e+00
2.354788659142338929e+02 -3.596802796201123087e+00 3.586983353079286285e+00
2.353056251937988463e+02 -3.594016894149627106e+00 3.584182743907796009e+00
2.351326397122850267e+02 -3.591196285136284416e+00 3.581376843560292400e+00
2.349599281938833144e+02 -3.588340573231000530e+00 3.578556664670605070e+00
2.347875654514505186e+02 -3.585447212317044663e+00 3.575729107713926602e+00
2.346154631913843218e+02 -3.582516942625797451e+00 3.572895042612689753e+00
2.344437083152731134e+02 -3.579550436099709909e+00 3.570040082643044954e+00
2.342722365801021738e+02 -3.576505259542196224e+00 3.567173877667186410e+00
2.341011595973921260e+02 -3.573389356455547450e+00 3.564286394600649555e+00
2.339303383453857350e+02 -3.570242780548615880e+00 3.561385088956999567e+00
2.337598916586986206e+02 -3.567049375859179250e+00 3.558473014236976262e+00
2.335897665695787850e+02 -3.563822542250879799e+00 3.555539476190944015e+00
2.334199483888060627e+02 -3.560562822459817589e+00 3.552595648516731153e+00
2.332504303189378732e+02 -3.557266671587811402e+00 3.549635434203787909e+00
2.330812327826319006e+02 -3.553939594763118937e+00 3.546657632131675175e+00
2.329123881409559260e+02 -3.550595479298964463e+00 3.543671124908443826e+00
2.327438887715122462e+02 -3.547238349822853021e+00 3.540670956813207759e+00
2.325756593784054473e+02 -3.543868983527527661e+00 3.537662193945417588e+00
2.324078579339207238e+02 -3.540495466021182924e+00 3.534650921235038989e+00
2.322402928272084921e+02 -3.537081617405744893e+00 3.531631777040412423e+00
2.320730740698687384e+02 -3.533661040933008035e+00 3.528609160736439598e+00
2.319061350343634444e+02 -3.530252943684717426e+00 3.525582620857715010e+00
2.317395243248041652e+02 -3.526872628127955878e+00 3.522559246341549599e+00
2.315731542156856904e+02 -3.523521517516275292e+00 3.519534015626808898e+00
2.314070773930787368e+02 -3.520204716646730070e+00 3.516514141695258999e+00
2.312412232341801825e+02 -3.516933242688449202e+00 3.513495480158963957e+00
2.310755812562783831e+02 -3.513718274845304634e+00 3.510483618240057169e+00
2.309101120052044962e+02 -3.510565755288462597e+00 3.507482513980265892e+00
2.307448521093384670e+02 -3.507489979713733330e+00 3.504488506039705076e+00
2.305798365093502298e+02 -3.504498656618775687e+00 3.501511402435619758e+00
2.304148801436095368e+02 -3.501608962045209328e+00 3.498551900561341466e+00
2.302500456422298214e+02 -3.498779212890172463e+00 3.495616609214618808e+00
2.300852807444755967e+02 -3.496057196157220215e+00 3.492702249443248252e+00
2.299206803926573741e+02 -3.493442026285086488e+00 3.489810496918326788e+00
2.297561081691652589e+02 -3.490923613583199803e+00 3.486940610398527873e+00
2.295916450438537879e+02 -3.488481164465721651e+00 3.484085047122809531e+00
2.294272797708866278e+02 -3.486107645160058333e+00 3.481243595704213600e+00
2.292630146306865413e+02 -3.483786633276997780e+00 3.478419188167778842e+00
2.290987996491500382e+02 -3.481505560291330514e+00 3.475604735417182400e+00
2.289346380804645946e+02 -3.479251608669942541e+00 3.472804215238840531e+00
2.287705702402471672e+02 -3.477023460885520834e+00 3.470011182670216243e+00
2.286065680948136105e+02 -3.474802639291339368e+00 3.467229808421421922e+00
2.284427230132839668e+02 -3.472594648392877126e+00 3.464457525926121662e+00
2.282788054431698868e+02 -3.470331892956881159e+00 3.461694784162036242e+00
2.281150197422314534e+02 -3.468061982683973365e+00 3.458945843408351539e+00
2.279513885605539372e+02 -3.465777971418936065e+00 3.456199540641471835e+00
2.277878069385120625e+02 -3.463477614853926578e+00 3.453463736808163098e+00
2.276243371092990060e+02 -3.461146477502822894e+00 3.450732618671204843e+00
2.274610302827701673e+02 -3.458787317211141854e+00 3.448004145907603846e+00
2.272978235239260982e+02 -3.456393409314499898e+00 3.445282066513419394e+00
2.271347018167552676e+02 -3.453953951458760052e+00 3.442560483068394905e+00
2.269716933461582755e+02 -3.451468422029640770e+00 3.439841332450378708e+00
2.268088254236675994e+02 -3.448931088851566962e+00 3.437125772644350707e+00
2.266460569583202300e+02 -3.446344222937209434e+00 3.434408754037730382e+00
2.264833944479316585e+02 -3.443710739851808533e+00 3.431692726576851094e+00
2.263207075794354637e+02 -3.440979817901942184e+00 3.428984521199297308e+00
2.261581507525396830e+02 -3.438196135772080719e+00 3.426273555705640295e+00
2.259957039816454198e+02 -3.435363310275419302e+00 3.423571340077337322e+00
2.258334586700880777e+02 -3.432479614088897790e+00 3.420860172818904754e+00
2.256713757170650467e+02 -3.429551331813131210e+00 3.418154376300237995e+00
2.255094384992794119e+02 -3.426572736751264170e+00 3.415445996168195553e+00
2.253476815484172278e+02 -3.423547187973309924e+00 3.412734517431327941e+00
2.251860383105193364e+02 -3.420483537844613675e+00 3.410019662124127660e+00
2.250245845857053553e+02 -3.417381188441094064e+00 3.407299290888307297e+00
2.248633094282860441e+02 -3.414236282879533846e+00 3.404578833046272734e+00
2.247022073019099082e+02 -3.411065872061629811e+00 3.401857002168636512e+00
2.245413707424279437e+02 -3.407872569181048306e+00 3.399130170772911352e+00
2.243804968986302413e+02 -3.404637330561282038e+00 3.396409578550523278e+00
2.242199264445311258e+02 -3.401388710571566776e+00 3.393686731148401137e+00
2.240596219950277259e+02 -3.398147612897128411e+00 3.390963745465731094e+00
2.238996445460875861e+02 -3.394915672529113415e+00 3.388232956571450849e+00
2.237399500491206936e+02 -3.391701844143047317e+00 3.385497260839973155e+00
2.235805935184167197e+02 -3.388515603638641238e+00 3.382757190277460690e+00
2.234215980983306338e+02 -3.385366951678101977e+00 3.380010171397439755e+00
2.232629380839633484e+02 -3.382261427928450193e+00 3.377253809901804349e+00
2.231046869332990923e+02 -3.379206405192743734e+00 3.374494394125874042e+00
2.229468302391385919e+02 -3.376219710193334222e+00 3.371725802675876071e+00
2.227894295253711050e+02 -3.373309049193616183e+00 3.368942705276472882e+00
2.226323461802824681e+02 -3.370480732677320734e+00 3.366151686430998158e+00
2.224756070393318055e+02 -3.367722669306564942e+00 3.363367550274289908e+00
2.223191393376667122e+02 -3.365036785878458225e+00 3.360576431416903542e+00
2.221630832574867611e+02 -3.362413366113182089e+00 3.357784044015898139e+00
2.220072868197261471e+02 -3.359843492901301243e+00 3.354986489268914962e+00
2.218517374016149972e+02 -3.357323186251245151e+00 3.352187071749528346e+00
2.216964138550205234e+02 -3.354837321359908753e+00 3.349388256489413518e+00
2.215413279605282355e+02 -3.352389992806997565e+00 3.346595808126977545e+00
2.213864461512622483e+02 -3.349965976765804321e+00 3.343800877477639322e+00
2.212317071073291004e+02 -3.347564705700247334e+00 3.341011632687306943e+00
2.210771029050113441e+02 -3.345175524151279944e+00 3.338234599793860724e+00
2.209226862623090142e+02 -3.342803880009116213e+00 3.335456484051082526e+00
2.207682582171181025e+02 -3.340435987624342573e+00 3.332692395319726053e+00
2.206138831429714742e+02 -3.338072475621793878e+00 3.329957189845481835e+00
2.204595220032492762e+02 -3.335714739455909239e+00 3.327233694265534059e+00
2.203052097142443699e+02 -3.333351883352269063e+00 3.324513766533019776e+00
2.201509085199333811e+02 -3.330976093298443352e+00 3.321812902552973679e+00
2.199966134712697396e+02 -3.328589954263193373e+00 3.319119541190425959e+00
2.198423041383329917e+02 -3.326191066634360816e+00 3.316438120936332723e+00
2.196879410218262194e+02 -3.323774534743917375e+00 3.313769597268520162e+00
2.195335819301489266e+02 -3.321340229978539504e+00 3.311115440554914358e+00
2.193792282562329774e+02 -3.318885771744655155e+00 3.308474099961089543e+00
2.192249096796823835e+02 -3.316412805010068077e+00 3.305849519781967505e+00
2.190705470645440016e+02 -3.313916447961397616e+00 3.303237630975307759e+00
2.189162086492661672e+02 -3.311402466354078200e+00 3.300641609458331960e+00
2.187618163021092528e+02 -3.308891206078109715e+00 3.298070717245165095e+00
2.186074565934040947e+02 -3.306351550587104615e+00 3.295512350201158736e+00
2.184531727925752023e+02 -3.303799757424736860e+00 3.292966976872253149e+00
2.182989363754475676e+02 -3.301228012477711804e+00 3.290435037278137020e+00
2.181447524998636425e+02 -3.298632055668845098e+00 3.287913668234663245e+00
2.179906486268855872e+02 -3.296018296361973743e+00 3.285397841217758685e+00
2.178365992055807396e+02 -3.293387229760398771e+00 3.282892412244554414e+00
2.176826311468556412e+02 -3.290734213978534051e+00 3.280391552424344770e+00
2.175287563479750759e+02 -3.288063948650331803e+00 3.277899980857476248e+00
2.173750163524044865e+02 -3.285379309614380183e+00 3.275410951614417421e+00
2.172214128085653044e+02 -3.282677699379501046e+00 3.272920054375825671e+00
2.170679668970169871e+02 -3.279967388750434587e+00 3.270432975588146718e+00
2.169146426384585311e+02 -3.277272872503123935e+00 3.267962055189556736e+00
2.167615571006230937e+02 -3.274559763483622099e+00 3.265482222676684199e+00
2.166086630814963314e+02 -3.271841234459523573e+00 3.263000647177954683e+00
2.164560772763593377e+02 -3.269116332164799577e+00 3.260511816775508720e+00
2.163037856572094313e+02 -3.266381093273532876e+00 3.258006928269364444e+00
2.161518149248164775e+02 -3.263641671321541260e+00 3.255491093776708311e+00
2.160002008926466885e+02 -3.260898515341811965e+00 3.252954867651465687e+00
2.158489333877130605e+02 -3.258149963438341956e+00 3.250400047995984920e+00
2.156980617132657585e+02 -3.255403544165080820e+00 3.247827336079969207e+00
2.155476587000862025e+02 -3.252660043178039029e+00 3.245228057022043977e+00
2.153976067678676145e+02 -3.249913194949781481e+00 3.242598036617538870e+00
2.152480114698279010e+02 -3.247186813419159712e+00 3.239962886966453848e+00
2.150987282417333404e+02 -3.244491110912992138e+00 3.237316466930958203e+00
2.149497459175185838e+02 -3.241804234882434077e+00 3.234657529305381196e+00
2.148011314714413800e+02 -3.239125893944173384e+00 3.231992810784992454e+00
2.146528373606373066e+02 -3.236454394299919546e+00 3.229314031989745093e+00
2.145048154488803220e+02 -3.233794653824791254e+00 3.226632070651632045e+00
2.143569804639043355e+02 -3.231147995599744416e+00 3.223946010030446008e+00
2.142093545735573912e+02 -3.228512740067430720e+00 3.221261506720435985e+00
2.140619089319770012e+02 -3.225889156753558584e+00 3.218574770628026105e+00
2.139145755735361831e+02 -3.223278192881711579e+00 3.215893652994300744e+00
2.137674177646353542e+02 -3.220687156493585945e+00 3.213219793655828216e+00
2.136203429617571317e+02 -3.218107869931369436e+00 3.210549121295772412e+00
2.134733369119605015e+02 -3.215571861717013480e+00 3.207890755022121176e+00
2.133264300955995623e+02 -3.213069096302336725e+00 3.205249846660754187e+00
2.131795930053403936e+02 -3.210582056830490583e+00 3.202622551883545388e+00
2.130328374719001943e+02 -3.208118272218734912e+00 3.200001643410924412e+00
2.128861335727973483e+02 -3.205666923042080896e+00 3.197395550346246118e+00
2.127394835365857944e+02 -3.203230739559476348e+00 3.194803031275318173e+00
2.125928727655504815e+02 -3.200812251355105165e+00 3.192224567581474215e+00
2.124462938768215565e+02 -3.198407768762331127e+00 3.189659958179853927e+00
2.122997475860632335e+02 -3.196017742160234043e+00 3.187108229997401843e+00
2.121532168856011538e+02 -3.193638790582228104e+00 3.184570219011128245e+00
2.120066523783365540e+02 -3.191280778611274904e+00 3.182050035715695113e+00
2.118600777203552923e+02 -3.188930581537321007e+00 3.179544519728111585e+00
2.117136207796607437e+02 -3.186625858791242383e+00 3.177060368846591931e+00
2.115671045974452795e+02 -3.184343308850007936e+00 3.174591817633332536e+00
2.114206473687274865e+02 -3.182072929443874987e+00 3.172137509352164653e+00
2.112742773809506502e+02 -3.179805101312843885e+00 3.169693947135308942e+00
2.111279536120527780e+02 -3.177540227245731597e+00 3.167264594017862311e+00
2.109817059278346676e+02 -3.175280378599171893e+00 3.164845852149070105e+00
2.108355590437241744e+02 -3.173018322021417426e+00 3.162438764522864432e+00
2.106894302809466524e+02 -3.170750522770374058e+00 3.160041449765538246e+00
2.105434444384442259e+02 -3.168475858019736524e+00 3.157655763686911143e+00
2.103975478030822615e+02 -3.166191863504217441e+00 3.155273370958907364e+00
2.102517192906993273e+02 -3.163895114223462812e+00 3.152902138526785247e+00
2.101060203312242436e+02 -3.161582376755522450e+00 3.150527276356061002e+00
2.099605464959962262e+02 -3.159282786757466432e+00 3.148165123399064402e+00
2.098151871711783372e+02 -3.156975094103660062e+00 3.145801713081778583e+00
2.096699885540838579e+02 -3.154638177623591222e+00 3.143437697723506563e+00
2.095249945100924549e+02 -3.152266587417423604e+00 3.141070762518559434e+00
2.093802090437216918e+02 -3.149855639568202914e+00 3.138696058643946074e+00
2.092356308527170086e+02 -3.147400006052898380e+00 3.136316572411201875e+00
2.090912274692130950e+02 -3.144894599388709633e+00 3.133927070877293275e+00
2.089471183802385781e+02 -3.142331773581860332e+00 3.131524085874437091e+00
2.088032486981009583e+02 -3.139707821543761934e+00 3.129109124854771995e+00
2.086596294346756224e+02 -3.137029890572958113e+00 3.126681930628190997e+00
2.085163325213944177e+02 -3.134306053624173583e+00 3.124236394170693654e+00
2.083731865637951728e+02 -3.131545425198627886e+00 3.121790750823653759e+00
2.082303451739729212e+02 -3.128790339355345562e+00 3.119330235869143930e+00
2.080877986340836685e+02 -3.126026515175814424e+00 3.116866223631078459e+00
2.079453808584314345e+02 -3.123249335127791682e+00 3.114400706997246804e+00
2.078032358968686424e+02 -3.120466464477838375e+00 3.111925052285952731e+00
2.076612598065349005e+02 -3.117684674345176710e+00 3.109444452951058757e+00
2.075194489953485117e+02 -3.114910529913094361e+00 3.106960418339728136e+00
2.073777741818503557e+02 -3.112150802654735759e+00 3.104472832200335652e+00
2.072362982093441985e+02 -3.109411105546144860e+00 3.101986570503747487e+00
2.070949916037919536e+02 -3.106694392352087331e+00 3.099500957508105170e+00
2.069538155467584488e+02 -3.104004434534391343e+00 3.097011363226145342e+00
2.068128291021059226e+02 -3.101343055725844344e+00 3.094526443001303750e+00
2.066719460289150163e+02 -3.098714453525801549e+00 3.092045324561387254e+00
2.065313718909503109e+02 -3.096152223008786120e+00 3.089561024520454335e+00
2.063909554086780247e+02 -3.093632522063020307e+00 3.087084969349002339e+00
2.062507612137139006e+02 -3.091150410994539133e+00 3.084608559836284236e+00
2.061106458953113361e+02 -3.088706593886680007e+00 3.082140398361867373e+00
2.059706744718259301e+02 -3.086302211172081478e+00 3.079678164127048756e+00
2.058308403130745887e+02 -3.083938510259845334e+00 3.077222105983976164e+00
2.056911518502677438e+02 -3.081616199231301145e+00 3.074770961528975111e+00
2.055515747807947946e+02 -3.079334721422425147e+00 3.072328422715327800e+00
2.054121186674737771e+02 -3.077094365301818790e+00 3.069887094218639589e+00
2.052728234654225901e+02 -3.074892253148421961e+00 3.067456378508822024e+00
2.051335989578535646e+02 -3.072726722332799643e+00 3.065031317111697629e+00
2.049944775425920227e+02 -3.070596400686489869e+00 3.062611388898614617e+00
2.048555749446803986e+02 -3.068525740585106742e+00 3.060202208881884989e+00
2.047168461750772224e+02 -3.066485694769640169e+00 3.057795432397047097e+00
2.045782407181330314e+02 -3.064470480138258068e+00 3.055394632014181155e+00
2.044396951497733141e+02 -3.062475456681258645e+00 3.053002819894187425e+00
2.043012534446759787e+02 -3.060496895691426467e+00 3.050619874787916963e+00
2.041629345818817285e+02 -3.058534580665544844e+00 3.048243037623235452e+00
2.040247282746958035e+02 -3.056578168643656390e+00 3.045875094601501409e+00
2.038865741636659266e+02 -3.054625303949929371e+00 3.043513834418588804e+00
2.037485116519551696e+02 -3.052674246779564893e+00 3.041158153436511746e+00
2.036104947005143799e+02 -3.050717960871071721e+00 3.038804456821781574e+00
2.034725511687835251e+02 -3.048745519367983992e+00 3.036466346272133965e+00
2.033346852369891167e+02 -3.046758112808239716e+00 3.034135190534555271e+00
2.031970982497438172e+02 -3.044765879877788350e+00 3.031802882959640399e+00
2.030595011390640252e+02 -3.042734807600193214e+00 3.029478377565526515e+00
2.029219898537084248e+02 -3.040668849953150676e+00 3.027158488609780651e+00
2.027844896021483123e+02 -3.038547318203334235e+00 3.024852246843327652e+00
2.026471112783610522e+02 -3.036374057905864898e+00 3.022555601631037536e+00
2.025097311358949526e+02 -3.034134125002801774e+00 3.020266991417627445e+00
2.023723413858024003e+02 -3.031823646952499285e+00 3.017989475747085759e+00
2.022350015679960222e+02 -3.029448794465273487e+00 3.015715497656502375e+00
2.020977629816688648e+02 -3.027020656131627963e+00 3.013445911860058946e+00
2.019605779079576280e+02 -3.024538820502308489e+00 3.011187754638823488e+00
2.018234365206148766e+02 -3.022013963863243280e+00 3.008930556673291790e+00
2.016864379527699498e+02 -3.019449861812205427e+00 3.006670771024506195e+00
2.015496590784177329e+02 -3.016871545689411960e+00 3.004409093720995738e+00
2.014130425948643790e+02 -3.014259509954483995e+00 3.002152919172597745e+00
2.012765297596400842e+02 -3.011628913362484283e+00 2.999890020755632047e+00
2.011401610941405238e+02 -3.008984739700118372e+00 2.997627767654977848e+00
2.010039816173024008e+02 -3.006328107828120100e+00 2.995366738590502731e+00
2.008679513645265615e+02 -3.003666010477421100e+00 2.993103705824468275e+00
2.007320855209775345e+02 -3.001000762761015128e+00 2.990838711118021909e+00
2.005963992321724163e+02 -2.998339562225038168e+00 2.988571506360125252e+00
2.004609075829540927e+02 -2.995686557412685858e+00 2.986298935138913091e+00
2.003255628320723645e+02 -2.993044583156684979e+00 2.984021470933300169e+00
2.001904938330444566e+02 -2.990419196457951401e+00 2.981732674326408095e+00
2.000556208808731071e+02 -2.987808680681613982e+00 2.979444586993539978e+00
1.999210390372200550e+02 -2.985225438217888883e+00 2.977136495626493851e+00
1.997866988607125052e+02 -2.982657655825248444e+00 2.974825272887149819e+00
1.996525071948524328e+02 -2.980120360020937387e+00 2.972511335487196149e+00
1.995185865415206763e+02 -2.977606656213719116e+00 2.970195094329950436e+00
1.993848899099721450e+02 -2.975126236078038833e+00 2.967873747235155513e+00
1.992513926486125229e+02 -2.972674690114790685e+00 2.965546065341944093e+00
1.991181043147723244e+02 -2.970254147194435923e+00 2.963217295341035840e+00
1.989850294780468971e+02 -2.967865433975085399e+00 2.960882763691315755e+00
1.988521450671296407e+02 -2.965514947914394295e+00 2.958550686988501877e+00
1.987194636785642672e+02 -2.963197804870355334e+00 2.956214772700552551e+00
1.985869976015755469e+02 -2.960910760915367756e+00 2.953870741066804584e+00
1.984547860952653480e+02 -2.958661038712271818e+00 2.951531577602721779e+00
1.983227560616084872e+02 -2.956438904379756316e+00 2.949178253308189390e+00
1.981909623151533992e+02 -2.954253672350193316e+00 2.946825407943145070e+00
1.980593227892259165e+02 -2.952094782243788185e+00 2.944470244365522404e+00
1.979278077735512227e+02 -2.949972536501716647e+00 2.942123923726832846e+00
1.977964551941694253e+02 -2.947876890296112773e+00 2.939777638867987264e+00
1.976652206416068793e+02 -2.945809089468260478e+00 2.937434250084207221e+00
1.975340683710973622e+02 -2.943768243725391365e+00 2.935099361762039116e+00
1.974030681857422280e+02 -2.941754466868039763e+00 2.932769354034453713e+00
1.972721268384343034e+02 -2.939761191271319518e+00 2.930444797659025991e+00
1.971412921921461248e+02 -2.937786463488410771e+00 2.928132663648239653e+00
1.970104777427656302e+02 -2.935836769020514936e+00 2.925835870549616136e+00
1.968797682797379878e+02 -2.933891126280844919e+00 2.923544328923145752e+00
1.967492066439961604e+02 -2.931952883386468756e+00 2.921262163258382394e+00
1.966185789814416864e+02 -2.930015334996528331e+00 2.918997366811951100e+00
1.964879631490550480e+02 -2.928086866248574172e+00 2.916750676958451471e+00
1.963573103824555233e+02 -2.926159263869162697e+00 2.914522864315009176e+00
1.962265788356244798e+02 -2.924231005529914107e+00 2.912317296757258589e+00
1.960958371504066520e+02 -2.922297623253518939e+00 2.910128568915447023e+00
1.959650372279983515e+02 -2.920360938416836749e+00 2.907957260658195153e+00
1.958342252067718903e+02 -2.918412632436037324e+00 2.905801790632209780e+00
1.957034466380746380e+02 -2.916463281569070531e+00 2.903657443866352938e+00
1.955727464752784783e+02 -2.914498684970636244e+00 2.901523602962782444e+00
1.954420280505458720e+02 -2.912529545909060325e+00 2.899396823858536365e+00
1.953114137194500586e+02 -2.910533420515040159e+00 2.897277698866780771e+00
1.951809664043889825e+02 -2.908515659521780261e+00 2.895155335675166697e+00
1.950505976187596957e+02 -2.906484964227306289e+00 2.893044348063749549e+00
1.949203491688330132e+02 -2.904437077096014175e+00 2.890931349104875370e+00
1.947902348151421847e+02 -2.902367638527716842e+00 2.888823518902057685e+00
1.946602356736554782e+02 -2.900278924369201317e+00 2.886715136081355215e+00
1.945303915452876140e+02 -2.898173052143756756e+00 2.884608421281203317e+00
1.944006954599495884e+02 -2.896045354796510818e+00 2.882500338307815824e+00
1.942710928559564536e+02 -2.893895262308876504e+00 2.880382676770420591e+00
1.941417041198448885e+02 -2.891718098914236368e+00 2.878260783864150962e+00
1.940124930904227369e+02 -2.889522116652126549e+00 2.876137439911705229e+00
1.938834521256970334e+02 -2.887306985068800014e+00 2.874009847079780133e+00
1.937546434767062351e+02 -2.885055813682714465e+00 2.871871712379173047e+00
1.936260212220086316e+02 -2.882770053489513096e+00 2.869720001687654065e+00
1.934975867833293250e+02 -2.880459913680498918e+00 2.867559116816226883e+00
1.933693518547042629e+02 -2.878129971525314357e+00 2.865398615991221032e+00
1.932412839610471451e+02 -2.875782030364046893e+00 2.863229519021890823e+00
1.931134490906960650e+02 -2.873414817525712373e+00 2.861049422855070468e+00
1.929858098838195986e+02 -2.871028932168467662e+00 2.858864066293951733e+00
1.928583507127595169e+02 -2.868629054974237924e+00 2.856671144946221208e+00
1.927310758178113872e+02 -2.866213321715239459e+00 2.854465718886316949e+00
1.926040052362516803e+02 -2.863785565454874504e+00 2.852260872731978036e+00
1.924771294208641734e+02 -2.861346762237510610e+00 2.850040509911184738e+00
1.923503826795186171e+02 -2.858899525944718079e+00 2.847817677991059337e+00
1.922238749163806801e+02 -2.856432653720002879e+00 2.845591918073098192e+00
1.920976171649677156e+02 -2.853946809710480093e+00 2.843354622325189318e+00
1.919714637812387537e+02 -2.851466920366672486e+00 2.841115546469610731e+00
1.918454611608905225e+02 -2.848995587158115406e+00 2.838880097974762595e+00
1.917196689333633799e+02 -2.846531174287989963e+00 2.836643838777886728e+00
1.915940168137879880e+02 -2.844081964697821707e+00 2.834402877043105118e+00
1.914685155002282499e+02 -2.841649805454879107e+00 2.832169153107293891e+00
1.913431378447024827e+02 -2.839235026178903887e+00 2.829936342966023588e+00
1.912178783229767305e+02 -2.836846364123414066e+00 2.827707262151146761e+00
1.910927900291846129e+02 -2.834488563121162485e+00 2.825490719054411404e+00
1.909677602978329389e+02 -2.832166331273723969e+00 2.823278994604125014e+00
1.908428374708771003e+02 -2.829877130727465051e+00 2.821068931579780781e+00
1.907180537315813353e+02 -2.827606178283133431e+00 2.818873205064879706e+00
1.905932772564488857e+02 -2.825381723034439574e+00 2.816687061872677145e+00
1.904686397379840912e+02 -2.823209535696696637e+00 2.814522583033503444e+00
1.903440190029889152e+02 -2.821089924170826269e+00 2.812366640773963145e+00
1.902194452233918867e+02 -2.819029011361363857e+00 2.810227857961581588e+00
1.900949158399088503e+02 -2.817015507204501557e+00 2.808106702930068366e+00
1.899704525330779177e+02 -2.815047964160216853e+00 2.805992998423626705e+00
1.898461318937470992e+02 -2.813120490624135162e+00 2.803892120775435259e+00
1.897218229365795423e+02 -2.811228807343103764e+00 2.801798749745641803e+00
1.895976370825578670e+02 -2.809370370392247462e+00 2.799717833650212651e+00
1.894734846503217227e+02 -2.807532630774135285e+00 2.797644369560446709e+00
1.893494054752667068e+02 -2.805722053519684955e+00 2.795572678630884322e+00
1.892254282550068751e+02 -2.803907750002208044e+00 2.793506624091290469e+00
1.891015035983492965e+02 -2.802103387621965425e+00 2.791444855357195554e+00
1.889776786903171342e+02 -2.800312260759237670e+00 2.789391721269325775e+00
1.888539798964632723e+02 -2.798532735984019748e+00 2.787341543074278505e+00
1.887303303857697188e+02 -2.796755048264053745e+00 2.785290557430339042e+00
1.886068201525671952e+02 -2.794982093634236442e+00 2.783243437162465028e+00
1.884834041344038269e+02 -2.793212538068926776e+00 2.781196101285355660e+00
1.883600996862636805e+02 -2.791439907737632620e+00 2.779154751843635474e+00
1.882368529020831716e+02 -2.789663145178769010e+00 2.777114783692514077e+00
1.881137471919981579e+02 -2.787872931110141561e+00 2.775069988481206007e+00
1.879907642053463235e+02 -2.786073520539511961e+00 2.773030823849468529e+00
1.878679058249791183e+02 -2.784262426726715312e+00 2.770983819677182769e+00
1.877450840696867544e+02 -2.782421129268087601e+00 2.768940811253685297e+00
1.876223462052967648e+02 -2.780551655361664487e+00 2.766899435238103777e+00
1.874997780444161037e+02 -2.778661781563069422e+00 2.764856658517941046e+00
1.873773302499955378e+02 -2.776752203471714253e+00 2.762812245816555379e+00
1.872549923970987891e+02 -2.774822777267858864e+00 2.760766961191216229e+00
1.871327267593094064e+02 -2.772871621093543126e+00 2.758716250026977956e+00
1.870105944172508998e+02 -2.770895463773658030e+00 2.756662737516379025e+00
1.868886093746937718e+02 -2.768897026594830280e+00 2.754608910048053083e+00
1.867667514212426738e+02 -2.766872436034211624e+00 2.752556257956970676e+00
1.866450380958792152e+02 -2.764831740851967812e+00 2.750502514827016576e+00
1.865234192531855797e+02 -2.762761452024724562e+00 2.748445468536110159e+00
1.864019658833325934e+02 -2.760667468041807737e+00 2.746382960648763305e+00
1.862805893052781130e+02 -2.758545501294192182e+00 2.744324173044123683e+00
1.861593948578503159e+02 -2.756393462790982518e+00 2.742264872563405564e+00
1.860382901564552185e+02 -2.754226212686250008e+00 2.740204423999294203e+00
1.859173799403797318e+02 -2.752044317687249109e+00 2.738145333629076195e+00
1.857965544804795570e+02 -2.749847061464882891e+00 2.736082492973209934e+00
1.856758655411158827e+02 -2.747640709537708226e+00 2.734016015920128329e+00
1.855553780371512289e+02 -2.745420853272288131e+00 2.731947677471062708e+00
1.854350574367639979e+02 -2.743198522345659640e+00 2.729879580571108022e+00
1.853148251495576346e+02 -2.740975155745747127e+00 2.727811799263026415e+00
1.851947872021011676e+02 -2.738754929101940405e+00 2.725745815659444737e+00
1.850749400310777162e+02 -2.736545496419959811e+00 2.723673237111429390e+00
1.849552785426117794e+02 -2.734354855467699075e+00 2.721605424651614147e+00
1.848356879024085515e+02 -2.732169467354853332e+00 2.719540785398381288e+00
1.847163673270752327e+02 -2.730010209015654166e+00 2.717479419099216198e+00
1.845971872926571109e+02 -2.727875974214732491e+00 2.715416072835432182e+00
1.844781871871610974e+02 -2.725761226891018740e+00 2.713358184151584584e+00
1.843593626218798534e+02 -2.723668226979023110e+00 2.711298309050643951e+00
1.842407092626581573e+02 -2.721587156602240931e+00 2.709242699850122893e+00
1.841221608016784614e+02 -2.719517201581131971e+00 2.707189593553831486e+00
1.840037993673042536e+02 -2.717457840651828604e+00 2.705137248067195799e+00
1.838855085953248079e+02 -2.715405774869553479e+00 2.703092057984403773e+00
1.837673463432235224e+02 -2.713361703088954968e+00 2.701046736646753210e+00
1.836492888391867098e+02 -2.711312929218876899e+00 2.699002191477830159e+00
1.835313102797860836e+02 -2.709271506087167047e+00 2.696967052285561106e+00
1.834134229756606658e+02 -2.707225377507911812e+00 2.694939154025277173e+00
1.832955466270505269e+02 -2.705176539793867185e+00 2.692912342161948303e+00
1.831778054820873365e+02 -2.703128817062100175e+00 2.690893140915163961e+00
1.830601270850409321e+02 -2.701088582451538933e+00 2.688880704198372662e+00
1.829425067628756665e+02 -2.699048837896837139e+00 2.686871380888223637e+00
1.828249398846620295e+02 -2.697006516344978344e+00 2.684864301201172143e+00
1.827074658008582446e+02 -2.694964223037162654e+00 2.682863753220495528e+00
1.825900224963093592e+02 -2.692929705240579175e+00 2.680867703058356533e+00
1.824726451434374326e+02 -2.690892543153467376e+00 2.678876549385849959e+00
1.823553274722324602e+02 -2.688859086202419313e+00 2.676890188435786744e+00
1.822379722426155126e+02 -2.686830278078922163e+00 2.674909303096486557e+00
1.821207737946465386e+02 -2.684806989014060452e+00 2.672933758635782198e+00
1.820034823984395871e+02 -2.682783293444623407e+00 2.670969752655221630e+00
1.818862969526245479e+02 -2.680771681968941333e+00 2.669010578936534817e+00
1.817691941755731762e+02 -2.678767957453145332e+00 2.667056326217577933e+00
1.816521031956271202e+02 -2.676775273275887379e+00 2.665106870780058035e+00
1.815350844828638230e+02 -2.674793577634439146e+00 2.663162480244397834e+00
1.814181678703918408e+02 -2.672824341228935197e+00 2.661222741930516555e+00
1.813013420092905505e+02 -2.670866633034717275e+00 2.659287110955357747e+00
1.811845872269564097e+02 -2.668920127639722750e+00 2.657354620994618166e+00
1.810678855076578770e+02 -2.666985774902828510e+00 2.655425004438694003e+00
1.809513272716695838e+02 -2.665069895349766238e+00 2.653498892264030129e+00
1.808347950422689507e+02 -2.663163925384353981e+00 2.651574732525530109e+00
1.807183912657135352e+02 -2.661275514343803383e+00 2.649653871709610087e+00
1.806020296766664899e+02 -2.659403012044162296e+00 2.647740085189327797e+00
1.804858133352882703e+02 -2.657545410133167252e+00 2.645826813252452947e+00
1.803696878641575836e+02 -2.655698206611453838e+00 2.643913382200190565e+00
1.802537188195696558e+02 -2.653866794709161869e+00 2.641998842723140228e+00
1.801379052852837503e+02 -2.652053478299451150e+00 2.640082538067738405e+00
1.800222466133388650e+02 -2.650254017221679081e+00 2.638164061929867188e+00
1.799067424321045223e+02 -2.648466969890479028e+00 2.636241718969732695e+00
1.797914438343410097e+02 -2.646691853419535168e+00 2.634314755974555222e+00
1.796763291809736529e+02 -2.644929271433397844e+00 2.632382399973547393e+00
1.795613696406813631e+02 -2.643172757021008845e+00 2.630442584195572309e+00
1.794466359043665875e+02 -2.641436865643990384e+00 2.628495428333130324e+00
1.793321283836697262e+02 -2.639707143342874485e+00 2.626541503271973443e+00
1.792178065180170847e+02 -2.637986739085298460e+00 2.624585030103804950e+00
1.791036741623819069e+02 -2.636277957611146583e+00 2.622622418496914243e+00
1.789897046733634340e+02 -2.634572780033227701e+00 2.620654043410788336e+00
1.788758985111063566e+02 -2.632866009342563096e+00 2.618681702734579453e+00
1.787622897196004601e+02 -2.631159234951072623e+00 2.616706837611078473e+00
1.786488527115175771e+02 -2.629446383454206781e+00 2.614730654108675445e+00
1.785355622654851402e+02 -2.627729012215955784e+00 2.612753958805553722e+00
1.784224452224517563e+02 -2.626007229256658526e+00 2.610777613185872426e+00
1.783093963276540421e+02 -2.624270650819806150e+00 2.608802696560645007e+00
1.781965263095436285e+02 -2.622525478359376550e+00 2.606829266950027257e+00
1.780836680943751560e+02 -2.620762824897089782e+00 2.604859176292722012e+00
1.779709674813061611e+02 -2.618994961512492115e+00 2.602895126744063425e+00
1.778583413198039409e+02 -2.617213798851154571e+00 2.600939295061418299e+00
1.777457827120057061e+02 -2.615414948512025273e+00 2.598988540046590856e+00
1.776332906278747998e+02 -2.613600405897369860e+00 2.597042393512166925e+00
1.775208818675052669e+02 -2.611765285259747937e+00 2.595102143958811336e+00
1.774085092305049045e+02 -2.609908369524180038e+00 2.593167425803031279e+00
1.772962051741002654e+02 -2.608030738081138278e+00 2.591239229871271199e+00
1.771839953076753318e+02 -2.606133065051619901e+00 2.589317983721686200e+00
1.770718482955065269e+02 -2.604215828167220081e+00 2.587403040036631463e+00
1.769597101101063288e+02 -2.602281589067015233e+00 2.585495242120249060e+00
1.768476263833584028e+02 -2.600323745272357545e+00 2.583594197563028771e+00
1.767356006146546576e+02 -2.598344516919318004e+00 2.581699767964873882e+00
1.766236804129750624e+02 -2.596357954830063264e+00 2.579815586977397324e+00
1.765117069906263509e+02 -2.594357770644001970e+00 2.577940723906638976e+00
1.763998252315730895e+02 -2.592347356969719296e+00 2.576072204354938222e+00
1.762880183643461578e+02 -2.590318020435934621e+00 2.574210204831403281e+00
1.761762700743918799e+02 -2.588271228286618264e+00 2.572354591792429090e+00
1.760645645046622576e+02 -2.586215188124331821e+00 2.570504206971370387e+00
1.759528862557742741e+02 -2.584150257970517117e+00 2.568658879198162825e+00
1.758412668616731764e+02 -2.582072931378420311e+00 2.566818654510905073e+00
1.757296794014195882e+02 -2.579987419664360182e+00 2.564982212081815316e+00
1.756181936877978274e+02 -2.577895920226453974e+00 2.563149778458875705e+00
1.755067214116808998e+02 -2.575799029990361255e+00 2.561320271079067457e+00
1.753954205203502852e+02 -2.573698848528203964e+00 2.559493166050459401e+00
1.752840948025526018e+02 -2.571606809592772880e+00 2.557670008776018022e+00
1.751729366622156476e+02 -2.569521813400796439e+00 2.555850648493268817e+00
1.750618173910032738e+02 -2.567437874290008804e+00 2.554030626912127122e+00
1.749508454437957994e+02 -2.565355901127473803e+00 2.552210193100694191e+00
1.748399735033498814e+02 -2.563276879361767069e+00 2.550388421877519907e+00
1.747292150324002193e+02 -2.561200750725282749e+00 2.548563960066861700e+00
1.746185892541558928e+02 -2.559128326569616529e+00 2.546735698142324811e+00
1.745080845576889601e+02 -2.557058911874286355e+00 2.544902747810783961e+00
1.743977186348242299e+02 -2.554992989894499633e+00 2.543064007921345571e+00
1.742874902876421004e+02 -2.552929663146042305e+00 2.541218141723888380e+00
1.741773617090801451e+02 -2.550869527787618551e+00 2.539364490904431726e+00
1.740674582060538000e+02 -2.548816992458831532e+00 2.537503117036920663e+00
1.739576445023795088e+02 -2.546787581003658651e+00 2.535638306742834303e+00
1.738480377102272314e+02 -2.544781298433058669e+00 2.533769971859399561e+00
1.737385393294677840e+02 -2.542795522470293612e+00 2.531896684850907242e+00
1.736291528090429495e+02 -2.540834664698370382e+00 2.530021131466742901e+00
1.735199235787779628e+02 -2.538901693547385818e+00 2.528143132472703503e+00
1.734108332355180266e+02 -2.536999186977684673e+00 2.526263510543944157e+00
1.733018637201834906e+02 -2.535129463552447504e+00 2.524383539421254152e+00
1.731929973097025197e+02 -2.533295101336384025e+00 2.522503840921814788e+00
1.730842703366215858e+02 -2.531497425078449659e+00 2.520624821254711989e+00
1.729756387861115741e+02 -2.529738016731015726e+00 2.518747849094910229e+00
1.728671252987727485e+02 -2.528017125945387189e+00 2.516871922406849205e+00
1.727587339693081958e+02 -2.526335582771293886e+00 2.514999717527375278e+00
1.726504661326144401e+02 -2.524704589574220392e+00 2.513130928867191027e+00
1.725422958379868987e+02 -2.523116914256906540e+00 2.511266435989417456e+00
1.724342168951043277e+02 -2.521564874082809382e+00 2.509405994622534664e+00
1.723262838812887594e+02 -2.520047094269779908e+00 2.507549790893985886e+00
1.722184817277880882e+02 -2.518562746859908774e+00 2.505698251540465549e+00
1.721107600809655480e+02 -2.517109129551691193e+00 2.503851677011307064e+00
1.720031367060482523e+02 -2.515683577144133487e+00 2.502010420079993303e+00
1.718956392229781613e+02 -2.514283287748753981e+00 2.500174878093781139e+00
1.717882690253131557e+02 -2.512904383623080662e+00 2.498344590349993233e+00
1.716809842785482374e+02 -2.511544045769404487e+00 2.496519433063987492e+00
1.715737450431440436e+02 -2.510198647297972485e+00 2.494700566657987562e+00
1.714666837378493938e+02 -2.508865397668248232e+00 2.492887439987273801e+00
1.713596857103813420e+02 -2.507551420829045252e+00 2.491079790530795091e+00
1.712527869216745557e+02 -2.506244237927071961e+00 2.489277825645164643e+00
1.711459851114219930e+02 -2.504935188461713924e+00 2.487481126983186464e+00
1.710392898211207466e+02 -2.503619914297428917e+00 2.485689756659403393e+00
1.709326516481512783e+02 -2.502294098760958097e+00 2.483903928201947942e+00
1.708261208943369240e+02 -2.500953492872207473e+00 2.482122727775322613e+00
1.707196601096425752e+02 -2.499593517701564238e+00 2.480346631897746068e+00
1.706132936290094051e+02 -2.498210174327469169e+00 2.478575063109730525e+00
1.705069878354673847e+02 -2.496798849841668222e+00 2.476807952877387198e+00
1.704007629766922776e+02 -2.495355773313855163e+00 2.475044358352526341e+00
1.702946074309687958e+02 -2.493876295759141826e+00 2.473284677443707835e+00
1.701885097027278846e+02 -2.492357393160699708e+00 2.471528578200627990e+00
1.700824961762170346e+02 -2.490806151787462230e+00 2.469773537687378173e+00
1.699765353237191334e+02 -2.489209024022827954e+00 2.468021004815447839e+00
1.698706673809433596e+02 -2.487560132425087112e+00 2.466270493607085612e+00
1.697648364928927265e+02 -2.485856969662727067e+00 2.464522090562138779e+00
1.696590640242235963e+02 -2.484095421618692789e+00 2.462775552634842047e+00
1.695533192278437014e+02 -2.482273127773074961e+00 2.461029985434775025e+00
1.694476414907216792e+02 -2.480387400351358629e+00 2.459285327089207662e+00
1.693420200790647527e+02 -2.478435292837148474e+00 2.457541517210902970e+00
1.692363913666875703e+02 -2.476415537748701379e+00 2.455797637472972195e+00
1.691307862407074367e+02 -2.474332213686551984e+00 2.454054146957683979e+00
1.690252331998053421e+02 -2.472191979065609946e+00 2.452310804007117095e+00
1.689198094758364164e+02 -2.469999958995444445e+00 2.450566845135922822e+00
1.688144180266323531e+02 -2.467772837948305487e+00 2.448820910689425201e+00
1.687090908776895617e+02 -2.465506891108862231e+00 2.447073537054877068e+00
1.686038474371098630e+02 -2.463207648206968248e+00 2.445325705174928199e+00
1.684987102243909192e+02 -2.460882020249630209e+00 2.443577279500440014e+00
1.683936199534683738e+02 -2.458536049976821847e+00 2.441827737326002445e+00
1.682886547070619372e+02 -2.456175794916541033e+00 2.440076795760315331e+00
1.681837681001959481e+02 -2.453808802552512436e+00 2.438324901445514392e+00
1.680790129266076178e+02 -2.451440593969736792e+00 2.436572000353989242e+00
1.679743738507539206e+02 -2.449077295507841701e+00 2.434817406509453885e+00
1.678698230473717672e+02 -2.446725046526796454e+00 2.433062409279948657e+00
1.677653636069741196e+02 -2.444390211334154017e+00 2.431305497469906651e+00
1.676610744512098279e+02 -2.442078664636069263e+00 2.429548291443836217e+00
1.675569370626992907e+02 -2.439801651425241857e+00 2.427786569924400784e+00
1.674529124413010948e+02 -2.437558152415653101e+00 2.426023446038114706e+00
1.673490396429889984e+02 -2.435352345739162594e+00 2.424260031704159157e+00
1.672452608504393652e+02 -2.433189315070717118e+00 2.422495470844118870e+00
1.671416693958696840e+02 -2.431073107212836426e+00 2.420730359923556563e+00
1.670381765273457404e+02 -2.429007379652639464e+00 2.418964324334710536e+00
1.669348389287818293e+02 -2.426996247530146089e+00 2.417197444367599424e+00
1.668316156424754979e+02 -2.425041861703654433e+00 2.415430326422578045e+00
1.667285084696907234e+02 -2.423147132415949923e+00 2.413662337897074295e+00
1.666255815284995094e+02 -2.421314179859408000e+00 2.411894384564943650e+00
1.665227229852566495e+02 -2.419543394161871142e+00 2.410127128344003555e+00
1.664200527963977265e+02 -2.417837232712988005e+00 2.408360093270715208e+00
1.663174808819620125e+02 -2.416202098229872419e+00 2.406591864326230290e+00
1.662151045902012640e+02 -2.414624978601130234e+00 2.404824947692000503e+00
1.661128508176608136e+02 -2.413113154269648231e+00 2.403060358664876883e+00
1.660106941779558838e+02 -2.411661519520807317e+00 2.401299068453786045e+00
1.659086372212543097e+02 -2.410275430909862404e+00 2.399540971518951515e+00
1.658067132603019047e+02 -2.408940557506702884e+00 2.397786641894757320e+00
1.657048687029598852e+02 -2.407662928389016965e+00 2.396035881447246663e+00
1.656031451002422443e+02 -2.406437745594820043e+00 2.394289453607543638e+00
1.655014844889557537e+02 -2.405258328179528782e+00 2.392548110228237768e+00
1.653999184371519107e+02 -2.404124743516228513e+00 2.390811331415144902e+00
1.652984688759003120e+02 -2.403029666398404540e+00 2.389080064391684299e+00
1.651970665984123627e+02 -2.401970266138839794e+00 2.387354446922658191e+00
1.650957247229119957e+02 -2.400936352776103622e+00 2.385632698020415887e+00
1.649944189007543685e+02 -2.399925433402495756e+00 2.383917893961407408e+00
1.648931991964707606e+02 -2.398928227460578988e+00 2.382210923334998842e+00
1.647919691636017490e+02 -2.397939845119729796e+00 2.380512874719086902e+00
1.646907290984687506e+02 -2.396954919606486989e+00 2.378823815966310207e+00
1.645895450121117847e+02 -2.395968406268717654e+00 2.377144414773123771e+00
1.644883683412703306e+02 -2.394968168675395859e+00 2.375475055054494966e+00
1.643871636880890605e+02 -2.393953315670784843e+00 2.373814491892941358e+00
1.642859147774419739e+02 -2.392917574656171276e+00 2.372162498747588000e+00
1.641847677144551199e+02 -2.391857413509085095e+00 2.370517377305294993e+00
1.640835783504039398e+02 -2.390765271958900762e+00 2.368877646472729026e+00
1.639824762831941598e+02 -2.389637718403817779e+00 2.367242700218826101e+00
1.638814356448870058e+02 -2.388471545467822033e+00 2.365608506732140626e+00
1.637804423659558495e+02 -2.387260315208312722e+00 2.363978990298013727e+00
1.636795340845220039e+02 -2.385998684266340319e+00 2.362351904254050616e+00
1.635787140880175912e+02 -2.384693380433220433e+00 2.360727188002611054e+00
1.634779171728539211e+02 -2.383334894453319475e+00 2.359104462948300451e+00
1.633772428969876387e+02 -2.381915532574030880e+00 2.357482762070614246e+00
1.632766570931300407e+02 -2.380441266193026095e+00 2.355861586349094594e+00
1.631761650217484600e+02 -2.378909289978563102e+00 2.354239898348612137e+00
1.630758043725542734e+02 -2.377315545421432308e+00 2.352617585087319885e+00
1.629754907242369484e+02 -2.375652865884550824e+00 2.350993047939097469e+00
1.628753335442978596e+02 -2.373935594889017953e+00 2.349366363681950620e+00
1.627753121648552792e+02 -2.372144420877423165e+00 2.347735680582526463e+00
1.626753628859877381e+02 -2.370285006143039830e+00 2.346099097637938335e+00
1.625755572359218490e+02 -2.368360133279538982e+00 2.344458520969550097e+00
1.624758872509827654e+02 -2.366379309143713527e+00 2.342814834758764064e+00
1.623762997069825076e+02 -2.364338092300998895e+00 2.341167419340460576e+00
1.622768402501871208e+02 -2.362235838060164905e+00 2.339515382055081361e+00
1.621775345527887850e+02 -2.360082271046946012e+00 2.337859259865776362e+00
1.620783012125947664e+02 -2.357883715759800936e+00 2.336198866121367068e+00
1.619792147293935045e+02 -2.355637483450850667e+00 2.334534423373387124e+00
1.618802387119634432e+02 -2.353347106699192892e+00 2.332865374039347017e+00
1.617813913961888943e+02 -2.351019947330573512e+00 2.331192490290564745e+00
1.616827052065510202e+02 -2.348663698239500164e+00 2.329515029261962411e+00
1.615841184710832863e+02 -2.346274554792061373e+00 2.327831771083520795e+00
1.614855761879818488e+02 -2.343866054351554595e+00 2.326143684134582390e+00
1.613872648316894356e+02 -2.341442969375940208e+00 2.324452420773106986e+00
1.612889786023092427e+02 -2.339011065894041064e+00 2.322758595211221522e+00
1.611907813435160222e+02 -2.336586639196504223e+00 2.321062586431231978e+00
1.610927316337438810e+02 -2.334166712257331078e+00 2.319365178199501720e+00
1.609947717240859504e+02 -2.331760154484483483e+00 2.317667764201728264e+00
1.608969093765346656e+02 -2.329375812920541300e+00 2.315970192967626851e+00
1.607991113486135646e+02 -2.327027719722860599e+00 2.314273404817836166e+00
1.607014432639660981e+02 -2.324710291235227544e+00 2.312578598944665220e+00
1.606038093868839667e+02 -2.322443136531795904e+00 2.310886020826202980e+00
1.605062437170499834e+02 -2.320226747692096581e+00 2.309197099912779549e+00
1.604087739330220757e+02 -2.318060168297143786e+00 2.307510857943188665e+00
1.603113954634526692e+02 -2.315951473146794726e+00 2.305827753867931484e+00
1.602140300656362797e+02 -2.313911747685704068e+00 2.304151443050357795e+00
1.601167043391874358e+02 -2.311945123203864139e+00 2.302482067088132744e+00
1.600194592273623755e+02 -2.310065319894025748e+00 2.300820361995785657e+00
1.599222080753469015e+02 -2.308269328093529360e+00 2.299168094754189262e+00
1.598249953397260583e+02 -2.306560535297430548e+00 2.297524662012592422e+00
1.597278370745470966e+02 -2.304940043701028785e+00 2.295889027552896700e+00
1.596306707029388008e+02 -2.303401663757759454e+00 2.294261032332005623e+00
