# cl_TT                  cl_TE                    cl_EE
3.818273702583328941e+03 1.964059568040070758e+00 1.009611735738393801e-01
3.152440145397060860e+03 4.297803578335269492e+00 2.061378645928598208e-01
2.689837744792540434e+03 5.524433523439950200e+00 2.775898475565162782e-01
2.367067580124063170e+03 5.849080013717407489e+00 2.938880492750411966e-01
2.139612611168071453e+03 5.632186544552737928e+00 2.600265142665724727e-01
1.978859923668051579e+03 5.146180901727986701e+00 1.980324484795034090e-01
1.865718242549785600e+03 4.567301605058848857e+00 1.334609481310156109e-01
1.788534012957109326e+03 3.994007281478208604e+00 8.482987091140455072e-02
1.738785295779977787e+03 3.484875399767632942e+00 5.921753602824943175e-02
1.710063330060035014e+03 3.081857362071109829e+00 5.353077210266981439e-02
1.698877134275182016e+03 2.805702496517314515e+00 5.900376159957906874e-02
1.701971458578385636e+03 2.654565188128771513e+00 6.622697901996475733e-02
1.715847381090048430e+03 2.608224784086230041e+00 6.875918631978204798e-02
1.738150085990975640e+03 2.647022237428314995e+00 6.446292203366038587e-02
1.768021819418501991e+03 2.746829250108675069e+00 5.483258658114462808e-02
1.804533656271757764e+03 2.872373965883582514e+00 4.323251757673506057e-02
1.845490412734318852e+03 2.988374012121314482e+00 3.299059084998422209e-02
1.893235004744863318e+03 3.074247267270480144e+00 2.615631856391225848e-02
1.944491997291036796e+03 3.112931464376078150e+00 2.315800224297391227e-02
1.997907634374397048e+03 3.099386393356981184e+00 2.288167334370247441e-02
2.054571385794281468e+03 3.038694050856063367e+00 2.396025300535931102e-02
2.114163745693021610e+03 2.935371081037927876e+00 2.524007226117110439e-02
2.175960461007244703e+03 2.795076069603482427e+00 2.585798541538497988e-02
2.239872864060433585e+03 2.633191428032775949e+00 2.596512008480172939e-02
2.305697356698236945e+03 2.462878273587840727e+00 2.600123767003144695e-02
2.372880370614025651e+03 2.299111304935075317e+00 2.653140009146692443e-02
2.441703518019506191e+03 2.151186592199326508e+00 2.804610273150029420e-02
2.511885223421690625e+03 2.018209334357901064e+00 3.059145296957972715e-02
2.583237417876503059e+03 1.907029638396008142e+00 3.408827902405728305e-02
2.655882390234992727e+03 1.813363177100480561e+00 3.827900463163499967e-02
2.729288740431914903e+03 1.745215015928368141e+00 4.288886497886940097e-02
2.803966370392117824e+03 1.691155197928120746e+00 4.787667509342431738e-02
2.879528785742698346e+03 1.639869474557003715e+00 5.322756964376258726e-02
2.955805578783131295e+03 1.585616367393746451e+00 5.901953591946966504e-02
3.033135385486266841e+03 1.516163077735004805e+00 6.531470263877561799e-02
3.111053246913244948e+03 1.427269403207048537e+00 7.207689833059011120e-02
3.189645972007504497e+03 1.309855226225170588e+00 7.924451421828841713e-02
3.269139674222506983e+03 1.159580770879848899e+00 8.672776506601619084e-02
3.349493026502989778e+03 9.745790013346447012e-01 9.442484104271298140e-02
3.430577260720955564e+03 7.524880905404464082e-01 1.022705233289600557e-01
3.512244647901465669e+03 4.945423648484636447e-01 1.103404245491864527e-01
3.594405695755747729e+03 2.039939772928466011e-01 1.187528888995094123e-01
3.677044088798748362e+03 -1.150124791568820082e-01 1.276346479956711466e-01
3.760167942303437940e+03 -4.588776315213582424e-01 1.371134418874639660e-01
3.843817485318025319e+03 -8.252805572242815080e-01 1.472910472573240870e-01
3.928039625294992220e+03 -1.213254346749106372e+00 1.581708035623086706e-01
4.012812536330978674e+03 -1.621830614291178030e+00 1.697282830047934232e-01
4.098085882886816762e+03 -2.049952466519898930e+00 1.819339690545192789e-01
4.183796999737990518e+03 -2.496539522297341218e+00 1.947527046574674681e-01
4.269904644367822584e+03 -2.961237117975325184e+00 2.081510777971981307e-01
4.356423986991090715e+03 -3.446754741516924625e+00 2.221067366568429957e-01
4.443378273721467849e+03 -3.956353590328894665e+00 2.365984696384590413e-01
4.530735714105802799e+03 -4.492659968583161856e+00 2.516037167513883177e-01
4.618458226852397274e+03 -5.058327610708979627e+00 2.670971081525290725e-01
4.706548969523862070e+03 -5.656425557160991602e+00 2.830701834347049139e-01
4.794982380902441946e+03 -6.286607421276517726e+00 2.995221751853328618e-01
4.883826071593267443e+03 -6.948755976901502152e+00 3.164639641180324592e-01
4.973122440455386823e+03 -7.642730410645502737e+00 3.339089581689013708e-01
5.062791416113188461e+03 -8.367828148056199566e+00 3.518731037754260216e-01
5.152723772879329772e+03 -9.123196766844149153e+00 3.703727306735996594e-01
5.242921620020766568e+03 -9.908144002856795751e+00 3.894170590423021716e-01
5.333429278836730191e+03 -1.072199979310485674e+01 4.090138023198134909e-01
5.424280192495137271e+03 -1.156416293230182291e+01 4.291706739094073297e-01
5.515507625448139152e+03 -1.243408657335235112e+01 4.498958588878843590e-01
5.607123270408003009e+03 -1.333099450410125542e+01 4.711934417062301761e-01
5.699088681981071204e+03 -1.425319653762780625e+01 4.930531571633580135e-01
5.791373779815357921e+03 -1.519890285625854531e+01 5.154585025198265003e-01
5.883966600528666277e+03 -1.616643042796227192e+01 5.383922597180500480e-01
5.976861143869247826e+03 -1.715412043899450012e+01 5.618373949772831333e-01
6.070052147949266327e+03 -1.816110649184212278e+01 5.857737255329826809e-01
6.163551812671517837e+03 -1.918971691865477780e+01 6.101700000428212922e-01
6.257376096202638109e+03 -2.024316824043840768e+01 6.349930114704047668e-01
6.351533330462565573e+03 -2.132469043207299464e+01 6.602105447310192554e-01
6.446032460709017869e+03 -2.243744005938154373e+01 6.857895500261650401e-01
6.540853118135280965e+03 -2.358329989686174244e+01 7.117057147069104639e-01
6.635959236862304351e+03 -2.475984579217321624e+01 7.379748841983977403e-01
6.731320705156291297e+03 -2.596356504362703888e+01 7.646230813451083685e-01
6.826902171260905561e+03 -2.719108813682102266e+01 7.916750791294315803e-01
6.922714967210730720e+03 -2.843927175876225988e+01 8.191577944057236715e-01
7.018863817676420695e+03 -2.970615482568554455e+01 8.470821824214268547e-01
7.115411304145577560e+03 -3.099064408420920458e+01 8.754005762790778578e-01
7.212385228323699266e+03 -3.229214658819457640e+01 9.040529608991020316e-01
7.309796208717144509e+03 -3.360949978271801086e+01 9.329757290174691686e-01
7.407572596381833137e+03 -3.494072498863716447e+01 9.621055649074023997e-01
7.505620585915239644e+03 -3.628442386782841567e+01 9.913895623457754658e-01
7.603933154072027719e+03 -3.764056407640219248e+01 1.020813536423327506e+00
7.702515915996486910e+03 -3.900979637281167811e+01 1.050372286547780920e+00
7.801379454253693439e+03 -4.039252315230707069e+01 1.080062243531053845e+00
7.900524537034812965e+03 -4.178926044664250128e+01 1.109877974584861704e+00
7.999953924870435912e+03 -4.320025325444031239e+01 1.139810745165471539e+00
8.099669642930363807e+03 -4.462456319218631506e+01 1.169838675609730316e+00
8.199670443338547557e+03 -4.606105317243566333e+01 1.199933819352452469e+00
8.299957343488533297e+03 -4.750849778510654176e+01 1.230069161687877388e+00
8.400529637202440426e+03 -4.896576373785885750e+01 1.260217636610619030e+00
8.501391568060100326e+03 -5.043167043108966396e+01 1.290351407303242048e+00
8.602542599338783475e+03 -5.190506302581638209e+01 1.320443689260963005e+00
8.703982502613864199e+03 -5.338478262698697563e+01 1.350467348595608463e+00
8.805712364926052032e+03 -5.486956422237893349e+01 1.380394489135789104e+00
8.907724969816021257e+03 -5.635817947564657970e+01 1.410197682792942997e+00
9.010019449195810012e+03 -5.784940009914488002e+01 1.439848870709005579e+00
9.112590565158076060e+03 -5.934197641983679716e+01 1.469320006378753041e+00
9.215424552531834706e+03 -6.083461407991418923e+01 1.498584504068913192e+00
9.318526558834768366e+03 -6.232601877753597108e+01 1.527616564074955052e+00
9.421888022411332713e+03 -6.381493625250840296e+01 1.556387052187549358e+00
9.525503542622020177e+03 -6.530019647309073605e+01 1.584864740979786024e+00
9.629358194464690314e+03 -6.678028815290684861e+01 1.613031903300668590e+00
9.733448182818954592e+03 -6.825403393210275738e+01 1.640849080599999343e+00
9.837763618138953461e+03 -6.972007113641365095e+01 1.668294853509442177e+00
9.942295060428457873e+03 -7.117696733821948385e+01 1.695340861577551594e+00
1.004703803656380296e+04 -7.262341232128520119e+01 1.721959602870180905e+00
1.015197006697464712e+04 -7.405812480809943565e+01 1.748128151636459071e+00
1.025709512425786852e+04 -7.547970692105187140e+01 1.773830924684074439e+00
1.036239825228048358e+04 -7.688695053381154310e+01 1.799039723234004073e+00
1.046786968676913602e+04 -7.827859569351919333e+01 1.823737890993932353e+00
1.057350601109761737e+04 -7.965320330641267788e+01 1.847909894235658879e+00
1.067929912091403639e+04 -8.100958536526889020e+01 1.871529168007196153e+00
1.078523981221759095e+04 -8.234639905760982970e+01 1.894572198997853230e+00
1.089131888107807936e+04 -8.366234640437031089e+01 1.917026802132887120e+00
1.099753183024951977e+04 -8.495616233672487283e+01 1.938874663727305325e+00
1.110387163656314260e+04 -8.622653752590954923e+01 1.960089216195519013e+00
1.121032492934222864e+04 -8.747214094067628309e+01 1.980654213435217192e+00
1.131688367789366748e+04 -8.869171957801169981e+01 2.000552975546840528e+00
1.142354166858202007e+04 -8.988400246920231496e+01 2.019767009021196991e+00
1.153028969519797101e+04 -9.104765892450666342e+01 2.038277460974823541e+00
1.163711546575397006e+04 -9.218142007396284043e+01 2.056065305359005446e+00
1.174400878432202990e+04 -9.328403152581954316e+01 2.073115052632534372e+00
1.185096451514739056e+04 -9.435416295852809299e+01 2.089408672874954132e+00
1.195797117427201920e+04 -9.539052966134086375e+01 2.104928615387132496e+00
1.206501694097236941e+04 -9.639191388330579002e+01 2.119662012558936492e+00
1.217209451788873776e+04 -9.735703373630799717e+01 2.133592669733483493e+00
1.227918335894855954e+04 -9.828458469814380294e+01 2.146720954160409534e+00
1.238626802838679396e+04 -9.917335274105781195e+01 2.159041743707241334e+00
1.249333666850643931e+04 -1.000220605059903107e+02 2.170558923993020528e+00
1.260036603089188793e+04 -1.008293868757461382e+02 2.181266299785234786e+00
1.270733401232058714e+04 -1.015941263587979506e+02 2.191169610071525664e+00
1.281423676762165633e+04 -1.023150123736225510e+02 2.200274374256749876e+00
1.292104363546411878e+04 -1.029904869104895084e+02 2.208562326104833939e+00
1.302774469209664676e+04 -1.036192881312753258e+02 2.216056298798509072e+00
1.313431668471520788e+04 -1.042005965950744866e+02 2.222749013761716519e+00
1.324074927792510607e+04 -1.047330207752454641e+02 2.228652213051418141e+00
1.334702007559885533e+04 -1.052153470317896051e+02 2.233765899147000411e+00
1.345311174219843997e+04 -1.056464339242540120e+02 2.238101057407637651e+00
1.355900199315298778e+04 -1.060250906740544110e+02 2.241658778778311767e+00
1.366468370810476335e+04 -1.063501169607004613e+02 2.244443596755785642e+00
1.377013305604285961e+04 -1.066203636903733951e+02 2.246471502922255947e+00
1.387532984116519765e+04 -1.068346002753866770e+02 2.247742163155288520e+00
1.398026199595409707e+04 -1.069916976809695939e+02 2.248261826218747039e+00
1.408490661461271520e+04 -1.070905026049271385e+02 2.248042895460685475e+00
1.418924590921214076e+04 -1.071297752124683740e+02 2.247089724303509062e+00
1.429325491004469040e+04 -1.071084622997491635e+02 2.245417912124041848e+00
1.439690793070192376e+04 -1.070256995919434786e+02 2.243068789063907165e+00
1.450018553401292047e+04 -1.068806571434855925e+02 2.240082497675723872e+00
1.460306488317580624e+04 -1.066725823249178688e+02 2.236498725548090150e+00
1.470552314401954936e+04 -1.064006491977812772e+02 2.232360834150568962e+00
1.480753508066199174e+04 -1.060640800495693554e+02 2.227712186242848613e+00
1.490907978469395130e+04 -1.056621815562672708e+02 2.222596145560097547e+00
1.501014869172490398e+04 -1.051942605214354813e+02 2.217057940491067747e+00
1.511072216802643743e+04 -1.046596557470783750e+02 2.211147553173184122e+00
1.521078930777630922e+04 -1.040577669276575534e+02 2.204912318797102255e+00
1.531033602141800475e+04 -1.033878666467018519e+02 2.198392143394228171e+00
1.540935622091564437e+04 -1.026493788731078922e+02 2.191641276577263486e+00
1.550782253434282029e+04 -1.018416161165905152e+02 2.184698512966120276e+00
1.560573128723822629e+04 -1.009639520394605654e+02 2.177626096043100201e+00
1.570305867517011757e+04 -1.000156614602539804e+02 2.170459420811613249e+00
1.579978072856756444e+04 -9.899542434015184256e+01 2.163246331831408131e+00
1.589587579675055531e+04 -9.790339152270196621e+01 2.156048184872495721e+00
1.599132766054812237e+04 -9.673906854501336738e+01 2.148914945643575436e+00
1.608612016192893680e+04 -9.550170909803499342e+01 2.141909213925088817e+00
1.618022505025525606e+04 -9.419085745703578993e+01 2.135069985919079372e+00
1.627363027851088191e+04 -9.280585525389389545e+01 2.128451313780322263e+00
1.636631530495838342e+04 -9.134617587629274738e+01 2.122109760515653587e+00
1.645826261254935525e+04 -8.981127366624238562e+01 2.116101882714864324e+00
1.654945606876135207e+04 -8.820073825479843777e+01 2.110484229988458971e+00
1.663987954603283288e+04 -8.651406789202529524e+01 2.105313344401475995e+00
1.672951514310051061e+04 -8.475082063172104085e+01 2.100646839167715108e+00
1.681833369236847284e+04 -8.291086883756597103e+01 2.096570467594830678e+00
1.690631345120832702e+04 -8.099419686278551467e+01 2.093176514895104923e+00
1.699342640931556525e+04 -7.900078023450490150e+01 2.090554525520200269e+00
1.707963924758026042e+04 -7.693059794861268585e+01 2.088794033546970574e+00
1.716492826966090070e+04 -7.478372324598844045e+01 2.087990713430884160e+00
1.724926771415297844e+04 -7.256021605468568225e+01 2.088238895706556075e+00
1.733262673410740535e+04 -7.026004729677786997e+01 2.089629067767962756e+00
1.741497630356804802e+04 -6.788325136803634052e+01 2.092259422123822432e+00
1.749628703596930427e+04 -6.542988624343827553e+01 2.096219432833996699e+00
1.757653706937357492e+04 -6.289999814445092596e+01 2.101602008791684018e+00
1.765569819723438559e+04 -6.029373114603368577e+01 2.108508377500484254e+00
1.773373941895344615e+04 -5.761121747046076536e+01 2.117034588376779602e+00
1.781063969034982802e+04 -5.485254411364957861e+01 2.127275762546115168e+00
1.788637162178465223e+04 -5.201786151815319670e+01 2.139322587630318573e+00
1.796090259608527049e+04 -4.910736493213806142e+01 2.153277684320196173e+00
1.803421228181809056e+04 -4.612100592751058770e+01 2.169243452194197452e+00
1.810625573695865387e+04 -4.305853612116727902e+01 2.187316461567412329e+00
1.817701721830389215e+04 -3.992027041837575041e+01 2.207592239802758538e+00
1.824647674501363144e+04 -3.670685379717490093e+01 2.230172022879245652e+00
1.831460112529180697e+04 -3.341843339106144839e+01 2.255153254247694861e+00
1.838136935798078412e+04 -3.005527651074238094e+01 2.282635629778996034e+00
1.844675540872509009e+04 -2.661765917346145471e+01 2.312717229715329559e+00
1.851072689533097946e+04 -2.310568817405624387e+01 2.345498158850757076e+00
1.857325582447887427e+04 -1.951960193625200191e+01 2.381077821126342364e+00
1.863432901836642486e+04 -1.585994041561329304e+01 2.419562303756390698e+00
1.869393533782623126e+04 -1.212777770658948207e+01 2.461079820630883486e+00
1.875207075989955774e+04 -8.324433034451814706e+00 2.505763988908203288e+00
1.880873537986239535e+04 -4.451201598027562767e+00 2.553749263842878925e+00
1.886392929132698555e+04 -5.093720819355608276e-01 2.605169743830220597e+00
1.891764134600471880e+04 3.499778375712791600e+00 2.660158987562399435e+00
1.896986916356996880e+04 7.574897139433643289e+00 2.718850534024908949e+00
1.902061324255158979e+04 1.171466567833631878e+01 2.781378864251808025e+00
1.906986336998005936e+04 1.591775521824237316e+01 2.847878582071277087e+00
1.911760768146727787e+04 2.018278627857250740e+01 2.918483700013529525e+00
1.916383598781127876e+04 2.450848126706855723e+01 2.993328761509190361e+00
1.920854436194442678e+04 2.889341505787489695e+01 3.072548080267983206e+00
1.925171568567455688e+04 3.333622610642639472e+01 3.156276028296119307e+00
1.929335189985464240e+04 3.783559902515477091e+01 3.244646480313331693e+00
1.933344115836231504e+04 4.239017408806686404e+01 3.337794538100374186e+00
1.937198213575992122e+04 4.699844198295052422e+01 3.435854118323315554e+00
1.940899673242461358e+04 5.165894136560633854e+01 3.538958792270715747e+00
1.944447329308883855e+04 5.637019409336308229e+01 3.647243814040903143e+00
1.947841873688617488e+04 6.113072907528029276e+01 3.760843736370486301e+00
1.951084337657807191e+04 6.593914593550989878e+01 3.879897511136844557e+00
1.954173124383638424e+04 7.079437707971693783e+01 4.004575175201552817e+00
1.957110835420004878e+04 7.569441371328841228e+01 4.134972882557188534e+00
1.959897481011087802e+04 8.063775147559512391e+01 4.271218595480291924e+00
1.962531805653008632e+04 8.562287971065447323e+01 4.413453469412771391e+00
1.965013700182729008e+04 9.064826949746733931e+01 4.561806602823184065e+00
1.967343171016391352e+04 9.571247688558491973e+01 4.716405860383774851e+00
1.969519674683055928e+04 1.008139388446318065e+02 4.877390084531364245e+00
1.971542555882754095e+04 1.059511807051962933e+02 5.044889877360322572e+00
1.973412151028958033e+04 1.111226097821769230e+02 5.219033043145035577e+00
1.975127722001640723e+04 1.163267713248030759e+02 5.399956742090932238e+00
1.976689277264747216e+04 1.215620670608757763e+02 5.587788719694673389e+00
1.978097485287378368e+04 1.268269548274407157e+02 5.782658397021798180e+00
1.979352626928711470e+04 1.321198363743265247e+02 5.984692360445963644e+00
1.980454348452442719e+04 1.374391483207889735e+02 6.194022516083431462e+00
1.981402662520597733e+04 1.427833478212905618e+02 6.410783108174696210e+00
1.982197931486196103e+04 1.481508244820706466e+02 6.635098732440058988e+00
1.982840442345705014e+04 1.535400036405670789e+02 6.867096004957973676e+00
1.983330359262469210e+04 1.589493108584074150e+02 7.106906638423976297e+00
1.983667479311616626e+04 1.643771493715866256e+02 7.354653722298142959e+00
1.983852472155958822e+04 1.698218988803031948e+02 7.610457556733172702e+00
1.983885664671676568e+04 1.752819684970015430e+02 7.874450603320675590e+00
1.983766547852704025e+04 1.807557185495337251e+02 8.146758955733700347e+00
1.983495365025056526e+04 1.862415330967964167e+02 8.427504688239821462e+00
1.983073086750732182e+04 1.917378781920228050e+02 8.716815297537454654e+00
1.982498715218342113e+04 1.972430550736141583e+02 9.014816358489795789e+00
1.981774099331993420e+04 2.027554287085848728e+02 9.321616564006053096e+00
1.980898605155916812e+04 2.082734259338687934e+02 9.637343162293536381e+00
1.979871503996755564e+04 2.137953713961848621e+02 9.962159413588228318e+00
1.978693478062224312e+04 2.193194605110998054e+02 1.029617802145065930e+01
1.977365281825020793e+04 2.248442690910217152e+02 1.063948724103296328e+01
1.975888301085611965e+04 2.303679545499926178e+02 1.099218935737937208e+01
1.974263075030109758e+04 2.358884620791711768e+02 1.135434547681810180e+01
1.972490141408723503e+04 2.414037823301848391e+02 1.172599940121103401e+01
1.970571163941017585e+04 2.469117517058608655e+02 1.210719982410411255e+01
1.968507468117833560e+04 2.524102844292779366e+02 1.249798033001765063e+01
1.966299235881375716e+04 2.578972692837215845e+02 1.289839106423157311e+01
1.963948270892327128e+04 2.633705318633473667e+02 1.330847863035199730e+01
1.961455277104370543e+04 2.688280165040932275e+02 1.372827691874498512e+01
1.958821414159313281e+04 2.742676015651125567e+02 1.415783277460698564e+01
1.956047341232790131e+04 2.796870554289030224e+02 1.459717833714309343e+01
1.953133681984629220e+04 2.850842327871480393e+02 1.504634875582644149e+01
1.950081289322888188e+04 2.904570056799296935e+02 1.550538316221636670e+01
1.946891340387387390e+04 2.958031514585895252e+02 1.597431761354576629e+01
1.943564525753057751e+04 3.011205013496470997e+02 1.645318621279671945e+01
1.940101121958022122e+04 3.064069444723684228e+02 1.694201994305599968e+01
1.936502751314627676e+04 3.116603625851585662e+02 1.744085688448769034e+01
1.932770824378055113e+04 3.168786377434195742e+02 1.794972452426084430e+01
1.928907017176180307e+04 3.220597512434563328e+02 1.846865137013731584e+01
1.924912843331844488e+04 3.272020720852420936e+02 1.899767550844426012e+01
1.920790433319623480e+04 3.323026761739979520e+02 1.953682119095351766e+01
1.916540633901835463e+04 3.373604544580192055e+02 2.008611797102539143e+01
1.912165813673648881e+04 3.423727760960443902e+02 2.064559539175031944e+01
1.907667170312272356e+04 3.473380824211960771e+02 2.121528249299094782e+01
1.903045878870769593e+04 3.522536574027808456e+02 2.179520195901285362e+01
1.898302203788098268e+04 3.571185913475745792e+02 2.238538413399425764e+01
1.893436365502422632e+04 3.619288496578437844e+02 2.298590500710400519e+01
1.888451541418094348e+04 3.666829154853239174e+02 2.359671288219794860e+01
1.883348275385682427e+04 3.713799827597607077e+02 2.421783059688726425e+01
1.878127101608008888e+04 3.760167348490762151e+02 2.484928103230540941e+01
1.872789156997161990e+04 3.805921406713326860e+02 2.549107500716912256e+01
1.867336788861301466e+04 3.851031003919151203e+02 2.614323368445786500e+01
1.861770319877450675e+04 3.895483672591247455e+02 2.680577445300279749e+01
1.856092230908913189e+04 3.939255801650467106e+02 2.747869791730744282e+01
1.850303227090398286e+04 3.982334435340033565e+02 2.816202523507448063e+01
1.844404582631363155e+04 4.024692911238855686e+02 2.885576719535750811e+01
1.838398593906377573e+04 4.066314448415458855e+02 2.955993565417147551e+01
1.832286536454204179e+04 4.107178690540038133e+02 3.027454275388002713e+01
1.826069328500795018e+04 4.147261713915499968e+02 3.099959816514987310e+01
1.819748522701459297e+04 4.186549542390020520e+02 3.173510437245203875e+01
1.813325973421580056e+04 4.225024260690332767e+02 3.248106115784334946e+01
1.806802923357893451e+04 4.262664199641822051e+02 3.323747771897380687e+01
1.800180460173590473e+04 4.299452027215970702e+02 3.400435924051182468e+01
1.793460437432330218e+04 4.335366583391469817e+02 3.478170314705723598e+01
1.786644259228161172e+04 4.370386710950375573e+02 3.556951693562119488e+01
1.779732850296252582e+04 4.404493231275444032e+02 3.636780177251625190e+01
1.772727892921368402e+04 4.437671610217798275e+02 3.717655590561889056e+01
1.765630865009266563e+04 4.469905881198445172e+02 3.799577820807988360e+01
1.758443931221438106e+04 4.501173733233979988e+02 3.882545668616509715e+01
1.751167709707874019e+04 4.531450984097652963e+02 3.966559849382491620e+01
1.743803515568256626e+04 4.560733223967758363e+02 4.051619426341423491e+01
1.736353935838816687e+04 4.588988583271949437e+02 4.137721080169644239e+01
1.728820873570604454e+04 4.616214429211263450e+02 4.224850400846558074e+01
1.721205274897002528e+04 4.642387384197107281e+02 4.312983520215924926e+01
1.713510174410125546e+04 4.667504185379930846e+02 4.402110005467583420e+01
1.705738490082228600e+04 4.691547295443552343e+02 4.492206050379554938e+01
1.697891652501397039e+04 4.714514787101617230e+02 4.583243263428751391e+01
1.689972286907862144e+04 4.736392973933797066e+02 4.675211551557126910e+01
1.681981931664076546e+04 4.757161368039801914e+02 4.768084524250160428e+01
1.673923665558610810e+04 4.776815617085854910e+02 4.861844853032539504e+01
1.665799796474786126e+04 4.795349013611087230e+02 4.956471857820190507e+01
1.657612378581302983e+04 4.812748505338500422e+02 5.051943594280392347e+01
1.649363946787783061e+04 4.829004313495399288e+02 5.148247740012605078e+01
1.641057216649119437e+04 4.844108469823970609e+02 5.245357437220236108e+01
1.632694476670547192e+04 4.858053008222063340e+02 5.343254591980405621e+01
1.624278180106860782e+04 4.870829964660352971e+02 5.441922513025316022e+01
1.615811041925189238e+04 4.882427649067456059e+02 5.541339274686700378e+01
1.607295085333564930e+04 4.892834941544542176e+02 5.641486413032964720e+01
1.598732657602383188e+04 4.902043883719737210e+02 5.742342253077814718e+01
1.590126551348993598e+04 4.910046518898257659e+02 5.843884098243815828e+01
1.581478818881560619e+04 4.916834891947092387e+02 5.946094010000284413e+01
1.572791274595011237e+04 4.922401049173170691e+02 6.048947706971530636e+01
1.564066151034270661e+04 4.926732825644038485e+02 6.152422990119539747e+01
1.555306566949343505e+04 4.929816379140073082e+02 6.256505690552502585e+01
1.546513876324578814e+04 4.931652297366720745e+02 6.361170430865916359e+01
1.537691194466315756e+04 4.932227308969620481e+02 6.466399351075278901e+01
1.528840469429315635e+04 4.931533465405191237e+02 6.572164976886634236e+01
1.519963316136252433e+04 4.929562818707303222e+02 6.678446940813678623e+01
1.511063011046782776e+04 4.926307905848624955e+02 6.785234667467518932e+01
1.502141625083728832e+04 4.921766968528919506e+02 6.892493697317375734e+01
1.493201958802120498e+04 4.915922470956134589e+02 7.000208841645748237e+01
1.484245620615346706e+04 4.908758240659294643e+02 7.108357916955804967e+01
1.475274380321505123e+04 4.900284301859441030e+02 7.216925688752019141e+01
1.466292254220422728e+04 4.890492762504248958e+02 7.325883804953238609e+01
1.457299500314008219e+04 4.879369382693431589e+02 7.435210097807488694e+01
1.448299792841909402e+04 4.866911636988026544e+02 7.544882731303663093e+01
1.439294288293444515e+04 4.853118192182076882e+02 7.654879874892213820e+01
1.430285901316316267e+04 4.837976753323580965e+02 7.765185183805310487e+01
1.421276437975556837e+04 4.821483169485547364e+02 7.875778246142225214e+01
1.412268269520557624e+04 4.803626223800840194e+02 7.986632308488162835e+01
1.403263635322909431e+04 4.784400680698860242e+02 8.097723614732417730e+01
1.394264579435456108e+04 4.763809597858251550e+02 8.209034761752050713e+01
1.385273558275834876e+04 4.741841733952107916e+02 8.320542313102781407e+01
1.376292504911213837e+04 4.718487465995228831e+02 8.432225577909224512e+01
1.367323517733435983e+04 4.693741857102137374e+02 8.544065801037456254e+01
1.358368636880518170e+04 4.667603574146768892e+02 8.656037886232456913e+01
1.349429851579317619e+04 4.640068737251535254e+02 8.768119539054325173e+01
1.340509864503017343e+04 4.611128308478055260e+02 8.880290056280614408e+01
1.331610876394828847e+04 4.580778419774800909e+02 8.992526074729849483e+01
1.322734489067931827e+04 4.549015562626834139e+02 9.104810221635895573e+01
1.313882741894422907e+04 4.515839086897019001e+02 9.217120749859537909e+01
1.305057867229761541e+04 4.481242678501047862e+02 9.329434037884105635e+01
1.296262541969855556e+04 4.445244749377158087e+02 9.441720373394605303e+01
1.287498831674680514e+04 4.407856528559161688e+02 9.553949894646692087e+01
1.278768343761828146e+04 4.369089240766933813e+02 9.666079016639243093e+01
1.270073258395763878e+04 4.328955336268718952e+02 9.778080742509879997e+01
1.261415720810535640e+04 4.287478231579424346e+02 9.889921734838107170e+01
1.252797255958396818e+04 4.244662669042345442e+02 1.000156253892904061e+02
1.244220904516712471e+04 4.200518441408159447e+02 1.011297189601103383e+02
1.235688357088973498e+04 4.155061851210825239e+02 1.022411256303305152e+02
1.227200802501191174e+04 4.108313912050044223e+02 1.033496020081207831e+02
1.218760398784848985e+04 4.060286010917314456e+02 1.044546920289142804e+02
1.210369938320917208e+04 4.011007787661148427e+02 1.055562413850773851e+02
1.202031083552676319e+04 3.960486751301887693e+02 1.066538839045957445e+02
1.193746471443646806e+04 3.908744291868976006e+02 1.077473362395759295e+02
1.185518405949968110e+04 3.855799473824927759e+02 1.088362818408148343e+02
1.177348556014310998e+04 3.801665009014656675e+02 1.099203914566720783e+02
1.169238915555155836e+04 3.746366456022944362e+02 1.109993839019160475e+02
1.161192112953192191e+04 3.689916702573031557e+02 1.120729056442089444e+02
1.153209707364640599e+04 3.632328797718253668e+02 1.131406466458093263e+02
1.145293348061338475e+04 3.573620501379431857e+02 1.142023042108121871e+02
1.137445209818579133e+04 3.513809567915654952e+02 1.152575494254297013e+02
1.129667122395648767e+04 3.452910297728790852e+02 1.163060189587622233e+02
1.121960598486180425e+04 3.390940172770609706e+02 1.173473814174726044e+02
1.114327441426819496e+04 3.327913661641850922e+02 1.183813451836512058e+02
1.106769561650893775e+04 3.263842900841480059e+02 1.194075816082131496e+02
1.099288944941136833e+04 3.198751518902401472e+02 1.204257621070352968e+02
1.091887588276625138e+04 3.132656123120470397e+02 1.214355791296900122e+02
1.084566593677193487e+04 3.065574132696788752e+02 1.224367521284948879e+02
1.077328835995540067e+04 2.997523919552157281e+02 1.234289527104543396e+02
1.070175422818180778e+04 2.928523592981803176e+02 1.244118654054296229e+02
1.063108426428378516e+04 2.858590495348626064e+02 1.253852078036304079e+02
1.056129358944729211e+04 2.787743495092752255e+02 1.263486153406725094e+02
1.049239827544592845e+04 2.716000233434251641e+02 1.273019298810200723e+02
1.042442585945502105e+04 2.643377793569752043e+02 1.282446391526984826e+02
1.035738189130274077e+04 2.569894026191066700e+02 1.291766530079945881e+02
1.029130376968231576e+04 2.495563747889690944e+02 1.300973645644988892e+02
1.022618750259617445e+04 2.420409181272018202e+02 1.310067468719352348e+02
1.016205470146902917e+04 2.344448650924051663e+02 1.319044740270665841e+02
1.009891454604206774e+04 2.267698591836220601e+02 1.327902182180047532e+02
1.003678756885645453e+04 2.190177737863312188e+02 1.336636516850343810e+02
9.975695515747669560e+03 2.111903337904998921e+02 1.345245041313536944e+02
9.915643721271299000e+03 2.032892920112000184e+02 1.353724593634888436e+02
9.856654884295472584e+03 1.953164642426330317e+02 1.362071897706020138e+02
9.798747512141815605e+03 1.872736306543325497e+02 1.370284170920512565e+02
9.741932079564659944e+03 1.791625074563309568e+02 1.378358799842746123e+02
9.686225885225067032e+03 1.709848785933892543e+02 1.386291854556411067e+02
9.631646565771972746e+03 1.627425720809706320e+02 1.394081208920921426e+02
9.578205412733444973e+03 1.544374539434024314e+02 1.401724311445105400e+02
9.525914530340127385e+03 1.460713458290833557e+02 1.409217942648768656e+02
9.474792372251955385e+03 1.376461073901371890e+02 1.416559822012642655e+02
9.424855217005018858e+03 1.291637632823172055e+02 1.423747578806537604e+02
9.376100438071860481e+03 1.206269151287712305e+02 1.430779425167126533e+02
9.328522757478765925e+03 1.120383734495027568e+02 1.437654030111710028e+02
9.282127031764208368e+03 1.034009070836824549e+02 1.444369461760637705e+02
9.236913730069791200e+03 9.471728438604931455e+01 1.450924227542254812e+02
9.192879950642916810e+03 8.599027322521010319e+01 1.457316666486993029e+02
9.150018599387442009e+03 7.722262681630439829e+01 1.463544908133960973e+02
9.108338803933336749e+03 6.841704587457843445e+01 1.469607893213333512e+02
9.067829561858094166e+03 5.957624814121479773e+01 1.475503468441356176e+02
9.028491356862434259e+03 5.070305297330832417e+01 1.481229662446880866e+02
8.990324340429375297e+03 4.180015599921189562e+01 1.486786173456325173e+02
8.953322515302428656e+03 3.287030842875538639e+01 1.492170206554152401e+02
8.917505100219856104e+03 2.391643653039977835e+01 1.497379845049668177e+02
8.882857510666493909e+03 1.494117620720587425e+01 1.502413659807007207e+02
8.849376537670012112e+03 5.947183347293234945e+00 1.507271854728106746e+02
8.817062684958023965e+03 -3.062826713259628075e+00 1.511951698002163482e+02
8.785910317892938110e+03 -1.208612453964570399e+01 1.516452218409164630e+02
8.755919201672551935e+03 -2.112000121598826397e+01 1.520772587452064215e+02
8.727089851040229405e+03 -3.016171518772287286e+01 1.524910856408484676e+02
8.699412122373390957e+03 -3.920855091204851561e+01 1.528865406478210218e+02
8.672883424757634202e+03 -4.825784664260820733e+01 1.532635759671821063e+02
8.647504284581906177e+03 -5.730682583286554888e+01 1.536220312176572804e+02
8.623270712034873213e+03 -6.635275354796449676e+01 1.539616912062756455e+02
8.600172374199339174e+03 -7.539293733557130395e+01 1.542825107323782561e+02
8.578212493269948027e+03 -8.442464548572849026e+01 1.545843801055326594e+02
8.557382590975332278e+03 -9.344526882325148165e+01 1.548671212063415510e+02
8.537677378771757503e+03 -1.024521774765338051e+02 1.551306193766066315e+02
8.519101136715522443e+03 -1.114427417271511445e+02 1.553747600421607729e+02
8.501647803062096500e+03 -1.204143833909077728e+02 1.555994231115565185e+02
8.485308692296879599e+03 -1.293644658149727604e+02 1.558045256666377441e+02
8.470080565574144202e+03 -1.382904326689950381e+02 1.559899376127168864e+02
8.455966788963560248e+03 -1.471896655289511955e+02 1.561555062698913900e+02
8.442955352821103588e+03 -1.560594832970976711e+02 1.563011784857262114e+02
8.431048811750970344e+03 -1.648973509998002385e+02 1.564268050789458471e+02
8.420238343679726313e+03 -1.737006076064086812e+02 1.565322368408205307e+02
8.410528134160767877e+03 -1.824666893549080555e+02 1.566173446614414502e+02
8.401906276355741284e+03 -1.911929695232680615e+02 1.566820895361945816e+02
8.394367681102361530e+03 -1.998767723980870699e+02 1.567262606444978985e+02
8.387918980535738228e+03 -2.085155457967226766e+02 1.567497125568204410e+02
8.382550535453367047e+03 -2.171064741798285525e+02 1.567523961037080653e+02
8.378260946954989777e+03 -2.256465522973229838e+02 1.567341075038898452e+02
8.375042812952808163e+03 -2.341341765702123894e+02 1.566948534212581592e+02
8.372877125309863914e+03 -2.425668651386564818e+02 1.566346159498482677e+02
8.371776018545415354e+03 -2.509421970762909382e+02 1.565533151591706940e+02
8.371717344159809727e+03 -2.592578153686696396e+02 1.564508075970334744e+02
8.372698193792301026e+03 -2.675111976270837317e+02 1.563270009243569518e+02
8.374719206230038253e+03 -2.757000137724117508e+02 1.561819208350565304e+02
8.377770642374411182e+03 -2.838218765390019485e+02 1.560154084335686093e+02
8.381854678309651717e+03 -2.918742721063595127e+02 1.558273461367232926e+02
8.386959981477015390e+03 -2.998548391263241797e+02 1.556176967366891688e+02
8.393082971628218729e+03 -3.077612024904335613e+02 1.553863603411740542e+02
8.400213174215008621e+03 -3.155913509517751550e+02 1.551334896760955075e+02
8.408333197779131297e+03 -3.233433928399338697e+02 1.548592849471324087e+02
8.417425655421197007e+03 -3.310154090214144276e+02 1.545639621264658388e+02
8.427476464012132055e+03 -3.386054806600355960e+02 1.542477320876899114e+02
8.438468805310174503e+03 -3.461117800685793213e+02 1.539107695535634548e+02
8.450381447150106396e+03 -3.535325323069843648e+02 1.535533126410536511e+02
8.463194532322719169e+03 -3.608659103891915834e+02 1.531755882083896836e+02
8.476888515092941816e+03 -3.681100844888691199e+02 1.527777848105097576e+02
8.491448757453925282e+03 -3.752631954370775134e+02 1.523601594284311318e+02
8.506852963907698722e+03 -3.823235075761502912e+02 1.519229054846757663e+02
8.523083783371772370e+03 -3.892892360259050406e+02 1.514662091286030829e+02
8.540123869172093691e+03 -3.961586415418665865e+02 1.509903786201853393e+02
8.557957612243018957e+03 -4.029301782467279622e+02 1.504955750409158100e+02
8.576579120706603135e+03 -4.096021338248107213e+02 1.499820684311619345e+02
8.595964769603875538e+03 -4.161728595392811485e+02 1.494500652619514938e+02
8.616097285535644914e+03 -4.226407691000342197e+02 1.488997106620911950e+02
8.636969823327286576e+03 -4.290031915044937705e+02 1.483313164724726505e+02
8.658568821105040115e+03 -4.352591502885136947e+02 1.477450529459803192e+02
8.680862557569240380e+03 -4.414072578701183716e+02 1.471412061667486739e+02
8.703839694867621802e+03 -4.474457984975429099e+02 1.465199874934068873e+02
8.727477277963336746e+03 -4.533731156032706622e+02 1.458816060294201407e+02
8.751757248822235852e+03 -4.591874988319458453e+02 1.452262707668250528e+02
8.776662308938868591e+03 -4.648872861675494050e+02 1.445541905843903692e+02
8.802169842450510259e+03 -4.704707193675472467e+02 1.438656274632886607e+02
8.828255942161982603e+03 -4.759362667855007203e+02 1.431608057106057288e+02
8.854915829934223439e+03 -4.812824749979160970e+02 1.424399338547010814e+02
8.882125012053129467e+03 -4.865073942915868770e+02 1.417032203037460363e+02
8.909876043659205607e+03 -4.916105393495614067e+02 1.409509581557104241e+02
8.938150330559958093e+03 -4.965903903439686360e+02 1.401834085173312019e+02
8.966936652655669604e+03 -5.014452137125485365e+02 1.394007794267264160e+02
8.996220208687722334e+03 -5.061738080110720261e+02 1.386033130927165473e+02
9.025982843912503085e+03 -5.107749687897202193e+02 1.377912518799327302e+02
9.056215599896755521e+03 -5.152472593959357710e+02 1.369648323344856067e+02
9.086894609213673903e+03 -5.195890210732104606e+02 1.361243019673021308e+02
9.118000705926186129e+03 -5.237991597266180861e+02 1.352698681711862605e+02
9.149519109880975520e+03 -5.278761541395202812e+02 1.344017382060798411e+02
9.181425966855424122e+03 -5.318183020575352202e+02 1.335201372774743902e+02
9.213700502322475586e+03 -5.356238813167104809e+02 1.326253385509905058e+02
9.246329570982969017e+03 -5.392921864776237726e+02 1.317175897087279850e+02
9.279291325808091642e+03 -5.428208703145288609e+02 1.307970412644550322e+02
9.312574438057999942e+03 -5.462100321067908908e+02 1.298639143337026667e+02
9.346162149049861910e+03 -5.494569624263627929e+02 1.289185385770330754e+02
9.380043492875294760e+03 -5.525607998121608944e+02 1.279611184338215821e+02
9.414193804368907877e+03 -5.555203124788923787e+02 1.269918073444060127e+02
9.448608755320436103e+03 -5.583335169941326512e+02 1.260109737121802880e+02
9.483279067959900203e+03 -5.610006795204672017e+02 1.250187898990361930e+02
9.518174564895907679e+03 -5.635197645029701334e+02 1.240155269755345699e+02
9.553296135859394781e+03 -5.658898448476245449e+02 1.230012688177352373e+02
9.588610489472397603e+03 -5.681096972688076221e+02 1.219763881676903736e+02
9.624108818409455125e+03 -5.701784167027616377e+02 1.209410994665716856e+02
9.659768900226616097e+03 -5.720963022064000825e+02 1.198958482952389915e+02
9.695564636045572115e+03 -5.738638994654010048e+02 1.188410910860063723e+02
9.731484665358484563e+03 -5.754818375733992752e+02 1.177772697719863402e+02
9.767508824483627905e+03 -5.769506864298685969e+02 1.167048261425011333e+02
9.803615395649401762e+03 -5.782711070446326858e+02 1.156242892641958946e+02
9.839793112159530210e+03 -5.794438273066583633e+02 1.145360689579546545e+02
9.876024252341192550e+03 -5.804695362718892966e+02 1.134406274515033317e+02
9.912289856758052338e+03 -5.813489657866211928e+02 1.123384671058895492e+02
9.948577083331587346e+03 -5.820828095883346123e+02 1.112299960944238535e+02
9.984873092622494369e+03 -5.826717817976857532e+02 1.101156495639033750e+02
1.002116229839753578e+04 -5.831166023973257779e+02 1.089959344766175775e+02
1.005742524863213112e+04 -5.834179460992273789e+02 1.078713328631760504e+02
1.009364470227042148e+04 -5.835766248693226999e+02 1.067422631414123799e+02
1.012980395226839755e+04 -5.835932877561182295e+02 1.056091382699464134e+02
1.016588027174811941e+04 -5.834687235321795242e+02 1.044724479674592743e+02
1.020185943651313391e+04 -5.832037063296554606e+02 1.033326323206113244e+02
1.023772200445853923e+04 -5.827989461323926434e+02 1.021901425538798520e+02
1.027344853507138578e+04 -5.822551230520743957e+02 1.010454675089824832e+02
1.030902017627434179e+04 -5.815730893017777134e+02 9.989899242714132299e+01
1.034442379115648509e+04 -5.807536900420474240e+02 9.875121669159487681e+01
1.037963998961739344e+04 -5.797976460041821838e+02 9.760251492800631468e+01
1.041465013222930429e+04 -5.787054079026928548e+02 9.645358191020137895e+01
1.044945295167448057e+04 -5.774782794264489212e+02 9.530462895915326271e+01
1.048402346386504178e+04 -5.761172389433999115e+02 9.415613853705666259e+01
1.051835479929436588e+04 -5.746231341526890901e+02 9.300856455970003367e+01
1.055242851428679023e+04 -5.729968731894372240e+02 9.186234677913272151e+01
1.058622517735544534e+04 -5.712393097923021514e+02 9.071791212878707711e+01
1.061974210559274434e+04 -5.693513450621439915e+02 8.957569147333630610e+01
1.065295315882058094e+04 -5.673337833687900229e+02 8.843611127919675141e+01
1.068585088239776996e+04 -5.651875029817171026e+02 8.729959658900193631e+01
1.071841661147809828e+04 -5.629134128265653771e+02 8.616658187230898136e+01
1.075063330185036466e+04 -5.605123309378730028e+02 8.503749617227677504e+01
1.078248814133314227e+04 -5.579851167865531352e+02 8.391275995642284613e+01
1.081396831782823938e+04 -5.553327162999164557e+02 8.279279911761446442e+01
1.084505732861889010e+04 -5.525559903653110041e+02 8.167803368179278323e+01
1.087573574415904295e+04 -5.496558137833624187e+02 8.056888504984084420e+01
1.090599043499756590e+04 -5.466331248677375925e+02 7.946577466050288763e+01
1.093580656707893468e+04 -5.434887975544636447e+02 7.836911632929536609e+01
1.096516592161097105e+04 -5.402237196809510351e+02 7.727933012066552010e+01
1.099405762524405327e+04 -5.368388115440774300e+02 7.619683533300630529e+01
1.102246224791507302e+04 -5.333349276433178829e+02 7.512204261515759640e+01
1.105036575522424209e+04 -5.297129850252731558e+02 7.405535892845954038e+01
1.107776245589396058e+04 -5.259739174307561598e+02 7.299718303734171343e+01
1.110463133393734097e+04 -5.221185684669807188e+02 7.194791745268204863e+01
1.113096984772961514e+04 -5.181478344026342029e+02 7.090796023184697106e+01
1.115675928364763786e+04 -5.140626177461718953e+02 6.987771498306585727e+01
1.118198682785806159e+04 -5.098638656559089668e+02 6.885758434436107223e+01
1.120663984313522269e+04 -5.055523480870687649e+02 6.784795854022614492e+01
1.123070932969323439e+04 -5.011291430086412220e+02 6.684929303302028814e+01
1.125416681574922950e+04 -4.965953708162923590e+02 6.586204108249476974e+01
1.127702420389919644e+04 -4.919535618369238250e+02 6.488640383927796051e+01
1.129926869260939930e+04 -4.872061416981464959e+02 6.392270887761112164e+01
1.132088719969895646e+04 -4.823558431107910565e+02 6.297128390140047571e+01
1.134188459298273483e+04 -4.774051767023345292e+02 6.203246254406025173e+01
1.136224478921008813e+04 -4.723568553378341903e+02 6.110656188282678869e+01
1.138196985895157741e+04 -4.672133549846284950e+02 6.019389623463839456e+01
1.140105105288556661e+04 -4.619772471347466762e+02 5.929478504496280067e+01
1.141948509103605102e+04 -4.566511457070819802e+02 5.840953445656433018e+01
1.143725822713592606e+04 -4.512375710641991873e+02 5.753845469333560914e+01
1.145437256634354526e+04 -4.457390465638472961e+02 5.668186427787953363e+01
1.147082512616138229e+04 -4.401581581271257164e+02 5.584007168376837171e+01
1.148660281898466928e+04 -4.344974510722435639e+02 5.501338160042731573e+01
1.150170320873401761e+04 -4.287594435846594365e+02 5.420210148996246602e+01
1.151612649706710181e+04 -4.229466483905592327e+02 5.340652567209124157e+01
1.152986320032115145e+04 -4.170615569773040647e+02 5.262695015333174098e+01
1.154290570620203653e+04 -4.111066690337061118e+02 5.186367526324612953e+01
1.155525168630861663e+04 -4.050844812442310854e+02 5.111696711603888588e+01
1.156689466282567628e+04 -3.989974844832444774e+02 5.038713291414239848e+01
1.157782815617795313e+04 -3.928481840685098518e+02 4.967451594584301944e+01
1.158804900245875979e+04 -3.866390727237381384e+02 4.897930802044411536e+01
1.159755839902383923e+04 -3.803726658369995448e+02 4.830189334545487867e+01
1.160634109791844458e+04 -3.740514772319396002e+02 4.764246934150726531e+01
1.161440299787741606e+04 -3.676780198376645785e+02 4.700134342585296565e+01
1.162174307018655600e+04 -3.612547959342760464e+02 4.637881725434287716e+01
1.162834851093792167e+04 -3.547843247771150459e+02 4.577513517612972294e+01
1.163421293445887932e+04 -3.482691181098871311e+02 4.519060429328403927e+01
1.163934456168061661e+04 -3.417122009003140874e+02 4.462561987245400985e+01
1.164372794456159500e+04 -3.351156704376199400e+02 4.408035798449935783e+01
1.164736423064108385e+04 -3.284817676903018082e+02 4.355503482437435281e+01
1.165024714210720776e+04 -3.218129505226120273e+02 4.304995565554744985e+01
1.165238239166660787e+04 -3.151116806642284587e+02 4.256530583501248088e+01
1.165375332020163114e+04 -3.083802437427763721e+02 4.210143600164600741e+01
1.165436246213500817e+04 -3.016211800528591880e+02 4.165855285559334220e+01
1.165421122055388332e+04 -2.948368691942894202e+02 4.123693788503381086e+01
1.165328458084088561e+04 -2.880296374192984104e+02 4.083684859282230661e+01
1.165158181897253598e+04 -2.812018102168603946e+02 4.045857431719560537e+01
1.164910513332150731e+04 -2.743558021644539622e+02 4.010228824205601228e+01
1.164584614756710653e+04 -2.674939429416830308e+02 3.976826873323884115e+01
1.164179959161358056e+04 -2.606185291386077552e+02 3.945681101623294040e+01
1.163696183978743102e+04 -2.537318832749639057e+02 3.916812025802201447e+01
1.163132973506843518e+04 -2.468363612610974656e+02 3.890244055998689277e+01
1.162490332051097357e+04 -2.399342247331404110e+02 3.866001741736240405e+01
1.161767976218031072e+04 -2.330277103753763299e+02 3.844108428202099503e+01
1.160965247238581469e+04 -2.261191000593692308e+02 3.824592363169025333e+01
1.160082184612416495e+04 -2.192105375846886943e+02 3.807475456238014999e+01
1.159119083644776401e+04 -2.123042295572747378e+02 3.792779457881304950e+01
1.158074854603651511e+04 -2.054024275090804963e+02 3.780531665598358160e+01
1.156950213543236896e+04 -1.985073823318014945e+02 3.770751249549699224e+01
1.155744086118568521e+04 -1.916213068297599875e+02 3.763463737537717435e+01
1.154456670245579517e+04 -1.847463214940859473e+02 3.758691488515915324e+01
1.153088960083145139e+04 -1.778848754361219733e+02 3.756419626569192616e+01
1.151642104496785032e+04 -1.710394528176419442e+02 3.756644526544950935e+01
1.150116633618064043e+04 -1.642124737614686012e+02 3.759350383379589289e+01
1.148512932924229426e+04 -1.574067219043803618e+02 3.764532170698964109e+01
1.146832851413643039e+04 -1.506249778017113670e+02 3.772189959796063619e+01
1.145077117916506359e+04 -1.438689002747533152e+02 3.782286707616918875e+01
1.143246259463502793e+04 -1.371409079960962742e+02 3.794825831315409914e+01
1.141341426749758648e+04 -1.304432328551413036e+02 3.809792542361565637e+01
1.139364404414101955e+04 -1.237782145726585270e+02 3.827170947062975870e+01
1.137314759128755213e+04 -1.171481482593846692e+02 3.846950869935362505e+01
1.135194408106958690e+04 -1.105553738067799827e+02 3.869123063870599566e+01
1.133004310797022845e+04 -1.040021392840169625e+02 3.893673133588837487e+01
1.130744989622273351e+04 -9.749081008925502090e+01 3.920590137942933495e+01
1.128417428523954004e+04 -9.102361809744638776e+01 3.949860253399288723e+01
1.126022374948201650e+04 -8.460275858506005875e+01 3.981472030061830480e+01
1.123561165515189350e+04 -7.823044917350570415e+01 4.015412217478987600e+01
1.121034880847122804e+04 -7.190890720196851760e+01 4.051668858325986378e+01
1.118444039718145359e+04 -6.564038516668253465e+01 4.090229276536748415e+01
1.115789487323817593e+04 -5.942706795451831425e+01 4.131077737441656694e+01
1.113072402800152122e+04 -5.327112988342286570e+01 4.174204525880647054e+01
1.110293691546748414e+04 -4.717477166721131709e+01 4.219598985965567550e+01
1.107454361680902730e+04 -4.114007725721587150e+01 4.267243740186231094e+01
1.104555376086863362e+04 -3.516910857369215648e+01 4.317127553885188718e+01
1.101597077882922531e+04 -2.926394075033227438e+01 4.369236703585413295e+01
1.098581638533576916e+04 -2.342674029127332602e+01 4.423560533249294480e+01
1.095508661828189543e+04 -1.765953840019074050e+01 4.480083438247975636e+01
1.092379433342287302e+04 -1.196440755064304895e+01 4.538790942519602822e+01
1.089195537357370995e+04 -6.343381903883550166e+00 4.599674098567423641e+01
1.085956994402040073e+04 -7.985941797245214024e-01 4.662722842534365952e+01
1.082665609407247211e+04 4.668004321739974039e+00 4.727915628619387434e+01
1.079322546502630394e+04 1.005446166354398940e+01 4.795243542970572292e+01
1.075926992355358561e+04 1.535758536482535064e+01 4.864691102873159423e+01
1.072482179818783879e+04 2.057634264638898358e+01 4.936234905507528481e+01
1.068987272374479107e+04 2.570884213604869473e+01 5.009872773272853408e+01
1.065443367635032519e+04 3.075312942697531327e+01 5.085589772630623884e+01
1.061852856424191486e+04 3.570731336880745488e+01 5.163370506582079145e+01
1.058214731087019754e+04 4.056950769871189522e+01 5.243199600027633522e+01
1.054531408406079026e+04 4.533793716708571964e+01 5.325067263944718121e+01
1.050803395275235562e+04 5.001068848976672143e+01 5.408964785002105913e+01
1.047031540947619760e+04 5.458595905525182701e+01 5.494883472242140954e+01
1.043216537733312362e+04 5.906189866868509597e+01 5.582800397814988003e+01
1.039359339360445119e+04 6.343666431030823816e+01 5.672709477700056624e+01
1.035461533850035630e+04 6.770839179065546887e+01 5.764602686140246135e+01
1.031523766618373884e+04 7.187527130206211723e+01 5.858456920947313051e+01
1.027546247299956121e+04 7.593550938413950746e+01 5.954262112294077980e+01
1.023530160006423648e+04 7.988724864448651886e+01 6.052009334226305270e+01
1.019476705328137177e+04 8.372863036397919245e+01 6.151683083473251656e+01
1.015386672346248633e+04 8.745785879078415803e+01 6.253269129935529946e+01
1.011260707223322606e+04 9.107312339479021546e+01 6.356750935576132377e+01
1.007099678700695767e+04 9.457281930583698681e+01 6.462111861129265833e+01
1.002905549220798275e+04 9.795642935137740892e+01 6.569309614536501840e+01
9.986788092827780929e+03 1.012237318478102992e+02 6.678300636978011084e+01
9.944215820927884124e+03 1.043744077525486915e+02 6.789036864056546960e+01
9.901349689047994616e+03 1.074081621824260111e+02 6.901461127885441726e+01
9.858202644008062634e+03 1.103247780989669593e+02 7.015539298349756336e+01
9.814796829397035253e+03 1.131238893086520392e+02 7.131215373682054803e+01
9.771137485803123127e+03 1.158053047822645425e+02 7.248440151018891697e+01
9.727242228061133574e+03 1.183688075588453614e+02 7.367176354195814270e+01
9.683130909578281717e+03 1.208137773676629223e+02 7.487362419192210439e+01
9.638815395356359659e+03 1.231398853519924614e+02 7.608959702186439245e+01
9.594303666223770051e+03 1.253474832794997553e+02 7.731917629049235074e+01
9.549613210012703348e+03 1.274363520236639715e+02 7.856199153993324558e+01
9.504755387940074797e+03 1.294062887943868247e+02 7.981748885218904377e+01
9.459747139954806698e+03 1.312570958427850201e+02 8.108528200766681948e+01
9.414594666134335057e+03 1.329886252365851931e+02 8.236483375949674723e+01
9.369324013774930791e+03 1.346007406727766806e+02 8.365574212186622560e+01
9.323935076375815697e+03 1.360933152324142270e+02 8.495753805316472551e+01
9.278448264159576865e+03 1.374662140012461293e+02 8.626967462651910523e+01
9.232880547165836106e+03 1.387192977200327277e+02 8.759172619673020677e+01
9.187238536560338616e+03 1.398524740110281073e+02 8.892324060208078151e+01
9.141534711213715127e+03 1.408655605727620639e+02 9.026372040943418540e+01
9.095782833792485690e+03 1.417584854479189289e+02 9.161274445031359903e+01
9.050000913058674996e+03 1.425311695804720102e+02 9.296987742788044784e+01
9.004200077897565279e+03 1.431835074090207627e+02 9.433468778802146915e+01
8.958387006421684418e+03 1.437154631631774464e+02 9.570678138332830542e+01
8.912579251553230279e+03 1.441269366253687281e+02 9.708572801525662044e+01
8.866791912413391401e+03 1.444178121371176360e+02 9.847109769103185783e+01
8.821038099609477285e+03 1.445880147028853173e+02 9.986243881447278170e+01
8.775329626727698269e+03 1.446375065200601568e+02 1.012593129347352345e+02
8.729670744073144306e+03 1.445662772951793329e+02 1.026613738087265943e+02
8.684082869416415633e+03 1.443741850901274120e+02 1.040681397667625845e+02
8.638576922968648432e+03 1.440613053152699479e+02 1.054791708141587492e+02
8.593163822829497803e+03 1.436275081817138073e+02 1.068939885523955553e+02
8.547854485122818005e+03 1.430727785871963817e+02 1.083122193572216929e+02
8.502660112786512400e+03 1.423970974526421287e+02 1.097333715056524994e+02
8.457598199175774425e+03 1.416003816756641527e+02 1.111570169290786794e+02
8.412679336206731023e+03 1.406824094533888001e+02 1.125826098181241548e+02
8.367915266702464578e+03 1.396434657356997775e+02 1.140098208389768786e+02
8.323316403412854925e+03 1.384834851561650169e+02 1.154383022122414815e+02
8.278887288132653339e+03 1.372024433771793781e+02 1.168676289046595969e+02
8.234644400297665925e+03 1.358003783747280409e+02 1.182974344830015809e+02
8.190605263028762238e+03 1.342772739288442381e+02 1.197272414006222476e+02
8.146770734842684760e+03 1.326330491690463305e+02 1.211566119672498019e+02
8.103159622886205398e+03 1.308677170958672491e+02 1.225852249647169714e+02
8.059781024176926621e+03 1.289812660332686960e+02 1.240126857081210545e+02
8.016643969227972775e+03 1.269736196266658084e+02 1.254385201560425998e+02
7.973759362277675791e+03 1.248448157743547426e+02 1.268623698806955673e+02
7.931138107766030771e+03 1.225947873421742571e+02 1.282838568510443054e+02
7.888795043409948448e+03 1.202235267108475796e+02 1.297025548884445811e+02
7.846739933954136177e+03 1.177313772051175818e+02 1.311180636783324474e+02
7.804978296249046252e+03 1.151198600941657730e+02 1.325299690006802393e+02
7.763515318272898185e+03 1.123909060786414642e+02 1.339377834242708332e+02
7.722361248795623396e+03 1.095464988671989772e+02 1.353410067655328533e+02
7.681529890515969782e+03 1.065885079347376063e+02 1.367392142724586961e+02
7.641022939350784327e+03 1.035188708246060258e+02 1.381319350824113030e+02
7.600844133503386729e+03 1.003395713639557414e+02 1.395186735410662493e+02
7.561003559911277989e+03 9.705246215953175692e+01 1.408990182784038439e+02
7.521514653799424195e+03 9.365947993660981297e+01 1.422724576255521640e+02
7.482383275027844320e+03 9.016238005435974401e+01 1.436386335237188518e+02
7.443607389573631735e+03 8.656307232663750995e+01 1.449971688098097502e+02
7.405201249371489212e+03 8.286363097392997190e+01 1.463475939329356947e+02
7.367173180488853177e+03 7.906517146031703192e+01 1.476896004992647988e+02
7.329531511302863692e+03 7.516956665448395825e+01 1.490226382095770816e+02
7.292287730554323389e+03 7.117954149043428913e+01 1.503463159841951153e+02
7.255443846684675918e+03 6.709703436847463820e+01 1.516602574283351714e+02
7.219004474860402297e+03 6.292299956176738363e+01 1.529640270398799657e+02
7.182977953807093400e+03 5.865927780482043374e+01 1.542572636980717391e+02
7.147372625099023935e+03 5.430772070964218301e+01 1.555395477187038011e+02
7.112190877825402822e+03 4.987077416752508441e+01 1.568105150991794403e+02
7.077445812358127114e+03 4.534981198699286153e+01 1.580696947940358541e+02
7.043130737478628362e+03 4.074710322641220017e+01 1.593165971453348106e+02
7.009265022037780000e+03 3.606412731113209702e+01 1.605509383062914424e+02
6.975847630116910295e+03 3.130304269637106884e+01 1.617722496570066539e+02
6.942890089817186890e+03 2.646543445231160518e+01 1.629801135543658006e+02
6.910396665508495971e+03 2.155291709324576033e+01 1.641741727728611693e+02
6.878370616747913118e+03 1.656733229764864390e+01 1.653540294601610299e+02
6.846816521823524454e+03 1.151052053826729349e+01 1.665192602246526974e+02
6.815743184005263174e+03 6.383968811321311776e+00 1.676695121268905382e+02
6.785162347208984102e+03 1.189829215552138164e+00 1.688043965357818195e+02
6.755073447626467896e+03 -4.069930726304725077e+00 1.699235133230401402e+02
6.725481291276360935e+03 -9.393985175285681777e+00 1.710265171585622852e+02
6.696399471661805364e+03 -1.478032610851642481e+01 1.721130334078726207e+02
6.667823045473438469e+03 -2.022778180854595220e+01 1.731826840673071217e+02
6.639762313068675212e+03 -2.573461136641233793e+01 1.742350273140125694e+02
6.612227403238526676e+03 -3.129831236613062018e+01 1.752698227287820885e+02
6.585216209984458146e+03 -3.691810607948252709e+01 1.762866077175945634e+02
6.558738235967123728e+03 -4.259205444419487208e+01 1.772850247720475068e+02
6.532805236135637642e+03 -4.831783171666405252e+01 1.782647081248147458e+02
6.507407978131930577e+03 -5.409421776551052830e+01 1.792252449590704089e+02
6.482561226518733747e+03 -5.991941464226436409e+01 1.801663381581767851e+02
6.458273394464378725e+03 -6.579225833813545421e+01 1.810875637653507511e+02
6.434543079700235467e+03 -7.170990602818899617e+01 1.819883096223414611e+02
6.411374939361839097e+03 -7.767077584316182026e+01 1.828684021982387833e+02
6.388777284334797514e+03 -8.367374371306827641e+01 1.837274899383332354e+02
6.366752209671957644e+03 -8.971701484678661132e+01 1.845652782601604258e+02
6.345307640279318548e+03 -9.579998644913705164e+01 1.853813533715791095e+02
6.324446222322521862e+03 -1.019204182790261228e+02 1.861754652078108450e+02
6.304175350820583844e+03 -1.080769395095484242e+02 1.869472212850578217e+02
6.284503498416922412e+03 -1.142683946338835028e+02 1.876963550854581513e+02
6.265432701553040715e+03 -1.204929785060573977e+02 1.884225877379107601e+02
6.246962375953086848e+03 -1.267481254124758721e+02 1.891257983617243497e+02
6.229087924910872061e+03 -1.330320132690790160e+02 1.898059135339621548e+02
6.211806798061780682e+03 -1.393419933124617103e+02 1.904629016288621699e+02
6.195118874523770501e+03 -1.456758675656974447e+02 1.910966766386813163e+02
6.179013079518069389e+03 -1.520307856882247393e+02 1.917072081243742900e+02
6.163486366656076825e+03 -1.584044039160606587e+02 1.922944190963509925e+02
6.148542529974102763e+03 -1.647950626579085451e+02 1.928582275317855874e+02
6.134172012933060614e+03 -1.711997673684147685e+02 1.933986061600439541e+02
6.120369206497921368e+03 -1.776159183294251704e+02 1.939154914502937288e+02
6.107136040360689549e+03 -1.840414395633335118e+02 1.944088489831779327e+02
6.094463787730426702e+03 -1.904737736682812397e+02 1.948785731086363455e+02
6.082346187241053485e+03 -1.969114937621094441e+02 1.953247344507020955e+02
6.070788954192546043e+03 -2.033515292750863921e+02 1.957472428463015888e+02
6.059777060388449172e+03 -2.097918355386626388e+02 1.961459932916178275e+02
6.049315170739903806e+03 -2.162302734220346849e+02 1.965210234804154652e+02
6.039396622541033139e+03 -2.226641376357330273e+02 1.968722643608117266e+02
6.030014759729145226e+03 -2.290908463549483542e+02 1.971997060463757805e+02
6.021163072409194683e+03 -2.355096387241811158e+02 1.975033370428712090e+02
6.012841796985382643e+03 -2.419171438861367278e+02 1.977830350782377593e+02
6.005050932367722453e+03 -2.483105741230662886e+02 1.980387946827811163e+02
5.997776673941976696e+03 -2.546885997144424323e+02 1.982706553092679655e+02
5.991018755174266516e+03 -2.610491799591611084e+02 1.984786059646680769e+02
5.984770961544730199e+03 -2.673908961861395142e+02 1.986625732585563924e+02
5.979032630329702442e+03 -2.737105863746562022e+02 1.988225390129612435e+02
5.973798101199674420e+03 -2.800065901710919434e+02 1.989584347644413640e+02
5.969066184461782541e+03 -2.862769894932068269e+02 1.990702364427262125e+02
5.964831773983189123e+03 -2.925197453556985465e+02 1.991579318484255623e+02
5.961088288169235966e+03 -2.987323325496025745e+02 1.992214598804983154e+02
5.957829152213834277e+03 -3.049125103169098452e+02 1.992607876027309715e+02
5.955056446763966051e+03 -3.110591052692009839e+02 1.992758588045471697e+02
5.952768737399762358e+03 -3.171697812174442674e+02 1.992666346217063733e+02
5.950959469581692247e+03 -3.232423118933218689e+02 1.992331393957347814e+02
5.949622095481005090e+03 -3.292749699362691445e+02 1.991753552667981637e+02
5.948759803469380131e+03 -3.352657176962379708e+02 1.990932668859117030e+02
5.948374019955180302e+03 -3.412131121839380512e+02 1.989868369283125560e+02
5.948457004765774400e+03 -3.471153583506743985e+02 1.988560265566311784e+02
5.949006421784797567e+03 -3.529698249125073062e+02 1.987008802788344326e+02
5.950017918266275046e+03 -3.587749199405972718e+02 1.985213383836827461e+02
5.951489711720536434e+03 -3.645286059337457232e+02 1.983173665109065666e+02
5.953416921776101844e+03 -3.702290074796620161e+02 1.980888989677077916e+02
5.955796968264211500e+03 -3.758743433508010412e+02 1.978359062189135500e+02
5.958618906368035823e+03 -3.814616846423219272e+02 1.975583273887301061e+02
5.961882870856713453e+03 -3.869900738019989603e+02 1.972561958269369597e+02
5.965587922250478186e+03 -3.924568650587667662e+02 1.969294230438422346e+02
5.969721782730837731e+03 -3.978600201691876350e+02 1.965778702757083636e+02
5.974291219561251637e+03 -4.031974990276664244e+02 1.962016524028186666e+02
5.979271683412994207e+03 -4.084673462836281033e+02 1.958007893745844115e+02
5.984681164157261264e+03 -4.136688187668444812e+02 1.953751671950639945e+02
5.990506599675391953e+03 -4.187998771732099499e+02 1.949247674283221556e+02
5.996740034762301548e+03 -4.238586044026687318e+02 1.944497028660510409e+02
6.003380965604518678e+03 -4.288447884634491061e+02 1.939502394235830991e+02
6.010411312642553639e+03 -4.337572864395921215e+02 1.934267580139100744e+02
6.017821640409263637e+03 -4.385947927548446614e+02 1.928796473493129895e+02
6.025609947792654566e+03 -4.433570545233478128e+02 1.923092958283157543e+02
6.033765600285597429e+03 -4.480425901225795542e+02 1.917160415808195637e+02
6.042279449877243678e+03 -4.526508483361062076e+02 1.911002534515738773e+02
6.051144246407108767e+03 -4.571805086852226623e+02 1.904622743448178142e+02
6.060348560605680177e+03 -4.616312751456645174e+02 1.898025089120202153e+02
6.069886364054847945e+03 -4.660022585999520288e+02 1.891212927198160401e+02
6.079746108284670299e+03 -4.702922168117501087e+02 1.884189527990054955e+02
6.089917450358624592e+03 -4.744998268881634544e+02 1.876958753337216024e+02
6.100390473889508030e+03 -4.786240475170926629e+02 1.869524151571353059e+02
6.111150391312651664e+03 -4.826640410180753520e+02 1.861888916439252171e+02
6.122184863323072022e+03 -4.866180899541045619e+02 1.854056494794436674e+02
6.133480323551417314e+03 -4.904853401197970015e+02 1.846030506546118204e+02
6.145032141059929927e+03 -4.942649926745905304e+02 1.837814338161289527e+02
6.156824747182447936e+03 -4.979552858289239339e+02 1.829411832480491000e+02
6.168843638752814513e+03 -5.015562971345607934e+02 1.820826681036361663e+02
6.181090015406200109e+03 -5.050666546229314804e+02 1.812062300898807621e+02
6.193546279680986117e+03 -5.084872180442478111e+02 1.803123093139944899e+02
6.206210526413226944e+03 -5.118162092673878760e+02 1.794012888070180054e+02
6.219069361691178528e+03 -5.150535932458518573e+02 1.784735472852720761e+02
6.232115482703989983e+03 -5.181987253276962520e+02 1.775294035887251027e+02
6.245331459649106364e+03 -5.212512022354253531e+02 1.765693900837167689e+02
6.258717395873451096e+03 -5.242090318651651160e+02 1.755937505201920601e+02
6.272269254267732322e+03 -5.270726579235414420e+02 1.746027273363012853e+02
6.285973400686141758e+03 -5.298407851563086979e+02 1.735966355502913814e+02
6.299828478615168024e+03 -5.325127099679619960e+02 1.725757898805630646e+02
6.313822082513829628e+03 -5.350865814227416877e+02 1.715405047478641336e+02
6.327946115318153716e+03 -5.375626779682327196e+02 1.704910376130584950e+02
6.342198830512502354e+03 -5.399394989243171494e+02 1.694276361339113635e+02
6.356564328526889767e+03 -5.422160791723872535e+02 1.683507527127106584e+02
6.371036804847397434e+03 -5.443922363676898613e+02 1.672606563492592215e+02
6.385601987788863880e+03 -5.464665876472505488e+02 1.661577569281382694e+02
6.400243826983204599e+03 -5.484388653530028250e+02 1.650423930615055781e+02
6.414952622001781492e+03 -5.503076993129787979e+02 1.639148918775625532e+02
6.429721247814210983e+03 -5.520726964492349680e+02 1.627756316841775401e+02
6.444539077766452465e+03 -5.537334162772646096e+02 1.616249554755258373e+02
6.459395608045622794e+03 -5.552885072036643805e+02 1.604631748431356471e+02
6.474283720716633070e+03 -5.567376487767705839e+02 1.592906011129119292e+02
6.489201686433800205e+03 -5.580806076697575691e+02 1.581074914838059726e+02
6.504148357407483672e+03 -5.593167360851973626e+02 1.569140971004858045e+02
6.519114309435055475e+03 -5.604455312278915926e+02 1.557107516354570009e+02
6.534099049624674990e+03 -5.614664443899429216e+02 1.544976992143501207e+02
6.549100474552377818e+03 -5.623789255866479380e+02 1.532752159577619864e+02
6.564110135018763685e+03 -5.631823564552535117e+02 1.520436510159412364e+02
6.579115378901356962e+03 -5.638758106886231189e+02 1.508032585020345095e+02
6.594108299981881828e+03 -5.644581628652721292e+02 1.495543397429289882e+02
6.609075176760909926e+03 -5.649284607297715866e+02 1.482971536005607902e+02
6.624002117516825820e+03 -5.652860305884385070e+02 1.470321646777985904e+02
6.638874247150080919e+03 -5.655312543607630005e+02 1.457597259955678339e+02
6.653675908839880321e+03 -5.656645011753502104e+02 1.444806288280992987e+02
6.668399915227349084e+03 -5.656868508234889532e+02 1.431951016860870993e+02
6.683044736861355887e+03 -5.655995680143241771e+02 1.419036552672355072e+02
6.697608863800242943e+03 -5.654040435052693283e+02 1.406067367894723361e+02
6.712084718916048587e+03 -5.651016722658837352e+02 1.393048511469568496e+02
6.726469971658578288e+03 -5.646938478708517550e+02 1.379983926065496860e+02
6.740757585159198243e+03 -5.641818519598610919e+02 1.366878493708528026e+02
6.754949944047806639e+03 -5.635671006369993847e+02 1.353736787149285590e+02
6.769042182623461485e+03 -5.628508998428387713e+02 1.340563739875772740e+02
6.783026171736929427e+03 -5.620340807347912460e+02 1.327363503664598170e+02
6.796889336039789669e+03 -5.611173907978983380e+02 1.314140737397684688e+02
6.810616927330059298e+03 -5.601014525172278127e+02 1.300900532767127515e+02
6.824202006212727611e+03 -5.589868673460048285e+02 1.287647589441810680e+02
6.837632153598099649e+03 -5.577743258930551065e+02 1.274386334354281445e+02
6.850889364863171977e+03 -5.564644462208599407e+02 1.261121529447561329e+02
6.863965075269833505e+03 -5.550579020479063956e+02 1.247857951218992980e+02
6.876857765584894878e+03 -5.535555982878287296e+02 1.234600022516994358e+02
6.889558254759323063e+03 -5.519586419459225226e+02 1.221351909604108243e+02
6.902058866790691354e+03 -5.502682732788746307e+02 1.208117599469193806e+02
6.914367865737302964e+03 -5.484856614403325921e+02 1.194901310128515632e+02
6.926473975771013102e+03 -5.466120599870633896e+02 1.181706972330321292e+02
6.938374196698368905e+03 -5.446486042138835728e+02 1.168538856090481914e+02
6.950063986976595515e+03 -5.425965188407966480e+02 1.155400715967843297e+02
6.961549459360590845e+03 -5.404569170733875580e+02 1.142296491984438092e+02
6.972805916515872013e+03 -5.382305873695122500e+02 1.129231194374140586e+02
6.983836874828239161e+03 -5.359184642486480925e+02 1.116209276126942314e+02
6.994621305136864066e+03 -5.335212713755130380e+02 1.103235788030321771e+02
7.005154078045372444e+03 -5.310401270680938524e+02 1.090315736624263678e+02
7.015420740324459075e+03 -5.284758099738031660e+02 1.077453990981735643e+02
7.025409530083349637e+03 -5.258289222410140837e+02 1.064653923747466422e+02
7.035125066490754762e+03 -5.231002566440190549e+02 1.051920592858034240e+02
7.044553821185327251e+03 -5.202905743574709732e+02 1.039256591771335536e+02
7.053692858269563658e+03 -5.174006283730168434e+02 1.026666123972146778e+02
7.062534961780354934e+03 -5.144311697107092414e+02 1.014152468329817367e+02
7.071088112660089791e+03 -5.113829479782784233e+02 1.001719250176362976e+02
7.079338397888666805e+03 -5.082566857963131497e+02 9.893702178308338091e+01
7.087288627514819382e+03 -5.050531259620225342e+02 9.771081503549142155e+01
7.094936736468707750e+03 -5.017730662724732724e+02 9.649373029992189288e+01
7.102274531518165531e+03 -4.984174527322588233e+02 9.528614560579411830e+01
7.109293815762840495e+03 -4.949872993335119418e+02 9.408849070836907913e+01
7.115990153607135653e+03 -4.914836563628035719e+02 9.290119755148181468e+01
7.122354968441758501e+03 -4.879076012859535467e+02 9.172464106434927089e+01
7.128383107762209875e+03 -4.842601779911593098e+02 9.055929295119827316e+01
7.134070731386430452e+03 -4.805424542005065405e+02 8.940560858547070211e+01
7.139405689035997966e+03 -4.767554622386624033e+02 8.826395054172883192e+01
7.144384586969565134e+03 -4.728999792498444776e+02 8.713473599105901712e+01
7.149003861537131343e+03 -4.689765057789849152e+02 8.601834013401895618e+01
7.153247667093271957e+03 -4.649854110508081249e+02 8.491511951589458818e+01
7.157115249483918888e+03 -4.609274373804165066e+02 8.382537286579700719e+01
7.160606635837658359e+03 -4.568039974241818868e+02 8.274935654959868714e+01
7.163714265477868139e+03 -4.526168994125030167e+02 8.168732153351929526e+01
7.166441683516074590e+03 -4.483677995545995714e+02 8.063936806372032606e+01
7.168791386969769519e+03 -4.440584954692908468e+02 7.960570779210462433e+01
7.170754429825417901e+03 -4.396910833820552398e+02 7.858649655296153469e+01
7.172340693316761644e+03 -4.352676000704910280e+02 7.758202979601840354e+01
7.173543368455250857e+03 -4.307910868136299882e+02 7.659259679927438924e+01
7.174370246331433918e+03 -4.262626045371872578e+02 7.561818794129389687e+01
7.174818242420382376e+03 -4.216843816193842827e+02 7.465895456076124503e+01
7.174903232169150215e+03 -4.170583297250332748e+02 7.371511142687926110e+01
7.174611663941592269e+03 -4.123865873241576878e+02 7.278687635714446458e+01
7.173950332762510698e+03 -4.076711406197622978e+02 7.187440945477723631e+01
7.172912795549454131e+03 -4.029140050895024388e+02 7.097791786491347921e+01
7.171505043825502071e+03 -3.981171537632973809e+02 7.009767237858768851e+01
7.169722244460358525e+03 -3.932826445435406413e+02 6.923380837041658253e+01
7.167559342439233660e+03 -3.884124260211801811e+02 6.838660043509690922e+01
7.165017623849129450e+03 -3.835085216284079479e+02 6.755626671791949889e+01
7.162096384140559167e+03 -3.785728943754468787e+02 6.674296012180869297e+01
7.158792460914232834e+03 -3.736073159936347565e+02 6.594691166441165819e+01
7.155109936006992029e+03 -3.686134394647413615e+02 6.516833450646751658e+01
7.151045449534763975e+03 -3.635928199345650569e+02 6.440734862976684383e+01
7.146598008529244908e+03 -3.585470698957485638e+02 6.366413415163208356e+01
7.141773020125158837e+03 -3.534778298136366743e+02 6.293892111200838713e+01
7.136565760779936682e+03 -3.483866636132703434e+02 6.223186372016093060e+01
7.130977373442502540e+03 -3.432752112322790481e+02 6.154313915974902471e+01
7.125008657861165375e+03 -3.381450651175139228e+02 6.087290818770049583e+01
7.118662702337441260e+03 -3.329979266664530542e+02 6.022128004877905028e+01
7.111930366138240061e+03 -3.278355015972206843e+02 5.958853530637387763e+01
7.104823504215576577e+03 -3.226593761623720980e+02 5.897473283096667984e+01
7.097334110202181364e+03 -3.174712895557975116e+02 5.838008527584168661e+01
7.089465561404904292e+03 -3.122729169459594800e+02 5.780474208768796274e+01
7.081220846771433571e+03 -3.070658809558066196e+02 5.724880478109093929e+01
7.072596712922068946e+03 -3.018519261948278540e+02 5.671255775785141395e+01
7.063589264554789224e+03 -2.966334020700656424e+02 5.619605087030914348e+01
7.054209423045042968e+03 -2.914117071206378569e+02 5.569956406482116051e+01
7.044454138181064081e+03 -2.861880741380336417e+02 5.522323017727464389e+01
7.034320130279886143e+03 -2.809640544853220376e+02 5.476720685484298201e+01
7.023810301483773401e+03 -2.757413181689317980e+02 5.433165203843051216e+01
7.012922058497612852e+03 -2.705215434473759615e+02 5.391684232750763783e+01
7.001663397679608352e+03 -2.653063517995700522e+02 5.352284269996248867e+01
6.990028115933545450e+03 -2.600972471844629013e+02 5.314984097402436447e+01
6.978016498140052136e+03 -2.548957595881532256e+02 5.279811354730812667e+01
6.965627006505057579e+03 -2.497033855146332826e+02 5.246780712430651761e+01
6.952860882935746304e+03 -2.445216034747323306e+02 5.215906097197460412e+01
6.939721413936746103e+03 -2.393518918206798958e+02 5.187207814598601630e+01
6.926207853763718049e+03 -2.341957287748705312e+02 5.160708523344500520e+01
6.912316859032244793e+03 -2.290546300159008410e+02 5.136423402950014605e+01
6.898045080222646902e+03 -2.239300700588355255e+02 5.114368912832350134e+01
6.883395592016194314e+03 -2.188234607343599123e+02 5.094567809278360215e+01
6.868370537699862325e+03 -2.137362684635442633e+02 5.077027771988514360e+01
6.852968129399050667e+03 -2.086699089842269643e+02 5.061731094027140898e+01
6.837196429290329434e+03 -2.036257322389382409e+02 5.048662385759608640e+01
6.821067652127670954e+03 -1.986052140897619438e+02 5.037797919627988819e+01
6.804583176151400039e+03 -1.936097408280244281e+02 5.029119241662006345e+01
6.787744400210622189e+03 -1.886406510707564621e+02 5.022601611266578914e+01
6.770566466568274336e+03 -1.836991593302338117e+02 5.018230370379740179e+01
6.753056059003813061e+03 -1.787865651337115196e+02 5.015989842691121936e+01
6.735207074260552872e+03 -1.739040647519119602e+02 5.015858039452557193e+01
6.717040529378432439e+03 -1.690529027999176606e+02 5.017808708560167474e+01
6.698553498737245718e+03 -1.642342093127545013e+02 5.021833222942262864e+01
6.679756085878892918e+03 -1.594494264029243595e+02 5.027903098519522018e+01
6.660660539760196116e+03 -1.547006321395351733e+02 5.036005378812185285e+01
6.641267632690980463e+03 -1.499880495517339796e+02 5.046117496961608140e+01
6.621580550974923426e+03 -1.453130009964031899e+02 5.058218430284292566e+01
6.601602475604927349e+03 -1.406767463274077841e+02 5.072293539096738613e+01
6.581348679374788844e+03 -1.360806033254458782e+02 5.088322469767769007e+01
6.560818233002239140e+03 -1.315257803497780174e+02 5.106290114021481230e+01
6.540018700224820350e+03 -1.270136346933843043e+02 5.126165715118334276e+01
6.518954621021006460e+03 -1.225454003105228367e+02 5.147936174642739360e+01
6.497629150446558015e+03 -1.181223199652971800e+02 5.171579047682831742e+01
6.476050135565567871e+03 -1.137455595369854393e+02 5.197081066661198889e+01
6.454222912027608800e+03 -1.094163356129329969e+02 5.224425908127113871e+01
6.432154776295142256e+03 -1.051358260692311148e+02 5.253592903811476589e+01
6.409847708460596550e+03 -1.009051990532867933e+02 5.284557535860915323e+01
6.387309068887206195e+03 -9.672568683715658722e+01 5.317307055447744091e+01
6.364545180912770775e+03 -9.259848547258741291e+01 5.351827374232195922e+01
6.341558698128024844e+03 -8.852472627385124326e+01 5.388094428492542676e+01
6.318356548603150259e+03 -8.450551322753507577e+01 5.426093343460524920e+01
6.294944377970409732e+03 -8.054196363602358133e+01 5.465811836503102938e+01
6.271327380998698573e+03 -7.663523193507906228e+01 5.507231760704728174e+01
6.247508024240651139e+03 -7.278638628983185299e+01 5.550335370567444926e+01
6.223497467997888634e+03 -6.899651291574923562e+01 5.595102606112700983e+01
6.199293640781988870e+03 -6.526676233331038190e+01 5.641528657701352500e+01
6.174901997083917195e+03 -6.159829022502468376e+01 5.689593260576770462e+01
6.150336116368655894e+03 -5.799208143073337851e+01 5.739276186492661935e+01
6.125593102984480538e+03 -5.444938120237815582e+01 5.790558529031003587e+01
6.100676404157599791e+03 -5.097120788957210635e+01 5.843432622833151413e+01
6.075595503707358148e+03 -4.755876506685303440e+01 5.897878450742199163e+01
6.050349541359231807e+03 -4.421352764713017081e+01 5.953871447543973972e+01
6.024954436233374508e+03 -4.093642741908839611e+01 6.011395114880149038e+01
5.999404586811424451e+03 -3.772824954273880138e+01 6.070442798522368832e+01
5.973709328592429301e+03 -3.459007224795348634e+01 6.131001140106581460e+01
5.947865971559639547e+03 -3.152278942717883226e+01 6.193062995698738860e+01
5.921882762443143292e+03 -2.852734195738555556e+01 6.256609877608169512e+01
5.895769361826478416e+03 -2.560473525692979635e+01 6.321638830892347727e+01
5.869524690461221326e+03 -2.275598562217577125e+01 6.388128399963493820e+01
5.843155362639640771e+03 -1.998200849786257649e+01 6.456072557719936356e+01
5.816666201013208592e+03 -1.728373833425160555e+01 6.525461734691310767e+01
5.790060235063046093e+03 -1.466226533848615965e+01 6.596278258202417533e+01
5.763341029071560115e+03 -1.211846053475463769e+01 6.668510309448748785e+01
5.736514296040130830e+03 -9.652363882960335317e+00 6.742117106093566292e+01
5.709590030393543202e+03 -7.263820126018195822e+00 6.817053754247989161e+01
5.682574142694011243e+03 -4.952709973842651436e+00 6.893280529727003625e+01
5.655472669696506273e+03 -2.718914714150213019e+00 6.970754599091857528e+01
5.628295533485054875e+03 -5.623121106024943083e-01 7.049430225112367054e+01
5.601046306581894896e+03 1.517235304857168066e+00 7.129268680746419307e+01
5.573729396859343069e+03 3.519942777416195323e+00 7.210235104193901634e+01
5.546355530551353695e+03 5.445981776771955829e+00 7.292279925173959043e+01
5.518932793428190962e+03 7.295469705324745924e+00 7.375368936151964760e+01
5.491469280420493305e+03 9.068633757150511343e+00 7.459466385899170859e+01
5.463961925781201899e+03 1.076569758487167938e+01 7.544522987129145974e+01
5.436423573379252957e+03 1.238672352688261213e+01 7.630510782111240076e+01
5.408865519345171379e+03 1.393201261112181655e+01 7.717377836695952453e+01
5.381287872851125940e+03 1.540158938359203233e+01 7.805099956753363699e+01
5.353697089157672053e+03 1.679568072229355025e+01 7.893634398362605964e+01
5.326106874559643074e+03 1.811437177796170062e+01 7.982928741088404934e+01
5.298520617236400540e+03 1.935769224153187906e+01 8.072951742765114602e+01
5.270939653024730433e+03 2.052595762332543572e+01 8.163666340456016712e+01
5.243370201677666955e+03 2.161930733372716773e+01 8.255049786803687084e+01
5.215824792065784095e+03 2.263785978971874613e+01 8.347054308388989341e+01
5.188304182444824619e+03 2.358170926840581672e+01 8.439643000898814762e+01
5.160813743322495611e+03 2.445093728128743038e+01 8.532780138579828133e+01
5.133365192448324706e+03 2.524561372177617358e+01 8.626430016963755065e+01
5.105960910001448610e+03 2.596580992745203531e+01 8.720546495514771834e+01
5.078605456200971275e+03 2.661159700699141695e+01 8.815100507316188327e+01
5.051305051181456292e+03 2.718308208431807671e+01 8.910046203682277621e+01
5.024065915673701966e+03 2.768028904404316748e+01 9.005345775332770586e+01
4.996898418282947205e+03 2.810336605046330050e+01 9.100970230713754461e+01
4.969803768215349919e+03 2.845248597875725238e+01 9.196878964525222955e+01
4.942789380065139085e+03 2.872783751234211636e+01 9.293037591940615982e+01
4.915861368055078856e+03 2.892956794930143616e+01 9.389417114501205219e+01
4.889021920765803770e+03 2.905781661206560074e+01 9.485981985849817022e+01
4.862281086886955563e+03 2.911277193164636401e+01 9.582693877655781023e+01
4.835645094759804124e+03 2.909456963247508199e+01 9.679515703534356419e+01
4.809117919161292775e+03 2.900342993512516188e+01 9.776418573392177791e+01
4.782703143782787265e+03 2.883959923507461909e+01 9.873369638852338426e+01
4.756408475811225799e+03 2.860321771010118397e+01 9.970328511301582353e+01
4.730232692364726972e+03 2.829452206880300125e+01 1.006725971484180633e+02
4.704190569714251069e+03 2.791374749254365994e+01 1.016412778254798184e+02
4.678277822986383399e+03 2.746111860063822263e+01 1.026089725567805999e+02
4.652505410846553787e+03 2.693680135100534301e+01 1.035753268288496258e+02
4.626867794097437582e+03 2.634094928959122583e+01 1.045399934556347432e+02
4.601384082393162316e+03 2.567352495847994831e+01 1.055027503975430960e+02
4.576050129260307585e+03 2.493462517024798331e+01 1.064632318764499104e+02
4.550877640549153512e+03 2.412389994792119197e+01 1.074212935439855983e+02
4.525871106792942555e+03 2.324117650412823366e+01 1.083767904916297624e+02
4.501023903967650767e+03 2.228628442654351360e+01 1.093295652351507670e+02
4.476353734403735871e+03 2.125910996356591198e+01 1.102792769953788081e+02
4.451856496972942296e+03 2.015942437689859190e+01 1.112257485524678913e+02
4.427536134589281573e+03 1.898737528197001012e+01 1.121686009214265312e+02
4.403407909088202359e+03 1.774413890941004013e+01 1.131074765679179137e+02
4.379463815609074118e+03 1.643098587193797044e+01 1.140419306149189964e+02
4.355712298558788461e+03 1.504918765801430247e+01 1.149716321351197053e+02
4.332161706033819428e+03 1.360003232348289082e+01 1.158961222384407392e+02
4.308807695022771441e+03 1.208484928756516119e+01 1.168149875499201897e+02
4.285653268144237700e+03 1.050494989486950281e+01 1.177279249252026716e+02
4.262705524813479315e+03 8.861767484107691217e+00 1.186345825353668459e+02
4.239965220747563762e+03 7.156814572071550806e+00 1.195347588957246359e+02
4.217433160956191387e+03 5.391570811381239281e+00 1.204282816834748218e+02
4.195107722772980196e+03 3.567573036522309504e+00 1.213148952443989401e+02
4.172990528123346849e+03 1.686350906510193814e+00 1.221944280326932670e+02
4.151087121217586173e+03 -2.506145090994790214e-01 1.230666926636875473e+02
4.129392467125015173e+03 -2.241779934530394147e+00 1.239315016806690863e+02
4.107916665790512525e+03 -4.285904483751095562e+00 1.247885774916678656e+02
4.086653880696304441e+03 -6.382146555747791439e+00 1.256376424068057815e+02
4.065610973799060503e+03 -8.529591020311325877e+00 1.264784186320213024e+02
4.044800266743357952e+03 -1.072743022740648300e+01 1.273106179216194676e+02
4.024209987846189051e+03 -1.297486536502858279e+01 1.281339113564876016e+02
4.003855663827473563e+03 -1.527114253144929101e+01 1.289480770969256866e+02
3.983729223093870587e+03 -1.761532973192299778e+01 1.297527729283485201e+02
3.963848928157629416e+03 -2.000649603903520557e+01 1.305476936292743346e+02
3.944207303335960660e+03 -2.244272350364643742e+01 1.313324633881946681e+02
3.924812794511051834e+03 -2.492315686138609010e+01 1.321070698097760499e+02
3.905656596760582943e+03 -2.744640039253993535e+01 1.328712349884779655e+02
3.886736069010441042e+03 -3.001099690178537926e+01 1.336247429211711335e+02
3.868066981984155973e+03 -3.261554735257769977e+01 1.343673806141764260e+02
3.849643836051924154e+03 -3.525865959632087510e+01 1.350989349041913385e+02
3.831463194250941797e+03 -3.793888758129191530e+01 1.358190826672910703e+02
3.813533190926393672e+03 -4.065519245874076404e+01 1.365276346035915083e+02
3.795854865288852125e+03 -4.340664820468683160e+01 1.372241957475528693e+02
3.778425924262751778e+03 -4.619218936540232079e+01 1.379084746373869450e+02
3.761257304440466214e+03 -4.901122218556074728e+01 1.385801690149592389e+02
3.744350024758817199e+03 -5.186267410592542859e+01 1.392388908532224434e+02
3.727702926021696840e+03 -5.474580058302579033e+01 1.398843818202244904e+02
3.711320354528020744e+03 -5.765968845048170976e+01 1.405163135069214491e+02
3.695206662214290191e+03 -6.060315399119031099e+01 1.411343726184929324e+02
3.679363150074185796e+03 -6.357503766135891965e+01 1.417384407284717724e+02
3.663790350368518375e+03 -6.657466049761349325e+01 1.423283790611494908e+02
3.648490116235429014e+03 -6.960173879337280312e+01 1.429039971428443039e+02
3.633462451016736395e+03 -7.265475912851324836e+01 1.434651003574063566e+02
3.618711735668056917e+03 -7.573240631839277626e+01 1.440114854267413875e+02
3.604242357091372014e+03 -7.883383004277459349e+01 1.445430833454291815e+02
3.590055838394224338e+03 -8.195832411059504352e+01 1.450596631331423509e+02
3.576146837328373294e+03 -8.510546828575333222e+01 1.455609417212920675e+02
3.562524587714903646e+03 -8.827375234860673459e+01 1.460466447167810600e+02
3.549187507130483027e+03 -9.146185385149151159e+01 1.465165484453593194e+02
3.536139658990057796e+03 -9.467010743878410040e+01 1.469703690204122211e+02
3.523379015938709927e+03 -9.789635945895039981e+01 1.474078231068629066e+02
3.510917559144637835e+03 -1.011390908660502674e+02 1.478286662618922662e+02
3.498751515859703431e+03 -1.043991427624892054e+02 1.482326800761631773e+02
3.486880960628267985e+03 -1.076735450972546460e+02 1.486198911332874957e+02
3.475298970456200095e+03 -1.109628483684422946e+02 1.489902291735871529e+02
3.464004601961282333e+03 -1.142646354233745001e+02 1.493438047029853806e+02
3.452991485024550911e+03 -1.175774389090624226e+02 1.496806238298584901e+02
3.442263767694835678e+03 -1.209010612533563886e+02 1.500006777977218633e+02
3.431811551265483104e+03 -1.242333649707395011e+02 1.503040110241720413e+02
3.421641455673100609e+03 -1.275732294049540911e+02 1.505906802823640476e+02
3.411742215884099551e+03 -1.309195147764984597e+02 1.508606939278841139e+02
3.402116222728749108e+03 -1.342709006865942456e+02 1.511140872829200816e+02
3.392759194446788115e+03 -1.376260669523210254e+02 1.513508734388634309e+02
3.383669452461648689e+03 -1.409840933795146611e+02 1.515711216140858539e+02
3.374841999515911084e+03 -1.443435763466346771e+02 1.517748785181073288e+02
3.366273547155899905e+03 -1.477032258952000348e+02 1.519621672907464642e+02
3.357963918782706969e+03 -1.510620654799589602e+02 1.521330423208257798e+02
3.349911916554250638e+03 -1.544184839216064518e+02 1.522875284739235724e+02
3.342115810127237637e+03 -1.577712939924949467e+02 1.524256132508912742e+02
3.334569090782592411e+03 -1.611200245311478909e+02 1.525473313161281510e+02
3.327271661354436674e+03 -1.644631455380292095e+02 1.526527596756773448e+02
3.320217238354272467e+03 -1.677992265344646228e+02 1.527418847381853482e+02
3.313412409696349641e+03 -1.711276453915934610e+02 1.528147238501723280e+02
3.306846150523459983e+03 -1.744462770876949662e+02 1.528713561763906910e+02
3.300518086254349328e+03 -1.777549205011739559e+02 1.529117213310842942e+02
3.294427847720618502e+03 -1.810522558394445412e+02 1.529358704062726986e+02
3.288574586910475318e+03 -1.843370115701345640e+02 1.529438492739963635e+02
3.282951541734391412e+03 -1.876084651299627808e+02 1.529356420937913299e+02
3.277558076976153188e+03 -1.908637753193853825e+02 1.529112467404180506e+02
3.272393056923767745e+03 -1.941032322296754273e+02 1.528706892561947370e+02
3.267450376722679721e+03 -1.973254735750017517e+02 1.528140379431387430e+02
3.262729642033944401e+03 -2.005291725550447950e+02 1.527412765558731849e+02
3.258230519891639688e+03 -2.037136367635525858e+02 1.526523244276140190e+02
3.253952682254400315e+03 -2.068782061104051593e+02 1.525472778535891223e+02
3.249890055728746120e+03 -2.100210700837515674e+02 1.524261356469457951e+02
3.246041184381678704e+03 -2.131418882901185157e+02 1.522889336876264395e+02
3.242405754569443616e+03 -2.162390982794961758e+02 1.521356667474352662e+02
3.238983457321937294e+03 -2.193121965900943451e+02 1.519663645257761573e+02
3.235769319232643284e+03 -2.223597819999108367e+02 1.517810264257797144e+02
3.232765220526265693e+03 -2.253807479961855051e+02 1.515796759670367351e+02
3.229969226424188037e+03 -2.283744312701754495e+02 1.513622759007485286e+02
3.227374428547499974e+03 -2.313397821298348163e+02 1.511288545574125806e+02
3.224984686518002945e+03 -2.342758331488300598e+02 1.508794150253820021e+02
3.222796365094160137e+03 -2.371812557248308053e+02 1.506138691213214145e+02
3.220804570320777202e+03 -2.400549748242215458e+02 1.503322196980804222e+02
3.219011155281429637e+03 -2.428961526969899012e+02 1.500345207922837290e+02
3.217412642141031938e+03 -2.457035006390038063e+02 1.497207492511052749e+02
3.216013054464574452e+03 -2.484765224143973228e+02 1.493908591789873697e+02
3.214802827842090664e+03 -2.512140593998750262e+02 1.490447998156077176e+02
3.213783400304277166e+03 -2.539150791505844893e+02 1.486825960941225730e+02
3.212956858724553058e+03 -2.565786468658703825e+02 1.483042233582156371e+02
3.212314338992336161e+03 -2.592038153810931931e+02 1.479096681330634908e+02
3.211864681709590513e+03 -2.617896921891697275e+02 1.474990054904397141e+02
3.211593212984459115e+03 -2.643358463083031893e+02 1.470724157489429444e+02
3.211501974124518711e+03 -2.668419402556138493e+02 1.466302405801657756e+02
3.211580611929949555e+03 -2.693075138921241773e+02 1.461726360646377145e+02
3.211830097579277208e+03 -2.717320899730862607e+02 1.457001413052870191e+02
3.212240813263464133e+03 -2.741153716447566921e+02 1.452129724489400644e+02
3.212809700139165216e+03 -2.764572300564605030e+02 1.447112363494025260e+02
3.213532887604915686e+03 -2.787573960932961086e+02 1.441953415544358847e+02
3.214406508196396317e+03 -2.810154151142120895e+02 1.436654580728883559e+02
3.215426697508406505e+03 -2.832309350822379201e+02 1.431219133296633288e+02
3.216583983718591298e+03 -2.854037298716760347e+02 1.425650004076387347e+02
3.217873230929514648e+03 -2.875333254437230721e+02 1.419948951783615030e+02
3.219295653242800199e+03 -2.896194363158110150e+02 1.414119504233549947e+02
3.220844416109935537e+03 -2.916617093209370637e+02 1.408163885179738770e+02
3.222513580950325832e+03 -2.936597809484864001e+02 1.402084493756984216e+02
3.224303558924245863e+03 -2.956133074581074993e+02 1.395884569394914649e+02
3.226205156257522049e+03 -2.975219439829070325e+02 1.389566387570864663e+02
3.228208731776680452e+03 -2.993854188827269240e+02 1.383132175609235333e+02
3.230317340959658395e+03 -3.012034483849041635e+02 1.376584737520692272e+02
3.232530846984720483e+03 -3.029757477175489839e+02 1.369926874216323824e+02
3.234838796013594219e+03 -3.047020124997986272e+02 1.363161092798640937e+02
3.237238647769625004e+03 -3.063819049761822271e+02 1.356289526349718244e+02
3.239730337151649564e+03 -3.080151819292767641e+02 1.349314541660835403e+02
3.242303088356216904e+03 -3.096015144914600228e+02 1.342238927641960800e+02
3.244957863577045828e+03 -3.111405186814145054e+02 1.335065287674570413e+02
3.247689279420627372e+03 -3.126318895485825351e+02 1.327795743169484979e+02
3.250489463991521916e+03 -3.140752702863375134e+02 1.320432412726659379e+02
3.253360194836744995e+03 -3.154702926833622314e+02 1.312977513723328684e+02
3.256296903603858027e+03 -3.168165536037151355e+02 1.305433746504541546e+02
3.259290100498471020e+03 -3.181138105691928217e+02 1.297803221507144826e+02
3.262342377477119499e+03 -3.193616375946710946e+02 1.290088046539552806e+02
3.265449125801094851e+03 -3.205596590547256710e+02 1.282290806651263324e+02
3.268590675674967315e+03 -3.217075752311108658e+02 1.274415327256655530e+02
3.271786538708605804e+03 -3.228051377212488546e+02 1.266461512601039630e+02
3.275019990859090285e+03 -3.238519801650782597e+02 1.258432109066890661e+02
3.278292824337929687e+03 -3.248477342405670356e+02 1.250329245656132144e+02
3.281595817522226298e+03 -3.257920904276894021e+02 1.242155015439948045e+02
3.284930018228242261e+03 -3.266846865466598615e+02 1.233911509214030104e+02
3.288292757116409575e+03 -3.275252050390956242e+02 1.225600815552706138e+02
3.291680218060471361e+03 -3.283132344876659658e+02 1.217225020864015761e+02
3.295083654941785426e+03 -3.290483831056574218e+02 1.208786209445751325e+02
3.298501953469636192e+03 -3.297303212495188518e+02 1.200285997572032102e+02
3.301933525277179797e+03 -3.303586497337600463e+02 1.191726242685852100e+02
3.305374553626317720e+03 -3.309329646690729874e+02 1.183109435012182473e+02
3.308821221368049464e+03 -3.314529243021788147e+02 1.174437542969109955e+02
3.312273289378675599e+03 -3.319181416580150881e+02 1.165712337283592603e+02
3.315723632122771050e+03 -3.323282007263775313e+02 1.156935890822452961e+02
3.319167347481585239e+03 -3.326827172494977845e+02 1.148109667170485011e+02
3.322605547624897554e+03 -3.329813333056935107e+02 1.139235519445562090e+02
3.326032789119878089e+03 -3.332236532094109407e+02 1.130315840179280826e+02
3.329449637081337642e+03 -3.334094259077052698e+02 1.121352227510855499e+02
3.332852250805909080e+03 -3.335392378932080533e+02 1.112347756324773371e+02
3.336236784821431684e+03 -3.336137149914861197e+02 1.103304794906738664e+02
3.339599392377716413e+03 -3.336334958512378535e+02 1.094226906298743671e+02
3.342937371268936658e+03 -3.335992468780625018e+02 1.085116612060215289e+02
3.346251738155289331e+03 -3.335115412228164473e+02 1.075976520153563882e+02
3.349533235101870105e+03 -3.333710655395841513e+02 1.066809811637525058e+02
3.352784291800825940e+03 -3.331784984502153861e+02 1.057619599544825775e+02
3.356000989047804978e+03 -3.329343928939358648e+02 1.048407758896695015e+02
3.359170386556156245e+03 -3.326397213592652520e+02 1.039179547927466558e+02
3.362297127516771070e+03 -3.322948561626690207e+02 1.029935796100828185e+02
3.365377999292056757e+03 -3.319003912203240816e+02 1.020679252779779489e+02
3.368415551682583555e+03 -3.314568770068724461e+02 1.011413093988439584e+02
3.371400254645800032e+03 -3.309649199927135328e+02 1.002138652675079982e+02
3.374333366961569482e+03 -3.304251888153394248e+02 9.928600541981242600e+01
3.377212036347668345e+03 -3.298381902425204544e+02 9.835795561221323169e+01
3.380032391757766163e+03 -3.292045591785606007e+02 9.742995421560004843e+01
3.382790559729227425e+03 -3.285248919345506238e+02 9.650230304378193580e+01
3.385482664310437940e+03 -3.277997122837019219e+02 9.557527155733394864e+01
3.388109346875942265e+03 -3.270295696510527819e+02 9.464906573091784026e+01
3.390669094161834892e+03 -3.262150076732382331e+02 9.372395554855022226e+01
3.393154043019251276e+03 -3.253565744171992264e+02 9.280025835258307154e+01
3.395564816392342436e+03 -3.244548150539659446e+02 9.187821731325450969e+01
3.397900443616204484e+03 -3.235102687560740833e+02 9.095805183422110929e+01
3.400153583282590716e+03 -3.225234671468509191e+02 9.004001312951240266e+01
3.402323238193421730e+03 -3.214949181355365795e+02 8.912438142465173030e+01
3.404409499604804296e+03 -3.204251280339888694e+02 8.821142161904244006e+01
3.406408466038034021e+03 -3.193146100569840087e+02 8.730136601517108375e+01
3.408316232845177638e+03 -3.181638654918172620e+02 8.639446954791566213e+01
3.410128892145191003e+03 -3.169734016882648007e+02 8.549092398347275434e+01
3.411844079438930748e+03 -3.157437177063553690e+02 8.459106677391092433e+01
3.413463221279052505e+03 -3.144752947805570216e+02 8.369509608427722469e+01
3.414982399709133915e+03 -3.131685760853375200e+02 8.280326357048356556e+01
3.416396957488341286e+03 -3.118240070678768916e+02 8.191582097531018292e+01
3.417698214207746787e+03 -3.104420148781485977e+02 8.103301548011381783e+01
3.418901117614340365e+03 -3.090230319096140192e+02 8.015503675144846341e+01
3.419987899942123022e+03 -3.075676762868322953e+02 7.928223603979037648e+01
3.420960987335331538e+03 -3.060766617979324451e+02 7.841491371274211986e+01
3.421824228857010894e+03 -3.045499609749630281e+02 7.755309989775457780e+01
3.422567213616522167e+03 -3.029879625709622246e+02 7.669711092211595371e+01
3.423185648806432710e+03 -3.013910475143049439e+02 7.584720277722307458e+01
3.423681584864956221e+03 -2.997596013793954057e+02 7.500362814018365043e+01
3.424057683895394803e+03 -2.980939921683244620e+02 7.416652520309700947e+01
3.424305681486716367e+03 -2.963946607067144328e+02 7.333623304024668244e+01
3.424420187603028353e+03 -2.946618969392234249e+02 7.251292949539777055e+01
3.424402155251244949e+03 -2.928961410478169114e+02 7.169688313435136706e+01
3.424249579711177830e+03 -2.910976676480919991e+02 7.088832058989504503e+01
3.423958484914543533e+03 -2.892668273005451169e+02 7.008742932787322388e+01
3.423529000292124238e+03 -2.874039358857571074e+02 6.929452028851056866e+01
3.422956079678006972e+03 -2.855093099800405412e+02 6.850978785532082327e+01
3.422236747466409724e+03 -2.835833672604723574e+02 6.773344154136761119e+01
3.421372791357730875e+03 -2.816269676764123915e+02 6.696558003453725405e+01
3.420366197162384196e+03 -2.796411516150818102e+02 6.620629339089649079e+01
3.419219776758034186e+03 -2.776269118219791494e+02 6.545572170759906783e+01
3.417929990326755615e+03 -2.755851991493195214e+02 6.471387326718833322e+01
3.416493599530027950e+03 -2.735169988855056999e+02 6.398087739418792097e+01
3.414916160932037656e+03 -2.714231780368015166e+02 6.325679511666417909e+01
3.413199872187222354e+03 -2.693047430166695335e+02 6.254173439189262496e+01
3.411339859394636733e+03 -2.671626854986475337e+02 6.183580341099155930e+01
3.409341665225209908e+03 -2.649979330357663798e+02 6.113908787241135911e+01
3.407208228837760998e+03 -2.628113750717363928e+02 6.045159008831969061e+01
3.404927615039820466e+03 -2.606040035517673346e+02 5.977347323534943513e+01
3.402511318488651796e+03 -2.583766926687392242e+02 5.910478357019498930e+01
3.399958245542228269e+03 -2.561303795313203864e+02 5.844562997084337042e+01
3.397267512695878850e+03 -2.538666400911265555e+02 5.779606884994699101e+01
3.394430914134287832e+03 -2.515857773309576544e+02 5.715619415212849930e+01
3.391467360554749575e+03 -2.492887807577353954e+02 5.652604494783556532e+01
3.388357176148070721e+03 -2.469763993084318088e+02 5.590579362063854063e+01
3.385116184741098550e+03 -2.446494912358311637e+02 5.529543316252579643e+01
3.381733806438368447e+03 -2.423089827038603516e+02 5.469511815375862795e+01
3.378218046022966064e+03 -2.399555833745292830e+02 5.410491429231600335e+01
3.374565042277705743e+03 -2.375901743721580033e+02 5.352492026686451254e+01
3.370777143270677243e+03 -2.352136378125771614e+02 5.295519751111532258e+01
3.366855044132034436e+03 -2.328266964080519301e+02 5.239588771166025793e+01
3.362802109102367467e+03 -2.304301979028679455e+02 5.184707938047039022e+01
3.358615324061500360e+03 -2.280249892474627700e+02 5.130886160061518808e+01
3.354290885623815939e+03 -2.256119093058548799e+02 5.078130783864901332e+01
3.349831332816730992e+03 -2.231917122100700794e+02 5.026453939378800584e+01
3.345242117714810774e+03 -2.207652358341846650e+02 4.975859906421487011e+01
3.340519210390058106e+03 -2.183333193347390306e+02 4.926356039977668644e+01
3.335659756187570565e+03 -2.158967443567533735e+02 4.877958353062768992e+01
3.330667954956242284e+03 -2.134563630180185498e+02 4.830674323933619263e+01
3.325540701346937567e+03 -2.110129308540864201e+02 4.784510766495028378e+01
3.320281345941574727e+03 -2.085672252430414346e+02 4.739474301192717576e+01
3.314888695105502848e+03 -2.061199961968750074e+02 4.695582509878480693e+01
3.309361550565669859e+03 -2.036720264299612211e+02 4.652836843648100995e+01
3.303699976476999382e+03 -2.012240478564756074e+02 4.611250215156125876e+01
3.297908386083114692e+03 -1.987767924156412391e+02 4.570838928477427743e+01
3.291984840878482828e+03 -1.963309993600616679e+02 4.531608080977000697e+01
3.285922419140272723e+03 -1.938874669248854730e+02 4.493563717325849893e+01
3.279726331371724882e+03 -1.914469882365957574e+02 4.456723682367520922e+01
3.273395858486277575e+03 -1.890103540654105529e+02 4.421084029094055268e+01
3.266937452869145545e+03 -1.865785510051248650e+02 4.386667565142775516e+01
3.260341775584636252e+03 -1.841519035281725394e+02 4.353477222475918751e+01
3.253614036444017529e+03 -1.817311443220578440e+02 4.321531293005342178e+01
3.246747084199483197e+03 -1.793170063699007812e+02 4.290829569665559973e+01
3.239751031302791489e+03 -1.769101989187178390e+02 4.261388794919239587e+01
3.232614972180497716e+03 -1.745114060830320852e+02 4.233227622563132542e+01
3.225340771535671138e+03 -1.721212868671399576e+02 4.206348387157859747e+01
3.217933786613070879e+03 -1.697404959136115394e+02 4.180765507856509799e+01
3.210390091183460299e+03 -1.673696758034736263e+02 4.156493331499964938e+01
3.202713797839165636e+03 -1.650093654835426094e+02 4.133519293398506278e+01
3.194909140589844810e+03 -1.626600916368345224e+02 4.111826866840959838e+01
3.186978102660945297e+03 -1.603223849899584934e+02 4.091401808595284706e+01
3.178922663287630712e+03 -1.579967706480028369e+02 4.072237572454557863e+01
3.170741237909981010e+03 -1.556837745591875262e+02 4.054315424349765351e+01
3.162442338687377287e+03 -1.533839234904373825e+02 4.037621116157407641e+01
3.154029669986563022e+03 -1.510977465115704774e+02 4.022145307571420858e+01
3.145499088017109898e+03 -1.488257743504860287e+02 4.007866201809324025e+01
3.136860830369960695e+03 -1.465685358965362184e+02 3.994772254303133963e+01
3.128114644971878079e+03 -1.443265572561162458e+02 3.982856095716587674e+01
3.119259743234511461e+03 -1.421003518593188062e+02 3.972104578743579850e+01
3.110301356119547108e+03 -1.398904253676753342e+02 3.962495557594729689e+01
3.101239004289723198e+03 -1.376972648742725767e+02 3.954021771547981956e+01
3.092084483139817166e+03 -1.355213755792682377e+02 3.946674868569957084e+01
3.082833970850903370e+03 -1.333632468398785704e+02 3.940441042121774018e+01
3.073489402806116686e+03 -1.312233721796427233e+02 3.935307107864200304e+01
3.064052711113642090e+03 -1.291022769103791177e+02 3.931265314943734523e+01
3.054525870731203668e+03 -1.270003874986829402e+02 3.928295437515976118e+01
3.044919891445750636e+03 -1.249185460712406694e+02 3.926378991623485604e+01
3.035227980380396730e+03 -1.228568888070892342e+02 3.925511116826886138e+01
3.025450976322952556e+03 -1.208159813481438931e+02 3.925687229171958847e+01
3.015597166833321353e+03 -1.187962452730468357e+02 3.926900383753405066e+01
3.005667123428495415e+03 -1.167982186630078019e+02 3.929131423611244145e+01
2.995662527753383074e+03 -1.148223917503792961e+02 3.932377794265369175e+01
2.985585288184042383e+03 -1.128691920994093181e+02 3.936622521820828524e+01
2.975437310459150922e+03 -1.109391971054895976e+02 3.941850872055805155e+01
2.965221001935860841e+03 -1.090328729083418580e+02 3.948064574088030554e+01
2.954938447909788920e+03 -1.071507346583584308e+02 3.955241487397555744e+01
2.944591546676617781e+03 -1.052932452684963494e+02 3.963375434665701391e+01
2.934182194211078240e+03 -1.034609108264359634e+02 3.972460275021354903e+01
2.923712284248661490e+03 -1.016542068356581012e+02 3.982478778435057620e+01
2.913184077400803289e+03 -9.987363038033613805e+01 3.993422159773133018e+01
2.902599440913893432e+03 -9.811970381281923892e+01 4.005283605669065139e+01
2.891960230505600066e+03 -9.639291845045589469e+01 4.018056237348626780e+01
2.881268417645951104e+03 -9.469373776906053308e+01 4.031731502736390382e+01
2.870525485297381238e+03 -9.302261492199789927e+01 4.046297492333508217e+01
2.859733783294828754e+03 -9.138006751357201551e+01 4.061752011477268809e+01
2.848895688118483577e+03 -8.976661555431617501e+01 4.078086546651425692e+01
2.838012114786145503e+03 -8.818272504631352149e+01 4.095291659906905579e+01
2.827084940681631906e+03 -8.662891355142211580e+01 4.113366051147824010e+01
2.816116167573818075e+03 -8.510560985922532495e+01 4.132300842415440201e+01
2.805107936947910730e+03 -8.361346241590585748e+01 4.152079425002190050e+01
2.794060495610792714e+03 -8.215286072686302532e+01 4.172701389405763450e+01
2.782976860695279811e+03 -8.072436789934761237e+01 4.194160004607713432e+01
2.771857632998508052e+03 -7.932848640341237001e+01 4.216442747214434661e+01
2.760706254104348318e+03 -7.796569353568550298e+01 4.239544468733075888e+01
2.749523975319021247e+03 -7.663652319636288723e+01 4.263439864061808748e+01
2.738311005971050236e+03 -7.534145201625180732e+01 4.288147280141750173e+01
2.727069214114817441e+03 -7.408111637053607978e+01 4.313647694222666473e+01
2.715800024442365157e+03 -7.285578372031410765e+01 4.339950163144403206e+01
2.704505555061433370e+03 -7.166551643122525661e+01 4.367024329272518912e+01
2.693188106228680681e+03 -7.051000136842040433e+01 4.394845275478714086e+01
2.681851610612864533e+03 -6.938909900101863570e+01 4.423400800399637944e+01
2.670497249734669367e+03 -6.830256276702974105e+01 4.452665556653199275e+01
2.659127788779732782e+03 -6.725020193253216405e+01 4.482614783587906970e+01
2.647745924245230071e+03 -6.623186122410236010e+01 4.513230087652178923e+01
2.636353955440935806e+03 -6.524734290944583393e+01 4.544486357743818417e+01
2.624953772619278425e+03 -6.429638694355061546e+01 4.576362171674018953e+01
2.613548159764553475e+03 -6.337886201236437245e+01 4.608837357627352560e+01
2.602139674918633773e+03 -6.249460781447921676e+01 4.641888965010345203e+01
2.590730284339062564e+03 -6.164337534066301316e+01 4.675494060613498704e+01
2.579322288368750378e+03 -6.082504042291095914e+01 4.709632738019801934e+01
2.567917987784665002e+03 -6.003945131067688834e+01 4.744288714709936272e+01
2.556519683871397319e+03 -5.928638700225275215e+01 4.779440785305349948e+01
2.545129678493764004e+03 -5.856579109620882662e+01 4.815068259656526095e+01
2.533750274168461601e+03 -5.787750070988212769e+01 4.851158492289683011e+01
2.522383774134775194e+03 -5.722132383272742118e+01 4.887683700709194312e+01
2.511032343606888389e+03 -5.659713309993997399e+01 4.924635358455312684e+01
2.499697849306806347e+03 -5.600483225476451565e+01 4.961986270781613939e+01
2.488383174045042324e+03 -5.544423317145984953e+01 4.999720254727328950e+01
2.477090509180146455e+03 -5.491525851783819689e+01 5.037820562082170284e+01
2.465820931200597443e+03 -5.441777172620720648e+01 5.076264722962923059e+01
2.454577403519862401e+03 -5.395163739203496078e+01 5.115036515455638977e+01
2.443363162905273839e+03 -5.351638492179296236e+01 5.154093953426264818e+01
2.432179112100699058e+03 -5.311221379348271654e+01 5.193438573591396334e+01
2.421027306870748362e+03 -5.273910964649419952e+01 5.233049511925865005e+01
2.409909422986387199e+03 -5.239688018570749506e+01 5.272904040525991576e+01
2.398827114305248415e+03 -5.208545185761205687e+01 5.312991666774318844e+01
2.387783204853621555e+03 -5.180482075442236578e+01 5.353291226639399270e+01
2.376779560450595454e+03 -5.155488037851598904e+01 5.393785587691348127e+01
2.365817309377810034e+03 -5.133555749310286842e+01 5.434453365518554335e+01
2.354899463104535243e+03 -5.114679312438104120e+01 5.475276899111301532e+01
2.344027763998039973e+03 -5.098848178528809427e+01 5.516244879744674989e+01
2.333203663283720289e+03 -5.086054545461480103e+01 5.557334382942144657e+01
2.322429670922372679e+03 -5.076301289111322745e+01 5.598528775961328563e+01
2.311707592592071705e+03 -5.069584331753187456e+01 5.639810714514143086e+01
2.301039540380170820e+03 -5.065899066554383268e+01 5.681164886537998626e+01
2.290427486145529201e+03 -5.065240044905628025e+01 5.722571622926341206e+01
2.279872755838724061e+03 -5.067604931507673172e+01 5.764014197242143922e+01
2.269377599281938274e+03 -5.072996186782794581e+01 5.805475441616515297e+01
2.258944238023585058e+03 -5.081406280311172452e+01 5.846935050417945234e+01
2.248574156471189326e+03 -5.092833084790663634e+01 5.888382846379574431e+01
2.238269287082036954e+03 -5.107283489416624178e+01 5.929793219620317757e+01
2.228031189706770874e+03 -5.124749828837121157e+01 5.971156194011089724e+01
2.217862419574264550e+03 -5.145234194202993905e+01 6.012447032908141864e+01
2.207764254402246934e+03 -5.168738774967704330e+01 6.053653796479525084e+01
2.197738852635973672e+03 -5.195264879667018931e+01 6.094754781145896771e+01
2.187787459739515270e+03 -5.224808981172682110e+01 6.135734626308472173e+01
2.177912965461836848e+03 -5.257374869278106644e+01 6.176583438760534506e+01
2.168116206421533207e+03 -5.292972826267811115e+01 6.217285509099448149e+01
2.158398659735899400e+03 -5.331525666779567274e+01 6.257817518080180008e+01
2.148760717982399456e+03 -5.372952102680260111e+01 6.298172034492718296e+01
2.139204228737704852e+03 -5.417233486194713521e+01 6.338334576496652062e+01
2.129723008450453108e+03 -5.464309633641251907e+01 6.378311696119677521e+01
2.120326977061005891e+03 -5.514114101345346342e+01 6.418072884783897791e+01
2.111012691187770542e+03 -5.566592105688669534e+01 6.457615253390704879e+01
2.101780869104305111e+03 -5.621684531452341815e+01 6.496927714551887334e+01
2.092633146102836236e+03 -5.679325999410591663e+01 6.535986476206899454e+01
2.083565997645035623e+03 -5.739465516625833175e+01 6.574786018530699039e+01
2.074579340383342242e+03 -5.802036963772079048e+01 6.613316843218404983e+01
2.065674818988311017e+03 -5.866981268148371953e+01 6.651561367887171627e+01
2.056858433376999074e+03 -5.934245420108502600e+01 6.689504354442490808e+01
2.048126206898887176e+03 -6.003768322713587224e+01 6.727136898805562737e+01
2.039477993376300901e+03 -6.075495316714239635e+01 6.764444995991148346e+01
2.030918526836724141e+03 -6.149376693074504630e+01 6.801416097046889320e+01
2.022442926600953570e+03 -6.225356467440317232e+01 6.838040519969918307e+01
2.014051624497890998e+03 -6.303378379831651301e+01 6.874305220833301178e+01
2.005751332472988224e+03 -6.383389856070782287e+01 6.910194409579878538e+01
1.997537104361609181e+03 -6.465338389392007912e+01 6.945695772615022179e+01
1.989410566592770238e+03 -6.549173728638663761e+01 6.980805072512769982e+01
1.981377035324586814e+03 -6.634848195386675229e+01 7.015505360143320956e+01
1.973426585558108627e+03 -6.722309475995760408e+01 7.049778518057269139e+01
1.965570001107012786e+03 -6.811506696952307038e+01 7.083624358117664599e+01
1.957803461966746227e+03 -6.902394283118827900e+01 7.117019805843321478e+01
1.950127822412144951e+03 -6.994925879266484969e+01 7.149957456112123566e+01
1.942539297016452565e+03 -7.089049407507224032e+01 7.182424672893732520e+01
1.935045905354393199e+03 -7.184713440247118399e+01 7.214413956613151413e+01
1.927649323462701886e+03 -7.281879188112763757e+01 7.245898937269615203e+01
1.920343912180734605e+03 -7.380442505777442364e+01 7.276880070208684970e+01
1.913131813341244197e+03 -7.480404782800489727e+01 7.307337666760972184e+01
1.906008151268448728e+03 -7.581713412824808529e+01 7.337265118094643412e+01
1.898987150276656394e+03 -7.684335503946803669e+01 7.366636587521080060e+01
1.892059350076585133e+03 -7.788214763916930394e+01 7.395449904220042470e+01
1.885224909192454561e+03 -7.893304558925946424e+01 7.423687425496002845e+01
1.878485556864328828e+03 -7.999565427462827927e+01 7.451334698683869817e+01
1.871848319437494865e+03 -8.106959001686506383e+01 7.478383594816340008e+01
1.865311504862978154e+03 -8.215451974978775240e+01 7.504822262097069085e+01
1.858870236054893894e+03 -8.324998413036534828e+01 7.530637230215752709e+01
1.852528604672492975e+03 -8.435564752185672432e+01 7.555815004413437919e+01
1.846286551562065824e+03 -8.547113364702759952e+01 7.580342065180099098e+01
1.840147094636792872e+03 -8.659603380006537066e+01 7.604208809892612919e+01
1.834111263320226044e+03 -8.773000303839815217e+01 7.627400942863157240e+01
1.828177600408068201e+03 -8.887262411036932974e+01 7.649905053824146250e+01
1.822350999565843040e+03 -9.002347746665479633e+01 7.671707876777512070e+01
1.816631262260453468e+03 -9.118219117098348647e+01 7.692792007521028097e+01
1.811012104437995049e+03 -9.234837017930425418e+01 7.713146362654178745e+01
1.805497619882624804e+03 -9.352163058021596953e+01 7.732756898610750795e+01
1.800094153421396868e+03 -9.470154171807166676e+01 7.751604852641713705e+01
1.794799926723426552e+03 -9.588778461656953311e+01 7.769684366461321190e+01
1.789609124415076394e+03 -9.707989411385666756e+01 7.786979538149009272e+01
1.784529802852915736e+03 -9.827751030198736260e+01 7.803491498421260530e+01
1.779551980892678330e+03 -9.948009343184898512e+01 7.819224338269700070e+01
1.774685482226862632e+03 -1.006871463554637671e+02 7.834182120767927415e+01
1.769917742319431454e+03 -1.018980707321774872e+02 7.848368452742462864e+01
1.765254610302506990e+03 -1.031125111023201129e+02 7.861781039088843670e+01
1.760694916945467639e+03 -1.043297338323503851e+02 7.874433511482482118e+01
1.756230786067552344e+03 -1.055491228935453591e+02 7.886331382725668959e+01
1.751862564642056441e+03 -1.067704588282293372e+02 7.897474627407930825e+01
1.747589655967273529e+03 -1.079933235875224682e+02 7.907854127296603508e+01
1.743417701464709126e+03 -1.092171131490035378e+02 7.917485449130624886e+01
1.739334835304925036e+03 -1.104413908660305026e+02 7.926361803563470687e+01
1.735350012527495210e+03 -1.116656826459000627e+02 7.934490842235095442e+01
1.731454189290127488e+03 -1.128894508090320556e+02 7.941872109516882006e+01
1.727649011292751993e+03 -1.141123002122056675e+02 7.948513040086761805e+01
1.723930752618581664e+03 -1.153336841437323983e+02 7.954414200137587443e+01
1.720301448145957011e+03 -1.165532631296613886e+02 7.959577270629699797e+01
1.716758459503222639e+03 -1.177705572100766602e+02 7.964001564381922549e+01
1.713302746714457953e+03 -1.189851126220161603e+02 7.967692234227415327e+01
1.709932758820088793e+03 -1.201965011311784508e+02 7.970651888808892238e+01
1.706648380853974459e+03 -1.214043085815617786e+02 7.972881007694326172e+01
1.703449149129813577e+03 -1.226080517991192664e+02 7.974383125863883492e+01
1.700330882310703146e+03 -1.238072626453030551e+02 7.975158756760737333e+01
1.697293028258636696e+03 -1.250015723576624112e+02 7.975207478192028532e+01
1.694335037760894693e+03 -1.261904704456118651e+02 7.974532734105338250e+01
1.691458544855832997e+03 -1.273734698172882247e+02 7.973133577301530295e+01
1.688663893325205663e+03 -1.285501588299544551e+02 7.971007796205918794e+01
1.685942226892319695e+03 -1.297200334323117374e+02 7.968165419279264938e+01
1.683298255645128620e+03 -1.308827248115182442e+02 7.964599272722445278e+01
1.680730345216882142e+03 -1.320377892760554062e+02 7.960311549059480285e+01
1.678233003461020417e+03 -1.331846889149475999e+02 7.955299721004844571e+01
1.675811759402810367e+03 -1.343230123120118549e+02 7.949566460818370217e+01
1.673466085809558990e+03 -1.354524543467094020e+02 7.943108639845874563e+01
1.671195439978966533e+03 -1.365723938605266596e+02 7.935929428258833696e+01
1.668990411927881951e+03 -1.376823701541323999e+02 7.928043317724366545e+01
1.666859261621290671e+03 -1.387820030859269593e+02 7.919436494294440365e+01
1.664794962512189386e+03 -1.398709474571865030e+02 7.910104626742173650e+01
1.662803112682782739e+03 -1.409487165176039980e+02 7.900044147141247208e+01
1.660877627231737506e+03 -1.420149398108816570e+02 7.889263647481821806e+01
1.659023027703215348e+03 -1.430691402654078388e+02 7.877755261156360689e+01
1.657234314898257480e+03 -1.441109354514175607e+02 7.865514267674407733e+01
1.655509649588603224e+03 -1.451398050785008422e+02 7.852547548227053653e+01
1.653853541878373335e+03 -1.461553887880150739e+02 7.838854593952923722e+01
1.652267364228543101e+03 -1.471572000026829130e+02 7.824426915851019260e+01
1.650746143967925036e+03 -1.481448107380414001e+02 7.809263068190635693e+01
1.649286969003693230e+03 -1.491177726265978549e+02 7.793361662092969766e+01
1.647889343789493751e+03 -1.500756276679828431e+02 7.776718865408663817e+01
1.646556436976300120e+03 -1.510179806547949681e+02 7.759334479821137620e+01
1.645287590232870571e+03 -1.519443634807192041e+02 7.741207841947304757e+01
1.644078817798345654e+03 -1.528542730076935641e+02 7.722335034930209474e+01
1.642932234799066237e+03 -1.537473974052410313e+02 7.702715003317420894e+01
1.641847569682277253e+03 -1.546236306912431928e+02 7.682358220800877291e+01
1.640818542640044825e+03 -1.554828680594121977e+02 7.661280333848881696e+01
1.639845222632103287e+03 -1.563251603302156809e+02 7.639497187537105560e+01
1.638930486821570412e+03 -1.571503818314278647e+02 7.617018986953635817e+01
1.638070866662356366e+03 -1.579585365444440583e+02 7.593862605369781704e+01
1.637259007186107283e+03 -1.587495765030353994e+02 7.570037114364228614e+01
1.636493901969934313e+03 -1.595234529596293953e+02 7.545561376063636772e+01
1.635779514903490053e+03 -1.602801094858938598e+02 7.520447880073893998e+01
1.635113882736822461e+03 -1.610194295715075725e+02 7.494704000222417051e+01
1.634495043409480331e+03 -1.617412988701833285e+02 7.468349334569923315e+01
1.633920183482110588e+03 -1.624457705732167199e+02 7.441402955529780172e+01
1.633380119803171510e+03 -1.631327455070667440e+02 7.413865180699117730e+01
1.632880847543368191e+03 -1.638020637962153216e+02 7.385755619839063968e+01
1.632420530595979471e+03 -1.644537347402234104e+02 7.357087550978079094e+01
1.631997211958351045e+03 -1.650875824710784912e+02 7.327861535127485126e+01
1.631608935457807775e+03 -1.657035971638892704e+02 7.298095192226159611e+01
1.631253745689970856e+03 -1.663016743150159584e+02 7.267802422712679800e+01
1.630929687956612042e+03 -1.668816899082899852e+02 7.236990758481132957e+01
1.630634808203059492e+03 -1.674435190628506973e+02 7.205676796015140440e+01
1.630372026893016709e+03 -1.679871822461412876e+02 7.173870309950898161e+01
1.630136801252365785e+03 -1.685125211747150900e+02 7.141577567846422880e+01
1.629929228011161058e+03 -1.690194493285442547e+02 7.108817817785303816e+01
1.629745846404632630e+03 -1.695078894075258518e+02 7.075596825833699199e+01
1.629581879938973543e+03 -1.699776742078736618e+02 7.041926531262279809e+01
1.629442422043196984e+03 -1.704287130616022239e+02 7.007818888838923499e+01
1.629325747582498479e+03 -1.708609096898841813e+02 6.973283212292329836e+01
1.629222634193770091e+03 -1.712741255948118635e+02 6.938329948398704516e+01
1.629136553945374772e+03 -1.716682669726237407e+02 6.902969466981718938e+01
1.629069025396514689e+03 -1.720432244698213253e+02 6.867215538653219653e+01
1.629013546472842336e+03 -1.723988644572619080e+02 6.831071892685312719e+01
1.628975698597959990e+03 -1.727349950324679924e+02 6.794556872579111939e+01
1.628948543197391245e+03 -1.730515631388525435e+02 6.757671570670073891e+01
1.628931488617224886e+03 -1.733483760773487461e+02 6.720426132658536744e+01
1.628927020496738805e+03 -1.736252899225754334e+02 6.682841013363457705e+01
1.628928207964352396e+03 -1.738821919709326380e+02 6.644913114222104866e+01
1.628938616974750857e+03 -1.741189227688576864e+02 6.606665567307580034e+01
1.628950234508779886e+03 -1.743353268985632099e+02 6.568092267524103534e+01
1.628967723952918959e+03 -1.745312227062115653e+02 6.529212434837698709e+01
1.628994963229698442e+03 -1.747067596103116500e+02 6.490042263177601001e+01
1.629017215646991872e+03 -1.748614862516347159e+02 6.450584234161475194e+01
1.629045829423557961e+03 -1.749952082714042376e+02 6.410837336272670939e+01
1.629066658959189226e+03 -1.751077720958800796e+02 6.370819980971191399e+01
1.629088853651908494e+03 -1.751989880318968744e+02 6.330539184383758311e+01
1.629112058949514221e+03 -1.752686739129728721e+02 6.290000890364795794e+01
1.629125997410551236e+03 -1.753166332947626813e+02 6.249216579791600878e+01
1.629134605906792558e+03 -1.753426669834863105e+02 6.208188249146056847e+01
1.629137340986134859e+03 -1.753465761485006738e+02 6.166930215640336854e+01
1.629132336031590967e+03 -1.753281670591140085e+02 6.125452160972342597e+01
1.629117841799808502e+03 -1.752872370772578279e+02 6.083755530338845574e+01
1.629092786873404748e+03 -1.752236730592164236e+02 6.041852883633313098e+01
1.629056414091297029e+03 -1.751377287611105373e+02 5.999758973892869562e+01
1.629008116541849176e+03 -1.750297270637766758e+02 5.957480201459586766e+01
1.628946905771108277e+03 -1.748999886707366329e+02 5.915030146149469203e+01
1.628871767324532129e+03 -1.747488401192899801e+02 5.872422751603318858e+01
1.628782102000069017e+03 -1.745766029028167736e+02 5.829667127284429995e+01
1.628676931448108917e+03 -1.743836014195791790e+02 5.786777359123508546e+01
1.628555735964295536e+03 -1.741701522984405131e+02 5.743763485302467586e+01
1.628418044860611644e+03 -1.739365624237463237e+02 5.700637573621773413e+01
1.628262079472577170e+03 -1.736831364341855988e+02 5.657412755217914935e+01
1.628087516321781322e+03 -1.734101549453992561e+02 5.614096919318770063e+01
1.627893786041020121e+03 -1.731179170208782807e+02 5.570708454229200157e+01
1.627679332975564876e+03 -1.728067154949535222e+02 5.527247960103435531e+01
1.627443234289920838e+03 -1.724768437369818059e+02 5.483737348111373677e+01
1.627185118041349824e+03 -1.721285992144771626e+02 5.440186245720222047e+01
1.626903989515604053e+03 -1.717621773641748462e+02 5.396598352366000029e+01
1.626598589735880523e+03 -1.713781926379258493e+02 5.352993211096413262e+01
1.626267944031078741e+03 -1.709767840871577675e+02 5.309380632432703351e+01
1.625913370817046371e+03 -1.705579878120081503e+02 5.265774357762214208e+01
1.625532609256442129e+03 -1.701219997182795396e+02 5.222178081644179315e+01
1.625125817247738951e+03 -1.696691379586011124e+02 5.178601456344151899e+01
1.624692716535264935e+03 -1.691995495882253806e+02 5.135066431428003142e+01
1.624231824426268531e+03 -1.687135310323839690e+02 5.091579278273844267e+01
1.623742548667004257e+03 -1.682112981407128132e+02 5.048148852654681207e+01
1.623224537244820795e+03 -1.676930417955093446e+02 5.004785228308045930e+01
1.622676462988198864e+03 -1.671589521687166382e+02 4.961503349666884333e+01
1.622097564749695721e+03 -1.666093106192791993e+02 4.918310731969682337e+01
1.621487051335056776e+03 -1.660443085617131374e+02 4.875219499093782360e+01
1.620843899904911723e+03 -1.654641084680583276e+02 4.832246369230571048e+01
1.620167085303347676e+03 -1.648689734526958262e+02 4.789396718098261374e+01
1.619455931354551012e+03 -1.642591172652871307e+02 4.746677966915562052e+01
1.618709745682361472e+03 -1.636346923146062977e+02 4.704103615725869503e+01
1.617927793337544699e+03 -1.629958841291617944e+02 4.661686771565323539e+01
1.617109161030632094e+03 -1.623428506010604337e+02 4.619441493616668737e+01
1.616252636428726191e+03 -1.616757585088251119e+02 4.577375503777616217e+01
1.615357841891723638e+03 -1.609947929030401497e+02 4.535496672104598304e+01
1.614424019080636072e+03 -1.603000802413683061e+02 4.493819899579115429e+01
1.613449786222996408e+03 -1.595918868311681251e+02 4.452355372215215112e+01
1.612434488214869816e+03 -1.588703285408878969e+02 4.411114638353532058e+01
1.611376738311884310e+03 -1.581355315102642010e+02 4.370111283397346824e+01
1.610276565321978296e+03 -1.573876686264373177e+02 4.329345535054320493e+01
1.609132307386340472e+03 -1.566268595970987008e+02 4.288839782912884147e+01
1.607942934870352701e+03 -1.558532844132172102e+02 4.248604004932837341e+01
1.606708051467245241e+03 -1.550671236762223941e+02 4.208641842755890394e+01
1.605425594641507132e+03 -1.542689313678779683e+02 4.168962762429499946e+01
1.604096242816294762e+03 -1.534583723167587550e+02 4.129591097016331958e+01
1.602718267821484915e+03 -1.526355585114319524e+02 4.090523918017708382e+01
1.601290573329020390e+03 -1.518005380538411089e+02 4.051783695416281716e+01
1.599812087546835073e+03 -1.509535382164920350e+02 4.013375769636095924e+01
1.598282897302739457e+03 -1.500945698785836839e+02 3.975315484992135850e+01
1.596701286726342460e+03 -1.492238264168258013e+02 3.937607181932675360e+01
1.595068218116336084e+03 -1.483416250615197498e+02 3.900262562973369995e+01
1.593383445826599655e+03 -1.474483548692488739e+02 3.863275851768037938e+01
1.591647962551649698e+03 -1.465444207853423109e+02 3.826648973789001928e+01
1.589862624550838973e+03 -1.456302274341478835e+02 3.790389550044918110e+01
1.588027016020897918e+03 -1.447061372914029107e+02 3.754501035120586749e+01
1.586141797428865402e+03 -1.437725273466731153e+02 3.718980554508009817e+01
1.584207614945188880e+03 -1.428298013471213892e+02 3.683829835752094795e+01
1.582224557262706412e+03 -1.418783290428065982e+02 3.649053199518930057e+01
1.580193034832568401e+03 -1.409184785227583063e+02 3.614651741329120682e+01
1.578113738715583850e+03 -1.399505961301625518e+02 3.580629408741661024e+01
1.575986967043491404e+03 -1.389750291651965313e+02 3.546991391198572074e+01
1.573812486409116218e+03 -1.379921776069044199e+02 3.513736550822282112e+01
1.571591156136405289e+03 -1.370023519183119163e+02 3.480865510125911300e+01
1.569323373304354163e+03 -1.360059192637368142e+02 3.448389195721629363e+01
1.567009532305585253e+03 -1.350031789491337690e+02 3.416307341775915773e+01
1.564650024844406516e+03 -1.339945086327238073e+02 3.384618200100320706e+01
1.562245145866486382e+03 -1.329802059254783728e+02 3.353333441016048511e+01
1.559794686990379432e+03 -1.319607050971127649e+02 3.322449066650057858e+01
1.557299071865057158e+03 -1.309361629581879356e+02 3.291972594727696588e+01
1.554759304244902523e+03 -1.299070431954763194e+02 3.261905477196867054e+01
1.552174986750741482e+03 -1.288737861592819627e+02 3.232252725692065809e+01
1.549547895885969410e+03 -1.278367056063619032e+02 3.203015530098785746e+01
1.546876509876982254e+03 -1.267959068105240874e+02 3.174198005187741600e+01
1.544161818589474024e+03 -1.257517881129972039e+02 3.145801562040301746e+01
1.541402989364167070e+03 -1.247046264994863805e+02 3.117840047817341187e+01
1.538600844594665432e+03 -1.236548094511448710e+02 3.090310344761379113e+01
1.535755841747673230e+03 -1.226025680819193155e+02 3.063212981018984493e+01
1.532867261370452297e+03 -1.215482128905215120e+02 3.036560250831385233e+01
1.529936187297232891e+03 -1.204921095832157221e+02 3.010346412741123956e+01
1.526961869923254426e+03 -1.194345697340064305e+02 2.984584057128155266e+01
1.523944509948619270e+03 -1.183758820552977937e+02 2.959276269053644981e+01
1.520884687064919717e+03 -1.173163266902905661e+02 2.934422341681962365e+01
1.517782343719076835e+03 -1.162561913826180700e+02 2.910031983313124826e+01
1.514637162544743660e+03 -1.151957565845211207e+02 2.886112523920509787e+01
1.511449524455231995e+03 -1.141353089919912378e+02 2.862665630405142281e+01
1.508219783946822872e+03 -1.130751315794131671e+02 2.839699460431320333e+01
1.504947912616370331e+03 -1.120155049201912760e+02 2.817220073783759560e+01
1.501633706506704812e+03 -1.109567262636540192e+02 2.795227977124633512e+01
1.498276901170475639e+03 -1.098990875813391597e+02 2.773731550091713416e+01
1.494878057812725729e+03 -1.088428852008187704e+02 2.752739196200545280e+01
1.491436842307942698e+03 -1.077884175053444693e+02 2.732255578765698445e+01
1.487952918262094045e+03 -1.067359845761454693e+02 2.712280749376032318e+01
1.484425947047725913e+03 -1.056858780228852197e+02 2.692825776287495998e+01
1.480855802073729365e+03 -1.046383970843347697e+02 2.673889137071186894e+01
1.477243223587438479e+03 -1.035938475096720595e+02 2.655484370299308239e+01
1.473587257792955597e+03 -1.025525017102466450e+02 2.637613405145581780e+01
1.469887583529592803e+03 -1.015146476402345428e+02 2.620278715128217684e+01
1.466144569304707375e+03 -1.004805810509707555e+02 2.603495181880188269e+01
1.462359240499118869e+03 -9.945071707428294872e+01 2.587255765117078354e+01
1.458530039448523212e+03 -9.842516967071441059e+01 2.571575921343239912e+01
1.454658407508587061e+03 -9.740411280077390188e+01 2.556446232399716223e+01
1.450744744864334280e+03 -9.638772100204073467e+01 2.541861335648347975e+01
1.446790607184169403e+03 -9.537614578919573205e+01 2.527816172110208015e+01
1.442797078798011853e+03 -9.436954839933258654e+01 2.514299909486186380e+01
1.438764607565090273e+03 -9.336808652827545529e+01 2.501311970409746976e+01
1.434695107323592538e+03 -9.237192239166932950e+01 2.488843470897822741e+01
1.430589402963735438e+03 -9.138121494745138307e+01 2.476887812761674823e+01
1.426447828226127513e+03 -9.039612189987539637e+01 2.465440052433761764e+01
1.422272493325835285e+03 -8.941680578781193844e+01 2.454490823960012946e+01
1.418063870959663973e+03 -8.844343589809555795e+01 2.444036961391046603e+01
1.413822528574851503e+03 -8.747618437216235066e+01 2.434072397415755162e+01
1.409549753900778796e+03 -8.651522014023824170e+01 2.424585661268883996e+01
1.405246534929695372e+03 -8.556071294733087029e+01 2.415575396354323701e+01
1.400913858278076987e+03 -8.461284861152056180e+01 2.407037653937044652e+01
1.396552426887508545e+03 -8.367179926764536901e+01 2.398962882250758355e+01
1.392163073615485700e+03 -8.273769957577127343e+01 2.391347827379824764e+01
1.387746986375662118e+03 -8.181073717700529357e+01 2.384183411118749163e+01
1.383304686181937086e+03 -8.089111939571816379e+01 2.377464911418261195e+01
1.378837153363712559e+03 -7.997893954368257141e+01 2.371189369781113498e+01
1.374345367107597667e+03 -7.907442757182228377e+01 2.365358724117323774e+01
1.369830305494334880e+03 -7.817765619131057520e+01 2.359971328394823331e+01
1.365292852400119500e+03 -7.728888733177936388e+01 2.355012103942507551e+01
1.360733388160960658e+03 -7.640821948463680258e+01 2.350483051088350095e+01
1.356152887756215478e+03 -7.553581515708842176e+01 2.346385799832123098e+01
1.351552325201844496e+03 -7.467189967619812307e+01 2.342715653238097318e+01
1.346933482592133714e+03 -7.381667196348421101e+01 2.339455594592725518e+01
1.342296472855509819e+03 -7.297021519139055101e+01 2.336602202283745910e+01
1.337641628802430205e+03 -7.213277808145465997e+01 2.334162275422661281e+01
1.332969274169879554e+03 -7.130458825526575595e+01 2.332124998693754137e+01
1.328280336655133397e+03 -7.048574998029710059e+01 2.330497868472571810e+01
1.323575785204314116e+03 -6.967659680543192735e+01 2.329260025082203356e+01
1.318856022355949335e+03 -6.887720766392654070e+01 2.328421116328122764e+01
1.314121892532091806e+03 -6.808782952850717152e+01 2.327975026741486886e+01
1.309373850969087243e+03 -6.730860574602722579e+01 2.327915851433540695e+01
1.304612686735378020e+03 -6.653978062937470384e+01 2.328244050769773210e+01
1.299839365457465419e+03 -6.578156075899269695e+01 2.328961874506731533e+01
1.295053991131086605e+03 -6.503411251666697979e+01 2.330058673997896790e+01
1.290257415299555305e+03 -6.429760292798441412e+01 2.331533021598057331e+01
1.285450510791036777e+03 -6.357231260958760544e+01 2.333386306996901993e+01
1.280633579421596096e+03 -6.285843369108611256e+01 2.335610736751872807e+01
1.275807244991799735e+03 -6.215616401664441071e+01 2.338205083381206251e+01
1.270972174850382544e+03 -6.146575360352490236e+01 2.341169453981798654e+01
1.266128669623494943e+03 -6.078738709762685488e+01 2.344498347919440562e+01
1.261277512267808788e+03 -6.012131956535039023e+01 2.348191734727484459e+01
1.256419683390775162e+03 -5.946776552142078742e+01 2.352243252108706173e+01
1.251555008271585166e+03 -5.882697346439630337e+01 2.356647696431347327e+01
1.246684106932756322e+03 -5.819911432362682291e+01 2.361412510718780311e+01
1.241808202597366744e+03 -5.758450702641098928e+01 2.366536140999538418e+01
1.236927145106899161e+03 -5.698329162234076506e+01 2.372005438626269225e+01
1.232041862525665920e+03 -5.639571357469510815e+01 2.377827448954077383e+01
1.227152885647262110e+03 -5.582175563701242993e+01 2.383997880246691281e+01
1.222260816687340139e+03 -5.526116395090460287e+01 2.390505106794919854e+01
1.217366971904200454e+03 -5.471386125381496868e+01 2.397336916044024591e+01
1.212472802814396573e+03 -5.417960250637626274e+01 2.404481666302173082e+01
1.207578569777233270e+03 -5.365838277014267987e+01 2.411942165973972152e+01
1.202684192381123239e+03 -5.315007556293559077e+01 2.419700259430668154e+01
1.197790852109707203e+03 -5.265468183984746275e+01 2.427744091512987268e+01
1.192899182858165659e+03 -5.217202730858198123e+01 2.436080280283347577e+01
1.188009762814034502e+03 -5.170197943727277590e+01 2.444688197848998001e+01
1.183123722191875459e+03 -5.124446985041039682e+01 2.453559626309553110e+01
1.178241252298397058e+03 -5.079938939402326525e+01 2.462684412405634760e+01
1.173363265979312928e+03 -5.036666565161050357e+01 2.472060994241949672e+01
1.168491004767636014e+03 -4.994624329744885927e+01 2.481681688926661522e+01
1.163624379971984354e+03 -4.953802332566827715e+01 2.491534999402966477e+01
1.158764731714616346e+03 -4.914188558927278905e+01 2.501609436813190257e+01
1.153912679102206766e+03 -4.875778851878998665e+01 2.511901310524753939e+01
1.149068205752663744e+03 -4.838570941124169167e+01 2.522405131956231017e+01
1.144232565422871176e+03 -4.802552921321942847e+01 2.533112789028394829e+01
1.139406739884424951e+03 -4.767715680942034595e+01 2.544013270377273273e+01
1.134591214573316392e+03 -4.734057959957259953e+01 2.555096946658141377e+01
1.129786727699414769e+03 -4.701574760727294944e+01 2.566363060765146287e+01
1.124993658307828355e+03 -4.670261151068591232e+01 2.577802240242515097e+01
1.120212854540676062e+03 -4.640110260707398737e+01 2.589402439018057933e+01
1.115444762518795869e+03 -4.611115868412761643e+01 2.601161992612669138e+01
1.110690855980734113e+03 -4.583282083248538896e+01 2.613070933987273747e+01
1.105951182489450730e+03 -4.556597613496587940e+01 2.625123262298930271e+01
1.101226333226765973e+03 -4.531053996896743996e+01 2.637307554717901681e+01
1.096516965687980246e+03 -4.506658617144762502e+01 2.649614346329548908e+01
1.091824296983378645e+03 -4.483406607514548625e+01 2.662050164722433365e+01
1.087148910724903317e+03 -4.461287149536563845e+01 2.674590692555149829e+01
1.082490979886393234e+03 -4.440284832307602159e+01 2.687228586476541636e+01
1.077851681846206930e+03 -4.420400304698257088e+01 2.699967247552545402e+01
1.073231415170535229e+03 -4.401648390886231965e+01 2.712790201656843436e+01
1.068630779826355592e+03 -4.384025069883924175e+01 2.725698794024266292e+01
1.064050377175286258e+03 -4.367538597040253023e+01 2.738682471178867317e+01
1.059491401777897636e+03 -4.352180392296733658e+01 2.751735737930567893e+01
1.054953990136240918e+03 -4.337956777006640152e+01 2.764853797885204401e+01
1.050439161659064439e+03 -4.324871663209260930e+01 2.778031853303862420e+01
1.045947674645238067e+03 -4.312922672895199838e+01 2.791265104708755729e+01
1.041480621524671506e+03 -4.302110810527383222e+01 2.804539077361695476e+01
1.037037904496414740e+03 -4.292438917378790109e+01 2.817849431013443962e+01
1.032620100777136713e+03 -4.283905594004015427e+01 2.831193680140140856e+01
1.028228888205110707e+03 -4.276515225460312308e+01 2.844558963072047320e+01
1.023864327722409143e+03 -4.270273678925871508e+01 2.857938497124257538e+01
1.019526793430308999e+03 -4.265177042562518750e+01 2.871327111616581362e+01
1.015217584312138911e+03 -4.261228051642777359e+01 2.884713366762755982e+01
1.010937320496857751e+03 -4.258434270386329956e+01 2.898091707098312497e+01
1.006686623806102943e+03 -4.256794969553970986e+01 2.911458569520910089e+01
1.002466117768174968e+03 -4.256318221461641116e+01 2.924802499021507529e+01
9.982765131585039171e+02 -4.257009187390513461e+01 2.938116789227927228e+01
9.941182731816544447e+02 -4.258841542051575146e+01 2.951400053652845656e+01
9.899911002287916517e+02 -4.261790368647410787e+01 2.964643496394510791e+01
9.858944605569946589e+02 -4.265834499379757005e+01 2.977853121353088639e+01
9.818288811248409047e+02 -4.270947518308792468e+01 2.991015851527998137e+01
9.777946560032579555e+02 -4.277104619617462333e+01 3.004128950345630855e+01
9.737905864038838217e+02 -4.284290665374166451e+01 3.017184862070792661e+01
9.698183831462051785e+02 -4.292467105831338614e+01 3.030187750934909019e+01
9.658759046337052041e+02 -4.301617811268306468e+01 3.043129049851453871e+01
9.619649848616643339e+02 -4.311692951642388039e+01 3.055993238043378213e+01
9.580848863305834584e+02 -4.322700050132863225e+01 3.068792279595066219e+01
9.542348250245742065e+02 -4.334606432898859651e+01 3.081511049495956911e+01
9.504159142864729120e+02 -4.347404682333398540e+01 3.094146935608723936e+01
9.466281493236394908e+02 -4.361064422583290678e+01 3.106703962305176603e+01
9.428714133062077281e+02 -4.375570372195390689e+01 3.119163601652597606e+01
9.391455912239468944e+02 -4.390898789915117106e+01 3.131531495428091461e+01
9.354510936224162378e+02 -4.407039462570671162e+01 3.143808349584333328e+01
9.317879741828876377e+02 -4.423971451102319463e+01 3.155977198001739126e+01
9.281565930459684068e+02 -4.441673595694896193e+01 3.168044292839285703e+01
9.245566189640703669e+02 -4.460131116504465609e+01 3.180000840732504130e+01
9.209881155517400657e+02 -4.479318987972820310e+01 3.191837359325261758e+01
9.174512519332930651e+02 -4.499220374829872782e+01 3.203555624461124296e+01
9.139466490264134109e+02 -4.519818551145413466e+01 3.215149285012937952e+01
9.104741918508378831e+02 -4.541091159217403117e+01 3.226613007995360505e+01
9.070336883927917597e+02 -4.563022216077832383e+01 3.237942039721433929e+01
9.036255240605408972e+02 -4.585596503002150115e+01 3.249126596012190760e+01
9.002494491597556134e+02 -4.608795013884003566e+01 3.260164505544196345e+01
8.969060324549299139e+02 -4.632596502786685022e+01 3.271051319985413386e+01
8.935956451757754166e+02 -4.656983368938473689e+01 3.281780218397677373e+01
8.903183703914171474e+02 -4.681949634067396460e+01 3.292348990204755665e+01
8.870744917660416604e+02 -4.707471218377743583e+01 3.302753958107944499e+01
8.838634985618933797e+02 -4.733531592065049409e+01 3.312986266917815215e+01
8.806860600645602517e+02 -4.760121462432915251e+01 3.323037960260435142e+01
8.775431609452689372e+02 -4.787211947009974011e+01 3.332906130168395720e+01
8.744335837290351492e+02 -4.814802566985345322e+01 3.342582623524839391e+01
8.713591947761439087e+02 -4.842868080895055272e+01 3.352071458247718283e+01
8.683188516210824446e+02 -4.871382981185163175e+01 3.361359618174993358e+01
8.653125893639082733e+02 -4.900348222503658491e+01 3.370451074072438047e+01
8.623425751129083210e+02 -4.929739619368045567e+01 3.379328318632352079e+01
8.594074988661585621e+02 -4.959557404190404384e+01 3.387988661444542515e+01
8.565078218227707794e+02 -4.989777946863719649e+01 3.396423555216044576e+01
8.536447295038974517e+02 -5.020387687455984604e+01 3.404635815279901578e+01
8.508177887513479618e+02 -5.051374491658530275e+01 3.412607107240331317e+01
8.480273479922905153e+02 -5.082726231500238612e+01 3.420342002568940387e+01
8.452740074201824427e+02 -5.114420589209579049e+01 3.427830915228847175e+01
8.425578863331230650e+02 -5.146446692887603547e+01 3.435062990630002844e+01
8.398793825176476275e+02 -5.178789930560400734e+01 3.442033705299483870e+01
8.372386729641898455e+02 -5.211435857747061107e+01 3.448740580113263832e+01
8.346361050198045177e+02 -5.244368345316891578e+01 3.455173086932404658e+01
8.320719133352981771e+02 -5.277576154914822126e+01 3.461322971035406937e+01
8.295469220984783760e+02 -5.311049831591496684e+01 3.467189203379923867e+01
8.270609462487630026e+02 -5.344771641299194442e+01 3.472773530367435768e+01
8.246128568881848651e+02 -5.378728757769945190e+01 3.478075769022087371e+01
8.222022633298870460e+02 -5.412908737670895221e+01 3.483098384387058388e+01
8.198287766258698639e+02 -5.447290505708410535e+01 3.487845382529187788e+01
8.174920095526680370e+02 -5.481861400195423073e+01 3.492316529583354168e+01
8.151913911946935514e+02 -5.516605327739507203e+01 3.496513428560464831e+01
8.129260343555880581e+02 -5.551512558330148295e+01 3.500439261271775848e+01
8.106954255472265913e+02 -5.586553437557664381e+01 3.504091065026631213e+01
8.084988354767468763e+02 -5.621718473738835797e+01 3.507478642496641186e+01
8.063368223676914113e+02 -5.656992589600096721e+01 3.510596601624823876e+01
8.042072247713105071e+02 -5.692359690574738096e+01 3.513450217030673883e+01
8.021103288055868461e+02 -5.727792600479678242e+01 3.516033212770338423e+01
8.000463156880420001e+02 -5.763294990411495178e+01 3.518359553785141003e+01
7.980121136285268904e+02 -5.798824964169165241e+01 3.520426974008266541e+01
7.960101498290224526e+02 -5.834389435540136049e+01 3.522229026553431908e+01
7.940387503534259395e+02 -5.869966737328463324e+01 3.523771865202090225e+01
7.920981164831974866e+02 -5.905547689105110720e+01 3.525055354954420039e+01
7.901879395692791377e+02 -5.941111631060157094e+01 3.526079034830359404e+01
7.883072776788935698e+02 -5.976642495623230644e+01 3.526842426188962776e+01
7.864556552257446356e+02 -6.012130542492851504e+01 3.527350531015697754e+01
7.846332327242369047e+02 -6.047551445890233168e+01 3.527598996872853121e+01
7.828393194535507291e+02 -6.082896520882362523e+01 3.527590590124791703e+01
7.810733628061738045e+02 -6.118149637183873324e+01 3.527322004289720780e+01
7.793350044824410361e+02 -6.153293268413285944e+01 3.526797539685376393e+01
7.776243021379639231e+02 -6.188307917988515072e+01 3.526016832999704320e+01
7.759407864326569779e+02 -6.223179347267615213e+01 3.524977591005377064e+01
7.742838016781416854e+02 -6.257891561838830796e+01 3.523680518104563930e+01
7.726533280928281329e+02 -6.292432526772385160e+01 3.522125634162914309e+01
7.710490620768762255e+02 -6.326787762525390235e+01 3.520312285462774327e+01
7.694708294069088197e+02 -6.360934145744739254e+01 3.518240360157747659e+01
7.679188460743392852e+02 -6.394861219517882489e+01 3.515909988690772536e+01
7.663923269018317797e+02 -6.428557664034143215e+01 3.513320240516782178e+01
7.648911224761070571e+02 -6.462000632935843214e+01 3.510470327234092025e+01
7.634153762801314542e+02 -6.495177720563312107e+01 3.507360319246350144e+01
7.619647424578845403e+02 -6.528069572014314303e+01 3.503988943640538167e+01
7.605388761139420239e+02 -6.560665974801381140e+01 3.500355428251055656e+01
7.591374332853507667e+02 -6.592949434212938797e+01 3.496458803758222444e+01
7.577601342166460654e+02 -6.624892894003824040e+01 3.492297068253354553e+01
7.564072259259477278e+02 -6.656486855622833332e+01 3.487869400483513260e+01
7.550777330669981211e+02 -6.687715439853582211e+01 3.483174953854076961e+01
7.537721940107298906e+02 -6.718559409614458389e+01 3.478217175193436361e+01
7.524891035743664816e+02 -6.749009163386448051e+01 3.472992804222241148e+01
7.512297328876745723e+02 -6.779033726698970952e+01 3.467497025681483791e+01
7.499937793107711741e+02 -6.808623257199501211e+01 3.461728259763482640e+01
7.487802884146560700e+02 -6.837756071161203408e+01 3.455684929102564240e+01
7.475900313578295027e+02 -6.866421349920079820e+01 3.449365441154760248e+01
7.464223068618057368e+02 -6.894592788134754358e+01 3.442767625490527195e+01
7.452771893593117056e+02 -6.922262510380816991e+01 3.435890269662838392e+01
7.441544968769525212e+02 -6.949402198155007682e+01 3.428731380730339140e+01
7.430542983600719253e+02 -6.975998441393451799e+01 3.421289404840111104e+01
7.419756196666201049e+02 -7.002053730372428220e+01 3.413568923037234271e+01
7.409182778755759955e+02 -7.027563213384907215e+01 3.405575081248883862e+01
7.398819912240481926e+02 -7.052533346230123357e+01 3.397312710121656920e+01
7.388655826635214225e+02 -7.076962302423706319e+01 3.388787261284136321e+01
7.378686274497864588e+02 -7.100851142739263366e+01 3.380003767614145005e+01
7.368910073574520538e+02 -7.124200661109759380e+01 3.370966938044983152e+01
7.359316277111427098e+02 -7.147006206214189206e+01 3.361682103079955652e+01
7.349898217128466058e+02 -7.169272539907869657e+01 3.352153887219802186e+01
7.340656344439089480e+02 -7.190998842769749899e+01 3.342386271550103061e+01
7.331580533709989140e+02 -7.212186369583704959e+01 3.332384283015028359e+01
7.322661694107034691e+02 -7.232831829199858475e+01 3.322152323338797686e+01
7.313900332809046176e+02 -7.252931886691214913e+01 3.311695904050915829e+01
7.305285742447634902e+02 -7.272485771185823467e+01 3.301018394442140647e+01
7.296820056644049828e+02 -7.291501226544747283e+01 3.290124539354260236e+01
7.288490950445441285e+02 -7.309973257495521182e+01 3.279018184451022222e+01
7.280302182859550157e+02 -7.327887581817202545e+01 3.267704723022935553e+01
7.272239810287059072e+02 -7.345259579268858374e+01 3.256187154467533418e+01
7.264308316007305848e+02 -7.362081056970914972e+01 3.244471451545759777e+01
7.256496547263532193e+02 -7.378361690990313093e+01 3.232565685816943102e+01
7.248800524380520756e+02 -7.394087747775036235e+01 3.220468337067423192e+01
7.241218825546507105e+02 -7.409255503564398282e+01 3.208183614498782532e+01
7.233750076379782286e+02 -7.423860539094201272e+01 3.195715092100051891e+01
7.226386872760641609e+02 -7.437899562468665238e+01 3.183066905300590577e+01
7.219121222120440962e+02 -7.451368200588655100e+01 3.170242662880895779e+01
7.211950620054700494e+02 -7.464262410489294552e+01 3.157245878500870262e+01
7.204868470997919303e+02 -7.476578736669186753e+01 3.144080578615654176e+01
7.197871727576035710e+02 -7.488312826457145377e+01 3.130750425886523658e+01
7.190954331859535387e+02 -7.499459478060477124e+01 3.117258907450537819e+01
7.184112692381444276e+02 -7.510012807386019063e+01 3.103609061286209680e+01
7.177341287723693313e+02 -7.519967489211097700e+01 3.089804937495860671e+01
7.170635981201634195e+02 -7.529318259884475140e+01 3.075850162108508101e+01
7.163995383680279474e+02 -7.538059173292037940e+01 3.061747888075330337e+01
7.157414776402728194e+02 -7.546183933500563512e+01 3.047501562960886901e+01
7.150889202756211489e+02 -7.553686808080524884e+01 3.033114627123171303e+01
7.144414477696336689e+02 -7.560561614689605392e+01 3.018590513953212451e+01
7.137985096602986914e+02 -7.566800842280014194e+01 3.003932398543436477e+01
7.131597407041841734e+02 -7.572397342342142679e+01 2.989143263872518119e+01
7.125245355290954876e+02 -7.577343918809188494e+01 2.974225536312046003e+01
7.118927525294441239e+02 -7.581633157670380285e+01 2.959182213328087840e+01
7.112639626942859650e+02 -7.585257393224416944e+01 2.944021625519313901e+01
7.106369327648633316e+02 -7.588209716294852569e+01 2.928741563153900884e+01
7.100116089760953173e+02 -7.590481811823110547e+01 2.913342341197832752e+01
7.093883222357965224e+02 -7.592063787935308028e+01 2.897830616811773652e+01
7.087656753984809939e+02 -7.592947362857600524e+01 2.882217622630501452e+01
7.081435235140855866e+02 -7.593121719339205811e+01 2.866489862906314556e+01
7.075216648312286907e+02 -7.592591807857272102e+01 2.850662408607677634e+01
7.069000300597645037e+02 -7.591340793577859358e+01 2.834740026806745661e+01
7.062771653698106320e+02 -7.589352604289814508e+01 2.818721032077981903e+01
7.056541717107608065e+02 -7.586616260190656647e+01 2.802604815910347114e+01
7.050298063308481460e+02 -7.583125234346366028e+01 2.786397094726337542e+01
7.044040053030912532e+02 -7.578888678504861787e+01 2.770098822240177938e+01
7.037763336922814688e+02 -7.573918495494920933e+01 2.753721628692476386e+01
7.031467908680994015e+02 -7.568227414237293260e+01 2.737263090731541126e+01
7.025155022148062471e+02 -7.561827357807901251e+01 2.720727135510390937e+01
7.018816305688185366e+02 -7.554730859895410333e+01 2.704120765661355108e+01
7.012453375928456580e+02 -7.546949865362093135e+01 2.687446444031615300e+01
7.006061274546511868e+02 -7.538495860674088078e+01 2.670708820926477856e+01
6.999639978680233980e+02 -7.529379490644458883e+01 2.653910897522417400e+01
6.993189861035484682e+02 -7.519611207183073986e+01 2.637056781840031761e+01
6.986705504806554927e+02 -7.509201364281753399e+01 2.620146557413928079e+01
6.980187857296631364e+02 -7.498160277820238662e+01 2.603186733974062506e+01
6.973635968079789791e+02 -7.486498566478293526e+01 2.586185878147178485e+01
6.967043066420649211e+02 -7.474226279920446814e+01 2.569140399241792139e+01
6.960410314205439590e+02 -7.461353109470223899e+01 2.552055430339833109e+01
6.953738863254953912e+02 -7.447889134887857665e+01 2.534940377368223352e+01
6.947024349202215490e+02 -7.433843311804901077e+01 2.517795623778017600e+01
6.940255876082853774e+02 -7.419224392958028602e+01 2.500623119569142006e+01
6.933442620681270228e+02 -7.404041845482262829e+01 2.483428574225154506e+01
6.926574507173318125e+02 -7.388304342717924555e+01 2.466213401017338924e+01
6.919652635065909863e+02 -7.372021898227657744e+01 2.448983854418224482e+01
6.912677125296179383e+02 -7.355202144801459951e+01 2.431741295939201208e+01
6.905636461379057209e+02 -7.337852659004934708e+01 2.414498502877562203e+01
6.898539008033799291e+02 -7.319984545234343898e+01 2.397242356528039053e+01
6.891380771940899876e+02 -7.301614678846429740e+01 2.379993766566484581e+01
6.884160875152275594e+02 -7.282735349634127431e+01 2.362746095292510518e+01
6.876867229033258582e+02 -7.263352715516757030e+01 2.345512818400388610e+01
6.869506491468715694e+02 -7.243472885535517491e+01 2.328288714534288317e+01
6.862068229271312703e+02 -7.223102539503210551e+01 2.311079626153167865e+01
6.854563205259942151e+02 -7.202247811350264328e+01 2.293892595042493809e+01
6.846972763307906007e+02 -7.180914170292520282e+01 2.276734667972679560e+01
6.839302664000574623e+02 -7.159106942393003692e+01 2.259602478343357035e+01
6.831552288021454160e+02 -7.136832412787670421e+01 2.242504665723638979e+01
6.823715968678723129e+02 -7.114096240471300803e+01 2.225450242079442376e+01
6.815788027220291951e+02 -7.090903667239983577e+01 2.208433081300829670e+01
6.807762772759318750e+02 -7.067259908088080067e+01 2.191461047013201835e+01
6.799642217891084783e+02 -7.043170151857042072e+01 2.174542882434263191e+01
6.791426707092365405e+02 -7.018638485621285383e+01 2.157679058545017625e+01
6.783107195392876747e+02 -6.993669057809704270e+01 2.140873370465837056e+01
6.774680466111665282e+02 -6.968266373331444186e+01 2.124132920627993570e+01
6.766148448267338154e+02 -6.942434199463419020e+01 2.107462042095417942e+01
6.757502870377402360e+02 -6.916176531251514348e+01 2.090863741039056478e+01
6.748738045579131040e+02 -6.889497529035165257e+01 2.074345142442261292e+01
6.739855521123464541e+02 -6.862400893475448527e+01 2.057909447605900866e+01
6.730847963106502903e+02 -6.834889965258828681e+01 2.041555649133684369e+01
6.721718515150511166e+02 -6.806967365519965085e+01 2.025294663390640792e+01
6.712457041215152458e+02 -6.778636618821097670e+01 2.009129340573839428e+01
6.703063432937910875e+02 -6.749900684612481427e+01 1.993070810738496945e+01
6.693531836304701983e+02 -6.720762504162861717e+01 1.977114242951683920e+01
6.683856384464398843e+02 -6.691225001237124559e+01 1.961267165606913565e+01
6.674032426250824983e+02 -6.661292634696006587e+01 1.945542305665366101e+01
6.664077229358852037e+02 -6.630985842194120039e+01 1.929919924107950635e+01
6.653981834738259522e+02 -6.600309486947263338e+01 1.914418018413955380e+01
6.643745334955016233e+02 -6.569271324887149888e+01 1.899033196751764052e+01
6.633368284895266243e+02 -6.537884136455645034e+01 1.883767760406614755e+01
6.622857377213907739e+02 -6.506160112939875262e+01 1.868611915805683665e+01
6.612219758516376942e+02 -6.474109622132662878e+01 1.853572586859319316e+01
6.601445732346027171e+02 -6.441745603717011193e+01 1.838653308928006780e+01
6.590543926302409545e+02 -6.409078285899180116e+01 1.823851280486145043e+01
6.579512857516367603e+02 -6.376118133548287403e+01 1.809167502210236478e+01
6.568355984766581059e+02 -6.342875911216433593e+01 1.794604533293760440e+01
6.557075861762745035e+02 -6.309362374243227123e+01 1.780160414663043866e+01
6.545677199568280002e+02 -6.275587417738272933e+01 1.765835368019232021e+01
6.534159078843391626e+02 -6.241561653732401282e+01 1.751631984764112815e+01
6.522519027389811299e+02 -6.207296104107797419e+01 1.737552867228744802e+01
6.510760907685088341e+02 -6.172800804872213121e+01 1.723600628762383735e+01
6.498888562066239274e+02 -6.138086105647952451e+01 1.709774716373448911e+01
6.486902380478210262e+02 -6.103163383110019424e+01 1.696074055373237854e+01
6.474802740587933840e+02 -6.068043746005758976e+01 1.682498655794813658e+01
6.462590007872491924e+02 -6.032737901495841726e+01 1.669049291523058898e+01
6.450266631989584312e+02 -5.997256344305685616e+01 1.655731057100508252e+01
6.437834093843565597e+02 -5.961609480148753448e+01 1.642541842118740902e+01
6.425285710749268446e+02 -5.925808360527916818e+01 1.629482783486628250e+01
6.412631179161664932e+02 -5.889862638318780341e+01 1.616553824112035187e+01
6.399866217867045179e+02 -5.853782092530961734e+01 1.603765839201944132e+01
6.386996249197492261e+02 -5.817583420120051585e+01 1.591105427904115466e+01
6.374015887799841948e+02 -5.781264426092710806e+01 1.578587140792272692e+01
6.360931614452683789e+02 -5.744844213766872087e+01 1.566207315590664706e+01
6.347738525542318939e+02 -5.708336599130171862e+01 1.553967526038859681e+01
6.334440048742369527e+02 -5.671742107532817556e+01 1.541868059532322910e+01
6.321045368767405535e+02 -5.635076993977102688e+01 1.529915378759141653e+01
6.307541742845641011e+02 -5.598354030650668989e+01 1.518105730654947827e+01
6.293928715633070397e+02 -5.561573367220613306e+01 1.506441589141528858e+01
6.280212504869343775e+02 -5.524746508820312130e+01 1.494931787261973177e+01
6.266388443551592218e+02 -5.487891921601232781e+01 1.483574295569487944e+01
6.252455570922062407e+02 -5.451012545782985796e+01 1.472370812975996657e+01
6.238419263420519201e+02 -5.414123488375065563e+01 1.461324197600623265e+01
6.224276445838365817e+02 -5.377234258864825733e+01 1.450432389887177109e+01
6.210025317061374608e+02 -5.340351001073211279e+01 1.439705632600395191e+01
6.195666024567753993e+02 -5.303488647611949602e+01 1.429142498465279765e+01
6.181202825284900655e+02 -5.266654242783283735e+01 1.418749133819431307e+01
6.166630920138622969e+02 -5.229858892294257089e+01 1.408526297724815457e+01
6.151947928746103571e+02 -5.193114864953781051e+01 1.398474419971580396e+01
6.137157271753234227e+02 -5.156431672199646243e+01 1.388596444298101318e+01
6.122256013938003889e+02 -5.119819111277266188e+01 1.378897820182601741e+01
6.107245933714468720e+02 -5.083286181418660732e+01 1.369386446609204100e+01
6.092127866353420131e+02 -5.046845747112660518e+01 1.360058684085304925e+01
6.076890943782753993e+02 -5.010510688568764692e+01 1.350915358546117595e+01
6.061541852808646809e+02 -4.974289989392296008e+01 1.341964132818913136e+01
6.046082213883072427e+02 -4.938190072724635371e+01 1.333208020592807408e+01
6.030503852324779928e+02 -4.902230063251421655e+01 1.324647675652770573e+01
6.014816080532076512e+02 -4.866405077856162364e+01 1.316277029661158160e+01
5.999022615214836378e+02 -4.830719818128154941e+01 1.308099138675503603e+01
5.983121423716014533e+02 -4.795179004765204667e+01 1.300111933317358748e+01
5.967111470488216582e+02 -4.759787378095028032e+01 1.292318364260413333e+01
5.951010303761104296e+02 -4.724549634166032064e+01 1.284702738794180377e+01
5.934812958585488332e+02 -4.689459613242338065e+01 1.277265329259290105e+01
5.918528115755068484e+02 -4.654524470507774225e+01 1.270006195502600654e+01
5.902152292005473555e+02 -4.619750253688637542e+01 1.262923945134036252e+01
5.885689826671787159e+02 -4.585135397014707337e+01 1.256022384888358623e+01
5.869145258945275145e+02 -4.550690433935239554e+01 1.249293256151765874e+01
5.852517251148869946e+02 -4.516415131097615188e+01 1.242739101346052166e+01
5.835809314190330497e+02 -4.482318986998332377e+01 1.236352765623052363e+01
5.819025970211532695e+02 -4.448402896475054291e+01 1.230135732700658835e+01
5.802171736007685467e+02 -4.414665204377624264e+01 1.224087011360124144e+01
5.785251123196525214e+02 -4.381118649572085388e+01 1.218204064097127848e+01
5.768259599270285207e+02 -4.347763400382085308e+01 1.212484364374717138e+01
5.751201178853860938e+02 -4.314604006430930383e+01 1.206925396540052908e+01
5.734082997554950225e+02 -4.281644189505684039e+01 1.201524655737715719e+01
5.716905839305107975e+02 -4.248889837568871997e+01 1.196283356503459316e+01
5.699671013317672532e+02 -4.216345805490442444e+01 1.191198755993653258e+01
5.682379835643993147e+02 -4.184013784473706465e+01 1.186268099916376784e+01
5.665033066800817778e+02 -4.151901839581206133e+01 1.181489747527725598e+01
5.647637810696573979e+02 -4.120016527448155585e+01 1.176859884097569164e+01
5.630198085907996983e+02 -4.088358809212096645e+01 1.172380327791620935e+01
5.612709300695593129e+02 -4.056936020628094042e+01 1.168050733553919862e+01
5.595175921149121905e+02 -4.025758239014335516e+01 1.163873480208410527e+01
5.577602410286453960e+02 -3.994829222387774337e+01 1.159844609258671255e+01
5.559991952177997518e+02 -3.964151513906304558e+01 1.155957652943042469e+01
5.542343392539742126e+02 -3.933741697731404230e+01 1.152216835951649010e+01
5.524661186276515537e+02 -3.903603692132836045e+01 1.148625656991063870e+01
5.506949320776586774e+02 -3.873732005950903812e+01 1.145181742129365077e+01
5.489205823882593904e+02 -3.844150963847138769e+01 1.141882531771125109e+01
5.471436124262066869e+02 -3.814849111951374283e+01 1.138717771030890091e+01
5.453646222009175517e+02 -3.785840158581166293e+01 1.135697366697619515e+01
5.435824403918417147e+02 -3.757131400692062329e+01 1.132821709408451660e+01
5.417988047073522466e+02 -3.728734868453884133e+01 1.130081927906625694e+01
5.400129741826325471e+02 -3.700656500590142883e+01 1.127481627621251192e+01
5.382246696247622140e+02 -3.672901919789855185e+01 1.125019112241573538e+01
5.364353927176846355e+02 -3.645482509711921182e+01 1.122697808889813764e+01
5.346447266021075393e+02 -3.618405109257323460e+01 1.120511117207609608e+01
5.328523108104669745e+02 -3.591680621351570579e+01 1.118465703457311733e+01
5.310594036343826474e+02 -3.565316485520652634e+01 1.116552840921004375e+01
5.292654474887284550e+02 -3.539323124327054160e+01 1.114780272029896935e+01
5.274706529779697348e+02 -3.513704198525182676e+01 1.113148064877330334e+01
5.256757148877460395e+02 -3.488475361509394901e+01 1.111651453326548200e+01
5.238803094210846893e+02 -3.463643133359139625e+01 1.110288186352956252e+01
5.220846278478285285e+02 -3.439210879606154947e+01 1.109059588716596956e+01
5.202894462517255079e+02 -3.415194440676411602e+01 1.107966741959090307e+01
5.184946032770768625e+02 -3.391603921590645143e+01 1.107010443580852055e+01
5.166997682633241311e+02 -3.368441595365631258e+01 1.106189156859941036e+01
5.149053698294009109e+02 -3.345707040616593986e+01 1.105494464697475721e+01
5.131116118246509359e+02 -3.323395038210782815e+01 1.104928324212901991e+01
5.113186476940516627e+02 -3.301497946749820045e+01 1.104494215906123955e+01
5.095270621035011800e+02 -3.280012825899297724e+01 1.104177664771608036e+01
5.077363796973841659e+02 -3.258936766043501621e+01 1.103988219097214163e+01
5.059474613852707421e+02 -3.238266888292394441e+01 1.103915724986437930e+01
5.041600720774472393e+02 -3.217999478532298951e+01 1.103957246839988215e+01
5.023740960797523485e+02 -3.198125697500859488e+01 1.104119570121093297e+01
5.005905247318652869e+02 -3.178642758458215312e+01 1.104391745011961667e+01
4.988084785592458843e+02 -3.159547905348324548e+01 1.104769228577416129e+01
4.970291332063292202e+02 -3.140826145384804491e+01 1.105259746259110187e+01
4.952521744833815660e+02 -3.122483911927571398e+01 1.105852671697653022e+01
4.934773526001828259e+02 -3.104515007458166664e+01 1.106550422672124512e+01
4.917057150976215212e+02 -3.086922985325678681e+01 1.107342175754269142e+01
4.899371265385799461e+02 -3.069699595838372019e+01 1.108235076703504518e+01
4.881713547701960465e+02 -3.052841510346783593e+01 1.109220146326795486e+01
4.864081680396636216e+02 -3.036351777690254750e+01 1.110297324159164845e+01
4.846489313352798263e+02 -3.020218539742826280e+01 1.111468605105939744e+01
4.828928735881266903e+02 -3.004446282539680269e+01 1.112725885480652721e+01
4.811408310856576236e+02 -2.989031447302595268e+01 1.114062711581765441e+01
4.793927549660440945e+02 -2.973969504453664570e+01 1.115483489758420710e+01
4.776481779222421551e+02 -2.959262301355232339e+01 1.116988363503888415e+01
4.759080617705215559e+02 -2.944906153271672977e+01 1.118568753875042354e+01
4.741723135001286664e+02 -2.930899507928945269e+01 1.120220834890141326e+01
4.724410960603232184e+02 -2.917239820526193128e+01 1.121946618783261052e+01
4.707149036246576657e+02 -2.903927674812848636e+01 1.123744960803970550e+01
4.689934250985333506e+02 -2.890965394239861297e+01 1.125611259083575533e+01
4.672770957262692377e+02 -2.878346762154550120e+01 1.127540913180017945e+01
4.655663513002814966e+02 -2.866071937631659239e+01 1.129534019670592748e+01
4.638614204128711549e+02 -2.854143300074353107e+01 1.131590905038940065e+01
4.621620782374938585e+02 -2.842560524397661581e+01 1.133700966339581129e+01
4.604684079291205308e+02 -2.831325049535590210e+01 1.135869768060639728e+01
4.587812559835190314e+02 -2.820430714523594062e+01 1.138092714329023813e+01
4.571004989873408135e+02 -2.809881090836326933e+01 1.140366206102059188e+01
4.554265036294650599e+02 -2.799674155967899480e+01 1.142690813363400615e+01
4.537590936685534189e+02 -2.789808370039706276e+01 1.145056235164612701e+01
4.520986911014365432e+02 -2.780288195751407798e+01 1.147464308185272053e+01
4.504449991025984446e+02 -2.771107113944857048e+01 1.149910521664107677e+01
4.487990861977147574e+02 -2.762264837254492633e+01 1.152397453796943338e+01
4.471608444644232918e+02 -2.753769308144834227e+01 1.154920136976063105e+01
4.455300553170591229e+02 -2.745625192940949333e+01 1.157480506676479770e+01
4.439083795766997582e+02 -2.737837267579331879e+01 1.160068057326483171e+01
4.422945891834539793e+02 -2.730404340362962756e+01 1.162683556513198369e+01
4.406900050341138240e+02 -2.723330340278971917e+01 1.165329021246851049e+01
4.390942159076902840e+02 -2.716620115715527461e+01 1.167995564017964583e+01
4.375078993086263495e+02 -2.710268175917965294e+01 1.170687507771271108e+01
4.359316732184595935e+02 -2.704280913693207822e+01 1.173395802815421263e+01
4.343650575536408951e+02 -2.698665223262280577e+01 1.176120568499603891e+01
4.328084887227238369e+02 -2.693417303488725878e+01 1.178860141787292726e+01
4.312626071748491654e+02 -2.688535384126423722e+01 1.181610515754151436e+01
4.297267931699066708e+02 -2.684019792933509052e+01 1.184370604812273875e+01
4.282008772343556871e+02 -2.679861290755047420e+01 1.187139454207575717e+01
4.266852791128243894e+02 -2.676048063605909277e+01 1.189915823883849910e+01
4.251797845933899680e+02 -2.672574974119417490e+01 1.192698501928203925e+01
4.236840952429163849e+02 -2.669436904626670071e+01 1.195486463365772245e+01
4.221985481194321892e+02 -2.666626278361597713e+01 1.198279206062999691e+01
4.207232325512005673e+02 -2.664135814387091372e+01 1.201075369123859815e+01
4.192573033807567526e+02 -2.661963193411478912e+01 1.203873481493732989e+01
4.178010189262714675e+02 -2.660098422143906305e+01 1.206673440221143778e+01
4.163548538585254732e+02 -2.658535077568370042e+01 1.209473793396288954e+01
4.149183522761073277e+02 -2.657263787197010174e+01 1.212273381933976424e+01
4.134915224731544185e+02 -2.656283606436885592e+01 1.215070030326183925e+01
4.120739147215323328e+02 -2.655578669450460438e+01 1.217862252304018433e+01
4.106662231249731576e+02 -2.655155986591267592e+01 1.220649668771747720e+01
4.092678868767951030e+02 -2.654997514779449475e+01 1.223430014952392675e+01
4.078786887692159553e+02 -2.655097530394460037e+01 1.226204446754128874e+01
4.064982838001899950e+02 -2.655450758621158158e+01 1.228969085315184984e+01
4.051275056868646516e+02 -2.656053943228483405e+01 1.231722559197171663e+01
4.037664764977712935e+02 -2.656902194980000331e+01 1.234463899034507861e+01
4.024146843968961775e+02 -2.657990637498949127e+01 1.237191518130571843e+01
4.010727393434616488e+02 -2.659314406802663555e+01 1.239903775104539108e+01
3.997402887316312103e+02 -2.660863068797068820e+01 1.242599023248189027e+01
3.984167736823089854e+02 -2.662641100659428162e+01 1.245275610399471589e+01
3.971031485664641423e+02 -2.664641783376203321e+01 1.247932887109393185e+01
3.957994100234900543e+02 -2.666858451573552102e+01 1.250568604966398034e+01
3.945054516978061088e+02 -2.669281795381393607e+01 1.253181121476101012e+01
3.932209566452057743e+02 -2.671908859091249511e+01 1.255768154012167415e+01
3.919461620973821141e+02 -2.674733549340079364e+01 1.258327489884409012e+01
3.906810995287738706e+02 -2.677748157064071322e+01 1.260857810673069679e+01
3.894255576917079793e+02 -2.680951328591734750e+01 1.263357058517491360e+01
3.881796459154209060e+02 -2.684335467522875618e+01 1.265822839724721405e+01
3.869437622384543261e+02 -2.687894097049054309e+01 1.268253159812231345e+01
3.857178966790874597e+02 -2.691625265267902734e+01 1.270646165636855507e+01
3.845017728684673557e+02 -2.695520346216945384e+01 1.273000097531545727e+01
3.832959994996983824e+02 -2.699581630831751156e+01 1.275312112186039570e+01
3.821000855400795331e+02 -2.703797767802536711e+01 1.277580173923463036e+01
3.809148574776425562e+02 -2.708161993789384070e+01 1.279802745700737177e+01
3.797396095995694054e+02 -2.712677789912630288e+01 1.281977007948182212e+01
3.785753861718121129e+02 -2.717331149264496659e+01 1.284101008558786106e+01
3.774211951048159790e+02 -2.722128439747799433e+01 1.286171877161162591e+01
3.762778152755519159e+02 -2.727058330350708815e+01 1.288188327691262458e+01
3.751459734550965095e+02 -2.732110021365340913e+01 1.290146651182326920e+01
3.740242860211767493e+02 -2.737291380521119422e+01 1.292046343173662848e+01
3.729134391491195402e+02 -2.742583198329150562e+01 1.293886095432138994e+01
3.718145142582293943e+02 -2.747996471098554494e+01 1.295660406570509160e+01
3.707263369361979244e+02 -2.753513635570014628e+01 1.297366798683801292e+01
3.696502065132893904e+02 -2.759135511849636302e+01 1.299003420894834093e+01
3.685857739527978083e+02 -2.764858030336793959e+01 1.300566656179077363e+01
3.675325005351340906e+02 -2.770676486278207307e+01 1.302053831821405261e+01
3.664914201408192298e+02 -2.776586396122836575e+01 1.303462519487673710e+01
3.654621252384692980e+02 -2.782578991545194924e+01 1.304793661621335943e+01
3.644446948823933212e+02 -2.788654082264659095e+01 1.306048116977454221e+01
3.634381625835430327e+02 -2.794805644713553860e+01 1.307225930055523833e+01
3.624427111239431838e+02 -2.801032402474237770e+01 1.308328247074035033e+01
3.614581993049303037e+02 -2.807333498060472365e+01 1.309355655935539353e+01
3.604844926828682787e+02 -2.813701723222745699e+01 1.310309124634021494e+01
3.595216618637903707e+02 -2.820134169056309048e+01 1.311189032134605092e+01
3.585694713843857357e+02 -2.826627497024290037e+01 1.311995834365264635e+01
3.576276864342885915e+02 -2.833177707739716666e+01 1.312730712280498047e+01
3.566960728487185293e+02 -2.839785272970332741e+01 1.313393843229616031e+01
3.557743971009273309e+02 -2.846444311583267606e+01 1.313985749342937837e+01
3.548628660388401954e+02 -2.853149185293482404e+01 1.314507089818311059e+01
3.539616066681745679e+02 -2.859899229913186502e+01 1.314957270581655102e+01
3.530692311556151139e+02 -2.866686054345210266e+01 1.315337536531878371e+01
3.521866931571097439e+02 -2.873506219465044609e+01 1.315647636664767717e+01
3.513140886962122522e+02 -2.880356278383037250e+01 1.315887535393766861e+01
3.504501185875803344e+02 -2.887232776047698835e+01 1.316058119581997943e+01
3.495951575910327165e+02 -2.894131671881980949e+01 1.316159171680470941e+01
3.487489769854086603e+02 -2.901043489224840854e+01 1.316191039473081581e+01
3.479113522479758558e+02 -2.907971327294273323e+01 1.316153431635051163e+01
3.470824368302309040e+02 -2.914915436975216068e+01 1.316049253310843348e+01
3.462622604287267336e+02 -2.921855812274579733e+01 1.315876133230313449e+01
3.454499784176722414e+02 -2.928801775795499651e+01 1.315633915717226188e+01
3.446466180943308473e+02 -2.935743888901659204e+01 1.315321662618789667e+01
3.438514434492230976e+02 -2.942674445408552941e+01 1.314939603768687881e+01
3.430641520079401516e+02 -2.949591772299700665e+01 1.314488061986013179e+01
3.422850764972790785e+02 -2.956490501047434094e+01 1.313965680464774088e+01
3.415135941115618721e+02 -2.963364945365440306e+01 1.313372902151106913e+01
3.407498259119764157e+02 -2.970210041179658589e+01 1.312709681861949562e+01
3.399937342953816710e+02 -2.977020870122778007e+01 1.311974697286773228e+01
3.392450965257241364e+02 -2.983792051528134337e+01 1.311168043951282236e+01
3.385036902860910004e+02 -2.990518822925318076e+01 1.310289815914212852e+01
3.377696887598110607e+02 -2.997195702046525057e+01 1.309339225344279711e+01
3.370427960439030812e+02 -3.003816392607049934e+01 1.308315210260531991e+01
3.363231523580404883e+02 -3.010375607082009708e+01 1.307217724347015597e+01
3.356106043904862304e+02 -3.016868063425288327e+01 1.306046420003347741e+01
3.349050431070269269e+02 -3.023287995414560214e+01 1.304800125290196355e+01
3.342069339117177833e+02 -3.029629591338135697e+01 1.303478410531480769e+01
3.335156652134400019e+02 -3.035886517400711782e+01 1.302080838834319820e+01
3.328317233662336889e+02 -3.042053504696085398e+01 1.300606760259034189e+01
3.321545851656544528e+02 -3.048124097060725290e+01 1.299055240775676623e+01
3.314843897905431618e+02 -3.054090801579475567e+01 1.297425670377068840e+01
3.308206312578565189e+02 -3.059948419574644518e+01 1.295716922173788888e+01
3.301641213418727148e+02 -3.065688905128090624e+01 1.293927960149082246e+01
3.295141216148329590e+02 -3.071306309834822201e+01 1.292058305425801734e+01
3.288709884388237583e+02 -3.076793573604678755e+01 1.290107384929992307e+01
3.282338923705871139e+02 -3.082144805031615320e+01 1.288073416199562971e+01
3.276038876212392097e+02 -3.087355573156519739e+01 1.285957006958969195e+01
3.269793014622193823e+02 -3.092420258943075240e+01 1.283757587594494076e+01
3.263620859681375919e+02 -3.097328410619849848e+01 1.281473281432681333e+01
3.257506714566199548e+02 -3.102079705212861782e+01 1.279104371050268973e+01
3.251452936243427985e+02 -3.106675916000678583e+01 1.276653405891200066e+01
3.245468977436783007e+02 -3.111118835188371534e+01 1.274120651874503984e+01
3.239536420021661343e+02 -3.115409666054810955e+01 1.271507822086955031e+01
3.233664872489150071e+02 -3.119549501682832116e+01 1.268816897806408228e+01
3.227850401282078110e+02 -3.123539932498823291e+01 1.266048821772657718e+01
3.222093038484037493e+02 -3.127381696901016994e+01 1.263204729037820329e+01
3.216391645005494979e+02 -3.131075169058735597e+01 1.260285921314016377e+01
3.210738734923593256e+02 -3.134622009333839898e+01 1.257293694538470419e+01
3.205136801046315895e+02 -3.138023313948584203e+01 1.254229338957670059e+01
3.199584511071911379e+02 -3.141279779866232147e+01 1.251094520325598403e+01
3.194079195338195518e+02 -3.144391302771726515e+01 1.247890117260650378e+01
3.188621066806297790e+02 -3.147357816762223948e+01 1.244617388176935968e+01
3.183209991550458540e+02 -3.150179940137180168e+01 1.241277724816234063e+01
3.177846722590269337e+02 -3.152857363547176561e+01 1.237871612771940200e+01
3.172525665350214013e+02 -3.155389472064666379e+01 1.234400555945877542e+01
3.167243635080662330e+02 -3.157776243307884556e+01 1.230866250013656504e+01
3.162006892547892107e+02 -3.160017383857374895e+01 1.227269559048709979e+01
3.156812301055979901e+02 -3.162112885064570378e+01 1.223611062084883550e+01
3.151656723137309655e+02 -3.164062083330751562e+01 1.219892769442162006e+01
3.146538128682404363e+02 -3.165863770892945794e+01 1.216114923628845190e+01
3.141458320070227614e+02 -3.167516887278016213e+01 1.212279163967711249e+01
3.136409242446062535e+02 -3.169021354350838493e+01 1.208385618478126489e+01
3.131400097397853415e+02 -3.170375505608106081e+01 1.204436711795654702e+01
3.126421151986844507e+02 -3.171579040864326871e+01 1.200432338919830499e+01
3.121469019229291462e+02 -3.172640714377813254e+01 1.196374217293622522e+01
3.116547685103539038e+02 -3.173550225861379559e+01 1.192263775317856478e+01
3.111654003209744133e+02 -3.174304718664139102e+01 1.188100744307089407e+01
3.106791199945434414e+02 -3.174902489295355323e+01 1.183886275306443814e+01
3.101950535583244459e+02 -3.175341877521098510e+01 1.179621564253614707e+01
3.097133909048628766e+02 -3.175621149737816751e+01 1.175307220074176939e+01
3.092339221946273824e+02 -3.175738488755943933e+01 1.170944326108728006e+01
3.087568613130430890e+02 -3.175691993862000828e+01 1.166533538377653301e+01
3.082815498572213642e+02 -3.175479329294367048e+01 1.162075879423129443e+01
3.078084360448216898e+02 -3.175097826463135320e+01 1.157573003304941750e+01
3.073367345290645858e+02 -3.174544733187046930e+01 1.153024954621123221e+01
3.068664904106755671e+02 -3.173817311309270650e+01 1.148433026830351622e+01
3.063979224996108996e+02 -3.172912800172868586e+01 1.143798530844333605e+01
3.059303470913970386e+02 -3.171828424571808469e+01 1.139122339205133194e+01
3.054638059553201970e+02 -3.170561316189284184e+01 1.134404936245039508e+01
3.049983663555386784e+02 -3.169108419253204190e+01 1.129647099719679915e+01
3.045336213890743693e+02 -3.167466401629759787e+01 1.124850364979325335e+01
3.040696563081590966e+02 -3.165631827495161943e+01 1.120015630389203132e+01
3.036061533863298791e+02 -3.163601350685819114e+01 1.115143389434276955e+01
3.031427946435475747e+02 -3.161371475351121418e+01 1.110234338528246667e+01
3.026794397651032682e+02 -3.158938778368772304e+01 1.105289628968874993e+01
3.022162810890501987e+02 -3.156299742685342125e+01 1.100310259369176258e+01
3.017529998253409076e+02 -3.153450466010282227e+01 1.095296963563377268e+01
3.012892768968703763e+02 -3.150386485683331728e+01 1.090251259079190227e+01
3.008248913516071639e+02 -3.147104388909696482e+01 1.085173227190224665e+01
3.003602427501513716e+02 -3.143606434885446888e+01 1.080065067105494947e+01
2.998945682729054170e+02 -3.139896253255959380e+01 1.074926544646057458e+01
2.994291442584186029e+02 -3.135981492423086792e+01 1.069759929610591520e+01
2.989631485175013381e+02 -3.131867442376156419e+01 1.064564720355802585e+01
2.984970147117371653e+02 -3.127551512183158167e+01 1.059342759623700658e+01
2.980306044405568286e+02 -3.123037328814904967e+01 1.054094430989997200e+01
2.975637676649049013e+02 -3.118328319887801214e+01 1.048820718329593227e+01
2.970963539748240692e+02 -3.113428004152081741e+01 1.043523239765963595e+01
2.966282125798496168e+02 -3.108339840007630528e+01 1.038201970257016349e+01
2.961597346530764980e+02 -3.103067314552612643e+01 1.032858234491061822e+01
2.956909150374391402e+02 -3.097613807638568417e+01 1.027492684568214365e+01
2.952211134485534103e+02 -3.091982668540521573e+01 1.022106168031445961e+01
2.947508995299519938e+02 -3.086176779323954733e+01 1.016699705983205959e+01
2.942801412311254126e+02 -3.080198742864479300e+01 1.011274753982710273e+01
2.938088379492064064e+02 -3.074051100299758943e+01 1.005832181015443538e+01
2.933367373586255553e+02 -3.067736396532012932e+01 1.000372727607653189e+01
2.928637298415571308e+02 -3.061257106984334442e+01 9.948977695546453504e+00
2.923903225148362139e+02 -3.054615728529024210e+01 9.894083396678368558e+00
2.919161247526948841e+02 -3.047814808544535481e+01 9.839053984515553353e+00
2.914407457311291978e+02 -3.040856751176158923e+01 9.783900884694956446e+00
2.909648628190890349e+02 -3.033743853885971475e+01 9.728635089868001629e+00
2.904881014619099346e+02 -3.026478507117677808e+01 9.673269204716746117e+00
2.900100248130759724e+02 -3.019063105954122861e+01 9.617805116971293700e+00
2.895309731243959845e+02 -3.011499831280960038e+01 9.562264776259013388e+00
2.890506514213793139e+02 -3.003791085682908601e+01 9.506649363332842384e+00
2.885685690460217643e+02 -2.995939161994182243e+01 9.450974719742111674e+00
2.880857246894163950e+02 -2.987946061192244684e+01 9.395251184104447262e+00
2.876019029134523066e+02 -2.979813377288715870e+01 9.339489669934188498e+00
2.871163106360266966e+02 -2.971542769577739662e+01 9.283706879473667684e+00
2.866287889660763426e+02 -2.963134940218765934e+01 9.227913221625788864e+00
2.861401415674013720e+02 -2.954598738912612887e+01 9.172110063857546791e+00
2.856499483419172520e+02 -2.945928732857826660e+01 9.116321589027352346e+00
2.851580275619072040e+02 -2.937126587691249568e+01 9.060565963965650838e+00
2.846642164387005778e+02 -2.928192499381959735e+01 9.004853914989038088e+00
2.841683516497948858e+02 -2.919129014579345949e+01 8.949202033169790127e+00
2.836708517692853775e+02 -2.909937130650468617e+01 8.893621631728812815e+00
2.831711033534232911e+02 -2.900618151509311105e+01 8.838128809100075145e+00
2.826688081056016699e+02 -2.891174533504977973e+01 8.782740752348567881e+00
2.821643019172342974e+02 -2.881607485307283767e+01 8.727464647629416206e+00
2.816571319290287647e+02 -2.871918198541478873e+01 8.672313985982988527e+00
2.811473644565255086e+02 -2.862108042387422557e+01 8.617306034590740182e+00
2.806350739629528448e+02 -2.852178376416003047e+01 8.562458088835883885e+00
2.801196996728721160e+02 -2.842130157639424937e+01 8.507787473031086733e+00
2.796011441661369190e+02 -2.831964431695020679e+01 8.453311541134295837e+00
2.790795614427480587e+02 -2.821681852673325253e+01 8.399040894098948939e+00
2.785547824133103063e+02 -2.811283357453047316e+01 8.344995319252195287e+00
2.780263523734955129e+02 -2.800770353353162534e+01 8.291197860626715155e+00
2.774942137200612819e+02 -2.790143228473780113e+01 8.237657924348946281e+00
2.769588262015897726e+02 -2.779402652849357125e+01 8.184395333460473765e+00
2.764196027932270567e+02 -2.768550290667843328e+01 8.131428902682566573e+00
2.758764038620262227e+02 -2.757588065471042071e+01 8.078759668724872611e+00
2.753290962139908515e+02 -2.746519185086673431e+01 8.026386894139744044e+00
2.747787127250816184e+02 -2.735346728149312767e+01 7.974312536239687610e+00
2.742247652624947705e+02 -2.724073132650102025e+01 7.922529730398542469e+00
2.736673999418119365e+02 -2.712700471777914757e+01 7.871042965662728541e+00
2.731072297440534271e+02 -2.701232466547765299e+01 7.819855931563691520e+00
2.725430667576497967e+02 -2.689671017820432652e+01 7.768960105804967320e+00
2.719764935058759647e+02 -2.678021025086151496e+01 7.718342239394969440e+00
2.714062120829360083e+02 -2.666284240970243147e+01 7.668011638885245063e+00
2.708334875784381666e+02 -2.654462499142490373e+01 7.617966025161095445e+00
2.702577693875544469e+02 -2.642558963342671774e+01 7.568216249445540278e+00
2.696784698290578604e+02 -2.630575549123796719e+01 7.518761242096763553e+00
2.690967872161686500e+02 -2.618515281686165963e+01 7.469599190005158817e+00
2.685124128906608689e+02 -2.606380747839556022e+01 7.420734006415980133e+00
2.679252992840617367e+02 -2.594174980375426998e+01 7.372170579948990721e+00
2.673350043360684936e+02 -2.581900616225197709e+01 7.323908698211337942e+00
2.667424002846557300e+02 -2.569560143502398120e+01 7.275961339449980692e+00
2.661470407750048253e+02 -2.557156049193929448e+01 7.228328344101923264e+00
2.655494065771855503e+02 -2.544690819489882827e+01 7.181018872422927579e+00
2.649492667257308653e+02 -2.532167752655705684e+01 7.134035016325626088e+00
2.643465056726895455e+02 -2.519589520020469919e+01 7.087383863785419180e+00
2.637411505317189153e+02 -2.506958649997040922e+01 7.041066237837414477e+00
2.631335844934037596e+02 -2.494278615720828185e+01 6.995087042169957137e+00
2.625237092340260006e+02 -2.481552333192631465e+01 6.949453531280188834e+00
2.619109637008206164e+02 -2.468782442094128626e+01 6.904162036249809731e+00
2.612962513310249619e+02 -2.455972023030363971e+01 6.859224560260477332e+00
2.606794227831424564e+02 -2.443123773577461222e+01 6.814646642087546446e+00
2.600600736673661686e+02 -2.430241411779641325e+01 6.770424328986898388e+00
2.594382708922059351e+02 -2.417327423078411996e+01 6.726566410941948959e+00
2.588140809582765201e+02 -2.404385746377278466e+01 6.683088981711468257e+00
2.581875699595511833e+02 -2.391418438117345957e+01 6.639996579194968440e+00
2.575588035847154060e+02 -2.378428827116674071e+01 6.597289901077187935e+00
2.569278471186542561e+02 -2.365421185442268381e+01 6.554980742112103798e+00
2.562947654441002214e+02 -2.352397444751819222e+01 6.513075156948914035e+00
2.556596222075398828e+02 -2.339361441146066412e+01 6.471585572345443182e+00
2.550220554847549863e+02 -2.326314074850979807e+01 6.430486363462349253e+00
2.543818753909285135e+02 -2.313260415713632057e+01 6.389814188896783875e+00
2.537397994450226406e+02 -2.300205043970169427e+01 6.349582429066466638e+00
2.530946456360696573e+02 -2.287150568272174667e+01 6.309784662685956391e+00
2.524475870865238107e+02 -2.274101348920375543e+01 6.270438074500535031e+00
2.517982649368873069e+02 -2.261060166236274682e+01 6.231550399155198150e+00
2.511466336598292628e+02 -2.248031228211663546e+01 6.193127817261721013e+00
2.504922271955659596e+02 -2.235018015009448433e+01 6.155181834859440926e+00
2.498354456203094571e+02 -2.222024243961060108e+01 6.117725352168544184e+00
2.491765379433011276e+02 -2.209053799289815956e+01 6.080766586705203203e+00
2.485151180950162484e+02 -2.196111017292383849e+01 6.044325313877792816e+00
2.478505842539607045e+02 -2.183199616912818897e+01 6.008419435631267014e+00
2.471835111256348512e+02 -2.170323230592718389e+01 5.973054210512515283e+00
2.465141856535673810e+02 -2.157485766454723475e+01 5.938244169338172895e+00
2.458423648998625879e+02 -2.144692459349589697e+01 5.903998945644292284e+00
2.451679046071930941e+02 -2.131942053839406626e+01 5.870314618755869240e+00
2.444906155054508758e+02 -2.119232534219327491e+01 5.837186695095056166e+00
2.438109427322114868e+02 -2.106566341081867577e+01 5.804603342866631266e+00
2.431292754912280714e+02 -2.093944455391098103e+01 5.772562617258969908e+00
2.424453425192820362e+02 -2.081370405332463491e+01 5.741054245280545310e+00
2.417593309295194501e+02 -2.068837487866034053e+01 5.710064112126557845e+00
2.410714275611658763e+02 -2.056348721315651673e+01 5.679592723034387447e+00
2.403816969894379270e+02 -2.043905911764165495e+01 5.649636972321731676e+00
2.396897587592193872e+02 -2.031506425469067167e+01 5.620182359201300493e+00
2.389958668904468198e+02 -2.019153304578695440e+01 5.591240052498450908e+00
2.383007462386131579e+02 -2.006849190427348972e+01 5.562797516910373830e+00
2.376033005825680675e+02 -1.994590663334354730e+01 5.534842820210028158e+00
2.369044822491764535e+02 -1.982378161793734250e+01 5.507381315867111660e+00
2.362044816145479444e+02 -1.970214614836070055e+01 5.480393067747638014e+00
2.355033865196388945e+02 -1.958099128456389337e+01 5.453889098971988147e+00
2.348007332098287350e+02 -1.946028180096659455e+01 5.427857371889326821e+00
2.340966661909969559e+02 -1.934010688138276635e+01 5.402304278787247505e+00
2.333907754455569545e+02 -1.922050438720251719e+01 5.377219626122673013e+00
2.326842861504352697e+02 -1.910139205552299302e+01 5.352596924122047461e+00
2.319765441094431253e+02 -1.898283102329827443e+01 5.328430669614782289e+00
2.312679503220310835e+02 -1.886481621811214282e+01 5.304720537765588162e+00
2.305583776979659945e+02 -1.874741029965438344e+01 5.281467729928621679e+00
2.298478078022160958e+02 -1.863057327964840582e+01 5.258659708291743229e+00
2.291364244594473689e+02 -1.851433428445874796e+01 5.236303848880846878e+00
2.284244114141847035e+02 -1.839871029747624931e+01 5.214397011826401140e+00
2.277115740307044973e+02 -1.828374279548721759e+01 5.192935846326511395e+00
2.269981367368649501e+02 -1.816945980157323959e+01 5.171921354084070721e+00
2.262842963392773470e+02 -1.805582736229808560e+01 5.151354852571596865e+00
2.255698718331706800e+02 -1.794290080958856137e+01 5.131235532015407941e+00
2.248550467053256341e+02 -1.783070985655196239e+01 5.111554387774002173e+00
2.241397612533142478e+02 -1.771921014328436783e+01 5.092311232412886746e+00
2.234239694443775761e+02 -1.760850188463618693e+01 5.073507803925278559e+00
2.227081382499480640e+02 -1.749858955792840831e+01 5.055136291280426519e+00
2.219921135095805482e+02 -1.738952367228072404e+01 5.037196752171903213e+00
2.212763352673966040e+02 -1.728123197279669299e+01 5.019685634135054642e+00
2.205599875343907570e+02 -1.717376927717800328e+01 5.002602526831130270e+00
2.198438345384894319e+02 -1.706726078439409022e+01 4.985939219808592782e+00
2.191279518538783861e+02 -1.696157382115886847e+01 4.969708069269618278e+00
2.184113341640489807e+02 -1.685692436000588756e+01 4.953892152998372822e+00
2.176961509605391711e+02 -1.675314732080954627e+01 4.938499943104930345e+00
2.169805460521807277e+02 -1.665034726977420121e+01 4.923525046091390855e+00
2.162653648341762960e+02 -1.654855667182814116e+01 4.908965064772482734e+00
2.155507911034577546e+02 -1.644780965667112582e+01 4.894828595622002787e+00
2.148363739940170092e+02 -1.634814049778697154e+01 4.881111576415801956e+00
2.141222431628516745e+02 -1.624958360263839907e+01 4.867809432529050184e+00
2.134091630492017089e+02 -1.615223156872812638e+01 4.854929230117446259e+00
2.126968722811614327e+02 -1.605607453929491157e+01 4.842463082023739318e+00
2.119848931285218896e+02 -1.596108114784479248e+01 4.830415678075169694e+00
2.112737468849067284e+02 -1.586737000290817257e+01 4.818780808929905568e+00
2.105637980996721694e+02 -1.577500443305945765e+01 4.807565414967499784e+00
2.098547409852670285e+02 -1.568388253402738819e+01 4.796758136414952745e+00
2.091464629702313403e+02 -1.559401701529169237e+01 4.786352651270949998e+00
2.084390949342154329e+02 -1.550540065311975368e+01 4.776348483660773248e+00
2.077327678507307098e+02 -1.541798166820793270e+01 4.766735191884718503e+00
2.070272754917343150e+02 -1.533177188058022544e+01 4.757503155854038823e+00
2.063227078219518376e+02 -1.524678465439243880e+01 4.748649267830139742e+00
2.056192913848728381e+02 -1.516297000697065656e+01 4.740167610412885146e+00
2.049167520311559372e+02 -1.508029147094898370e+01 4.732053627472496693e+00
2.042154504429206838e+02 -1.499877089017385323e+01 4.724304019585721548e+00
2.035155735248964390e+02 -1.491838697281987791e+01 4.716908595785628933e+00
2.028164548928940860e+02 -1.483913605884221809e+01 4.709867470607930429e+00
2.021185919692391906e+02 -1.476103364944204621e+01 4.703174007514819621e+00
2.014216971332256207e+02 -1.468400473826581987e+01 4.696828229879775662e+00
2.007263761899817496e+02 -1.460804730934669315e+01 4.690817720247667744e+00
2.000322336779542525e+02 -1.453325290009327730e+01 4.685149436716340432e+00
1.993399438265834078e+02 -1.445953873564920222e+01 4.679802616094653089e+00
1.986483545554102932e+02 -1.438688562350153077e+01 4.674786952320553191e+00
1.979582462553725861e+02 -1.431530838386547266e+01 4.670080559642607376e+00
1.972697540737882207e+02 -1.424471917501099405e+01 4.665688312308323482e+00
1.965830369614430140e+02 -1.417519638028062090e+01 4.661592831087407518e+00
1.958975804768198827e+02 -1.410672134885053985e+01 4.657797475000702292e+00
1.952134769157178482e+02 -1.403927412596376456e+01 4.654293625318779881e+00
1.945308598684282799e+02 -1.397289422076054954e+01 4.651065916932365596e+00
1.938504296964813136e+02 -1.390757140021812788e+01 4.648120977721079683e+00
1.931713634743509260e+02 -1.384323206053737643e+01 4.645442275187422254e+00
1.924940094545867737e+02 -1.377994423492865117e+01 4.643027677586332835e+00
1.918186782852059480e+02 -1.371772372537957452e+01 4.640876176287891397e+00
1.911450461121227988e+02 -1.365650533533764133e+01 4.638975839116861621e+00
1.904734488875243130e+02 -1.359628992486361909e+01 4.637319304431239964e+00
1.898038746094091493e+02 -1.353712451445599640e+01 4.635903823662929746e+00
1.891361742009674174e+02 -1.347901848438340799e+01 4.634719106800289978e+00
1.884704831979559572e+02 -1.342191784009770039e+01 4.633759692128318619e+00
1.878072607001580536e+02 -1.336583453893411289e+01 4.633016531869458277e+00
1.871464156253085775e+02 -1.331079327740297913e+01 4.632478896439099714e+00
1.864875685482841448e+02 -1.325676306250323222e+01 4.632142599994441667e+00
1.858310333130903302e+02 -1.320376727236228653e+01 4.631996529047421873e+00
1.851767153983907974e+02 -1.315180894981614124e+01 4.632037962150149291e+00
1.845252254785302455e+02 -1.310089825450960355e+01 4.632260415390108577e+00
1.838765397877772330e+02 -1.305099907007677729e+01 4.632649545007166303e+00
1.832302683511382213e+02 -1.300218532430002583e+01 4.633198695093268427e+00
1.825865491148517208e+02 -1.295440487649274885e+01 4.633908548737147193e+00
1.819456003707755656e+02 -1.290774005978155259e+01 4.634763947800926154e+00
1.813080633207893300e+02 -1.286206183724021201e+01 4.635756609023482966e+00
1.806728572848590773e+02 -1.281748215780097588e+01 4.636889380470931243e+00
1.800414428222343872e+02 -1.277404804630524993e+01 4.638140099635411850e+00
1.794124299639671847e+02 -1.273163297219009316e+01 4.639524721495221549e+00
1.787874899152969874e+02 -1.269032979328562405e+01 4.641008691899667582e+00
1.781654433575116059e+02 -1.265005512670825993e+01 4.642589230621242180e+00
1.775470082073003937e+02 -1.261097895330120089e+01 4.644250908144111456e+00
1.769317489436154744e+02 -1.257297470376741266e+01 4.645997383087238752e+00
1.763201809469644274e+02 -1.253610204049087429e+01 4.647816601353488508e+00
1.757118543333052969e+02 -1.250028324667259838e+01 4.649705724442954491e+00
1.751071523702961770e+02 -1.246556562501502086e+01 4.651669343507495391e+00
1.745062324553153132e+02 -1.243188786251265121e+01 4.653708416469570786e+00
1.739081460690662198e+02 -1.239923407759525276e+01 4.655812828764940292e+00
1.733133424563591518e+02 -1.236758207830150802e+01 4.657986429585370125e+00
1.727223053327099080e+02 -1.233697152553079590e+01 4.660229223869706949e+00
1.721342492872623495e+02 -1.230733485741845890e+01 4.662537780059889059e+00
1.715493001455395188e+02 -1.227864142568288663e+01 4.664911367432369893e+00
1.709677683607590097e+02 -1.225091273436091832e+01 4.667345878680307258e+00
1.703896072157894821e+02 -1.222413622632953079e+01 4.669837032575184566e+00
1.698146282028125427e+02 -1.219830643461725828e+01 4.672386881115944135e+00
1.692425259033006171e+02 -1.217338002538751240e+01 4.674991045169153203e+00
1.686739363367299518e+02 -1.214933656432882891e+01 4.677640284262653658e+00
1.681081953240632743e+02 -1.212617891720790197e+01 4.680340980913527460e+00
1.675451615533932852e+02 -1.210387441753456272e+01 4.683085685904318396e+00
1.669857152000362248e+02 -1.208241971853697372e+01 4.685868405288883487e+00
1.664294332354656660e+02 -1.206180913398554289e+01 4.688688274206911366e+00
1.658766968485608402e+02 -1.204202527427958280e+01 4.691542548529426426e+00
1.653263798020327613e+02 -1.202304578076957675e+01 4.694419075760603910e+00
1.647791041263443219e+02 -1.200485469527222193e+01 4.697322774678759139e+00
1.642348694351165364e+02 -1.198744209616270240e+01 4.700246211641817773e+00
1.636935855406471489e+02 -1.197077820682735450e+01 4.703198190792626576e+00
1.631559714145568307e+02 -1.195485685697449085e+01 4.706162192439972358e+00
1.626207400706034321e+02 -1.193966764302945727e+01 4.709129773192623603e+00
1.620885089584634784e+02 -1.192520736451122154e+01 4.712099918715383140e+00
1.615599408507533497e+02 -1.191146075906430468e+01 4.715065397150834059e+00
1.610345134492458783e+02 -1.189841175179917876e+01 4.718024462091082505e+00
1.605115665880244080e+02 -1.188604429262599282e+01 4.720964723706877919e+00
1.599920562275072768e+02 -1.187435312510359964e+01 4.723882620853332881e+00
1.594762848232828389e+02 -1.186332524158326862e+01 4.726777033037059539e+00
1.589632856701915671e+02 -1.185293980023363147e+01 4.729637126273359193e+00
1.584535680754769658e+02 -1.184317877401726626e+01 4.732457650683253192e+00
1.579471669968562537e+02 -1.183403049139814378e+01 4.735233112728220561e+00
1.574442308651032079e+02 -1.182548156398682160e+01 4.737951648307177521e+00
1.569446720572017853e+02 -1.181751225879330569e+01 4.740610080072610977e+00
1.564481820253552371e+02 -1.181010697796615538e+01 4.743203283438198525e+00
1.559550872154089234e+02 -1.180324992019978225e+01 4.745719963204832581e+00
1.554654630053065318e+02 -1.179692439921078062e+01 4.748152193107483932e+00
1.549789205861189885e+02 -1.179111836649856571e+01 4.750492021850919677e+00
1.544959474386440945e+02 -1.178581341766104629e+01 4.752731472795560741e+00
1.540168008916564304e+02 -1.178099336137933406e+01 4.754862543649341688e+00
1.535406245677660877e+02 -1.177664792942793248e+01 4.756877206165803784e+00
1.530686083873748942e+02 -1.177275266630656425e+01 4.758769007929282147e+00
1.525998343864647211e+02 -1.176929548497365730e+01 4.760532490014584894e+00
1.521348644334211997e+02 -1.176625583502601913e+01 4.762149494109990222e+00
1.516736259542932714e+02 -1.176362188878576909e+01 4.763616920335691063e+00
1.512156202979306272e+02 -1.176136536554510847e+01 4.764920509829911666e+00
1.507620778080041646e+02 -1.175947041205053623e+01 4.766052323302526261e+00
1.503116482664900673e+02 -1.175793114803884265e+01 4.767014232963364684e+00
1.498655366295953684e+02 -1.175674468823545382e+01 4.767809864792539543e+00
1.494223672898473865e+02 -1.175589477650517978e+01 4.768427463960144053e+00
1.489833539087186125e+02 -1.175537942660461965e+01 4.768878135333642909e+00
1.485478200310273849e+02 -1.175519030975666901e+01 4.769153992167586509e+00
1.481156082030915968e+02 -1.175532485007815531e+01 4.769264420564292450e+00
1.476871959551629061e+02 -1.175577523138933778e+01 4.769208884410073956e+00
1.472620408074186571e+02 -1.175653831080776257e+01 4.768990673857447682e+00
1.468404296425759128e+02 -1.175761203436896807e+01 4.768608904110667623e+00
1.464219286153965243e+02 -1.175898438499274690e+01 4.768071241776509872e+00
1.460071875798521148e+02 -1.176064946420752300e+01 4.767369783539653127e+00
1.455956559651905593e+02 -1.176259631686249563e+01 4.766511126775331064e+00
1.451871601999786208e+02 -1.176482211107189713e+01 4.765496088232603178e+00
1.447822626436903022e+02 -1.176731578485273744e+01 4.764323435249355754e+00
1.443804385146853235e+02 -1.177006625300475484e+01 4.762993725660974675e+00
1.439816071229368504e+02 -1.177306804867254542e+01 4.761511202898638828e+00
1.435860680705532957e+02 -1.177630935239446686e+01 4.759874270502605142e+00
1.431933425160461013e+02 -1.177977761997563455e+01 4.758078422847233035e+00
1.428035865535217681e+02 -1.178346410626087426e+01 4.756129252243158412e+00
1.424171365792783774e+02 -1.178736006149200577e+01 4.754026445832575831e+00
1.420336944768013154e+02 -1.179145272554179336e+01 4.751769999201336248e+00
1.416528473770707137e+02 -1.179572703429717784e+01 4.749354113617541451e+00
1.412750133619114763e+02 -1.180018160884315392e+01 4.746782730063614508e+00
1.409000951786061364e+02 -1.180479682722347867e+01 4.744057375510107200e+00
1.405280879225265380e+02 -1.180956298973712038e+01 4.741170539280937568e+00
1.401593610256698810e+02 -1.181446469264025723e+01 4.738126072375269615e+00
1.397926466992321650e+02 -1.181948690362020216e+01 4.734927033779152694e+00
1.394291386246435991e+02 -1.182462070460947423e+01 4.731564090812068635e+00
1.390680148407191155e+02 -1.182987298582190228e+01 4.728042362222232065e+00
1.387098935371791981e+02 -1.183521533933049952e+01 4.724370096178522438e+00
1.383540279148396905e+02 -1.184062384202460372e+01 4.720525049075061652e+00
1.380009518251286806e+02 -1.184608316182004550e+01 4.716516874331675879e+00
1.376506123742413195e+02 -1.185157778387900152e+01 4.712337271202964750e+00
1.373029138111389500e+02 -1.185708624962743762e+01 4.707988455556558982e+00
1.369571957879304023e+02 -1.186259201793688867e+01 4.703462720486902171e+00
1.366143140753030423e+02 -1.186807948499465581e+01 4.698761143496911430e+00
1.362744754367661244e+02 -1.187353301032500319e+01 4.693887255072115572e+00
1.359366172960764345e+02 -1.187892724054926852e+01 4.688830048849180976e+00
1.356016038941436648e+02 -1.188425147928133185e+01 4.683591410597111704e+00
1.352691774954764128e+02 -1.188948170966688167e+01 4.678168517495808310e+00
1.349387246082109186e+02 -1.189459835481405392e+01 4.672555579086782984e+00
1.346109012539101855e+02 -1.189958088455448681e+01 4.666753124761552129e+00
1.342855420955277168e+02 -1.190440709039842559e+01 4.660757549631650676e+00
1.339625145809471007e+02 -1.190905453544908177e+01 4.654562170989756886e+00
1.336418697389490262e+02 -1.191350274047150748e+01 4.648166626609088858e+00
1.333232589090260376e+02 -1.191773682523668754e+01 4.641571527148340870e+00
1.330071898325744257e+02 -1.192172913813788249e+01 4.634771109807842571e+00
1.326933328106121905e+02 -1.192544991891953643e+01 4.627757505186781195e+00
1.323820687234648119e+02 -1.192887904910903707e+01 4.620529165224455781e+00
1.320731437818607219e+02 -1.193198999862761056e+01 4.613086085204585629e+00
1.317659335958102247e+02 -1.193476927105619545e+01 4.605421944959323888e+00
1.314605520817282525e+02 -1.193721556775472159e+01 4.597543343046158526e+00
1.311579912858024670e+02 -1.193933399495512049e+01 4.589448400673767914e+00
1.308574926106803105e+02 -1.194113539422700754e+01 4.581145862381451828e+00
1.305583940091889588e+02 -1.194263002194705159e+01 4.572632477645345972e+00
1.302625984560070833e+02 -1.194382015154866039e+01 4.563912102157392958e+00
1.299679129519273033e+02 -1.194475269541581497e+01 4.555000161853810070e+00
1.296756366710671671e+02 -1.194539043864665473e+01 4.545886095579673380e+00
1.293850198978631454e+02 -1.194573707488911118e+01 4.536572904097983638e+00
1.290965678784487523e+02 -1.194579618822115741e+01 4.527063593780968453e+00
1.288102409619476418e+02 -1.194557125281734145e+01 4.517367195711051941e+00
1.285259425664654316e+02 -1.194506563298110891e+01 4.507475954874747615e+00
1.282430254076667779e+02 -1.194428258354329309e+01 4.497401603091006450e+00
1.279623023099880328e+02 -1.194322001362044183e+01 4.487139342443755119e+00
1.276835102494372904e+02 -1.194187931098044508e+01 4.476693731086163197e+00
1.274063606372257595e+02 -1.194026340803520014e+01 4.466069561119072162e+00
1.271307570100625099e+02 -1.193837070675846057e+01 4.455265255808490643e+00
1.268570185062134641e+02 -1.193620562727686973e+01 4.444285337374318523e+00
1.265849333341132450e+02 -1.193376575662390948e+01 4.433135344679279832e+00
1.263144663798115772e+02 -1.193104400429492351e+01 4.421814448610415837e+00
1.260458484873937977e+02 -1.192803953296248309e+01 4.410322142308725546e+00
1.257789832564509993e+02 -1.192474853770347210e+01 4.398664245928385341e+00
1.255134938521338483e+02 -1.192116845380572343e+01 4.386844493828418123e+00
1.252493823557544914e+02 -1.191729540173623647e+01 4.374864042845069356e+00
1.249871967223158151e+02 -1.191311858791113742e+01 4.362727669848452727e+00
1.247263781447226592e+02 -1.190864529085023271e+01 4.350435412567640547e+00
1.244668302000410023e+02 -1.190386422123411947e+01 4.337993091839987159e+00
1.242086017395250650e+02 -1.189876692769675515e+01 4.325398174874817592e+00
1.239521397841715924e+02 -1.189335285892544292e+01 4.312654458446772310e+00
1.236972566083445741e+02 -1.188761144652363555e+01 4.299768419965562138e+00
1.234433223476522983e+02 -1.188153841357429030e+01 4.286731972834139093e+00
1.231908278332890490e+02 -1.187513429156452993e+01 4.273559800588004443e+00
1.229390349985283422e+02 -1.186838102979136522e+01 4.260247833725473221e+00
1.226885764592168044e+02 -1.186129905863885270e+01 4.246791312022230258e+00
1.224400342052951487e+02 -1.185387266257665928e+01 4.233206494569640377e+00
1.221919270771171426e+02 -1.184607455918742858e+01 4.219489165655205376e+00
1.219447693134551827e+02 -1.183789940378504824e+01 4.205641645751918567e+00
1.216988168055071498e+02 -1.182932963199978715e+01 4.191672589111261615e+00
1.214537716769549149e+02 -1.182035858796502481e+01 4.177573352042873722e+00
1.212096667553024787e+02 -1.181098100736918255e+01 4.163355701352629445e+00
1.209663886484390929e+02 -1.180118086543074263e+01 4.149019208433266215e+00
1.207239267731657861e+02 -1.179094980762861411e+01 4.134569877812094951e+00
1.204821712343887583e+02 -1.178027767002147819e+01 4.120002263218838223e+00
1.202410949971924907e+02 -1.176915247561177935e+01 4.105323762927633346e+00
1.200006469994157499e+02 -1.175756222515502358e+01 4.090537150205764583e+00
1.197607695821437517e+02 -1.174549489698725679e+01 4.075642211858361286e+00
1.195213935037566841e+02 -1.173294219217774526e+01 4.060641327726361993e+00
1.192824554134811024e+02 -1.171989170870059560e+01 4.045540345238917368e+00
1.190439232290837168e+02 -1.170632473511469307e+01 4.030345041441409926e+00
1.188057060139172876e+02 -1.169223133744960741e+01 4.015054839485778793e+00
1.185677586180137411e+02 -1.167760327529845732e+01 3.999670376319649279e+00
1.183301501466523575e+02 -1.166244047419815644e+01 3.984198482896585958e+00
1.180928148640467725e+02 -1.164676156700992316e+01 3.968641310621212615e+00
1.178557688672106849e+02 -1.163057166851281465e+01 3.952993873099837518e+00
1.176190916815015441e+02 -1.161387901929605526e+01 3.937259110562504105e+00
1.173827750989202912e+02 -1.159669794418551447e+01 3.921444775560956941e+00
1.171468324853094884e+02 -1.157902993485184773e+01 3.905540528675793155e+00
1.169111484046744351e+02 -1.156089160941201399e+01 3.889552752066932406e+00
1.166758844122242351e+02 -1.154228783938416036e+01 3.873487323741733768e+00
1.164410160952108555e+02 -1.152322366724999547e+01 3.857343773072904991e+00
1.162064711027774280e+02 -1.150371417621697212e+01 3.841114207295994287e+00
1.159723813932762511e+02 -1.148378881927627226e+01 3.824800164147072579e+00
1.157386222440263879e+02 -1.146342900432169820e+01 3.808413819141679202e+00
1.155052365830239580e+02 -1.144263925451242692e+01 3.791954970561946858e+00
1.152722044419957683e+02 -1.142143031932675079e+01 3.775417070182666812e+00
1.150395025758285072e+02 -1.139980713181739169e+01 3.758811377789008645e+00
1.148071652330451400e+02 -1.137777972397005222e+01 3.742139354900559933e+00
1.145751250085296817e+02 -1.135534788712330467e+01 3.725406264271394541e+00
1.143433964752727547e+02 -1.133251953159379255e+01 3.708608034920112484e+00
1.141120218204182351e+02 -1.130930028964640499e+01 3.691747733341692594e+00
1.138809493102184973e+02 -1.128569403046569519e+01 3.674827061817617313e+00
1.136501325945055640e+02 -1.126170893476785295e+01 3.657854628724418689e+00
1.134196300867682368e+02 -1.123735113034438804e+01 3.640831007509264694e+00
1.131893944022605609e+02 -1.121262028926009791e+01 3.623757114492994980e+00
1.129593765163587449e+02 -1.118752405053919041e+01 3.606639352177575031e+00
1.127295842324389525e+02 -1.116206897107329610e+01 3.589480791291803641e+00
1.124999923761487253e+02 -1.113625471758014207e+01 3.572281224752097195e+00
1.122705756175374603e+02 -1.111008719458179783e+01 3.555043244741107333e+00
1.120413337220157359e+02 -1.108357097125387369e+01 3.537773270288703031e+00
1.118122396000945145e+02 -1.105670908797961260e+01 3.520473216096561941e+00
1.115831946510691495e+02 -1.102950963302622256e+01 3.503142228039544559e+00
1.113542391314717293e+02 -1.100196891500465313e+01 3.485789929092239170e+00
1.111253698512570054e+02 -1.097409842753562614e+01 3.468416140061503228e+00
1.108964634654376340e+02 -1.094589639412508753e+01 3.451023033518803906e+00
1.106675507906556106e+02 -1.091737002985933813e+01 3.433620966775600802e+00
1.104386053667510055e+02 -1.088851630009837201e+01 3.416205689996663519e+00
1.102095969792901116e+02 -1.085934369625340246e+01 3.398795086027572410e+00
1.099804354980474983e+02 -1.082985437907626114e+01 3.381376320894125875e+00
1.097513155124526065e+02 -1.080005418122367722e+01 3.363969838999962381e+00
1.095220291451229997e+02 -1.076994197764701688e+01 3.346564276457661968e+00
1.092925069214534943e+02 -1.073951752795476011e+01 3.329183129173052258e+00
1.090627860077827052e+02 -1.070878275231084764e+01 3.311820365449301029e+00
1.088327818448584736e+02 -1.067774569654818428e+01 3.294487754586159500e+00
1.086024007761193673e+02 -1.064640892000911876e+01 3.277186620699896746e+00
1.083716615842257482e+02 -1.061476860582452808e+01 3.259922485893198996e+00
1.081404955390767526e+02 -1.058283064258065487e+01 3.242701868615262217e+00
1.079088594690966403e+02 -1.055060342303628396e+01 3.225526207009173696e+00
1.076767253634493642e+02 -1.051808087999198804e+01 3.208400234928676209e+00
1.074440196003041308e+02 -1.048527428257198757e+01 3.191330494208474811e+00
1.072106904838236545e+02 -1.045218387285888006e+01 3.174323535022680165e+00
1.069767226923376171e+02 -1.041881005242516700e+01 3.157380697654119661e+00
1.067420784841241499e+02 -1.038516038933346941e+01 3.140507082287934182e+00
1.065068487617385387e+02 -1.035123884012840634e+01 3.123701365427429710e+00
1.062710581338670153e+02 -1.031704304596299515e+01 3.106959215063680446e+00
1.060346670614689799e+02 -1.028257896550554484e+01 3.090283648660474558e+00
1.057978042534192582e+02 -1.024785409124783442e+01 3.073671346824757400e+00
1.055604474554903334e+02 -1.021286330564374190e+01 3.057119808462374522e+00
1.053225529939975331e+02 -1.017761635378247043e+01 3.040630779396145567e+00
1.050842283842450655e+02 -1.014212015990567473e+01 3.024200699940000181e+00
1.048454215134783709e+02 -1.010636890836399182e+01 3.007832420458677714e+00
1.046061679116121041e+02 -1.007037440825599184e+01 2.991520020529591761e+00
1.043664601136294152e+02 -1.003413790134097816e+01 2.975263939629845034e+00
1.041263462980746652e+02 -9.997661453531284437e+00 2.959068688026370797e+00
1.038858695143270552e+02 -9.960953046259485077e+00 2.942928559598641858e+00
1.036450135879512544e+02 -9.924020721783065824e+00 2.926855345602792813e+00
1.034038442118377219e+02 -9.886870340308945515e+00 2.910833221114370151e+00
1.031623329960870024e+02 -9.849494095650868530e+00 2.894868712074791794e+00
1.029205837538680299e+02 -9.811910443123116110e+00 2.878969990708986959e+00
1.026784472769176375e+02 -9.774127651761970625e+00 2.863129993959367070e+00
1.024360237357304726e+02 -9.736147740688906538e+00 2.847360525531850151e+00
1.021933655118277358e+02 -9.697984515030269037e+00 2.831662301104140411e+00
1.019503461197694918e+02 -9.659641479826106547e+00 2.816029117638418455e+00
1.017070875303945030e+02 -9.621125947816173252e+00 2.800470396449826094e+00
1.014635070256309319e+02 -9.582446391518095297e+00 2.784978089606784390e+00
1.012196496355695388e+02 -9.543606360648052345e+00 2.769558362391849826e+00
1.009755334004163529e+02 -9.504617110169562011e+00 2.754214720442172304e+00
1.007311373548735958e+02 -9.465489380061175240e+00 2.738946808207412875e+00
1.004864403260118024e+02 -9.426227569648407467e+00 2.723754288673082780e+00
1.002414596055109541e+02 -9.386841331602107985e+00 2.708640710436267085e+00
9.999623979144971031e+01 -9.347338619988697417e+00 2.693608795083954011e+00
9.975075876141460185e+01 -9.307731312528396472e+00 2.678661588675392835e+00
9.950498949904994106e+01 -9.268031972626163295e+00 2.663799335737595531e+00
9.925894817709107087e+01 -9.228248024160894403e+00 2.649023534234941302e+00
9.901261247297645696e+01 -9.188386975643796362e+00 2.634342166093986304e+00
9.876600479563940382e+01 -9.148455216137863388e+00 2.619752783444577293e+00
9.851917559331556618e+01 -9.108473052766358435e+00 2.605254509979264110e+00
9.827203587858657841e+01 -9.068445581217924101e+00 2.590857007773779142e+00
9.802455388536974112e+01 -9.028384799830645235e+00 2.576561566657194824e+00
9.777684684025523154e+01 -8.988295773065344108e+00 2.562372351160445039e+00
9.752878597126780846e+01 -8.948197181900807706e+00 2.548283531644950806e+00
9.728041409830022701e+01 -8.908091716107955804e+00 2.534296891491658599e+00
9.703176686573458198e+01 -8.867993984537298147e+00 2.520430450059033323e+00
9.678275617990776425e+01 -8.827918442071830185e+00 2.506671254556648964e+00
9.653346204774746298e+01 -8.787854372260028413e+00 2.493027259128993034e+00
9.628383623151796655e+01 -8.747832944365056207e+00 2.479501594005597997e+00
9.603383833786415380e+01 -8.707869723491471703e+00 2.466103448844240376e+00
9.578350875729778124e+01 -8.667978768834206704e+00 2.452833035170284059e+00
9.553282809620910143e+01 -8.628168096873316983e+00 2.439696554257134942e+00
9.528183122200994148e+01 -8.588456976856265968e+00 2.426694793121768612e+00
9.503039166355780765e+01 -8.548854831029563783e+00 2.413839065864821443e+00
9.477862391535096265e+01 -8.509376671265657777e+00 2.401131105589619175e+00
9.452646601825294681e+01 -8.470022711644139335e+00 2.388561458308414487e+00
9.427397488368400502e+01 -8.430778909603862559e+00 2.376132674866946459e+00
9.402109825625366568e+01 -8.391650248403125900e+00 2.363843673849992388e+00
9.376787138777964969e+01 -8.352626464717983978e+00 2.351693497813803990e+00
9.351434356661992808e+01 -8.313703151375843703e+00 2.339683554318567449e+00
9.326051167163628008e+01 -8.274877797105306243e+00 2.327807811693285434e+00
9.300637257850148387e+01 -8.236149574129386863e+00 2.316061385461791744e+00
9.275195502711970619e+01 -8.197517570659336172e+00 2.304448913335410243e+00
9.249726374604429679e+01 -8.158976416387623942e+00 2.292969729552593705e+00
9.224228235850608826e+01 -8.120528155120540603e+00 2.281617369936296047e+00
9.198705016808928292e+01 -8.082170100516954392e+00 2.270395702616279543e+00
9.173158511676577120e+01 -8.043895323726538038e+00 2.259306535045432884e+00
9.147593192227520831e+01 -8.005707795699333218e+00 2.248341821237849647e+00
9.122007183337970559e+01 -7.967611625907214723e+00 2.237503093094260542e+00
9.096397440484724939e+01 -7.929599708599245567e+00 2.226791895300642921e+00
9.070773815835674725e+01 -7.891678928270451365e+00 2.216207736950526197e+00
9.045131642618299850e+01 -7.853845815123452923e+00 2.205741968324860025e+00
9.019481910097633204e+01 -7.816102850514281997e+00 2.195407956123212934e+00
8.993811923704934941e+01 -7.778452611855563248e+00 2.185200464417574207e+00
8.968134718337186939e+01 -7.740891220891825242e+00 2.175106895739218338e+00
8.942442549532530904e+01 -7.703403506921086219e+00 2.165141055916528057e+00
8.916748760167874366e+01 -7.666010074820388986e+00 2.155293900993908274e+00
8.891040021913228486e+01 -7.628727025189484756e+00 2.145566961340112044e+00
8.865327935333515086e+01 -7.591539309523210655e+00 2.135968184072574605e+00
8.839613366579341402e+01 -7.554460477172330712e+00 2.126481776853577088e+00
8.813890232394567192e+01 -7.517495705750545376e+00 2.117118317354925505e+00
8.788168014258310734e+01 -7.480648579417265687e+00 2.107876297877623539e+00
8.762438766686251768e+01 -7.443917617975906786e+00 2.098750809083061331e+00
8.736713597390567543e+01 -7.407314894726011900e+00 2.089741893457670585e+00
8.710993327751455695e+01 -7.370852997297489217e+00 2.080855953980601747e+00
8.685279771806885662e+01 -7.334538311942524480e+00 2.072088161901531222e+00
8.659570919074955953e+01 -7.298375149862309286e+00 2.063439427437834706e+00
8.633875201742478112e+01 -7.262371821681893103e+00 2.054914286149214675e+00
8.608194147282888764e+01 -7.226539536554257737e+00 2.046510940458432071e+00
8.582527390912053988e+01 -7.190889637962636805e+00 2.038227893704950944e+00
8.556878621098157112e+01 -7.155427505328924020e+00 2.030063917546718777e+00
8.531249133668791274e+01 -7.120159828734027307e+00 2.022019780100648756e+00
8.505641714279393284e+01 -7.085099926066234843e+00 2.014096428321086485e+00
8.480053872368355883e+01 -7.050253001456120217e+00 2.006289197121952750e+00
8.454495189178838643e+01 -7.015626325437122723e+00 1.998602650645541212e+00
8.428958757398942225e+01 -6.981231912708935283e+00 1.991032064202021390e+00
8.403453075092264157e+01 -6.947081860829892541e+00 1.983575578150615470e+00
8.377973362887537689e+01 -6.913187185842577520e+00 1.976239424161220226e+00
8.352525758601811390e+01 -6.879555272449989545e+00 1.969018923541410837e+00
8.327116391885438418e+01 -6.846203796113024431e+00 1.961910641039964931e+00
8.301750353523711112e+01 -6.813139154596120406e+00 1.954922476274730814e+00
8.276414273070615479e+01 -6.780380177267456787e+00 1.948049870151327356e+00
8.251124737749032079e+01 -6.747912545905755621e+00 1.941295807195145828e+00
8.225875902467221579e+01 -6.715768543183703976e+00 1.934655191625409332e+00
8.200681269546153374e+01 -6.683958350545010418e+00 1.928129805531886509e+00
8.175524828196591898e+01 -6.652485910555582471e+00 1.921721553991779574e+00
8.150413770355540066e+01 -6.621340305868685050e+00 1.915426178341741670e+00
8.125345394109598374e+01 -6.590515533584766494e+00 1.909238967131949405e+00
8.100321131006457165e+01 -6.560017507359224176e+00 1.903166442464097052e+00
8.075338080520957362e+01 -6.529827410216484829e+00 1.897206476748015680e+00
8.050392064817251025e+01 -6.499950393339281263e+00 1.891354399711958623e+00
8.025483706743068524e+01 -6.470376839781321721e+00 1.885615151783029741e+00
8.000615450697817721e+01 -6.441110612488234466e+00 1.879983737414936185e+00
7.975785486879786390e+01 -6.412144652225927999e+00 1.874461681266192281e+00
7.950997627502736975e+01 -6.383479964075649882e+00 1.869049621152811147e+00
7.926249797023264421e+01 -6.355112028956596326e+00 1.863742946953946822e+00
7.901541570297003148e+01 -6.327038980465597540e+00 1.858543953840575247e+00
7.876878863890165405e+01 -6.299262007266023922e+00 1.853451755671298162e+00
7.852258350075622673e+01 -6.271777169990601308e+00 1.848463874997197109e+00
7.827674563659992657e+01 -6.244581028870222816e+00 1.843583701940828767e+00
7.803132379364568294e+01 -6.217665967271398308e+00 1.838806672789071506e+00
7.778636744003512149e+01 -6.191037159664040779e+00 1.834130327184204878e+00
7.754183575005626494e+01 -6.164687094202455420e+00 1.829556733050025530e+00
7.729770359680966862e+01 -6.138616340993138465e+00 1.825084853678470065e+00
7.705399662744463285e+01 -6.112811581186552878e+00 1.820707388804858384e+00
7.681074064910201571e+01 -6.087282040051847254e+00 1.816431010592035600e+00
7.656795419024597038e+01 -6.062016714838518006e+00 1.812251189955253361e+00
7.632560196308598677e+01 -6.037021705733943477e+00 1.808163875508470575e+00
7.608371028869241570e+01 -6.012296529704814319e+00 1.804170958109913459e+00
7.584228774389345062e+01 -5.987823473453531165e+00 1.800269112242050218e+00
7.560132388070589116e+01 -5.963601392939113843e+00 1.796456294535990095e+00
7.536083240704189734e+01 -5.939643435319098330e+00 1.792744781159204104e+00
7.512090522135638082e+01 -5.915942955583847862e+00 1.789110600913514038e+00
7.488157292599575499e+01 -5.892505829159469855e+00 1.785567069146908548e+00
7.464274272925042908e+01 -5.869326621624002094e+00 1.782111489330429732e+00
7.440453948919711991e+01 -5.846398735152214421e+00 1.778733602956016124e+00
7.416690453464659072e+01 -5.823726575040020670e+00 1.775438682759194808e+00
7.392983745807674723e+01 -5.801311717978791194e+00 1.772219843597814481e+00
7.369341567025274742e+01 -5.779149481848283365e+00 1.769075803512751177e+00
7.345764044442141483e+01 -5.757233596898506889e+00 1.766008654557978064e+00
7.322251792825043992e+01 -5.735571071864624670e+00 1.763016097525854864e+00
7.298811788918028753e+01 -5.714163369635006262e+00 1.760093601779650241e+00
7.275441977936959859e+01 -5.693008438176714314e+00 1.757236633808417547e+00
7.252146321828483622e+01 -5.672103560619472518e+00 1.754444234987333928e+00
7.228931030328394058e+01 -5.651453055988296725e+00 1.751718483209864008e+00
7.205798469329309341e+01 -5.631062221845328786e+00 1.749055378658826321e+00
7.182752641275578753e+01 -5.610928550060947373e+00 1.746449292062849379e+00
7.159792353568329304e+01 -5.591053556787439760e+00 1.743899795297953137e+00
7.136922768921587590e+01 -5.571438936829908428e+00 1.741404562902860054e+00
7.114149535909848510e+01 -5.552086567287501495e+00 1.738961745313834406e+00
7.091470672274276410e+01 -5.532996824109330802e+00 1.736563539207739870e+00
7.068890547907594168e+01 -5.514166752959630102e+00 1.734212001949398507e+00
7.046416448059071058e+01 -5.495599932291450607e+00 1.731906898002381512e+00
7.024046466415528300e+01 -5.477303846930015929e+00 1.729637920185258748e+00
7.001787506341663914e+01 -5.459274604396670227e+00 1.727401721272942003e+00
6.979626652528990860e+01 -5.441511789325226722e+00 1.725203089613230656e+00
6.957581157515724612e+01 -5.424014479732397476e+00 1.723041143745400294e+00
6.935622148295480827e+01 -5.406779444015946900e+00 1.720920568512475768e+00
6.913772526632523352e+01 -5.389808740147193689e+00 1.718843595232934396e+00
6.892018440723460060e+01 -5.373096131070751902e+00 1.716800863728160431e+00
6.870363667889940018e+01 -5.356653917700501033e+00 1.714797694619980106e+00
6.848800319187292018e+01 -5.340464440602584517e+00 1.712827538888371581e+00
6.827337161484769013e+01 -5.324537124940902366e+00 1.710900506756526829e+00
6.805968397292824079e+01 -5.308874029416772444e+00 1.709012148001935349e+00
6.784695834431759920e+01 -5.293464604775239835e+00 1.707154961770008805e+00
6.763513732119612598e+01 -5.278316038022010659e+00 1.705336627433621244e+00
6.742422809657162475e+01 -5.263422645224203222e+00 1.703559919242699117e+00
6.721427438789149278e+01 -5.248789548401320282e+00 1.701814918146535183e+00
6.700519241273046589e+01 -5.234413291639249621e+00 1.700104505521963905e+00
6.679702623729824040e+01 -5.220288910845560792e+00 1.698433080806698081e+00
6.658976642879423480e+01 -5.206420420372083413e+00 1.696799767012959981e+00
6.638336122394501615e+01 -5.192807843834539305e+00 1.695196812228879191e+00
6.617782255478245190e+01 -5.179444806349470021e+00 1.693625945720498960e+00
6.597312785512728794e+01 -5.166327775229423658e+00 1.692091658887123540e+00
6.576928083851917961e+01 -5.153459494552988573e+00 1.690585098402845654e+00
6.556627800108387305e+01 -5.140839543046252125e+00 1.689107749076258047e+00
6.536407238779922579e+01 -5.128460878774604659e+00 1.687661183498453621e+00
6.516270770061568385e+01 -5.116326308089295338e+00 1.686241545272162190e+00
6.496221223273623480e+01 -5.104430457362789220e+00 1.684851488060473246e+00
6.476257638401072825e+01 -5.092772889828067306e+00 1.683486073482202805e+00
6.456382393961466448e+01 -5.081352018944768290e+00 1.682149034741617477e+00
6.436588858816966763e+01 -5.070161228468162307e+00 1.680833614626315864e+00
6.416887129405229473e+01 -5.059200089382585475e+00 1.679538936255990489e+00
6.397275008563629939e+01 -5.048473381354832590e+00 1.678264120214682853e+00
6.377748646088780049e+01 -5.037962294302667843e+00 1.677010404357307749e+00
6.358310340015408713e+01 -5.027684204347151464e+00 1.675780229859786141e+00
6.338962021862414531e+01 -5.017624302805113956e+00 1.674567258362515076e+00
6.319701554140824129e+01 -5.007767680935961252e+00 1.673370594308408954e+00
6.300533088855782893e+01 -4.998117997121383382e+00 1.672183065032045279e+00
6.281455142051637353e+01 -4.988667777498221767e+00 1.671003146679953977e+00
6.262465633720041325e+01 -4.979413883575710464e+00 1.669835655561386023e+00
6.243567965686256116e+01 -4.970342986050950707e+00 1.668669905134004816e+00
6.224761528539119837e+01 -4.961454864547113708e+00 1.667512490922877122e+00
6.206049228641989401e+01 -4.952743601625112291e+00 1.666356028120277832e+00
6.187431043793404939e+01 -4.944199757136687801e+00 1.665195631653227260e+00
6.168909387683108747e+01 -4.935813775321188146e+00 1.664030341565102766e+00
6.150484827650976882e+01 -4.927584216361623248e+00 1.662863295959771781e+00
6.132159286561844169e+01 -4.919499213903209878e+00 1.661688613128493364e+00
6.113930354101656661e+01 -4.911549988570666159e+00 1.660502768785704353e+00
6.095799442148570790e+01 -4.903733303796186327e+00 1.659308074401127042e+00
6.077771889612967016e+01 -4.896039244952185676e+00 1.658097452987664644e+00
6.059845881418102209e+01 -4.888455117534645566e+00 1.656864907722446656e+00
6.042022114567291169e+01 -4.880974312295290218e+00 1.655613519636855768e+00
6.024303223312497835e+01 -4.873593451541524679e+00 1.654337790916827755e+00
6.006687049278958312e+01 -4.866293979595185171e+00 1.653031812645536114e+00
5.989171470090499128e+01 -4.859083225779592397e+00 1.651705783739044309e+00
5.971758910483858074e+01 -4.851960163829600603e+00 1.650355682236955612e+00
5.954449544336549849e+01 -4.844922716723304212e+00 1.648977470651451727e+00
5.937236064734068464e+01 -4.837965159208390986e+00 1.647569692741996716e+00
5.920131809469454254e+01 -4.831092792735908859e+00 1.646145750861875534e+00
5.903126370072838824e+01 -4.824305030333419175e+00 1.644695593244550835e+00
5.886215755858810894e+01 -4.817601433158178459e+00 1.643221792220922461e+00
5.869407607130405324e+01 -4.810996380852688326e+00 1.641738640564591067e+00
5.852699298014152873e+01 -4.804472378445225011e+00 1.640224099422001647e+00
5.836093931521830314e+01 -4.798032564999007654e+00 1.638692890472162267e+00
5.819581268789220019e+01 -4.791671027513300096e+00 1.637135098546190104e+00
5.803162910869824032e+01 -4.785393886037650368e+00 1.635558327020716574e+00
5.786841436484031931e+01 -4.779190855045755804e+00 1.633959900327507375e+00
5.770613837544812696e+01 -4.773066364768233427e+00 1.632335617351042378e+00
5.754476082053047747e+01 -4.767017496539711630e+00 1.630691905726432411e+00
5.738434239741654608e+01 -4.761049053135599785e+00 1.629027673346218341e+00
5.722483172915534766e+01 -4.755154843405660081e+00 1.627338682457522889e+00
5.706621249235862336e+01 -4.749336903388928555e+00 1.625625194171121057e+00
5.690851047427430842e+01 -4.743591077436041914e+00 1.623889566797438677e+00
5.675171171296751282e+01 -4.737914212281689075e+00 1.622134148913958018e+00
5.659581268462406456e+01 -4.732312338675860985e+00 1.620353882006054569e+00
5.644080467934700351e+01 -4.726784297808690916e+00 1.618548148405456466e+00
5.628667858840924509e+01 -4.721322688957809710e+00 1.616719572127013338e+00
5.613343090567462212e+01 -4.715929498799235731e+00 1.614866740181240434e+00
5.598104689400007317e+01 -4.710606455856104269e+00 1.612989344676008407e+00
5.582952821265767085e+01 -4.705348104806587273e+00 1.611085419891179704e+00
5.567885446322433296e+01 -4.700155554774003264e+00 1.609155187628747319e+00
5.552903244329947796e+01 -4.695025457318186213e+00 1.607196131903072756e+00
5.538002070533785570e+01 -4.689957599785075537e+00 1.605210543242335808e+00
5.523179032345305473e+01 -4.684956906921530440e+00 1.603199442314253043e+00
5.508437570088523216e+01 -4.680010903122312271e+00 1.601159491796297685e+00
5.493783828093364718e+01 -4.675126692445108922e+00 1.599092247368552933e+00
5.479202192178107822e+01 -4.670289609103007500e+00 1.596993826354936363e+00
5.464701497351693860e+01 -4.665509031572430132e+00 1.594866320942349258e+00
5.450284558882400887e+01 -4.660781606504419194e+00 1.592706240153456854e+00
5.435947537721399669e+01 -4.656111781341362388e+00 1.590516960008888203e+00
5.421685442149698275e+01 -4.651488146917223787e+00 1.588298716165924995e+00
5.407507075996768009e+01 -4.646904459548999000e+00 1.586040715689766012e+00
5.393402617928657605e+01 -4.642352320872226379e+00 1.583757042745868926e+00
5.379367164677726976e+01 -4.637829640382488350e+00 1.581433242574358689e+00
5.365413596964748422e+01 -4.633331960069247302e+00 1.579080338390500549e+00
5.351530222422368865e+01 -4.628854707009873337e+00 1.576686575357133080e+00
5.337715057198095536e+01 -4.624392161033141768e+00 1.574260270324018496e+00
5.323970425572349541e+01 -4.619938564051969898e+00 1.571792367340888008e+00
5.310298652110682838e+01 -4.615488074755091930e+00 1.569288475605611355e+00
5.296693323308554113e+01 -4.611033276554736382e+00 1.566746606598219405e+00
5.283151734298400726e+01 -4.606566625980742735e+00 1.564163978246640996e+00
5.269676221323659604e+01 -4.602080038303848042e+00 1.561542839835048158e+00
5.256265568979785030e+01 -4.597565300002218969e+00 1.558878317631659849e+00
5.242919021090913390e+01 -4.593015789862080922e+00 1.556172737593311206e+00
5.229634000946465733e+01 -4.588432233609572641e+00 1.553427304526642017e+00
5.216406462855063353e+01 -4.583817168413546916e+00 1.550639129801326233e+00
5.203242591977946319e+01 -4.579171336991676000e+00 1.547812273089383739e+00
5.190143898062281380e+01 -4.574495073978120274e+00 1.544941127457404972e+00
5.177102019247654141e+01 -4.569790076826116376e+00 1.542034376078761149e+00
5.164125665563734913e+01 -4.565056222901079153e+00 1.539083639614099663e+00
5.151214426292528969e+01 -4.560292938074055336e+00 1.536089669342145081e+00
5.138356756412764526e+01 -4.555500359357407270e+00 1.533063234509017825e+00
5.125562240442344120e+01 -4.550677871728952439e+00 1.529991063217047698e+00
5.112832966721340000e+01 -4.545824617745294560e+00 1.526882329945040473e+00
5.100154531189657803e+01 -4.540939005279269303e+00 1.523739533213023023e+00
5.087543881090410736e+01 -4.536019926891585285e+00 1.520552645088682153e+00
5.074994848074515374e+01 -4.531081444976774897e+00 1.517324542620566152e+00
5.062502064872613516e+01 -4.526108561746851500e+00 1.514058492431654468e+00
5.050068862475533393e+01 -4.521095987972925556e+00 1.510750948918760717e+00
5.037686446169218613e+01 -4.516042278420641765e+00 1.507404743393151891e+00
5.025370083921890085e+01 -4.510944158547502525e+00 1.504022916042270452e+00
5.013107786941664301e+01 -4.505797046492266311e+00 1.500602638769396480e+00
5.000900505818272990e+01 -4.500597920206032221e+00 1.497140301532098094e+00
4.988752318911369343e+01 -4.495342008736805894e+00 1.493642900538617369e+00
4.976657241495939843e+01 -4.490026630310651967e+00 1.490109945226194998e+00
4.964620466352175754e+01 -4.484647622375236509e+00 1.486537775762934332e+00
4.952639240578048430e+01 -4.479201390226837276e+00 1.482931716964001723e+00
4.940717165472472772e+01 -4.473685138671610773e+00 1.479288620519268793e+00
4.928849176434107449e+01 -4.468095467058432746e+00 1.475610040415319180e+00
4.917030658018149580e+01 -4.462429019314718914e+00 1.471898108303332009e+00
4.905265786200569522e+01 -4.456682958126048533e+00 1.468152504535827463e+00
4.893552444494666531e+01 -4.450855004031904372e+00 1.464372943959444173e+00
4.881890219354611560e+01 -4.444942906504594227e+00 1.460558537938717372e+00
4.870279480155132745e+01 -4.438943937831249187e+00 1.456712123332339015e+00
4.858713911634110616e+01 -4.432856118848473415e+00 1.452831848162247308e+00
4.847200175636798747e+01 -4.426677374301744017e+00 1.448915562025555381e+00
4.835734030641692982e+01 -4.420404092176202226e+00 1.444972111549615024e+00
4.824309460818339090e+01 -4.414035214533471141e+00 1.440994108918007610e+00
4.812929361961491281e+01 -4.407569094246186481e+00 1.436985594906877495e+00
4.801592242161005686e+01 -4.401003066367954908e+00 1.432953002773071249e+00
4.790301507394160296e+01 -4.394336444085581661e+00 1.428887299910108544e+00
4.779054197828104122e+01 -4.387568732202479893e+00 1.424791250216993044e+00
4.767841513312185242e+01 -4.380698453797621461e+00 1.420667613184551037e+00
4.756669685630150468e+01 -4.373728097068170229e+00 1.416518200879967049e+00
4.745537925137793422e+01 -4.366663558251617339e+00 1.412337889062692975e+00
4.734446547682131978e+01 -4.359499070610756810e+00 1.408131365387133460e+00
4.723386488561367713e+01 -4.352222403156415176e+00 1.403901382904275685e+00
4.712354717827980011e+01 -4.344846298341178858e+00 1.399644443022274309e+00
4.701354522409516790e+01 -4.337367164891951177e+00 1.395362667088870134e+00
4.690378368645938423e+01 -4.329785347207905311e+00 1.391053102428837729e+00
4.679427764197757256e+01 -4.322096753577470807e+00 1.386728220876673356e+00
4.668501363948855953e+01 -4.314306531069536987e+00 1.382383339604956074e+00
4.657601245681266278e+01 -4.306412956569154460e+00 1.378017800754024691e+00
4.646717807706396286e+01 -4.298411747318203524e+00 1.373634107661369619e+00
4.635855019364586127e+01 -4.290315133457125008e+00 1.369229299317778592e+00
4.625010013474226156e+01 -4.282122471592042956e+00 1.364806068983482890e+00
4.614188884492903497e+01 -4.273839496518762715e+00 1.360368352228815025e+00
4.603393934350537364e+01 -4.265475160569199176e+00 1.355910196380687660e+00
4.592618657305273899e+01 -4.257029061883201848e+00 1.351432640877869629e+00
4.581863196224465895e+01 -4.248506634784100733e+00 1.346938049075237398e+00
4.571130407408129770e+01 -4.239914839672579205e+00 1.342419838916713903e+00
4.560424533298593985e+01 -4.231257576192724912e+00 1.337879194819833639e+00
4.549743447547359665e+01 -4.222540178028638458e+00 1.333319508993239033e+00
4.539082513453244871e+01 -4.213760212126831384e+00 1.328742817633889794e+00
4.528443424511756632e+01 -4.204925680698520019e+00 1.324140413373928293e+00
4.517830044380564658e+01 -4.196037103238179355e+00 1.319514904245721931e+00
4.507237999432680198e+01 -4.187101750294156766e+00 1.314873019088705464e+00
4.496672213569978283e+01 -4.178112559181347940e+00 1.310214300137108268e+00
4.486126639965977603e+01 -4.169078815571304553e+00 1.305528485341814315e+00
4.475601575535324628e+01 -4.160003060957714105e+00 1.300823134929702141e+00
4.465103555627477050e+01 -4.150881157469184402e+00 1.296099503336115122e+00
4.454631108157203556e+01 -4.141718419443026100e+00 1.291355101758964619e+00
4.444179672659645775e+01 -4.132513193724158818e+00 1.286587439533593447e+00
4.433748425164945672e+01 -4.123259504674073206e+00 1.281805048210541642e+00
4.423337381781283284e+01 -4.113964318854510971e+00 1.277003045299089257e+00
4.412946571932577911e+01 -4.104622453129077364e+00 1.272182193281706120e+00
4.402570198204805507e+01 -4.095233177986253637e+00 1.267343758572433643e+00
4.392218423660296622e+01 -4.085796174209389342e+00 1.262483433538117650e+00
4.381883358750923207e+01 -4.076305474569022813e+00 1.257611768902945348e+00
4.371561938293126559e+01 -4.066763535653336703e+00 1.252723130594437073e+00
4.361259054161075710e+01 -4.057161401026547765e+00 1.247819821350928837e+00
4.350968006361712526e+01 -4.047502238311039946e+00 1.242905214707808126e+00
4.340692626811927113e+01 -4.037780593380252192e+00 1.237980550988012629e+00
4.330434509993302328e+01 -4.027993066382753895e+00 1.233047062630246549e+00
4.320190959109779527e+01 -4.018140400300701742e+00 1.228102292976512633e+00
4.309958833966431513e+01 -4.008213439177089832e+00 1.223147658704401897e+00
4.299738096138042209e+01 -3.998209066617045782e+00 1.218187841301855867e+00
4.289529953421069308e+01 -3.988126533208835589e+00 1.213221164094261839e+00
4.279330746028547594e+01 -3.977960467250568843e+00 1.208249988325591939e+00
4.269140861132748199e+01 -3.967712267873900966e+00 1.203279402714238833e+00
4.258960713592772152e+01 -3.957370350129340242e+00 1.198301446357192601e+00
4.248790744702380096e+01 -3.946934128416221377e+00 1.193320840131945060e+00
4.238628384662627724e+01 -3.936404943273616563e+00 1.188345878615496565e+00
4.228465878591054405e+01 -3.925776603545617416e+00 1.183368188855010494e+00
4.218314039454218545e+01 -3.915050935114712249e+00 1.178393539814590607e+00
4.208166778664097762e+01 -3.904215918316259248e+00 1.173418529347789230e+00
4.198018897344300626e+01 -3.893282145342352951e+00 1.168456163939403103e+00
4.187877238101410882e+01 -3.882241980049581986e+00 1.163500896668748785e+00
4.177737619536859626e+01 -3.871086262655456967e+00 1.158545198399116405e+00
4.167601809954922487e+01 -3.859827357556188776e+00 1.153603097359425123e+00
4.157460440441118266e+01 -3.848454121932167737e+00 1.148671514498455615e+00
4.147327014202367224e+01 -3.836979887848328552e+00 1.143751378208892167e+00
4.137184125287586767e+01 -3.825393865573225582e+00 1.138843713470664598e+00
