# cl_TT                  cl_TE                    cl_EE
1.761346447822828850e+03 3.009847726375109112e+00 7.593475542924859288e-03
1.540710777573379119e+03 4.062560631403181688e+00 1.949782305590085432e-02
1.415272108233118388e+03 4.804628021127974158e+00 3.567337307500432347e-02
1.328639294954957222e+03 5.279527337450506508e+00 5.405639927025823743e-02
1.262766867198773298e+03 5.534687847298818575e+00 7.234110367317181378e-02
1.209820758418635251e+03 5.619037297430725886e+00 8.842342397848777791e-02
1.166047953446911606e+03 5.577320729269881205e+00 1.007032975271630187e-01
1.129449698427542899e+03 5.446382965650954588e+00 1.082453087762502014e-01
1.097921967513282425e+03 5.261104781490377746e+00 1.107680623955584476e-01
1.070757657093616217e+03 5.048281911993092841e+00 1.085583759586361274e-01
1.047891688792186869e+03 4.820608169312293967e+00 1.023900311619274084e-01
1.028117405038034804e+03 4.587762961764718206e+00 9.336763874484575731e-02
1.010293096569414388e+03 4.364094130316658493e+00 8.269940051644460166e-02
9.945135888073401702e+02 4.161976975846386928e+00 7.151521381288343526e-02
9.811413844523995067e+02 3.985688863796444270e+00 6.077454347654303451e-02
9.699412653850378092e+02 3.834408155078608438e+00 5.122285715334902456e-02
9.590611246526747209e+02 3.701563537341101995e+00 4.334522798502189050e-02
9.515242095114226686e+02 3.600400335735685520e+00 3.745839513069226107e-02
9.444957591814081752e+02 3.519635318811625169e+00 3.355456025739564363e-02
9.372887183705199732e+02 3.458301564143715368e+00 3.148184576056248241e-02
9.310844657113362928e+02 3.419289681488220545e+00 3.099913241806766598e-02
9.256282130841486833e+02 3.400872195835434209e+00 3.173473050917401117e-02
9.208162071072765684e+02 3.399762107534089139e+00 3.335037490446163960e-02
9.160595831699192786e+02 3.419165849620807940e+00 3.555052666345630968e-02
9.119793337591383988e+02 3.452063300914537169e+00 3.804429041039156245e-02
9.079754657598758740e+02 3.499500482285514913e+00 4.062217572958916334e-02
9.045076204504928228e+02 3.556617068713106899e+00 4.319835949990726703e-02
9.009058166746897314e+02 3.625463298061913697e+00 4.576257502300674213e-02
8.975591879489827534e+02 3.699211185622891307e+00 4.833220925304139437e-02
8.945129210119526988e+02 3.778521446034970754e+00 5.098306445486412708e-02
8.915404377685878217e+02 3.860259294069116276e+00 5.385231679681293238e-02
8.885735856068689600e+02 3.940579346454218701e+00 5.705125555080443195e-02
8.857224689678582763e+02 4.018978507460707839e+00 6.069391900927493394e-02
8.829259167550471830e+02 4.094859024295809391e+00 6.484321712009992467e-02
8.801595110117405056e+02 4.163980548710398466e+00 6.957812461175846841e-02
8.774824750929362835e+02 4.224538611482697270e+00 7.494115842928768256e-02
8.748664349468094770e+02 4.275240479950223715e+00 8.095101195471783584e-02
8.722219947757903356e+02 4.316588271818460498e+00 8.751649017769037864e-02
8.695910339467034191e+02 4.346742664203556927e+00 9.460049291492145240e-02
8.670785234323161603e+02 4.363746474703145140e+00 1.021900329465924712e-01
8.646196593760379301e+02 4.367004184922213206e+00 1.102771884440631178e-01
8.620751811026796076e+02 4.359918665507183988e+00 1.187501331024646556e-01
8.594129579416229490e+02 4.342035590805787493e+00 1.275540568069926384e-01
8.567546293881521251e+02 4.311502839916500740e+00 1.366512900283186061e-01
8.543370272738563926e+02 4.264729302677390699e+00 1.460854644034497718e-01
8.520095779535242855e+02 4.204834506474418809e+00 1.558083029480401560e-01
8.496734994241007826e+02 4.132877906805399348e+00 1.658269732062959412e-01
8.473287737355866511e+02 4.049895092498283056e+00 1.761516271865163630e-01
8.450265699201157759e+02 3.953505645803793822e+00 1.868621999489054331e-01
8.427396136392222843e+02 3.846694036790242688e+00 1.979241494789314715e-01
8.404862351973255272e+02 3.729339776565945286e+00 2.093676411270895266e-01
8.383085863718847577e+02 3.601325579912160624e+00 2.212136725069013266e-01
8.362338782087396112e+02 3.460452520368273444e+00 2.335193576108557656e-01
8.341706166002497866e+02 3.310805117320229307e+00 2.462131111689162266e-01
8.320671780529255557e+02 3.153269106783773257e+00 2.592893881828805536e-01
8.299082345479968126e+02 2.988098263461264281e+00 2.727430830106946091e-01
8.279375092052799801e+02 2.810915238775336000e+00 2.866096452260794569e-01
8.261983867646339377e+02 2.623561792399009107e+00 3.008187062815524393e-01
8.246570670455207619e+02 2.427015630220503706e+00 3.153355733723265941e-01
8.232237596317903581e+02 2.222405857410099994e+00 3.301298802717222425e-01
8.216972532242650686e+02 2.009564781299631786e+00 3.452185940638189954e-01
8.201045942502405524e+02 1.789773965897923924e+00 3.605558147992954932e-01
8.185514518850404784e+02 1.562371563849111356e+00 3.761226434922891326e-01
8.171257432360761186e+02 1.326432839175011313e+00 3.919069499832641412e-01
8.159491877586887085e+02 1.079861518620035543e+00 4.079190832737180084e-01
8.149292519081707269e+02 8.242227675028078737e-01 4.241312863630957164e-01
8.140239137615659502e+02 5.603095823209698345e-01 4.405280990932461949e-01
8.132127918490363072e+02 2.882769845416485177e-01 4.571023187870525972e-01
8.125044575958072528e+02 7.061201407888883716e-03 4.738552399914843227e-01
8.118736051149263631e+02 -2.826140369796361074e-01 4.907718190551032533e-01
8.113456649317203073e+02 -5.805380539109449289e-01 5.078392706765203490e-01
8.109529644913774291e+02 -8.869109550951652654e-01 5.250449353593062973e-01
8.107274434586792040e+02 -1.202469382112708152e+00 5.423622453500468454e-01
8.106597798441416671e+02 -1.526573423112246530e+00 5.597615277585211713e-01
8.107177644447225475e+02 -1.858684277327894208e+00 5.772196721887438153e-01
8.108972093897796185e+02 -2.198492709426834057e+00 5.947127886287414400e-01
8.112299328656398529e+02 -2.546123931813629504e+00 6.122133895164653117e-01
8.117226837945264606e+02 -2.901128023187632188e+00 6.297048959900639620e-01
8.123445511295732331e+02 -3.262840717794243339e+00 6.471872369067962483e-01
8.131119598982294292e+02 -3.630938950679376553e+00 6.646498414702988189e-01
8.140545117979544330e+02 -4.005359741459309397e+00 6.820491038709143305e-01
8.151671235146445724e+02 -4.385360008550693856e+00 6.993713781342988378e-01
8.164287109790537897e+02 -4.770688215055282733e+00 7.166082347946656217e-01
8.178380526046900059e+02 -5.160865410654367658e+00 7.337487038037533438e-01
8.194094924511067575e+02 -5.555322129489285388e+00 7.507600279863463344e-01
8.211433323497474248e+02 -5.953319156713625659e+00 7.676016906471578860e-01
8.230243329074393159e+02 -6.354776940088221693e+00 7.842937922000110529e-01
8.250445487058676690e+02 -6.759476207276888360e+00 8.008182666184423537e-01
8.272215376645835931e+02 -7.166464897074299678e+00 8.171466528437568710e-01
8.295678077348352417e+02 -7.574830713620512412e+00 8.332210866799593108e-01
8.320570455328755770e+02 -7.984991902938181063e+00 8.490814188474824498e-01
8.346940597056402567e+02 -8.396662393356152165e+00 8.647238841323970915e-01
8.374886538738289801e+02 -8.808989862813289662e+00 8.801021814937557419e-01
8.404434534997405990e+02 -9.220322868055625065e+00 8.951631302117629696e-01
8.435437487339704603e+02 -9.631901056868654720e+00 9.099616582785501340e-01
8.467887139804969365e+02 -1.004331555131732401e+01 9.244851789465456937e-01
8.501742823849587012e+02 -1.045390266972915683e+01 9.386971645569456291e-01
8.537181547629905936e+02 -1.086131155794036474e+01 9.525062727669927343e-01
8.574022272653947994e+02 -1.126741925668602562e+01 9.659745115874492916e-01
8.612262842716493196e+02 -1.167204623841169564e+01 9.790859385193088071e-01
8.651898315850374956e+02 -1.207459174969140747e+01 9.918163025796891130e-01
8.692966485857380121e+02 -1.247190363722343598e+01 1.004047793756786877e+00
8.735448493364666547e+02 -1.286668974270790677e+01 1.015868851657202532e+00
8.779227143401375315e+02 -1.325868298897222708e+01 1.027260512564283745e+00
8.824408189662993891e+02 -1.364766935302171014e+01 1.038217828221770000e+00
8.870854847227246864e+02 -1.402939100945702222e+01 1.048602396267860781e+00
8.918616671344354927e+02 -1.440747842421000691e+01 1.058533441454455826e+00
8.967686023925037944e+02 -1.478179483896878565e+01 1.067989802656857057e+00
9.018057746074318857e+02 -1.515205155027335415e+01 1.076965411298313580e+00
9.069553770643580037e+02 -1.551387416460406499e+01 1.085347973714140712e+00
9.122252005743112022e+02 -1.587095805808337801e+01 1.093228609176008170e+00
9.176219931063160402e+02 -1.622350629169458358e+01 1.100619768526170272e+00
9.231364162115702356e+02 -1.657108455296247840e+01 1.107501543966103785e+00
9.287565150903592439e+02 -1.690893351993761939e+01 1.113754672408942437e+00
9.344843029355544104e+02 -1.724002571070775147e+01 1.119452238254892151e+00
9.403174819785747331e+02 -1.756471735261064637e+01 1.124595239357607745e+00
9.462407533853787527e+02 -1.788256499033427005e+01 1.129182852180581786e+00
9.522137503845960964e+02 -1.818876871996538469e+01 1.133112060052264614e+00
9.582434449351210333e+02 -1.848582952039538441e+01 1.136439156151953123e+00
9.643232721809037002e+02 -1.877463186048908739e+01 1.139183352043983133e+00
9.704572934876273393e+02 -1.905495491310425749e+01 1.141337958371855255e+00
9.766094095772011769e+02 -1.932234519476519807e+01 1.142835075338486384e+00
9.828086245222746129e+02 -1.957903601010801609e+01 1.143720518074073489e+00
9.890836464213211912e+02 -1.982664942080602088e+01 1.144020859970445558e+00
9.954356638738211132e+02 -2.006508847952753172e+01 1.143734993114055687e+00
1.001837013481658687e+03 -2.029025939099985365e+01 1.142823274803443701e+00
1.008296713851856111e+03 -2.050355383093835115e+01 1.141306177602034566e+00
1.014828995719834097e+03 -2.070724405360322962e+01 1.139228683748989779e+00
1.021420220569610024e+03 -2.090096951705103479e+01 1.136584472419244429e+00
1.028026033864370675e+03 -2.108056514568841777e+01 1.133344871340834947e+00
1.034631143413896552e+03 -2.124625752049383465e+01 1.129500259150789221e+00
1.041270681467221493e+03 -2.140056702900070107e+01 1.125085430724532154e+00
1.047936494553779312e+03 -2.154319032603657647e+01 1.120104441165145071e+00
1.054585991543033060e+03 -2.167085734662839869e+01 1.114542605463706648e+00
1.061209077584003353e+03 -2.178281768188257672e+01 1.108406699019381270e+00
1.067845161548133774e+03 -2.188240457826827168e+01 1.101721120186725189e+00
1.074498594653711962e+03 -2.196944305335730618e+01 1.094496476806107621e+00
1.081122465425303062e+03 -2.204108777890350268e+01 1.086731809922041769e+00
1.087687680112571570e+03 -2.209576431294899024e+01 1.078441013473700361e+00
1.094255570039092390e+03 -2.213763272131052062e+01 1.069651918242055411e+00
1.100817719904377554e+03 -2.216651711140168146e+01 1.060374159569069663e+00
1.107330690311960325e+03 -2.218026706104666346e+01 1.050627802387559040e+00
1.113757123784115947e+03 -2.217633614199780112e+01 1.040436251689329961e+00
1.120164875589893882e+03 -2.215951208498487901e+01 1.029815040312794583e+00
1.126551439026625758e+03 -2.212988401310860098e+01 1.018781011251767676e+00
1.132892077892680391e+03 -2.208599136974532939e+01 1.007356959602967006e+00
1.139113157499628642e+03 -2.202459972399405075e+01 9.956080969490883614e-01
1.145304712885682420e+03 -2.195069866426728211e+01 9.835160643099998268e-01
1.151460967676243627e+03 -2.186420077790055316e+01 9.710793936882602395e-01
1.157561364111670173e+03 -2.176387002924611380e+01 9.583276566805803975e-01
1.163504449778384469e+03 -2.164521028782771950e+01 9.453461786253063437e-01
1.169397946045273102e+03 -2.151354876760237644e+01 9.320683023416426183e-01
1.175230827401275064e+03 -2.136865465614324222e+01 9.185026975744730038e-01
1.180981391733992268e+03 -2.120980603656456154e+01 9.046710255512141474e-01
1.186548468269196974e+03 -2.103216961682017327e+01 8.907107191633558685e-01
1.192045058650282726e+03 -2.084129915663929822e+01 8.765146436354077641e-01
1.197478803082222839e+03 -2.063728188095652882e+01 8.620966535446580314e-01
1.202856366352038549e+03 -2.042009504702908629e+01 8.474718127148860303e-01
1.208021106362357159e+03 -2.018429206612960058e+01 8.328427543478046369e-01
1.213127553562697130e+03 -1.993571889082508974e+01 8.180495176250738298e-01
1.218163050065037169e+03 -1.967446178291950076e+01 8.031069651689858313e-01
1.223107754734482796e+03 -1.940061260053481007e+01 7.880291704420130383e-01
1.227823074220629906e+03 -1.910968750814213379e+01 7.730513941000280997e-01
1.232411595746499188e+03 -1.880639126527356453e+01 7.580010576324359706e-01
1.236888172387255054e+03 -1.849115649021131347e+01 7.428763362787901281e-01
1.241241843297775858e+03 -1.816428030371594815e+01 7.276921762855028675e-01
1.245380126557339963e+03 -1.782238615793622216e+01 7.127026308043317160e-01
1.249407938980314611e+03 -1.746915112712449059e+01 6.977456814097511284e-01
1.253361489918651841e+03 -1.710525136801146573e+01 6.828204240223266774e-01
1.257246124917610359e+03 -1.673062633152890655e+01 6.679716413380222262e-01
1.260949661718025709e+03 -1.634232411625322712e+01 6.534987229359894290e-01
1.264543119638130747e+03 -1.594264615846206823e+01 6.392761763211767256e-01
1.268037398742940923e+03 -1.553247513397537993e+01 6.252821386534428427e-01
1.271426106214600395e+03 -1.511175013086334040e+01 6.115494455616932168e-01
1.274585746385557968e+03 -1.467842440854482433e+01 5.983871986022181177e-01
1.277562053384396449e+03 -1.423393596474776679e+01 5.856974226357837265e-01
1.280392708130482561e+03 -1.377928925675043459e+01 5.734138901157809221e-01
1.283065759183238470e+03 -1.331456600041362925e+01 5.615748883588108642e-01
1.285492336353705923e+03 -1.283845016617622470e+01 5.504716889090141008e-01
1.287703304664649522e+03 -1.235197577523442192e+01 5.400462965486247935e-01
1.289746623965068466e+03 -1.185605844380905260e+01 5.301958282535916833e-01
1.291622202885036131e+03 -1.135089138591139069e+01 5.209462947205417693e-01
1.293248449181628985e+03 -1.083584790685613974e+01 5.125791575371185793e-01
1.294628404690099842e+03 -1.031146797401949655e+01 5.050936577716622633e-01
1.295837179870276032e+03 -9.778666016727626698e+00 4.983104441004128082e-01
1.296868360740536673e+03 -9.237635687353881409e+00 4.922684566257984895e-01
1.297641633276819903e+03 -8.688386468778965366e+00 4.872178190675000020e-01
1.298156511913218537e+03 -8.131236075750011949e+00 4.832281024739771835e-01
1.298483527077000645e+03 -7.566883013629163379e+00 4.800669897944284115e-01
1.298629685934752160e+03 -6.995520742524336200e+00 4.777471734786234991e-01
1.298534717584501777e+03 -6.417522775480867914e+00 4.764852147094218449e-01
1.298163938716530765e+03 -5.833611884079371812e+00 4.764319356395905758e-01
1.297608171790101778e+03 -5.243753242681352233e+00 4.772896885559687052e-01
1.296874446569700467e+03 -4.648336452952129605e+00 4.790711897970876820e-01
1.295912582682450648e+03 -4.047865471379871849e+00 4.819560636652893693e-01
1.294687316882931555e+03 -3.443323377232992755e+00 4.861562537222862690e-01
1.293293891923433193e+03 -2.834130151441892398e+00 4.913092259652686034e-01
1.291737178673627568e+03 -2.220600224546126267e+00 4.974351451042071104e-01
1.289986585744023614e+03 -1.603403776332243069e+00 5.046564743592485414e-01
1.287981237794423805e+03 -9.842373923139817737e-01 5.132748687233426033e-01
1.285812543207644012e+03 -3.619789368664766416e-01 5.228525758766739973e-01
1.283481078543676631e+03 2.631298371304083283e-01 5.333911839520532050e-01
1.280974533143576764e+03 8.901176362911302764e-01 5.449768511189857501e-01
1.278189814346188541e+03 1.516401269159137977e+00 5.579652604860465548e-01
1.275249146187397400e+03 2.144220555828069585e+00 5.718895553770706464e-01
1.272164758078859222e+03 2.773236336578736250e+00 5.867245426739065017e-01
1.268938559317435647e+03 3.403838749590991863e+00 6.025085545050719027e-01
1.265499005748358286e+03 4.031103454636201455e+00 6.196952100074102354e-01
1.261952228675232391e+03 4.659162258435546100e+00 6.378224573949390352e-01
1.258308713062942616e+03 5.287135058937236565e+00 6.569533118837520558e-01
1.254563426777444874e+03 5.914065612422620077e+00 6.771484090163664149e-01
1.250601133145195718e+03 6.535706720162552941e+00 6.989887263741952905e-01
1.246526137676821691e+03 7.154191454974379916e+00 7.219700714310343104e-01
1.242336296888578318e+03 7.769902552058089107e+00 7.461351488270016041e-01
1.238014640733179931e+03 8.381783304855780159e+00 7.715340769848199054e-01
1.233466673601713637e+03 8.984585737777390335e+00 7.986982327184024566e-01
1.228787062239266561e+03 9.581348665894116934e+00 8.272034960790918268e-01
1.223979296600243742e+03 1.017270480663135679e+01 8.570347565946345725e-01
1.219042145600595404e+03 1.075880202646645145e+01 8.882264027520302418e-01
1.213904087364778889e+03 1.133245519877733187e+01 9.212436554664630295e-01
1.208641765072206908e+03 1.189855806238159452e+01 9.557452295919310892e-01
1.203255748680059924e+03 1.245657676816924919e+01 9.916810903976880365e-01
1.197748962983484944e+03 1.300720535866923200e+01 1.029061581966612016e+00
1.192074845123008572e+03 1.354412231607490114e+01 1.068268875047241551e+00
1.186266971022432244e+03 1.407110195161252797e+01 1.109048027800202840e+00
1.180349834822953426e+03 1.458900495650358664e+01 1.151292845811066501e+00
1.174318447163072506e+03 1.509712137411063715e+01 1.195020905870628036e+00
1.168132269825522826e+03 1.559023844641513712e+01 1.240544724187748749e+00
1.161822432999996636e+03 1.607172078964772055e+01 1.287673518315091359e+00
1.155413740686124584e+03 1.654264591145968666e+01 1.336266443348405275e+00
1.148895919758178479e+03 1.700371370747012278e+01 1.386327815396539265e+00
1.142254627590901464e+03 1.744867144046020613e+01 1.438100541104177177e+00
1.135501715260299306e+03 1.788014871534462813e+01 1.491451246497846661e+00
1.128646784959791603e+03 1.830105498878042525e+01 1.546194269309350222e+00
1.121698595566216909e+03 1.871065036123025038e+01 1.602389789943817755e+00
1.114631050257949028e+03 1.910466675776211787e+01 1.660077928462045271e+00
1.107450807695088542e+03 1.948321274272963421e+01 1.719281559928549585e+00
1.100171207014627953e+03 1.984954929539975055e+01 1.779751109103774098e+00
1.092800957463209670e+03 2.020490118624594444e+01 1.841485408252785838e+00
1.085326448517060044e+03 2.054472181398692499e+01 1.904556636876356013e+00
1.077757876409054234e+03 2.086880385705330809e+01 1.969037520338275726e+00
1.070111982478412756e+03 2.118254037108887999e+01 2.034640676050006647e+00
1.062390932440792085e+03 2.148651365198517738e+01 2.101432183802347087e+00
1.054600576572506498e+03 2.177681859935512421e+01 2.169433214953516487e+00
1.046735800187138921e+03 2.205179755527182550e+01 2.238673261004625381e+00
1.038813901131780540e+03 2.231765317835606055e+01 2.308913272891041313e+00
1.030830704929634067e+03 2.257496789207917232e+01 2.380155234255405095e+00
1.022777780534347812e+03 2.282104590638177299e+01 2.452305999102928347e+00
1.014682551457253453e+03 2.305046391486529700e+01 2.525499254376713854e+00
1.006535824793803386e+03 2.327023286354269160e+01 2.599572067288880017e+00
9.983522331008792889e+02 2.347903380741823298e+01 2.674500960525055593e+00
9.901296848410064513e+02 2.367394227013314634e+01 2.750221856965950007e+00
9.818979028623800787e+02 2.384965566029581296e+01 2.826866970931414258e+00
9.736508426899295046e+02 2.401319689186183126e+01 2.904228179260996967e+00
9.653905056615856211e+02 2.416323262412030815e+01 2.982344102784337370e+00
9.571183533065834581e+02 2.429836803318084648e+01 3.061254822001448161e+00
9.488829030992839080e+02 2.441186355691102960e+01 3.140821482063988146e+00
9.406472244674156400e+02 2.451034348151883790e+01 3.221013011612671395e+00
9.324220699898351086e+02 2.459446205148987374e+01 3.301798403639054857e+00
9.242166028207560657e+02 2.466255172570248178e+01 3.383212962355798936e+00
9.160677534871337002e+02 2.470686819803504264e+01 3.465130952106767026e+00
9.079472903581288392e+02 2.473472010753681971e+01 3.547513735719979078e+00
8.998560994177089469e+02 2.474732347691898227e+01 3.630386843428369037e+00
8.918031179874531063e+02 2.474353865925402118e+01 3.713697264545899657e+00
8.838388905129803561e+02 2.471420788885276210e+01 3.797256611152159955e+00
8.759176193336923006e+02 2.466843326722423413e+01 3.881195830948282133e+00
8.680382534226110920e+02 2.460651021846178566e+01 3.965465257517421183e+00
8.602145525777865487e+02 2.452797349062732124e+01 4.050017254994643601e+00
8.525033245304480261e+02 2.442489702631507598e+01 4.134585639432470039e+00
8.448499773687678953e+02 2.430560984845887873e+01 4.219393638604245211e+00
8.372565493717220306e+02 2.417034698334825649e+01 4.304430098300130680e+00
8.297296155558348119e+02 2.401961436598885768e+01 4.389736601339212285e+00
8.223251280397587379e+02 2.384589376251607362e+01 4.474798363969107129e+00
8.149917467807656521e+02 2.365496252641007757e+01 4.559905086414418385e+00
8.077147530692740247e+02 2.344833563915643282e+01 4.645031720758337812e+00
8.004891188129461170e+02 2.322548886251935940e+01 4.730160081601325395e+00
7.933783125725992704e+02 2.298034895027415558e+01 4.814827967606182035e+00
7.863306421928554073e+02 2.271754378452963508e+01 4.899269568189650315e+00
7.793344654154188902e+02 2.243962585722960412e+01 4.983558376194386241e+00
7.723897241280627668e+02 2.214706514659381398e+01 5.067776077726720452e+00
7.655659560396143206e+02 2.183592162924886537e+01 5.151540534740048471e+00
7.588290845186561455e+02 2.150976016843793204e+01 5.235045881520886901e+00
7.521455800544880503e+02 2.117140753402225783e+01 5.318473570613948098e+00
7.455230132272389483e+02 2.082138773270996168e+01 5.401788247219871941e+00
7.390100045672038505e+02 2.045582059330945413e+01 5.484602829168676585e+00
7.325806650856874285e+02 2.007713647468480289e+01 5.567046416739595216e+00
7.261957533393983795e+02 1.968773853241270544e+01 5.649272632202112732e+00
7.198455002715987803e+02 1.928820798902091127e+01 5.731240472937979114e+00
7.135930189251903357e+02 1.887433673523812061e+01 5.812487973379814044e+00
7.074381499551653860e+02 1.844784946153239602e+01 5.892941069941270982e+00
7.013448619778589546e+02 1.801109697275219190e+01 5.972845234442473838e+00
6.953214880417258428e+02 1.756415425191497803e+01 6.052144675606307977e+00
6.894254342869709262e+02 1.710522805412855973e+01 6.130347826640937470e+00
6.836712509122099846e+02 1.663442403714283202e+01 6.207341818280901258e+00
6.780061070735797557e+02 1.615428195974550007e+01 6.283470080015795212e+00
6.724444397382302441e+02 1.566481082438918904e+01 6.358619773478657144e+00
6.670246635726911109e+02 1.516490150677524440e+01 6.432507270580075875e+00
6.617825331816879952e+02 1.465419532458413521e+01 6.504701994115819730e+00
6.566519990786998733e+02 1.413495573471754696e+01 6.575823042071606395e+00
6.516353591323169212e+02 1.360719598065441005e+01 6.645750718356030262e+00
6.467731833042131484e+02 1.307030000672075865e+01 6.714078974756291451e+00
6.421151888124865081e+02 1.252370405651672236e+01 6.780442388744012838e+00
6.375800337042130650e+02 1.196921428012046462e+01 6.845327812550891622e+00
6.331832015740915267e+02 1.140696678069618741e+01 6.908676174758262789e+00
6.289457400551605133e+02 1.083660754234855794e+01 6.970256772905790932e+00
6.249328533885642400e+02 1.025779900390616994e+01 7.029352404994476444e+00
6.210596077351309532e+02 9.671989081144760192e+00 7.086857428907507916e+00
6.173208284955018144e+02 9.079382717709513884e+00 7.142641614674444916e+00
6.137446527460973584e+02 8.480212570800153671e+00 7.196630220595568339e+00
6.104059497162983234e+02 7.874643474280042632e+00 7.248149159861972279e+00
6.072000385416931749e+02 7.263427670414214887e+00 7.298046898217746659e+00
6.041358665354670165e+02 6.646756961579376899e+00 7.346261680824097695e+00
6.012248273084211405e+02 6.024880273754121163e+00 7.392713927364759741e+00
5.985404466360257629e+02 5.398709202400269191e+00 7.436533016326682954e+00
5.959956807070392415e+02 4.767907071899337268e+00 7.478659504570797090e+00
5.935778416517860023e+02 4.132646962459017637e+00 7.518973919511606319e+00
5.912902024547678366e+02 3.493112111162030242e+00 7.557566583527947301e+00
5.892281822998807002e+02 2.851172938535385892e+00 7.593377726134989736e+00
5.872949596111366191e+02 2.205537449788399051e+00 7.627424778562340357e+00
5.854849854401073799e+02 1.556326839986794219e+00 7.659752962733316295e+00
5.838001179123051543e+02 9.036380935218265575e-01 7.690337035078704808e+00
5.823286962813212995e+02 2.501421464921890214e-01 7.718297647161707964e+00
5.809814623829997799e+02 -4.060799661920300729e-01 7.744581901244159461e+00
5.797431563684573348e+02 -1.065061467560669994e+00 7.769185662999166020e+00
5.786042095098708842e+02 -1.726785821244756880e+00 7.792261708152723898e+00
5.776495780636870450e+02 -2.387879203775351122e+00 7.812960853664182359e+00
5.767939594934682646e+02 -3.050558997319334331e+00 7.831974061243124119e+00
5.760220776917985859e+02 -3.715087883433691118e+00 7.849602682418118427e+00
5.753270559586793524e+02 -4.380963668199660432e+00 7.865691533074809172e+00
5.747929071005232800e+02 -5.043903885106949758e+00 7.879483284722929248e+00
5.743695479659758121e+02 -5.705670287611667391e+00 7.891441748684814961e+00
5.740299739631281000e+02 -6.366541434744244832e+00 7.901779169932130031e+00
5.737870539059897510e+02 -7.026002190496805078e+00 7.910368696650621700e+00
5.736946109286456021e+02 -7.679515831231416456e+00 7.916606725405874734e+00
5.737255657246518012e+02 -8.328492172286305006e+00 7.920784066038989657e+00
5.738554416696753151e+02 -8.973780723455194064e+00 7.923039075826739719e+00
5.740879678955172949e+02 -9.614800381493417092e+00 7.923388678541380514e+00
5.744675446303039053e+02 -1.024695443316412025e+01 7.921175685189556503e+00
5.749863876154013269e+02 -1.087103946094361717e+01 7.916538963879691693e+00
5.756056214349572429e+02 -1.148876073188004554e+01 7.909839025668055079e+00
5.763300787049680594e+02 -1.209987052067268998e+01 7.901023563224142343e+00
5.771858936218131930e+02 -1.270038926598977014e+01 7.889774009648684583e+00
5.781777071326250734e+02 -1.329061374536450302e+01 7.876206683216105731e+00
5.792527451045910993e+02 -1.387324245880016704e+01 7.860591271631727217e+00
5.804221375612635256e+02 -1.444802299286950742e+01 7.843067424293388434e+00
5.817108170279069554e+02 -1.501131199483153900e+01 7.823249955547548318e+00
5.831294099635144903e+02 -1.556220351164814808e+01 7.801115500841270034e+00
5.846359970284154315e+02 -1.610427030753713851e+01 7.777029949676127707e+00
5.862419521955805521e+02 -1.663719155029919605e+01 7.750935222673104086e+00
5.879673887861636103e+02 -1.715762923424436437e+01 7.722573686977083796e+00
5.898215255605296079e+02 -1.766360725733776249e+01 7.691908687324056970e+00
5.917728778342542455e+02 -1.815964100540616144e+01 7.659236298964400724e+00
5.938130200454756960e+02 -1.864574056555969506e+01 7.624627815019652921e+00
5.959469308920290587e+02 -1.911918973673254385e+01 7.587902140379329197e+00
5.981909786532930866e+02 -1.957679675708195788e+01 7.548986222795299739e+00
6.005039550597379048e+02 -2.002417912667329603e+01 7.508204438625909916e+00
6.028841565194414898e+02 -2.046134159803719044e+01 7.465618363565817539e+00
6.053393099729618143e+02 -2.088650349874968981e+01 7.421164078237195483e+00
6.079019952718380182e+02 -2.129552188017799352e+01 7.374743800364822022e+00
6.105342581047530075e+02 -2.169508582187878432e+01 7.326640957801525467e+00
6.132403335756167735e+02 -2.208552708287677291e+01 7.276912420497607670e+00
6.160360767271924942e+02 -2.246555320979408066e+01 7.225545849296359791e+00
6.189220992440309601e+02 -2.282957225107705668e+01 7.172452258284806703e+00
6.218744905237302874e+02 -2.318495868163707740e+01 7.117896843703138465e+00
6.248844754595885433e+02 -2.353191564517817724e+01 7.061887424358395116e+00
6.279519265038132971e+02 -2.386981869851686255e+01 7.004416458721608230e+00
6.310751532061848366e+02 -2.419145881216727290e+01 6.945472041634969784e+00
6.342362160663934674e+02 -2.450534399287964504e+01 6.885241900400663972e+00
6.374359662595908276e+02 -2.481047366880141780e+01 6.823725792579240057e+00
6.406835482497408520e+02 -2.510768255985205499e+01 6.761070399167014244e+00
6.439737053742283024e+02 -2.538702695016227651e+01 6.697329230320502091e+00
6.473134790095132303e+02 -2.565713907697582385e+01 6.632590628573800551e+00
6.506926845908843688e+02 -2.591785173799780040e+01 6.566926259264250554e+00
6.541162665060874133e+02 -2.616827359495103167e+01 6.500406827317361191e+00
6.575685783708210010e+02 -2.640018107349521514e+01 6.433169953902972971e+00
6.610455232725535097e+02 -2.662057380410254126e+01 6.365152148351946870e+00
6.645296431644393351e+02 -2.682871705466966006e+01 6.296398524584660983e+00
6.680179514078664624e+02 -2.702475534865393669e+01 6.227034966982401443e+00
6.714930409975611383e+02 -2.719987492430079357e+01 6.157195817816107919e+00
6.749624357875460419e+02 -2.736145448228596422e+01 6.086800254814567879e+00
6.784281696381422080e+02 -2.750896068208336587e+01 6.015970807224416461e+00
6.818846309938353443e+02 -2.764296121484877489e+01 5.944633449258281743e+00
6.853310564041719317e+02 -2.775689414112990505e+01 5.873207627458582714e+00
6.887756596022032909e+02 -2.785581306363785004e+01 5.801590416245569592e+00
6.922163440943260184e+02 -2.794063250622521011e+01 5.729680262116611189e+00
6.956459880940154790e+02 -2.801150362540883521e+01 5.657559976288390580e+00
6.990482991525000216e+02 -2.806287776354372809e+01 5.585612091047079453e+00
7.024167047165160511e+02 -2.809799853306378381e+01 5.513739450941374187e+00
7.057545407056080649e+02 -2.811900680601555536e+01 5.441804923544850681e+00
7.090629138756291923e+02 -2.812581381588065454e+01 5.369803770980085211e+00
7.123146690010473776e+02 -2.811394815345716580e+01 5.298271440355928341e+00
7.155279739944951416e+02 -2.808565255058820398e+01 5.226979639812018519e+00
7.187065119518517804e+02 -2.804374010662279204e+01 5.155864146540780624e+00
7.218587741433645988e+02 -2.798831349631851495e+01 5.084853547594156531e+00
7.249740174435610243e+02 -2.791597948846750299e+01 5.014387306882852613e+00
7.280514847606309559e+02 -2.782766621360030612e+01 4.944536235451460371e+00
7.311060049882180465e+02 -2.772664514143140124e+01 4.874940489856251169e+00
7.341331109740079910e+02 -2.761302177181475415e+01 4.805595031503662184e+00
7.371120366467632721e+02 -2.748428377455953253e+01 4.736932660211699897e+00
7.400366787983346057e+02 -2.734053957682862190e+01 4.669036106537452824e+00
7.429235208621468018e+02 -2.718508646755411107e+01 4.601520192331381764e+00
7.457744916874645469e+02 -2.701834795115875210e+01 4.534376701627779838e+00
7.485708636195348618e+02 -2.683853929851517250e+01 4.467946215050008441e+00
7.513114834138488050e+02 -2.664553242188031845e+01 4.402553053830373209e+00
7.540329188646993543e+02 -2.644283331700262707e+01 4.337530503715702146e+00
7.567364526723396239e+02 -2.623086191434062187e+01 4.272951556208689716e+00
7.594108102680127104e+02 -2.600873023773124970e+01 4.209151506526415787e+00
7.620369904030937960e+02 -2.577556996716598903e+01 4.146506399546425747e+00
7.646533348774707974e+02 -2.553448441301296512e+01 4.084434288296222348e+00
7.672504146950370796e+02 -2.528546771634532320e+01 4.023047151965969626e+00
7.698083131161500887e+02 -2.502779818484449592e+01 3.962745827636658724e+00
7.722930305485479039e+02 -2.475991583147175490e+01 3.904216951701936278e+00
7.747432201508818252e+02 -2.448467316973919949e+01 3.846753017958904675e+00
7.771519064795583063e+02 -2.420214862473289585e+01 3.790460960429180126e+00
7.794957404982471871e+02 -2.391201051606232042e+01 3.735650385296355847e+00
7.817397443639539460e+02 -2.361295919514217445e+01 3.683197519709435763e+00
7.839157109337267002e+02 -2.330730234335776174e+01 3.632248433431383372e+00
7.860239031369623035e+02 -2.299517653191160704e+01 3.582903251402052014e+00
7.880449770003626782e+02 -2.267649858008177333e+01 3.535364132271301418e+00
7.899434953374966426e+02 -2.235036513205031383e+01 3.490698152301924040e+00
7.917622646061076921e+02 -2.201843808611934605e+01 3.447874682978509409e+00
7.935090652135767186e+02 -2.168083681200556967e+01 3.406959423113283592e+00
7.951762993453633044e+02 -2.133774096133765497e+01 3.368048509423569925e+00
7.967085569501724649e+02 -2.098865756752196532e+01 3.332418262762410599e+00
7.981638342205978915e+02 -2.063480144877498645e+01 3.298889027890355763e+00
7.995372338441741249e+02 -2.027637923580413570e+01 3.267511779564933772e+00
8.008314679819619641e+02 -1.991352632768700914e+01 3.238322572139796574e+00
8.019793383787599623e+02 -1.954698470407020139e+01 3.212590231403781527e+00
8.030425433992113540e+02 -1.917687296739540770e+01 3.189230645278584131e+00
8.040191205087826347e+02 -1.880340486325866678e+01 3.168189971899947555e+00
8.049121849234192041e+02 -1.842664899906129250e+01 3.149496905291289117e+00
8.056737138947701169e+02 -1.804805792817713694e+01 3.134287217540940862e+00
8.063370603040713149e+02 -1.766696933419821391e+01 3.121633112451436265e+00
8.069265210815315186e+02 -1.728337644508038196e+01 3.111377400790779291e+00
8.074280578485037267e+02 -1.689739612519063527e+01 3.103523013613325165e+00
8.078111399313097536e+02 -1.651091329924435058e+01 3.099102693979392420e+00
8.081072737757297091e+02 -1.612292213467361535e+01 3.097337206433995238e+00
8.083241523292638249e+02 -1.573299532055482786e+01 3.097946182505334711e+00
8.084666090420312230e+02 -1.534114529186496334e+01 3.100845644589782957e+00
8.084945949078589820e+02 -1.494965029233531872e+01 3.107071854453286708e+00
8.084362892866598713e+02 -1.455748987228525948e+01 3.115895389400858306e+00
8.083123270903354296e+02 -1.416386334849602768e+01 3.127007102958231144e+00
8.081227954045356228e+02 -1.376883195065521726e+01 3.140293669534062637e+00
8.078513429572952873e+02 -1.337500231338376366e+01 3.156550825586708964e+00
8.075026066467559076e+02 -1.298164390481778696e+01 3.175350378072783197e+00
8.071077785112638594e+02 -1.258736057858971868e+01 3.196194540102115234e+00
8.066712398715184236e+02 -1.219217682342731734e+01 3.219030282934522091e+00
8.061638166185924774e+02 -1.179878599983445397e+01 3.244479523241329932e+00
8.055926186557203437e+02 -1.140749641672810277e+01 3.272458198403941587e+00
8.049779579180666360e+02 -1.101690327700016070e+01 3.302480521140851444e+00
8.043121925253469726e+02 -1.062774886935840968e+01 3.334645049836181041e+00
8.035831014120494729e+02 -1.024344614248626506e+01 3.369567761140822348e+00
8.027690840467736280e+02 -9.864940725430841439e+00 3.407354363992561641e+00
8.019053570069667103e+02 -9.490042177189460304e+00 3.447438094477251802e+00
8.009843273070825944e+02 -9.119363806268079742e+00 3.489850465985725680e+00
7.999854137686901367e+02 -8.755923772528465321e+00 3.535141903710949940e+00
7.988986062053733122e+02 -8.401663653265032394e+00 3.583447127236309537e+00
7.977528596459247865e+02 -8.053446474836578162e+00 3.634203288953921529e+00
7.965470446904531627e+02 -7.711678376322108619e+00 3.687441812739116198e+00
7.952631862194538144e+02 -7.378926899199673706e+00 3.743558310489041752e+00
7.939074790642742983e+02 -7.057923774601917444e+00 3.802817580333934355e+00
7.924920057775095756e+02 -6.744600673869873830e+00 3.864639009803792380e+00
7.910233547374975842e+02 -6.439373192976675320e+00 3.928991303688242454e+00
7.894896968626323996e+02 -6.144239876393825739e+00 3.996200822050361978e+00
7.878847353920242540e+02 -5.863270571820367039e+00 4.066560280496192448e+00
7.862312434232976557e+02 -5.591489327323727387e+00 4.139485376736603328e+00
7.845213552615393837e+02 -5.329123796439964700e+00 4.214944219424337390e+00
7.827588825594039008e+02 -5.077829243830750627e+00 4.293176055138743230e+00
7.809283512390086344e+02 -4.842960515621326678e+00 4.374449888514314821e+00
7.790438960945767803e+02 -4.618381049710174935e+00 4.458296180104160733e+00
7.771163046460594614e+02 -4.404107350347299388e+00 4.544624693137204297e+00
7.751316257717821827e+02 -4.201005042183121319e+00 4.633481827201834768e+00
7.730915683718724267e+02 -4.015708988091883036e+00 4.725365614630407052e+00
7.710063128684881804e+02 -3.841048490372312330e+00 4.819649129883444516e+00
7.688735856900036651e+02 -3.677086779152204166e+00 4.916315615606325018e+00
7.666907032155352226e+02 -3.523842610443633561e+00 5.015360505052219864e+00
7.644595764369145172e+02 -3.389169421823098105e+00 5.117166695055667347e+00
7.621847590374368338e+02 -3.264959441237355708e+00 5.221238164745090948e+00
7.598638104950824754e+02 -3.151080460151709506e+00 5.327486687916144881e+00
7.575016742313321174e+02 -3.047398865476752761e+00 5.435970830252784047e+00
7.550924187354268042e+02 -2.961603053816977749e+00 5.546878739714730777e+00
7.526445536813666877e+02 -2.885847692493811234e+00 5.659867613951537813e+00
7.501568099023788818e+02 -2.819341970073221848e+00 5.774885564546492489e+00
7.476296705786464827e+02 -2.761777221115987668e+00 5.891902821936760404e+00
7.450595473008556837e+02 -2.720032655782855358e+00 6.010975020458011464e+00
7.424560963344229094e+02 -2.687529458368393964e+00 6.131969730340627756e+00
7.398140989590066283e+02 -2.662775155125689075e+00 6.254801200470170741e+00
7.371447704754796177e+02 -2.645357027913481485e+00 6.379391380868709049e+00
7.344374091830470661e+02 -2.642381068376600695e+00 6.505659147333948233e+00
7.317123325991859701e+02 -2.649694791400244664e+00 6.633397168107786790e+00
7.289530728553638710e+02 -2.666187121774836299e+00 6.762643285617076394e+00
7.261811643998096315e+02 -2.692345916243049864e+00 6.893287057810676188e+00
7.233894437750710722e+02 -2.734347788944480051e+00 7.025114292122351500e+00
7.205977686589408222e+02 -2.788907356937992521e+00 7.158151683581408520e+00
7.177953364472300564e+02 -2.854103806717449121e+00 7.292455096207131504e+00
7.149830820402985410e+02 -2.930246259393517239e+00 7.427841143972519156e+00
7.121783236374063790e+02 -3.022613843646848597e+00 7.564198235778317070e+00
7.093901951706824320e+02 -3.129345594401993225e+00 7.701447631789432258e+00
7.065987858179031491e+02 -3.247834831269766465e+00 7.839549155785529244e+00
7.038121407777910008e+02 -3.378454626856641774e+00 7.978516305671719877e+00
7.010482294510371730e+02 -3.525680987106051489e+00 8.118025926068101583e+00
6.983061951880179095e+02 -3.688748922897922000e+00 8.257920175083732772e+00
6.955761672047459570e+02 -3.864726368729710426e+00 8.398350145568125313e+00
6.928591743404607541e+02 -4.053665840305241908e+00 8.539273431478740406e+00
6.901715359544185731e+02 -4.258997529026472328e+00 8.680412440637569560e+00
6.875145212538321857e+02 -4.480945664818085206e+00 8.821491861198834883e+00
6.848768951109697127e+02 -4.715959431752066777e+00 8.962893310616301790e+00
6.822601787769712018e+02 -4.964164311501805038e+00 9.104444930623017740e+00
6.796766684384645032e+02 -5.228102770950425082e+00 9.245900110004679817e+00
6.771404922034212177e+02 -5.508794795506325670e+00 9.386971590204245430e+00
6.746269619770710051e+02 -5.802354608246075074e+00 9.528090737389035780e+00
6.721370568206524467e+02 -6.108747727028672081e+00 9.669209221926159614e+00
6.696830387268635150e+02 -6.429825400179931982e+00 9.809956065525467395e+00
6.672801233228321962e+02 -6.767286947714338474e+00 9.950028623781562942e+00
6.649027520190295490e+02 -7.117041477056595511e+00 1.008989405095806013e+01
6.625479778725958795e+02 -7.478898580211435387e+00 1.022958393648226583e+01
6.602298413484261346e+02 -7.853937655872729628e+00 1.036866083200167665e+01
6.579710719663578402e+02 -8.244245177343218600e+00 1.050664210456602987e+01
6.557304671547300359e+02 -8.645782540141597750e+00 1.064417163000067745e+01
6.535097749545544730e+02 -9.058312807361604158e+00 1.078126352356455087e+01
6.513266729394342747e+02 -9.482318628279266193e+00 1.091772023439215644e+01
6.491927119526357046e+02 -9.919990809679601895e+00 1.105288826674249592e+01
6.470780596610117072e+02 -1.036744307331312243e+01 1.118770780503435702e+01
6.449846144091623046e+02 -1.082443840799616375e+01 1.132220373350791931e+01
6.429191406751959903e+02 -1.129100615636538052e+01 1.145620682992958628e+01
6.409000536688486136e+02 -1.176921082707125876e+01 1.158890783192025964e+01
6.388976403294600459e+02 -1.225559967862826127e+01 1.172132383663624466e+01
6.369079345946521471e+02 -1.274975719167789912e+01 1.185339389192810522e+01
6.349329767753973783e+02 -1.325165967086984331e+01 1.198498552648416116e+01
6.330220174301371117e+02 -1.376339800319734863e+01 1.211461910572084655e+01
6.311364811004863213e+02 -1.428225342181386459e+01 1.224342534770952540e+01
6.292766837205333559e+02 -1.480801426061113624e+01 1.237127069340242613e+01
6.274503883724294155e+02 -1.534061735029169071e+01 1.249802046882905415e+01
6.256971966008898107e+02 -1.588130976242792158e+01 1.262224944714168551e+01
6.239880127863954158e+02 -1.642822494706658887e+01 1.274507993364801450e+01
6.223192905928063965e+02 -1.698119681047170459e+01 1.286635881472135701e+01
6.206962199857420046e+02 -1.754007924706433741e+01 1.298607753358101391e+01
6.191625501023569313e+02 -1.810516290983658294e+01 1.310287808965395939e+01
6.176820957825649430e+02 -1.867562823277476980e+01 1.321762435730620311e+01
6.162506673022235191e+02 -1.925120863712156094e+01 1.333050511523647685e+01
6.148775531805799801e+02 -1.983175379846171182e+01 1.344136786081814172e+01
6.135991451095758293e+02 -2.041674053948920076e+01 1.354896434657724669e+01
6.123834240471400108e+02 -2.100596208066621529e+01 1.365408028686304398e+01
6.112248171671768660e+02 -2.159911078346762991e+01 1.375684556311029283e+01
6.101306410330369090e+02 -2.219606526692681925e+01 1.385723639281956387e+01
6.091241849969973146e+02 -2.279543879728542066e+01 1.395394537438074423e+01
6.081880440675978434e+02 -2.339737846085631290e+01 1.404761377727006710e+01
6.073189842386899500e+02 -2.400205829022412374e+01 1.413855325806992091e+01
6.065057457184482246e+02 -2.460948390137670927e+01 1.422686867344354589e+01
6.057808893392284517e+02 -2.521771217717671831e+01 1.431151455179618637e+01
6.051359974395855943e+02 -2.582806437040006742e+01 1.439301656101122084e+01
6.045562774858851753e+02 -2.644074791133413171e+01 1.447185015237163874e+01
6.040374039480687998e+02 -2.705502376121587105e+01 1.454818243669163103e+01
6.036028692459958620e+02 -2.766988323551182560e+01 1.462100327423952706e+01
6.032492994807089417e+02 -2.828557986282821446e+01 1.469052957571715545e+01
6.029544183363206002e+02 -2.890281251237520976e+01 1.475746087573899423e+01
6.027206434176910079e+02 -2.952148108785108604e+01 1.482177137104178399e+01
6.025520780825323754e+02 -3.013915727576265979e+01 1.488258132286012270e+01
6.024663725170937596e+02 -3.075581568559864465e+01 1.494004522405835189e+01
6.024292217776220468e+02 -3.137302796745505162e+01 1.499481226254069988e+01
6.024433642593991181e+02 -3.199134294959161551e+01 1.504698593709090026e+01
6.025173680030277410e+02 -3.260864383818065448e+01 1.509597679662853231e+01
6.026531378622764805e+02 -3.322393103854216889e+01 1.514153844933895421e+01
6.028378606532305639e+02 -3.383987390128959305e+01 1.518465428808156048e+01
6.030552817659083757e+02 -3.445627553188270298e+01 1.522535566597785994e+01
6.033288079260381664e+02 -3.507132619025716735e+01 1.526324746065291293e+01
6.036519978264630026e+02 -3.568371094850472502e+01 1.529798109037291276e+01
6.040054980092911592e+02 -3.629696660342185766e+01 1.533046046144456298e+01
6.043902240367608556e+02 -3.691009762333564481e+01 1.536073171583855057e+01
6.048120278247632768e+02 -3.752143450162137128e+01 1.538828518436903892e+01
6.052977081079154686e+02 -3.812580447135668749e+01 1.541239611788117081e+01
6.058076228782072121e+02 -3.872770563472623451e+01 1.543396966633629397e+01
6.063557635116438860e+02 -3.932673876693441173e+01 1.545295038724785819e+01
6.069385424272620639e+02 -3.992112317408799527e+01 1.546891213752747696e+01
6.075739258026558218e+02 -4.050422652470800955e+01 1.548094579494769185e+01
6.082425456837829643e+02 -4.108163642050758568e+01 1.549010210104664154e+01
6.089443547552067457e+02 -4.165352019065431932e+01 1.549632753647624028e+01
6.096812168435341164e+02 -4.221840114541019773e+01 1.549953392198102620e+01
6.104755981021070284e+02 -4.276979457376818061e+01 1.549874641089780702e+01
6.113094722531459411e+02 -4.331448886306321100e+01 1.549514252973770212e+01
6.121826790344231313e+02 -4.385149366540310467e+01 1.548865467079275504e+01
6.130953390510693453e+02 -4.438110659053789675e+01 1.547918874320774840e+01
6.140699811021039523e+02 -4.489452866804323605e+01 1.546578339791598999e+01
6.150830993574533068e+02 -4.539950988331656845e+01 1.544939989146661574e+01
6.161306805146116403e+02 -4.589523724099380786e+01 1.543000691976409655e+01
6.172236261258550485e+02 -4.638238849393770380e+01 1.540757097320901359e+01
6.183608333135555313e+02 -4.685093460893243389e+01 1.538115909350875299e+01
6.195399517125758848e+02 -4.730886095312398965e+01 1.535166746901991530e+01
6.207491924396795184e+02 -4.775648672292752650e+01 1.531908571695649179e+01
6.219986864464649443e+02 -4.819381144070411693e+01 1.528351460662631034e+01
6.232842296093660934e+02 -4.861257430484780429e+01 1.524412626502027912e+01
6.246074635722152379e+02 -4.901937040633089993e+01 1.520164912512646893e+01
6.259617196843464626e+02 -4.941435278016880517e+01 1.515616944074031913e+01
6.273412702577090840e+02 -4.979864544157247508e+01 1.510774458294643452e+01
6.287521679113873461e+02 -5.016507296751400702e+01 1.505585027781620688e+01
6.301929003107330800e+02 -5.051812484717498108e+01 1.500095217220743748e+01
6.316543019155258207e+02 -5.085996424226438961e+01 1.494324103669837811e+01
6.331366489110098428e+02 -5.119157759225936388e+01 1.488270365568336651e+01
6.346403631345903023e+02 -5.150525287226461302e+01 1.481901373808345213e+01
6.361636788221626375e+02 -5.180592903090334289e+01 1.475239029752806097e+01
6.377093646269959208e+02 -5.209656848759300374e+01 1.468302674994005130e+01
6.392717396174310807e+02 -5.237678586938893233e+01 1.461090976702811695e+01
6.408404525814592034e+02 -5.264059817633711447e+01 1.453584000555001410e+01
6.424297438221285574e+02 -5.289236009701252073e+01 1.445791956697138048e+01
6.440372142672605378e+02 -5.313462291548717076e+01 1.437737394849777850e+01
6.456572038197772372e+02 -5.336830122730304993e+01 1.429425225373553232e+01
6.473022260262941927e+02 -5.358864023868920867e+01 1.420855453467879848e+01
6.489654185527144818e+02 -5.379838194656859685e+01 1.412029583341661265e+01
6.506511720400511649e+02 -5.399974533814876310e+01 1.402975249098966515e+01
6.523577603647279375e+02 -5.419253376813545486e+01 1.393695450965144644e+01
6.540735403277952855e+02 -5.437155228379815242e+01 1.384192120583392693e+01
6.557946229130770917e+02 -5.453621976461688092e+01 1.374474578556840854e+01
6.575173673754394486e+02 -5.468959503260485633e+01 1.364549211403213214e+01
6.592464632881273019e+02 -5.483150900667783390e+01 1.354425445001357353e+01
6.609612557579193890e+02 -5.495690040489105144e+01 1.344098904434660113e+01
6.626590570792405970e+02 -5.506382286679119886e+01 1.333601341423142017e+01
6.643417970707687346e+02 -5.515849499490281715e+01 1.322931053092453979e+01
6.660151055411160996e+02 -5.524007011430196457e+01 1.312090450045441337e+01
6.676567941633277314e+02 -5.530489620983369292e+01 1.301108204028288462e+01
6.692644888295474175e+02 -5.535132182769555698e+01 1.290002826373797085e+01
6.708450209596926470e+02 -5.538431634029466721e+01 1.278761470375215836e+01
6.724091810264791320e+02 -5.540424243639385082e+01 1.267393080252729476e+01
6.739507994847199370e+02 -5.540843588236177908e+01 1.255911819160180798e+01
6.754564146893595762e+02 -5.539364284805215277e+01 1.244350395596220160e+01
6.769496247680494889e+02 -5.536544819577477483e+01 1.232677821724290546e+01
6.784341298844693711e+02 -5.532448718097111140e+01 1.220897993266238046e+01
6.798983368278643411e+02 -5.526877619840330169e+01 1.209021289792463527e+01
6.813246957115343321e+02 -5.519237501867116436e+01 1.197100456014809922e+01
6.827284451164555321e+02 -5.510192500761731083e+01 1.185080576676998909e+01
6.841027203634293983e+02 -5.499585103747053694e+01 1.172963240463786150e+01
6.854451351835571131e+02 -5.487403072991742192e+01 1.160757658922409874e+01
6.867186824179186715e+02 -5.472908930310202891e+01 1.148535043152229917e+01
6.879519134279363470e+02 -5.456885632197422353e+01 1.136233247904768895e+01
6.891527217656399671e+02 -5.439399845815744783e+01 1.123859271203243360e+01
6.903212788729606473e+02 -5.420488994346499823e+01 1.111429744517025497e+01
6.914152852583114282e+02 -5.399648923328287964e+01 1.099046326001939988e+01
6.924765301981359471e+02 -5.377595701198968925e+01 1.086621650738181977e+01
6.935078803909418639e+02 -5.354333828469194145e+01 1.074160552768401899e+01
6.945196193076794771e+02 -5.329866447329030166e+01 1.061653050237806539e+01
6.954657332713212554e+02 -5.303677575350810969e+01 1.049198646341362817e+01
6.963958912497869278e+02 -5.276229490419840573e+01 1.036697864548004056e+01
6.973095402773886917e+02 -5.247546618492808790e+01 1.024135558626271703e+01
6.982186010206416995e+02 -5.217639080025497833e+01 1.011494338554696526e+01
6.990738095502229044e+02 -5.186071249803172378e+01 9.988948115624465274e+00
6.999138720168859891e+02 -5.153298024940910693e+01 9.862433420034117049e+00
7.007289182835548900e+02 -5.119372611837562914e+01 9.735382129627845771e+00
7.015178254508094824e+02 -5.084239443062690356e+01 9.607761003873932282e+00
7.022420925422227356e+02 -5.047760110803442046e+01 9.480748088569924903e+00
7.029217414745900214e+02 -5.010075853295414561e+01 9.353732185137026534e+00
7.035653358237274233e+02 -4.971339542821041135e+01 9.226606475315083600e+00
7.041849324653429676e+02 -4.931629944075945815e+01 9.099391614096115077e+00
7.047428625333172931e+02 -4.890780744219123477e+01 8.973248758202258202e+00
7.052704057384665930e+02 -4.848995106513928732e+01 8.847643659799439675e+00
7.057879639866707748e+02 -4.806396823766370119e+01 8.722318420716591802e+00
7.062869609235001462e+02 -4.762991103667366133e+01 8.597425258283601934e+00
7.067284550763263269e+02 -4.718584275575886977e+01 8.474006824164185048e+00
7.071118956396576323e+02 -4.673208054491703933e+01 8.351793549127625838e+00
7.074401008851408506e+02 -4.626896760289140076e+01 8.230496726766642013e+00
7.077049998632228380e+02 -4.579591955102238643e+01 8.110216481074125738e+00
7.078653124306540576e+02 -4.531173580755336872e+01 7.991939315888984652e+00
7.079370722011491353e+02 -4.481752052915889095e+01 7.875592716611311772e+00
7.079511197711608474e+02 -4.431489529137100902e+01 7.760598666683925728e+00
7.079121175491916347e+02 -4.380475440567786904e+01 7.646986137373376735e+00
7.077995666782516082e+02 -4.328783319816387376e+01 7.535582091666471527e+00
7.076309882434609335e+02 -4.276544998288729005e+01 7.426501332066322902e+00
7.074305310862999931e+02 -4.223797698835196002e+01 7.319022857073825605e+00
7.071899740643978021e+02 -4.170501148717443129e+01 7.213175207037512138e+00
7.068742082283763466e+02 -4.116621652391060593e+01 7.109773320474702452e+00
7.064748167990355796e+02 -4.062126636844896410e+01 7.009150619264254090e+00
7.059984467177438319e+02 -4.006930341053114120e+01 6.910452029762900850e+00
7.054427554474948465e+02 -3.950984536553715287e+01 6.813775006236507004e+00
7.048003311658959547e+02 -3.894337579568794894e+01 6.719684326449416822e+00
7.040444778483341679e+02 -3.837124486656384903e+01 6.628629671514503663e+00
7.032374108299211457e+02 -3.779319451149762443e+01 6.539536180283930911e+00
7.023764796412903024e+02 -3.720979133871919942e+01 6.452366963920404430e+00
7.014538540471363604e+02 -3.662223202206856598e+01 6.367472483148417517e+00
7.004697784164203540e+02 -3.603244804469033369e+01 6.285512786654858353e+00
6.994392753091312898e+02 -3.543851179776055460e+01 6.205461396872782309e+00
6.983624274122511224e+02 -3.484028226371287928e+01 6.127409658956923799e+00
6.972260939132559088e+02 -3.423813540346829143e+01 6.051650687647120996e+00
6.959898784923184394e+02 -3.363413542664751077e+01 5.979272029049319315e+00
6.946880545950497208e+02 -3.302548400886976765e+01 5.909081142493903371e+00
6.933270338986668548e+02 -3.241192126156256137e+01 5.841007719460809433e+00
6.919023273247589714e+02 -3.179356897323345521e+01 5.775085830088031003e+00
6.903855988346814456e+02 -3.117338133330068572e+01 5.712315285619172123e+00
6.888350382970504597e+02 -3.054760046503646720e+01 5.651233147913451660e+00
6.872511512015266817e+02 -2.991588798074292654e+01 5.591630972027584079e+00
6.856463676543577321e+02 -2.927829942122476226e+01 5.533524517924250929e+00
6.839794403891792172e+02 -2.864024014259290496e+01 5.478258796666355401e+00
6.822852688416094225e+02 -2.799843769210673017e+01 5.424712467327895915e+00
6.805597760849441329e+02 -2.735405957760241336e+01 5.372959406433501783e+00
6.788061578864402463e+02 -2.670819921966402433e+01 5.323294069081365265e+00
6.769820296837923479e+02 -2.606772131105827128e+01 5.277113653336504839e+00
6.751196708455324824e+02 -2.542829260657902424e+01 5.233309767434786153e+00
6.732190949041472550e+02 -2.478963644263462029e+01 5.191893397935319676e+00
6.712701517146069818e+02 -2.415173023902482896e+01 5.152867934921960824e+00
6.692494190538184284e+02 -2.351979747340876514e+01 5.117388200659704012e+00
6.671715888078948637e+02 -2.288927331329141168e+01 5.084576153674202459e+00
6.650476182371289724e+02 -2.225925277637028188e+01 5.054197438916578022e+00
6.628702747124539201e+02 -2.163009163007066249e+01 5.026258223254407298e+00
6.606239993245881124e+02 -2.100759174450359978e+01 5.001787746127121181e+00
6.583278982422914396e+02 -2.038866407097458477e+01 4.980035839829752398e+00
6.559895836330139218e+02 -1.977259784501673323e+01 4.960717764273963049e+00
6.536237940461938933e+02 -1.915995139053750762e+01 4.943852101590759496e+00
6.512036418618347398e+02 -1.855662904961877047e+01 4.930228785652987611e+00
6.487461677900508903e+02 -1.796004428838727307e+01 4.919351289557863716e+00
6.462543775314065897e+02 -1.736866527892926371e+01 4.911065914569321400e+00
6.437276489885222190e+02 -1.678301643113024255e+01 4.905378003022705435e+00
6.411426747059382478e+02 -1.620861928966463950e+01 4.903031069252584473e+00
6.385096638152582500e+02 -1.564387535471864510e+01 4.903730031473287454e+00
6.358302719996682981e+02 -1.508614038595597684e+01 4.907194665442732529e+00
6.331116971296283964e+02 -1.453522173813050955e+01 4.913502640443647707e+00
6.303314696484046635e+02 -1.399532225319176959e+01 4.922958106552119517e+00
6.275082989520371939e+02 -1.346518525550518497e+01 4.935530930768119440e+00
6.246411753823060735e+02 -1.294096313520160102e+01 4.950845511135580246e+00
6.217303733408330118e+02 -1.242240125141655049e+01 4.968921299925494139e+00
6.187792409057112764e+02 -1.191334133725234068e+01 4.989897513092843795e+00
6.157747894775836812e+02 -1.141388316535776326e+01 5.013879344758834122e+00
6.127369472253026288e+02 -1.091963114260539314e+01 5.040395832513714147e+00
6.096594053478621618e+02 -1.043052844231328535e+01 5.069468512233139990e+00
6.065458794147438084e+02 -9.949865046615718356e+00 5.101154070567377907e+00
6.033918753105859878e+02 -9.479030841680083697e+00 5.135551345639091103e+00
6.002042945055045493e+02 -9.012902240464557124e+00 5.172280679336738629e+00
5.969903123812088097e+02 -8.551355826094498624e+00 5.211433548966818208e+00
5.937431395645386374e+02 -8.097052946344662772e+00 5.253054987490239469e+00
5.904658811577966162e+02 -7.652608668959944183e+00 5.297186061236988763e+00
5.871632875366411781e+02 -7.212252633087484988e+00 5.343680946116382557e+00
5.838369888800231138e+02 -6.775794366823402193e+00 5.392417802559386963e+00
5.804855948527331293e+02 -6.345930399933839894e+00 5.443561817233725009e+00
5.771109275608548614e+02 -5.927282515081777170e+00 5.497007554127922191e+00
5.737200225644015745e+02 -5.514086453872198312e+00 5.552598291758020999e+00
5.703153103159726243e+02 -5.106896207859287884e+00 5.610386444239701120e+00
5.668932811137892713e+02 -4.707914040491819385e+00 5.670262772528026574e+00
5.634571638757744267e+02 -4.322906291668403789e+00 5.732169935457527288e+00
5.600118158643326751e+02 -3.945466460998581670e+00 5.796057028677030765e+00
5.565456098038790742e+02 -3.576050394938954824e+00 5.861823556130124402e+00
5.530704484027452281e+02 -3.216041403470837334e+00 5.929402427229434558e+00
5.495952101353035459e+02 -2.872400473137018739e+00 5.998562327308589737e+00
5.461042372933549132e+02 -2.538009879039617722e+00 6.069340009882247422e+00
5.426131026798857420e+02 -2.213031795432046867e+00 6.141791304808782215e+00
5.391082121018208682e+02 -1.897880564997608932e+00 6.215885280774557486e+00
5.356192276436340762e+02 -1.600039278724685543e+00 6.291098470528083908e+00
5.321255175664307444e+02 -1.311766021955068862e+00 6.367823199065620443e+00
5.286354127760148458e+02 -1.033263069940839163e+00 6.446024718461196734e+00
5.251498946018496099e+02 -7.646603285690369844e-01 6.525669337999677744e+00
5.216818026671228381e+02 -5.134086701181419521e-01 6.606126746455358578e+00
5.182170967270146775e+02 -2.727715152866089787e-01 6.687863010729921953e+00
5.147600252568821588e+02 -4.262208365031302376e-02 6.770885461998386923e+00
5.113075334322781487e+02 1.767605574181828620e-01 6.855037078875884760e+00
5.078781224416998157e+02 3.789040639980209568e-01 6.939711327571355781e+00
5.044540797861868668e+02 5.692619600176095362e-01 7.025323407965389677e+00
5.010358227293161804e+02 7.486683743788712375e-01 7.112039358308844150e+00
4.976258391352785679e+02 9.170661853188800672e-01 7.199790714986581186e+00
4.942365816964150440e+02 1.069047203820306935e+00 7.287748292293119157e+00
4.908629240122702413e+02 1.208676987697151262e+00 7.376551314003339854e+00
4.874929083035302142e+02 1.337352676791050632e+00 7.466223957793798327e+00
4.841279205522834559e+02 1.455196107640838843e+00 7.556837457323336338e+00
4.807919488490352364e+02 1.557759259540050456e+00 7.647694156400470789e+00
4.774661431541657635e+02 1.648158760082058194e+00 7.739181731306876699e+00
4.741488027586218550e+02 1.728244050075136817e+00 7.831568738869593815e+00
4.708292409888650241e+02 1.797992811863797780e+00 7.924972071659107442e+00
4.675401836221824396e+02 1.854049008040870472e+00 8.018593129760294147e+00
4.642623531356705371e+02 1.898215035840607356e+00 8.112701331142384120e+00
4.609844670132156921e+02 1.932630325803133875e+00 8.207776784214450672e+00
4.577015495484989742e+02 1.957403835803199987e+00 8.303820493583955908e+00
4.544402920696921342e+02 1.969827542195262904e+00 8.400103117857010915e+00
4.511892003300922056e+02 1.970949966828621447e+00 8.496811388519617481e+00
4.479332380712237409e+02 1.963203707690744038e+00 8.594544749926726013e+00
4.446721567265748263e+02 1.946832501905281010e+00 8.693194359335215893e+00
4.414364568550441845e+02 1.919809381296963435e+00 8.792081033785878574e+00
4.382222801233635323e+02 1.882363721891473496e+00 8.890928557462480342e+00
4.350200458605307858e+02 1.836896302558748806e+00 8.990406572115807293e+00
4.318302347203950831e+02 1.783341164517639355e+00 9.090309937571326770e+00
4.286685693297758348e+02 1.720158523595705313e+00 9.190027372562635577e+00
4.255440861221107980e+02 1.646984002328034880e+00 9.289045366093654721e+00
4.224401545267535880e+02 1.565852946134856927e+00 9.388092177503093438e+00
4.193568310840159370e+02 1.476687765713514455e+00 9.487026716842457574e+00
4.163119005288931476e+02 1.378462138309130447e+00 9.585136001388701033e+00
4.133099958829116645e+02 1.270583223177835119e+00 9.682015122639141325e+00
4.103350517100661818e+02 1.154986538709835031e+00 9.778365281537931608e+00
4.073936677272398015e+02 1.031647029522279713e+00 9.874235424789098658e+00
4.044856499402309282e+02 9.002275018717726951e-01 9.969030715239586726e+00
4.016352419483865788e+02 7.598939224439520412e-01 1.006206666839879915e+01
3.988208132473832279e+02 6.123446802690416524e-01 1.015427636770281161e+01
3.960359479500474436e+02 4.574994759195272764e-01 1.024572734794248241e+01
3.932961427388502784e+02 2.951432275189374010e-01 1.033591683498138991e+01
3.906195304713380665e+02 1.246480971511635671e-01 1.042404573318261463e+01
3.879741032188387635e+02 -5.289282471611085612e-02 1.051118710478850460e+01
3.853662210446649397e+02 -2.375158512328608973e-01 1.059735445817265287e+01
3.827983276227586202e+02 -4.293656704395915069e-01 1.068225621253480995e+01
3.802993252317714905e+02 -6.288224605812064993e-01 1.076466159064361960e+01
3.778409725119556128e+02 -8.354571910025379022e-01 1.084587422659220124e+01
3.754166178301850891e+02 -1.049410451002146694e+00 1.092585064075160695e+01
3.730281585751744160e+02 -1.270760010399059725e+00 1.100440652620719639e+01
3.707136959134938934e+02 -1.499443913166813802e+00 1.108004078186406360e+01
3.684386485684237300e+02 -1.735341370832111707e+00 1.115432432062651991e+01
3.661999420813692154e+02 -1.978385074681422662e+00 1.122720758287652387e+01
3.639945658611325143e+02 -2.228582331069010269e+00 1.129878845957470546e+01
3.618615070700780052e+02 -2.484785902979878003e+00 1.136751820007606284e+01
3.597682568501043079e+02 -2.747684853650062209e+00 1.143477695857823662e+01
3.577084308036134530e+02 -3.017131197632666684e+00 1.150074727681443321e+01
3.556841878651973161e+02 -3.293004343480017138e+00 1.156540018405233994e+01
3.537156683203411376e+02 -3.573441171445058906e+00 1.162728667390369708e+01
3.517851424741903088e+02 -3.859392651833454035e+00 1.168760037890395687e+01
3.498790979864593851e+02 -4.150919477818858283e+00 1.174651570990565119e+01
3.479898727831473479e+02 -4.447947291221479027e+00 1.180401808598227475e+01
3.461542927431462999e+02 -4.748530238289294658e+00 1.185905432681543736e+01
3.443398627595286143e+02 -5.054607014543895716e+00 1.191282427800455324e+01
3.425507761033579754e+02 -5.366683208588350240e+00 1.196572982297838550e+01
3.407772935410737887e+02 -5.684553742729301362e+00 1.201790981535611458e+01
3.390553054287418604e+02 -6.005832603839011519e+00 1.206833222519930082e+01
3.373583452455815745e+02 -6.331713627499254038e+00 1.211769895692630605e+01
3.356910616205925066e+02 -6.662570778227909329e+00 1.216611893735355565e+01
3.340494370911829947e+02 -6.998009555475321442e+00 1.221326673438475829e+01
3.324633585599968342e+02 -7.335385551432934470e+00 1.225802814124096862e+01
3.309260094365941427e+02 -7.675236599172783336e+00 1.230035273298554621e+01
3.294188070489714733e+02 -8.018365761474623099e+00 1.234057554298456338e+01
3.279521750262421165e+02 -8.364169201578480539e+00 1.237850148718773902e+01
3.265385601240242863e+02 -8.709379179087644474e+00 1.241355526834757228e+01
3.251695115952741730e+02 -9.053600689718974692e+00 1.244595782135123940e+01
3.238297813619673775e+02 -9.397778935411281509e+00 1.247642367011199482e+01
3.225168074499302406e+02 -9.741124729709719432e+00 1.250508329852900147e+01
3.212495713067549445e+02 -1.008040732146087493e+01 1.253139316837238226e+01
3.200175930227449044e+02 -1.041589213746585685e+01 1.255530972538758050e+01
3.188204613143216193e+02 -1.075051762494578433e+01 1.257735448935273759e+01
3.176563417771000104e+02 -1.108485152449548394e+01 1.259739848163301801e+01
3.165409608556685725e+02 -1.141744449079091872e+01 1.261495894388080785e+01
3.154729486651438606e+02 -1.174792451769748602e+01 1.262975320696991055e+01
3.144499278860013760e+02 -1.207934557018574040e+01 1.264233773622374102e+01
3.134690723000966841e+02 -1.241105277934117979e+01 1.265277014865975502e+01
3.125296481433184113e+02 -1.274048246833467601e+01 1.266076035362649144e+01
3.116306146925867324e+02 -1.306499868901586048e+01 1.266609764896369406e+01
3.107718111441497513e+02 -1.338757219951926380e+01 1.266947635934799266e+01
3.099378336145954904e+02 -1.370754899088850820e+01 1.267083468330142360e+01
3.091402944248173981e+02 -1.402321527069889129e+01 1.266998798536722326e+01
3.083822553884781996e+02 -1.433195117168807897e+01 1.266629297618170291e+01
3.076541695767245415e+02 -1.463862203963504882e+01 1.266031336033001686e+01
3.069623342804091521e+02 -1.494362515203896002e+01 1.265178984376657922e+01
3.063036081092994891e+02 -1.524648437895825381e+01 1.264055172299870300e+01
3.056913543063345742e+02 -1.554316766915464143e+01 1.262587357181028658e+01
3.051141156397906116e+02 -1.583858096876465105e+01 1.260860063266514963e+01
3.045691543259006266e+02 -1.613361389939359469e+01 1.258893071169794275e+01
3.040544257288302106e+02 -1.642826584459172068e+01 1.256693174625186593e+01
3.035792999415880331e+02 -1.671675109040080187e+01 1.254226349615198366e+01
3.031384463291029192e+02 -1.700499517592218623e+01 1.251576888873869109e+01
3.027248859167656292e+02 -1.729399794725746631e+01 1.248744539656890140e+01
3.023399554974172361e+02 -1.758374072093610962e+01 1.245720440410318552e+01
3.019889074744401682e+02 -1.786751454190182287e+01 1.242474841350505876e+01
3.016629428354754623e+02 -1.815223557838653790e+01 1.239040647534627837e+01
3.013637877876016660e+02 -1.843595874988110239e+01 1.235418016242271477e+01
3.010931856428693436e+02 -1.871968143680899388e+01 1.231607062499374550e+01
3.008544819410036553e+02 -1.899497190552578019e+01 1.227588752038225728e+01
3.006368936146176338e+02 -1.926907093647906422e+01 1.223380965624957994e+01
3.004383821902017075e+02 -1.954027148815540116e+01 1.218994086629071205e+01
3.002640623655485115e+02 -1.980953899620707759e+01 1.214422500753275003e+01
3.001065171072482940e+02 -2.006972584099885992e+01 1.209663147429981045e+01
2.999738955270431688e+02 -2.032591918941803755e+01 1.204732232189990704e+01
2.998573723704586769e+02 -2.057840404338266538e+01 1.199630532640311920e+01
2.997580289819679251e+02 -2.082669825441651668e+01 1.194358069964476243e+01
2.996774290249186379e+02 -2.106606498646036840e+01 1.188932675466226563e+01
2.996054348500279616e+02 -2.129940345413622182e+01 1.183354927782966648e+01
2.995483192507660988e+02 -2.152820485986828913e+01 1.177630733723832535e+01
2.995106681401513242e+02 -2.175128855709745679e+01 1.171760079136814703e+01
2.994800548272584706e+02 -2.196511622569095934e+01 1.165754234419362589e+01
2.994614160265555824e+02 -2.217210873341525001e+01 1.159620570994732347e+01
2.994539530309486395e+02 -2.237360290096322402e+01 1.153348066349278334e+01
2.994598914055133037e+02 -2.256896689957103419e+01 1.146944174361605029e+01
2.994695414773963762e+02 -2.275476787474045537e+01 1.140426448684281979e+01
2.994887583642951654e+02 -2.293278565903246147e+01 1.133791531925554352e+01
2.995188643089346101e+02 -2.310503046883147249e+01 1.127029848546996149e+01
2.995572498419456906e+02 -2.327029692228721558e+01 1.120135106427181348e+01
2.996012458765328006e+02 -2.342649083944300514e+01 1.113130376441771929e+01
2.996458514145301137e+02 -2.357372084035738879e+01 1.106024987608262045e+01
2.996985610080817537e+02 -2.371427036249290055e+01 1.098788542714802219e+01
2.997630097504535911e+02 -2.384892495757931385e+01 1.091421262597622288e+01
2.998281243307920931e+02 -2.397425255810602707e+01 1.083957647908279931e+01
2.998947948362489342e+02 -2.409122651169563412e+01 1.076404156781553567e+01
2.999730430023206509e+02 -2.420215108836444173e+01 1.068728717331081235e+01
3.000601307282930179e+02 -2.430718218461531777e+01 1.060931286304546717e+01
3.001570370166692783e+02 -2.440415560863786126e+01 1.053045053434276568e+01
3.002554094900708606e+02 -2.449311561175285945e+01 1.045075571644325230e+01
3.003665990332821139e+02 -2.457682873090924858e+01 1.036985613782286997e+01
3.004888507857151581e+02 -2.465482064631256875e+01 1.028755610032574630e+01
3.006211088528218625e+02 -2.472612530957412602e+01 1.020420402929249448e+01
3.007525704612141340e+02 -2.478887613200068785e+01 1.012008684426501226e+01
3.009050974435907619e+02 -2.484704889131769434e+01 1.003453420906329363e+01
3.010687311656093357e+02 -2.490050045832474979e+01 9.947471376247232655e+00
3.012490317594733256e+02 -2.494827894015914183e+01 9.859170795097911721e+00
3.014256899535440084e+02 -2.498869019726392082e+01 9.770209343053142703e+00
3.016199834373330191e+02 -2.502451250123108650e+01 9.680056254900021528e+00
3.018240365169205575e+02 -2.505568074733393402e+01 9.588816901138097037e+00
3.020317192145602121e+02 -2.508132716966383668e+01 9.496708807832579424e+00
3.022360002726657626e+02 -2.509960884793991553e+01 9.404655823629731515e+00
3.024442027328575477e+02 -2.511306838589556989e+01 9.311868751886477114e+00
3.026563625358410832e+02 -2.512176301287800939e+01 9.218436893884726757e+00
3.028701932942713029e+02 -2.512518796554467571e+01 9.124559828966896546e+00
3.030682907331325850e+02 -2.512116379696543689e+01 9.031280237949340872e+00
3.032593677634902178e+02 -2.511230523279164473e+01 8.937652305923993623e+00
3.034491285345951610e+02 -2.509843100358331114e+01 8.843759238555644941e+00
3.036346400269446235e+02 -2.507940381210243430e+01 8.749719781423227261e+00
3.037940844206061684e+02 -2.505308644276876606e+01 8.656722920075077710e+00
3.039502414454462382e+02 -2.502172461370560796e+01 8.563761710618225109e+00
3.040884121765618033e+02 -2.498534430965880659e+01 8.470802683812332035e+00
3.042233282787769895e+02 -2.494396987479214900e+01 8.377959459629463979e+00
3.043304493675415756e+02 -2.489615403234123647e+01 8.286572976044242367e+00
3.044259376855104620e+02 -2.484350356152772576e+01 8.195467497932476419e+00
3.045148195507986770e+02 -2.478619525419968639e+01 8.104633445845831119e+00
3.045929635305337797e+02 -2.472412105699332940e+01 8.014184324905766488e+00
3.046432415752963720e+02 -2.465635128662131947e+01 7.925304964516151074e+00
3.046764807846305985e+02 -2.458378946992502634e+01 7.836968373531637333e+00
3.047028085074784371e+02 -2.450641314399551618e+01 7.749061529699631024e+00
3.047151280794608397e+02 -2.442420716178315843e+01 7.661627199872179439e+00
3.047006436613434062e+02 -2.433669388620107199e+01 7.575725840665883837e+00
3.046684121325285446e+02 -2.424426215653227601e+01 7.490553688023304346e+00
3.046223855188790139e+02 -2.414704605117546876e+01 7.405867752818218186e+00
3.045665137559265645e+02 -2.404500084878404920e+01 7.321662745125565586e+00
3.044839155170438971e+02 -2.393812762925486126e+01 7.238951982012618913e+00
3.043804222813419074e+02 -2.382654698524957482e+01 7.157094779941863827e+00
3.042697622815986165e+02 -2.371019554213403424e+01 7.075714963052406326e+00
3.041518830209178077e+02 -2.358895668685349278e+01 6.994797800033567547e+00
3.040037766893798903e+02 -2.346314254777941954e+01 6.915200315848266222e+00
3.038401659070326559e+02 -2.333267564176994568e+01 6.836390506780714915e+00
3.036691489243233377e+02 -2.319716117027864044e+01 6.757937639433658994e+00
3.034906533668277575e+02 -2.305655133359650222e+01 6.679823307837255086e+00
3.032993800712801544e+02 -2.291140672097522213e+01 6.602758958662248823e+00
3.030867003640865391e+02 -2.276156274318288197e+01 6.526464347265659605e+00
3.028726680185387750e+02 -2.260647252871149959e+01 6.450295309266732779e+00
3.026568873544956659e+02 -2.244603232660104908e+01 6.374263466834509728e+00
3.024315105694443560e+02 -2.228150261305006197e+01 6.299127757735556443e+00
3.021938129557375987e+02 -2.211333610201206668e+01 6.224889674776793669e+00
3.019509784235558527e+02 -2.194097356840834223e+01 6.151088299903064716e+00
3.017065802342233383e+02 -2.176465488784830171e+01 6.077749854164046006e+00
3.014465496246366456e+02 -2.158562094720172553e+01 6.005517233452052572e+00
3.011724915506573552e+02 -2.140468285455629527e+01 5.934682673128325092e+00
3.008886871301951373e+02 -2.122078938836216011e+01 5.864553923740560393e+00
3.005918934584748854e+02 -2.103417996927041145e+01 5.795228946517426039e+00
3.002783949259609244e+02 -2.084606709418070736e+01 5.727186499903083039e+00
2.999478029680764166e+02 -2.065756247551939850e+01 5.660874589856666361e+00
2.996048084854361377e+02 -2.046722029008645549e+01 5.595493716566206643e+00
2.992533524214275644e+02 -2.027521909245452747e+01 5.531215189275790145e+00
2.988861230712030306e+02 -2.008262922855653088e+01 5.468324900387940168e+00
2.984927633823443784e+02 -1.989119054204367742e+01 5.407442468588678608e+00
2.980864883229192515e+02 -1.969873887120355960e+01 5.347733066932443435e+00
2.976713556391818543e+02 -1.950540458025116664e+01 5.289216827699562806e+00
2.972342157651930847e+02 -1.931200284448860671e+01 5.232255235410661065e+00
2.967781403728569671e+02 -1.912089460772993732e+01 5.177427895228296606e+00
2.963045454233317741e+02 -1.892940552054574255e+01 5.123900121883147030e+00
2.958163534771380228e+02 -1.873759258708079045e+01 5.071761451018015343e+00
2.953144055183229284e+02 -1.854598037835479474e+01 5.021133676902155507e+00
2.947860480977115003e+02 -1.835766209854855191e+01 4.972785847876730614e+00
2.942396144864635517e+02 -1.816934053679465677e+01 4.925795217897322331e+00
2.936778647391755612e+02 -1.798106282539616885e+01 4.880282128348536475e+00
2.931028112980193328e+02 -1.779298458596527865e+01 4.836261344386631578e+00
2.924995946876888979e+02 -1.760894370477952364e+01 4.794533245354285711e+00
2.918777413156913099e+02 -1.742490609472392293e+01 4.754256272126563765e+00
2.912452835461665472e+02 -1.724080903998382297e+01 4.715446857874158404e+00
2.905955742791688863e+02 -1.705657515489427567e+01 4.678195284899769213e+00
2.899297661119875329e+02 -1.687644238514706529e+01 4.643056260305087335e+00
2.892442429906606094e+02 -1.669620410018090695e+01 4.609424973652677338e+00
2.885417000954733453e+02 -1.651555091550196153e+01 4.577311869016031487e+00
2.878320620584514700e+02 -1.633431626666750347e+01 4.546609179112492072e+00
2.871006853917386366e+02 -1.615655248259234611e+01 4.517991852131071795e+00
2.863516563364275385e+02 -1.597845709490887067e+01 4.490854263540424718e+00
2.855904400339979929e+02 -1.579934881019041626e+01 4.465184579433946865e+00
2.848140463092167920e+02 -1.561896764188989728e+01 4.440892347933003137e+00
2.840239527577689387e+02 -1.544089128484145235e+01 4.418539001861688575e+00
2.832152985135231233e+02 -1.526195068078652817e+01 4.397623675316935987e+00
2.823936076990652282e+02 -1.508101232314553997e+01 4.378084536280388406e+00
2.815631527500551101e+02 -1.489847898993608233e+01 4.359990724745465229e+00
2.807227770795406627e+02 -1.471823307886954879e+01 4.343523671544641473e+00
2.798641469399236144e+02 -1.453845754612913765e+01 4.328517584669582696e+00
2.789980235844996628e+02 -1.435809550454664141e+01 4.314832173196604614e+00
2.781210711400213427e+02 -1.417760611326649745e+01 4.302508384226971572e+00
2.772362202616889704e+02 -1.400053816431647213e+01 4.291743382294039399e+00
2.763471209084915472e+02 -1.382562723935400406e+01 4.282295392660349087e+00
2.754447196106397087e+02 -1.365157815920999695e+01 4.274138985456257700e+00
2.745388391158751915e+02 -1.347866180976686934e+01 4.267254609174491620e+00
2.736268381708750894e+02 -1.331008052401631048e+01 4.261674677707878445e+00
2.727044045534474890e+02 -1.314519745930853389e+01 4.257338743288403116e+00
2.717785947892620584e+02 -1.298242139772050052e+01 4.254194890403617535e+00
2.708472214427076779e+02 -1.282183265373052805e+01 4.252220845148979578e+00
2.699073351068839770e+02 -1.266609309762634616e+01 4.251454074608036038e+00
2.689683790237296535e+02 -1.251509613996893044e+01 4.251838128010497542e+00
2.680230194390501879e+02 -1.236676823572146411e+01 4.253355121371176217e+00
2.670751024162223075e+02 -1.222112948378146591e+01 4.256050045243426894e+00
2.661325044461198672e+02 -1.208028846383317401e+01 4.259887646708003572e+00
2.651861872492604562e+02 -1.194502594562274211e+01 4.264818441194056398e+00
2.642337282843258208e+02 -1.181278414572716429e+01 4.270901598337712990e+00
2.632853483207177305e+02 -1.168370446097807935e+01 4.278064154320488477e+00
2.623302584958584021e+02 -1.155941089512304210e+01 4.286287869502367620e+00
2.613798097265483307e+02 -1.144137973806348718e+01 4.295487252106999776e+00
2.604234432716160086e+02 -1.132673997591138892e+01 4.305755877411948873e+00
2.594652665791140862e+02 -1.121552229621941166e+01 4.317129514511167443e+00
2.585050907696594891e+02 -1.110891764398400383e+01 4.329499000376536344e+00
2.575466724365831510e+02 -1.100874868267508866e+01 4.342686797238030749e+00
2.565894605613869999e+02 -1.091189900114292932e+01 4.357040949369169525e+00
2.556248017016692700e+02 -1.081839605119399650e+01 4.372483428888396695e+00
2.546548416856936399e+02 -1.072911073648934988e+01 4.388995338862322626e+00
2.536889797202248076e+02 -1.064619865070277527e+01 4.406192720173098820e+00
2.527206346438150604e+02 -1.056647117371780809e+01 4.424576391634280625e+00
2.517458708260295168e+02 -1.048989428968214455e+01 4.444115492494876030e+00
2.507613495090589311e+02 -1.041688186771289182e+01 4.464691951928814184e+00
2.497868776500501440e+02 -1.035006681411678642e+01 4.485942133189775305e+00
2.487959460299571219e+02 -1.028604107126215972e+01 4.508445179977180750e+00
2.477987557291442329e+02 -1.022462840232674353e+01 4.532167257910505676e+00
2.467911277576202735e+02 -1.016581182973066610e+01 4.557261690377679919e+00
2.457894392829290098e+02 -1.011232076658060741e+01 4.583090469129242450e+00
2.447792270973189659e+02 -1.006084388536078755e+01 4.610292623996899763e+00
2.437599431826530463e+02 -1.001146450424491263e+01 4.638907536026454004e+00
2.427241010299347295e+02 -9.964316857659191840e+00 4.668728192559883361e+00
2.417077804505555321e+02 -9.922267677550202336e+00 4.699065339046824441e+00
2.406787332962631183e+02 -9.882675811567546376e+00 4.730354908990189955e+00
2.396512166614795376e+02 -9.845585785304395543e+00 4.762579297395652667e+00
2.386178868508163760e+02 -9.811123955087003523e+00 4.795771842314729305e+00
2.375968102875620218e+02 -9.781559841681186640e+00 4.828932283561783834e+00
2.365745383124487091e+02 -9.754904055083869707e+00 4.862701864789006123e+00
2.355591478160615111e+02 -9.730965194829449771e+00 4.897155944228789082e+00
2.345447217071414627e+02 -9.709806705432603380e+00 4.932199658029108313e+00
2.335444893768913914e+02 -9.693162345117938727e+00 4.967071559694869798e+00
2.325513696858412231e+02 -9.679660135307839752e+00 5.002173807240121839e+00
2.315648383944804891e+02 -9.669004390011121330e+00 5.037656310982270291e+00
2.305781505241742195e+02 -9.661258421653725392e+00 5.073494277901506422e+00
2.296124476097012632e+02 -9.657615970394580529e+00 5.108997703976825733e+00
2.286584760224876902e+02 -9.657306187883140325e+00 5.144486923557877844e+00
2.277113870288465307e+02 -9.659894701158501462e+00 5.180225848672242783e+00
2.267710853295997140e+02 -9.665505598920267616e+00 5.216059765362981437e+00
2.258500040956480177e+02 -9.674933457296686967e+00 5.251456447884552681e+00
2.249426457206509440e+02 -9.687767170505857450e+00 5.286480273477706326e+00
2.240429107485655607e+02 -9.703618494347725942e+00 5.321613712415003583e+00
2.231507140315371203e+02 -9.722537130601644151e+00 5.356696486627406273e+00
2.222771288213122034e+02 -9.745012522580303482e+00 5.391133932202949453e+00
2.214186524978317721e+02 -9.770870900550178817e+00 5.425091739883584729e+00
2.205681125605719899e+02 -9.799804176170548331e+00 5.459033666629057535e+00
2.197247988984200617e+02 -9.831807966022198642e+00 5.492933141658796536e+00
2.188992613783449031e+02 -9.867127799559909818e+00 5.526317445493894809e+00
2.180897169534968043e+02 -9.905638566410639001e+00 5.559161689818067131e+00
2.172871972333589099e+02 -9.947242271475504438e+00 5.592115247550172086e+00
2.164922805321756130e+02 -9.992064641209410070e+00 5.625085733092231699e+00
2.157105082789280459e+02 -1.004004553401390254e+01 5.657627236032163331e+00
2.149449414652360417e+02 -1.009113097536508796e+01 5.689623765686511625e+00
2.141844059848206996e+02 -1.014548214582450036e+01 5.721693732193450899e+00
2.134282700493450875e+02 -1.020323030207283566e+01 5.753813783716623220e+00
2.126815704150471902e+02 -1.026418134541908422e+01 5.785685316369779230e+00
2.119490610324820068e+02 -1.032820850980158411e+01 5.816947056423659390e+00
2.112183334202588014e+02 -1.039572936716552753e+01 5.848513870112198809e+00
2.104880667160140888e+02 -1.046689831450353658e+01 5.880284856924972381e+00
2.097638015670276275e+02 -1.054154182101267700e+01 5.912151440194342911e+00
2.090500842756207476e+02 -1.061905168835845359e+01 5.943598650358831392e+00
2.083368383262709358e+02 -1.070006902827113393e+01 5.975353890876210272e+00
2.076248580466142641e+02 -1.078439291217845231e+01 6.007308976658333854e+00
2.069173235815109990e+02 -1.087137822918311691e+01 6.039158541308268013e+00
2.062257258116553942e+02 -1.095998276858160736e+01 6.070171002331748333e+00
2.055374370253644827e+02 -1.105101717136513706e+01 6.101088831886634090e+00
2.048532681791092784e+02 -1.114438962455858118e+01 6.131851925019437211e+00
2.041758446461165590e+02 -1.123960605902023602e+01 6.162341023421457287e+00
2.035169202241471851e+02 -1.133510514720022222e+01 6.191640581412576338e+00
2.028642097663485799e+02 -1.143234339760135221e+01 6.220736298562582256e+00
2.022185413721558973e+02 -1.153111404198758017e+01 6.249535576798157521e+00
2.015806319233998067e+02 -1.163125362301697763e+01 6.277960200080608288e+00
2.009642819001808789e+02 -1.173044529042614492e+01 6.305073698120828851e+00
2.003563743853510459e+02 -1.183073415599999123e+01 6.331804034150063210e+00
1.997568410242803907e+02 -1.193198807211818391e+01 6.358086591857075476e+00
1.991663468528884096e+02 -1.203407545883870000e+01 6.383782510611976768e+00
1.985973844947487521e+02 -1.213437897081753469e+01 6.408017430648081714e+00
1.980384690977626008e+02 -1.223521380061898789e+01 6.431579990156053306e+00
1.974887866124978473e+02 -1.233650951652987082e+01 6.454485904794439399e+00
1.969493616901044390e+02 -1.243833777008473795e+01 6.476726994297096418e+00
1.964301388666874857e+02 -1.253799565093669699e+01 6.497491573535149278e+00
1.959215251391223092e+02 -1.263769060292908364e+01 6.517398721397198003e+00
1.954236567180273312e+02 -1.273768406737807979e+01 6.536601896486244456e+00
1.949355491871622519e+02 -1.283791880584819545e+01 6.555023623895952944e+00
1.944663140852822494e+02 -1.293592867561491921e+01 6.572025547283052660e+00
1.940089320813409586e+02 -1.303363224123786068e+01 6.588099933065152847e+00
1.935622044647116695e+02 -1.313164182723225792e+01 6.603375021029329162e+00
1.931251502233854467e+02 -1.323003879082882328e+01 6.617876114579312130e+00
1.927050659356328879e+02 -1.332632233310085823e+01 6.630915506665285619e+00
1.922968254631819036e+02 -1.342206016289047454e+01 6.643014083270036174e+00
1.918981101911969915e+02 -1.351833596465244547e+01 6.654238439310447895e+00
1.915093046561803476e+02 -1.361515919752296355e+01 6.664577714499923644e+00
1.911343752620195460e+02 -1.371022374736296001e+01 6.673602113169134320e+00
1.907707262658069851e+02 -1.380476365094962787e+01 6.681477543814029474e+00
1.904158883486400100e+02 -1.390006069567014357e+01 6.688476830647219984e+00
1.900700851438895143e+02 -1.399644607916302341e+01 6.694664545315658799e+00
1.897362568657011082e+02 -1.409194260533580945e+01 6.699637718239242368e+00
1.894137641429500150e+02 -1.418733477121593012e+01 6.703568767077782375e+00
1.890978188090879826e+02 -1.428453523730618890e+01 6.706760183614187909e+00
1.887921743779957922e+02 -1.438373803636449288e+01 6.709207724365237269e+00
1.884989076105343884e+02 -1.448315725909680829e+01 6.710717344349246716e+00
1.882173765452108967e+02 -1.458259311423449311e+01 6.711308417914790603e+00
1.879433398448573200e+02 -1.468362106175056070e+01 6.711111220173869185e+00
1.876724199186291173e+02 -1.478590332561264198e+01 6.710236916180061684e+00
1.874083182341880445e+02 -1.488737246625244026e+01 6.708426705766264320e+00
1.871584809974657162e+02 -1.498722379124972726e+01 6.705634967218173870e+00
1.869115117436944331e+02 -1.508737674494400061e+01 6.702099396710131884e+00
1.866761893609606204e+02 -1.518768519288567909e+01 6.697795739983195773e+00
1.864391507686495686e+02 -1.528643156391301261e+01 6.692660828787628802e+00
1.862143995695263357e+02 -1.538221133080741510e+01 6.686599643974362017e+00
1.859923630325051249e+02 -1.547739535606141459e+01 6.679766710249587014e+00
1.857806371962700211e+02 -1.557183022597632416e+01 6.672275759916104221e+00
1.855674860533311517e+02 -1.566423933144647762e+01 6.663910296069390782e+00
1.853628408933405751e+02 -1.575266196515756967e+01 6.654797853617433923e+00
1.851627467659411650e+02 -1.583989012190076373e+01 6.644926690016498938e+00
1.849633912465335754e+02 -1.592577604064100605e+01 6.634342618710774353e+00
1.847692677056662944e+02 -1.600931195372891480e+01 6.623085128516749798e+00
1.845825425566678746e+02 -1.608813457542188985e+01 6.610992690497983659e+00
1.843979562897416997e+02 -1.616522151514671890e+01 6.598221975436681319e+00
1.842118462019821550e+02 -1.624036526008309878e+01 6.584735836935838194e+00
1.840357760443821746e+02 -1.631303764532788492e+01 6.570415130760667743e+00
1.838556979035562904e+02 -1.638013426169394648e+01 6.555396489395238113e+00
1.836753839141436231e+02 -1.644498091907422221e+01 6.539563723489705716e+00
1.835027077677473812e+02 -1.650761256158591905e+01 6.522947456885145989e+00
1.833373621303699679e+02 -1.656795842453245982e+01 6.505581832089549543e+00
1.831639595951170634e+02 -1.662260163458630302e+01 6.487590650906387424e+00
1.829953187304796529e+02 -1.667527581298434569e+01 6.468825150206588326e+00
1.828318398753013696e+02 -1.672593900896349695e+01 6.449313169965209092e+00
1.826738533063452223e+02 -1.677469552202013503e+01 6.429008092657754858e+00
1.825145420675708579e+02 -1.681802934862979271e+01 6.408184384284101753e+00
1.823650874888188014e+02 -1.685937649439636132e+01 6.386517274332978111e+00
1.822129291382343013e+02 -1.689884542640953313e+01 6.364024603126864577e+00
1.820674968762872652e+02 -1.693637469449468114e+01 6.340588886094135290e+00
1.819250396947545596e+02 -1.696909476677733863e+01 6.316594673027854157e+00
1.817815266726787229e+02 -1.699967226148431365e+01 6.291704708581123739e+00
1.816446129599975450e+02 -1.702871247905936869e+01 6.265852280173903388e+00
1.815190927311421376e+02 -1.705630900791621585e+01 6.239006833979833466e+00
1.813898260332028656e+02 -1.707993008681132707e+01 6.211480322654662878e+00
1.812712380047140641e+02 -1.710190979895496000e+01 6.182933956838249756e+00
1.811623830786203939e+02 -1.712284143428823668e+01 6.153337638784582175e+00
1.810592098816869111e+02 -1.714276446386364583e+01 6.122678978335609479e+00
1.809556015542573277e+02 -1.715956373877397922e+01 6.091238556628776557e+00
1.808605324188920633e+02 -1.717440277731427756e+01 6.058979396834402564e+00
1.807713453085011963e+02 -1.718795421303519788e+01 6.025754115086475515e+00
1.806868855625002936e+02 -1.720000205991944853e+01 5.991638343262070343e+00
1.805991294841474826e+02 -1.720882046535065157e+01 5.957146136688484361e+00
1.805076011574002735e+02 -1.721515617842252155e+01 5.922118311676542568e+00
1.804194769566167338e+02 -1.721995065724835783e+01 5.886393003638817234e+00
1.803355393231815924e+02 -1.722306074282361621e+01 5.850056921620612194e+00
1.802455816567847648e+02 -1.722313577879770818e+01 5.813536454432626677e+00
1.801566989044979437e+02 -1.722064007202207847e+01 5.776801424113602756e+00
1.800662915092842411e+02 -1.721633473401875847e+01 5.739623256046716193e+00
1.799746801617746428e+02 -1.721025354230093996e+01 5.702019697667341624e+00
1.798765984517773120e+02 -1.720119581965400712e+01 5.664425691586757239e+00
1.797772804204965098e+02 -1.718927504857696320e+01 5.626785983690950843e+00
1.796712180908272671e+02 -1.717530149371728498e+01 5.588908745493291974e+00
1.795652257351133301e+02 -1.715930751327656267e+01 5.550744684238765991e+00
1.794458611439291928e+02 -1.714041450962730906e+01 5.512624418130714687e+00
1.793189495725412428e+02 -1.711848115781474533e+01 5.474700460557324178e+00
1.791930515944284252e+02 -1.709443534395388298e+01 5.436545777775298127e+00
1.790622214254109110e+02 -1.706816590252305943e+01 5.398240481762623943e+00
1.789248231206663320e+02 -1.703913929640692615e+01 5.360070374043258923e+00
1.787725747689250966e+02 -1.700708662001119009e+01 5.322214929957347351e+00
1.786182821723659515e+02 -1.697275547933306328e+01 5.284195772057947771e+00
1.784615913170071053e+02 -1.693611074915417802e+01 5.246038016522502012e+00
1.782957283343559709e+02 -1.689689391812990138e+01 5.207883203823702623e+00
1.781138029499649917e+02 -1.685465360345334673e+01 5.170252737951186006e+00
1.779353383034905391e+02 -1.681009174186424815e+01 5.132465823312652553e+00
1.777546537493669518e+02 -1.676308366340376210e+01 5.094463546506369234e+00
1.775639761855655649e+02 -1.671345105588218161e+01 5.056421972835400958e+00
1.773571621330373205e+02 -1.666092058003841103e+01 5.018820444043677220e+00
1.771509684277873475e+02 -1.660591554318277119e+01 4.981016394075365561e+00
1.769386264034937994e+02 -1.654824446803320726e+01 4.942960153500142617e+00
1.767262270105090636e+02 -1.648798600297008576e+01 4.904713321353414202e+00
1.764971157033363340e+02 -1.642487947497403766e+01 4.866898797982221581e+00
1.762665808317585459e+02 -1.635923946766370918e+01 4.828754980462923285e+00
1.760420964369912440e+02 -1.629092466309306531e+01 4.790217203733720730e+00
1.758156809119618345e+02 -1.621994450523472153e+01 4.751259423106134250e+00
1.755728629929701015e+02 -1.614651584068574053e+01 4.712692583845768723e+00
1.753369111396251867e+02 -1.607040566537660098e+01 4.673599256387666934e+00
1.751078089130179194e+02 -1.599146377792975215e+01 4.633934105813422022e+00
1.748844071493779211e+02 -1.590983427560131780e+01 4.593812805211646477e+00
1.746436485388917959e+02 -1.582620901414403924e+01 4.554003298939992561e+00
1.744053351452962772e+02 -1.574022972112029173e+01 4.513925388698591057e+00
1.741684086792585049e+02 -1.565200816759128344e+01 4.473530953787101083e+00
1.739314248686308417e+02 -1.556166258304615013e+01 4.432862136294968280e+00
1.736814950508179152e+02 -1.547013232036203512e+01 4.392808349007562896e+00
1.734272956450663230e+02 -1.537681158943382087e+01 4.352698333003290898e+00
1.731739648756274903e+02 -1.528179625484219528e+01 4.312548478024441856e+00
1.729187381601309426e+02 -1.518514496259868807e+01 4.272313052381061738e+00
1.726546433615645526e+02 -1.508801413070096764e+01 4.232886701544320118e+00
1.723797900146775817e+02 -1.498973322121399043e+01 4.193614676188689216e+00
1.721049529324141929e+02 -1.489013601975973167e+01 4.154475695786913114e+00
1.718266060842665581e+02 -1.478929566660894501e+01 4.115504426123782977e+00
1.715282773369082747e+02 -1.468843386018643393e+01 4.077273387599844590e+00
1.712277817083061393e+02 -1.458696911290032538e+01 4.039529418730200661e+00
1.709211151704383269e+02 -1.448451939352830919e+01 4.002014176071944540e+00
1.706121180068304852e+02 -1.438112131919175241e+01 3.964797064479636646e+00
1.702889748394853768e+02 -1.427800709598670714e+01 3.928325713806137376e+00
1.699606596547127140e+02 -1.417465190648494833e+01 3.892511343004460223e+00
1.696261428529931550e+02 -1.407051246294370728e+01 3.857039932178119024e+00
1.692834565328404324e+02 -1.396557639577576282e+01 3.821920393374584890e+00
1.689309089182009984e+02 -1.386102867270650307e+01 3.787621330549073129e+00
1.685754052866044219e+02 -1.375655336957748354e+01 3.754019451566411814e+00
1.682122580747969494e+02 -1.365127710896871172e+01 3.720799767093962096e+00
1.678395767248018728e+02 -1.354517321664301832e+01 3.687986527664825598e+00
1.674597674803031850e+02 -1.343938119330080383e+01 3.655973564813263188e+00
1.670727845285542514e+02 -1.333384870087625629e+01 3.624700388361671965e+00
1.666750471850044448e+02 -1.322739285298075806e+01 3.593824959607547775e+00
1.662734867509953460e+02 -1.311993495212356997e+01 3.563368235717931043e+00
1.658631988496857161e+02 -1.301250485595877393e+01 3.533644208839575640e+00
1.654425085438262215e+02 -1.290539389528299630e+01 3.504613273872658752e+00
1.650162222840583013e+02 -1.279711136574529995e+01 3.476043755412898673e+00
1.645847142753045489e+02 -1.268751288370326158e+01 3.447831865785548899e+00
1.641451731099876383e+02 -1.257741870691895869e+01 3.420246922981600601e+00
1.636965423366052050e+02 -1.246748011403846057e+01 3.393362289931964870e+00
1.632427599983892321e+02 -1.235585931617718458e+01 3.366850212165847456e+00
1.627847857049696358e+02 -1.224239861537717289e+01 3.340670554586221641e+00
1.623203089254150768e+02 -1.212773620506678007e+01 3.314996973456787011e+00
1.618476632153296464e+02 -1.201292342579258765e+01 3.289952457429299759e+00
1.613709295118373745e+02 -1.189584213434801541e+01 3.265228839174768805e+00
1.608890303103029567e+02 -1.177668795055098094e+01 3.240795756830012753e+00
1.604015081045401416e+02 -1.165635460777640375e+01 3.216831697677772883e+00
1.599061407708970819e+02 -1.153676656964634795e+01 3.193470151419043113e+00
1.594058380025815325e+02 -1.141591255033107544e+01 3.170447308728483460e+00
1.589019329957670550e+02 -1.129387316136411101e+01 3.147816422535878456e+00
1.583937093521743122e+02 -1.117118535175054816e+01 3.125590752069877798e+00
1.578804793756114861e+02 -1.105035240447431377e+01 3.103995212163481288e+00
1.573650253708833873e+02 -1.092885375022142824e+01 3.082865617940570235e+00
1.568467682865465065e+02 -1.080692661524868114e+01 3.062126022911982215e+00
1.563264880710889884e+02 -1.068482522489704500e+01 3.041787120195605265e+00
1.558022496673041815e+02 -1.056540349744575913e+01 3.022145030415139821e+00
1.552759117926142949e+02 -1.044601889778722104e+01 3.002883568963908179e+00
1.547470346095377067e+02 -1.032669250386903670e+01 2.984128819443559788e+00
1.542151759621025917e+02 -1.020766671757151833e+01 2.965785615320837287e+00
1.536808121079627654e+02 -1.009202387513744448e+01 2.948030045803618826e+00
1.531444031029043913e+02 -9.976908883163744690e+00 2.930722643730193422e+00
1.526057094329320023e+02 -9.862289485734462957e+00 2.913932060479053288e+00
1.520644396685540016e+02 -9.748277779824174871e+00 2.897584434039307322e+00
1.515224134652880537e+02 -9.637596536338575604e+00 2.881812962680215140e+00
1.509781065440979830e+02 -9.528026646151980472e+00 2.866529501321923856e+00
1.504311847266017139e+02 -9.419230146889564281e+00 2.851775317187238645e+00
1.498820311519284587e+02 -9.311247041558923243e+00 2.837465941001960701e+00
1.493318844118413153e+02 -9.206574423296373766e+00 2.823715568452089375e+00
1.487793210472780174e+02 -9.103338496891163700e+00 2.810489235511608896e+00
1.482232676114918775e+02 -9.001050488128408134e+00 2.797703537686700326e+00
1.476641616989606121e+02 -8.899681394457351402e+00 2.785498635882751817e+00
1.471043352056226468e+02 -8.801390662008435228e+00 2.773741298701354552e+00
1.465417960406032591e+02 -8.704633963677922637e+00 2.762562667369852232e+00
1.459762865638409437e+02 -8.608686780281299633e+00 2.751954065409142558e+00
1.454071832287364714e+02 -8.513469285809584619e+00 2.741909882313513513e+00
1.448376961844033417e+02 -8.420813198395840971e+00 2.732453090449857847e+00
1.442652367463443568e+02 -8.329677340300397859e+00 2.723480726586221756e+00
1.436894873791592602e+02 -8.239090159085293408e+00 2.715160659330921433e+00
1.431086331608003377e+02 -8.148960660563089320e+00 2.707557978542825428e+00
1.425261489813603362e+02 -8.060840391692019935e+00 2.700461349219315910e+00
1.419403492631419113e+02 -7.974143961949238246e+00 2.693963274492624738e+00
1.413485983530918872e+02 -7.887645839943295378e+00 2.688156649780687246e+00
1.407510684348425798e+02 -7.801193736418885472e+00 2.683110926767631188e+00
1.401492492929767764e+02 -7.716084708612259924e+00 2.678715910491395125e+00
1.395434277471849214e+02 -7.632060484369697306e+00 2.674898044409437237e+00
1.389313426195193699e+02 -7.547968947642038628e+00 2.671893735590533669e+00
1.383137663409856088e+02 -7.463937702793197460e+00 2.669563548725448765e+00
1.376945089823932449e+02 -7.381123767029809102e+00 2.667790307119038751e+00
1.370744460565693998e+02 -7.299995139358060214e+00 2.666410875946340742e+00
1.364509066560302415e+02 -7.219157915125731684e+00 2.665619108585459252e+00
1.358240703444490407e+02 -7.138813538220941446e+00 2.665403161200353033e+00
1.351981336864743071e+02 -7.059837939855553302e+00 2.665585066256315194e+00
1.345750881163683346e+02 -6.982843516515155002e+00 2.665950299348018859e+00
1.339507022879471094e+02 -6.906577313646742766e+00 2.666766772621178117e+00
1.333250035096455690e+02 -6.831167642023339148e+00 2.668034896193903105e+00
1.327015941677625221e+02 -6.757207233062037410e+00 2.669501720390694555e+00
1.320835114859017665e+02 -6.685589944115265304e+00 2.671023476224364313e+00
1.314660301289591757e+02 -6.615030723521396538e+00 2.672815908195740775e+00
1.308484443055626230e+02 -6.545577334558612570e+00 2.674953431279532001e+00
1.302338931108595546e+02 -6.477630261086449792e+00 2.677205961342213225e+00
1.296273858671377468e+02 -6.412202954601431415e+00 2.679374073864273065e+00
1.290221404466498711e+02 -6.347895132646776517e+00 2.681803485949633803e+00
1.284190460492714294e+02 -6.284748609440784506e+00 2.684538792924429540e+00
1.278195745290117173e+02 -6.223008889847604586e+00 2.687461183253573971e+00
1.272298528814486929e+02 -6.163794225914593916e+00 2.690143547295956061e+00
1.266429381697243315e+02 -6.105817008562699932e+00 2.693133320656206919e+00
1.260583120337739444e+02 -6.049150299376661266e+00 2.696373542351444552e+00
1.254759887523594415e+02 -5.993930282804018184e+00 2.699855351630533917e+00
1.249044293849456295e+02 -5.941309663839776434e+00 2.702952535029709669e+00
1.243354481453703642e+02 -5.890113350242311974e+00 2.706327641443839749e+00
1.237677971685085083e+02 -5.840374377069859513e+00 2.709909361277857087e+00
1.232017012800849756e+02 -5.792147145618521620e+00 2.713774264753912036e+00
1.226468204345274700e+02 -5.746429951153340099e+00 2.717300988892159541e+00
1.220934158340979252e+02 -5.702236852753300056e+00 2.721102906739779836e+00
1.215409638124475009e+02 -5.659595017482011770e+00 2.725177169689172896e+00
1.209891153558460530e+02 -5.618550256776830842e+00 2.729581868828748981e+00
1.204467802571552966e+02 -5.579788730314791501e+00 2.733693046269039861e+00
1.199050064099239847e+02 -5.542679469785136703e+00 2.738150057069236532e+00
1.193632773275952275e+02 -5.507193120903330907e+00 2.743001465157357543e+00
1.188197999488517240e+02 -5.473369006295043526e+00 2.748305617593056471e+00
1.182846216338272711e+02 -5.441633407868300409e+00 2.753475500363764539e+00
1.177484799820419425e+02 -5.411663945063241776e+00 2.759060429906978751e+00
1.172097999514165565e+02 -5.383434185061198640e+00 2.765111216583927334e+00
1.166680846435952503e+02 -5.357006405015718009e+00 2.771766500297313307e+00
1.161305564675972164e+02 -5.332620107540090082e+00 2.778454856666296990e+00
1.155921083413654173e+02 -5.309989899573659855e+00 2.785516036212174473e+00
1.150512884678101386e+02 -5.289045093725175839e+00 2.792999509407411818e+00
1.145083228935249764e+02 -5.269690971292188664e+00 2.800854615319671392e+00
1.139707742127044696e+02 -5.251888053615713758e+00 2.808664596196450258e+00
1.134360446055876821e+02 -5.235391795126251857e+00 2.816677866497980798e+00
1.129011922893868984e+02 -5.220230757009256983e+00 2.824959442587190672e+00
1.123664374727723327e+02 -5.206266252908251957e+00 2.833587577941427682e+00
1.118384735629265521e+02 -5.193334086807833039e+00 2.842143678296240150e+00
1.113159933396657522e+02 -5.181426840101132747e+00 2.850604663748887102e+00
1.107950383508330532e+02 -5.170538880680718208e+00 2.859240345080769075e+00
1.102758029870883831e+02 -5.160725136931371360e+00 2.867997851708669277e+00
1.097635932737280200e+02 -5.151609514663081590e+00 2.876580523986087101e+00
1.092586481402306759e+02 -5.143277977145649160e+00 2.884793980365128352e+00
1.087564246572034676e+02 -5.135829944806721947e+00 2.893106841551160713e+00
1.082571402269188212e+02 -5.129259409415686477e+00 2.901403218401994000e+00
1.077652080607867475e+02 -5.123275776398448222e+00 2.909433007029304630e+00
1.072820390806496107e+02 -5.117696462828247306e+00 2.917146335727625495e+00
1.068021622181989017e+02 -5.112848698481800014e+00 2.924778578781831673e+00
1.063264805891732294e+02 -5.108851179375575313e+00 2.932410877210245292e+00
1.058576951230964482e+02 -5.105265364849920218e+00 2.939685136307658375e+00
1.053984547572783725e+02 -5.101899260492547050e+00 2.946525380014508144e+00
1.049429011259475999e+02 -5.099299101586360905e+00 2.953254142604063048e+00
1.044918478856798600e+02 -5.097532727713325329e+00 2.959887323385888003e+00
1.040473317191582225e+02 -5.096346302291177466e+00 2.966120598430034061e+00
1.036121956815304372e+02 -5.095127090405980219e+00 2.971834331416453256e+00
1.031816514537210026e+02 -5.094833851826582105e+00 2.977434646238427796e+00
1.027552046913926347e+02 -5.095451611694103100e+00 2.982851047477285800e+00
1.023344999218668505e+02 -5.096880895796619626e+00 2.988091843880632759e+00
1.019233535707822114e+02 -5.098202720696716206e+00 2.992810514585639847e+00
1.015163609814448193e+02 -5.100645635684330159e+00 2.997440469985869438e+00
1.011137136604386058e+02 -5.104286227473933124e+00 3.002057891249533483e+00
1.007156795510152563e+02 -5.108934405590656702e+00 3.006512041169632887e+00
1.003272060251096178e+02 -5.113676661954947633e+00 3.010377845514605966e+00
9.994206888919146081e+01 -5.119798017554286318e+00 3.014267815558987706e+00
9.956045498238380276e+01 -5.127421405388142617e+00 3.018041999914020668e+00
9.918211026971124511e+01 -5.136570337744279513e+00 3.021673292488285423e+00
9.881255967572816701e+01 -5.145901412646169959e+00 3.024875695070452064e+00
9.844592267629582238e+01 -5.157135612449304851e+00 3.028076251630463123e+00
9.808203073119919679e+01 -5.170339658407081096e+00 3.031220910110684841e+00
9.772072932034703285e+01 -5.185672292025889085e+00 3.034396395516014699e+00
9.736632568709852364e+01 -5.201281516587357601e+00 3.037176381507577627e+00
9.701513602018948745e+01 -5.218575665299363564e+00 3.039941968064960420e+00
9.666677043103199196e+01 -5.237524123325102643e+00 3.042639390560383461e+00
9.632098216798145529e+01 -5.257987158449744847e+00 3.045357603044668071e+00
9.598200152125636464e+01 -5.278079323160553393e+00 3.047618050086096098e+00
9.564581894043871557e+01 -5.299146929748718371e+00 3.049816287860349195e+00
9.531290913913056784e+01 -5.321331772449206632e+00 3.051946774610898139e+00
9.498261712609408391e+01 -5.344365436800820213e+00 3.053970142988268854e+00
9.465788248025205576e+01 -5.366604806585327125e+00 3.055547870462180793e+00
9.433699111423406691e+01 -5.389186060865506889e+00 3.057029267864563415e+00
9.401872744039255281e+01 -5.412284009853737032e+00 3.058273048557114571e+00
9.370312828959019669e+01 -5.435818387896255821e+00 3.059379911960648624e+00
9.339258818893972602e+01 -5.458192574857661405e+00 3.060054273165014660e+00
9.308535517772894252e+01 -5.480352754985909236e+00 3.060515073289500787e+00
9.278114042108883552e+01 -5.502776215271459215e+00 3.060786600837538618e+00
9.247980637680738880e+01 -5.525399262464370409e+00 3.060898997386320541e+00
9.218308663654030966e+01 -5.546854058760287032e+00 3.060759450520735392e+00
9.189047044078526483e+01 -5.567746168407483154e+00 3.060430469700324618e+00
9.160101770811400002e+01 -5.588736373997796214e+00 3.059895241747306205e+00
9.131410509363644223e+01 -5.609746391023774592e+00 3.059245083422516664e+00
9.103236678706863927e+01 -5.629566184924604144e+00 3.058262640648041319e+00
9.075327824274953059e+01 -5.648553969836618727e+00 3.057053769408651700e+00
9.047776391363112225e+01 -5.667466553015423791e+00 3.055584308700401763e+00
9.020577850191948244e+01 -5.686353080818726369e+00 3.053884863291427720e+00
8.993746799570467942e+01 -5.704085016966701005e+00 3.051897732753063419e+00
8.967277583550583131e+01 -5.720908997077073010e+00 3.049581095423876675e+00
8.941222977021449481e+01 -5.737734628025742190e+00 3.046997703998766127e+00
8.915514978582542938e+01 -5.754612910830434913e+00 3.044173872895340249e+00
8.890177585351128187e+01 -5.770664033743392096e+00 3.041057403165364548e+00
8.865255232003461572e+01 -5.785693803586180906e+00 3.037616738841162789e+00
8.840719376687682995e+01 -5.800914021659217212e+00 3.033859289947819615e+00
8.816577148764565663e+01 -5.816303399854901635e+00 3.029815345220261413e+00
8.792884294489223862e+01 -5.831208295864572122e+00 3.025321662958953883e+00
8.769548975523005652e+01 -5.845153408696268649e+00 3.020533195480243904e+00
8.746614931009787597e+01 -5.859447846590766673e+00 3.015304525819219705e+00
8.724214647369059605e+01 -5.874217285932808785e+00 3.009723033657113245e+00
8.702292702342460018e+01 -5.888990077237263421e+00 3.003656938318875369e+00
8.680770053543362508e+01 -5.903063273480785078e+00 2.997303424365134195e+00
8.659848003307592990e+01 -5.918066019167791403e+00 2.990523959228583717e+00
8.639571414571523178e+01 -5.934001210121412129e+00 2.983324855575435031e+00
8.619796138611211234e+01 -5.950463632838521200e+00 2.975721135930641914e+00
8.600349018096167697e+01 -5.966165868939699024e+00 2.967817095731338561e+00
8.581418187390978858e+01 -5.982565140664559244e+00 2.959594296666798741e+00
8.562948532693700088e+01 -5.999462852219125786e+00 2.951044263692552239e+00
8.544868242552014692e+01 -6.016570976984348285e+00 2.942166578854898962e+00
8.526846329612122588e+01 -6.032556316894829962e+00 2.933133210462598228e+00
8.509169181443590446e+01 -6.048760962902708371e+00 2.923821129931747365e+00
8.491830065894048118e+01 -6.065154487371269276e+00 2.914231626896800265e+00
8.474804136394628529e+01 -6.081594915169577398e+00 2.904452845417522244e+00
8.457633802180768612e+01 -6.096545595496093206e+00 2.894688607703097993e+00
8.440715580121869266e+01 -6.111524800283500980e+00 2.884680220991203026e+00
8.424006029935416962e+01 -6.126421319558795098e+00 2.874444378723778559e+00
8.407538824471400574e+01 -6.141193522352919487e+00 2.864072369700471299e+00
8.390841835047910990e+01 -6.154366757733741977e+00 2.853811084012923605e+00
8.374295330695503026e+01 -6.167383352250455530e+00 2.843452953575064335e+00
8.357943018044842631e+01 -6.180148226468587858e+00 2.832915662012811975e+00
8.341666522208473111e+01 -6.192623244162916762e+00 2.822198346624203769e+00
8.325194601215180512e+01 -6.203553500206167470e+00 2.811722435675569010e+00
8.308749966741633841e+01 -6.214052603608505088e+00 2.801090012387395412e+00
8.292422699464133018e+01 -6.224132094674107663e+00 2.790384274564426725e+00
8.276192379734634130e+01 -6.233739711577147347e+00 2.779489688393939950e+00
8.259662144763028380e+01 -6.241865031205647618e+00 2.768770258223387959e+00
8.243099251633729807e+01 -6.249267404059338560e+00 2.757999476669746208e+00
8.226583665662954559e+01 -6.256113475490646003e+00 2.747028121289862401e+00
8.210246461044955879e+01 -6.262452326365876232e+00 2.735926908724176432e+00
8.193660185415878061e+01 -6.267472144042940840e+00 2.724993891185971684e+00
8.177087850955093984e+01 -6.271830285802104221e+00 2.713990767608156052e+00
8.160706231858786452e+01 -6.275659941251672258e+00 2.702834137463351549e+00
8.144565882860122485e+01 -6.278941000871173905e+00 2.691465361191866634e+00
8.128273537896812684e+01 -6.281237225530963642e+00 2.680207901193520925e+00
8.112010932975624655e+01 -6.282649136582016069e+00 2.668829438044056257e+00
8.096017049134314902e+01 -6.283502781420892802e+00 2.657235062974804052e+00
8.080265235992361283e+01 -6.283783657957354940e+00 2.645370802529075416e+00
8.064443132631581079e+01 -6.282946019293500939e+00 2.633430924038623555e+00
8.048747332603301174e+01 -6.281323639288142857e+00 2.621410873754595805e+00
8.033344424967795305e+01 -6.279027865962190980e+00 2.608987278273388277e+00
8.018343444139027554e+01 -6.276103172608974212e+00 2.596166448994852605e+00
8.003502346645684895e+01 -6.272333015672022505e+00 2.583191228095952585e+00
7.988894808000343062e+01 -6.267700478474395709e+00 2.569980142981142190e+00
7.974732914100340508e+01 -6.262465850597690675e+00 2.556298736774042624e+00
7.961051362664623809e+01 -6.256578523795281122e+00 2.542157935331527341e+00
7.947517109373796984e+01 -6.250007236944906452e+00 2.527837140406168803e+00
7.933994975530121962e+01 -6.242749324158401336e+00 2.513383852630294069e+00
7.920797027528067247e+01 -6.234939627279352692e+00 2.498634366373319260e+00
7.907880951617548249e+01 -6.226592066566170480e+00 2.483565850352333459e+00
7.894951339135337776e+01 -6.217663482070618919e+00 2.468417133035249122e+00
7.881893320785381718e+01 -6.208319806880556513e+00 2.453352461451350663e+00
7.869017919845597930e+01 -6.198497276061763372e+00 2.438081445048482010e+00
7.856352791573884531e+01 -6.188333990256484896e+00 2.422641663938321255e+00
7.843648007909203557e+01 -6.177810884742783948e+00 2.407200424345941059e+00
7.830735505550747177e+01 -6.167039340508188694e+00 2.392010934101127528e+00
7.817955797290895248e+01 -6.155962066194771154e+00 2.376724824661191171e+00
7.805262378805595347e+01 -6.144661480320550595e+00 2.361366138343954368e+00
7.792498708355263659e+01 -6.133049136964033643e+00 2.346053597625374465e+00
7.779401996502092231e+01 -6.121358467848511786e+00 2.331096133017484195e+00
7.766332121552638057e+01 -6.109403989471591245e+00 2.316112073044784836e+00
7.753265656993562516e+01 -6.097185641317147464e+00 2.301118461649477975e+00
7.740136627998040808e+01 -6.084671359264725687e+00 2.286194047292352316e+00
7.726589424199050882e+01 -6.072222796905762721e+00 2.271709295647192484e+00
7.712988414218789046e+01 -6.059485548647669972e+00 2.257239173443118752e+00
7.699372468052060015e+01 -6.046427071421925703e+00 2.242789245193168135e+00
7.685686529981366277e+01 -6.033134692545229605e+00 2.228403614607849192e+00
7.671522517737315638e+01 -6.019944404369662827e+00 2.214514599672655848e+00
7.657330796491184799e+01 -6.006426681171887161e+00 2.200652462347105320e+00
7.643101830363616500e+01 -5.992478535621602376e+00 2.186824800817163350e+00
7.628897385162863998e+01 -5.978146379669944999e+00 2.173024716680744373e+00
7.614164095618593819e+01 -5.963988822840128989e+00 2.159725035410251071e+00
7.599462713106663614e+01 -5.949400044827815925e+00 2.146450048092770846e+00
7.584697067359327605e+01 -5.934207807579348071e+00 2.133196898146076492e+00
7.569907410258980462e+01 -5.918402776825447908e+00 2.119948256312948143e+00
7.554740443089744417e+01 -5.902748060250968543e+00 2.107107877224740466e+00
7.539450099990000354e+01 -5.886461215356922239e+00 2.094288703926257433e+00
7.524122905420074403e+01 -5.869340987292663847e+00 2.081447361242025451e+00
7.508794347830320248e+01 -5.851406668952670920e+00 2.068565631841518648e+00
7.493116698171741064e+01 -5.833417095170339017e+00 2.055979436533135196e+00
7.477430795464208302e+01 -5.814526084414654683e+00 2.043394974286118604e+00
7.461777221840831942e+01 -5.794619460301614566e+00 2.030716328157990969e+00
7.446224433866734671e+01 -5.773535983735897048e+00 2.017935945355217697e+00
7.430488619903859160e+01 -5.752037918454210974e+00 2.005330165088046623e+00
7.414810928852648431e+01 -5.729512717256974419e+00 1.992676212435087191e+00
7.399275427965476126e+01 -5.705757153802703208e+00 1.979890842731922840e+00
7.383801965035377179e+01 -5.680874598082933602e+00 1.966997370160372682e+00
7.368211506380305309e+01 -5.655776738011959459e+00 1.954259084767538734e+00
7.352575693671340673e+01 -5.630178655862074777e+00 1.941562447675353242e+00
7.336982018230253288e+01 -5.603787481279330684e+00 1.928806592090281047e+00
7.321416752547729345e+01 -5.576674230343811267e+00 1.916002487854847169e+00
7.305711183900407946e+01 -5.549685635762107161e+00 1.903376774684526929e+00
7.289961291771497542e+01 -5.522663979165330694e+00 1.890864219166441540e+00
7.274261824325105863e+01 -5.495172667827392665e+00 1.878349213873531598e+00
7.258597062376010456e+01 -5.467289167645976278e+00 1.865849875880245312e+00
7.242844565912470500e+01 -5.439769873393677457e+00 1.853535508802623522e+00
7.227032879824568568e+01 -5.412614040278279859e+00 1.841388899018291170e+00
7.211212826184200253e+01 -5.385244159557393218e+00 1.829264359490079705e+00
7.195431428160438259e+01 -5.357704942776889467e+00 1.817225191036137000e+00
7.179513532350316041e+01 -5.330672271605536139e+00 1.805377826023532029e+00
7.163488820832523629e+01 -5.304339455269188264e+00 1.793679888912440124e+00
7.147479490176640127e+01 -5.277958902756137327e+00 1.782105712140972020e+00
7.131399761022478856e+01 -5.251543580079889750e+00 1.770603605104758671e+00
7.115275664846039660e+01 -5.225621137124289106e+00 1.759262890459224682e+00
7.099114330114424831e+01 -5.200585402999466922e+00 1.748215491801694110e+00
7.082922575397593334e+01 -5.175555590979048048e+00 1.737266037881401548e+00
7.066758509030562152e+01 -5.150524387441060448e+00 1.726418197077060457e+00
7.050563968301689499e+01 -5.125911970390276018e+00 1.715717300520510191e+00
7.034302853184698279e+01 -5.102290129587032652e+00 1.705329309109951730e+00
7.018033567173604581e+01 -5.078642229352559490e+00 1.695035834799637708e+00
7.001681477056899894e+01 -5.054954115724385133e+00 1.684908596669693948e+00
6.985272717253624819e+01 -5.031522499467161680e+00 1.674968971253723016e+00
6.968746672252873964e+01 -5.009127458712342218e+00 1.665306283704408807e+00
6.952168038625285362e+01 -4.986598156723974995e+00 1.655804346118331383e+00
6.935452834570500613e+01 -4.963890028033985047e+00 1.646418154773241271e+00
6.918680952609859958e+01 -4.941159937814070702e+00 1.637279898838309933e+00
6.901813989856802323e+01 -4.919384933932840376e+00 1.628371247523441312e+00
6.884818334580496924e+01 -4.897284711314648042e+00 1.619620032622140160e+00
6.867738534620050928e+01 -4.874809628441063580e+00 1.611113538124330669e+00
6.850402044590472883e+01 -4.851978231307944256e+00 1.602798097260718091e+00
6.833042400717683051e+01 -4.829944470937718393e+00 1.594723879444881476e+00
6.815435948386344478e+01 -4.807330351818697167e+00 1.586838659679964403e+00
6.797626864183744999e+01 -4.784075999698703008e+00 1.579159947770069961e+00
6.779511127368986934e+01 -4.760092480794022585e+00 1.571780387378691524e+00
6.761339348782067304e+01 -4.736643478896962911e+00 1.564529173451178368e+00
6.742960596901380654e+01 -4.712437613873309061e+00 1.557551991537008629e+00
6.724353940566925303e+01 -4.687557603013199348e+00 1.550803052211146227e+00
6.705569601179288952e+01 -4.662081023620229914e+00 1.544241803264690294e+00
6.686786297361206266e+01 -4.637269716567304023e+00 1.537790925989322544e+00
6.667958519315135391e+01 -4.612116015636046562e+00 1.531544063011974988e+00
6.648960761492661220e+01 -4.586569048623038825e+00 1.525448879950220826e+00
6.629927021561498179e+01 -4.560708696829308906e+00 1.519510251311286586e+00
6.611030931335217531e+01 -4.535626930959600678e+00 1.513710384215092519e+00
6.592062894573395226e+01 -4.510547599164546284e+00 1.507927462351871029e+00
6.573044616642215487e+01 -4.485332062284516752e+00 1.502325928285081158e+00
6.554054988688754690e+01 -4.460026047380670988e+00 1.496826326742344504e+00
6.535201174681807856e+01 -4.435546665594686466e+00 1.491340816676496761e+00
6.516474377615317337e+01 -4.411321902945585904e+00 1.485952742404780924e+00
6.497718601968452390e+01 -4.387117687799968913e+00 1.480664209727287961e+00
6.478970836509475362e+01 -4.362982114351838803e+00 1.475525188380526043e+00
6.460425040641763417e+01 -4.339669293215125734e+00 1.470300795600033572e+00
6.442071843005315657e+01 -4.316792644868853834e+00 1.465126638721688579e+00
6.423741473294471405e+01 -4.294049123664470891e+00 1.460079978174872561e+00
6.405456240045913319e+01 -4.271469108799340830e+00 1.455138990161715773e+00
6.387385575719434883e+01 -4.249655383223766236e+00 1.450156862389489598e+00
6.369476446611748344e+01 -4.228410152773562025e+00 1.445237887688059830e+00
6.351667602653292732e+01 -4.207376653803865274e+00 1.440362599571458180e+00
6.333856106250816964e+01 -4.186573661226750787e+00 1.435642736948183895e+00
6.316203956059930391e+01 -4.166482648114672394e+00 1.430949734400351003e+00
6.298780714696913208e+01 -4.147053963420026967e+00 1.426172031541711016e+00
6.281365142542940561e+01 -4.127895257991941236e+00 1.421547079858387796e+00
6.263916718217686253e+01 -4.109026767197327956e+00 1.417061839041779958e+00
6.246586679034017209e+01 -4.090774948224461305e+00 1.412606300178908425e+00
6.229447653307364163e+01 -4.073185809490627030e+00 1.408180080446673310e+00
6.212294245127061743e+01 -4.055844981902536617e+00 1.403890602326915316e+00
6.195089970699445558e+01 -4.038754120002399084e+00 1.399789441619863517e+00
6.177903832469752388e+01 -4.022152910116728819e+00 1.395826159287542723e+00
6.160901457838329520e+01 -4.006153731268558893e+00 1.391958336347472347e+00
6.143792052489678923e+01 -3.990383001443159827e+00 1.388323309320917742e+00
6.126535962928904411e+01 -3.974857433642000615e+00 1.384911493474134225e+00
6.109223343343481361e+01 -3.959732273236831190e+00 1.381713345278946514e+00
6.092042956394813302e+01 -3.945178493459391866e+00 1.378588121304088920e+00
6.074570005839034792e+01 -3.930850287251171249e+00 1.375751074411010855e+00
6.056842596020317160e+01 -3.916728086426798594e+00 1.373305626618913644e+00
6.038952238143524198e+01 -3.902981585959760746e+00 1.371092234537244048e+00
6.021108218556796032e+01 -3.889648001740275696e+00 1.369013110010936618e+00
6.003045218884674483e+01 -3.876548937338049949e+00 1.367241960243647858e+00
5.984720717098689136e+01 -3.863620258570861221e+00 1.365771017664783260e+00
5.966376345381286228e+01 -3.850924862582244312e+00 1.364542952727340719e+00
5.948216334809415429e+01 -3.838669958651316438e+00 1.363207998059978499e+00
5.929917348532210752e+01 -3.826495832616477966e+00 1.362078563189948133e+00
5.911521687931058011e+01 -3.814514318012966587e+00 1.361161460685312852e+00
5.893032954796015588e+01 -3.802691252462698124e+00 1.360372651752488782e+00
5.874932525522257265e+01 -3.791176815444125658e+00 1.359385072005391937e+00
5.856765952443379319e+01 -3.779778545031146297e+00 1.358498425998340142e+00
5.838561326394209772e+01 -3.768535115828139936e+00 1.357739656653162319e+00
5.820420887963157952e+01 -3.757409371315977520e+00 1.357139843055341188e+00
5.802639642226497330e+01 -3.746440810232679386e+00 1.356237535422809559e+00
5.784909021074296476e+01 -3.735593563890486912e+00 1.355401981561903613e+00
5.767198771745248820e+01 -3.724870287097821642e+00 1.354664032912640481e+00
5.749626415576333471e+01 -3.714272172498004565e+00 1.354056153776403315e+00
5.732389693540503828e+01 -3.703723867408125425e+00 1.353125973395524317e+00
5.715270518663573540e+01 -3.693299265650582086e+00 1.352241530689969995e+00
5.698233893825338470e+01 -3.683022221226210480e+00 1.351427211983321275e+00
5.681264455421226955e+01 -3.672924058117009949e+00 1.350604427193269119e+00
5.664750338855377976e+01 -3.662756266318005327e+00 1.349526452651407027e+00
5.648321727574241891e+01 -3.652728433675419772e+00 1.348473536916417581e+00
5.631967941510291098e+01 -3.642941799600082575e+00 1.347468967705349296e+00
5.615696177711595283e+01 -3.633386219972363662e+00 1.346457270817148721e+00
5.599818706880263619e+01 -3.623790252797060685e+00 1.345209010706803321e+00
5.584091662704573622e+01 -3.614348714545672969e+00 1.343928675616346879e+00
5.568452186634789314e+01 -3.605181395516706910e+00 1.342720573318874955e+00
5.552860994922986038e+01 -3.596341042264273646e+00 1.341585439737184471e+00
5.537541562209305823e+01 -3.587597283927293379e+00 1.340247476744853117e+00
5.522396682263194378e+01 -3.579049037211170070e+00 1.338900197539302228e+00
5.507346011063751234e+01 -3.570920031816278595e+00 1.337646031808035874e+00
5.492284884573808768e+01 -3.563261511748716970e+00 1.336477578753142881e+00
5.477439803351980174e+01 -3.555769127838509291e+00 1.335188630311696434e+00
5.462767036105199736e+01 -3.548554519066728474e+00 1.333870581260271804e+00
5.448085723920198831e+01 -3.541936608041883705e+00 1.332679125753716276e+00
5.433360048767205086e+01 -3.535914799672709385e+00 1.331609218466620836e+00
5.418738934421450182e+01 -3.530269358185074591e+00 1.330450437667748842e+00
5.404280692016819643e+01 -3.525000725689936942e+00 1.329288724781312991e+00
5.389712535444127184e+01 -3.520526968311584071e+00 1.328316920435699711e+00
5.375069239628463436e+01 -3.516950928156887812e+00 1.327585522494811654e+00
5.360519255356499713e+01 -3.513789483516891909e+00 1.326839943238509401e+00
5.346043643799883682e+01 -3.511031101966940682e+00 1.326104921178088203e+00
5.331550495839685055e+01 -3.508917979787262720e+00 1.325587600873346483e+00
5.317034701171149891e+01 -3.507419571865182384e+00 1.325241252906189215e+00
5.302595361092086534e+01 -3.506121839152980257e+00 1.324842092126160775e+00
5.288299139341384603e+01 -3.504823633522301307e+00 1.324449053525402098e+00
5.273971524447240711e+01 -3.503918976776066341e+00 1.324153933673865913e+00
5.259682522406768612e+01 -3.503388660828436585e+00 1.323903873722068081e+00
5.245377618546049803e+01 -3.502879124383234011e+00 1.323630248905378393e+00
5.231320585508100152e+01 -3.502019483293616009e+00 1.323265112286982292e+00
5.217226133647695008e+01 -3.501391134172008535e+00 1.322936886492529496e+00
5.203204172461300914e+01 -3.500976713898747761e+00 1.322615843588642814e+00
5.189215988766968479e+01 -3.500553731109894873e+00 1.322339916765483681e+00
5.175410723708360194e+01 -3.499480268749499690e+00 1.321941007890363284e+00
5.161652809399588904e+01 -3.498577426524153378e+00 1.321527627674565997e+00
5.147919362452350356e+01 -3.497677590672291892e+00 1.321111067195497091e+00
5.134337263085136271e+01 -3.496754932483084222e+00 1.320669316243878288e+00
5.120852724743500772e+01 -3.494985787690191970e+00 1.320099944849974616e+00
5.107400322273903015e+01 -3.493238533265276669e+00 1.319436722854322896e+00
5.093981943904908860e+01 -3.491499152840438658e+00 1.318803899951066283e+00
5.080684024420581579e+01 -3.489687319951467082e+00 1.318077280878974911e+00
5.067495927527942001e+01 -3.486966519146447840e+00 1.317239560683599597e+00
5.054428856789238722e+01 -3.484330277024170641e+00 1.316338203550837971e+00
5.041413395696049804e+01 -3.481766081006507196e+00 1.315437051666658697e+00
5.028528485986802821e+01 -3.479262538331635124e+00 1.314523510448462273e+00
5.015739912201362927e+01 -3.475832654889322804e+00 1.313404382134201853e+00
5.003091191554160133e+01 -3.472542054193324290e+00 1.312323909085874263e+00
4.990512929215256577e+01 -3.469387819502355086e+00 1.311215032312928797e+00
4.978081575021645477e+01 -3.466429870745517672e+00 1.310012835323782987e+00
4.965804139358654368e+01 -3.462691210816283949e+00 1.308712723538268285e+00
4.953576834723847355e+01 -3.459108234624906242e+00 1.307322219778118910e+00
4.941488666859486756e+01 -3.455783272702011466e+00 1.305929361417984769e+00
4.929501016700320548e+01 -3.452787053644132076e+00 1.304471707765667121e+00
4.917704569800964265e+01 -3.449265711288440173e+00 1.302815250041084116e+00
4.905977592358646433e+01 -3.445990445244541789e+00 1.301163712774811909e+00
4.894406706674486429e+01 -3.443200407003021990e+00 1.299431128715798023e+00
4.882960549733294897e+01 -3.440949560847425204e+00 1.297579409202333833e+00
4.871698105832091841e+01 -3.438456074514248506e+00 1.295660624647771542e+00
4.860550481474902540e+01 -3.436455340215731180e+00 1.293667226127627856e+00
4.849582443912505880e+01 -3.435138332966023444e+00 1.291560264204586472e+00
4.838831908263050252e+01 -3.434491982999013704e+00 1.289435721906241339e+00
4.828170618508742251e+01 -3.433765293492840431e+00 1.287164883699563944e+00
4.817574277517167047e+01 -3.433296916353576034e+00 1.284870184834733031e+00
4.807136189223854217e+01 -3.433270286537944749e+00 1.282523393660301325e+00
4.796828126719159968e+01 -3.433640322850223026e+00 1.280151868413416549e+00
4.786520746884463762e+01 -3.433701425917312200e+00 1.277685032489122685e+00
4.776220702146293462e+01 -3.433663338876235649e+00 1.275157215695794211e+00
4.765977770226754728e+01 -3.433858836345577537e+00 1.272575910400531640e+00
4.755823162639914869e+01 -3.434243758881424746e+00 1.269964197907428760e+00
4.745593929528252630e+01 -3.434300558358597044e+00 1.267385224409658839e+00
4.735425888537483274e+01 -3.434109336679670665e+00 1.264748878560764789e+00
4.725273541182077253e+01 -3.434052251306244585e+00 1.262118145834418392e+00
4.715171304182210577e+01 -3.434150346798388931e+00 1.259452833914106451e+00
4.705068363807045273e+01 -3.433861531636801967e+00 1.256859374846001076e+00
4.694959051167294461e+01 -3.433198619962216647e+00 1.254242869287938378e+00
4.684843088428003455e+01 -3.432589385216842981e+00 1.251647201264560971e+00
4.674820530155614762e+01 -3.431922274898778991e+00 1.249031011708134908e+00
4.664687327655325078e+01 -3.430981797704885761e+00 1.246434771160790378e+00
4.654469033927777133e+01 -3.429439645744036813e+00 1.243882125376226888e+00
4.644292433283650468e+01 -3.427825669995999025e+00 1.241304126346344017e+00
4.634124298365569672e+01 -3.426159645436987145e+00 1.238697823227980166e+00
4.624007201606880813e+01 -3.424156241910427223e+00 1.236104134659686604e+00
4.613716215565234080e+01 -3.421605170207200786e+00 1.233563472012170426e+00
4.603467528167040967e+01 -3.418986037321322780e+00 1.230998626706223176e+00
4.593304020457113523e+01 -3.416257750539784865e+00 1.228400066171761784e+00
4.583152076882523573e+01 -3.413307358767446509e+00 1.225783366067675351e+00
4.572831199109195666e+01 -3.409668288625212984e+00 1.223221821269241172e+00
4.562607213079312629e+01 -3.405991658008122869e+00 1.220598870665163149e+00
4.552444223759441400e+01 -3.402214150078793242e+00 1.217897552498375058e+00
4.542261829603516077e+01 -3.398237244720024641e+00 1.215125083000936135e+00
4.531976148797689774e+01 -3.393629746339179576e+00 1.212399836502436434e+00
4.521815256743889933e+01 -3.388952796897726660e+00 1.209571940884236474e+00
4.511799242017389133e+01 -3.384223909621144610e+00 1.206625325470024324e+00
4.501919470836634218e+01 -3.379348516281148740e+00 1.203557600963621077e+00
4.491870294801310592e+01 -3.374058577965546757e+00 1.200526047544719921e+00
4.482084584366462821e+01 -3.368804455823279920e+00 1.197349093043618806e+00
4.472523668086081727e+01 -3.363546878360264891e+00 1.194001432842427546e+00
4.463147675439039119e+01 -3.358321739670803829e+00 1.190457349154162570e+00
4.453756861723113758e+01 -3.352654587548800080e+00 1.186906928137357875e+00
4.444573509032506564e+01 -3.347044134916169256e+00 1.183138987989037050e+00
4.435593493666721088e+01 -3.341453482653243601e+00 1.179155073308351120e+00
4.426875944730688417e+01 -3.335906830081521335e+00 1.174972273787608046e+00
4.418012318369726898e+01 -3.329987826470274470e+00 1.170827553403207766e+00
4.409326362432275914e+01 -3.324139974680619503e+00 1.166540075017451494e+00
4.400784647952204409e+01 -3.318256149921706921e+00 1.162113199034843669e+00
4.392345818447422090e+01 -3.312411653616914808e+00 1.157562589587268764e+00
4.383836191437205798e+01 -3.306296643105209210e+00 1.153103711877454973e+00
4.375313344940235538e+01 -3.300235696545849695e+00 1.148587660391236609e+00
4.366935937865643069e+01 -3.294135689968304526e+00 1.143993001083474681e+00
4.358609164597176999e+01 -3.288066857673438204e+00 1.139326070859573603e+00
4.350117075337742989e+01 -3.281811878262854698e+00 1.134790011505388607e+00
4.341654883069456616e+01 -3.275572228102477279e+00 1.130258494967872895e+00
4.333221046280820588e+01 -3.269276954149056280e+00 1.125689571010429768e+00
4.324853798557097662e+01 -3.262974771695048570e+00 1.121086553505946881e+00
4.316222382739604768e+01 -3.256603719379829620e+00 1.116624832785342303e+00
4.307570685413308809e+01 -3.250179043254859401e+00 1.112216741317391788e+00
4.298950534179612504e+01 -3.243685924999328840e+00 1.107797689705290356e+00
4.290275286755848327e+01 -3.237106436057137770e+00 1.103358949841507730e+00
4.281436601592467639e+01 -3.230480870464830900e+00 1.099066997115119237e+00
4.272461262649287761e+01 -3.223817595545631409e+00 1.094863885119639946e+00
4.263522932873735982e+01 -3.217069681826181249e+00 1.090654273006847585e+00
4.254607447752344740e+01 -3.210221168940552428e+00 1.086436594162854430e+00
4.245554673773409604e+01 -3.203355978073855859e+00 1.082354899629166978e+00
4.236368909987780285e+01 -3.196479678308259409e+00 1.078385000733826704e+00
4.227255604036171377e+01 -3.189499276295643337e+00 1.074406866881437717e+00
4.218136362779629422e+01 -3.182400813659980621e+00 1.070411858043612163e+00
4.208914751568281076e+01 -3.175206946565955590e+00 1.066515440713015517e+00
4.199660025754808146e+01 -3.167945331110345819e+00 1.062727053685192047e+00
4.190372626570991343e+01 -3.160512259026166060e+00 1.058908995005060083e+00
4.181104005048258898e+01 -3.152829863280130152e+00 1.055052484461711071e+00
4.171749498274874668e+01 -3.145020551688209487e+00 1.051242871047385341e+00
4.162337298378913175e+01 -3.137138814519425889e+00 1.047525202631647279e+00
4.152967438203232575e+01 -3.128926798398508957e+00 1.043740363618518074e+00
4.143681063739943227e+01 -3.120442035994700269e+00 1.039873842676670490e+00
4.134409940497153713e+01 -3.111675793550712665e+00 1.035988878372447575e+00
4.125039112611371195e+01 -3.102781591296391195e+00 1.032173457640293224e+00
4.115763671574238458e+01 -3.093475214968550269e+00 1.028230950866407589e+00
4.106560166773892462e+01 -3.083707779704945917e+00 1.024160038769483805e+00
4.097414556262277330e+01 -3.073529748114176119e+00 1.019984145294494216e+00
4.088188281681163971e+01 -3.063147935609044747e+00 1.015834605420523618e+00
4.079055199608035309e+01 -3.052293742350606465e+00 1.011536171587734234e+00
4.069986709573836237e+01 -3.040993350055711808e+00 1.007093287531444670e+00
4.061012080309872374e+01 -3.029367061992615184e+00 1.002567450913091296e+00
4.051878077181634552e+01 -3.017799119925862694e+00 9.981197030353484712e-01
4.042890376856205847e+01 -3.005936034788222244e+00 9.935707734993448614e-01
4.033980513849972027e+01 -2.993807794161613689e+00 9.889380655240221918e-01
4.025127245135433895e+01 -2.981497108967599452e+00 9.842472302932697703e-01
4.016189559830171163e+01 -2.969474724484754358e+00 9.796917192620532289e-01
4.007280340876288705e+01 -2.957295739433826842e+00 9.750751949597143975e-01
3.998449076889603759e+01 -2.944969079388138233e+00 9.704078524480683754e-01
3.989674809678081857e+01 -2.932517900534301614e+00 9.657072061082873082e-01
3.980733955426006077e+01 -2.920564854040753389e+00 9.611684465480676565e-01
3.971842932786324809e+01 -2.908539014998233974e+00 9.566027200806801467e-01
3.962976777280101714e+01 -2.896448397442951350e+00 9.520195316741287828e-01
3.954117519297780348e+01 -2.884303172735060983e+00 9.474219418353311273e-01
3.945155844773202602e+01 -2.872698001635526133e+00 9.429934046058566777e-01
3.936260734542747031e+01 -2.861122920990395446e+00 9.385673184403878766e-01
3.927333929161156334e+01 -2.849526319960814735e+00 9.341465255101817355e-01
3.918435649005949273e+01 -2.837913984331070338e+00 9.297344947787887781e-01
3.909498448746297328e+01 -2.826846395334165596e+00 9.254689318205289172e-01
3.900531328119635788e+01 -2.815867812781288393e+00 9.212367361548571276e-01
3.891533960795690916e+01 -2.804882372948503733e+00 9.170168748351225085e-01
3.882513017274075651e+01 -2.793882588117739818e+00 9.128213545967046594e-01
3.873418990510473492e+01 -2.783380813295264655e+00 9.087533637968558953e-01
3.864304135619786962e+01 -2.773002482597183516e+00 9.047442255410871326e-01
3.855222709731368269e+01 -2.762559900636667010e+00 9.007493092690783687e-01
3.846064725859632460e+01 -2.752026337696362290e+00 8.967806398019718683e-01
3.836895244199460109e+01 -2.741879845662057669e+00 8.929318312443926819e-01
3.827734379315467095e+01 -2.731833617992589058e+00 8.891407943760739618e-01
3.818551924681454324e+01 -2.721631206480972232e+00 8.853788597377711955e-01
3.809373546093998186e+01 -2.711232041591490560e+00 8.816457383262926717e-01
3.800115670331469886e+01 -2.701066419018921305e+00 8.779988438855818034e-01
3.790889315761358347e+01 -2.690931622871974405e+00 8.744236433973401335e-01
3.781585537176998457e+01 -2.680513389447646944e+00 8.708636691388653706e-01
3.772228405249625638e+01 -2.669770410184091336e+00 8.673312856855220909e-01
3.762830774485347263e+01 -2.659058271163990739e+00 8.638681834516724889e-01
3.753423752909571220e+01 -2.648276989128127479e+00 8.604630921886755601e-01
3.743928918015080853e+01 -2.637032909149922055e+00 8.570773199810018950e-01
3.734368836757954568e+01 -2.625278322185372826e+00 8.537101103519477707e-01
3.724794819311677685e+01 -2.613328413649945059e+00 8.503864578697645227e-01
3.715158052099240393e+01 -2.601277475583130272e+00 8.471110110736189691e-01
3.705489032160321727e+01 -2.588765517773282898e+00 8.438494451768095983e-01
3.695753526577773584e+01 -2.575840345901260875e+00 8.405998202926342477e-01
3.686032340746722014e+01 -2.562834852821801235e+00 8.373841652477492792e-01
3.676256372312537479e+01 -2.549969212033870392e+00 8.342041804662030380e-01
3.666490924324531164e+01 -2.536826673527806442e+00 8.310254781252613965e-01
3.656701686709168797e+01 -2.523445278065202135e+00 8.278602086503926705e-01
3.646931374638490553e+01 -2.510086941045932996e+00 8.247108718343417744e-01
3.637179560994715644e+01 -2.497068343971094784e+00 8.215716937928118080e-01
3.627408934511177563e+01 -2.483918052760333950e+00 8.184330643065562683e-01
3.617659424514771871e+01 -2.470671305340105040e+00 8.152945729768862337e-01
3.607923103258336539e+01 -2.457515499932413583e+00 8.121634260544501327e-01
3.598242862834402445e+01 -2.444841672442411351e+00 8.090262638523467720e-01
3.588567314442003209e+01 -2.432113225271587797e+00 8.058969822577349840e-01
3.578915127264722429e+01 -2.419343664427971774e+00 8.027791348291144491e-01
3.569303524296467600e+01 -2.406651641341562176e+00 7.996702069124993484e-01
3.559853812442536025e+01 -2.394514438292229652e+00 7.965573993248704632e-01
3.550444343818574566e+01 -2.382367614052891547e+00 7.934546767256029920e-01
3.541046101050222461e+01 -2.370225293833311930e+00 7.903737808608432003e-01
3.531641081026461393e+01 -2.358151303622505690e+00 7.873077780566233308e-01
3.522417790851731212e+01 -2.346702363841013383e+00 7.842236944334382009e-01
3.513191427291313573e+01 -2.335288723768608410e+00 7.811556063197985234e-01
3.503972059697612451e+01 -2.323918531430023471e+00 7.781096979256754143e-01
3.494765650632051290e+01 -2.312591693922080527e+00 7.750996258278778361e-01
3.485744690280868952e+01 -2.301905714539870917e+00 7.720605327925519346e-01
3.476678481214277383e+01 -2.291244487601365343e+00 7.690587370227585096e-01
3.467666607408788337e+01 -2.280606275048970843e+00 7.661026321457711230e-01
3.458590200280026750e+01 -2.269991410331248627e+00 7.632003063454687597e-01
3.449694527837290536e+01 -2.259909067574848773e+00 7.602789506560231336e-01
3.440800714862685794e+01 -2.249871159483216587e+00 7.574151523251808626e-01
3.431842874113443287e+01 -2.239831822508740355e+00 7.546149489524031084e-01
3.422849204609926232e+01 -2.229788214142383485e+00 7.518878724182188611e-01
3.413870189243584008e+01 -2.220171411433668585e+00 7.491569306337599876e-01
3.404932808459359705e+01 -2.210603307228637071e+00 7.464934156860356662e-01
3.395930558300361923e+01 -2.200989462394975948e+00 7.439241387302747421e-01
3.386775232531343249e+01 -2.191306962531794245e+00 7.414617329705018856e-01
3.377679867303280759e+01 -2.181898209058405147e+00 7.390335645865001579e-01
3.368529817477553223e+01 -2.172478921197695811e+00 7.367071794988225841e-01
3.359249377822963112e+01 -2.162922656375259933e+00 7.345229927251837321e-01
3.349814601021748928e+01 -2.153221204351133178e+00 7.324904039354083185e-01
3.340448783845706515e+01 -2.143665515905076369e+00 7.305104565103512915e-01
3.330996790713985689e+01 -2.134106790893248284e+00 7.286203297080064978e-01
3.321443437465616455e+01 -2.124449247080859582e+00 7.268426382431373289e-01
3.311786232441260580e+01 -2.114706821534857450e+00 7.251587834994557280e-01
3.302204851579458733e+01 -2.105113872022685406e+00 7.234762128939394854e-01
3.292647797462654324e+01 -2.095589932684711609e+00 7.218181283939512083e-01
3.283000409653691065e+01 -2.086009256875343443e+00 7.202316457723388909e-01
3.273328869500000593e+01 -2.076379289117028293e+00 7.186974575864389925e-01
3.263744224422149642e+01 -2.066875252696207088e+00 7.171442782676598071e-01
3.254187903286214834e+01 -2.057465857538263609e+00 7.155624066326689015e-01
3.244681250332749300e+01 -2.048021452251680863e+00 7.140176973063332433e-01
3.235162922443636546e+01 -2.038556727859611506e+00 7.125105834431826324e-01
3.225662738786448358e+01 -2.029188877351636222e+00 7.109627190190108692e-01
3.216349132253357368e+01 -2.019938073016866564e+00 7.093609255764757870e-01
3.207033285472274997e+01 -2.010679986403931530e+00 7.077796891996606110e-01
3.197781441628882959e+01 -2.001429408846537417e+00 7.062259958818335459e-01
3.188573030044291201e+01 -1.992261174117966327e+00 7.046267549908780126e-01
3.179555428151076413e+01 -1.983219624497389866e+00 7.029375545938759684e-01
3.170524515004985489e+01 -1.974201008187308704e+00 7.012618140408994893e-01
3.161556367799541434e+01 -1.965227494325073154e+00 6.995925981993154075e-01
3.152598298064561533e+01 -1.956337977285696139e+00 6.978811191601217434e-01
3.143885972645689364e+01 -1.947572551493538695e+00 6.960559209059773433e-01
3.135197130470880822e+01 -1.938864407099092357e+00 6.942413589888404291e-01
3.126474782905825833e+01 -1.930230185679681965e+00 6.924385597574225226e-01
3.117875206955798006e+01 -1.921689909896036941e+00 6.906252733752323847e-01
3.109425241002375273e+01 -1.913261373193986481e+00 6.887073278362649820e-01
3.101041457140006230e+01 -1.904919440554426968e+00 6.868316752431340433e-01
3.092645987542029573e+01 -1.896682497474934559e+00 6.850032961963620215e-01
3.084253638483128768e+01 -1.888561475406742129e+00 6.831904305819437306e-01
3.076125291775461790e+01 -1.880563659110009445e+00 6.812955182493202200e-01
3.067904461715145104e+01 -1.872701626715675749e+00 6.794506845993398825e-01
3.059737554925260739e+01 -1.864994651626384226e+00 6.776760895728258793e-01
3.051568013164886750e+01 -1.857465277235614609e+00 6.759555418687058781e-01
3.043533504573619908e+01 -1.850056205405993692e+00 6.741456244616133020e-01
3.035452798273715658e+01 -1.842855800512916753e+00 6.724331205620930341e-01
3.027329486322128460e+01 -1.835873562864423603e+00 6.708197205376666972e-01
3.019167447592984743e+01 -1.829148371631549308e+00 6.693144762535443437e-01
3.011170252875054132e+01 -1.822556950424241595e+00 6.677593244296812225e-01
3.003104941558261132e+01 -1.816245769481421801e+00 6.663382415356273736e-01
2.994904452903657344e+01 -1.810230518601350758e+00 6.650523641186241175e-01
2.986662872148448500e+01 -1.804506331684554876e+00 6.639007849334460643e-01
2.978445760984592283e+01 -1.798871671388676541e+00 6.626960495577363108e-01
2.970252104745395982e+01 -1.793451651702071770e+00 6.615804204158892698e-01
2.962018628744097626e+01 -1.788234882835861850e+00 6.605487991157902306e-01
2.953698614425777080e+01 -1.783204992636818753e+00 6.595903123532429468e-01
2.945521879557722400e+01 -1.778143913426388778e+00 6.585607985834696088e-01
2.937373862884630782e+01 -1.773186902176297153e+00 6.575684992828938480e-01
2.929122772563908228e+01 -1.768356183862098918e+00 6.566486502287316451e-01
2.920874919151288651e+01 -1.763631283438664266e+00 6.557820885228194951e-01
2.912774599279959276e+01 -1.758789767420837702e+00 6.548537925667885506e-01
2.904703240452406376e+01 -1.753972481090332769e+00 6.539354195983834162e-01
2.896569862917088756e+01 -1.749183601755329720e+00 6.530624487323424265e-01
2.888468235426413244e+01 -1.744434761935284461e+00 6.522245401514883412e-01
2.880479732866196585e+01 -1.739593476384927007e+00 6.513182499501336542e-01
2.872549039737987542e+01 -1.734651069054230943e+00 6.503808943484066241e-01
2.864656748459240987e+01 -1.729747134133291508e+00 6.494647401870025094e-01
2.856760731785782781e+01 -1.724864903026783303e+00 6.485572875220184663e-01
2.848932819347478684e+01 -1.719797786465303124e+00 6.475870348769801055e-01
2.841208802833151381e+01 -1.714648397444231698e+00 6.465776415713361258e-01
2.833450377491693928e+01 -1.709518653005476452e+00 6.455816245464680581e-01
2.825745892066805709e+01 -1.704459385532425708e+00 6.445994621416971659e-01
2.818179821455450451e+01 -1.699220564831866565e+00 6.435573513192914819e-01
2.810666266591607254e+01 -1.693784996584749569e+00 6.424611226674986630e-01
2.803125774812942339e+01 -1.688462065946503499e+00 6.413751194099016617e-01
2.795648398245457855e+01 -1.683173821777285362e+00 6.402875927104809683e-01
2.788237286023814576e+01 -1.677767247678357831e+00 6.391407949837266678e-01
2.780944115267314487e+01 -1.672217118875766850e+00 6.379366980194104420e-01
2.773661548743773508e+01 -1.666783780245837399e+00 6.367318703187991868e-01
2.766415156929139840e+01 -1.661449996814484908e+00 6.355330199693994819e-01
2.759258770324748866e+01 -1.656071065313342361e+00 6.342994192169981726e-01
2.752160163893847411e+01 -1.650648825990694624e+00 6.330200435643753565e-01
2.745131127748035382e+01 -1.645373704782215007e+00 6.317617960879257089e-01
2.738130128262935870e+01 -1.640353396758358118e+00 6.305264982636556992e-01
2.731199864778679753e+01 -1.635361788527543769e+00 6.292777463490043521e-01
2.724312516861683520e+01 -1.630364845714704858e+00 6.279979234735136862e-01
2.717488361822846699e+01 -1.625696032147054382e+00 6.267385956042145212e-01
2.710744909754494358e+01 -1.621354944160356748e+00 6.255010877890935239e-01
2.704014098930709764e+01 -1.617190169055057858e+00 6.242702264577281168e-01
2.697383302220504930e+01 -1.613146655144493957e+00 6.230031915524536501e-01
2.690768297527649366e+01 -1.609483316383036211e+00 6.217692285968229315e-01
2.684227768515189183e+01 -1.606219478897543684e+00 6.205568880623969497e-01
2.677712599223796275e+01 -1.603252526046774928e+00 6.193648261646675923e-01
2.671263629377587989e+01 -1.600202251896690964e+00 6.181419500492584262e-01
2.664847443758297985e+01 -1.597425575947858167e+00 6.169468501107614467e-01
2.658413897912570434e+01 -1.594895447500668473e+00 6.157694774416808681e-01
2.652061507846096688e+01 -1.592622516280862044e+00 6.146112478270546742e-01
2.645748226473094888e+01 -1.590103426036755030e+00 6.134273301565127401e-01
2.639408764757517289e+01 -1.587714853972727047e+00 6.122639093984353353e-01
2.633137331486138777e+01 -1.585575405184631359e+00 6.111203885760937426e-01
2.626880994375440181e+01 -1.583507715149001571e+00 6.099879932364601354e-01
2.620624819837143349e+01 -1.581126570332211934e+00 6.088424669652359178e-01
2.614390278697594994e+01 -1.578802696595079214e+00 6.077136654165840035e-01
2.608144139607940204e+01 -1.576563765648272497e+00 6.065893783067223266e-01
2.601924880121296368e+01 -1.574438705728361088e+00 6.054722115288992956e-01
2.595683766957035132e+01 -1.571887061163041555e+00 6.043454933619073488e-01
2.589473486475948860e+01 -1.569360443388079895e+00 6.032300910945764816e-01
2.583285929755343702e+01 -1.566866399319702730e+00 6.021199370347360968e-01
2.577099485573475235e+01 -1.564449344238486805e+00 6.010161103310402986e-01
2.570869718131484660e+01 -1.561644279228326715e+00 5.999276866715382850e-01
2.564684393557917375e+01 -1.558789440701977336e+00 5.988498098489262178e-01
2.558545593942398000e+01 -1.556028008187091860e+00 5.977844408740276005e-01
2.552393531861471487e+01 -1.553273950582605201e+00 5.967303550711506865e-01
2.546229003460285512e+01 -1.550250186041882694e+00 5.956856005657658049e-01
2.540116054392120404e+01 -1.547116551856216882e+00 5.946464972386465986e-01
2.534034205391847294e+01 -1.544019120297130065e+00 5.936018237019683452e-01
2.527945080508093767e+01 -1.540930523918403461e+00 5.925529948595765761e-01
2.521845131817787333e+01 -1.537631093071425648e+00 5.915035088870279623e-01
2.515813915910513288e+01 -1.534243836366462554e+00 5.904558840446302304e-01
2.509779408266187062e+01 -1.530881356294382600e+00 5.893855389097645281e-01
2.503825097823571610e+01 -1.527639310430324970e+00 5.883007937612756422e-01
2.497853440699470795e+01 -1.524167372152172684e+00 5.872137736613635139e-01
2.491948610174500089e+01 -1.520637814912815466e+00 5.861169773099118574e-01
2.486079056388126673e+01 -1.517256584270560316e+00 5.849876986885657049e-01
2.480266749188253783e+01 -1.513930018975104819e+00 5.838219898370440308e-01
2.474568374184251951e+01 -1.510556039707192211e+00 5.826317790139440289e-01
2.468863648387732823e+01 -1.507117069129076503e+00 5.814164751081337679e-01
2.463235833985942946e+01 -1.503826046192096477e+00 5.801382216572721351e-01
2.457707133048908332e+01 -1.500719628607512623e+00 5.787989693972378502e-01
2.452303266981475005e+01 -1.497588788689946604e+00 5.774146789142916569e-01
2.446935750624026085e+01 -1.494526109091594224e+00 5.759865700409958489e-01
2.441648509942677592e+01 -1.491664625405273892e+00 5.744947906288013773e-01
2.436506340902636936e+01 -1.488946038170994246e+00 5.729371897545182390e-01
2.431367290826153749e+01 -1.486267891332220925e+00 5.713642641665265254e-01
2.426306801240032129e+01 -1.483639147743777364e+00 5.697908349940290496e-01
2.421309538611395240e+01 -1.481132177346163203e+00 5.681818072080674353e-01
2.416388014706798515e+01 -1.478688622316422618e+00 5.665342549303997721e-01
2.411491758693458465e+01 -1.476350122620919914e+00 5.648773219295825099e-01
2.406537990903633784e+01 -1.473894139621826582e+00 5.632628906993625284e-01
2.401635660966003272e+01 -1.471550945023863077e+00 5.616202748453379412e-01
2.396778240705905816e+01 -1.469308662790439479e+00 5.599597587314901759e-01
2.391987669014457296e+01 -1.467073717944915145e+00 5.583125474263729293e-01
2.387049757966029517e+01 -1.464731229159945691e+00 5.567192886990602885e-01
2.382212205108596592e+01 -1.462479421322591344e+00 5.551253570275246352e-01
2.377358776922727301e+01 -1.460276048874415311e+00 5.535279220673112732e-01
2.372524604009862870e+01 -1.458078587406550719e+00 5.519473943179149522e-01
2.367629697554110635e+01 -1.455786698239288857e+00 5.504499915149009270e-01
2.362763250031416717e+01 -1.453578684647630404e+00 5.489579831108567509e-01
2.357899333132469621e+01 -1.451390008781525243e+00 5.474653314043725905e-01
2.353059629603814784e+01 -1.449219811504576017e+00 5.459843568614288767e-01
2.348049863037003249e+01 -1.446928511488864366e+00 5.446079688636339400e-01
2.343116065356019462e+01 -1.444662464815114955e+00 5.432308170812240045e-01
2.338243309846675189e+01 -1.442422999466257627e+00 5.418569302452639347e-01
2.333338407269622294e+01 -1.440188770712511834e+00 5.404761179480122024e-01
2.328314927023896175e+01 -1.437849304252808214e+00 5.392078182107820084e-01
2.323301334760458658e+01 -1.435507249516677186e+00 5.379362785279954151e-01
2.318354060924040283e+01 -1.433147165087221175e+00 5.366545149192244457e-01
2.313384729247917804e+01 -1.430761076886348793e+00 5.353552930576683799e-01
2.308326081326364942e+01 -1.428302799502993770e+00 5.341526008853033636e-01
2.303351743578087607e+01 -1.425823504075343973e+00 5.329412909970437928e-01
2.298342146706028899e+01 -1.423313805067978555e+00 5.317062139707615653e-01
2.293384745702207894e+01 -1.420774176076332385e+00 5.304398065578952437e-01
2.288450697421610514e+01 -1.418184551290005979e+00 5.292484727494219943e-01
2.283482929695955832e+01 -1.415545203000353691e+00 5.280331113005165555e-01
2.278598457954045742e+01 -1.412850505161034276e+00 5.267743785506678877e-01
2.273810309443239319e+01 -1.410092213417525109e+00 5.254562259497271848e-01
2.268987374087840081e+01 -1.407264258117595812e+00 5.241779368276100470e-01
2.264201529262939872e+01 -1.404358469162504397e+00 5.228569619246277167e-01
2.259506653570445778e+01 -1.401354882284268522e+00 5.214564458539319158e-01
2.254844138852249813e+01 -1.398245122575816124e+00 5.199673252975579585e-01
2.250297789920926661e+01 -1.395052454208002057e+00 5.184689397877998429e-01
2.245731326245810777e+01 -1.391785295889016894e+00 5.169190915748052007e-01
2.241293437032098979e+01 -1.388429598825871025e+00 5.152953833465010458e-01
2.236914197827904971e+01 -1.384996514509984289e+00 5.135999297942432928e-01
2.232554682049469719e+01 -1.381558625232492732e+00 5.119168802653796257e-01
2.228182621531208341e+01 -1.378098849062953102e+00 5.102184126403004338e-01
2.223884960077085893e+01 -1.374600460896871601e+00 5.084725990994063416e-01
2.219653529587299445e+01 -1.371068038557103685e+00 5.066819544614553639e-01
2.215355302311311547e+01 -1.367572629219566682e+00 5.049125393073802259e-01
2.211106313194767736e+01 -1.364122626999479726e+00 5.031674608720673181e-01
2.206859384462851636e+01 -1.360667233911038831e+00 5.013904115422873620e-01
2.202664792948677785e+01 -1.357211232381551502e+00 4.995907738283985045e-01
2.198437344759501144e+01 -1.353835487221002554e+00 4.978271395434593072e-01
2.194204498645542856e+01 -1.350566418589807416e+00 4.961086831916219908e-01
2.190006297519945022e+01 -1.347317945755597046e+00 4.943777464813245981e-01
2.185833444504458356e+01 -1.344088445511691265e+00 4.926366502603187203e-01
2.181636502723554116e+01 -1.340959643083390551e+00 4.909315774167952173e-01
2.177467470026165941e+01 -1.337965418786691618e+00 4.892875654710938105e-01
2.173272685798538717e+01 -1.335001470932498657e+00 4.876422511505520974e-01
2.169110194633600841e+01 -1.332059534008118051e+00 4.859932133474591520e-01
2.164899397184077401e+01 -1.329199195147535484e+00 4.843764927732120418e-01
2.160703866703635967e+01 -1.326503601735493865e+00 4.828338148028551990e-01
2.156516852583044752e+01 -1.323821078508531812e+00 4.812925305380529872e-01
2.152315724355657167e+01 -1.321147724745336038e+00 4.797483475743478665e-01
2.148123258053914597e+01 -1.318531599966498602e+00 4.782341434050877416e-01
2.143918892823704780e+01 -1.316091413249526276e+00 4.767914500115230103e-01
2.139736304533887790e+01 -1.313637015323840584e+00 4.753519829135680608e-01
2.135539071129963062e+01 -1.311158969676260888e+00 4.739133729515116467e-01
2.131332932871150021e+01 -1.308688016875348303e+00 4.724823087916933395e-01
2.127119424688678251e+01 -1.306376933452735978e+00 4.711321944021214514e-01
2.122879593845899393e+01 -1.304008421803000140e+00 4.697716446754807706e-01
2.118670152645332294e+01 -1.301566996291573242e+00 4.684057271752185003e-01
2.114471816708079999e+01 -1.299052608637375927e+00 4.670403985204283348e-01
2.110170031069837293e+01 -1.296675559229913288e+00 4.657359009578775355e-01
2.105965381547450477e+01 -1.294175156803886839e+00 4.644216765343154862e-01
2.101730751238478945e+01 -1.291524545643142119e+00 4.630903471232105661e-01
2.097565397148497013e+01 -1.288714388975505498e+00 4.617431201424250231e-01
2.093342315723345592e+01 -1.285993598354257639e+00 4.604480383906835450e-01
2.089119941572115735e+01 -1.283064657917597051e+00 4.591258587954503700e-01
2.084922152469621182e+01 -1.279897019497073130e+00 4.577751393452491602e-01
2.080768515837836219e+01 -1.276469087799306346e+00 4.563879534620897682e-01
2.076537656224509831e+01 -1.273090498172858354e+00 4.550380138909858596e-01
2.072360235057856670e+01 -1.269526065931260383e+00 4.536648887729159418e-01
2.068202457493195112e+01 -1.265769368297076536e+00 4.522591185838784611e-01
2.064107441870556059e+01 -1.261842789198055481e+00 4.508307199302283297e-01
2.059955546354806089e+01 -1.258036834796771197e+00 4.494273149311465154e-01
2.055792186022572920e+01 -1.254149420989795871e+00 4.480123803267430094e-01
2.051707607712847192e+01 -1.250152134512962920e+00 4.465778384137115697e-01
2.047558597606305497e+01 -1.246068727038631474e+00 4.451254359103014036e-01
2.043541582365036291e+01 -1.242146217918499218e+00 4.436923076714565095e-01
2.039463944206386259e+01 -1.238231696106869340e+00 4.422582196811299382e-01
2.035409312202331122e+01 -1.234267597696003804e+00 4.408073503824492811e-01
2.031372078102443268e+01 -1.230264733133344945e+00 4.393426493898334728e-01
2.027392549841245994e+01 -1.226451103536403631e+00 4.379013382715028491e-01
2.023418024801117099e+01 -1.222712865297949980e+00 4.364561398866910746e-01
2.019447377290167367e+01 -1.218963321604120242e+00 4.350036223863602003e-01
2.015521773682135276e+01 -1.215207103324664750e+00 4.335412313721329070e-01
2.011594881968885318e+01 -1.211646138311364806e+00 4.320933792009107877e-01
2.007677325934265511e+01 -1.208207587611577427e+00 4.306459060710974285e-01
2.003781111564590489e+01 -1.204785120154674649e+00 4.291983358073024335e-01
1.999894902339891445e+01 -1.201370320607071607e+00 4.277471230467914109e-01
1.996068853184423020e+01 -1.198133155746862633e+00 4.263018500134821975e-01
1.992256783566879008e+01 -1.195038217136320968e+00 4.248683006798321116e-01
1.988438010535701039e+01 -1.191949149133760599e+00 4.234369007968492582e-01
1.984661965131295958e+01 -1.188863934151134671e+00 4.220107328253488443e-01
1.980885179512262084e+01 -1.185922435856016977e+00 4.206008965684822631e-01
1.977122012490037051e+01 -1.183126485588885890e+00 4.192010644268053809e-01
1.973422532549524533e+01 -1.180322663513644343e+00 4.178121510638586611e-01
1.969708906672480353e+01 -1.177502302052232830e+00 4.164312527972864331e-01
1.966014884895419712e+01 -1.174781354900937380e+00 4.150683565167883060e-01
1.962288541976982259e+01 -1.172197182877225519e+00 4.137174692405460874e-01
1.958611084841415817e+01 -1.169575515361694240e+00 4.123797955374182145e-01
1.954911284739756638e+01 -1.166908108949860301e+00 4.110658050913337247e-01
1.951177048419348381e+01 -1.164271902143467541e+00 4.097715451853589652e-01
1.947487202420094121e+01 -1.161739265598022097e+00 4.085002457366623818e-01
1.943767747655959255e+01 -1.159124113627205466e+00 4.072512612553019218e-01
1.940018511066721629e+01 -1.156412352572153246e+00 4.060355398939600180e-01
1.936250423535201293e+01 -1.153652026146888110e+00 4.048544040689864287e-01
1.932482160459013443e+01 -1.150956410081426018e+00 4.036868700315802694e-01
1.928668217033875010e+01 -1.148118345588900802e+00 4.025608838794191846e-01
1.924801880322019443e+01 -1.145128037218708483e+00 4.014714378715392717e-01
1.920895425214285623e+01 -1.142041510128434245e+00 4.004108685320573735e-01
1.917004900079799512e+01 -1.139017136016179821e+00 3.993646234393272154e-01
1.913076784232950800e+01 -1.135871242474647769e+00 3.983452650528663264e-01
1.909119072405665918e+01 -1.132616248077926935e+00 3.973466212054325153e-01
1.905144278826456272e+01 -1.129285316470695744e+00 3.963737736637862885e-01
1.901210869477782239e+01 -1.126060068088825084e+00 3.953854556557692135e-01
1.897268310131984137e+01 -1.122752818831845190e+00 3.944127821752361207e-01
1.893320032292873023e+01 -1.119375140597717477e+00 3.934542891231239681e-01
1.889355228769764139e+01 -1.115941148641355740e+00 3.925013709261504502e-01
1.885470750429711373e+01 -1.112640817082622302e+00 3.915211077422269259e-01
1.881586801187212288e+01 -1.109287621677405911e+00 3.905447912828281520e-01
1.877699246034691427e+01 -1.105897225598033939e+00 3.895657984943219354e-01
1.873811457370084455e+01 -1.102478013623503283e+00 3.885923378105410886e-01
1.870006907669992913e+01 -1.099184233475702044e+00 3.875758628691097218e-01
1.866214192796659432e+01 -1.095878452972610884e+00 3.865485405206693925e-01
1.862430999622281291e+01 -1.092557915816318337e+00 3.855239606434949229e-01
1.858653661055230799e+01 -1.089224101299239189e+00 3.845046546853104208e-01
1.854958424436057740e+01 -1.086002159544405821e+00 3.834340681328176070e-01
1.851291428260562455e+01 -1.082789439610814197e+00 3.823519610227029686e-01
1.847630762747872524e+01 -1.079573836018791644e+00 3.812719627228735586e-01
1.843988249688618453e+01 -1.076364265578418467e+00 3.801941898315502888e-01
1.840418861527358274e+01 -1.073243105074403125e+00 3.790733763679952073e-01
1.836878591935538196e+01 -1.070156303187782321e+00 3.779472851206580053e-01
1.833346782377621764e+01 -1.067073953296317823e+00 3.768241748119767753e-01
1.829821194697353803e+01 -1.064006128798279827e+00 3.757063881750974943e-01
1.826367264368936461e+01 -1.061013051523377104e+00 3.745561393210222190e-01
1.822933043958530774e+01 -1.058065565112900286e+00 3.733905325587892343e-01
1.819503254522784275e+01 -1.055134398884990166e+00 3.722393607414066774e-01
1.816068306957823708e+01 -1.052228421790115664e+00 3.710981189420408111e-01
1.812679557036289424e+01 -1.049391782356627889e+00 3.699360570308577456e-01
1.809315561843229858e+01 -1.046599277405822592e+00 3.687667791596443423e-01
1.805937330317439660e+01 -1.043837959525183434e+00 3.676250464149110608e-01
1.802549555441967755e+01 -1.041111293053888165e+00 3.665202512708700122e-01
1.799188166765819474e+01 -1.038440815973511455e+00 3.654118507471654786e-01
1.795840089687983721e+01 -1.035818311111831092e+00 3.643219583838011588e-01
1.792468972677618666e+01 -1.033234774630447550e+00 3.632791547410230137e-01
1.789059688263124315e+01 -1.030700237083629123e+00 3.622918567409472157e-01
1.785652495385598471e+01 -1.028213496161140883e+00 3.613302973913112837e-01
1.782242222560814682e+01 -1.025780577746458810e+00 3.603964628283680138e-01
1.778784382071421888e+01 -1.023396902167545530e+00 3.595257629840064029e-01
1.775279878557602942e+01 -1.021062545502809060e+00 3.587161043638302793e-01
1.771764883625945330e+01 -1.018760565529550632e+00 3.579336629231484324e-01
1.768260035248030348e+01 -1.016478616518103673e+00 3.571538922740111199e-01
1.764722124680816862e+01 -1.014226443825629209e+00 3.564249107879390865e-01
1.761155649722856253e+01 -1.011990312163736805e+00 3.557353102616885865e-01
1.757591288321458833e+01 -1.009767874754017525e+00 3.550619074005369469e-01
1.754065337838601124e+01 -1.007520595328940338e+00 3.543661665977481667e-01
1.750516094813872314e+01 -1.005281698972602999e+00 3.536979396237979745e-01
1.746954301749289939e+01 -1.003045364484061563e+00 3.530522647633149158e-01
1.743396332550986116e+01 -1.000793964612936904e+00 3.524039801728299226e-01
1.739878177531782910e+01 -9.984860403612448865e-01 3.517095931264619946e-01
1.736353823895341719e+01 -9.961638786310352822e-01 3.510262251911661080e-01
1.732826528303018065e+01 -9.938330867459865825e-01 3.503545601401552578e-01
1.729311203405389818e+01 -9.914847623063395288e-01 3.496735023175200352e-01
1.725845953393245580e+01 -9.890523902595477201e-01 3.489438991278615565e-01
1.722388282984709207e+01 -9.866100337844545543e-01 3.482199506289010982e-01
1.718931771162512945e+01 -9.841576529972376752e-01 3.475019328444095557e-01
1.715496294672423971e+01 -9.816936727858707190e-01 3.467899569282327787e-01
1.712116146685836782e+01 -9.791257178491602486e-01 3.460161049821705026e-01
1.708747557801881101e+01 -9.765525114867326106e-01 3.452498493806921420e-01
1.705383571046890623e+01 -9.739742699844178286e-01 3.444837889618228011e-01
1.702032114351379732e+01 -9.713972715189822527e-01 3.437238214665287450e-01
1.698742714380908581e+01 -9.687029840565932748e-01 3.429001212652712516e-01
1.695457808784622955e+01 -9.660123015536357105e-01 3.420787877988450409e-01
1.692186633486628011e+01 -9.633330951382285123e-01 3.412631001085060234e-01
1.688923808014570938e+01 -9.606803873933372762e-01 3.404562441507435477e-01
1.685717110420127085e+01 -9.579221314070378579e-01 3.395907329591793533e-01
1.682518413447464667e+01 -9.551863824838475736e-01 3.387364377971616713e-01
1.679331522764966067e+01 -9.524893693830481789e-01 3.378880797654539303e-01
1.676157090591524579e+01 -9.498471715241293412e-01 3.370501527048468948e-01
1.673017750936081782e+01 -9.471300768554199445e-01 3.361762277529987131e-01
1.669897373413104091e+01 -9.444533111495684308e-01 3.353115001983832388e-01
1.666776303149158167e+01 -9.418554971149935007e-01 3.344526169636455881e-01
1.663663845995316493e+01 -9.393439797369145250e-01 3.336165419969445156e-01
1.660580124873640884e+01 -9.367995436828571165e-01 3.327507788931335364e-01
1.657506186458737929e+01 -9.343304944826572589e-01 3.318989945179760537e-01
1.654430542071016319e+01 -9.319963669502558945e-01 3.310748014263205086e-01
1.651356529584368005e+01 -9.298103125627394938e-01 3.302800612213470099e-01
1.648306646007004517e+01 -9.276516175483369153e-01 3.294833364610056936e-01
1.645265996795286512e+01 -9.256122236750418120e-01 3.287090453262391798e-01
1.642221692454726423e+01 -9.237344861286479469e-01 3.279789447822522019e-01
1.639176205011580123e+01 -9.220095689598973854e-01 3.272760890951954549e-01
1.636148209748560589e+01 -9.202838680840023100e-01 3.265744561164351523e-01
1.633117273558746163e+01 -9.186066004781194838e-01 3.258835649562630277e-01
1.630087718695714472e+01 -9.170211080140930893e-01 3.252230050516564108e-01
1.627057131377222277e+01 -9.155184274555142609e-01 3.245822376918158225e-01
1.624032163863438072e+01 -9.139833588312691326e-01 3.239338921416682338e-01
1.621013305821406547e+01 -9.124173719390371584e-01 3.232920755010610936e-01
1.617987234989548995e+01 -9.109082249149359489e-01 3.226617362062141892e-01
1.614957995984885741e+01 -9.094410040927369820e-01 3.220520155317486144e-01
1.611935847643035302e+01 -9.079066401772758477e-01 3.214371242621714142e-01
1.608916276871327256e+01 -9.062978509712719122e-01 3.208151600589754793e-01
1.605891836693183095e+01 -9.047093860201274040e-01 3.202078893520507452e-01
1.602866976199549853e+01 -9.031395466557358143e-01 3.196052946344571377e-01
1.599850932562578265e+01 -9.014981101934201879e-01 3.190059495729043459e-01
1.596829811094550777e+01 -8.997407475292776846e-01 3.184002679917108947e-01
1.593810686181373804e+01 -8.979915348607437897e-01 3.177990077773934496e-01
1.590796934624125747e+01 -8.962423805567958368e-01 3.172058119327589298e-01
1.587778812445448295e+01 -8.944338868297455614e-01 3.166070861734494035e-01
1.584763882199497864e+01 -8.924697081919669150e-01 3.160033296673253056e-01
1.581749335739348794e+01 -8.905061152837657756e-01 3.153956801474641081e-01
1.578738162664332201e+01 -8.885412273176661602e-01 3.147943686309246369e-01
1.575720148948465393e+01 -8.865143379524097478e-01 3.141850724735371081e-01
1.572706553145137676e+01 -8.843362214445589231e-01 3.135633668098871119e-01
1.569700036639023288e+01 -8.821733266712249444e-01 3.129462060606050811e-01
1.566699422232222183e+01 -8.800237799950787476e-01 3.123281157142764886e-01
1.563717447731465526e+01 -8.778593537703941463e-01 3.117152876526234628e-01
1.560732828356570856e+01 -8.755591214107756315e-01 3.110968153899407174e-01
1.557767880011444639e+01 -8.732958815451876688e-01 3.104788770800021580e-01
1.554824810458202222e+01 -8.710721835739826391e-01 3.098626724759391271e-01
1.551894975051314951e+01 -8.688785145668888044e-01 3.092406826383384266e-01
1.548975136036460221e+01 -8.665528363198430339e-01 3.086164171605266793e-01
1.546074063738925020e+01 -8.642865384381318572e-01 3.079844721360040505e-01
1.543198453053017261e+01 -8.620906276717555938e-01 3.073457392275230071e-01
1.540347721382737234e+01 -8.599657980511390409e-01 3.067007409098291282e-01
1.537506071949233721e+01 -8.577449128746245099e-01 3.060445534594943284e-01
1.534700127638008560e+01 -8.556236514225011858e-01 3.053834308925147956e-01
1.531929395892891499e+01 -8.536149080281911772e-01 3.047124623384662168e-01
1.529201129915064605e+01 -8.517314010627555776e-01 3.040268145880019035e-01
1.526492193332715708e+01 -8.498071196959227080e-01 3.033361014989158777e-01
1.523811359693745970e+01 -8.479983327657383274e-01 3.026363914765936580e-01
1.521165673819146491e+01 -8.462953887313994228e-01 3.019205094474493589e-01
1.518552368329102542e+01 -8.446992802529597055e-01 3.011961872400430451e-01
1.515930863094791015e+01 -8.430330098058291810e-01 3.004771491485996870e-01
1.513320210237299612e+01 -8.414272685176540367e-01 2.997530031685159413e-01
1.510728670033505239e+01 -8.398931693973014090e-01 2.990252359834520979e-01
1.508152172771307598e+01 -8.384208218431312698e-01 2.982954119532358894e-01
1.505564189708661971e+01 -8.368909126763409700e-01 2.975806771685667873e-01
1.502976709960153201e+01 -8.353786200741144530e-01 2.968694544352121767e-01
1.500409156515007680e+01 -8.339226287425031137e-01 2.961613258672456950e-01
1.497850716017262052e+01 -8.325173003165897700e-01 2.954574073360372033e-01
1.495265053898273955e+01 -8.310407619924394806e-01 2.947774280875961606e-01
1.492680781701877812e+01 -8.295648586256664236e-01 2.941071919982519156e-01
1.490101290922619093e+01 -8.281211200574623010e-01 2.934454466956595287e-01
1.487523433727220024e+01 -8.266948322270555316e-01 2.927848667653296100e-01
1.484920293826594140e+01 -8.252079353762273861e-01 2.921511355039427271e-01
1.482304336593158567e+01 -8.236869049232165008e-01 2.915343841653463275e-01
1.479687925442785001e+01 -8.221869183430327022e-01 2.909212593440775318e-01
1.477074059771200432e+01 -8.206941104219513949e-01 2.903113044817686728e-01
1.474437446828308573e+01 -8.191457225836578093e-01 2.897189988992427412e-01
1.471779230364149704e+01 -8.175586949571517215e-01 2.891557030972874420e-01
1.469132569290080959e+01 -8.159799025797668248e-01 2.885892976754028671e-01
1.466487516738683894e+01 -8.144086005233407421e-01 2.880322750474012539e-01
1.463829238612641426e+01 -8.127859193486377531e-01 2.874887232194690556e-01
1.461143706756902283e+01 -8.111196758203254031e-01 2.869684217046615804e-01
1.458464137208621381e+01 -8.094569557757888001e-01 2.864416960547250812e-01
1.455793763619560721e+01 -8.077841195287618348e-01 2.859146544779846977e-01
1.453110401741621871e+01 -8.060805640251951232e-01 2.854020487599487899e-01
1.450411848998116504e+01 -8.043309635990064654e-01 2.849053712663205395e-01
1.447724480777671729e+01 -8.025781680953224528e-01 2.843970923167722931e-01
1.445058512687797680e+01 -8.008270654227271912e-01 2.838832960036027364e-01
1.442402968960644749e+01 -7.990590589822647027e-01 2.833687964434334350e-01
1.439735516164730100e+01 -7.972539534046607645e-01 2.828695638200677265e-01
1.437097882036713337e+01 -7.954539786951826397e-01 2.823534580244001502e-01
1.434493867656623500e+01 -7.936582570743444531e-01 2.818144257115260953e-01
1.431908847575888899e+01 -7.918471860496083536e-01 2.812606730512369202e-01
1.429327516459289704e+01 -7.900014020025147854e-01 2.807208133344185619e-01
1.426787951564000068e+01 -7.881603222851633062e-01 2.801435520970860793e-01
1.424288317851416075e+01 -7.863160186897241166e-01 2.795279522928158511e-01
1.421833820389726810e+01 -7.844636331044655408e-01 2.788820992206447191e-01
1.419372271141011588e+01 -7.825919995717508515e-01 2.782405733814292126e-01
1.416958065320121030e+01 -7.807231471259434841e-01 2.775690055936271827e-01
1.414577442603578028e+01 -7.788633058224255779e-01 2.768674913571625429e-01
1.412218164597866554e+01 -7.770013523357138796e-01 2.761401281994967927e-01
1.409848365118421754e+01 -7.751455346072905206e-01 2.754446166490480685e-01
1.407505344958893012e+01 -7.733031588038138393e-01 2.747249150804270124e-01
1.405185416973326973e+01 -7.714726988981954747e-01 2.739864592295856993e-01
1.402884477276222341e+01 -7.696519860744198693e-01 2.732423849227521018e-01
1.400560673372228315e+01 -7.678645842752465089e-01 2.725267345035131683e-01
1.398249629473942690e+01 -7.660901260593857565e-01 2.718074254683846558e-01
1.395957228801139394e+01 -7.643357404034817337e-01 2.710858586598585140e-01
1.393674329622698771e+01 -7.626012924468813514e-01 2.703487909426107172e-01
1.391354808664554810e+01 -7.609011862584124097e-01 2.696655267055630967e-01
1.389038632902472337e+01 -7.592215846235215171e-01 2.689763595733066781e-01
1.386725476174811611e+01 -7.575594507325431604e-01 2.682847874287838108e-01
1.384411483400707787e+01 -7.559120657763985784e-01 2.675907278255056365e-01
1.382066448548633986e+01 -7.543136068657509963e-01 2.669447446546329705e-01
1.379722335460266436e+01 -7.527384626135826817e-01 2.663057294934664254e-01
1.377382226921820241e+01 -7.511774275553192437e-01 2.656703207871305983e-01
1.375049017379226157e+01 -7.496260983838729519e-01 2.650340359253727796e-01
1.372693883070515852e+01 -7.481392300535920636e-01 2.644384019745094627e-01
1.370337760076772859e+01 -7.466689814060889496e-01 2.638554891715094719e-01
1.367991656274956291e+01 -7.452148873640584981e-01 2.632758002415292453e-01
1.365650225368398551e+01 -7.437585282810176279e-01 2.627006973058236827e-01
1.363290952370150144e+01 -7.423534152837848454e-01 2.621577657465981592e-01
1.360926165051213843e+01 -7.409682615415037477e-01 2.616284317168375839e-01
1.358565998406369957e+01 -7.395739296578142108e-01 2.610978810694629115e-01
1.356211223201961324e+01 -7.381662176559762312e-01 2.605687221266617670e-01
1.353844272954163586e+01 -7.367964058998153210e-01 2.600637838920066280e-01
1.351474006226803581e+01 -7.354329626722707625e-01 2.595667786365408736e-01
1.349115158234192435e+01 -7.340431375376251788e-01 2.590664983649026976e-01
1.346768967377045989e+01 -7.326145822564287258e-01 2.585573247817472553e-01
1.344410834350323292e+01 -7.311984034575377267e-01 2.580665282137626360e-01
1.342056375749258912e+01 -7.297798217889737149e-01 2.575870241832468044e-01
1.339713919816493082e+01 -7.282996858274130014e-01 2.570873540441137584e-01
1.337384543968681783e+01 -7.267593130672829194e-01 2.565752784033294431e-01
1.335055182752479297e+01 -7.251883337861458889e-01 2.560574086246470982e-01
1.332722104330025736e+01 -7.235939950411441890e-01 2.555489168858199878e-01
1.330406045052113129e+01 -7.219105507356039508e-01 2.550164673653402825e-01
1.328101447026643989e+01 -7.201234532736517924e-01 2.544493661420814679e-01
1.325812831252995672e+01 -7.182899191138372164e-01 2.538809969990554194e-01
1.323527564149947366e+01 -7.164478571814891783e-01 2.533114271852344168e-01
1.321257767236866520e+01 -7.145372354493735312e-01 2.527254185883852644e-01
1.319009313290948349e+01 -7.125613859060778710e-01 2.521175346394627370e-01
1.316777349787192897e+01 -7.105740502793455038e-01 2.515075869607877879e-01
1.314544286021431851e+01 -7.086263746034703326e-01 2.509035117536184134e-01
1.312325301643176623e+01 -7.066433789753704398e-01 2.502892086584545539e-01
1.310119693500380755e+01 -7.046269538064507953e-01 2.496582610909806044e-01
1.307917643181549394e+01 -7.026174067796994160e-01 2.490286721771307332e-01
1.305724180186789241e+01 -7.006959057274987357e-01 2.484154467238529340e-01
1.303536624058844318e+01 -6.987600201851120740e-01 2.477889358170657641e-01
1.301360311782191737e+01 -6.968143425500388233e-01 2.471556234935428642e-01
1.299191884956976928e+01 -6.948823182585780467e-01 2.465270431963466624e-01
1.297029768139417705e+01 -6.930725442709627648e-01 2.459117470270013317e-01
1.294876374871354408e+01 -6.912596338399646934e-01 2.452940802071455761e-01
1.292731240455423602e+01 -6.894516911531994863e-01 2.446734215796943224e-01
1.290594211013399040e+01 -6.876619275761349792e-01 2.440512955860842659e-01
1.288461695311962707e+01 -6.860075556080174053e-01 2.434507948292364832e-01
1.286336823524446515e+01 -6.843583180103544050e-01 2.428446456144444932e-01
1.284212000224978567e+01 -6.827220159117173282e-01 2.422393488995816246e-01
1.282087197381596333e+01 -6.810939575513168531e-01 2.416344093467983067e-01
1.279978528216598122e+01 -6.796183326287662529e-01 2.410536236727913173e-01
1.277865529707704084e+01 -6.781412398550972220e-01 2.404710636334570217e-01
1.275760877993528020e+01 -6.766684595071118524e-01 2.398877385733301226e-01
1.273662528754542400e+01 -6.751909140759466688e-01 2.393045923999783109e-01
1.271573172244755945e+01 -6.738509977909538096e-01 2.387436050420156664e-01
1.269493899614875865e+01 -6.725117790610891655e-01 2.381819136735397469e-01
1.267409137476906977e+01 -6.711582871653792859e-01 2.376238747123856909e-01
1.265332811298758209e+01 -6.697885650043861050e-01 2.370732524594768575e-01
1.263261989077668090e+01 -6.685233783171790067e-01 2.365315368612486424e-01
1.261189793601490727e+01 -6.672512784864492730e-01 2.359985094997777699e-01
1.259120019625067677e+01 -6.659481275448492221e-01 2.354664270069632692e-01
1.257043833281497491e+01 -6.646069874189787230e-01 2.349394391847088315e-01
1.254972815275890063e+01 -6.633328429170504137e-01 2.344246624921682287e-01
1.252901669124698358e+01 -6.620347322444299909e-01 2.339157932417052776e-01
1.250824376797901039e+01 -6.606755098090963951e-01 2.334116188191745489e-01
1.248732373923409789e+01 -6.592478544979790689e-01 2.329099567767287937e-01
1.246639448806497263e+01 -6.578424563602827124e-01 2.324249098665948088e-01
1.244545074776058513e+01 -6.563880005079086866e-01 2.319407724922706859e-01
1.242430549067119827e+01 -6.548398690496232133e-01 2.314672825128626099e-01
1.240310894524948182e+01 -6.532028788339995229e-01 2.309908579624771752e-01
1.238186194122337902e+01 -6.515714455828766072e-01 2.305295866852558051e-01
1.236065067006337337e+01 -6.499164146320889346e-01 2.300654178508123870e-01
1.233934760863831315e+01 -6.481966707619321033e-01 2.296096812177365332e-01
1.231799332210412423e+01 -6.464201778813782884e-01 2.291543582744340890e-01
1.229675677577316506e+01 -6.446669206534646479e-01 2.286947702389855452e-01
1.227557494211223421e+01 -6.429272106817395249e-01 2.282335302776395680e-01
1.225433015151977756e+01 -6.411513857697945795e-01 2.277684520316982653e-01
1.223311997669550166e+01 -6.393460959182941661e-01 2.273047809326417257e-01
1.221203241079122925e+01 -6.375735673974447515e-01 2.268359423624497773e-01
1.219111840861890350e+01 -6.358403324962139669e-01 2.263567387601308489e-01
1.217023259107856781e+01 -6.340853880242394158e-01 2.258791033282513683e-01
1.214940338254015195e+01 -6.323128777177665638e-01 2.253954004966546021e-01
1.212875847195460466e+01 -6.305726191842773165e-01 2.249098980734846043e-01
1.210845308361443706e+01 -6.288884182384079091e-01 2.244112865723142392e-01
1.208813282646528187e+01 -6.271939000206325776e-01 2.239132950113177922e-01
1.206789355044177547e+01 -6.254925287978368997e-01 2.234145070227993302e-01
1.204779638619626958e+01 -6.238235183261522376e-01 2.229079756932869638e-01
1.202805722125591892e+01 -6.222235878042996493e-01 2.223915715967730022e-01
1.200832239524661382e+01 -6.206232657474605174e-01 2.218706499548942501e-01
1.198869527933439905e+01 -6.190236885977152825e-01 2.213489704942177005e-01
1.196916025311831433e+01 -6.174502912278884148e-01 2.208219253920762626e-01
1.194993895938283579e+01 -6.159506822973048745e-01 2.202825916286210162e-01
1.193076661694216689e+01 -6.144505874200344442e-01 2.197491125894504571e-01
1.191167959263063558e+01 -6.129522312126444161e-01 2.192128501780961636e-01
1.189263738210198262e+01 -6.114714482760528202e-01 2.186759106928560237e-01
1.187392928174481455e+01 -6.100615088294076838e-01 2.181296304447665479e-01
1.185524600893792346e+01 -6.086553597648328706e-01 2.175854127292158047e-01
1.183656736028055079e+01 -6.072458187964687726e-01 2.170485702333839473e-01
1.181784837272829591e+01 -6.058473474695541539e-01 2.165146528945216808e-01
1.179946622257598143e+01 -6.045191420884922229e-01 2.159659635634496866e-01
1.178097363175838730e+01 -6.031874012428191101e-01 2.154261097615612075e-01
1.176240955863913129e+01 -6.018528163151097843e-01 2.149036216551598044e-01
1.174382393251305245e+01 -6.005170478753892871e-01 2.143924554001337135e-01
1.172545393869861030e+01 -5.992323525555014463e-01 2.138734323952281302e-01
1.170694879819263079e+01 -5.979424821116550159e-01 2.133695292254701725e-01
1.168829232849089195e+01 -5.966386172181727954e-01 2.128934722377042454e-01
1.166947132557057110e+01 -5.953269051157077385e-01 2.124359454922722656e-01
1.165077339089561015e+01 -5.940467501007357098e-01 2.119872721141538574e-01
1.163183686094197000e+01 -5.927557378452380510e-01 2.115581683210341624e-01
1.161272884996859922e+01 -5.914527316014090985e-01 2.111509560448081302e-01
1.159340195610903734e+01 -5.901333010162213011e-01 2.107729852656119451e-01
1.157422159786606031e+01 -5.888377533850175372e-01 2.103849639441118802e-01
1.155496428071032788e+01 -5.875320396290208969e-01 2.100078234383077058e-01
1.153557492757513359e+01 -5.862118934606773690e-01 2.096532370737342610e-01
1.151606597855756675e+01 -5.848769541534674099e-01 2.093072799785812288e-01
1.149676788413607298e+01 -5.835586193767111629e-01 2.089478697177509225e-01
1.147752427471668213e+01 -5.822302258121704321e-01 2.085943945866441940e-01
1.145819425364741662e+01 -5.808892546034342130e-01 2.082480214037682187e-01
1.143880230736344572e+01 -5.795331199302217184e-01 2.079098568202607522e-01
1.141967256103405681e+01 -5.781837497274538995e-01 2.075533729351855261e-01
1.140061810492848338e+01 -5.768263170647613958e-01 2.071897336168203041e-01
1.138156346278711339e+01 -5.754589421056471865e-01 2.068230125614726744e-01
1.136252030179702821e+01 -5.740792183048930575e-01 2.064608158232570378e-01
1.134369457240442181e+01 -5.726992942618498450e-01 2.060749945042184283e-01
1.132503944045596711e+01 -5.713066802833556279e-01 2.056797595596590034e-01
1.130636886104807637e+01 -5.699083728484035660e-01 2.052871775453558034e-01
1.128776646864348621e+01 -5.685028705745112099e-01 2.048974509925199361e-01
1.126942731307351586e+01 -5.670959570287424922e-01 2.044849412854185255e-01
1.125125474413699145e+01 -5.656750206683660576e-01 2.040613150498671036e-01
1.123313326154517711e+01 -5.642516090528492123e-01 2.036364970648833761e-01
1.121502353577121269e+01 -5.628303265671728006e-01 2.032172715500368820e-01
1.119713579356987054e+01 -5.614010955763452104e-01 2.027804964864497739e-01
1.117950651683235463e+01 -5.599624017339258630e-01 2.023252720290776852e-01
1.116187279775049923e+01 -5.585291191850066950e-01 2.018763943686990581e-01
1.114425557129254329e+01 -5.571055227117819308e-01 2.014273405418297858e-01
1.112683369864812377e+01 -5.556755501540202591e-01 2.009629872937508666e-01
1.110959252302226119e+01 -5.542487186609341698e-01 2.004927105086203865e-01
1.109238243134999280e+01 -5.528306525051572828e-01 2.000232554443429067e-01
1.107516155091780874e+01 -5.514315894646367733e-01 1.995605803178321924e-01
1.105799527827500128e+01 -5.500394429165095245e-01 1.990963440548620123e-01
1.104112557508920567e+01 -5.486546255416338003e-01 1.986172758986577414e-01
1.102418371602793457e+01 -5.472905534352990875e-01 1.981485673045680074e-01
1.100720990775056229e+01 -5.459646566883679109e-01 1.976972716518811957e-01
1.099029161981863645e+01 -5.446604962004659711e-01 1.972483075636538574e-01
1.097360117000226865e+01 -5.433691482270249784e-01 1.967941230260616958e-01
1.095678458396728416e+01 -5.421170584030069461e-01 1.963580430385269415e-01
1.093993674021098883e+01 -5.409167930449023665e-01 1.959402998880233060e-01
1.092298290872918365e+01 -5.397664691888306443e-01 1.955362690002408477e-01
1.090623406953498531e+01 -5.386294953779919847e-01 1.951331774526142704e-01
1.088933164775608198e+01 -5.375481646195967578e-01 1.947459212753361590e-01
1.087232424703450384e+01 -5.365090695772148921e-01 1.943804341707907335e-01
1.085528809585497179e+01 -5.355160837208461366e-01 1.940272048489399270e-01
1.083844984323720873e+01 -5.344997091039964676e-01 1.936640831924583139e-01
1.082146939807041974e+01 -5.335194009445832775e-01 1.933156712830762514e-01
1.080446790045024308e+01 -5.325643857981348095e-01 1.929797653108089595e-01
1.078742508280481260e+01 -5.316363849871764691e-01 1.926614281673158513e-01
1.077057907605129472e+01 -5.306652790901150718e-01 1.923231988139909587e-01
1.075371061462496947e+01 -5.297039572188474432e-01 1.919991178520878417e-01
1.073679462838562237e+01 -5.287558864514777524e-01 1.916835144636095389e-01
1.071987990532801227e+01 -5.278173120758584691e-01 1.913781535580089121e-01
1.070309634506323171e+01 -5.268187792881157128e-01 1.910550677326119107e-01
1.068627171350162719e+01 -5.258147262567631763e-01 1.907294105169208276e-01
1.066948738339560343e+01 -5.248120074156555903e-01 1.904136764111678259e-01
1.065267816076338470e+01 -5.238145112363588041e-01 1.901040677392732692e-01
1.063603569611346700e+01 -5.227496792885442112e-01 1.897777473525679992e-01
1.061937889013371006e+01 -5.216728336386997622e-01 1.894471298918259106e-01
1.060273306968050377e+01 -5.205913687406167334e-01 1.891217047642888838e-01
1.058607659540176371e+01 -5.195106935969545647e-01 1.888023034546794376e-01
1.056954838060428337e+01 -5.183651385973661041e-01 1.884651924984054872e-01
1.055310981780709056e+01 -5.172007302787119398e-01 1.881248949587882024e-01
1.053664750881041812e+01 -5.160363267340568605e-01 1.877871647342733152e-01
1.052019175596792522e+01 -5.148695199234768483e-01 1.874431506152299809e-01
1.050387408200673534e+01 -5.136473580849946208e-01 1.870963046979053634e-01
1.048758244917408433e+01 -5.124026974525599520e-01 1.867339228692739828e-01
1.047129983630023276e+01 -5.111636628925442238e-01 1.863801542422038604e-01
1.045513643747103849e+01 -5.099289426500719369e-01 1.860244214862529777e-01
1.043901601989077754e+01 -5.086557817205292764e-01 1.856590463374994393e-01
1.042294745748277229e+01 -5.073721818379310911e-01 1.852967019608203203e-01
1.040698628980580409e+01 -5.061050149150835287e-01 1.849340108067538124e-01
1.039105260586440949e+01 -5.048663973741920330e-01 1.845675374666425617e-01
1.037525616736702716e+01 -5.036020921864196032e-01 1.842066058079004642e-01
1.035949050724754095e+01 -5.023333228027306863e-01 1.838322139162328062e-01
1.034385515079081053e+01 -5.011029456501844281e-01 1.834691953025932853e-01
1.032826933394198221e+01 -4.999164610799043951e-01 1.831072445459103748e-01
1.031279151115267290e+01 -4.987293499907581307e-01 1.827344201308856719e-01
1.029744515858575049e+01 -4.975475567572628655e-01 1.823642847426232561e-01
1.028218412687426309e+01 -4.964327190233702725e-01 1.819993316159815300e-01
1.026706135830741751e+01 -4.953774554141146536e-01 1.816361184698394582e-01
1.025202818217099399e+01 -4.943623349916382304e-01 1.812680724939848831e-01
1.023709056159354169e+01 -4.933626652323598871e-01 1.809084838043185095e-01
1.022223555490637992e+01 -4.924235588095357552e-01 1.805452280620273020e-01
1.020755816868580901e+01 -4.915378491812413819e-01 1.801873899851351157e-01
1.019284554980599644e+01 -4.906737349514328494e-01 1.798273730186510655e-01
1.017825771198053530e+01 -4.897968899997299230e-01 1.794750074880789859e-01
1.016364261586140927e+01 -4.889541945498414033e-01 1.791214794146039069e-01
1.014909679218862415e+01 -4.881455866649093700e-01 1.787690468669819732e-01
1.013455560066539185e+01 -4.873457492870949537e-01 1.784188907585070039e-01
1.012001197739513358e+01 -4.865135188770525199e-01 1.780769102152700845e-01
1.010549943943023798e+01 -4.857055249698833399e-01 1.777365265197883848e-01
1.009101566139473860e+01 -4.849131126284548787e-01 1.773988251480675404e-01
1.007650075933466916e+01 -4.841277704835662554e-01 1.770628302343866811e-01
1.006199736375462805e+01 -4.832962096486595471e-01 1.767342943225643503e-01
1.004743029929395881e+01 -4.824775242254931706e-01 1.764143398820803288e-01
1.003288611415930909e+01 -4.816653886356226932e-01 1.760920371052116795e-01
1.001836065556577182e+01 -4.808545978616989292e-01 1.757789759602337853e-01
1.000375564620058633e+01 -4.799886098844004523e-01 1.754648245643060656e-01
9.989090869772368819e+00 -4.791303770850965926e-01 1.751589707452111955e-01
9.974451615372588620e+00 -4.782706770159104726e-01 1.748575777241082596e-01
9.959843172997912220e+00 -4.774129290210682997e-01 1.745570002125643450e-01
9.945136161322704282e+00 -4.764912626739801205e-01 1.742677278268237595e-01
9.930373827197454872e+00 -4.755764589087122518e-01 1.739750872398373172e-01
9.915640189318628117e+00 -4.746626578511518590e-01 1.736826141400479306e-01
9.900946358879066267e+00 -4.737515502873524964e-01 1.733937991419834679e-01
9.886162763488131944e+00 -4.727838007388048824e-01 1.731171829749413582e-01
9.871397569751460210e+00 -4.718226203483558701e-01 1.728407199575318354e-01
9.856664713908747544e+00 -4.708592693645080041e-01 1.725601005823683143e-01
9.841978207643682808e+00 -4.699118826358786860e-01 1.722786679367517837e-01
9.827275342418442250e+00 -4.689132019578972077e-01 1.720059864743657130e-01
9.812579482328517955e+00 -4.679186992287105995e-01 1.717334547170927816e-01
9.797984380278494498e+00 -4.669307719791749300e-01 1.714582495841361354e-01
9.783402367467534333e+00 -4.659570902875954101e-01 1.711777290943369001e-01
9.768835259237086177e+00 -4.649436493351385424e-01 1.708947734492609893e-01
9.754387749398379270e+00 -4.639333029003432363e-01 1.706128157115339716e-01
9.739989708083131248e+00 -4.629373150772650436e-01 1.703230571908428970e-01
9.725748839880353103e+00 -4.619549297133593302e-01 1.700276062098589613e-01
9.711571997238319653e+00 -4.609598992352600955e-01 1.697256522806920576e-01
9.697505669011349028e+00 -4.599766416430579041e-01 1.694217787913066264e-01
9.683644711795073690e+00 -4.590152070691488895e-01 1.691055499650979121e-01
9.669998877280843175e+00 -4.580802263416187126e-01 1.687729345289570304e-01
9.656449301682986430e+00 -4.571419812318059939e-01 1.684448549792650629e-01
9.643020374580897780e+00 -4.562205516800635907e-01 1.681063894252579904e-01
9.629779762112653074e+00 -4.553190829339724965e-01 1.677615222910672499e-01
9.616664469669313320e+00 -4.544396736853282270e-01 1.674097826346795936e-01
9.603641701784649598e+00 -4.535624804976117752e-01 1.670576380777926973e-01
9.590581323766770083e+00 -4.526935486452651203e-01 1.667138299825645098e-01
9.577664072392465755e+00 -4.518394693944912111e-01 1.663586231132855309e-01
9.564817918507980465e+00 -4.510021513425663264e-01 1.660040542629449833e-01
9.552019919726310704e+00 -4.501716460623376714e-01 1.656544345685888597e-01
9.539136669736064889e+00 -4.493389276338880522e-01 1.653092538773940079e-01
9.526365649827686966e+00 -4.485232573640600684e-01 1.649667030911671495e-01
9.513633393055210163e+00 -4.477265085852624171e-01 1.646259183048232322e-01
9.500856615966652541e+00 -4.469299604660199043e-01 1.642872418605220985e-01
9.488021068779412204e+00 -4.461317955068379582e-01 1.639630672861670801e-01
9.475222725356815090e+00 -4.453498683806476066e-01 1.636391659110599806e-01
9.462444270306308525e+00 -4.445738821146801301e-01 1.633159119958464689e-01
9.449626926345626288e+00 -4.438033594338873233e-01 1.630004425167340953e-01
9.436640779753032504e+00 -4.430350198902396341e-01 1.627004956620596576e-01
9.423730147908219834e+00 -4.422735381399579557e-01 1.624015099930427308e-01
9.410803911649923137e+00 -4.415198413618714457e-01 1.621039744944047789e-01
9.397906551722066126e+00 -4.407717406618862355e-01 1.618133266904796808e-01
9.384844828366198044e+00 -4.400282589925338383e-01 1.615397390286404944e-01
9.371814354205069364e+00 -4.392909830287266559e-01 1.612678819366481497e-01
9.358827257413198097e+00 -4.385605432147788862e-01 1.609973687093162742e-01
9.345894607744902771e+00 -4.378288608298502305e-01 1.607307475113829431e-01
9.332788519627904122e+00 -4.371028490847247427e-01 1.604812102202701762e-01
9.319748883187649824e+00 -4.363792006574961913e-01 1.602310892533237441e-01
9.306722431642659998e+00 -4.356550442240632592e-01 1.599797613704635191e-01
9.293730525017711130e+00 -4.349300391129170551e-01 1.597283585155861996e-01
9.280630286554487185e+00 -4.342090157618004320e-01 1.594935901008620038e-01
9.267596044396590571e+00 -4.334816036178792409e-01 1.592550134947914309e-01
9.254603756125289848e+00 -4.327421765089198846e-01 1.590117423789642603e-01
9.241695087454576907e+00 -4.320002401699808425e-01 1.587627770250499282e-01
9.228724400060908550e+00 -4.312598658396538664e-01 1.585291327000844241e-01
9.215824991291624357e+00 -4.305085258000326265e-01 1.582870227669705976e-01
9.203043780235313776e+00 -4.297385763996478536e-01 1.580355577299223102e-01
9.190354625566829583e+00 -4.289498141730510583e-01 1.577738473561528521e-01
9.177590509572109312e+00 -4.281552102910752833e-01 1.575198122623076846e-01
9.164968346666855226e+00 -4.273462205743680520e-01 1.572540595092650484e-01
9.152483612398986779e+00 -4.265019839523036538e-01 1.569736598547910589e-01
9.140111795481159263e+00 -4.256366562200315506e-01 1.566801596183786116e-01
9.127713490190355827e+00 -4.247770377102744188e-01 1.563921297752441653e-01
9.115390859980584182e+00 -4.239011563815431316e-01 1.560954636878982560e-01
9.103208612579221537e+00 -4.230136223292521036e-01 1.557890574189140509e-01
9.091139004063174767e+00 -4.221083253671011892e-01 1.554743594207568247e-01
9.079081539226310227e+00 -4.212292096696902965e-01 1.551679216191919064e-01
9.067104400605158432e+00 -4.203476588347409559e-01 1.548588222709414985e-01
9.055198952815429081e+00 -4.194620016484483793e-01 1.545431817430090171e-01
9.043309021905296063e+00 -4.185723614705649798e-01 1.542225272933367419e-01
9.031478897855999222e+00 -4.177134738649871948e-01 1.539116281069420611e-01
9.019685495381569496e+00 -4.168614890297802633e-01 1.536023404386783198e-01
9.007921372419707140e+00 -4.160137427960793888e-01 1.532897309471018821e-01
8.996226631679462571e+00 -4.151714288210966441e-01 1.529746719558600365e-01
8.984483414507897336e+00 -4.143566586073046398e-01 1.526690286156308640e-01
8.972764729693297525e+00 -4.135627691824053653e-01 1.523683946597955696e-01
8.961123395897779176e+00 -4.127754215277325556e-01 1.520669114694404855e-01
8.949527809913556453e+00 -4.119959331878829678e-01 1.517639880016388720e-01
8.937874879411580764e+00 -4.112526833855766895e-01 1.514710061217275638e-01
8.926247217004565471e+00 -4.105299322466063883e-01 1.511845152807920201e-01
8.914695357663591224e+00 -4.098159652260105479e-01 1.508980120995334906e-01
8.903125458824980853e+00 -4.091057237871751351e-01 1.506115719180577128e-01
8.891566937460053666e+00 -4.084296226502607818e-01 1.503329891430396081e-01
8.880046405551542676e+00 -4.077788531061268817e-01 1.500630006828781726e-01
8.868554635547079457e+00 -4.071279846415596371e-01 1.497935512977246475e-01
8.857063861901240287e+00 -4.064849507043470922e-01 1.495234513565014134e-01
8.845538748206852375e+00 -4.058620255216891515e-01 1.492602545403767522e-01
8.834022684764958555e+00 -4.052654058113684399e-01 1.490052711073154290e-01
8.822512249316275756e+00 -4.046668714645373921e-01 1.487498714846131331e-01
8.810988625328329604e+00 -4.040627404814211565e-01 1.484942145901036181e-01
8.799555982169730228e+00 -4.034686186754676829e-01 1.482425639080100221e-01
8.788042662228068735e+00 -4.028993444021447545e-01 1.479989760343523308e-01
8.776582559518107729e+00 -4.023168450282479380e-01 1.477547274059111682e-01
8.765133187247206692e+00 -4.017187922964750579e-01 1.475091192893300818e-01
8.753692154756482324e+00 -4.011162374671375375e-01 1.472657402781442915e-01
8.742282831067251792e+00 -4.005305411900556556e-01 1.470298312219535941e-01
8.730871931036247702e+00 -3.999189841974861159e-01 1.467913038828664030e-01
8.719451670578028057e+00 -3.992767806036669476e-01 1.465505036713739551e-01
8.708050111607853694e+00 -3.986109777992893344e-01 1.463092899395323221e-01
8.696621016633503842e+00 -3.979504428304879160e-01 1.460730351072768440e-01
8.685187776524692538e+00 -3.972491520960150790e-01 1.458330109377102002e-01
8.673755787839921183e+00 -3.965088387611764853e-01 1.455895930233351010e-01
8.662357207530931191e+00 -3.957385866535474417e-01 1.453447590067764583e-01
8.650976201538158605e+00 -3.949848118591321455e-01 1.451034149681487695e-01
8.639583488051174598e+00 -3.942035261297208160e-01 1.448597856464619027e-01
8.628232439362029993e+00 -3.933977749399109602e-01 1.446126026456684144e-01
8.616905787625553259e+00 -3.925715067871241581e-01 1.443630591076958403e-01
8.605635802697584325e+00 -3.917790906926938987e-01 1.441172692818195877e-01
8.594387517238937235e+00 -3.909709211965657349e-01 1.438685670050504073e-01
8.583160380781434284e+00 -3.901500236352774542e-01 1.436173431370608156e-01
8.571953292816852255e+00 -3.893186899573904958e-01 1.433625280583790684e-01
8.560854008719276820e+00 -3.885301909333349624e-01 1.431112165456110419e-01
8.549777196500919274e+00 -3.877371336833821958e-01 1.428565940138074586e-01
8.538700413443867987e+00 -3.869392321070459495e-01 1.425999310681590748e-01
8.527676577784465195e+00 -3.861370933903329195e-01 1.423412544423374726e-01
8.516805166327849008e+00 -3.853787936353115784e-01 1.420836299563191241e-01
8.505963988759496885e+00 -3.846260808749846216e-01 1.418245296384987864e-01
8.495151065939092305e+00 -3.838735535169000013e-01 1.415638199669544961e-01
8.484393127404752377e+00 -3.831222584125129615e-01 1.413019898623988357e-01
8.473792731431665004e+00 -3.824116223759964628e-01 1.410399823716276535e-01
8.463190580510161709e+00 -3.817129666467052318e-01 1.407768417970562680e-01
8.452647739967000362e+00 -3.810173202482202148e-01 1.405132488091762610e-01
8.442125830231365313e+00 -3.803243677198519523e-01 1.402486391662969289e-01
8.431689302745327907e+00 -3.796688141135440286e-01 1.399840530289639673e-01
8.421324549181294472e+00 -3.790280067876891090e-01 1.397190470850061539e-01
8.410962173956377796e+00 -3.783886986973865052e-01 1.394544982601089167e-01
8.400664296843714851e+00 -3.777507613472620429e-01 1.391903069219641853e-01
8.390376368091187587e+00 -3.771424941614032189e-01 1.389265481148370673e-01
8.380215060071767752e+00 -3.765491790546974249e-01 1.386635277099555474e-01
8.370015778003846663e+00 -3.759547858577637069e-01 1.384020874398492196e-01
8.359821715385496788e+00 -3.753585976605994801e-01 1.381422264452958626e-01
8.349686360912738081e+00 -3.747826261374027634e-01 1.378836756667567442e-01
8.339572397401662229e+00 -3.742200233994653069e-01 1.376265239879242985e-01
8.329405762679792602e+00 -3.736512546715898275e-01 1.373719453846972971e-01
8.319232220469128691e+00 -3.730748850723710208e-01 1.371212595254842348e-01
8.309066849785301301e+00 -3.725090589694934895e-01 1.368733620980260579e-01
8.298938974614156194e+00 -3.719505090339966791e-01 1.366289926855711045e-01
8.288726682621769370e+00 -3.713792808254749445e-01 1.363901321296291380e-01
8.278475963912908853e+00 -3.707939509400066114e-01 1.361580986915377489e-01
8.268220732746197399e+00 -3.702062630655073017e-01 1.359315990963180787e-01
8.257892397547387020e+00 -3.696193572793144422e-01 1.357095035405425087e-01
8.247490844968369927e+00 -3.690143705176112676e-01 1.354951785839154932e-01
8.237082133899095382e+00 -3.683928234321607875e-01 1.352870492722933471e-01
8.226607169735245861e+00 -3.677666995018096796e-01 1.350828561802436267e-01
8.216154507149497022e+00 -3.671456156265672788e-01 1.348784915635469484e-01
8.205686459163619162e+00 -3.665107388104497654e-01 1.346786215589236557e-01
8.195153174508375216e+00 -3.658641713269557005e-01 1.344823549809398555e-01
8.184655343241717063e+00 -3.652123696137489772e-01 1.342868456799894139e-01
8.174231639827285179e+00 -3.645693421625283426e-01 1.340873661538776185e-01
8.163806358676596986e+00 -3.639164403482827437e-01 1.338900662008958020e-01
8.153393313298924028e+00 -3.632543815912895324e-01 1.336932766462331224e-01
8.142972292425199043e+00 -3.625884480099654805e-01 1.334966036319844562e-01
8.132660002370236896e+00 -3.619325732653805860e-01 1.332923941481325147e-01
8.122390967818818197e+00 -3.612698006415360208e-01 1.330889138235933911e-01
8.112098107221584087e+00 -3.606015344469313266e-01 1.328844684420688038e-01
8.101875555708616616e+00 -3.599302103329420910e-01 1.326792440389077954e-01
8.091732647379203058e+00 -3.592693148964589689e-01 1.324644365985981342e-01
8.081683385543115605e+00 -3.586041115604165497e-01 1.322489196131170219e-01
8.071628065451390555e+00 -3.579354310443882969e-01 1.320321072488202796e-01
8.061608552264303285e+00 -3.572660056505411741e-01 1.318129748940010670e-01
8.051728812148276404e+00 -3.566054389478241493e-01 1.315832218489949856e-01
8.041888762343010200e+00 -3.559439206175872283e-01 1.313509703279419349e-01
8.032055290886333410e+00 -3.552809996847781648e-01 1.311181597731883308e-01
8.022268230600591465e+00 -3.546184320002476742e-01 1.308845201202805675e-01
8.012579244929813882e+00 -3.539685371568186967e-01 1.306411573211188892e-01
8.002988489550471485e+00 -3.533153825532919234e-01 1.303970689036708652e-01
7.993419092809364024e+00 -3.526625998267740036e-01 1.301542731628616001e-01
7.983802679191087215e+00 -3.520205337199874274e-01 1.299129190351924479e-01
7.974397196018111700e+00 -3.513787166669305462e-01 1.296642194976674878e-01
7.964967425687665248e+00 -3.507403668754706660e-01 1.294158157367929773e-01
7.955573841224482301e+00 -3.501097196058559069e-01 1.291700450401179756e-01
7.946149429877589654e+00 -3.494824288876807183e-01 1.289279326143596138e-01
7.936863835146580115e+00 -3.488643372909451812e-01 1.286795060449663353e-01
7.927621287053875143e+00 -3.482531437154745557e-01 1.284333877161305537e-01
7.918318881444410096e+00 -3.476510503789205786e-01 1.281929002432375952e-01
7.908960266444123199e+00 -3.470594042907389487e-01 1.279583786407210710e-01
7.899729256490594764e+00 -3.464727962879142753e-01 1.277220983577221913e-01
7.890457728398406090e+00 -3.458955511002778649e-01 1.274910300963572052e-01
7.881129515911045935e+00 -3.453335227055171486e-01 1.272686014760686379e-01
7.871802427809374336e+00 -3.447865550314776484e-01 1.270558431583957426e-01
7.862510726279208662e+00 -3.442469481645207274e-01 1.268457611254194817e-01
7.853133202204308994e+00 -3.437190623792417687e-01 1.266408376474190967e-01
7.843740042156570169e+00 -3.432021263706073744e-01 1.264448546458479816e-01
7.834274933816046449e+00 -3.426935954010059127e-01 1.262556127268763262e-01
7.824855585205683361e+00 -3.421858464482881446e-01 1.260670707089112941e-01
7.815433402258809004e+00 -3.416819827506714646e-01 1.258793279109328145e-01
7.805972201179615766e+00 -3.411786671440854568e-01 1.256978623100286629e-01
7.796555369771780875e+00 -3.406801375869040749e-01 1.255210998085548590e-01
7.787060126469687482e+00 -3.401851246352012859e-01 1.253437766066769210e-01
7.777673631966223411e+00 -3.396725793625104961e-01 1.251651333534319899e-01
7.768256000540938011e+00 -3.391661069034522247e-01 1.249903697733935892e-01
7.758827046941677352e+00 -3.386633012853406122e-01 1.248185549297679831e-01
7.749470524933943061e+00 -3.381509183526909545e-01 1.246451727508905011e-01
7.740096688559926719e+00 -3.376218345940382171e-01 1.244665479448553019e-01
7.730785985317647935e+00 -3.370955559924329048e-01 1.242897797954556766e-01
7.721427749971405241e+00 -3.365624453011658024e-01 1.241139236169121335e-01
7.712103597661618792e+00 -3.360159242840959903e-01 1.239344133575322610e-01
7.702866212577953675e+00 -3.354576496812932129e-01 1.237491997585186132e-01
7.693587742682344910e+00 -3.348944255653543700e-01 1.235645341540679149e-01
7.684347394132769793e+00 -3.343235783097888714e-01 1.233799396073875926e-01
7.675148696765434764e+00 -3.337503683414970168e-01 1.231925109727404211e-01
7.665952735713877253e+00 -3.331581056119021778e-01 1.229982452346812666e-01
7.656817066902560143e+00 -3.325595469455599473e-01 1.228038236859821802e-01
7.647680648729598296e+00 -3.319588285942107198e-01 1.226094940736280337e-01
7.638623371590063549e+00 -3.313545722946899530e-01 1.224127339746496484e-01
7.629579932979125623e+00 -3.307253669208373714e-01 1.222076613248181814e-01
7.620540199074018695e+00 -3.301024305788661239e-01 1.220030931560768250e-01
7.611560701230319026e+00 -3.294770107696228800e-01 1.217986687636677112e-01
7.602510158188397149e+00 -3.288597728201475001e-01 1.215937318612912849e-01
7.593612005445086410e+00 -3.282188206040403955e-01 1.213813725613239886e-01
7.584709864712674054e+00 -3.275825591129117864e-01 1.211712873663883527e-01
7.575837653237164737e+00 -3.269551365490452888e-01 1.209625347973635745e-01
7.566961715614861639e+00 -3.263469597476023609e-01 1.207553923155746389e-01
7.558206639050985665e+00 -3.257113261231022183e-01 1.205432903327047639e-01
7.549409093262538839e+00 -3.251006388584776197e-01 1.203337603859499505e-01
7.540661147095776506e+00 -3.245043254669783828e-01 1.201273337394980073e-01
7.531981246568313360e+00 -3.239265414705239654e-01 1.199230689880465134e-01
7.523313564086824279e+00 -3.233382441335066471e-01 1.197161374749500934e-01
7.514676565293185284e+00 -3.227715118944664563e-01 1.195125225940640579e-01
7.506109092805463234e+00 -3.222360734931167259e-01 1.193126452971621093e-01
7.497500071836336488e+00 -3.217309867224217301e-01 1.191180267660778697e-01
7.489007064653420365e+00 -3.212215265964599720e-01 1.189217078123202542e-01
7.480468476947056189e+00 -3.207331605910587746e-01 1.187289570056340171e-01
7.471947372927081332e+00 -3.202636187526061162e-01 1.185401760303008145e-01
7.463516807909510220e+00 -3.198229787424135551e-01 1.183543079260600817e-01
7.455028392722967467e+00 -3.193654677038955114e-01 1.181690157160312366e-01
7.446590892253730054e+00 -3.189233551044456383e-01 1.179856023916782543e-01
7.438169301780970244e+00 -3.184892749327985495e-01 1.178057204603316505e-01
7.429759028689452371e+00 -3.180695752514315355e-01 1.176284238271362720e-01
7.421292182408492089e+00 -3.176369900178395156e-01 1.174513167350432624e-01
7.412889431839817966e+00 -3.172034825192679985e-01 1.172757992912722980e-01
7.404471169107894823e+00 -3.167768882057864777e-01 1.171020678357820588e-01
7.396066162939564315e+00 -3.163488575394216018e-01 1.169303124648289338e-01
7.387590673684593767e+00 -3.159082186603303088e-01 1.167577350224927729e-01
7.379120401263541851e+00 -3.154554049290570483e-01 1.165856689686292774e-01
7.370682933723477603e+00 -3.150018801229147458e-01 1.164143220519505834e-01
7.362226635005417741e+00 -3.145519185858375866e-01 1.162445911003194138e-01
7.353711750831818605e+00 -3.140806842093412099e-01 1.160749717327724112e-01
7.345230217299386410e+00 -3.135989895233028402e-01 1.159061567468786108e-01
7.336730402832698061e+00 -3.131164802754635157e-01 1.157385677730030371e-01
7.328292365377776285e+00 -3.126379872188182474e-01 1.155724639687568250e-01
7.319791699689632836e+00 -3.121381836740092508e-01 1.154068701978154532e-01
7.311290076746866262e+00 -3.116275479883228727e-01 1.152419773654374396e-01
7.302784298158451648e+00 -3.111143156259578713e-01 1.150776172595676383e-01
7.294351568594394486e+00 -3.106036044022502662e-01 1.149134224818671168e-01
7.285839483554457985e+00 -3.100761053591060690e-01 1.147486900489117778e-01
7.277345446906689830e+00 -3.095328513359303368e-01 1.145845237736643485e-01
7.268885819863688091e+00 -3.089916051291554666e-01 1.144196310392733978e-01
7.260417410306175157e+00 -3.084516704369487106e-01 1.142549474769660317e-01
7.252000647584180726e+00 -3.079072529856409224e-01 1.140901113676064949e-01
7.243595008418625802e+00 -3.073458064639019161e-01 1.139257371235062183e-01
7.235196533892266579e+00 -3.067935030176080491e-01 1.137606771298523695e-01
7.226813073980420832e+00 -3.062487968664894811e-01 1.135946469073994131e-01
7.218494636608591364e+00 -3.057023219205254327e-01 1.134280250529690892e-01
7.210207668242454737e+00 -3.051413301741490169e-01 1.132607888409229852e-01
7.201919443059406234e+00 -3.045943713480075976e-01 1.130917956814700004e-01
7.193704401100675661e+00 -3.040539446577364413e-01 1.129207878173038859e-01
7.185536873187910345e+00 -3.035237075797570516e-01 1.127474203702674427e-01
7.177375530755339739e+00 -3.029844127678517629e-01 1.125739828027148559e-01
7.169343267997311031e+00 -3.024640407186022228e-01 1.123973125866354339e-01
7.161381709665526785e+00 -3.019605293865546547e-01 1.122177660852766989e-01
7.153485060359991543e+00 -3.014744620734206015e-01 1.120358275651682500e-01
7.145597267020153076e+00 -3.009795783788079548e-01 1.118555466202535847e-01
7.137782955094621684e+00 -3.005064338755500386e-01 1.116736848793422332e-01
7.130042228044181307e+00 -3.000431658027899462e-01 1.114903689673797937e-01
7.122371726693736527e+00 -2.995917970913341555e-01 1.113057799837628425e-01
7.114632003146453165e+00 -2.991329466713929519e-01 1.111247993553462210e-01
7.107002630880939087e+00 -2.986884727039936793e-01 1.109436336097164438e-01
7.099336532470069017e+00 -2.982463717419912563e-01 1.107619806496309561e-01
7.091707391250681169e+00 -2.978167147001960502e-01 1.105795381120304455e-01
7.084082401652650240e+00 -2.973812680017339782e-01 1.104029326401432115e-01
7.076457437262735795e+00 -2.969442747313746911e-01 1.102262083422568123e-01
7.068847328046735434e+00 -2.965188964061177268e-01 1.100505529114925718e-01
7.061278134322344968e+00 -2.961020283405065290e-01 1.098758304678500164e-01
7.053608411760937003e+00 -2.956767621839548887e-01 1.097074686558405510e-01
7.045968614620256254e+00 -2.952484694848876989e-01 1.095400689125559518e-01
7.038345560512845545e+00 -2.948296748744952955e-01 1.093741523285409051e-01
7.030655982883801336e+00 -2.944157310979532705e-01 1.092087335022615679e-01
7.022998818842592250e+00 -2.939842591871427713e-01 1.090494848466120603e-01
7.015250882032198376e+00 -2.935607470942004915e-01 1.088920553089134935e-01
7.007527234751149692e+00 -2.931332576044617944e-01 1.087353817320418359e-01
6.999768459751258831e+00 -2.927100364148618739e-01 1.085797946389621682e-01
6.991995713529873591e+00 -2.922825763221043593e-01 1.084294945191990878e-01
6.984200088552297458e+00 -2.918512786105746382e-01 1.082817943635646235e-01
6.976430776730102146e+00 -2.914194096749788132e-01 1.081353083617804106e-01
6.968626985855982170e+00 -2.909952131060642988e-01 1.079891041290587522e-01
6.960827411976907797e+00 -2.905574938707874977e-01 1.078475224494497564e-01
6.953018962235899991e+00 -2.901266957250928091e-01 1.077082997432248779e-01
6.945210951887617057e+00 -2.896938871886631239e-01 1.075686974045400590e-01
6.937457492510350932e+00 -2.892544146864855503e-01 1.074286023211851182e-01
6.929628413555673383e+00 -2.888172178976251003e-01 1.072913038382603684e-01
6.921838253965950649e+00 -2.883739534838757890e-01 1.071559778354756604e-01
6.914078754724027220e+00 -2.879298231014004172e-01 1.070182536807861851e-01
6.906286378581182994e+00 -2.874847049925311482e-01 1.068785563048493398e-01
6.898582547391011843e+00 -2.870360494165644649e-01 1.067403999755974497e-01
6.890846360783976721e+00 -2.865846339118622854e-01 1.066021646230873310e-01
6.883188729457542010e+00 -2.861314109475778245e-01 1.064607276846845779e-01
6.875546111893033441e+00 -2.856755759283244878e-01 1.063146131788915288e-01
6.867930653962950771e+00 -2.852163727722312747e-01 1.061674844463539324e-01
6.860411359992911962e+00 -2.847543815368986375e-01 1.060195805471821767e-01
6.852947325827435598e+00 -2.842885177632630822e-01 1.058654206176599111e-01
6.845537515365221815e+00 -2.838197522181999388e-01 1.057058267599675916e-01
6.838135591346171438e+00 -2.833490053384239982e-01 1.055438612809284082e-01
6.830817966522204188e+00 -2.828782932788050930e-01 1.053834896324373910e-01
6.823534751218164551e+00 -2.824062357020612479e-01 1.052184681853289561e-01
6.816274662289229624e+00 -2.819333543702156053e-01 1.050500261272053204e-01
6.809011630349555588e+00 -2.814617969721012192e-01 1.048806386797189599e-01
6.801783573721023934e+00 -2.809947948124323358e-01 1.047148775605516169e-01
6.794586178882587646e+00 -2.805292087713741056e-01 1.045466246832606472e-01
6.787417930139249655e+00 -2.800648637643691208e-01 1.043767880182077668e-01
6.780280109118750786e+00 -2.796040076851133982e-01 1.042068324018723263e-01
6.773097184376028146e+00 -2.791538031391235242e-01 1.040419654791376741e-01
6.765999949858394480e+00 -2.787071755765844761e-01 1.038769657860122986e-01
6.758893818417131882e+00 -2.782643093986872374e-01 1.037114091315654851e-01
6.751813644049225793e+00 -2.778262295268089654e-01 1.035464251035487643e-01
6.744706278304057889e+00 -2.774024452845056943e-01 1.033883592426040471e-01
6.737608703327095050e+00 -2.769816518479905620e-01 1.032299942634327256e-01
6.730566429148653995e+00 -2.765650827773009079e-01 1.030721526949096162e-01
6.723470591098219096e+00 -2.761522776972626936e-01 1.029144009209094768e-01
6.716391451654891931e+00 -2.757547311601177831e-01 1.027650997348125983e-01
6.709350483667251730e+00 -2.753607120548722254e-01 1.026156735431608402e-01
6.702262835046613354e+00 -2.749696214380917270e-01 1.024667110668593395e-01
6.695190817214512258e+00 -2.745801248346142476e-01 1.023180659962816819e-01
6.688125109144340108e+00 -2.742074578715973932e-01 1.021775190589028354e-01
6.681052399388727636e+00 -2.738368565123852627e-01 1.020372810295313848e-01
6.673995742862160796e+00 -2.734667700298215598e-01 1.018969325515835245e-01
6.666912819004891411e+00 -2.730969815741487450e-01 1.017570345172004176e-01
6.659847688170085434e+00 -2.727411526861935887e-01 1.016239367249095471e-01
6.652723295195766440e+00 -2.723859349851700529e-01 1.014911166245203722e-01
6.645683043597263584e+00 -2.720283354729488567e-01 1.013581337007645328e-01
6.638573930360236908e+00 -2.716671128850493555e-01 1.012246845721486016e-01
6.631468111017093214e+00 -2.713161912260029784e-01 1.010956408498202563e-01
6.624408877703542586e+00 -2.709631735041880818e-01 1.009675260742851216e-01
6.617337109987617261e+00 -2.706037591778787110e-01 1.008381396035941957e-01
6.610251323491922903e+00 -2.702367611301454420e-01 1.007072899179932979e-01
6.603242349742991735e+00 -2.698752935529329933e-01 1.005794478970216399e-01
6.596190308890677478e+00 -2.695085544760872365e-01 1.004517511291874582e-01
6.589192277367249773e+00 -2.691297037431281680e-01 1.003214749261617522e-01
6.582243948250765087e+00 -2.687368010640589500e-01 1.001888798249805229e-01
6.575216074486146312e+00 -2.683427342087272294e-01 1.000574621272925097e-01
6.568295613860482440e+00 -2.679392867348893148e-01 9.992480229687311644e-02
6.561322615858646401e+00 -2.675197318523160339e-01 9.978922004181288441e-02
6.554352328165095720e+00 -2.670868746018174589e-01 9.965046298897041466e-02
6.547428030398632082e+00 -2.666539687896929967e-01 9.951303938820969808e-02
6.540580922495023763e+00 -2.662194636537544845e-01 9.937488476631747836e-02
6.533682740426003832e+00 -2.657752590093556688e-01 9.923481420042619405e-02
6.526785807068711698e+00 -2.653228520925592915e-01 9.909260475591102901e-02
6.519962174054681370e+00 -2.648756839171152455e-01 9.895138807355315091e-02
6.513153432782845975e+00 -2.644336372676792668e-01 9.881088048411711122e-02
6.506376854531679577e+00 -2.639871787286776073e-01 9.866867043754172506e-02
6.499619748253075535e+00 -2.635371919153992604e-01 9.852512973788127293e-02
6.492843320274094943e+00 -2.630950886710886061e-01 9.838206412473370077e-02
6.486110447651546984e+00 -2.626646409291723550e-01 9.824083007725861738e-02
6.479409723703354551e+00 -2.622337294877184477e-01 9.809785455513386765e-02
6.472667309914968747e+00 -2.618025298605413664e-01 9.795421406412950505e-02
6.465991182806950732e+00 -2.613793421500442138e-01 9.781099247611901859e-02
6.459361281192779636e+00 -2.609728018994921239e-01 9.766983002809566383e-02
6.452743008984531237e+00 -2.605668497804592421e-01 9.752798421975064636e-02
6.446111204324432187e+00 -2.601624470363549935e-01 9.738520144028714465e-02
6.439558823889210970e+00 -2.597658218448031797e-01 9.724365841267630650e-02
6.433008465530027031e+00 -2.593880309685076546e-01 9.710393183287559238e-02
6.426468354464544674e+00 -2.590119283040256404e-01 9.696366511707782410e-02
6.419977057410026333e+00 -2.586371281289875923e-01 9.682329830510830182e-02
6.413476800665502964e+00 -2.582680101494905234e-01 9.668307871044511115e-02
6.407008688415485764e+00 -2.579198174504711005e-01 9.654504701433772040e-02
6.400546690710870124e+00 -2.575719375548629619e-01 9.640730011908110741e-02
6.394079429460911790e+00 -2.572239965810543816e-01 9.626971050184683631e-02
6.387602053800348401e+00 -2.568784610984608530e-01 9.613248328557090494e-02
6.381219092940546567e+00 -2.565528872539074579e-01 9.599709660403199507e-02
6.374796755926011471e+00 -2.562251359405605111e-01 9.586243711744150964e-02
6.368380517387563167e+00 -2.558948457881622951e-01 9.572825359592655736e-02
6.361940173472648397e+00 -2.555626470704883135e-01 9.559434941649887219e-02
6.355571988758200064e+00 -2.552482931579154735e-01 9.546238357797513785e-02
6.349192500419197138e+00 -2.549288945405200346e-01 9.533125672430382835e-02
6.342772290052285378e+00 -2.546039224375037935e-01 9.520089943492229811e-02
6.336355295474371374e+00 -2.542728464699873236e-01 9.507124565195775034e-02
6.329982967687335815e+00 -2.539544313474464410e-01 9.494294446775886076e-02
6.323557212583516218e+00 -2.536270147379381945e-01 9.481598017090922537e-02
6.317097998378367940e+00 -2.532893133796050855e-01 9.469062553409079985e-02
6.310635090601187436e+00 -2.529393658417023460e-01 9.456647606581293497e-02
6.304243032417971015e+00 -2.525956917472811925e-01 9.444374732388879923e-02
6.297761105112335223e+00 -2.522413007730707202e-01 9.432285537219002591e-02
6.291278618313693727e+00 -2.518752913525388326e-01 9.420321505434847698e-02
6.284734915947853828e+00 -2.514990860141441686e-01 9.408424143065355350e-02
6.278275718337002154e+00 -2.511296498249198095e-01 9.396579655501206829e-02
6.271841535487121533e+00 -2.507546378877070770e-01 9.384826636872384276e-02
6.265338411571174326e+00 -2.503723101931458750e-01 9.373090447999325725e-02
6.258833233829795617e+00 -2.499835956397029324e-01 9.361441612489301844e-02
6.252404892286682170e+00 -2.496018470085266394e-01 9.349694870263819402e-02
6.245950760808682389e+00 -2.492192116181963513e-01 9.337968866871391993e-02
6.239528082701137457e+00 -2.488317984881848743e-01 9.326209679984366618e-02
6.233134266668079349e+00 -2.484411049366059554e-01 9.314419806152875181e-02
6.226740454933363367e+00 -2.480574395963060785e-01 9.302507103226372032e-02
6.220439230698074695e+00 -2.476766099822860223e-01 9.290495526925432457e-02
6.214096790090183120e+00 -2.472930345434447841e-01 9.278463147235203878e-02
6.207772801337450908e+00 -2.469068507986102168e-01 9.266418259593707518e-02
6.201507076523077089e+00 -2.465285920661988428e-01 9.254208655773471515e-02
6.195285024637821714e+00 -2.461543972015011739e-01 9.241843686601056151e-02
6.189073561121529288e+00 -2.457794942999654564e-01 9.229426036981948356e-02
6.182876580015902235e+00 -2.454040221634028740e-01 9.216965774268755240e-02
6.176725393122527663e+00 -2.450357690249181930e-01 9.204319246411321598e-02
6.170621257788003966e+00 -2.446737103019314685e-01 9.191505458875530443e-02
6.164521706437404269e+00 -2.443123350694963447e-01 9.178638831094580730e-02
6.158436975707849648e+00 -2.439517949803786667e-01 9.165659731620402761e-02
6.152385470053409300e+00 -2.435968377646355321e-01 9.152587990966319642e-02
6.146389780413645809e+00 -2.432490337161898331e-01 9.139352171348551213e-02
6.140401159971998091e+00 -2.429019516037494442e-01 9.126104642519479448e-02
6.134410278866591959e+00 -2.425550665778289650e-01 9.112915877848679069e-02
6.128456875546770100e+00 -2.422128518392718255e-01 9.099734518960796159e-02
6.122551537810584144e+00 -2.418772345984841476e-01 9.086404905714910718e-02
6.116649433150986859e+00 -2.415419335088688224e-01 9.073166815021163623e-02
6.110740391109598768e+00 -2.412071561255746954e-01 9.060036401295783193e-02
6.104847222757469716e+00 -2.408756444227642679e-01 9.047033092202366733e-02
6.098993386552474583e+00 -2.405511569180240616e-01 9.033863793832926092e-02
6.093125296311828976e+00 -2.402270782560153861e-01 9.020941946331666184e-02
6.087239273618765267e+00 -2.399040481414134174e-01 9.008259098344574556e-02
6.081352160634361681e+00 -2.395829334066628125e-01 8.995705003365341013e-02
6.075492526988829134e+00 -2.392670630114569486e-01 8.983202159387841668e-02
6.069610949294051316e+00 -2.389521473876394519e-01 8.971019209048838872e-02
6.063695155457399899e+00 -2.386369111091631579e-01 8.959238964220474222e-02
6.057755765762649069e+00 -2.383235348078351357e-01 8.947815163642046377e-02
6.051848227011866754e+00 -2.380139829660285200e-01 8.936414336007930670e-02
6.045907558174642205e+00 -2.377044072886807802e-01 8.925305154802701257e-02
6.039941080826913833e+00 -2.373952666501764341e-01 8.914535365122586152e-02
6.033952486345960153e+00 -2.370856264583375006e-01 8.903979863035649256e-02
6.028012018428281493e+00 -2.367785884415234410e-01 8.893253577562101886e-02
6.022050429480659162e+00 -2.364703678566973388e-01 8.882745260451418989e-02
6.016075329052446463e+00 -2.361613939358233327e-01 8.872372401629945171e-02
6.010087007131914127e+00 -2.358513731481858278e-01 8.862199688689936794e-02
6.004158316815725982e+00 -2.355408985614670658e-01 8.851722216669284660e-02
5.998222822748682681e+00 -2.352288446767719088e-01 8.841338741400625589e-02
5.992286165738865300e+00 -2.349148589891148220e-01 8.831108944027891983e-02
5.986348512916297437e+00 -2.345986752636941564e-01 8.820935981786946767e-02
5.980465120715416028e+00 -2.342807983889553802e-01 8.810492925382916451e-02
5.974584480477509452e+00 -2.339608045260913871e-01 8.799999199579135178e-02
5.968709833186826685e+00 -2.336393874273883231e-01 8.789517123046179659e-02
5.962835423797773871e+00 -2.333157301102067593e-01 8.779050852313387276e-02
5.957011636879578909e+00 -2.329897742862578058e-01 8.768245600787395733e-02
5.951208326151934180e+00 -2.326608914489710078e-01 8.757316599118331046e-02
5.945406647440580450e+00 -2.323311303814426243e-01 8.746366082162797262e-02
5.939613484833205170e+00 -2.319997915889476514e-01 8.735465099343495132e-02
5.933865667938573729e+00 -2.316654329561199932e-01 8.724176010012471560e-02
5.928139043051086077e+00 -2.313282861841429172e-01 8.712767079654529234e-02
5.922421673766095296e+00 -2.309907375611045255e-01 8.701354086298639101e-02
5.916707293458505212e+00 -2.306526858533416435e-01 8.689928682134237525e-02
5.911039154704259779e+00 -2.303121434099191789e-01 8.678181383556202166e-02
5.905391481182743263e+00 -2.299699128426605510e-01 8.666281017376240015e-02
5.899747235728422190e+00 -2.296288528559804754e-01 8.654405678604772112e-02
5.894105221526399596e+00 -2.292888221346714162e-01 8.642484940185905795e-02
5.888501936182265695e+00 -2.289477866681527696e-01 8.630414292386441588e-02
5.882923766327484039e+00 -2.286058207707915568e-01 8.618165533189842131e-02
5.877345742696025610e+00 -2.282673911124672994e-01 8.606068446791027837e-02
5.871767271473472327e+00 -2.279330761005740336e-01 8.594049648700166633e-02
5.866222155781870562e+00 -2.275988808338490210e-01 8.582000736399401919e-02
5.860697980635180215e+00 -2.272660501972760816e-01 8.569853670245790311e-02
5.855171002966905291e+00 -2.269388109416565491e-01 8.557956173800698729e-02
5.849640666112259524e+00 -2.266190051912438941e-01 8.546234089907737974e-02
5.844131762383933726e+00 -2.263027365946259084e-01 8.534553492719818002e-02
5.838643639578902089e+00 -2.259893798551844968e-01 8.522877075983960327e-02
5.833147857801251668e+00 -2.256860688978129525e-01 8.511465332642663417e-02
5.827644419559264932e+00 -2.253930393908243346e-01 8.500360232593129339e-02
5.822150175928933358e+00 -2.251057998373062474e-01 8.489397219799155181e-02
5.816679662509147697e+00 -2.248208595672350207e-01 8.478479159781152075e-02
5.811201846892882550e+00 -2.245432696362208158e-01 8.467836243141750596e-02
5.805719064410203245e+00 -2.242723627223682792e-01 8.457415334974825727e-02
5.800246199869863339e+00 -2.240043867995328286e-01 8.447090250949604306e-02
5.794791579205071486e+00 -2.237340836903545516e-01 8.436701648455256775e-02
5.789337083933023820e+00 -2.234678077587843870e-01 8.426527216302019674e-02
5.783876633935660649e+00 -2.232057915422702710e-01 8.416507005138647302e-02
5.778423476461766128e+00 -2.229440934689147502e-01 8.406596811679850623e-02
5.772986875854194899e+00 -2.226763291058767025e-01 8.396583969302258421e-02
5.767555567381378978e+00 -2.224099785595440582e-01 8.386696125662619627e-02
5.762116114553945678e+00 -2.221455880091783019e-01 8.376943819534095337e-02
5.756686629095125518e+00 -2.218800577135036922e-01 8.367230793659230503e-02
5.751270386189800021e+00 -2.216052945870713997e-01 8.357298083291803126e-02
5.745857620214931849e+00 -2.213299674419810792e-01 8.347431139546952761e-02
5.740440151770012989e+00 -2.210549513372399300e-01 8.337626639869895329e-02
5.735024524797608159e+00 -2.207784689723145399e-01 8.327791784427981958e-02
5.729629245092795919e+00 -2.204902720558377383e-01 8.317802874279039971e-02
5.724232071128090737e+00 -2.202016734121026997e-01 8.307897274495362749e-02
5.718844304108022136e+00 -2.199128953390802332e-01 8.298032489130649503e-02
5.713455246896253392e+00 -2.196241754341759500e-01 8.288240374810454392e-02
5.708083062190649315e+00 -2.193224541510995496e-01 8.278247956151033038e-02
5.702718156312579723e+00 -2.190208760745704086e-01 8.268310654858135322e-02
5.697360325386521041e+00 -2.187191574468138611e-01 8.258395111511740438e-02
5.692010041742446624e+00 -2.184180286077857525e-01 8.248528873265867367e-02
5.686670257733758227e+00 -2.181062042611374430e-01 8.238491007985246362e-02
5.681339487317527137e+00 -2.177940829724087091e-01 8.228438686491748588e-02
5.676013918660757440e+00 -2.174834529337698885e-01 8.218383408473781127e-02
5.670703842630310909e+00 -2.171747261996660461e-01 8.208322565092524004e-02
5.665402630366280334e+00 -2.168578940172515568e-01 8.198180510747625493e-02
5.660118789231498582e+00 -2.165421949768082943e-01 8.188032144379465971e-02
5.654849087112683748e+00 -2.162301442880463775e-01 8.177866490329865901e-02
5.649589345733183166e+00 -2.159227452524178636e-01 8.167772190813968325e-02
5.644347267374830501e+00 -2.156102227069596200e-01 8.157494914724357227e-02
5.639119956506147169e+00 -2.153009152059946751e-01 8.147258202441109987e-02
5.633914645195208237e+00 -2.149975933097071079e-01 8.137034625771409624e-02
5.628725410820022645e+00 -2.147014934830282773e-01 8.126763641542474048e-02
5.623556459087826198e+00 -2.144050956267096741e-01 8.116360555018559131e-02
5.618401837588671732e+00 -2.141129770957806988e-01 8.105985979861200785e-02
5.613277174428346505e+00 -2.138307636825214908e-01 8.095605411683133579e-02
5.608179799646517694e+00 -2.135579711501437439e-01 8.085232285235731398e-02
5.603095808531234567e+00 -2.132862419902321061e-01 8.074784431604867252e-02
5.598027160043550055e+00 -2.130179966392321267e-01 8.064432884681907443e-02
5.592980141030185592e+00 -2.127565263144498009e-01 8.054118704366595993e-02
5.587951495094658938e+00 -2.125023671843397077e-01 8.043850235008571936e-02
5.582926965175436962e+00 -2.122475880778890434e-01 8.033587214770278317e-02
5.577914734588240719e+00 -2.119932447336059789e-01 8.023406235898571104e-02
5.572910559632115124e+00 -2.117433623836970924e-01 8.013246789611214171e-02
5.567911239758622344e+00 -2.114978277282034413e-01 8.003185258041865813e-02
5.562921981481372846e+00 -2.112502279347867606e-01 7.993130921899527230e-02
5.557926921774071438e+00 -2.110004533220794232e-01 7.983185785304383608e-02
5.552935571308990959e+00 -2.107535083170505863e-01 7.973322146658826104e-02
5.547951249379109662e+00 -2.105092468995259647e-01 7.963492502328574363e-02
5.542964006335214577e+00 -2.102628566662098908e-01 7.953717142760267922e-02
5.537974949026106763e+00 -2.100122429137912528e-01 7.944105150946548233e-02
5.532980763421186055e+00 -2.097628117257588631e-01 7.934546687469766491e-02
5.527990904725506915e+00 -2.095146607944177453e-01 7.925051738490353215e-02
5.523000129078987186e+00 -2.092643470558373242e-01 7.915580125283017132e-02
5.517992391710970779e+00 -2.090081449611124187e-01 7.906285497021590947e-02
5.512988756761977527e+00 -2.087524988861716724e-01 7.897033691582767967e-02
5.507985662532083104e+00 -2.084966223973951094e-01 7.887792494929486697e-02
5.502974603433384182e+00 -2.082394270741696751e-01 7.878598175182292829e-02
5.497951191022439232e+00 -2.079754294881529519e-01 7.869562600379124973e-02
5.492931354083223638e+00 -2.077119971912459173e-01 7.860544170785184470e-02
5.487919685917525214e+00 -2.074489192161167450e-01 7.851562436395394251e-02
5.482911334005998505e+00 -2.071856656962634824e-01 7.842665939986691315e-02
5.477884538738685194e+00 -2.069164293025634038e-01 7.833899701668610438e-02
5.472870804790209931e+00 -2.066474561606427007e-01 7.825127723800885671e-02
5.467867816405404646e+00 -2.063793815578249813e-01 7.816355879682554408e-02
5.462872497756890766e+00 -2.061117880704274319e-01 7.807523348871357738e-02
5.457874046812620783e+00 -2.058387089333490183e-01 7.798924564869121057e-02
5.452883777659369713e+00 -2.055666427330420654e-01 7.790226218839375882e-02
5.447906857429544836e+00 -2.052955067947856149e-01 7.781432644215138805e-02
5.442955913346109398e+00 -2.050259563622555958e-01 7.772547722041842078e-02
5.437998503656338301e+00 -2.047520406761261236e-01 7.763842546131925759e-02
5.433061983994691424e+00 -2.044801195335347321e-01 7.754986204768797575e-02
5.428157913706726845e+00 -2.042102684040949800e-01 7.745995074920439261e-02
5.423275200273709018e+00 -2.039424031168292906e-01 7.736817645967904167e-02
5.418404825913278877e+00 -2.036731000124028801e-01 7.727737841000030528e-02
5.413566046129925979e+00 -2.034053952566267642e-01 7.718480835563444609e-02
5.408757142328870060e+00 -2.031401964082736045e-01 7.709034405203922524e-02
5.403978547172391345e+00 -2.028775882835160693e-01 7.699366972174473411e-02
5.399198784342113200e+00 -2.026138349045322196e-01 7.689885025698607601e-02
5.394444669175891605e+00 -2.023518130434983631e-01 7.680258079366769630e-02
5.389711205140068628e+00 -2.020924171886545329e-01 7.670527150531329663e-02
5.384996210747234002e+00 -2.018352322856522829e-01 7.660735557886340363e-02
5.380287342670774464e+00 -2.015786517152127755e-01 7.651066290866301300e-02
5.375586474608102350e+00 -2.013243718424068962e-01 7.641437463012365483e-02
5.370902514856818577e+00 -2.010730209523859668e-01 7.631788963080989030e-02
5.366232528400280977e+00 -2.008236707541020127e-01 7.622099845853086419e-02
5.361569154902979584e+00 -2.005760133606871998e-01 7.612583686045581999e-02
5.356901835607453144e+00 -2.003306932078345592e-01 7.603224173104666805e-02
5.352250077608232459e+00 -2.000873846512682130e-01 7.593831161967196097e-02
5.347605928038486667e+00 -1.998464727913871197e-01 7.584465169605464352e-02
5.342957623556782387e+00 -1.996066972876675283e-01 7.575261243593595095e-02
5.338310068789230201e+00 -1.993695973123432441e-01 7.566190091282222474e-02
5.333669531845255385e+00 -1.991341936642467003e-01 7.557187215399940872e-02
5.329034169326350323e+00 -1.989008401140237026e-01 7.548184507254351860e-02
5.324391269833929741e+00 -1.986692587621297634e-01 7.539388889064710386e-02
5.319746624795318013e+00 -1.984395675713178375e-01 7.530758340826124164e-02
5.315109567929754419e+00 -1.982113307857469031e-01 7.522134843017319605e-02
5.310477877059111229e+00 -1.979842243337961993e-01 7.513577872772342348e-02
5.305839805184921154e+00 -1.977585851708916764e-01 7.505177127852523389e-02
5.301192921098247801e+00 -1.975353310900577475e-01 7.496942362357711387e-02
5.296555796115327119e+00 -1.973124895314563865e-01 7.488686249712911414e-02
5.291926199798025365e+00 -1.970904150607724337e-01 7.480472548909801456e-02
5.287294709171654894e+00 -1.968684520437145036e-01 7.472364500608470739e-02
5.282655904410594516e+00 -1.966487075029637599e-01 7.464448497130635185e-02
5.278024701650500639e+00 -1.964281431419677704e-01 7.456508016412910500e-02
5.273398209718733298e+00 -1.962063471130024994e-01 7.448536906815986236e-02
5.268766576345289110e+00 -1.959844451630490536e-01 7.440542149948162209e-02
5.264136811466512356e+00 -1.957636015556409870e-01 7.432727048852773299e-02
5.259516908221002929e+00 -1.955406594468304116e-01 7.424863238972016777e-02
5.254903692084444522e+00 -1.953153693071003061e-01 7.416885028990444217e-02
5.250297022459443852e+00 -1.950885208017735517e-01 7.408877288005870365e-02
5.245695690128281186e+00 -1.948620480773590735e-01 7.400975289458996964e-02
5.241110486835834692e+00 -1.946327679888957551e-01 7.392961294650653159e-02
5.236539171462838205e+00 -1.943990546153792631e-01 7.384759176581318085e-02
5.231985292233545692e+00 -1.941622151018315701e-01 7.376477523921599888e-02
5.227433482248852847e+00 -1.939247493827754298e-01 7.368198852894528028e-02
5.222905099477586965e+00 -1.936828128949283356e-01 7.359754001397667000e-02
5.218388704376645926e+00 -1.934366259459434634e-01 7.351175920088411087e-02
5.213879580917654799e+00 -1.931874888156588088e-01 7.342437498261836226e-02
5.209382091931700209e+00 -1.929408725567225702e-01 7.333816842906847044e-02
5.204894934135334772e+00 -1.926918448375726789e-01 7.325087450925731047e-02
5.200424988936793724e+00 -1.924404723889273361e-01 7.316247068945333498e-02
5.195964276193656417e+00 -1.921882960640635407e-01 7.307291543789824761e-02
5.191510707009848069e+00 -1.919399464883568829e-01 7.298556703848727012e-02
5.187065009882100064e+00 -1.916910743042919973e-01 7.289781613634439827e-02
5.182630609018211487e+00 -1.914417967582269509e-01 7.280917643859080579e-02
5.178210518304986465e+00 -1.911923602728233529e-01 7.271998211306920923e-02
5.173790365442081374e+00 -1.909487279877710164e-01 7.263227986049419771e-02
5.169379160967214837e+00 -1.907057472506204776e-01 7.254502088818383376e-02
5.164978706730214419e+00 -1.904637825313824639e-01 7.245705232001257989e-02
5.160583473702179624e+00 -1.902216524399651110e-01 7.236915660742578027e-02
5.156192706612412913e+00 -1.899870058171131693e-01 7.228321714454835623e-02
5.151812942057892641e+00 -1.897539624459411989e-01 7.219730190661105551e-02
5.147443151894005808e+00 -1.895222715926510870e-01 7.211155064628316236e-02
5.143077068451920475e+00 -1.892914655461187812e-01 7.202570360633610280e-02
5.138727272152089576e+00 -1.890676551514746950e-01 7.194172220976774446e-02
5.134379283963150797e+00 -1.888471727597350047e-01 7.185812548210189499e-02
5.130036339231214271e+00 -1.886278865016745299e-01 7.177492979589997213e-02
5.125701072065677266e+00 -1.884087206563359040e-01 7.169185902138246191e-02
5.121374763084364012e+00 -1.881962907506022353e-01 7.161058235519740522e-02
5.117055657078048547e+00 -1.879876130121850564e-01 7.152970876807709932e-02
5.112742142161206260e+00 -1.877792366182784445e-01 7.144932703172443555e-02
5.108430515534591265e+00 -1.875713086977250088e-01 7.136904903698935987e-02
5.104123148905830298e+00 -1.873682016164099351e-01 7.128950865444375062e-02
5.099821006967680148e+00 -1.871683928255233331e-01 7.121140821483606942e-02
5.095525337019338075e+00 -1.869679067061990607e-01 7.113351009830329308e-02
5.091232361433852383e+00 -1.867668562855729630e-01 7.105548323245594600e-02
