# cl_TT                  cl_TE                    cl_EE
9.677122544479680073e+03 3.296352541221396848e+01 1.816890105409212086e-01
7.781231466143631224e+03 3.771107665252180396e+01 3.832411274847358773e-01
6.802203871459112634e+03 3.948095438234296495e+01 5.957491587524681442e-01
6.176648591638007019e+03 3.909067698245346634e+01 7.687631523744233863e-01
5.729690338933472958e+03 3.727704189343243257e+01 8.706486645130410151e-01
5.390506220843435585e+03 3.461749817653519301e+01 8.910080868516369046e-01
5.124886849585066557e+03 3.152930604765095524e+01 8.376662713016346240e-01
4.913559620586285746e+03 2.830101114308997623e+01 7.304836585239665725e-01
4.741882651033604816e+03 2.513513479226457648e+01 5.943335581611302043e-01
4.602394447662733910e+03 2.214893772187689791e+01 4.531555211985322518e-01
4.490925720581109999e+03 1.939231437840115646e+01 3.258246561844838629e-01
4.400179205365202506e+03 1.690458637417951948e+01 2.239814987316512684e-01
4.323986654334117702e+03 1.472953425632973889e+01 1.518380500359310104e-01
4.261225802255477902e+03 1.289479322575660092e+01 1.075533702325305735e-01
4.211994128474408171e+03 1.140400588672904014e+01 8.541422894924181886e-02
4.174375254147018495e+03 1.024360137041295715e+01 7.811475702283336708e-02
4.140135601155392578e+03 9.382074731158562386e+00 7.862114850369708585e-02
4.120948907811863137e+03 8.838252574680502960e+00 8.160006768436792179e-02
4.104385992408294442e+03 8.553587181461550060e+00 8.352751245380472811e-02
4.089167441563196462e+03 8.489376082896109565e+00 8.350742515841810820e-02
4.078088159389847078e+03 8.614545622980617878e+00 8.155597855983563738e-02
4.070808678991621036e+03 8.887002965772209606e+00 7.902558920893475169e-02
4.065982817664202230e+03 9.260760229155129863e+00 7.749870690678695162e-02
4.063059055175656340e+03 9.700198085861007513e+00 7.812132853291732515e-02
4.062301200312431320e+03 1.016783516361129713e+01 8.169822013663526061e-02
4.063342143025413861e+03 1.063439119797234689e+01 8.813855669720975505e-02
4.065973086736732057e+03 1.107647105891605754e+01 9.704411926938508182e-02
4.069859550427799604e+03 1.147626561398121403e+01 1.075651931401719330e-01
4.074925558034987262e+03 1.182327653384728450e+01 1.188009444261320380e-01
4.081171749899080623e+03 1.211134670919088130e+01 1.301030524522202303e-01
4.088200557790160019e+03 1.234130654640979863e+01 1.410147888111261683e-01
4.096375025490489861e+03 1.250965315093363905e+01 1.515507301358259562e-01
4.105205564483467242e+03 1.262353746363836393e+01 1.619107239573671642e-01
4.114601149460746456e+03 1.268686652094247158e+01 1.725588151073818854e-01
4.124642061317300431e+03 1.270539516370696198e+01 1.840011070988848696e-01
4.135293860473496352e+03 1.268703544323230226e+01 1.967757117611581008e-01
4.146493908817491501e+03 1.263837147834409791e+01 2.113269633548179871e-01
4.158059400602539426e+03 1.256707481196313481e+01 2.276750568062373137e-01
4.169930489913676865e+03 1.248280482988052142e+01 2.457587761440645779e-01
4.182095542265198674e+03 1.239439344814897481e+01 2.654878788527012534e-01
4.194631267820451285e+03 1.230095449112368478e+01 2.867293115484877974e-01
4.207617043112320971e+03 1.219954359711799796e+01 3.093335605847933323e-01
4.221017433496026570e+03 1.208772223342705310e+01 3.331457222742207347e-01
4.234756901276330609e+03 1.196317713093839608e+01 3.580036591512333888e-01
4.248755349521217795e+03 1.182285620073880139e+01 3.837764776378098097e-01
4.263007165207053731e+03 1.166070586047893798e+01 4.104909540039936577e-01
4.277571704767657138e+03 1.147011091019885676e+01 4.382208077476453245e-01
4.292483754818247689e+03 1.124502826745759165e+01 4.670394684030342858e-01
4.307731455233516499e+03 1.097989882901813807e+01 4.970172752730457333e-01
4.323318359619280272e+03 1.066950257245526146e+01 5.281920257523698981e-01
4.339235091152043424e+03 1.031144424185649378e+01 5.604796295926578464e-01
4.355547618836522815e+03 9.903574446385464469e+00 5.937615605278806497e-01
4.372346574788959515e+03 9.443495224153570788e+00 6.279190348252126075e-01
4.389588285604310840e+03 8.929389037158973252e+00 6.628368335372969433e-01
4.407157896857544074e+03 8.360483040499666174e+00 6.984342365415012743e-01
4.425056344776307014e+03 7.738740486441963995e+00 7.347553677851466070e-01
4.443337798363346337e+03 7.066843765179458892e+00 7.718755768555091157e-01
4.462043041770253694e+03 6.346920149724765814e+00 8.098795692810648594e-01
4.481206916321625613e+03 5.581725827719930422e+00 8.488383647357979900e-01
4.500833785892264132e+03 4.774109816548062213e+00 8.888128739758804908e-01
4.520882822467155165e+03 3.927053767832926034e+00 9.298301123196166529e-01
4.541326282681251541e+03 3.043427554290444093e+00 9.719021160894405487e-01
4.562149987816758767e+03 2.126051740365992870e+00 1.015042990372379883e+00
4.583337192053392755e+03 1.177730632320521886e+00 1.059265685113531363e+00
4.604888278829259434e+03 2.005915872334255168e-01 1.104573093207100287e+00
4.626874253587400744e+03 -8.057090436089245911e-01 1.150921016145556308e+00
4.649375013361003766e+03 -1.842106954612107383e+00 1.198254311886458368e+00
4.672463894239828733e+03 -2.909400839874000777e+00 1.246516548829469828e+00
4.696133812383943223e+03 -4.007612564239408037e+00 1.295646846046021317e+00
4.720307662332131258e+03 -5.136069073173481492e+00 1.345583690166114454e+00
4.744864097590106212e+03 -6.294512437507710167e+00 1.396276157248226957e+00
4.769701144691855006e+03 -7.482989776275348781e+00 1.447677708874191005e+00
4.794848344276137141e+03 -8.702625195753656229e+00 1.499741824063148821e+00
4.820435344850640831e+03 -9.955237861811466971e+00 1.552422128793346179e+00
4.846586369990463027e+03 -1.124288608094572517e+01 1.605675040778177021e+00
4.873394638576138277e+03 -1.256737099892696108e+01 1.659467172220745024e+00
4.900868726762198094e+03 -1.392979458331943121e+01 1.713770356398197192e+00
4.928954476160097329e+03 -1.533127020098806703e+01 1.768556126035760512e+00
4.957594992329705747e+03 -1.677198694052860262e+01 1.823790028381722328e+00
4.986747751035820329e+03 -1.825213987629913959e+01 1.879440427847823836e+00
5.016398414050602696e+03 -1.976873526649875146e+01 1.935472044372007039e+00
5.046528707978524835e+03 -2.131827104080650770e+01 1.991845747169936232e+00
5.077143002235187851e+03 -2.289726934920877000e+01 2.048523111525141882e+00
5.108267675322688774e+03 -2.450236997481200873e+01 2.105464107507676985e+00
5.139922218833484294e+03 -2.613064290066636275e+01 2.162630959983885326e+00
5.172111251261994767e+03 -2.778076697989865806e+01 2.220004094353501323e+00
5.204837940192086535e+03 -2.945187510218949356e+01 2.277566597963160078e+00
5.238101914779384970e+03 -3.114308545120370653e+01 2.335302901698494082e+00
5.271903933774944562e+03 -3.285350157861581977e+01 2.393196914277825105e+00
5.306241932123482911e+03 -3.458211698135108492e+01 2.451226082030073083e+00
5.341111200032185479e+03 -3.632794105655411698e+01 2.509344190237750905e+00
5.376516600734131316e+03 -3.808997892625831128e+01 2.567498221230451350e+00
5.412440961072348728e+03 -3.986717451289339209e+01 2.625636186206376621e+00
5.448890488559251025e+03 -4.165844877787930756e+01 2.683708612349300804e+00
5.485860480434394049e+03 -4.346272353889287388e+01 2.741663909113063458e+00
5.523348735731838133e+03 -4.527914181108814518e+01 2.799442566874873251e+00
5.561346849490585555e+03 -4.710632295791876345e+01 2.856999373168935819e+00
5.599846527330491881e+03 -4.894329561712294918e+01 2.914271847854546404e+00
5.638835932568449607e+03 -5.078889087374952993e+01 2.971217427407306655e+00
5.678305535134571983e+03 -5.264190737718335811e+01 3.027785677352245131e+00
5.718243988429100682e+03 -5.450132239980464277e+01 3.083929719646832712e+00
5.758639827574426818e+03 -5.636595739400543437e+01 3.139593666880927447e+00
5.799492935243594729e+03 -5.823464911246516351e+01 3.194729265065140211e+00
5.840788222771733672e+03 -6.010638553379455828e+01 3.249282308580819123e+00
5.882519573630375817e+03 -6.197999945448594872e+01 3.303209876493662378e+00
5.924682374951121346e+03 -6.385435529898072105e+01 3.356461656147002870e+00
5.967267193465225319e+03 -6.572839636529612051e+01 3.408981852196550477e+00
6.010264616390034462e+03 -6.760097930623021512e+01 3.460728204215350878e+00
6.053668979814117847e+03 -6.947099815876146067e+01 3.511658255809020357e+00
6.097468456348118707e+03 -7.133711269161676682e+01 3.561722325032867342e+00
6.141641132540299623e+03 -7.319790559491595161e+01 3.610885770408627682e+00
6.186174246014125856e+03 -7.505208207962418498e+01 3.659110763719829240e+00
6.231053746498500914e+03 -7.689827216960695466e+01 3.706360871610113072e+00
6.276263446576597744e+03 -7.873506471666578932e+01 3.752595114441246604e+00
6.321780014520060831e+03 -8.056119424625302372e+01 3.797777982289081145e+00
6.367595000944548701e+03 -8.237507384074024230e+01 3.841868080233076022e+00
6.413693079542503256e+03 -8.417506633418635431e+01 3.884816092970553747e+00
6.460048841238635760e+03 -8.596031498258696502e+01 3.926609222071093086e+00
6.506652280128046186e+03 -8.772949341066967577e+01 3.967207643577395526e+00
6.553480475422488780e+03 -8.948123788639206566e+01 4.006582902469435048e+00
6.600519496084079947e+03 -9.121430530807590742e+01 4.044696854684983300e+00
6.647757143874400754e+03 -9.292736567994536756e+01 4.081519666723658624e+00
6.695168944203938736e+03 -9.461908619829348766e+01 4.117014869807795741e+00
6.742740006680104671e+03 -9.628822045998707324e+01 4.151157613180894934e+00
6.790457388641264515e+03 -9.793350660985767320e+01 4.183915985559112372e+00
6.838299987607211733e+03 -9.955365678263370910e+01 4.215263914444121518e+00
6.886251959585805707e+03 -1.011474666123516073e+02 4.245172255951995766e+00
6.934298212245989816e+03 -1.027136823805094963e+02 4.273610642275129656e+00
6.982420363225674919e+03 -1.042510669719931400e+02 4.300558402957869397e+00
7.030598363095408786e+03 -1.057585588900749229e+02 4.326000008108751516e+00
7.078809440470869049e+03 -1.072350719767084826e+02 4.349914468334659112e+00
7.127046861689034813e+03 -1.086794958204248189e+02 4.372281654007352358e+00
7.175284449111524737e+03 -1.100907891292341816e+02 4.393097064961457576e+00
7.223502256945056615e+03 -1.114677929578015778e+02 4.412332141712823841e+00
7.271690903892193091e+03 -1.128095413657819961e+02 4.429974242716717470e+00
7.319813844830325252e+03 -1.141139611934811029e+02 4.445991950342376597e+00
7.367863247275697177e+03 -1.153807183701392489e+02 4.460380969685656005e+00
7.415800686141014012e+03 -1.166090437098663131e+02 4.473142598434995953e+00
7.463608059735856841e+03 -1.177977344058361524e+02 4.484266422769687566e+00
7.511260215360185612e+03 -1.189458364953736407e+02 4.493736833871909475e+00
7.558732038762885168e+03 -1.200522644272627701e+02 4.501544952836841418e+00
7.605995823112531980e+03 -1.211159877576792212e+02 4.507681919200661191e+00
7.653030010933201993e+03 -1.221360973062572981e+02 4.512138886486621203e+00
7.699825142331666939e+03 -1.231116862088941417e+02 4.514910412968397679e+00
7.746363814816738341e+03 -1.240419253755678568e+02 4.515996240621776181e+00
7.792634100650438086e+03 -1.249259590048942954e+02 4.515387792340910700e+00
7.838628520171589116e+03 -1.257629853443123125e+02 4.513083996916840590e+00
7.884326965232585280e+03 -1.265524199832183854e+02 4.509091968289538066e+00
7.929715726928155163e+03 -1.272937085921601863e+02 4.503431790793879230e+00
7.974777151216581842e+03 -1.279863312425197108e+02 4.496113853448552078e+00
8.019491035158987870e+03 -1.286298303005015100e+02 4.487155180113951758e+00
8.063826820172909720e+03 -1.292236456339143160e+02 4.476573825902828929e+00
8.107763412325115496e+03 -1.297673810307042288e+02 4.464385685743186727e+00
8.151283242849111957e+03 -1.302604051288655000e+02 4.450621042882170642e+00
8.194346310974866356e+03 -1.307017935314136992e+02 4.435276702030574114e+00
8.236938957919734094e+03 -1.310908078766961182e+02 4.418375380995005486e+00
8.279045253446372953e+03 -1.314278691480299699e+02 4.399949213183933061e+00
8.320647806988956290e+03 -1.317125921513024593e+02 4.380022395798213175e+00
8.361729273433598792e+03 -1.319447592038606558e+02 4.358619054264646131e+00
8.402272353416994520e+03 -1.321239676554990581e+02 4.335761156975618036e+00
8.442257332110020798e+03 -1.322498802407790492e+02 4.311469016918706210e+00
8.481666958458734371e+03 -1.323221884531368744e+02 4.285772240321202631e+00
8.520488318468780562e+03 -1.323406090551543741e+02 4.258694607579061930e+00
8.558694364150620459e+03 -1.323048415050522522e+02 4.230259798463831267e+00
8.596272017399891411e+03 -1.322147147273771850e+02 4.200499365655567807e+00
8.633204088292133747e+03 -1.320700181013233134e+02 4.169440804847928561e+00
8.669469781364894516e+03 -1.318704622668535080e+02 4.137113146806979280e+00
8.705047032620874234e+03 -1.316158471441490008e+02 4.103546490588640516e+00
8.739921420781860434e+03 -1.313059514899014744e+02 4.068763929598702589e+00
8.774078784168632410e+03 -1.309406410268454977e+02 4.032800223343665280e+00
8.807496431484287314e+03 -1.305198721234345385e+02 3.995691803364361583e+00
8.840164276799949221e+03 -1.300436846677892504e+02 3.957483636162657081e+00
8.872069435593753951e+03 -1.295122068951743586e+02 3.918216236987177581e+00
8.903190110779791212e+03 -1.289256558333991620e+02 3.877943295179529848e+00
8.933493461410818782e+03 -1.282825848047103818e+02 3.836735895669625140e+00
8.962982919089830830e+03 -1.275847367620509232e+02 3.794621209962543595e+00
8.991651705245370977e+03 -1.268322022802776843e+02 3.751648487974758250e+00
9.019484090976209700e+03 -1.260252612918207404e+02 3.707874653757898820e+00
9.046461159412112465e+03 -1.251640898924149496e+02 3.663348765165018950e+00
9.072575070328744914e+03 -1.242489963261591441e+02 3.618121681055401773e+00
9.097809064517557999e+03 -1.232802074245268784e+02 3.572243264042049393e+00
9.122143573933330117e+03 -1.222578634097636865e+02 3.525764941832192356e+00
9.145571459675724327e+03 -1.211823375123076545e+02 3.478737882606214527e+00
9.168084430738546871e+03 -1.200539897454572866e+02 3.431214605675961149e+00
9.189668367790183765e+03 -1.188731621240704044e+02 3.383247437917590972e+00
9.210317927638992842e+03 -1.176402347067033531e+02 3.334889428163267500e+00
9.230027796393826065e+03 -1.163555558859102348e+02 3.286193233313027484e+00
9.248776644407915228e+03 -1.150194550998847518e+02 3.237210589750195044e+00
9.266562137759661709e+03 -1.136323998030362077e+02 3.187993033423544453e+00
9.283371742352081128e+03 -1.121946966446323586e+02 3.138593731998148950e+00
9.299189590770070936e+03 -1.107068767478456692e+02 3.089064440700168390e+00
9.313988165475933783e+03 -1.091692296883637283e+02 3.039457461829620843e+00
9.327765603407819071e+03 -1.075822486031705978e+02 2.989824506931218817e+00
9.340469346949665123e+03 -1.059458295504601324e+02 2.940246329351016819e+00
9.352103409733270382e+03 -1.042605750411270407e+02 2.890773168495335721e+00
9.362666277055999672e+03 -1.025277840645511418e+02 2.841447132419876009e+00
9.372157411862144727e+03 -1.007485855539090238e+02 2.792333054546142890e+00
9.380601933152478523e+03 -9.892404655824270776e+01 2.743495363997618952e+00
9.387990326553353952e+03 -9.705524985993720577e+01 2.695000124308936318e+00
9.394334947131415902e+03 -9.514327270634294109e+01 2.646911799759799511e+00
9.399648454941485397e+03 -9.318919743346589257e+01 2.599293986135461143e+00
9.403935405089598135e+03 -9.119409971046346186e+01 2.552212027651623583e+00
9.407202012151132294e+03 -8.915907078466726432e+01 2.505726889436971305e+00
9.409441503534539152e+03 -8.708522202776987342e+01 2.459902882417865921e+00
9.410646849130145711e+03 -8.497367988859768673e+01 2.414804392979882142e+00
9.410819337940843980e+03 -8.282550856245185855e+01 2.370486878246919282e+00
9.409955077619963049e+03 -8.064183695370323335e+01 2.327015961632896701e+00
9.408046774567857938e+03 -7.842375018364225525e+01 2.284452752469601222e+00
9.405099013038428893e+03 -7.617244224762697513e+01 2.242852147301996446e+00
9.401102662240173231e+03 -7.388892998611203211e+01 2.202281510023147426e+00
9.396061949621987878e+03 -7.157447227190759520e+01 2.162792409565737373e+00
9.389986697359530808e+03 -6.923013451739386426e+01 2.124444812270350091e+00
9.382875693127141858e+03 -6.685717081089732972e+01 2.087296160200331485e+00
9.374697365302847174e+03 -6.445631417169761335e+01 2.051485798325862309e+00
9.365489271039366940e+03 -6.202921739062893636e+01 2.016990576031182147e+00
9.355253792348194111e+03 -5.957704357536731976e+01 1.983858003561909999e+00
9.343997541601165722e+03 -5.710095202203470421e+01 1.952148641330516243e+00
9.331717008447056287e+03 -5.460211764818745905e+01 1.921911993042270117e+00
9.318421908880534829e+03 -5.208175427555089954e+01 1.893191175838043527e+00
9.304116507170489058e+03 -4.954103641961496862e+01 1.866045173928250422e+00
9.288796427846162260e+03 -4.698119304275441266e+01 1.840523881937842443e+00
9.272469709990409683e+03 -4.440337929702255337e+01 1.816675070379624168e+00
9.255139110214477114e+03 -4.180876003143887942e+01 1.794551482000199760e+00
9.236809732012487075e+03 -3.919859468585108431e+01 1.774193010858144071e+00
9.217489800969764474e+03 -3.657404873932969025e+01 1.755640327795270794e+00
9.197181739459814708e+03 -3.393629382188812826e+01 1.738935827834188652e+00
9.175889684951231175e+03 -3.128664053748790863e+01 1.724130845639839871e+00
9.153614562244621993e+03 -2.862617003483468281e+01 1.711268860154725679e+00
9.130369575071887084e+03 -2.595612649919985770e+01 1.700384858192190984e+00
9.106159664464059460e+03 -2.327773981386643953e+01 1.691520284045508582e+00
9.080985663324141569e+03 -2.059205612773575211e+01 1.684711629941590294e+00
9.054862972236976930e+03 -1.790030285987233682e+01 1.680000967215500074e+00
9.027782521497892958e+03 -1.520381596595085583e+01 1.677483713126075360e+00
8.999748965696971936e+03 -1.250371763932914426e+01 1.677173636933961376e+00
8.970794253922924327e+03 -9.801126706624270213e+00 1.679065930644996207e+00
8.940914668239254752e+03 -7.097075162614198796e+00 1.683183628662275444e+00
8.910122628559363875e+03 -4.392823499189955960e+00 1.689567742113163407e+00
8.878414465638788897e+03 -1.689630688336097197e+00 1.698229328020429474e+00
8.845796743096034334e+03 1.011390162964399986e+00 1.709203843931815792e+00
8.812275809584481976e+03 3.708980528855110759e+00 1.722514514137935215e+00
8.777856021195351786e+03 6.401929098612272107e+00 1.738185928321944740e+00
8.742535400163242230e+03 9.089112953526104377e+00 1.756237971723637825e+00
8.706328650981940882e+03 1.176941922132228946e+01 1.776695358370839140e+00
8.669255484752509801e+03 1.444153172014174835e+01 1.799562616626480649e+00
8.631336117239670784e+03 1.710484014222667781e+01 1.824853019194387249e+00
8.592597417296232379e+03 1.975760608595763657e+01 1.852575431893119573e+00
8.553056102112663211e+03 2.239912850835150593e+01 1.882734314977482448e+00
8.512737871456065477e+03 2.502810369144620850e+01 1.915337164066928111e+00
8.471663406756937547e+03 2.764372787989218949e+01 1.950391547012711113e+00
8.429848916247918169e+03 3.024429283391058121e+01 1.987898364516748728e+00
8.387303419172108988e+03 3.282986773203465702e+01 2.027849651220168692e+00
8.344037316373103749e+03 3.539770935876061486e+01 2.070268847907723142e+00
8.300062773347017355e+03 3.794590251557103500e+01 2.115211099302453768e+00
8.255404161830208977e+03 4.047545418435331044e+01 2.162585931498724801e+00
8.210070039600363089e+03 4.298394182726297430e+01 2.212390503462714264e+00
8.164079467991824458e+03 4.547123859774657006e+01 2.264610647242305763e+00
8.117457389373060323e+03 4.793523324613747860e+01 2.319244271587554085e+00
8.070214239394361357e+03 5.037573635415748896e+01 2.376275732340432878e+00
8.022377584330244645e+03 5.279152907875128875e+01 2.435684748150197976e+00
7.973955261331860129e+03 5.518188367828967955e+01 2.497467732201235080e+00
7.924974861702194175e+03 5.754530999839561645e+01 2.561606590955407992e+00
7.875457244288385482e+03 5.988116954887416910e+01 2.628089625147163044e+00
7.825413472110984003e+03 6.218785350352673191e+01 2.696900669649390014e+00
7.774863491824564335e+03 6.446511743959646878e+01 2.768014436229599529e+00
7.723831082644044727e+03 6.671198478504825857e+01 2.841403098540461691e+00
7.672329084856224654e+03 6.892750995666327185e+01 2.917053452145893733e+00
7.620375609579997217e+03 7.111079586741369951e+01 2.994935560859760759e+00
7.567994213087122262e+03 7.326067088796635574e+01 3.075027290486494813e+00
7.515195219627441475e+03 7.537596472581577700e+01 3.157307323263403465e+00
7.461998807970877351e+03 7.745620437602264019e+01 3.241745655689005634e+00
7.408420966936449076e+03 7.950107933633543666e+01 3.328318293034625341e+00
7.354483235145706203e+03 8.150817428266937270e+01 3.417048330207532292e+00
7.300199834136456957e+03 8.347659581679059215e+01 3.507867369734140262e+00
7.245589903701416006e+03 8.540758948272517159e+01 3.600717310054500242e+00
7.190682167162180122e+03 8.729885284860294803e+01 3.695570908773928576e+00
7.135489185950171304e+03 8.915057203078340820e+01 3.792388145982086289e+00
7.080021111592236593e+03 9.096180430091391145e+01 3.891089864679777577e+00
7.024300759571648086e+03 9.273172645744185161e+01 3.991723783654244073e+00
6.968344933189789117e+03 9.445920957822477249e+01 4.094188546816390328e+00
6.912165862616278901e+03 9.614413565228213088e+01 4.198427691393373351e+00
6.855778683488410024e+03 9.778496897106037977e+01 4.304429740651089631e+00
6.799201133193795613e+03 9.938092485454710356e+01 4.412120724949459394e+00
6.742455258504479389e+03 1.009321060753534027e+02 4.521471225427234231e+00
6.685554888764760108e+03 1.024377196213271901e+02 4.632411451309199180e+00
6.628519051526103794e+03 1.038971291314305887e+02 4.744977257849294361e+00
6.571370023062909240e+03 1.053100290952788214e+02 4.859045348373405737e+00
6.514123991330196986e+03 1.066761135791404058e+02 4.974616709481867183e+00
6.456800945154313013e+03 1.079950761285868879e+02 5.091666473551367922e+00
6.399422980473901589e+03 1.092659305940023700e+02 5.210126875458562346e+00
6.341997790653628726e+03 1.104882290151382449e+02 5.330002299458652004e+00
6.284552785111423873e+03 1.116610742069841535e+02 5.451170195170839783e+00
6.227102654536964110e+03 1.127837799402302466e+02 5.573630260487181687e+00
6.169659529226898485e+03 1.138576771984370026e+02 5.697264419803967250e+00
6.112232639677262341e+03 1.148825378983307814e+02 5.821941929365024748e+00
6.054852102375496543e+03 1.158573341365925558e+02 5.947701906449482934e+00
5.997521533720419939e+03 1.167831935966770516e+02 6.074417047799018476e+00
5.940265818815319108e+03 1.176595229658206421e+02 6.202042880664497382e+00
5.883094686720260142e+03 1.184863428827780467e+02 6.330440270182585927e+00
5.826021598580415230e+03 1.192636722281957873e+02 6.459591921830771355e+00
5.769069020935676235e+03 1.199918844624515373e+02 6.589446238581722071e+00
5.712253308669225589e+03 1.206710626509542408e+02 6.719870085983534302e+00
5.655586749545635939e+03 1.213007950292079613e+02 6.850826323747022606e+00
5.599077814939555537e+03 1.218815631743059384e+02 6.982282912271401187e+00
5.542754083985850230e+03 1.224137233007543841e+02 7.114145041279575921e+00
5.486620698925957186e+03 1.228967333820466621e+02 7.246303463365540765e+00
5.430699314086741651e+03 1.233309100566071947e+02 7.378680372333162651e+00
5.374996664844804400e+03 1.237171105812084448e+02 7.511198404619355173e+00
5.319534263760753674e+03 1.240548649805043482e+02 7.643846845294334891e+00
5.264320401315961135e+03 1.243447099536823401e+02 7.776564921389453211e+00
5.209373397284221028e+03 1.245860161441683402e+02 7.909202727341370753e+00
5.154715301597386315e+03 1.247778407334185999e+02 8.041646083047236715e+00
5.100351659685386039e+03 1.249231120819648027e+02 8.173913430839874650e+00
5.046299765411860790e+03 1.250206422236947219e+02 8.305870195907441911e+00
4.992566045267089976e+03 1.250711152844791059e+02 8.437512896450730437e+00
4.939167351234767921e+03 1.250748756121651866e+02 8.568748890137602103e+00
4.886111598017371762e+03 1.250329301525424484e+02 8.699463829981803897e+00
4.833419333209941215e+03 1.249449098463579872e+02 8.829617655766046624e+00
4.781105061309290249e+03 1.248113284636500424e+02 8.959112072174557184e+00
4.729175541928061648e+03 1.246328178171466305e+02 9.087926440383046867e+00
4.677642698692027807e+03 1.244099076640811603e+02 9.215988689417599744e+00
4.626522599478466873e+03 1.241429311109685756e+02 9.343227102523737670e+00
4.575831173043249692e+03 1.238326325487378483e+02 9.469615716467028932e+00
4.525575378873532827e+03 1.234789443444607571e+02 9.595021548432622893e+00
4.475763818060772792e+03 1.230817934150149284e+02 9.719361543635832490e+00
4.426408350181562128e+03 1.226422385061672031e+02 9.842594172655898532e+00
4.377514755755469196e+03 1.221600894526057033e+02 9.964588641698998828e+00
4.329092751890220825e+03 1.216356888842627200e+02 1.008531841223342518e+01
4.281154170979693845e+03 1.210691148993081185e+02 1.020466302722450891e+01
4.233703623231425809e+03 1.204609869794015111e+02 1.032261176776803602e+01
4.186759883542886200e+03 1.198106533607336104e+02 1.043890617712033553e+01
4.140344834825320504e+03 1.191201695107552609e+02 1.055368147003984980e+01
4.094453982969001572e+03 1.183897116286031945e+02 1.066686596277004107e+01
4.049106395363657612e+03 1.176207363233366863e+02 1.077846389058324661e+01
4.004312181489454360e+03 1.168137982118006306e+02 1.088840708680322678e+01
3.960076652017586184e+03 1.159693814401154413e+02 1.099664835287517128e+01
3.916414075207438145e+03 1.150889280018025431e+02 1.110315639040832281e+01
3.873336306402403352e+03 1.141719966334893002e+02 1.120783463932474611e+01
3.830844460503864866e+03 1.132192858879855493e+02 1.131066905187144478e+01
3.788949597803064989e+03 1.122315357353901533e+02 1.141159304444234124e+01
3.747655760882190407e+03 1.112092723663226224e+02 1.151050360887431800e+01
3.706961656633153780e+03 1.101534790713732832e+02 1.160734023105563040e+01
3.666870755324269339e+03 1.090643572923090261e+02 1.170207900178082383e+01
3.627385225427336081e+03 1.079428054787725699e+02 1.179465785089718999e+01
3.588514844215110770e+03 1.067901190824026543e+02 1.188501474390687029e+01
3.550251922417799960e+03 1.056071264407736692e+02 1.197314665696954350e+01
3.512609493339813071e+03 1.043948019462645362e+02 1.205901450854883450e+01
3.475585422928001663e+03 1.031541595885135933e+02 1.214255626974456170e+01
3.439184044327816082e+03 1.018860662463858233e+02 1.222378033196423708e+01
3.403405345223251516e+03 1.005915748966370842e+02 1.230256178302799697e+01
3.368271049496646810e+03 9.927084875490969296e+01 1.237888602092812818e+01
3.333772113602901300e+03 9.792556112328271922e+01 1.245265797897907945e+01
3.299894830595366784e+03 9.655674932244782838e+01 1.252407857701968119e+01
3.266650723641555942e+03 9.516525030347689551e+01 1.259291972218078826e+01
3.234034025959638257e+03 9.375203625495770154e+01 1.265931875617271629e+01
3.202047755539032551e+03 9.231800502225020466e+01 1.272321290580325304e+01
3.170687748350571837e+03 9.086396736889844306e+01 1.278453922629024575e+01
3.139961683549307963e+03 8.939087305686919649e+01 1.284326513523772206e+01
3.109866971484746955e+03 8.789953535224221071e+01 1.289937866474305572e+01
3.080400932391482911e+03 8.639085190943931991e+01 1.295281625029924655e+01
3.051571551915576947e+03 8.486572086197567444e+01 1.300355609819208169e+01
3.023373535066255499e+03 8.332494583515754982e+01 1.305161988786001537e+01
2.995807577288318043e+03 8.176938502339946524e+01 1.309688006412363137e+01
2.968876298053964547e+03 8.019996409962260486e+01 1.313942134220534363e+01
2.942573415343999386e+03 7.861766144688921543e+01 1.317923528735396310e+01
2.916895970235863842e+03 7.702335721093577092e+01 1.321629310930873480e+01
2.891850018900534906e+03 7.541807273917758891e+01 1.325067986814948284e+01
2.867436883510061307e+03 7.380268133246983098e+01 1.328236356426221398e+01
2.843641734365389311e+03 7.217814637752265128e+01 1.331142298768567755e+01
2.820482756646610142e+03 7.054540468186385738e+01 1.333769819274359136e+01
2.797957904981702086e+03 6.890541243143601946e+01 1.336122353531839657e+01
2.776054854645240539e+03 6.725905865143808171e+01 1.338209799614879003e+01
2.754761833641531211e+03 6.560721861262872778e+01 1.340028067881646479e+01
2.734089051002232281e+03 6.395069193501482374e+01 1.341583978582621661e+01
2.714023687476354098e+03 6.229031730722244475e+01 1.342870633798808733e+01
2.694565901232638680e+03 6.062700667834956647e+01 1.343888596082376452e+01
2.675713037081322000e+03 5.896156735814096095e+01 1.344645049330178388e+01
2.657463358075155156e+03 5.729483199608988997e+01 1.345134170405374618e+01
2.639818516163922141e+03 5.562761146923952538e+01 1.345358704742434419e+01
2.622774418480973054e+03 5.396072805078308932e+01 1.345323586195923049e+01
2.606331589628854545e+03 5.229498692845028529e+01 1.345029667086669356e+01
2.590485833550004827e+03 5.063119979957466654e+01 1.344475483381232550e+01
2.575234427666603551e+03 4.897016641279015658e+01 1.343670848027887565e+01
2.560578121539177118e+03 4.731270761315540341e+01 1.342614393555540353e+01
2.546505856920832230e+03 4.565962576252857730e+01 1.341304601248561568e+01
2.533014031965282811e+03 4.401164851036232051e+01 1.339755168131570784e+01
2.520103621633040348e+03 4.236966242352255563e+01 1.337964110710845134e+01
2.507767997464794462e+03 4.073444970253486730e+01 1.335923870317713558e+01
2.495991473633790974e+03 3.910680790464623868e+01 1.333654946146562281e+01
2.484800142469432558e+03 3.748820577615391869e+01 1.331137451040395803e+01
2.474144887567105343e+03 3.587838727008076489e+01 1.328390868181095286e+01
2.464037096994376952e+03 3.427808082030271208e+01 1.325423811770775373e+01
2.454466070018356731e+03 3.268776539890227184e+01 1.322239005167044823e+01
2.445419226292434814e+03 3.110809018755316302e+01 1.318846102522363317e+01
2.436886767197856898e+03 2.953957114169720555e+01 1.315250015783531090e+01
2.428870351173006384e+03 2.798280506661732048e+01 1.311451244830581153e+01
2.421354801148183924e+03 2.643844017956747194e+01 1.307461594105058111e+01
2.414336477976943570e+03 2.490700970544478920e+01 1.303281835756612494e+01
2.407808110066504469e+03 2.338912234949794922e+01 1.298912662625730796e+01
2.401763900684379223e+03 2.188533502393026708e+01 1.294363174481140710e+01
2.396189751961161619e+03 2.039629440475899003e+01 1.289637175078089903e+01
2.391085595044000456e+03 1.892258687706518572e+01 1.284731547453960054e+01
2.386442389805637958e+03 1.746472803943241914e+01 1.279657438225526178e+01
2.382247376424444610e+03 1.602323422100004890e+01 1.274420737090654754e+01
2.378496813590150850e+03 1.459837651798497049e+01 1.269027798101669902e+01
2.375169834675770744e+03 1.319052637034543274e+01 1.263493847409068671e+01
2.372274105738678372e+03 1.180004849442477521e+01 1.257829147278019910e+01
2.369781836836759339e+03 1.042721952767555926e+01 1.252034918217965220e+01
2.367697499426912600e+03 9.073516323806719797e+00 1.246109324771518345e+01
2.366014302872964436e+03 7.738695930906569487e+00 1.240080827573013700e+01
2.364712553498910438e+03 6.422641504684999170e+00 1.233947718413635641e+01
2.363794314766309071e+03 5.125826112789972022e+00 1.227719572731161435e+01
2.363240131275149906e+03 3.848509575060409915e+00 1.221407709664056895e+01
2.363053445687759904e+03 2.591161210572662466e+00 1.215009473827731945e+01
2.363224931796094552e+03 1.354086365685810645e+00 1.208536264599299237e+01
2.363745315388256131e+03 1.376537777995963385e-01 1.201993192450327541e+01
2.364608683077636215e+03 -1.057764507094108186e+00 1.195389955792755110e+01
2.365807053247227486e+03 -2.231903679519272377e+00 1.188729329048313410e+01
2.367326802049155049e+03 -3.384560219941642245e+00 1.182022957273435360e+01
2.369154399389474747e+03 -4.515481230325747219e+00 1.175277989331040374e+01
2.371281919982915952e+03 -5.624354121686018892e+00 1.168502927216473886e+01
2.373698519510974620e+03 -6.710943843521358865e+00 1.161708441999909347e+01
2.376392292608426487e+03 -7.775055448317556461e+00 1.154896164417171001e+01
2.379354352170168113e+03 -8.816459550927536526e+00 1.148082620900678563e+01
2.382575855948696699e+03 -9.835176499563853980e+00 1.141272929593509033e+01
2.386061501543271334e+03 -1.083110746099113797e+01 1.134478997096664976e+01
2.389798293121499228e+03 -1.180416483625988455e+01 1.127709172425041650e+01
2.393777960403221186e+03 -1.275394973999219594e+01 1.120961347250436191e+01
2.398003593474566969e+03 -1.367935461660022334e+01 1.114253722859360884e+01
2.402467221826137575e+03 -1.458161780801216700e+01 1.107592057152936960e+01
2.407146795185485189e+03 -1.546063107133883996e+01 1.100990286888127478e+01
2.412039113001617807e+03 -1.631622273344904883e+01 1.094454928925601855e+01
2.417129080875135514e+03 -1.714826456297038959e+01 1.087992426323951811e+01
2.422408221972836145e+03 -1.795657988872595112e+01 1.081609149750658538e+01
2.427865337482634004e+03 -1.874099234501589351e+01 1.075314156743957739e+01
2.433483539758989082e+03 -1.950137852512535375e+01 1.069118769992413576e+01
2.439260434519219416e+03 -2.023795580114001069e+01 1.063027440485512898e+01
2.445190540148118998e+03 -2.095052418652631232e+01 1.057044210827993247e+01
2.451270383845063407e+03 -2.164007728928950769e+01 1.051181631099723646e+01
2.457493866936069480e+03 -2.230698308218495995e+01 1.045451430167229212e+01
2.463862923005411176e+03 -2.295116407157006222e+01 1.039857463268354820e+01
2.470366160177019992e+03 -2.357304964027057537e+01 1.034408958957188851e+01
2.477005098608978187e+03 -2.417332897157357152e+01 1.029112417619310627e+01
2.483773060776512011e+03 -2.475172066623501621e+01 1.023977720642954559e+01
2.490653877622396521e+03 -2.530877576516144245e+01 1.019010497331727549e+01
2.497645320638790508e+03 -2.584474103655535160e+01 1.014214330331314429e+01
2.504733724482523030e+03 -2.635969422043811150e+01 1.009592754249435842e+01
2.511902088638104487e+03 -2.685157245357070366e+01 1.005160235570489036e+01
2.519149800093365684e+03 -2.732284080195666576e+01 1.000926489455377499e+01
2.526463151970173385e+03 -2.777278304143213461e+01 9.968866294457454202e+00
2.533841776969991770e+03 -2.820329758250802854e+01 9.930469050871828074e+00
2.541280008033040758e+03 -2.861325596822564421e+01 9.894241472215615119e+00
2.548774523683381631e+03 -2.900354715250053417e+01 9.860194461110973307e+00
2.556317033896274552e+03 -2.937479353530242676e+01 9.828352562855203089e+00
2.563914240712850642e+03 -2.972742689894244705e+01 9.798860234630859978e+00
2.571557186069201180e+03 -3.006191845715424193e+01 9.771783106644198469e+00
2.579239912698623812e+03 -3.037825485824914296e+01 9.747126782744668816e+00
2.586955965021956672e+03 -3.067703932755473062e+01 9.724957252833020149e+00
2.594694620955831397e+03 -3.095864484891849955e+01 9.705383328252063180e+00
2.602450891214304193e+03 -3.122347747296899811e+01 9.688448219789870919e+00
2.610208692425874233e+03 -3.147188295788579993e+01 9.674216284384478115e+00
2.617968860274772396e+03 -3.170427917958192054e+01 9.662718664896232212e+00
2.625722927124704256e+03 -3.192101448715524015e+01 9.653986442045399130e+00
2.633461170788413256e+03 -3.212257093736113944e+01 9.648178827391836521e+00
2.641189595515444580e+03 -3.230948804035094923e+01 9.645226744547972686e+00
2.648896234730721972e+03 -3.248222609261443239e+01 9.645276664546743817e+00
2.656577732503649713e+03 -3.264090531042904075e+01 9.648425448525799197e+00
2.664232669741937571e+03 -3.278545067810622982e+01 9.654681967165581469e+00
2.671865661336979429e+03 -3.291746708014039058e+01 9.664071094468594580e+00
2.679468996710530064e+03 -3.303727614061563855e+01 9.676697327080635347e+00
2.687036586069627447e+03 -3.314554769169176751e+01 9.692575773521745930e+00
2.694565152653569385e+03 -3.324265945060984251e+01 9.711693266485795561e+00
2.702043141915315118e+03 -3.332917817125450455e+01 9.734143463059400148e+00
2.709468472795836078e+03 -3.340563555678035357e+01 9.759958725457302364e+00
2.716833248995547820e+03 -3.347246676393633891e+01 9.789203536769001346e+00
2.724129531538953415e+03 -3.353015304031195853e+01 9.821925350299306245e+00
2.731353283279335301e+03 -3.357931910427980426e+01 9.858150699355361368e+00
2.738500721126925328e+03 -3.362049634973142531e+01 9.897912510452949064e+00
2.745568478516338928e+03 -3.365436007855533518e+01 9.941300516876507842e+00
2.752562096380660932e+03 -3.368156851549183983e+01 9.988317141820440170e+00
2.759474124599251354e+03 -3.370268883351504030e+01 1.003899023694887305e+01
2.766305329977624297e+03 -3.371831279020393168e+01 1.009339432466525999e+01
2.773052104109749052e+03 -3.372908820541519503e+01 1.015157025413890857e+01
2.779706411914113232e+03 -3.373559269923868698e+01 1.021353618076128278e+01
2.786282368351464356e+03 -3.373836371615183083e+01 1.027929252360988954e+01
2.792762125798479701e+03 -3.373777958884719652e+01 1.034882917033249150e+01
2.799150857000157885e+03 -3.373368160441710017e+01 1.042233666137474479e+01
2.805443459064824765e+03 -3.372721831408193793e+01 1.049965209096210117e+01
2.811642870458819743e+03 -3.371883945708576391e+01 1.058073946659706799e+01
2.817750784531410773e+03 -3.370906305512907863e+01 1.066558475090595692e+01
2.823766968648759303e+03 -3.369841666054611551e+01 1.075418328192255757e+01
2.829684421635476156e+03 -3.368728878177593344e+01 1.084651784117535378e+01
2.835501342035256130e+03 -3.367622631357855312e+01 1.094258315114716495e+01
2.841218718642599470e+03 -3.366568164273148511e+01 1.104235999668811097e+01
2.846830975171849332e+03 -3.365611463721580066e+01 1.114583903085816097e+01
2.852340461095966475e+03 -3.364800862305412466e+01 1.125300947476931945e+01
2.857739867530938227e+03 -3.364178810328382241e+01 1.136385192251792375e+01
2.863035444368816115e+03 -3.363796287978554034e+01 1.147833888477609143e+01
2.868225791349557312e+03 -3.363698056639958622e+01 1.159644075175155997e+01
2.873316055219827831e+03 -3.363926489343216986e+01 1.171812731384300577e+01
2.878307340397345342e+03 -3.364526860202460767e+01 1.184337185757658162e+01
2.883198092989739052e+03 -3.365550163455563393e+01 1.197215166364857986e+01
2.887989202038587791e+03 -3.367030220489228043e+01 1.210443224401888607e+01
2.892688326099507776e+03 -3.369028338319305504e+01 1.224017602075215905e+01
2.897283158815345814e+03 -3.371585392043527918e+01 1.237936102806738070e+01
2.901782253506670259e+03 -3.374767448540548997e+01 1.252205745983803808e+01
2.906177453073730703e+03 -3.378611141881254554e+01 1.266826391033749921e+01
2.910470180741716376e+03 -3.383182836483337752e+01 1.281779854234538618e+01
2.914672838800078353e+03 -3.388522329180558046e+01 1.297063456380434943e+01
2.918775511600405480e+03 -3.394689813028174541e+01 1.312672470202244668e+01
2.922789497663167367e+03 -3.401717189187669277e+01 1.328602508374587465e+01
2.926711465283620328e+03 -3.409655736365202472e+01 1.344849229227291509e+01
2.930541720596964296e+03 -3.418550964327844355e+01 1.361407161543019306e+01
2.934279433250783313e+03 -3.428440086163084288e+01 1.378272441040124363e+01
2.937936033952537400e+03 -3.439369241488662965e+01 1.395440796419294394e+01
2.941503018902112672e+03 -3.451382754989856494e+01 1.412907006546397781e+01
2.944984933221616302e+03 -3.464519803030819389e+01 1.430666452252452991e+01
2.948389365885825555e+03 -3.478818810918814819e+01 1.448712758307964421e+01
2.951711064944180180e+03 -3.494316123713392130e+01 1.467040734511606459e+01
2.954952309307256655e+03 -3.511049643689293021e+01 1.485644300156885578e+01
2.958115532360480302e+03 -3.529055663530491671e+01 1.504512455658946379e+01
2.961200429296871334e+03 -3.548372901120021794e+01 1.523651588438771576e+01
2.964206632984192311e+03 -3.569038686893188839e+01 1.543041805244596887e+01
2.967147803525276686e+03 -3.591093153431133800e+01 1.562689030452593109e+01
2.970010891300455569e+03 -3.614577270956383614e+01 1.582577283475392349e+01
2.972799157509914949e+03 -3.639613038460583994e+01 1.602728014757043340e+01
2.975530411122096666e+03 -3.666167882924299448e+01 1.623111209209934458e+01
2.978196590038115573e+03 -3.694284353569587864e+01 1.643716369689197876e+01
2.980801535605200570e+03 -3.724003416149566448e+01 1.664539168814912529e+01
2.983360629129445442e+03 -3.755362051296914672e+01 1.685570296524371514e+01
2.985862733334334280e+03 -3.788399888983886399e+01 1.706804975093200127e+01
2.988312763402600922e+03 -3.823138080429049523e+01 1.728235015124635154e+01
2.990715517508761877e+03 -3.859590897554915756e+01 1.749852346702600769e+01
2.993072961164013122e+03 -3.897758010554115771e+01 1.771648369890548125e+01
2.995381724264764671e+03 -3.937643291683892244e+01 1.793618599259593793e+01
2.997653200459733398e+03 -3.979258136299807092e+01 1.815752840405136936e+01
2.999880603515337953e+03 -4.022597016431271300e+01 1.838045220229947319e+01
3.002064973760362136e+03 -4.067654999762381607e+01 1.860490994773952877e+01
3.004216386905370655e+03 -4.114438466725248844e+01 1.883073144953284839e+01
3.006330177644827018e+03 -4.162943708886803762e+01 1.905788038753767566e+01
3.008408156192304432e+03 -4.213165256491704014e+01 1.928631359047106741e+01
3.010450513184542615e+03 -4.265100790096762040e+01 1.951587521760779254e+01
3.012462179663377810e+03 -4.318755573287323557e+01 1.974652763094788455e+01
3.014449734422726578e+03 -4.374108270617310978e+01 1.997812355484874658e+01
3.016407855047560588e+03 -4.431240655028094722e+01 2.021075735366377302e+01
3.018337006539189588e+03 -4.490118491512254906e+01 2.044431667328622737e+01
3.020259324235188615e+03 -4.550664968175409797e+01 2.067855753559853937e+01
3.022162252327951137e+03 -4.612873742712410774e+01 2.091345657212405484e+01
3.024062323962637947e+03 -4.676739298286867808e+01 2.114886488198290238e+01
3.025952927182949679e+03 -4.742250599087779506e+01 2.138472454711818926e+01
3.027840315530414955e+03 -4.809385616745224468e+01 2.162096850364088851e+01
3.029730702323612604e+03 -4.878141415003459258e+01 2.185743545929439691e+01
3.031626995642202928e+03 -4.948512684060024469e+01 2.209407083398410165e+01
3.033526759331147787e+03 -5.020486066620749455e+01 2.233075171923311686e+01
3.035435584239654418e+03 -5.094052265687166425e+01 2.256744608416146392e+01
3.037359289916479611e+03 -5.169203184677424190e+01 2.280399210774355012e+01
3.039295342107607667e+03 -5.245928152134499811e+01 2.304030251560842757e+01
3.041246354876513578e+03 -5.324205712590867989e+01 2.327632493998346419e+01
3.043223872265215050e+03 -5.404016316685032706e+01 2.351190629893157791e+01
3.045218665575891919e+03 -5.485341498794642234e+01 2.374695410334767587e+01
3.047242565251412543e+03 -5.568167489258619440e+01 2.398140335286845826e+01
3.049298523928324812e+03 -5.652470378421000419e+01 2.421512312134991163e+01
3.051383868501811321e+03 -5.738244809488946885e+01 2.444803575320836231e+01
3.053503094572074588e+03 -5.825479424552203511e+01 2.468001624385682646e+01
3.055652965820746886e+03 -5.914285374311452159e+01 2.491107237195553381e+01
3.057848698758223236e+03 -6.004485959212163237e+01 2.514096777439695174e+01
3.060087573355740005e+03 -6.096059980578132098e+01 2.536963185429489442e+01
3.062368432574553481e+03 -6.188990004626445796e+01 2.559692106714306803e+01
3.064697121475373024e+03 -6.283244526682147324e+01 2.582273177884895787e+01
3.067077151090700227e+03 -6.378806016434862158e+01 2.604702369668682849e+01
3.069511221963574826e+03 -6.475639329980657521e+01 2.626962440018236933e+01
3.072001369413968405e+03 -6.573707345726748486e+01 2.649044847195596475e+01
3.074548598506332837e+03 -6.672979028573983840e+01 2.670939125354455612e+01
3.077161329194480459e+03 -6.773428181218307031e+01 2.692636113615177251e+01
3.079832440312139624e+03 -6.875019850395574394e+01 2.714122004213079720e+01
3.082572442576416961e+03 -6.977719936912322396e+01 2.735387676958708525e+01
3.085380789658258436e+03 -7.081501559976007343e+01 2.756428019482351388e+01
3.088262417444175298e+03 -7.186329965195010061e+01 2.777227195508335456e+01
3.091226065735214888e+03 -7.292162006051202638e+01 2.797774590477559897e+01
3.094258806267012915e+03 -7.398967179473568478e+01 2.818060041184044096e+01
3.097377975491200687e+03 -7.506711137598944106e+01 2.838068277737349376e+01
3.100571240769028464e+03 -7.615357837200158997e+01 2.857803731894802368e+01
3.103838250886011338e+03 -7.724865113111106041e+01 2.877261241420578841e+01
3.107199136194542916e+03 -7.835296074489038176e+01 2.896431351689090405e+01
3.110628120565956124e+03 -7.946542553372022155e+01 2.915306634009079900e+01
3.114148376002507121e+03 -8.058483875214332670e+01 2.933888667428341890e+01
3.117749152258243612e+03 -8.171077122361705847e+01 2.952178400253953683e+01
3.121432304774800286e+03 -8.284262591756412064e+01 2.970171447981016399e+01
3.125195096053761063e+03 -8.397993181020771658e+01 2.987853866710839768e+01
3.129043784026068352e+03 -8.512219095566727844e+01 3.005236135230164152e+01
3.132981915158828087e+03 -8.626891886434414403e+01 3.022304786348780326e+01
3.136999444957830747e+03 -8.741956285077701239e+01 3.039051595420910346e+01
3.141099019843598853e+03 -8.857367139966740410e+01 3.055479886601661832e+01
3.145284951102558807e+03 -8.973081263934892604e+01 3.071581579407675378e+01
3.149557048681284414e+03 -9.089047660395817729e+01 3.087348662826519430e+01
3.153909614522490756e+03 -9.205222026869418528e+01 3.102774534447001287e+01
3.158350401639943357e+03 -9.321558226529550950e+01 3.117854814817544096e+01
3.162872626971232876e+03 -9.437993329330203096e+01 3.132587333616453762e+01
3.167478625736143385e+03 -9.554471534197686822e+01 3.146972851894565437e+01
3.172168418877581644e+03 -9.670943318937521838e+01 3.160992988123037151e+01
3.176937662146217917e+03 -9.787346750278494767e+01 3.174656418917514245e+01
3.181796324128889864e+03 -9.903638698651707273e+01 3.187952382511967642e+01
3.186736279500712044e+03 -1.001978832783127729e+02 3.200868631004367160e+01
3.191764913024398538e+03 -1.013580995566289289e+02 3.213403257609815711e+01
3.196880747800970312e+03 -1.025153974816667812e+02 3.225553425090000559e+01
3.202079720093803189e+03 -1.036691816469277256e+02 3.237324354846161611e+01
3.207359436414256834e+03 -1.048188713331395263e+02 3.248703985901253333e+01
3.212722533377831041e+03 -1.059639107868101320e+02 3.259695082724671522e+01
3.218167502579052325e+03 -1.071037333779828629e+02 3.270287702301892807e+01
3.223693582258376864e+03 -1.082377524901466899e+02 3.280482133373440234e+01
3.229300996267068967e+03 -1.093653368176521781e+02 3.290270532192394626e+01
3.234990645076250985e+03 -1.104858531504462178e+02 3.299654214490561088e+01
3.240756595092539555e+03 -1.115986755321401631e+02 3.308620378452334876e+01
3.246608148940515548e+03 -1.127031956440656586e+02 3.317164294715374950e+01
3.252537141234181036e+03 -1.137987618673762995e+02 3.325284649373097778e+01
3.258541665874477985e+03 -1.148848287685282799e+02 3.332972192950706614e+01
3.264621503821736951e+03 -1.159606964170220067e+02 3.340228412954844828e+01
3.270784989329801192e+03 -1.170257537935462864e+02 3.347049325715193646e+01
3.277021266939845646e+03 -1.180793214090920316e+02 3.353437682028815914e+01
3.283329769166207825e+03 -1.191207208514523472e+02 3.359394274242440304e+01
3.289715991397936705e+03 -1.201493696516672713e+02 3.364917754758139523e+01
3.296178160490616847e+03 -1.211646341566332978e+02 3.370006628807515625e+01
3.302728153752775597e+03 -1.221664203632662833e+02 3.374632336090666485e+01
3.309343723090984895e+03 -1.231534983842247186e+02 3.378821012874977470e+01
3.316034860816879245e+03 -1.241251870922584857e+02 3.382568911341142126e+01
3.322798861952023799e+03 -1.250806622130251498e+02 3.385872466585336582e+01
3.329633098936869374e+03 -1.260193528736043760e+02 3.388724460399527061e+01
3.336534803362894309e+03 -1.269406266379330503e+02 3.391127547604359904e+01
3.343502996887080826e+03 -1.278441577771640709e+02 3.393077866948696908e+01
3.350536610083036066e+03 -1.287296938633857621e+02 3.394581288034928690e+01
3.357630147012139332e+03 -1.295969071491475688e+02 3.395642401253158482e+01
3.364784905519451968e+03 -1.304455623944356546e+02 3.396262633292036526e+01
3.371993308987173805e+03 -1.312754342326256278e+02 3.396448789222955611e+01
3.379252399574776064e+03 -1.320862100269951327e+02 3.396207521496744874e+01
3.386567456476577263e+03 -1.328775871371399262e+02 3.395539605994838439e+01
3.393928057928107137e+03 -1.336493541321545706e+02 3.394443493064318318e+01
3.401336502375285818e+03 -1.344012211577287701e+02 3.392932032814278642e+01
3.408788819378897188e+03 -1.351329009957579217e+02 3.391011682583654618e+01
3.416279884936979670e+03 -1.358441966653226416e+02 3.388677188606486368e+01
3.423806827299235010e+03 -1.365347295122591902e+02 3.385941290944339244e+01
3.431366860475262911e+03 -1.372043542367790110e+02 3.382807529453267392e+01
3.438968223791316632e+03 -1.378526629038117335e+02 3.379266142960111807e+01
3.446604549726465848e+03 -1.384793184254671132e+02 3.375314610835440021e+01
3.454265235358270274e+03 -1.390841161502288514e+02 3.370980860054752526e+01
3.461943079112292708e+03 -1.396665732237607926e+02 3.366258726681333258e+01
3.469647913887812138e+03 -1.402264243158811610e+02 3.361156430813095142e+01
3.477368895732780857e+03 -1.407633411515071771e+02 3.355677897788603303e+01
3.485097683955446428e+03 -1.412768937981014119e+02 3.349821002372484458e+01
3.492834979717080842e+03 -1.417668121067460163e+02 3.343593464226452028e+01
3.500584162431930054e+03 -1.422327771325077777e+02 3.336994994801526104e+01
3.508336175960452238e+03 -1.426746112471704464e+02 3.330041254221273306e+01
3.516083863514436871e+03 -1.430918358922722859e+02 3.322739780282147848e+01
3.523829710284803696e+03 -1.434844730390210543e+02 3.315101604191098517e+01
3.531572037345665194e+03 -1.438526973973321219e+02 3.307131425510851130e+01
3.539309247605593555e+03 -1.441957063902244727e+02 3.298838618005952128e+01
3.547034351171198523e+03 -1.445128918979787045e+02 3.290240777903669311e+01
3.554743193279604384e+03 -1.448045364952492093e+02 3.281334598297787153e+01
3.562434416789147235e+03 -1.450705655875536024e+02 3.272127094290964777e+01
3.570106742436093100e+03 -1.453106653679303975e+02 3.262625435192585144e+01
3.577751965791352177e+03 -1.455238159932233941e+02 3.252841601657493698e+01
3.585375153110489009e+03 -1.457103109963316285e+02 3.242774143176293933e+01
3.592961201444611561e+03 -1.458683797346567133e+02 3.232391311580597915e+01
3.600522808332333625e+03 -1.459989563036137952e+02 3.221743991982232558e+01
3.608037871703867040e+03 -1.461011553708896713e+02 3.210826155566203255e+01
3.615516766771437233e+03 -1.461753326719409358e+02 3.199650178656146693e+01
3.622945305248136719e+03 -1.462211272464279261e+02 3.188226338067621768e+01
3.630320535308202579e+03 -1.462381702251944375e+02 3.176557968879855309e+01
3.637638502855065781e+03 -1.462263475133916586e+02 3.164653433640231128e+01
3.644904194729918345e+03 -1.461852274724930112e+02 3.152523718177153000e+01
3.652106915298329568e+03 -1.461140584003102276e+02 3.140173072070580318e+01
3.659243141588576691e+03 -1.460130190514477420e+02 3.127613507080921096e+01
3.666313253280828121e+03 -1.458816708173447694e+02 3.114855526819978948e+01
3.673304806145842122e+03 -1.457204487825302976e+02 3.101900083784783391e+01
3.680222435738207423e+03 -1.455283015592527818e+02 3.088761300522450171e+01
3.687058570693171532e+03 -1.453051933786475729e+02 3.075448474265817111e+01
3.693807568701304717e+03 -1.450513362198165623e+02 3.061965515188860110e+01
3.700476954291518268e+03 -1.447660955924896768e+02 3.048321143839716285e+01
3.707051323282772501e+03 -1.444499525452416435e+02 3.034517229135439109e+01
3.713534146268209497e+03 -1.441031185418898701e+02 3.020566968042815148e+01
3.719928691883227202e+03 -1.437263406759637689e+02 3.006472405419395599e+01
3.726224232511567607e+03 -1.433190597899800593e+02 2.992220751109110211e+01
3.732422261362754398e+03 -1.428802935893006065e+02 2.977816140731121308e+01
3.738520655658012402e+03 -1.424116102383396765e+02 2.963282225665486536e+01
3.744514212742618383e+03 -1.419132494898527739e+02 2.948632045837679172e+01
3.750403327159831861e+03 -1.413863816814641154e+02 2.933869014209446746e+01
3.756183623089361845e+03 -1.408305161110615984e+02 2.919010756329164735e+01
3.761857249659850368e+03 -1.402464481295768053e+02 2.904062601668334764e+01
3.767423540459446031e+03 -1.396346754089775573e+02 2.889042357333631017e+01
3.772879344850543475e+03 -1.389951086605754540e+02 2.873956187108885985e+01
3.778223279097951945e+03 -1.383283658655462602e+02 2.858810080545742238e+01
3.783452999356362852e+03 -1.376348481742322178e+02 2.843613845117766203e+01
3.788570766610945611e+03 -1.369148774788861829e+02 2.828372968940848153e+01
3.793564602136557824e+03 -1.361681216600509288e+02 2.813098626043174733e+01
3.798436744793810249e+03 -1.353952719686327555e+02 2.797792764513812003e+01
3.803190099450585876e+03 -1.345970701272854626e+02 2.782465483135097273e+01
3.807812508339803571e+03 -1.337727354941058024e+02 2.767121272211920058e+01
3.812307986352340322e+03 -1.329230886279185881e+02 2.751775290922998707e+01
3.816674113471202872e+03 -1.320476243589811247e+02 2.736422794945358206e+01
3.820897605589793784e+03 -1.311480660137674761e+02 2.721086479288018722e+01
3.824993355936778698e+03 -1.302237628838806813e+02 2.705774283979393147e+01
3.828943709534116806e+03 -1.292732893573889044e+02 2.690466818160600582e+01
3.832755390091286245e+03 -1.282989935878179040e+02 2.675200962928836290e+01
3.836422148175164693e+03 -1.273005858287962440e+02 2.659982102754423394e+01
3.839937737722555994e+03 -1.262782076324118776e+02 2.644822850924272828e+01
3.843297813581957143e+03 -1.252335265245601477e+02 2.629733812340506560e+01
3.846504687970554642e+03 -1.241661938698131848e+02 2.614721120795640630e+01
3.849555317967060091e+03 -1.230761119401807662e+02 2.599797105497502159e+01
3.852440951082630818e+03 -1.219637568923743345e+02 2.584974012476042304e+01
3.855160424433071512e+03 -1.208299320980474931e+02 2.570260574342382043e+01
3.857711237992628867e+03 -1.196747928898334408e+02 2.555664132150906553e+01
3.860091428908127000e+03 -1.184983113091686846e+02 2.541192517698629061e+01
3.862299221292190396e+03 -1.173012969924958782e+02 2.526853711366312893e+01
3.864331844308783275e+03 -1.160841438840715512e+02 2.512659632528828979e+01
3.866182891916698736e+03 -1.148466948431318286e+02 2.498616807215018909e+01
3.867845931052044307e+03 -1.135890262941869793e+02 2.484734220619943557e+01
3.869326720180897155e+03 -1.123127049215867430e+02 2.471017559110946493e+01
3.870622930282363086e+03 -1.110171769297621722e+02 2.457476508813569538e+01
3.871728034956071042e+03 -1.097031016546247884e+02 2.444129690171996216e+01
3.872635472573564584e+03 -1.083709065456554868e+02 2.430982895145371359e+01
3.873360089054672244e+03 -1.070198417892362102e+02 2.418052656456899996e+01
3.873889154211079131e+03 -1.056518429355819961e+02 2.405337915957899497e+01
3.874224448495360321e+03 -1.042666116653047936e+02 2.392866168965264606e+01
3.874360604757690908e+03 -1.028651011196628957e+02 2.380641927857668705e+01
3.874298359025257014e+03 -1.014475471920914771e+02 2.368673818339424031e+01
3.874036358135964747e+03 -1.000144637769240745e+02 2.356960240896842862e+01
3.873575317630059999e+03 -9.856626434491468558e+01 2.345502194074069280e+01
3.872909525233987097e+03 -9.710267890951899972e+01 2.334300408019742434e+01
3.872044595148625376e+03 -9.562471833417924927e+01 2.323360502514616854e+01
3.870978789028594747e+03 -9.413215065772857315e+01 2.312673880897730427e+01
3.869712549180901988e+03 -9.262522148271175126e+01 2.302243196211953702e+01
3.868242240846853292e+03 -9.110504399040708279e+01 2.292080514245238732e+01
3.866571490704472126e+03 -8.957259018466626799e+01 2.282184849586399622e+01
3.864702056116794211e+03 -8.802806151130407386e+01 2.272556686855216768e+01
3.862627594716503154e+03 -8.647164505314856342e+01 2.263205547156115571e+01
3.860356593086487919e+03 -8.490470180931473010e+01 2.254132173041739762e+01
3.857883768487311045e+03 -8.332784110412465850e+01 2.245338454185208477e+01
3.855210419566612018e+03 -8.174120809771835638e+01 2.236828631071918494e+01
3.852348597765703289e+03 -8.014635169256720815e+01 2.228607049254605954e+01
3.849296146478040100e+03 -7.854269158790739880e+01 2.220671822648603921e+01
3.846052026644487341e+03 -7.693049144844242448e+01 2.213035669188704091e+01
3.842625978471021426e+03 -7.531084597312876383e+01 2.205687433168650813e+01
3.839016452981551538e+03 -7.368593255205711046e+01 2.198636957306920792e+01
3.835231890372262569e+03 -7.205527456044107737e+01 2.191875191995039884e+01
3.831265479703549772e+03 -7.041939436069823444e+01 2.185407241307455806e+01
3.827123199935315824e+03 -6.877817728785930740e+01 2.179236024284509199e+01
3.822797645826330154e+03 -6.713255532360615518e+01 2.173358371053608451e+01
3.818286851208341432e+03 -6.548200068574050192e+01 2.167774367078785858e+01
3.813588239667129528e+03 -6.382721795962210365e+01 2.162486262025800698e+01
3.808706710995089452e+03 -6.216837589596264735e+01 2.157495240301292583e+01
3.803633402509563439e+03 -6.050586834299418371e+01 2.152807376105273818e+01
3.798373524448045373e+03 -5.884039503275615601e+01 2.148424300443404178e+01
3.792927966182317050e+03 -5.717356902258480034e+01 2.144353894247614178e+01
3.787299415910990319e+03 -5.550608334002200195e+01 2.140605977729544662e+01
3.781488481882984615e+03 -5.383875988193354800e+01 2.137187382587715234e+01
3.775496220086779886e+03 -5.217263735915076950e+01 2.134098990414209496e+01
3.769319475606521337e+03 -5.050915700873856906e+01 2.131352537905646116e+01
3.762966788281741174e+03 -4.884788060314222946e+01 2.128943303883006166e+01
3.756442615230140291e+03 -4.719005408622245312e+01 2.126869110122581219e+01
3.749736299830326061e+03 -4.553503028500790606e+01 2.125144419267723706e+01
3.742860684916655373e+03 -4.388380650547031081e+01 2.123762048481658127e+01
3.735814332953728808e+03 -4.223621224577075139e+01 2.122713110677528192e+01
3.728601420068951938e+03 -4.059414511476286691e+01 2.121989046001604251e+01
3.721227854887672493e+03 -3.895698201353990697e+01 2.121588657055022509e+01
3.713685549424554210e+03 -3.732566881972506678e+01 2.121527354437195356e+01
3.705977915267519620e+03 -3.570102353574227294e+01 2.121801460807343176e+01
3.698093098155507960e+03 -3.408322048028367846e+01 2.122425995009949062e+01
3.690028097418075504e+03 -3.247303384586060560e+01 2.123400258533267859e+01
3.681785075292451893e+03 -3.087081467180003358e+01 2.124734345256557333e+01
3.673362018432615969e+03 -2.927780373142252657e+01 2.126434540801435347e+01
3.664756763485646388e+03 -2.769387798760201846e+01 2.128502896932666033e+01
3.655971164062789285e+03 -2.612031528830678795e+01 2.130941736750930460e+01
3.647017803405570248e+03 -2.455808751105062981e+01 2.133742012125358301e+01
3.637900650780909018e+03 -2.300765970830945761e+01 2.136900209936495898e+01
3.628627012598633428e+03 -2.146948076720187970e+01 2.140408844889512707e+01
3.619209276666405913e+03 -1.994397174647583526e+01 2.144255531962264882e+01
3.609652982390369289e+03 -1.843155218922976957e+01 2.148441666069101430e+01
3.599954611526742610e+03 -1.693228407844772576e+01 2.152958328440683289e+01
3.590114299471231334e+03 -1.544576187962008618e+01 2.157808031288464434e+01
3.580121023323993995e+03 -1.397164861079292209e+01 2.162998764626885873e+01
3.569977604703587531e+03 -1.251019821473687976e+01 2.168518275669273265e+01
3.559679908197801069e+03 -1.106121616810384900e+01 2.174351043627014590e+01
3.549229434850853977e+03 -9.624483705134151634e+00 2.180500663135756412e+01
3.538624609118540775e+03 -8.200131762184943440e+00 2.186959094756769417e+01
3.527876921495919305e+03 -6.788801200237697842e+00 2.193722808408394087e+01
3.516995008933682129e+03 -5.391258987437730354e+00 2.200785134537796495e+01
3.505984733280225100e+03 -4.008274608953132478e+00 2.208139248470534355e+01
3.494853775892941485e+03 -2.640550055401157170e+00 2.215774801281025930e+01
3.483612475407797774e+03 -1.288806651604868625e+00 2.223687954909372877e+01
3.472271850212994195e+03 4.621894851161910400e-02 2.231874791413013170e+01
3.460834246424412413e+03 1.364334671373807817e+00 2.240326656100553748e+01
3.449296869065044575e+03 2.665594626487095109e+00 2.249037484449672419e+01
3.437653306254579093e+03 3.950194731584172114e+00 2.258008570690608252e+01
3.425908681516727938e+03 5.218335077791147469e+00 2.267235703657143020e+01
3.414054966988761407e+03 6.470092878028482097e+00 2.276712217925021164e+01
3.402083484791509363e+03 7.705712775012223403e+00 2.286438331829583248e+01
3.390001384920391502e+03 8.925144916936265105e+00 2.296409608285636494e+01
3.377818961639991358e+03 1.012810501360525883e+01 2.306620300106569488e+01
3.365515592049555835e+03 1.131362844067559514e+01 2.317082881120509086e+01
3.353129023136553769e+03 1.248128892672840529e+01 2.327773022351502163e+01
3.340656883987856418e+03 1.363042501658859962e+01 2.338670773698127903e+01
3.328107692519191460e+03 1.476049635552867656e+01 2.349770156784563824e+01
3.315488220405876746e+03 1.587082946767032077e+01 2.361058358201134411e+01
3.302812185272729948e+03 1.696094165587324554e+01 2.372527270964725687e+01
3.290067942954784485e+03 1.803065317881672414e+01 2.384179235108162231e+01
3.277261834184203963e+03 1.907971385883667281e+01 2.396013864502229751e+01
3.264387754294359638e+03 2.010799038941679839e+01 2.408029966842871517e+01
3.251447728573084532e+03 2.111526522275158868e+01 2.420223656296999337e+01
3.238434026050919783e+03 2.210133397832425217e+01 2.432596899911575861e+01
3.225352334887065354e+03 2.306598403747263148e+01 2.445151984300643377e+01
3.212205868036943684e+03 2.400902628782057846e+01 2.457876036396061892e+01
3.198997205440548441e+03 2.493028192932847986e+01 2.470757460485087975e+01
3.185729843337558123e+03 2.582956288002464618e+01 2.483783587290310280e+01
3.172422356139958993e+03 2.670666883359721666e+01 2.496942178906391163e+01
3.159068866394046381e+03 2.756141900991482174e+01 2.510223812068080917e+01
3.145686543436689135e+03 2.839358994239738720e+01 2.523605746709560904e+01
3.132279908588276157e+03 2.920286268120149487e+01 2.537090614533164157e+01
3.118846592276484444e+03 2.998832969497264500e+01 2.550673868371872999e+01
3.105384518220409518e+03 3.074895845912429238e+01 2.564372018582539425e+01
3.091906023236134388e+03 3.148469318649083704e+01 2.578157364023522291e+01
3.078406242772466157e+03 3.219491327306288042e+01 2.592026095623657156e+01
3.064896455835381857e+03 3.287941364355267382e+01 2.605991115938948965e+01
3.051368973185128198e+03 3.353801511340603980e+01 2.620042236935735147e+01
3.037827431254887415e+03 3.417088198551527256e+01 2.634180158480372569e+01
3.024276539321738255e+03 3.477854982408965157e+01 2.648399644050353174e+01
3.010707404599548227e+03 3.536166871198634709e+01 2.662692491923537830e+01
2.997127272706272379e+03 3.592078181980280505e+01 2.677048880724782620e+01
2.983535459453930343e+03 3.645650948500638577e+01 2.691468150756397293e+01
2.969930638935940351e+03 3.696940090463792217e+01 2.705941489894713570e+01
2.956319944559670603e+03 3.746002254676135124e+01 2.720456956655715075e+01
2.942700294280693925e+03 3.792859287673293522e+01 2.735005437256254623e+01
2.929078028478078068e+03 3.837524935939599402e+01 2.749585463732771018e+01
2.915457052041435873e+03 3.879999936289240026e+01 2.764190236666970790e+01
2.901842042497619786e+03 3.920293918405312894e+01 2.778807688938842801e+01
2.888233371195966811e+03 3.958395370278842051e+01 2.793425917956073334e+01
2.874650436667867325e+03 3.994318276541940804e+01 2.808040180782732165e+01
2.861080420522522218e+03 4.028053251361559717e+01 2.822647459598261932e+01
2.847531212031999985e+03 4.059469877236296043e+01 2.837254979896080798e+01
2.833999095978995683e+03 4.088683273987729194e+01 2.851844102917275592e+01
2.820496788806552104e+03 4.115715720322985760e+01 2.866415070101035667e+01
2.807015520210803061e+03 4.140559166264885249e+01 2.880954190659634051e+01
2.793555468700837991e+03 4.163219484909417645e+01 2.895470662905997372e+01
2.780121269617485268e+03 4.183687399379861915e+01 2.909953669812772148e+01
2.766711228120209398e+03 4.201978731148948754e+01 2.924397758417086024e+01
2.753329671248614886e+03 4.218128371030155677e+01 2.938803442531609633e+01
2.739978481234772516e+03 4.232181776239188764e+01 2.953156808092286312e+01
2.726657696099731311e+03 4.244177877061780180e+01 2.967450170435697387e+01
2.713374726870485119e+03 4.254151244180366831e+01 2.981682005409141212e+01
2.700128403498856187e+03 4.262138703435656595e+01 2.995842025118674101e+01
2.686920715856396328e+03 4.268173020441649612e+01 3.009924926340378448e+01
2.673760620868064507e+03 4.272281861164213268e+01 3.023913204845531055e+01
2.660640891550337074e+03 4.274478864537926626e+01 3.037808019084154409e+01
2.647573099891812944e+03 4.274791183660872917e+01 3.051594676880269219e+01
2.634555575115115516e+03 4.273232346430231132e+01 3.065265333543501569e+01
2.621591831857921989e+03 4.269814541769117966e+01 3.078811714466831972e+01
2.608688895131992467e+03 4.264557122669710765e+01 3.092216607816151352e+01
2.595845552291057174e+03 4.257386581718790808e+01 3.105487583033508514e+01
2.583061217182909331e+03 4.248296306089791585e+01 3.118600849333954628e+01
2.570350572388932051e+03 4.237398837857477218e+01 3.131556551493815377e+01
2.557712187710424587e+03 4.224694562837999001e+01 3.144344693206458885e+01
2.545146363219427258e+03 4.210200497342977854e+01 3.156955259844901462e+01
2.532658237780978652e+03 4.193918145880496695e+01 3.169382365550570668e+01
2.520251410808084074e+03 4.175849728583409615e+01 3.181623247844935776e+01
2.507933228649980720e+03 4.156007530460725974e+01 3.193659167048140191e+01
2.495700328107286168e+03 4.134410357997847285e+01 3.205491757476035986e+01
2.483556487296263185e+03 4.111073563526723973e+01 3.217117132060780449e+01
2.471504549317653527e+03 4.086015773452462696e+01 3.228520420507356903e+01
2.459551992588422763e+03 4.059253933820303928e+01 3.239695637763013991e+01
2.447701032869940263e+03 4.030806230387499056e+01 3.250642544631816122e+01
2.435947869798853844e+03 4.000695685224087583e+01 3.261357027182953061e+01
2.424288195312348307e+03 3.968954184121810869e+01 3.271840646755136106e+01
2.412729551759378410e+03 3.935618117802273019e+01 3.282100981287252495e+01
2.401266053214262229e+03 3.900709724109437104e+01 3.292126661336520499e+01
2.389891649423408580e+03 3.864271724199124947e+01 3.301925963659140706e+01
2.378616350308235724e+03 3.826324763022211073e+01 3.311493561946395658e+01
2.367438437524058372e+03 3.786896682916952273e+01 3.320834258481349366e+01
2.356348806203851382e+03 3.745845779027347788e+01 3.329933709342167703e+01
2.345357687414132215e+03 3.703395194108215804e+01 3.338802851572886965e+01
2.334466389865958263e+03 3.659582682080070981e+01 3.347447244145802614e+01
2.323661637174311181e+03 3.614456690892983204e+01 3.355863293352270205e+01
2.312957836739388767e+03 3.568061024496117994e+01 3.364045912953210404e+01
2.302347377245426287e+03 3.520444568771876703e+01 3.372002976222397308e+01
2.291835288643938384e+03 3.471641341594323649e+01 3.379731336570158362e+01
2.281423620011687490e+03 3.421692784711005686e+01 3.387236209083415872e+01
2.271108973463596612e+03 3.370630083596793725e+01 3.394509488799380392e+01
2.260888026232250013e+03 3.318481831871536514e+01 3.401551827678620299e+01
2.250765931102114337e+03 3.265275939560820007e+01 3.408364228906665971e+01
2.240742922899835776e+03 3.211043894844079460e+01 3.414947690233233146e+01
2.230817264036037159e+03 3.155809101009933926e+01 3.421292092603175661e+01
2.220989172293798219e+03 3.099599018404229511e+01 3.427397642941662781e+01
2.211255717367879697e+03 3.042443949997518615e+01 3.433260049204034914e+01
2.201620160347129513e+03 2.984382488352729723e+01 3.438884572058924505e+01
2.192081817790030982e+03 2.925444121553480770e+01 3.444270640331905753e+01
2.182644880958435351e+03 2.865666903272333599e+01 3.449413269688304950e+01
2.173300814459007597e+03 2.805084049676520408e+01 3.454299966573029934e+01
2.164064377888163563e+03 2.743643025764463417e+01 3.458936945126366425e+01
2.154926307022309629e+03 2.681398279837785736e+01 3.463312719182552968e+01
2.145889275239335802e+03 2.618451998445993567e+01 3.467431141753544210e+01
2.136952385888925619e+03 2.554846931669345622e+01 3.471300347081430715e+01
2.128118574236443237e+03 2.490614059174524186e+01 3.474915490609705415e+01
2.119383549897194371e+03 2.425797262148257261e+01 3.478274041881823564e+01
2.110754971417245542e+03 2.360437184187908954e+01 3.481370279711814675e+01
2.102225253011588848e+03 2.294564812942860499e+01 3.484213830590494609e+01
2.093799121846596790e+03 2.228217845411330345e+01 3.486796952446243836e+01
2.085481070482623181e+03 2.161436348596754797e+01 3.489111602808399937e+01
2.077264932976686396e+03 2.094251286305982518e+01 3.491157494525153027e+01
2.069153591988939752e+03 2.026698013730252157e+01 3.492934298182340314e+01
2.061144597646794864e+03 1.958813265296996775e+01 3.494437841510060139e+01
2.053243559329816435e+03 1.890634288561414778e+01 3.495662242162896405e+01
2.045449701582413354e+03 1.822196652519464521e+01 3.496603459129237734e+01
2.037765172530038626e+03 1.753538541107728932e+01 3.497260146935504821e+01
2.030184839002632316e+03 1.684716740296691029e+01 3.497636958206052071e+01
2.022712564497204994e+03 1.615787763642910235e+01 3.497727063601884367e+01
2.015356047233866775e+03 1.546798880288855926e+01 3.497540821836085456e+01
2.008108936660451718e+03 1.477786893355827758e+01 3.497059997191905723e+01
2.000983723619101738e+03 1.408750026497197894e+01 3.496273636374711913e+01
1.993972924781544407e+03 1.339812409769340107e+01 3.495203920220264138e+01
1.987074119806259660e+03 1.270974675446131386e+01 3.493848757840501662e+01
1.980284598042140033e+03 1.202246215557961406e+01 3.492222932131814161e+01
1.973603692003560127e+03 1.133636362524384289e+01 3.490318708461924047e+01
1.967032788290450071e+03 1.065152095379919217e+01 3.488145552648746417e+01
1.960566308839188196e+03 9.967968808830033112e+00 3.485706345212825852e+01
1.954207393333493656e+03 9.285770049315029695e+00 3.483000527172534788e+01
1.947950317092632531e+03 8.605003230665726477e+00 3.480035628265535763e+01
1.941792070437135862e+03 7.925850141017034112e+00 3.476819919695415706e+01
1.935734921879106651e+03 7.248409409365885736e+00 3.473350480736419144e+01
1.929781522079444358e+03 6.572787552065313399e+00 3.469641666486161569e+01
1.923923544144016432e+03 5.899222587218255320e+00 3.465691412804410731e+01
1.918158209472078624e+03 5.227775502866831125e+00 3.461509976589632487e+01
1.912492387370514052e+03 4.558671515597962021e+00 3.457094351134328747e+01
1.906920730979498558e+03 3.891972008048895759e+00 3.452457923632611170e+01
1.901439670141670149e+03 3.227843329008715845e+00 3.447606246475122305e+01
1.896054677600229525e+03 2.566400998543089784e+00 3.442531491653365805e+01
1.890758373627845003e+03 1.907764538297929580e+00 3.437260321382979811e+01
1.885553879705285453e+03 1.251943338439943432e+00 3.431758201443484069e+01
1.880438085254982070e+03 5.991921953041886573e-01 3.426055311385172075e+01
1.875413692602065566e+03 -5.029310140923717171e-02 3.420154030041026516e+01
1.870472500438548423e+03 -6.964167819930208170e-01 3.414060321212199511e+01
1.865615344623206056e+03 -1.339090950594239882e+00 3.407779813677723268e+01
1.860845611146419287e+03 -1.978229828721755901e+00 3.401313479192293698e+01
1.856156483598159411e+03 -2.613734710279646212e+00 3.394659309701617644e+01
1.851547253315834269e+03 -3.245475979478125161e+00 3.387824460013704453e+01
1.847017287763662580e+03 -3.873343767796302739e+00 3.380800748983038062e+01
1.842569719387570785e+03 -4.497180902627537336e+00 3.373600737328833787e+01
1.838200422269326964e+03 -5.116697996924511216e+00 3.366224448579740880e+01
1.833909652435126873e+03 -5.731597783374566824e+00 3.358675897937722254e+01
1.829694873421412240e+03 -6.341636504911663863e+00 3.350965594574256556e+01
1.825554319944973940e+03 -6.946516517217235176e+00 3.343096259503136736e+01
1.821490763494118710e+03 -7.545941688187252971e+00 3.335064705273386210e+01
1.817504068216348514e+03 -8.139605431885110320e+00 3.326876430003825647e+01
1.813587799424490640e+03 -8.727037534218844428e+00 3.318541815162438269e+01
1.809746868847131054e+03 -9.307915246208956717e+00 3.310057452442308801e+01
1.805968522000562189e+03 -9.881817081637194633e+00 3.301423112407856308e+01
1.802267326484415435e+03 -1.044818456903215598e+01 3.292632588654367964e+01
1.798633644684558021e+03 -1.100624537956179694e+01 3.283667555787991432e+01
1.795067446757720973e+03 -1.155592412942930203e+01 3.274554478605312369e+01
1.791556786949265188e+03 -1.209684611958860856e+01 3.265295900034471543e+01
1.788112719245692688e+03 -1.262887685192410281e+01 3.255908784669870926e+01
1.784724469896297478e+03 -1.315202838911955929e+01 3.246409830934643992e+01
1.781398689421298968e+03 -1.366629449691303222e+01 3.236815476083685184e+01
1.778130365599331071e+03 -1.417152492063482683e+01 3.227144657530055838e+01
1.774915450811073015e+03 -1.466764101907591034e+01 3.217412465548456879e+01
1.771757607932360997e+03 -1.515456659864033639e+01 3.207627997138685316e+01
1.768648132492196282e+03 -1.563219566884400358e+01 3.197799663030082229e+01
1.765596357599782550e+03 -1.610026375498646800e+01 3.187920896411510796e+01
1.762597232440671633e+03 -1.655887190148914101e+01 3.177978503430745150e+01
1.759651528590598673e+03 -1.700825488406655595e+01 3.167966057611776876e+01
1.756766825338874696e+03 -1.744859761465039938e+01 3.157865772945945793e+01
1.753932825340902355e+03 -1.788001210167412935e+01 3.147664514244852185e+01
1.751152324975587817e+03 -1.830262972990676218e+01 3.137363423011306196e+01
1.748428716948521242e+03 -1.871632751931466743e+01 3.126952670441714233e+01
1.745756468490108318e+03 -1.912095689791550512e+01 3.116459991740259028e+01
1.743135800576122620e+03 -1.951637005401994429e+01 3.105885931080823426e+01
1.740557457309008896e+03 -1.990149021377349214e+01 3.095227848978372975e+01
1.738032886076551904e+03 -2.027666797375781371e+01 3.084513449603003821e+01
1.735541956590193649e+03 -2.064178844227453524e+01 3.073766351870690627e+01
1.733097610394904677e+03 -2.099685633907004956e+01 3.062988836280622706e+01
1.730687917093039687e+03 -2.134246603991430646e+01 3.052183033838671733e+01
1.728318877557915357e+03 -2.167910490221918351e+01 3.041350933292425296e+01
1.725996317755336349e+03 -2.200737154533170781e+01 3.030491802115805555e+01
1.723710979711747086e+03 -2.232787806201470104e+01 3.019604728881630251e+01
1.721468247112138442e+03 -2.264117582306493404e+01 3.008693193464257476e+01
1.719267548198197801e+03 -2.294771780370084358e+01 2.997753847575327413e+01
1.717111230723162407e+03 -2.324766715417191065e+01 2.986788080066143181e+01
1.714997299292962225e+03 -2.354072426190175094e+01 2.975806175539709386e+01
1.712921362480469043e+03 -2.382658109543299929e+01 2.964816728094536558e+01
1.710873205320081524e+03 -2.410489753711910765e+01 2.953826118849557503e+01
1.708862856319163029e+03 -2.437534030807329799e+01 2.942843969054943543e+01
1.706885041437113159e+03 -2.463758900199285762e+01 2.931879834085097158e+01
1.704930692102944477e+03 -2.489124271039825587e+01 2.920930398179405429e+01
1.703006481311537755e+03 -2.513640551915095500e+01 2.910008325844296451e+01
1.701108307038733756e+03 -2.537330798794020481e+01 2.899095743779701451e+01
1.699230495893456691e+03 -2.560152745388647588e+01 2.888192466112712964e+01
1.697390247376494244e+03 -2.582146599496160277e+01 2.877285594677339375e+01
1.695571766001021388e+03 -2.603358223988284692e+01 2.866373626357620452e+01
1.693776677519588247e+03 -2.623873073130111067e+01 2.855468101813301729e+01
1.692006593503813974e+03 -2.643645432145268259e+01 2.844552302156134971e+01
1.690261075144926508e+03 -2.662676856255573199e+01 2.833646159396943887e+01
1.688535542511376434e+03 -2.680974398751187238e+01 2.822771327085039772e+01
1.686828755747129662e+03 -2.698644308069224351e+01 2.811939964017598115e+01
1.685136858577250905e+03 -2.715617977518681059e+01 2.801163674496429579e+01
1.683461365895250083e+03 -2.731860859163690236e+01 2.790457564019086689e+01
1.681803768216678691e+03 -2.747386968287314701e+01 2.779844998464185934e+01
1.680156876800626378e+03 -2.762252043225066700e+01 2.769331182272020087e+01
1.678519105591130938e+03 -2.776458597325859046e+01 2.758917134703785834e+01
1.676890255303411777e+03 -2.789930311840400279e+01 2.748609036224190660e+01
1.675268601030265017e+03 -2.802753546993479361e+01 2.738411156741017649e+01
1.673649632508370587e+03 -2.814872039037954821e+01 2.728324750621638373e+01
1.672038559384691098e+03 -2.826244000092241748e+01 2.718357402924862143e+01
1.670431993710413053e+03 -2.837005316902797247e+01 2.708512519237973848e+01
1.668829600166520549e+03 -2.846979511717538003e+01 2.698798659557213142e+01
1.667225195902197356e+03 -2.856352976016458811e+01 2.689211308654108734e+01
1.665619829702676043e+03 -2.864874699097666522e+01 2.679762278613180371e+01
1.664008709411496284e+03 -2.872662569982388803e+01 2.670449294986402933e+01
1.662400263024222113e+03 -2.879868281657247664e+01 2.661265905796358311e+01
1.660786474455232565e+03 -2.886371321673644630e+01 2.652212824021115622e+01
1.659178326758135199e+03 -2.892243966427798441e+01 2.643289051457303884e+01
1.657564440653217844e+03 -2.897490095528237219e+01 2.634489287218594455e+01
1.655954513451989214e+03 -2.902112312252394943e+01 2.625812097004256884e+01
1.654343442573938546e+03 -2.906142073349857213e+01 2.617256296463641974e+01
1.652732588395744870e+03 -2.909597388584046129e+01 2.608825224379091523e+01
1.651119039144276030e+03 -2.912466922442069617e+01 2.600515818612404928e+01
1.649505916185031992e+03 -2.914792584017822463e+01 2.592330011018558622e+01
1.647896529703822580e+03 -2.916525561611846484e+01 2.584265395404696619e+01
1.646287444164920771e+03 -2.917723181367886909e+01 2.576315737023574926e+01
1.644680116236607319e+03 -2.918445216204240111e+01 2.568485620117035850e+01
1.643068706175684383e+03 -2.918628081022715648e+01 2.560775021710417576e+01
1.641462915726981691e+03 -2.918360251834491237e+01 2.553178365073751266e+01
1.639856622636166321e+03 -2.917546450461109586e+01 2.545703202532529374e+01
1.638248805296890168e+03 -2.916278622363693529e+01 2.538341081459360993e+01
1.636641868937278787e+03 -2.914573226278598739e+01 2.531092987280379347e+01
1.635037324568487065e+03 -2.912366890851443202e+01 2.523966709437090117e+01
1.633429234216402165e+03 -2.909700698380925132e+01 2.516960149474568098e+01
1.631820679517997405e+03 -2.906505121372921963e+01 2.510064462961823395e+01
1.630212504757359966e+03 -2.902970543828008232e+01 2.503278432589073432e+01
1.628599923477911943e+03 -2.899013013191398969e+01 2.496612243381037644e+01
1.626984964441151988e+03 -2.894637355990757044e+01 2.490060517505932580e+01
1.625369591363834161e+03 -2.889912621080626920e+01 2.483619033853445757e+01
1.623752861512488835e+03 -2.884850318136836478e+01 2.477296518873755460e+01
1.622131255305055220e+03 -2.879443280982423659e+01 2.471093741484943251e+01
1.620506538096154372e+03 -2.873736085474967794e+01 2.465013508252195962e+01
1.618880408163409584e+03 -2.867743203966198351e+01 2.459057938182871794e+01
1.617250127340038262e+03 -2.861485073265109236e+01 2.453229667815282866e+01
1.615618186052699457e+03 -2.854950426196629465e+01 2.447532181929509321e+01
1.613984387408087287e+03 -2.848203938987392547e+01 2.441962829124906165e+01
1.612341583124014505e+03 -2.841254645530299072e+01 2.436528930072809729e+01
1.610700247274535513e+03 -2.834139498027158766e+01 2.431229605645524927e+01
1.609047421605307818e+03 -2.826796216572205367e+01 2.426056260920773511e+01
1.607391907410249360e+03 -2.819316057449240631e+01 2.421020603641552427e+01
1.605723830641870791e+03 -2.811636026799792631e+01 2.416126317448889083e+01
1.604056823167831453e+03 -2.803854775032698399e+01 2.411374348294831194e+01
1.602374027180227358e+03 -2.795892313194110557e+01 2.406777483055791933e+01
1.600680130326167273e+03 -2.787847581037127753e+01 2.402326731838660123e+01
1.598981181295690931e+03 -2.779748492352792155e+01 2.398023873630260283e+01
1.597266932218298962e+03 -2.771620519488568846e+01 2.393872702759739113e+01
1.595547635854252576e+03 -2.763483844091097552e+01 2.389880585214774911e+01
1.593813672350906700e+03 -2.755365201909280870e+01 2.386046467717232034e+01
1.592068866800219212e+03 -2.747285908049853731e+01 2.382374194276440704e+01
1.590311274177215637e+03 -2.739270691908806654e+01 2.378862451449532145e+01
1.588543053079619995e+03 -2.731351270342445758e+01 2.375525483345555955e+01
1.586760053985343120e+03 -2.723538145133144184e+01 2.372358655021740148e+01
1.584963705876786889e+03 -2.715838217778412655e+01 2.369359720286258053e+01
1.583155591868913234e+03 -2.708239068221955392e+01 2.366524645280908246e+01
1.581337227105049124e+03 -2.700726351293781136e+01 2.363848657744457782e+01
1.579504713946514812e+03 -2.693303797368313823e+01 2.361332819822479223e+01
1.577656585513238042e+03 -2.685953155912156021e+01 2.358963855998821657e+01
1.575800264621851738e+03 -2.678672716882172722e+01 2.356747579313708485e+01
1.573932590481737407e+03 -2.671453886516938070e+01 2.354674044531223842e+01
1.572053043467946964e+03 -2.664288992329633388e+01 2.352739066006594726e+01
1.570169995173410598e+03 -2.657172393682270339e+01 2.350949460954007009e+01
1.568267442786494939e+03 -2.650076451894147667e+01 2.349305009517446052e+01
1.566346913111759250e+03 -2.643019717802498292e+01 2.347802998413601117e+01
1.564425809529917160e+03 -2.636019585153128375e+01 2.346432427366363171e+01
1.562496419012114075e+03 -2.629085146835808828e+01 2.345192876368398771e+01
1.560556177770176873e+03 -2.622209541778804009e+01 2.344077046505584505e+01
1.558614496238696574e+03 -2.615404826184784071e+01 2.343080096959663905e+01
1.556662406514926943e+03 -2.608672154253094533e+01 2.342203979545583792e+01
1.554706217630088759e+03 -2.602006886428243959e+01 2.341448098404558564e+01
1.552743223243157672e+03 -2.595413117441178841e+01 2.340806499923692385e+01
1.550772644172802075e+03 -2.588890279897691826e+01 2.340273561824293935e+01
1.548799469215611225e+03 -2.582434454000496871e+01 2.339848020075080370e+01
1.546819674445904184e+03 -2.576051114800446129e+01 2.339529071029968676e+01
1.544834604068685394e+03 -2.569744582002229549e+01 2.339312071699778883e+01
1.542847934843977555e+03 -2.563513770877434794e+01 2.339192700056988627e+01
1.540848776345905890e+03 -2.557367344813432553e+01 2.339172509380016507e+01
1.538849848568326024e+03 -2.551317803522564631e+01 2.339244506020360603e+01
1.536845388363030679e+03 -2.545372171681922779e+01 2.339409380486103629e+01
1.534838427543537591e+03 -2.539536093962923857e+01 2.339665933807129505e+01
1.532823390806959424e+03 -2.533823199654908365e+01 2.340011400275210107e+01
1.530806142164521361e+03 -2.528242886237010723e+01 2.340446210926926440e+01
1.528783687761549345e+03 -2.522819906260265199e+01 2.340990674252723380e+01
1.526759219471088727e+03 -2.517551081043625061e+01 2.341617540092640581e+01
1.524726369108806239e+03 -2.512447987273585781e+01 2.342324034727558768e+01
1.522691936240953282e+03 -2.507527478317054204e+01 2.343101846054696580e+01
1.520655671028276856e+03 -2.502795387297266672e+01 2.343951897423325192e+01
1.518617282632499837e+03 -2.498267570957660055e+01 2.344877349010369016e+01
1.516579153778767477e+03 -2.493961791404293038e+01 2.345871857446817188e+01
1.514540203738381933e+03 -2.489888293871664615e+01 2.346935204850942114e+01
1.512496786815283258e+03 -2.486063933152361116e+01 2.348060477822670933e+01
1.510454031355813640e+03 -2.482510573784009367e+01 2.349246260427750599e+01
1.508411368825946965e+03 -2.479243240605948273e+01 2.350493279666141788e+01
1.506372239879968220e+03 -2.476283641422848447e+01 2.351799043924600241e+01
1.504336102163052146e+03 -2.473655477538516934e+01 2.353158135423294794e+01
1.502302382614067028e+03 -2.471372966716990405e+01 2.354570823658016110e+01
1.500270478805210814e+03 -2.469457336126649238e+01 2.356035625516482668e+01
1.498245911852865902e+03 -2.467921570456911695e+01 2.357545667802309808e+01
1.496223531904494848e+03 -2.466788146776200819e+01 2.359100824506994698e+01
1.494207913360157136e+03 -2.466084909256892743e+01 2.360703217855795444e+01
1.492199500518826653e+03 -2.465819562191657965e+01 2.362340947789900980e+01
1.490186740836652461e+03 -2.466021485805713098e+01 2.364040868943458662e+01
1.488176882324082271e+03 -2.466652309702785928e+01 2.365784348195972342e+01
1.486170851359482867e+03 -2.467684411037406988e+01 2.367567616606572045e+01
1.484172882418551808e+03 -2.469095439036572870e+01 2.369391776232923164e+01
1.482176397788892245e+03 -2.470873356566343304e+01 2.371245463375884199e+01
1.480186232758701181e+03 -2.473007803718710562e+01 2.373142804991934085e+01
1.478200795480025363e+03 -2.475478187274951125e+01 2.375074974134283323e+01
1.476218481359132738e+03 -2.478279001712709473e+01 2.377042247911591843e+01
1.474237674468776504e+03 -2.481394350809297933e+01 2.379047385428715344e+01
1.472260438516923159e+03 -2.484808157591230682e+01 2.381084322872976244e+01
1.470289642000180038e+03 -2.488508189225351686e+01 2.383150381147515162e+01
1.468319189870056562e+03 -2.492483145049530080e+01 2.385252006121488222e+01
1.466353367484724686e+03 -2.496723261739292710e+01 2.387386084464248270e+01
1.464392019348428676e+03 -2.501219738511390034e+01 2.389547347741993022e+01
1.462430516500552812e+03 -2.505963623179911792e+01 2.391733981841326795e+01
1.460473185004027300e+03 -2.510944398102906661e+01 2.393950244606436328e+01
1.458520579876299962e+03 -2.516154796996366372e+01 2.396190342028693365e+01
1.456571046830722707e+03 -2.521587519315586334e+01 2.398457625805241022e+01
1.454622934370830308e+03 -2.527237470006132725e+01 2.400737789759388363e+01
1.452674106379231262e+03 -2.533118735704133684e+01 2.403046279827492526e+01
1.450729498448136610e+03 -2.539277613218340335e+01 2.405385458143636157e+01
1.448789579742293881e+03 -2.545639220134815517e+01 2.407738659171526052e+01
1.446851496338782454e+03 -2.552196669426028208e+01 2.410104584376986381e+01
1.444911495474292906e+03 -2.558942437829512073e+01 2.412480356791734692e+01
1.442983736920130696e+03 -2.565871299811702144e+01 2.414860141520943770e+01
1.441056599667128921e+03 -2.572979372618735638e+01 2.417248912021038265e+01
1.439137078952867341e+03 -2.580263130336539135e+01 2.419639938563113901e+01
1.437225909842997908e+03 -2.587719979796555947e+01 2.422024268445698425e+01
1.435316490136716993e+03 -2.595344546040031730e+01 2.424405733682169384e+01
1.433411191943883750e+03 -2.603132706450725564e+01 2.426783098386609794e+01
1.431517079243178387e+03 -2.611080879260538268e+01 2.429146538652883436e+01
1.429631904919730459e+03 -2.619192076706639227e+01 2.431496284573455213e+01
1.427750674152741340e+03 -2.627459968981751359e+01 2.433827974494750279e+01
1.425877371626718968e+03 -2.635889988405726569e+01 2.436139387492356434e+01
1.424013339067152629e+03 -2.644472402749794071e+01 2.438426063164241953e+01
1.422157181199250772e+03 -2.653209746766238553e+01 2.440677959287290122e+01
1.420314105464307886e+03 -2.662095641058586537e+01 2.442904697569824535e+01
1.418477429943751531e+03 -2.671132904629989824e+01 2.445087034627804456e+01
1.416651948904304845e+03 -2.680314173556910617e+01 2.447234266549967430e+01
1.414836940285094443e+03 -2.689716402748736002e+01 2.449330507953131075e+01
1.413039464088056093e+03 -2.699293850220743352e+01 2.451388968023702830e+01
1.411257422787814221e+03 -2.709011740074965502e+01 2.453384165440752795e+01
1.409483938643249758e+03 -2.718876533798661654e+01 2.455319733474609478e+01
1.407726438243506891e+03 -2.728872804605757452e+01 2.457186745345383727e+01
1.405987976620671361e+03 -2.739006551592951411e+01 2.458982907838280241e+01
1.404264076168481097e+03 -2.749282337927189701e+01 2.460705801972166640e+01
1.402562274613693489e+03 -2.759696901687676274e+01 2.462346940748167157e+01
1.400879790800247292e+03 -2.770248317208770317e+01 2.463898155884922048e+01
1.399211903866506191e+03 -2.780935260192877223e+01 2.465365828589765940e+01
1.397564767935159580e+03 -2.791751038708058630e+01 2.466752238403515918e+01
1.395935658040680437e+03 -2.802698969480176316e+01 2.468059471444059483e+01
1.394317014103601196e+03 -2.813767967044652352e+01 2.469290249071983112e+01
1.392718663258162678e+03 -2.824964729670705310e+01 2.470445558753128523e+01
1.391129882865307536e+03 -2.836282977850449072e+01 2.471534181115138651e+01
1.389558545439483396e+03 -2.847711850922557986e+01 2.472552507080379414e+01
1.387995841635704664e+03 -2.859252937420006901e+01 2.473508306327179795e+01
1.386449319605976370e+03 -2.870883760874795598e+01 2.474402083340415714e+01
1.384912210117013956e+03 -2.882604275225189028e+01 2.475237740273248122e+01
1.383389055039791174e+03 -2.894444691424047633e+01 2.476012454654876649e+01
1.381879093357227248e+03 -2.906413932184771198e+01 2.476736995639954486e+01
1.380386088357267681e+03 -2.918451967254222268e+01 2.477409125211449137e+01
1.378900524968021955e+03 -2.930551823908426101e+01 2.478032025769323354e+01
1.377421895378556428e+03 -2.942709648568436975e+01 2.478604652176548129e+01
1.375956665647635873e+03 -2.954911733885508696e+01 2.479131436754149931e+01
1.374504105816062747e+03 -2.967165712882276551e+01 2.479602492761768318e+01
1.373056254762619346e+03 -2.979460308950463343e+01 2.480030090177531577e+01
1.371618769896895401e+03 -2.991798474859350065e+01 2.480412103212239927e+01
1.370188302622550509e+03 -3.004171178261204389e+01 2.480744425374147255e+01
1.368767638635297089e+03 -3.016571063429571709e+01 2.481028446086960315e+01
1.367354987180251101e+03 -3.028991050531701035e+01 2.481266511981377221e+01
1.365948611739580429e+03 -3.041424151734823411e+01 2.481453128405966169e+01
1.364551920463161878e+03 -3.053860035996399347e+01 2.481595355228258271e+01
1.363166388407498289e+03 -3.066288866455708018e+01 2.481692520046926731e+01
1.361784589188226846e+03 -3.078707125465297878e+01 2.481737469881465685e+01
1.360408903840600715e+03 -3.091114451245730521e+01 2.481735244443442312e+01
1.359039826955991884e+03 -3.103492356964491350e+01 2.481675421822895444e+01
1.357682952741834697e+03 -3.115834755411248125e+01 2.481569425948751828e+01
1.356330740600860508e+03 -3.128133935216010997e+01 2.481405158213163631e+01
1.354990865904139355e+03 -3.140450795753223900e+01 2.481178000171509268e+01
1.353654067903516761e+03 -3.152716603552251229e+01 2.480881057425375857e+01
1.352331589868632591e+03 -3.164911015517962767e+01 2.480523633673593054e+01
1.351009601793323554e+03 -3.177019854300197110e+01 2.480108949503436122e+01
1.349695606578100296e+03 -3.189026300067241237e+01 2.479624236659831027e+01
1.348392670639298331e+03 -3.200914146038443420e+01 2.479076551643830584e+01
1.347096515671403040e+03 -3.212667532987167363e+01 2.478467386236902215e+01
1.345811801348960671e+03 -3.224269529661767564e+01 2.477789039340540711e+01
1.344537678498571040e+03 -3.235705061239919900e+01 2.477039061842964784e+01
1.343273353213869768e+03 -3.246958148458573845e+01 2.476222239111994838e+01
1.342013930437113004e+03 -3.258012759376647693e+01 2.475331860306675935e+01
1.340768304870530528e+03 -3.268852906183192886e+01 2.474366036466360441e+01
1.339532048772268809e+03 -3.279462920904757084e+01 2.473322176226258762e+01
1.338305375580099735e+03 -3.289826891550450938e+01 2.472189703272193739e+01
1.337093544725115862e+03 -3.299928882695679988e+01 2.470969950145996563e+01
1.335890022931183466e+03 -3.309751228276648050e+01 2.469666819129524526e+01
1.334698719171479979e+03 -3.319275337797351000e+01 2.468264546507009882e+01
1.333514031375554850e+03 -3.328484840329324612e+01 2.466762389338568084e+01
1.332347937922682149e+03 -3.337388493097581943e+01 2.465169430237392234e+01
1.331195111822588387e+03 -3.346018664436807910e+01 2.463479924664575549e+01
1.330054267529391154e+03 -3.354390989748584673e+01 2.461692528632037380e+01
1.328922377933588905e+03 -3.362494092306127413e+01 2.459825093752359138e+01
1.327799722319542980e+03 -3.370334418778767116e+01 2.457872124504240574e+01
1.326690504340276902e+03 -3.377931596296158290e+01 2.455840636463016935e+01
1.325587085993788151e+03 -3.385285631177714549e+01 2.453732523086991790e+01
1.324490431322157974e+03 -3.392414714589386904e+01 2.451555858934827015e+01
1.323404588745621368e+03 -3.399323909316243686e+01 2.449312722151628563e+01
1.322327167484292431e+03 -3.406026036209946284e+01 2.447003075322785648e+01
1.321257430239767018e+03 -3.412524444931128187e+01 2.444631811491204232e+01
1.320194686947913851e+03 -3.418828932973901402e+01 2.442192588959562016e+01
1.319138730977892010e+03 -3.424949389257579213e+01 2.439696450333789812e+01
1.318089347181603216e+03 -3.430891992344146502e+01 2.437138246716084566e+01
1.317045983249897517e+03 -3.436659685245477647e+01 2.434520375514870238e+01
1.316008131399859167e+03 -3.442258912509028335e+01 2.431849040231484338e+01
1.314975327640766636e+03 -3.447689777424146484e+01 2.429115068461950955e+01
1.313947778872302024e+03 -3.452958892382954303e+01 2.426325148701999268e+01
1.312924631723016773e+03 -3.458070085110828273e+01 2.423479241984687604e+01
1.311906100025464639e+03 -3.463024530409599322e+01 2.420587275930880367e+01
1.310891259681882048e+03 -3.467815216617759688e+01 2.417639680205733299e+01
1.309883522302360234e+03 -3.472447435974645913e+01 2.414624250651942106e+01
1.308880447264864642e+03 -3.476917270112009817e+01 2.411566276909858786e+01
1.307880332166333574e+03 -3.481216346686651519e+01 2.408462975310136400e+01
1.306883034230528892e+03 -3.485345814278274901e+01 2.405324408790953683e+01
1.305888637504154076e+03 -3.489294334762679739e+01 2.402149507706694820e+01
1.304897012690018528e+03 -3.493071579390129955e+01 2.398930465961452185e+01
1.303906885581541474e+03 -3.496662892878518392e+01 2.395675403366929501e+01
1.302918746222506570e+03 -3.500067352463095460e+01 2.392383225909009425e+01
1.301931938487013895e+03 -3.503277568113455231e+01 2.389053933648568062e+01
1.300946234481337569e+03 -3.506289003079668731e+01 2.385686108292838270e+01
1.299960848832107331e+03 -3.509092500663398795e+01 2.382280608185302739e+01
1.298975900445145953e+03 -3.511682896601901405e+01 2.378837233430137132e+01
1.297991039989153023e+03 -3.514046143590950777e+01 2.375364387384784592e+01
1.297005583879347569e+03 -3.516179440358619956e+01 2.371861579563616118e+01
1.296018874345563290e+03 -3.518066455776122581e+01 2.368323399256044937e+01
1.295032110915827616e+03 -3.519699994450403580e+01 2.364762129059114315e+01
1.294043361948305801e+03 -3.521062177033924456e+01 2.361175296391417788e+01
1.293052904352754013e+03 -3.522141530014509669e+01 2.357560841100029236e+01
1.292060436153330784e+03 -3.522928881299224457e+01 2.353925455583017268e+01
1.291067204227931143e+03 -3.523389630698194708e+01 2.350249380835963109e+01
1.290071638748986743e+03 -3.523497380894673370e+01 2.346541184439380601e+01
1.289073126147866105e+03 -3.523265681972664964e+01 2.342810139132008729e+01
1.288070451637004453e+03 -3.522665036461499000e+01 2.339054921530533449e+01
1.287063137701158439e+03 -3.521677215474432643e+01 2.335275768556723364e+01
1.286050720898910413e+03 -3.520292739543586436e+01 2.331479584464227983e+01
1.285032750649700347e+03 -3.518481172109012078e+01 2.327668107518886131e+01
1.284008938582342807e+03 -3.516242020269007185e+01 2.323841914467855219e+01
1.282979609010367312e+03 -3.513585064137794944e+01 2.320006330721354715e+01
1.281945246021271487e+03 -3.510523743853422474e+01 2.316157833703479341e+01
1.280905938822717189e+03 -3.507079241504774103e+01 2.312301283484460512e+01
1.279862210977018094e+03 -3.503267241853143332e+01 2.308432043654124044e+01
1.278814945068478664e+03 -3.499103459805452587e+01 2.304553676079713753e+01
1.277763614908753198e+03 -3.494604764803800379e+01 2.300664444826314536e+01
1.276708684578881957e+03 -3.489783387293920924e+01 2.296764654270439721e+01
1.275650337618164713e+03 -3.484650313523741261e+01 2.292845637950282978e+01
1.274588863292583483e+03 -3.479221602152679793e+01 2.288912316324503138e+01
1.273524775791159072e+03 -3.473514313219718730e+01 2.284962866331549947e+01
1.272457879199538411e+03 -3.467530081595665337e+01 2.280991629721977176e+01
1.271388072963688955e+03 -3.461275216396327892e+01 2.277005904484941112e+01
1.270318441960210293e+03 -3.454721620595690723e+01 2.272986802628118141e+01
1.269246351371705941e+03 -3.447926434674243978e+01 2.268953026288810548e+01
1.268171054730297556e+03 -3.440900422352777355e+01 2.264899795935907534e+01
1.267094127424740464e+03 -3.433651518358355759e+01 2.260831227720634473e+01
1.266014528160916143e+03 -3.426181336532588517e+01 2.256752544825606677e+01
1.264932334793475320e+03 -3.418501516998176726e+01 2.252656037512733889e+01
1.263848049408266434e+03 -3.410626789454289565e+01 2.248547259617696881e+01
1.262761332304983853e+03 -3.402559231126785733e+01 2.244426195831837845e+01
1.261672431808373631e+03 -3.394303670348177349e+01 2.240293330345146217e+01
1.260580439000654678e+03 -3.385865065859542966e+01 2.236149267217832914e+01
1.259485749808816308e+03 -3.377252794233978506e+01 2.231992251702637731e+01
1.258388224075943754e+03 -3.368461699617456162e+01 2.227826588708786204e+01
1.257287520263054603e+03 -3.359501457230715005e+01 2.223650258538712166e+01
1.256182915416694186e+03 -3.350373240901230076e+01 2.219466761876863004e+01
1.255074760899775811e+03 -3.341075787696379251e+01 2.215272469302462000e+01
1.253962384533945396e+03 -3.331612227622807865e+01 2.211070997703565411e+01
1.252845672921083860e+03 -3.321984480431208198e+01 2.206860189229016100e+01
1.251723516172328345e+03 -3.312186348795297164e+01 2.202640745779703479e+01
1.250596638990170732e+03 -3.302216080022708411e+01 2.198422359345881461e+01
1.249464549228684746e+03 -3.292042889083314350e+01 2.194200334794641094e+01
1.248326873388014974e+03 -3.281689082823879033e+01 2.189974182737281438e+01
1.247182841789609483e+03 -3.271179730935411101e+01 2.185757180504007380e+01
1.246032504200813491e+03 -3.260525438098114392e+01 2.181548932270375118e+01
1.244871177586301656e+03 -3.249726712631215264e+01 2.177367143489108869e+01
1.243706633179229812e+03 -3.238780461630975793e+01 2.173199621395913184e+01
1.242533763969307756e+03 -3.227692761702711977e+01 2.169061231346863039e+01
1.241353464855195625e+03 -3.216459631930074892e+01 2.164949008223201687e+01
1.240163293357266866e+03 -3.205080275913815768e+01 2.160862004361235833e+01
1.238959197412458479e+03 -3.193553871034271907e+01 2.156813058074710909e+01
1.237741978409775811e+03 -3.181871208885916857e+01 2.152801265972219014e+01
1.236516858092170196e+03 -3.170035549524928342e+01 2.148825780333186586e+01
1.235278640771036862e+03 -3.158039457261808280e+01 2.144894821635800142e+01
1.234026529941999797e+03 -3.145882660228951266e+01 2.141010032888016568e+01
1.232764166895062772e+03 -3.133568367505801788e+01 2.137177663930552995e+01
1.231480219611622942e+03 -3.121089857495735131e+01 2.133404062701264436e+01
1.230183880843612087e+03 -3.108444386387891356e+01 2.129691636520439602e+01
1.228874094700157684e+03 -3.095635139929105151e+01 2.126030260647824122e+01
1.227544574764527624e+03 -3.082665549071284161e+01 2.122428026466767648e+01
1.226211362187375016e+03 -3.069527929361393959e+01 2.118881608521568793e+01
1.224854845398574980e+03 -3.056176402227049138e+01 2.115370244747935402e+01
1.223491507999121723e+03 -3.042678543254534063e+01 2.111914195793582039e+01
1.222116133033065580e+03 -3.029042879688200074e+01 2.108495911424212821e+01
1.220729200958578758e+03 -3.015275511353695137e+01 2.105118445818810713e+01
1.219328167430334815e+03 -3.001374775479374080e+01 2.101780055026931393e+01
1.217921239590877803e+03 -2.987342979764681417e+01 2.098478640248771754e+01
1.216507625422106685e+03 -2.973188570414328780e+01 2.095204705046007021e+01
1.215083807490840400e+03 -2.958910760342587309e+01 2.091962809352390451e+01
1.213648142680804312e+03 -2.944506451948162962e+01 2.088748434809575727e+01
1.212205591917719403e+03 -2.929977355117924986e+01 2.085555669688194413e+01
1.210757958098071185e+03 -2.915326075828266639e+01 2.082381919626789113e+01
1.209299164533376370e+03 -2.900546744968913160e+01 2.079227967773034891e+01
1.207830907141428497e+03 -2.885645741624822591e+01 2.076088129705010843e+01
1.206360264961327175e+03 -2.870632378151778852e+01 2.072965894240827112e+01
1.204885792883884505e+03 -2.855521208112040554e+01 2.069862304769591432e+01
1.203400472603806065e+03 -2.840310421891551229e+01 2.066775866249694360e+01
1.201910389208002698e+03 -2.825016846114409219e+01 2.063705312074351284e+01
1.200411663313056124e+03 -2.809643933500403179e+01 2.060649607722987753e+01
1.198911812315327325e+03 -2.794197151708702975e+01 2.057615293731270967e+01
1.197404159834091843e+03 -2.778633318540373409e+01 2.054599045329095830e+01
1.195891042813952936e+03 -2.762984372444949699e+01 2.051605318658006993e+01
1.194379486849211162e+03 -2.747279541175840123e+01 2.048625457417529461e+01
1.192856439352773577e+03 -2.731518183888347195e+01 2.045661077196922761e+01
1.191324890087005542e+03 -2.715708116763274305e+01 2.042715716551231253e+01
1.189792329257159963e+03 -2.699845384547248628e+01 2.039781721551260318e+01
1.188254655669834392e+03 -2.683940875879822130e+01 2.036869423963111103e+01
1.186707609225551778e+03 -2.667996084628365239e+01 2.033974414661018315e+01
1.185155911153044372e+03 -2.652030242823924766e+01 2.031098153280953866e+01
1.183598257723861707e+03 -2.636050414199796421e+01 2.028242363305963636e+01
1.182036214010917547e+03 -2.620060079655024055e+01 2.025409034140847453e+01
1.180466937099913594e+03 -2.604071605650962695e+01 2.022595927639449087e+01
1.178894893736469612e+03 -2.588098893689116053e+01 2.019806751138730405e+01
1.177315544277673553e+03 -2.572144630702402068e+01 2.017047617802938575e+01
1.175726625738243456e+03 -2.556217046700733420e+01 2.014321598615848075e+01
1.174128758328472713e+03 -2.540333254882199299e+01 2.011619991685887143e+01
1.172528918181212930e+03 -2.524493654586714442e+01 2.008954890789678416e+01
1.170915838178948434e+03 -2.508712478060233764e+01 2.006320191437569989e+01
1.169301519707054695e+03 -2.493002150448888798e+01 2.003724427783514273e+01
1.167672588404390353e+03 -2.477348663467683920e+01 2.001169467892675158e+01
1.166034752134005203e+03 -2.461759607599984534e+01 1.998671671506319569e+01
1.164383347955679483e+03 -2.446272370951164987e+01 1.996220598994529638e+01
1.162724688919203345e+03 -2.430924911635652563e+01 1.993820270834296693e+01
1.161053732758281967e+03 -2.415718088503855299e+01 1.991470984883385498e+01
1.159375168986197195e+03 -2.400676536070802314e+01 1.989183098077983303e+01
1.157685559382459815e+03 -2.385811992273521298e+01 1.986955445440867507e+01
1.155988824638015330e+03 -2.371118242256489239e+01 1.984788760685303544e+01
1.154280635271274832e+03 -2.356577263591778504e+01 1.982679742127356803e+01
1.152562010867020717e+03 -2.342187570948662767e+01 1.980623533108471790e+01
1.150833925595021810e+03 -2.327928967320390186e+01 1.978620567691940479e+01
1.149101634258680178e+03 -2.313789895715114397e+01 1.976662905806429649e+01
1.147360473374469166e+03 -2.299757740688391650e+01 1.974753215989855804e+01
1.145609403869953894e+03 -2.285823896007824274e+01 1.972889550656244495e+01
1.143852326169791468e+03 -2.271985102232311604e+01 1.971067239910292201e+01
1.142084141485120199e+03 -2.258223676603970276e+01 1.969282238115978956e+01
1.140309459466199314e+03 -2.244529375622096268e+01 1.967534285395881000e+01
1.138530907961644516e+03 -2.230910300492464771e+01 1.965819112106904853e+01
1.136749117156204420e+03 -2.217343921075024227e+01 1.964137759083902424e+01
1.134957295150609525e+03 -2.203837218446233237e+01 1.962493107414878324e+01
1.133160261751454073e+03 -2.190350439941920513e+01 1.960895297485939182e+01
1.131353839302584447e+03 -2.176908903191068489e+01 1.959326451013576786e+01
1.129545202172766949e+03 -2.163506891684055944e+01 1.957781808161788462e+01
1.127729174185288457e+03 -2.150147928980013745e+01 1.956269420798710001e+01
1.125911000921941877e+03 -2.136825660973359575e+01 1.954778179914742964e+01
1.124084715532628707e+03 -2.123541019770218341e+01 1.953308430213349567e+01
1.122253272090655855e+03 -2.110287082308935425e+01 1.951868167857594472e+01
1.120422527060045240e+03 -2.097069314764682346e+01 1.950450731850700237e+01
1.118589346375227933e+03 -2.083881758631444825e+01 1.949050922885051662e+01
1.116749153546162688e+03 -2.070727134667554736e+01 1.947670373648107045e+01
1.114902140247963189e+03 -2.057603414528191266e+01 1.946306153052559296e+01
1.113053004064164497e+03 -2.044518241006759496e+01 1.944960101460410584e+01
1.111200608688746115e+03 -2.031469266599210499e+01 1.943633406524596552e+01
1.109341779972920449e+03 -2.018454532869210283e+01 1.942323828129924834e+01
1.107482270706764666e+03 -2.005490760591002086e+01 1.941029349509719282e+01
1.105618563880728288e+03 -1.992570905251850633e+01 1.939748173600168002e+01
1.103748545225369980e+03 -1.979714865231476395e+01 1.938485167170049905e+01
1.101879029772372860e+03 -1.966921962987908401e+01 1.937233875905308267e+01
1.100011338814181499e+03 -1.954205263304287854e+01 1.935998988484763217e+01
1.098136486870615499e+03 -1.941577155581340364e+01 1.934781049123854402e+01
1.096253924907389091e+03 -1.929050720173831124e+01 1.933589169924450246e+01
1.094372913707235512e+03 -1.916634447621028414e+01 1.932411472192596591e+01
1.092493314712082338e+03 -1.904331800178774614e+01 1.931241636239028381e+01
1.090614967075320010e+03 -1.892150525340927203e+01 1.930086361620529800e+01
1.088735612762940491e+03 -1.880108890748380901e+01 1.928941498760432793e+01
1.086851389920462452e+03 -1.868213088612188955e+01 1.927799910284296558e+01
1.084967810476620343e+03 -1.856475924022351620e+01 1.926673420021394989e+01
1.083084632767084031e+03 -1.844912950121676687e+01 1.925556108355374363e+01
1.081201597032435075e+03 -1.833535428223589392e+01 1.924442326728901875e+01
1.079318426272117222e+03 -1.822362524122296179e+01 1.923337512595514198e+01
1.077434827103529415e+03 -1.811405200258344195e+01 1.922238302249590447e+01
1.075550490626297005e+03 -1.800675401735934145e+01 1.921146775719755340e+01
1.073670225230423512e+03 -1.790201460517273091e+01 1.920062543744950290e+01
1.071791240092689122e+03 -1.779995465131490562e+01 1.918978472681688885e+01
1.069916319051941400e+03 -1.770072976238298423e+01 1.917905531318544732e+01
1.068040700784664978e+03 -1.760425462141666841e+01 1.916832579664274405e+01
1.066161596570921802e+03 -1.751028342016381245e+01 1.915770700187804110e+01
1.064292205992672507e+03 -1.741877272288844480e+01 1.914712499281755953e+01
1.062419087635518508e+03 -1.732951264969980798e+01 1.913666841282152831e+01
1.060537913715136710e+03 -1.724274639726648672e+01 1.912640110574333718e+01
1.058664498713981857e+03 -1.715805283996737529e+01 1.911632404904072757e+01
1.056785374429976400e+03 -1.707535253088336802e+01 1.910627577574246416e+01
1.054912196061109626e+03 -1.699441795991116777e+01 1.909640830550914714e+01
1.053037368189134440e+03 -1.691525696588161765e+01 1.908661157912015227e+01
1.051162248010385838e+03 -1.683770616063178949e+01 1.907691169134110254e+01
1.049289136466386026e+03 -1.676168168317329688e+01 1.906739061303332505e+01
1.047414627431885492e+03 -1.668712714811659836e+01 1.905798841041458402e+01
1.045539490697667361e+03 -1.661395599355794062e+01 1.904875024153348306e+01
1.043661847060047876e+03 -1.654208210795309597e+01 1.903961749506067491e+01
1.041789334957959682e+03 -1.647142771210262424e+01 1.903063849285890541e+01
1.039915854376829657e+03 -1.640193394127863868e+01 1.902182033138710793e+01
1.038043173234802452e+03 -1.633353457731596237e+01 1.901311125523475809e+01
1.036166135941195762e+03 -1.626619344318081772e+01 1.900454797634305493e+01
1.034289574754226805e+03 -1.619986668286604115e+01 1.899614992811064695e+01
1.032417504194742151e+03 -1.613451606977022834e+01 1.898787985736413120e+01
1.030539277348134647e+03 -1.607010126093308244e+01 1.897976563624827406e+01
1.028661744913313669e+03 -1.600658810235644935e+01 1.897171870236119418e+01
1.026784540200763104e+03 -1.594395463604498708e+01 1.896383418839419832e+01
1.024906499725855156e+03 -1.588248563063370611e+01 1.895616277817681095e+01
1.023027058800077270e+03 -1.582213822228277245e+01 1.894858233260945823e+01
1.021147682882457389e+03 -1.576267721705984037e+01 1.894114721600124795e+01
1.019268510578005703e+03 -1.570409215689667981e+01 1.893380702863791853e+01
1.017390068015283418e+03 -1.564635357732627519e+01 1.892649108167206862e+01
1.015511950811361430e+03 -1.558946521919881611e+01 1.891927007568351726e+01
1.013634810266308705e+03 -1.553343043045548910e+01 1.891207074604594851e+01
1.011758705511176686e+03 -1.547826858078695267e+01 1.890491216368073069e+01
1.009884364607042812e+03 -1.542399911829409120e+01 1.889775609170309423e+01
1.008012136136439494e+03 -1.537064264255505108e+01 1.889060031622192426e+01
1.006141623571165496e+03 -1.531821514564026820e+01 1.888341084991713004e+01
1.004273812792827584e+03 -1.526673259906209523e+01 1.887619454144785536e+01
1.002408750556075688e+03 -1.521623236182736072e+01 1.886889087762529016e+01
1.000546264694945307e+03 -1.516675743645075336e+01 1.886149437730707845e+01
9.986870995325743934e+02 -1.511837126255064945e+01 1.885402373666649112e+01
9.968317289543665538e+02 -1.507105158394807631e+01 1.884637715107582068e+01
9.949803855365088339e+02 -1.502493637173015273e+01 1.883855205572978520e+01
9.931333248607425048e+02 -1.497997437605886617e+01 1.883052308707993561e+01
9.912929515209174269e+02 -1.493619003363676434e+01 1.882231609828886931e+01
9.894583549609749298e+02 -1.489363488419537696e+01 1.881382841175778964e+01
9.876309441195926411e+02 -1.485295533641395060e+01 1.880506507388875548e+01
9.858123550207581047e+02 -1.481352002939645374e+01 1.879606015322625368e+01
9.840023476027204197e+02 -1.477547954372440842e+01 1.878669064035097236e+01
9.822021867129183192e+02 -1.473884489675858411e+01 1.877690628056534905e+01
9.804125531704460172e+02 -1.470361937790312901e+01 1.876668816885612046e+01
9.786324093145927918e+02 -1.466979751584670666e+01 1.875608806545715268e+01
9.768615018079541414e+02 -1.463740934076687772e+01 1.874509886915670620e+01
9.750990201448621519e+02 -1.460634762981649715e+01 1.873382939340052289e+01
9.733441833696786034e+02 -1.457663700566397758e+01 1.872228279023707387e+01
9.715966263935079041e+02 -1.454829566650182926e+01 1.871042360399036752e+01
9.698560621965172004e+02 -1.452124993753201387e+01 1.869831400188970250e+01
9.681222635342425065e+02 -1.449547653032006167e+01 1.868601753754408179e+01
9.663944288516290726e+02 -1.447090899487419513e+01 1.867358570385876604e+01
9.646721516595384855e+02 -1.444755962683603379e+01 1.866097885322437122e+01
9.629556952356280135e+02 -1.442533797573296894e+01 1.864823921349242752e+01
9.612441253015244911e+02 -1.440432180972403664e+01 1.863540197524424968e+01
9.595373621976098093e+02 -1.438449608246048861e+01 1.862247640196071075e+01
9.578343849739793541e+02 -1.436579051873514956e+01 1.860953917941622748e+01
9.561360632398811958e+02 -1.434821365943713012e+01 1.859646293713290888e+01
9.544416805507852359e+02 -1.433213112971162673e+01 1.858338982457244626e+01
9.527507759080522192e+02 -1.431737359009132504e+01 1.857031845487072630e+01
9.510633980463728676e+02 -1.430374993713163789e+01 1.855717090360498034e+01
9.493782054684730838e+02 -1.429121732676281731e+01 1.854397352379839248e+01
9.476967693126877066e+02 -1.427973784572519556e+01 1.853082318055877664e+01
9.460181934869117413e+02 -1.426925671862218792e+01 1.851762936762297684e+01
9.443422586751808012e+02 -1.425973585315423264e+01 1.850447989655269865e+01
9.426693660194144968e+02 -1.425120549922331392e+01 1.849133810912200104e+01
9.409997598277738007e+02 -1.424357326712578597e+01 1.847821219409409821e+01
9.393330885434812672e+02 -1.423683500801071489e+01 1.846511358774462508e+01
9.376693628579811275e+02 -1.423093333586506581e+01 1.845203541243239442e+01
9.360086091385526288e+02 -1.422585948395060385e+01 1.843892211672214643e+01
9.343515719439067198e+02 -1.422160806862402893e+01 1.842583969078794581e+01
9.326972410086239051e+02 -1.421812472560391072e+01 1.841279982367139922e+01
9.310462105194887954e+02 -1.421538048550218036e+01 1.839972248553967304e+01
9.293985074488140299e+02 -1.421337892513608026e+01 1.838661532909665652e+01
9.277540536366927881e+02 -1.421206258349228690e+01 1.837347206644520270e+01
9.261130288951494549e+02 -1.421142171850515901e+01 1.836026208677971994e+01
9.244763625552643589e+02 -1.421132454058724548e+01 1.834702382632791995e+01
9.228431863521612968e+02 -1.421195093044509505e+01 1.833371920778689557e+01
9.212152414572999533e+02 -1.421347172416932736e+01 1.832019902905585340e+01
9.195918900450071760e+02 -1.421545181457397078e+01 1.830662356232333821e+01
9.179734963888283801e+02 -1.421776175053403612e+01 1.829293870329830085e+01
9.163604616571182078e+02 -1.422038806207986283e+01 1.827906284500442879e+01
9.147530248286012693e+02 -1.422323867086748272e+01 1.826506135489132276e+01
9.131510405687801040e+02 -1.422630118290287271e+01 1.825084724054308793e+01
9.115552959498982091e+02 -1.422939143868343947e+01 1.823642770027672100e+01
9.099662557317052460e+02 -1.423252257360989148e+01 1.822178079427287400e+01
9.083841973889228711e+02 -1.423557998049449225e+01 1.820690146433672041e+01
9.068098969432940066e+02 -1.423846061346350034e+01 1.819173178123681112e+01
9.052435821052957863e+02 -1.424110015880513735e+01 1.817621150053483703e+01
9.036854049417845545e+02 -1.424342646558817904e+01 1.816037135605392550e+01
9.021358947387459466e+02 -1.424538955405132867e+01 1.814416655720599536e+01
9.005959846221873022e+02 -1.424687968976165919e+01 1.812750875327935418e+01
8.990645766328267428e+02 -1.424794129684199362e+01 1.811049614341199643e+01
8.975423852604285457e+02 -1.424874340557179231e+01 1.809304247417195910e+01
8.960278255752142513e+02 -1.424938253655467690e+01 1.807529266552741731e+01
8.945211307543954717e+02 -1.424992770404769082e+01 1.805721104106298469e+01
8.930224820057123907e+02 -1.425043154845371873e+01 1.803876831792324609e+01
8.915326331936838642e+02 -1.425123967374390155e+01 1.802001485185974161e+01
8.900499930833703957e+02 -1.425218441516646983e+01 1.800099074522038123e+01
8.885749302725577081e+02 -1.425325123143021600e+01 1.798171841499639001e+01
8.871069257143451523e+02 -1.425447318186012069e+01 1.796230017223969710e+01
8.856458432543281560e+02 -1.425591990723399505e+01 1.794265842240583098e+01
8.841908899192617355e+02 -1.425764697813329640e+01 1.792284841188355671e+01
8.827427000614538883e+02 -1.425971339974525876e+01 1.790292316665872363e+01
8.813007424838618817e+02 -1.426217803728218492e+01 1.788287417142566227e+01
8.798645179901760685e+02 -1.426509539176019814e+01 1.786267903100503318e+01
8.784335589813862271e+02 -1.426850980412476666e+01 1.784235802060191745e+01
8.770082516060394937e+02 -1.427247508188262337e+01 1.782190733593826693e+01
8.755885566104575446e+02 -1.427702322290252468e+01 1.780136498445371629e+01
8.741737288576639457e+02 -1.428217001794736873e+01 1.778068526350980960e+01
8.727639486848122488e+02 -1.428793800122393165e+01 1.775992555029355913e+01
8.713591932330989493e+02 -1.429433970084066630e+01 1.773909463548266174e+01
8.699591751513065674e+02 -1.430138456050997142e+01 1.771820081461479646e+01
8.685642759364178573e+02 -1.430906864559672442e+01 1.769721181529731879e+01
8.671737644480003837e+02 -1.431740205393537124e+01 1.767613953276593008e+01
8.657880131704453106e+02 -1.432636728583823071e+01 1.765501175258894762e+01
8.644076223403162658e+02 -1.433599947437511268e+01 1.763373460707637719e+01
8.630324997129653184e+02 -1.434631405412910432e+01 1.761235070215530385e+01
8.616625167714976214e+02 -1.435717971539415494e+01 1.759090109156567294e+01
8.602967157778084584e+02 -1.436856125958737707e+01 1.756940589171541944e+01
8.589348237761915925e+02 -1.438041964746851420e+01 1.754786686387575401e+01
8.575781413723354945e+02 -1.439271917943358581e+01 1.752625537387386601e+01
8.562250334273387580e+02 -1.440542495844761994e+01 1.750462353469083965e+01
8.548760715426277557e+02 -1.441849343258887117e+01 1.748289851374450876e+01
8.535312715602420894e+02 -1.443187247768668158e+01 1.746110112415825100e+01
8.521906706805398244e+02 -1.444552352284704888e+01 1.743926991490570444e+01
8.508539325224388676e+02 -1.445938242587288691e+01 1.741735953047907515e+01
8.495211426393429974e+02 -1.447333242946724674e+01 1.739537543596086167e+01
8.481923144766140013e+02 -1.448735863553572933e+01 1.737328359202301442e+01
8.468672156772300923e+02 -1.450132503089429825e+01 1.735108708193967431e+01
8.455459805247388658e+02 -1.451516843564442816e+01 1.732884218514807628e+01
8.442287607445545063e+02 -1.452870898928562404e+01 1.730663473637584104e+01
8.429157248374991696e+02 -1.454190060931800232e+01 1.728436207519486700e+01
8.416063956926465153e+02 -1.455458540801613410e+01 1.726204847615910154e+01
8.403008158314552247e+02 -1.456660983115604679e+01 1.723977556750244133e+01
8.389992000614765857e+02 -1.457790287097561155e+01 1.721754984058080851e+01
8.377035523175917433e+02 -1.458833137793071977e+01 1.719515967065350281e+01
8.364117750569914733e+02 -1.459770233949435436e+01 1.717270932907244330e+01
8.351237590313985493e+02 -1.460594274008653137e+01 1.715027131012211470e+01
8.338390960453265279e+02 -1.461297901148635425e+01 1.712779244086971175e+01
8.325582346920807595e+02 -1.461883846499298656e+01 1.710533199335253940e+01
8.312814438046832493e+02 -1.462374110954216810e+01 1.708274577075378886e+01
8.300086320508156632e+02 -1.462768811745080377e+01 1.706016321932511914e+01
8.287400113249310607e+02 -1.463082078586725743e+01 1.703750498737196395e+01
8.274755848382850445e+02 -1.463320764654954331e+01 1.701478033613547680e+01
8.262158822101603164e+02 -1.463498968961273583e+01 1.699204945154486168e+01
8.249606094448004114e+02 -1.463620426693879928e+01 1.696924699939349424e+01
8.237099566229957190e+02 -1.463688108678489108e+01 1.694635573493780001e+01
8.224643472634558066e+02 -1.463718976351720613e+01 1.692342074086318249e+01
8.212234793137650968e+02 -1.463713681064210093e+01 1.690036025046079615e+01
8.199876238755429085e+02 -1.463684153349313810e+01 1.687722957530968060e+01
8.187567388209687351e+02 -1.463631745314437360e+01 1.685398815827700858e+01
8.175305346616706856e+02 -1.463566340465580495e+01 1.683064851610953383e+01
8.163100907020996146e+02 -1.463489769930670903e+01 1.680719685944864139e+01
8.150946741378501201e+02 -1.463414022093230216e+01 1.678352932488452964e+01
8.138846305455824677e+02 -1.463319361508371408e+01 1.675970293605294970e+01
8.126813924003547527e+02 -1.463219516819541255e+01 1.673574924413880893e+01
8.114830740334862185e+02 -1.463118260962739647e+01 1.671157251476285666e+01
8.102901204937394368e+02 -1.463027209800788420e+01 1.668729778749630555e+01
8.091022497264583535e+02 -1.462952127586264517e+01 1.666296025286887073e+01
8.079193858213689055e+02 -1.462883590012203427e+01 1.663852604928572276e+01
8.067418550981770977e+02 -1.462830902192564864e+01 1.661398569274219739e+01
8.055696535181242552e+02 -1.462796924899039297e+01 1.658939072148112359e+01
8.044027031559759280e+02 -1.462775506751324350e+01 1.656472814311951680e+01
8.032405723839622169e+02 -1.462772296181386977e+01 1.653991387465022100e+01
8.020834209573389444e+02 -1.462790171405904971e+01 1.651503308805964920e+01
8.009309448381706034e+02 -1.462821857993570873e+01 1.649009028880717764e+01
7.997833094749457814e+02 -1.462868289391154697e+01 1.646502218222639158e+01
7.986400305240450734e+02 -1.462928348554210167e+01 1.643982902712810557e+01
7.975010311493094832e+02 -1.463002249482405581e+01 1.641458708050258508e+01
7.963668395846513022e+02 -1.463092532888019548e+01 1.638931611319890891e+01
7.952360931395036232e+02 -1.463194733110410084e+01 1.636398256295829157e+01
7.941100615736313557e+02 -1.463301364365194956e+01 1.633855315667225128e+01
7.929874425732264172e+02 -1.463418306777167999e+01 1.631313578373595874e+01
7.918676427958796467e+02 -1.463546371830222270e+01 1.628772089402166046e+01
7.907528689175784393e+02 -1.463630803307854222e+01 1.626226385395325025e+01
7.896409905618514813e+02 -1.463714133116415894e+01 1.623675953646527859e+01
7.885322288278943006e+02 -1.463794413398529493e+01 1.621133792238896021e+01
7.874256253505172936e+02 -1.463868530365938625e+01 1.618602363383668319e+01
7.863212390340793263e+02 -1.463930789972367563e+01 1.616075801114654453e+01
7.852184687968632488e+02 -1.463975024336674657e+01 1.613563733965520086e+01
7.841177859797049905e+02 -1.464005259981909468e+01 1.611065951718965295e+01
7.830181821975343155e+02 -1.464007158359945571e+01 1.608585167636375601e+01
7.819191875273832011e+02 -1.463976040143246671e+01 1.606118645721421601e+01
7.808206992849471817e+02 -1.463914385943577656e+01 1.603675173982723834e+01
7.797226561577184611e+02 -1.463810338297805913e+01 1.601256911091000745e+01
7.786240859595468464e+02 -1.463656208829729799e+01 1.598857954756735111e+01
7.775247335150215804e+02 -1.463448018091720293e+01 1.596488386937960158e+01
7.764250752065588586e+02 -1.463188059796012652e+01 1.594141761115337097e+01
7.753253876527652437e+02 -1.462876834034549489e+01 1.591818160245599856e+01
7.742259305085671031e+02 -1.462523635202244598e+01 1.589514097882077692e+01
7.731275950208092809e+02 -1.462122660941964369e+01 1.587227746524105676e+01
7.720300887993522565e+02 -1.461681919364746030e+01 1.584959469690748790e+01
7.709342114835080793e+02 -1.461206734030208843e+01 1.582709740483723593e+01
7.698404728667962900e+02 -1.460669301651527263e+01 1.580476863530251386e+01
7.687496307414709236e+02 -1.460075759543385665e+01 1.578247044490361439e+01
7.676602191616315167e+02 -1.459447499807849802e+01 1.576030453875877058e+01
7.665733608996432622e+02 -1.458780618371843119e+01 1.573825328201404439e+01
7.654900131184907650e+02 -1.458083437916075376e+01 1.571620793833526619e+01
7.644087519995059665e+02 -1.457352739938312070e+01 1.569422387088889437e+01
7.633308616763348482e+02 -1.456581935771478342e+01 1.567222861551196011e+01
7.622563904191940765e+02 -1.455779649777807450e+01 1.565020867833096929e+01
7.611853653249664831e+02 -1.454940262600268674e+01 1.562820051640352581e+01
7.601177920446721146e+02 -1.454070341339292050e+01 1.560613576279105175e+01
7.590540572898227083e+02 -1.453173825385145612e+01 1.558402802198608761e+01
7.579945395295904973e+02 -1.452245034596448470e+01 1.556185098673944367e+01
7.569386994038475223e+02 -1.451286869966046389e+01 1.553964654340279594e+01
7.558866316252239130e+02 -1.450300479855436109e+01 1.551740242873171205e+01
7.548390884373726522e+02 -1.449283264148252925e+01 1.549508298079468993e+01
7.537950179484214459e+02 -1.448244164466353467e+01 1.547265506880450125e+01
7.527557142061384639e+02 -1.447171796661796783e+01 1.545018714870044008e+01
7.517195543208671324e+02 -1.446072259860232023e+01 1.542766030898655671e+01
7.506880188830164116e+02 -1.444944684402749679e+01 1.540494894434872286e+01
7.496604430026662840e+02 -1.443788240889280949e+01 1.538221354582061196e+01
7.486355212741364085e+02 -1.442558606026423007e+01 1.535935624566082502e+01
7.476147469314996670e+02 -1.441311550965930621e+01 1.533641060155014380e+01
7.465978282085289948e+02 -1.440037179685519497e+01 1.531345255525942406e+01
7.455844495151114870e+02 -1.438744418137532932e+01 1.529034238039174021e+01
7.445744661395427784e+02 -1.437433813203683641e+01 1.526725353199291213e+01
7.435681391342318420e+02 -1.436118613005043620e+01 1.524415874855159991e+01
7.425653522729041924e+02 -1.434795867952833426e+01 1.522100785283138968e+01
7.415659328445807432e+02 -1.433471424317970389e+01 1.519791853842980878e+01
7.405692831450414815e+02 -1.432146035769310544e+01 1.517478567713907545e+01
7.395754154055547360e+02 -1.430820459999564775e+01 1.515169743352642939e+01
7.385846941638689032e+02 -1.429501485059773991e+01 1.512866370783291892e+01
7.375964781611619401e+02 -1.428187415083145240e+01 1.510570479118290699e+01
7.366105227354920544e+02 -1.426885423257867380e+01 1.508281121548601611e+01
7.356263717887329676e+02 -1.425600794554521933e+01 1.505997590167298483e+01
7.346437424420407751e+02 -1.424335567092340327e+01 1.503725733371645568e+01
7.336628893764108170e+02 -1.423085585141856946e+01 1.501465429352599301e+01
7.326833904234714510e+02 -1.421870366994841994e+01 1.499220843992697283e+01
7.317052870224879371e+02 -1.420689929441421917e+01 1.496998366084373622e+01
7.307273040041984586e+02 -1.419544942757174866e+01 1.494797269074402024e+01
7.297489483459055464e+02 -1.418430999145349425e+01 1.492619474701472448e+01
7.287711971616555502e+02 -1.417347738656202871e+01 1.490469638590847090e+01
7.277924563705852279e+02 -1.416327788146512390e+01 1.488345598740250786e+01
7.268144354483292773e+02 -1.415355200555229942e+01 1.486254660222777702e+01
7.258362197353250167e+02 -1.414427782841909753e+01 1.484187231300699317e+01
7.248581996313810123e+02 -1.413541581707298000e+01 1.482147810741383864e+01
7.238813965930921768e+02 -1.412679791035097843e+01 1.480126917244236751e+01
7.229046707903313518e+02 -1.411844181300562617e+01 1.478124390144825462e+01
7.219288861584392407e+02 -1.411020655497850207e+01 1.476141209037312230e+01
7.209543053184660266e+02 -1.410205789482461114e+01 1.474174316968636056e+01
7.199805173892157200e+02 -1.409396307966596318e+01 1.472221638646374409e+01
7.190079910450722309e+02 -1.408580193335189890e+01 1.470285989776622770e+01
7.180366904572186968e+02 -1.407751859647332360e+01 1.468358706419630799e+01
7.170667065068087140e+02 -1.406906696930294132e+01 1.466440256143507703e+01
7.160978854941445206e+02 -1.406039175884218473e+01 1.464534638925372434e+01
7.151303537466661737e+02 -1.405140974956687749e+01 1.462634067467582000e+01
7.141638407220365252e+02 -1.404214126156657194e+01 1.460738461943657995e+01
7.131998580861708206e+02 -1.403258577361051707e+01 1.458852337667730126e+01
7.122375965677105114e+02 -1.402265567176368677e+01 1.456973253022001558e+01
7.112769263510192559e+02 -1.401243515942643469e+01 1.455099403013545611e+01
7.103175131696084463e+02 -1.400166732333916819e+01 1.453240457064024582e+01
7.093604725076353361e+02 -1.399056989764210535e+01 1.451386075056671388e+01
7.084059328742931712e+02 -1.397908858838422219e+01 1.449534255669541771e+01
7.074534306891042661e+02 -1.396731218787955164e+01 1.447687291771961959e+01
7.065029822945452906e+02 -1.395506390338286806e+01 1.445839673299708572e+01
7.055546398034749700e+02 -1.394240984036643560e+01 1.443998685523019532e+01
7.046089219524044438e+02 -1.392935742435813573e+01 1.442158670942295906e+01
7.036646749966001835e+02 -1.391585480369365513e+01 1.440319495016251494e+01
7.027229041416499058e+02 -1.390192080838514777e+01 1.438480853254039538e+01
7.017830384984937382e+02 -1.388759671556048936e+01 1.436646060068363084e+01
7.008451910738164088e+02 -1.387286118696748005e+01 1.434808837420365535e+01
6.999097028110323890e+02 -1.385777139818673831e+01 1.432972009823939530e+01
6.989764584362269488e+02 -1.384237205852886632e+01 1.431137409691262086e+01
6.980458437213073921e+02 -1.382667388139685904e+01 1.429303482820689020e+01
6.971173345734466693e+02 -1.381068684987606154e+01 1.427468814275949427e+01
6.961907358736868900e+02 -1.379451468613315690e+01 1.425638318294179285e+01
6.952667346930522854e+02 -1.377809196011708792e+01 1.423806277036461232e+01
6.943448137766998798e+02 -1.376157582801482526e+01 1.421977017090137174e+01
6.934248534178454975e+02 -1.374497243054215367e+01 1.420143553850002327e+01
6.925059690848805758e+02 -1.372829747197665284e+01 1.418324720277669826e+01
6.915894895922618844e+02 -1.371157825010516618e+01 1.416507885359876440e+01
6.906749103114639183e+02 -1.369495956425582683e+01 1.414691680848827282e+01
6.897623322800110373e+02 -1.367847199196650898e+01 1.412877142884240200e+01
6.888521954902189464e+02 -1.366229215619736337e+01 1.411063996297409240e+01
6.879442395087739897e+02 -1.364637537818653179e+01 1.409252519482825505e+01
6.870393305077507193e+02 -1.363086099403709284e+01 1.407443858701770445e+01
6.861368248357042603e+02 -1.361589443824222023e+01 1.405637772899912719e+01
6.852369655326147040e+02 -1.360150226404481977e+01 1.403834569087143436e+01
6.843401367020684347e+02 -1.358779825502712946e+01 1.402035104456184200e+01
6.834462299421595617e+02 -1.357488665929289695e+01 1.400239292586702788e+01
6.825550960775321983e+02 -1.356288843199465255e+01 1.398447649715561525e+01
6.816664462453943543e+02 -1.355166043261057496e+01 1.396660053476829333e+01
6.807804775258218797e+02 -1.354111580575765217e+01 1.394876843802651045e+01
6.798965841798976726e+02 -1.353121604649006571e+01 1.393099109803869595e+01
6.790153745059552648e+02 -1.352183839517441122e+01 1.391327421134594999e+01
6.781356551561378865e+02 -1.351296800516311691e+01 1.389562812274848369e+01
6.772580743947530664e+02 -1.350443520785495011e+01 1.387805253738893896e+01
6.763825573928112362e+02 -1.349623715430491266e+01 1.386055148384220992e+01
6.755076712451221965e+02 -1.348830058301140511e+01 1.384316470030485569e+01
6.746341662588666850e+02 -1.348070001792465966e+01 1.382593582117309516e+01
6.737617227424894963e+02 -1.347320698995273425e+01 1.380879376204198117e+01
6.728907015348239611e+02 -1.346590498445850770e+01 1.379175258767332224e+01
6.720208955674172557e+02 -1.345858368906565516e+01 1.377481066472038052e+01
6.711523818399875836e+02 -1.345129494054335062e+01 1.375796606344776762e+01
6.702846518104958022e+02 -1.344398238259583955e+01 1.374122973414904614e+01
6.694184846930786534e+02 -1.343658383271116286e+01 1.372459740611851586e+01
6.685531857086641594e+02 -1.342911483057810429e+01 1.370807419381348424e+01
6.676885885070332733e+02 -1.342150465708703067e+01 1.369166388134508416e+01
6.668252427792569961e+02 -1.341374168495229569e+01 1.367536452758253418e+01
6.659623401503465630e+02 -1.340576117713831117e+01 1.365918347382451437e+01
6.651000604188280931e+02 -1.339757976232673187e+01 1.364311377688046534e+01
6.642387276909133789e+02 -1.338919308232600081e+01 1.362715363342990926e+01
6.633774239129514854e+02 -1.338058240226637885e+01 1.361129899497105633e+01
6.625166789263280407e+02 -1.337170340048371919e+01 1.359556010053935182e+01
6.616559716586342574e+02 -1.336251718587516990e+01 1.357992705782806375e+01
6.607960674366403282e+02 -1.335312260698545472e+01 1.356439824574367670e+01
6.599362230781791823e+02 -1.334352307430639151e+01 1.354896400534272338e+01
6.590774410607486971e+02 -1.333354821985259342e+01 1.353363372046020352e+01
6.582181558564456054e+02 -1.332358751905311856e+01 1.351846522789292315e+01
6.573601248493565663e+02 -1.331339899612116895e+01 1.350339439389831853e+01
6.565031039920473859e+02 -1.330298288686515562e+01 1.348840497904834024e+01
6.556469077708875375e+02 -1.329236587083315868e+01 1.347348557669767644e+01
6.547920662374922358e+02 -1.328154955479172017e+01 1.345862989589765313e+01
6.539388915444773147e+02 -1.327053844379829250e+01 1.344382702942722041e+01
6.530870697836043064e+02 -1.325934952416135815e+01 1.342906959176301385e+01
6.522365952068952311e+02 -1.324799592047527952e+01 1.341434403520684704e+01
6.513876872643260185e+02 -1.323650468806724945e+01 1.339963995601174851e+01
6.505404323157900990e+02 -1.322490544174424620e+01 1.338494808291905969e+01
6.496949898245026134e+02 -1.321321890341098104e+01 1.337025403231735332e+01
6.488515396775596855e+02 -1.320146164630393848e+01 1.335553854186682621e+01
6.480101827453516989e+02 -1.318966079150234805e+01 1.334079269429912173e+01
6.471711938100507950e+02 -1.317785015750050626e+01 1.332600223322485711e+01
6.463351847654486164e+02 -1.316605922958942720e+01 1.331114832919866586e+01
6.455021710902609584e+02 -1.315431915937300111e+01 1.329621457957297537e+01
6.446725723552901854e+02 -1.314267848301212993e+01 1.328118408698903430e+01
6.438463486951936829e+02 -1.313116709878266875e+01 1.326603942992731078e+01
6.430240177542347055e+02 -1.311981948515508911e+01 1.325075542278849028e+01
6.422053538962912853e+02 -1.310879817579738749e+01 1.323533638456734529e+01
6.413908815227464402e+02 -1.309818067497953997e+01 1.321974335329868389e+01
6.405807754800123348e+02 -1.308780341324725782e+01 1.320404655990024700e+01
6.397736551584599738e+02 -1.307767109657607207e+01 1.318820046053278006e+01
6.389697743439945725e+02 -1.306777280159855614e+01 1.317219753690737072e+01
6.381694652237108585e+02 -1.305808708034226306e+01 1.315611911652582044e+01
6.373716142595689007e+02 -1.304860597338186778e+01 1.314001251212882693e+01
6.365763445644668082e+02 -1.303930646173113139e+01 1.312379310524767284e+01
6.357837925830574477e+02 -1.303018386922647132e+01 1.310757270307724731e+01
6.349933877580471062e+02 -1.302123883676060423e+01 1.309137272828244214e+01
6.342051728826064618e+02 -1.301246254442648009e+01 1.307516404288796785e+01
6.334192938415025083e+02 -1.300384475350326241e+01 1.305896030953704390e+01
6.326351774088993807e+02 -1.299538273858391335e+01 1.304276888779363119e+01
6.318525167362902266e+02 -1.298706672922957850e+01 1.302666058574242847e+01
6.310712264366527506e+02 -1.297889422039562035e+01 1.301060876031137958e+01
6.302915419717760415e+02 -1.297086007591341961e+01 1.299461186452118966e+01
6.295124582693391631e+02 -1.296296929820775468e+01 1.297872096385246188e+01
6.287345234653622583e+02 -1.295522101744830223e+01 1.296291953603956593e+01
6.279567631807198040e+02 -1.294761328982551518e+01 1.294724129665223877e+01
6.271799852073944521e+02 -1.294013198766118045e+01 1.293166002812658277e+01
6.264039101709563511e+02 -1.293306601611434381e+01 1.291623006223551862e+01
6.256280476711229994e+02 -1.292611280898182180e+01 1.290083385945750294e+01
6.248532536816384209e+02 -1.291926774676937306e+01 1.288564175072361095e+01
6.240784759708925549e+02 -1.291252961286970802e+01 1.287054115881240435e+01
6.233040884695069508e+02 -1.290588907343580161e+01 1.285552699446246550e+01
6.225304810261600323e+02 -1.289934763718390975e+01 1.284068068328940271e+01
6.217572588225356185e+02 -1.289289354573562107e+01 1.282595674338788072e+01
6.209837968801003854e+02 -1.288651711318008353e+01 1.281133903140851515e+01
6.202108749386688942e+02 -1.288021460974781895e+01 1.279683112572437764e+01
6.194379952944552770e+02 -1.287398514050972054e+01 1.278242214127013376e+01
6.186656283526675679e+02 -1.286782687165518446e+01 1.276810560741212441e+01
6.178933449654349488e+02 -1.286172192716914964e+01 1.275392163611930485e+01
6.171214214805033862e+02 -1.285564883420520310e+01 1.273979057241805357e+01
6.163501659475284669e+02 -1.284957308075267690e+01 1.272575413246314646e+01
6.155798289512043766e+02 -1.284347774846956369e+01 1.271178534223715673e+01
6.148097408950562794e+02 -1.283734004661053874e+01 1.269792520136885727e+01
6.140407017577682609e+02 -1.283113072908433239e+01 1.268409278054522105e+01
6.132720920469688508e+02 -1.282482826243731644e+01 1.267028073154762957e+01
6.125056988305838104e+02 -1.281840629942476006e+01 1.265651448051769457e+01
6.117395623929670592e+02 -1.281197331506565895e+01 1.264280781222154637e+01
6.109756520543960505e+02 -1.280546875477262425e+01 1.262903067850873740e+01
6.102135669771907942e+02 -1.279875054209780671e+01 1.261528588146877716e+01
6.094531151181365658e+02 -1.279178432269551990e+01 1.260155302858497173e+01
6.086941204903810103e+02 -1.278453595025803935e+01 1.258768051001009525e+01
6.079368464984294178e+02 -1.277697138102190522e+01 1.257379385409603145e+01
6.071823641520271622e+02 -1.276904907139116396e+01 1.255982353752885849e+01
6.064302571188092088e+02 -1.276071778682829461e+01 1.254572751603667413e+01
6.056805344099302602e+02 -1.275193663416855649e+01 1.253151934555751268e+01
6.049340850926727171e+02 -1.274265378048751352e+01 1.251717479584780079e+01
6.041903606990043727e+02 -1.273284092432410830e+01 1.250266632564460600e+01
6.034494381316632143e+02 -1.272254907932913426e+01 1.248803871892359041e+01
6.027111573510367180e+02 -1.271184439177980785e+01 1.247324664714350106e+01
6.019757905416540780e+02 -1.270078193176015269e+01 1.245832297771978858e+01
6.012429788003144040e+02 -1.268942024595597751e+01 1.244329017660995440e+01
6.005126598996400844e+02 -1.267781704990910718e+01 1.242822773957730575e+01
5.997846819654564570e+02 -1.266602638965246541e+01 1.241307699875645199e+01
5.990586823133065764e+02 -1.265410117971351056e+01 1.239784433301506716e+01
5.983343128138649263e+02 -1.264209310489220606e+01 1.238264309592648971e+01
5.976128068359165582e+02 -1.263007091843548224e+01 1.236729754968416195e+01
5.968938215587550076e+02 -1.261822375562656617e+01 1.235194465315611367e+01
5.961763270335193283e+02 -1.260641644897560987e+01 1.233659011201519817e+01
5.954601500462258628e+02 -1.259470219464040852e+01 1.232124755325698118e+01
5.947458702342206607e+02 -1.258312039763541890e+01 1.230582843905462376e+01
5.940334966234235026e+02 -1.257169737506003138e+01 1.229043375550741679e+01
5.933219950634222641e+02 -1.256047671980418556e+01 1.227507364845954463e+01
5.926120292909711225e+02 -1.254946800151341613e+01 1.225972165628889599e+01
5.919031356580993588e+02 -1.253869045517659231e+01 1.224440869223880135e+01
5.911956119638963401e+02 -1.252816116914078748e+01 1.222912966956880787e+01
5.904896443335666163e+02 -1.251788728658358885e+01 1.221386584556945110e+01
5.897850550428649967e+02 -1.250787692128749384e+01 1.219864442319163089e+01
5.890812735452243487e+02 -1.249814417733183980e+01 1.218349139114677371e+01
5.883786367780452338e+02 -1.248868672614184128e+01 1.216843153606545691e+01
5.876773118491419154e+02 -1.247950870291128211e+01 1.215343460135973608e+01
5.869771583204803846e+02 -1.247062118407994014e+01 1.213849493787078337e+01
5.862780468650458943e+02 -1.246202639685022007e+01 1.212357230981499256e+01
5.855798590137600286e+02 -1.245372137150118164e+01 1.210873171243520119e+01
5.848831782460357545e+02 -1.244569338257056934e+01 1.209393959700250498e+01
5.841865758174202483e+02 -1.243793972392545299e+01 1.207920103272232915e+01
5.834918935319269622e+02 -1.243049798265585082e+01 1.206441612930055740e+01
5.827981462405584807e+02 -1.242329448337613051e+01 1.204975627873554878e+01
5.821056017787584551e+02 -1.241635523631042126e+01 1.203505341968215170e+01
5.814136228390882479e+02 -1.240951942459518520e+01 1.202045072849500507e+01
5.807226614344136806e+02 -1.240285650351427371e+01 1.200589274405735551e+01
5.800320347396342413e+02 -1.239632148777196186e+01 1.199139095877569616e+01
5.793422180711631881e+02 -1.238981399218262247e+01 1.197695586549037827e+01
5.786537320729505609e+02 -1.238338199844334753e+01 1.196256774235659215e+01
5.779655058062130593e+02 -1.237694742624119471e+01 1.194818244909575000e+01
5.772778983322077693e+02 -1.237039707006858258e+01 1.193384446746100025e+01
5.765909506628454437e+02 -1.236375261788420943e+01 1.191956483734118066e+01
5.759042547912359851e+02 -1.235694367583889530e+01 1.190530811124911814e+01
5.752183048676771477e+02 -1.234991753558754901e+01 1.189107918891485127e+01
5.745329322202366029e+02 -1.234262573221030834e+01 1.187682995320913903e+01
5.738478620244626427e+02 -1.233494890889627449e+01 1.186264578439394235e+01
5.731631226892416180e+02 -1.232688354801253006e+01 1.184846136622934587e+01
5.724793840049660503e+02 -1.231828339109851100e+01 1.183436125582469245e+01
5.717955188439241283e+02 -1.230913428020269151e+01 1.182024800181151569e+01
5.711119931036464550e+02 -1.229933061049765897e+01 1.180616393782890761e+01
5.704291673143504795e+02 -1.228883177703388263e+01 1.179202954503004896e+01
5.697470472894948443e+02 -1.227762022875061376e+01 1.177794882328985793e+01
5.690664767575207179e+02 -1.226580498136597797e+01 1.176389359866198880e+01
5.683856235049062207e+02 -1.225348199867345578e+01 1.174979900648164843e+01
5.677055978204426765e+02 -1.224071110008626917e+01 1.173573044880003025e+01
5.670269157158747930e+02 -1.222748832667940277e+01 1.172168304238056891e+01
5.663488313980221847e+02 -1.221397421960410945e+01 1.170762759719032253e+01
5.656721864980553391e+02 -1.220013221660512670e+01 1.169352739649988848e+01
5.649969285674611683e+02 -1.218603809980739783e+01 1.167943024215546188e+01
5.643224625045356788e+02 -1.217176356256216607e+01 1.166536420324263368e+01
5.636493639935827105e+02 -1.215737619612543874e+01 1.165129043364502515e+01
5.629778990882848575e+02 -1.214289666179349503e+01 1.163715782040443791e+01
5.623080160695146787e+02 -1.212834520609280631e+01 1.162299695127718913e+01
5.616398272353616221e+02 -1.211377705189612719e+01 1.160879888431770723e+01
5.609732815063503040e+02 -1.209918900742003345e+01 1.159460855739893326e+01
5.603086417541907167e+02 -1.208465846654142162e+01 1.158038580828254105e+01
5.596455506354254794e+02 -1.207019013715846789e+01 1.156615866850722618e+01
5.589840685650909791e+02 -1.205586840439023888e+01 1.155187102429676926e+01
5.583244543555011887e+02 -1.204167440550113888e+01 1.153756556759235785e+01
5.576669648430104189e+02 -1.202755276407060236e+01 1.152324371124937663e+01
5.570123501657034240e+02 -1.201358519182543283e+01 1.150884178078206155e+01
5.563589675455215229e+02 -1.199970351642436306e+01 1.149438453479539923e+01
5.557076459910936137e+02 -1.198601569131050582e+01 1.147987664275083830e+01
5.550584876481315177e+02 -1.197247859110329316e+01 1.146532068601353949e+01
5.544110594703323613e+02 -1.195915133465593527e+01 1.145075407379118992e+01
5.537653799670622448e+02 -1.194597587523204218e+01 1.143612302923264679e+01
5.531210846941577302e+02 -1.193297966030483437e+01 1.142144945934018097e+01
5.524787005293597986e+02 -1.192018667794809517e+01 1.140669469689132676e+01
5.518383063038514820e+02 -1.190753818561957722e+01 1.139189872331933451e+01
5.511991539192268874e+02 -1.189506099314183452e+01 1.137708652681294730e+01
5.505614590721216928e+02 -1.188278525011160092e+01 1.136229042521078370e+01
5.499254320562556586e+02 -1.187064757739958587e+01 1.134745319707049838e+01
5.492907899193837693e+02 -1.185868612740282835e+01 1.133257438117059124e+01
5.486573997188525027e+02 -1.184694094427343991e+01 1.131772756210279240e+01
5.480254540002403019e+02 -1.183526906473509044e+01 1.130293002367302080e+01
5.473945367023832205e+02 -1.182376608447138722e+01 1.128816982640849531e+01
5.467646102493150693e+02 -1.181233121576615197e+01 1.127337113739511842e+01
5.461358472177292924e+02 -1.180102280921646241e+01 1.125864016759012110e+01
5.455069794550311144e+02 -1.178975197556434296e+01 1.124399361507640904e+01
5.448796040085204595e+02 -1.177847653170848652e+01 1.122932773160278508e+01
5.442525156271130982e+02 -1.176707860140897566e+01 1.121468502375906162e+01
5.436249268151672140e+02 -1.175563309893505881e+01 1.120010269035451778e+01
5.429981800240605025e+02 -1.174415321077671059e+01 1.118563069436561364e+01
5.423708517715037942e+02 -1.173259203018687202e+01 1.117122266639599104e+01
5.417428121318631611e+02 -1.172094810254531616e+01 1.115695903466691696e+01
5.411146783970370961e+02 -1.170917525835383266e+01 1.114277956604869324e+01
5.404850970441907521e+02 -1.169722964109095820e+01 1.112882059713896332e+01
5.398546991362677545e+02 -1.168507561471820821e+01 1.111501949592836880e+01
5.392229426786492468e+02 -1.167272083352928291e+01 1.110136190080115348e+01
5.385898072267802945e+02 -1.166007204289971355e+01 1.108784885992542257e+01
5.379563078907071940e+02 -1.164722373892492335e+01 1.107447885333888848e+01
5.373220837280323394e+02 -1.163416864404490703e+01 1.106125539501010024e+01
5.366870077245678203e+02 -1.162088214863764790e+01 1.104811942180555207e+01
5.360516399882147880e+02 -1.160740639310679079e+01 1.103499736121279540e+01
5.354159450887631237e+02 -1.159372208097499879e+01 1.102202278453425954e+01
5.347808516807110664e+02 -1.157984218011344346e+01 1.100903744528398143e+01
5.341457609894001735e+02 -1.156580027314255865e+01 1.099614021973726885e+01
5.335115753728219943e+02 -1.155162721950811822e+01 1.098326815092150355e+01
5.328781830665942607e+02 -1.153735122193491236e+01 1.097036964433863915e+01
5.322453558721884974e+02 -1.152272997784706199e+01 1.095753421380564241e+01
5.316140921847032814e+02 -1.150794511063792136e+01 1.094467349959695390e+01
5.309834650632761850e+02 -1.149304472205472294e+01 1.093177512069254576e+01
5.303544974471286650e+02 -1.147804707105594346e+01 1.091892913666702825e+01
5.297267816976464019e+02 -1.146294948607958020e+01 1.090605070754444128e+01
5.291003471676461913e+02 -1.144772481094736172e+01 1.089314507528907150e+01
5.284759521709805767e+02 -1.143241781094215526e+01 1.088017038046587714e+01
5.278531532926836007e+02 -1.141698226863956300e+01 1.086717371747302074e+01
5.272314949611572956e+02 -1.140145950986773471e+01 1.085410374668231093e+01
5.266116409672649752e+02 -1.138582759404818212e+01 1.084101358648725011e+01
5.259936063829919703e+02 -1.137008480162790214e+01 1.082787405723714258e+01
5.253774517308720533e+02 -1.135426834298626808e+01 1.081461373171377893e+01
5.247632768605901674e+02 -1.133834173799399814e+01 1.080130073898579290e+01
5.241502364997930954e+02 -1.132235642299602674e+01 1.078797115187281719e+01
5.235395047510770610e+02 -1.130628135992188632e+01 1.077453957040953725e+01
5.229300784708464107e+02 -1.129014745489758376e+01 1.076101380293826715e+01
5.223229097062122719e+02 -1.127390547193331116e+01 1.074745271790928847e+01
5.217172703512860608e+02 -1.125766711674500264e+01 1.073384776767287896e+01
5.211131629464661046e+02 -1.124137890160906572e+01 1.072017382014481512e+01
5.205107842402893539e+02 -1.122492930772109787e+01 1.070640662965991829e+01
5.199103073161445536e+02 -1.120835685244066404e+01 1.069267141305589419e+01
5.193111981520175959e+02 -1.119178308087817264e+01 1.067881571834018040e+01
5.187130844197822626e+02 -1.117525456429207509e+01 1.066496329871594817e+01
5.181166951092095587e+02 -1.115870554439445428e+01 1.065109354034118105e+01
5.175215770158791884e+02 -1.114218635991915818e+01 1.063720749786797626e+01
5.169276682015611186e+02 -1.112568161499408248e+01 1.062332303965885494e+01
5.163345655743147518e+02 -1.110920364034605967e+01 1.060939337258174042e+01
5.157421045098836885e+02 -1.109278934802887662e+01 1.059545517229500788e+01
5.151502922912706026e+02 -1.107645762741988982e+01 1.058152854604194992e+01
5.145593206924202150e+02 -1.106023682022878951e+01 1.056764443659838015e+01
5.139684503914020297e+02 -1.104415267825254254e+01 1.055383250868880829e+01
5.133783535373555651e+02 -1.102827275905332449e+01 1.054007050671789258e+01
5.127882719629664052e+02 -1.101261311646339536e+01 1.052636322786201184e+01
5.121984687181557092e+02 -1.099721036195245460e+01 1.051278532217649264e+01
5.116083672590470997e+02 -1.098213167719450034e+01 1.049929452552149911e+01
5.110181891580012916e+02 -1.096731873955260106e+01 1.048598424163523646e+01
5.104281668210470571e+02 -1.095286711813179181e+01 1.047277808776756203e+01
5.098369799572502075e+02 -1.093884548471250184e+01 1.045975835067727111e+01
5.092454542350968154e+02 -1.092510239028422703e+01 1.044689521106806041e+01
5.086535762124894973e+02 -1.091143633243916611e+01 1.043418418107074075e+01
5.080605774174506450e+02 -1.089807181118120205e+01 1.042160166352279838e+01
5.074675434871451785e+02 -1.088484692339578785e+01 1.040912836084924287e+01
5.068746464252444639e+02 -1.087174623783089977e+01 1.039675216356803666e+01
5.062815314255949488e+02 -1.085875493131331915e+01 1.038445869500293028e+01
5.056887274311250167e+02 -1.084583599679381827e+01 1.037224560693266717e+01
5.050965799291466283e+02 -1.083294366266481390e+01 1.036009989844848711e+01
5.045042610206290306e+02 -1.082009009197125593e+01 1.034800992720908219e+01
5.039123793679414121e+02 -1.080721218002914519e+01 1.033597681603538376e+01
5.033212836086435118e+02 -1.079426105717885243e+01 1.032399103844859489e+01
5.027307788260951043e+02 -1.078122520976664767e+01 1.031204039341695911e+01
5.021406390139813425e+02 -1.076804442500731440e+01 1.030010945621510920e+01
5.015512197858882928e+02 -1.075473819356368566e+01 1.028819766795766100e+01
5.009625203172279839e+02 -1.074125809166714696e+01 1.027629661361497782e+01
5.003744553020490002e+02 -1.072759945064964171e+01 1.026440056933616241e+01
4.997866033801075218e+02 -1.071372232696126048e+01 1.025249822953965939e+01
4.991995839137287021e+02 -1.069960373055785219e+01 1.024058725523742197e+01
4.986137363321041107e+02 -1.068524301792820808e+01 1.022867039725025151e+01
4.980284945615404695e+02 -1.067064109663850147e+01 1.021674406455413120e+01
4.974443681162770758e+02 -1.065573652507603519e+01 1.020482570572390202e+01
4.968607382361296345e+02 -1.064048047791673746e+01 1.019291019685957167e+01
4.962774152866110740e+02 -1.062507572731519190e+01 1.018097932937549466e+01
4.956958300320944772e+02 -1.060945777570334769e+01 1.016904349179531231e+01
4.951154111474166939e+02 -1.059361885313978746e+01 1.015709025622443917e+01
4.945360509257880608e+02 -1.057752702796666888e+01 1.014512222412040288e+01
4.939574870201790304e+02 -1.056123152325788439e+01 1.013312846880657325e+01
4.933800878230127296e+02 -1.054469086861602989e+01 1.012111393448155994e+01
4.928034010486049397e+02 -1.052795523235214681e+01 1.010908029945019670e+01
4.922274976487920526e+02 -1.051102069157376029e+01 1.009702141229651318e+01
4.916528434825694944e+02 -1.049389866981219832e+01 1.008493776020361032e+01
4.910790290544051118e+02 -1.047660838812218209e+01 1.007283489355755535e+01
4.905063040338552582e+02 -1.045919633908660984e+01 1.006071310422616705e+01
4.899343553857913207e+02 -1.044170751228741878e+01 1.004856727489395851e+01
4.893637243068001794e+02 -1.042408721702399177e+01 1.003640755627136194e+01
4.887937784536344452e+02 -1.040646128197872144e+01 1.002423307229615190e+01
4.882253513658298516e+02 -1.038878437829551871e+01 1.001204840202281332e+01
4.876574922113443336e+02 -1.037119148506568322e+01 9.999849951514313773e+00
4.870906194148111013e+02 -1.035368258818662923e+01 9.987652331364969882e+00
4.865255309529223950e+02 -1.033621186123312263e+01 9.975450345547352882e+00
4.859602434959528523e+02 -1.031894006284323417e+01 9.963295519830738911e+00
4.853961241472439951e+02 -1.030182149470036634e+01 9.951145403106101739e+00
4.848336616339237253e+02 -1.028503188557446002e+01 9.938997210468830446e+00
4.842717478775459767e+02 -1.026850095533359841e+01 9.926857743954011326e+00
4.837114898847719360e+02 -1.025235201343046754e+01 9.914735590758743555e+00
4.831520016619520561e+02 -1.023664488225083780e+01 9.902624711519182554e+00
4.825932059733119672e+02 -1.022144220440095452e+01 9.890529431623399148e+00
4.820358388721849110e+02 -1.020675759921664039e+01 9.878454696552466885e+00
4.814796276036190648e+02 -1.019253846028044386e+01 9.866408939950282786e+00
4.809241447311268303e+02 -1.017873899466942866e+01 9.854386805213200873e+00
4.803692394439306668e+02 -1.016530675249025606e+01 9.842391453119201827e+00
4.798151055960358917e+02 -1.015223273170083473e+01 9.830425691046347225e+00
4.792617483778458904e+02 -1.013942132822288400e+01 9.818495959077770507e+00
4.787093458975954263e+02 -1.012685189977068312e+01 9.806598340781398804e+00
4.781577546096851847e+02 -1.011445525567775938e+01 9.794739679795258169e+00
4.776068284957651713e+02 -1.010223204513376594e+01 9.782926185696725341e+00
4.770564192890696518e+02 -1.009016914508318052e+01 9.771153102155164305e+00
4.765063766998308097e+02 -1.007816690665097070e+01 9.759434766697978603e+00
4.759580076383164169e+02 -1.006625801532573838e+01 9.747754407151546729e+00
4.754086867077676857e+02 -1.005437264329823677e+01 9.736162663076543211e+00
4.748599405780068423e+02 -1.004248022238062887e+01 9.724638881409161328e+00
4.743123801588634478e+02 -1.003055181096837956e+01 9.713161164110436729e+00
4.737645519973138448e+02 -1.001857221430875455e+01 9.701739194368371955e+00
4.732169782208442825e+02 -1.000651155085077093e+01 9.690370363748709082e+00
4.726695007715190400e+02 -9.994318221036524008e+00 9.679056975525988094e+00
4.721222154861740705e+02 -9.982046613292565596e+00 9.667795171965618550e+00
4.715755293238394188e+02 -9.969635405629770020e+00 9.656584254565384384e+00
4.710289538759407719e+02 -9.957045519561649627e+00 9.645429394527495148e+00
4.704825803576720205e+02 -9.944341128953453790e+00 9.634328589093353656e+00
4.699367463105079423e+02 -9.931459129409766717e+00 9.623278379820598971e+00
4.693908836947593954e+02 -9.918402013923643068e+00 9.612284482519106277e+00
4.688453213241996309e+02 -9.905177904892532581e+00 9.601338259022123012e+00
4.682997205968851517e+02 -9.891773257767361827e+00 9.590440833490191608e+00
4.677541921012908688e+02 -9.878186524143243830e+00 9.579595682168303483e+00
4.672088459004515357e+02 -9.864422161473356709e+00 9.568788458611413361e+00
4.666635346485145988e+02 -9.850481282131315908e+00 9.558025142002435359e+00
4.661181133554503049e+02 -9.836379273697279046e+00 9.547307132633132909e+00
4.655731521261896546e+02 -9.822116798477342314e+00 9.536625078889167995e+00
4.650277885580524639e+02 -9.807713160200529856e+00 9.525978206665046244e+00
4.644830788156609174e+02 -9.793254030596100890e+00 9.515406517440796463e+00
4.639379599753197567e+02 -9.778671983559277692e+00 9.504854116352369431e+00
4.633942620568307120e+02 -9.763988585831315348e+00 9.494318741256057237e+00
4.628507867555334769e+02 -9.749211072175199888e+00 9.483798076736309923e+00
4.623085299802133363e+02 -9.734368465163134587e+00 9.473287747620307897e+00
4.617669902868938152e+02 -9.719476569447058623e+00 9.462779075972351350e+00
4.612263606297296406e+02 -9.704545721405036574e+00 9.452266728766344883e+00
4.606866146896506393e+02 -9.689605178577494371e+00 9.441739428804364564e+00
4.601483075610365177e+02 -9.674668406979687774e+00 9.431189276148767675e+00
4.596112618388875148e+02 -9.659764053733642442e+00 9.420613271549264311e+00
4.590753840598005127e+02 -9.644922699158804846e+00 9.409999680098790620e+00
4.585411263101087229e+02 -9.630172213516154045e+00 9.399337316428729494e+00
4.580081014648003475e+02 -9.615531395783010638e+00 9.388617566118048430e+00
4.574772299158593114e+02 -9.601032530885605709e+00 9.377833489871486350e+00
4.569481068872080982e+02 -9.586705179408955502e+00 9.366969438350039923e+00
4.564208083402282341e+02 -9.572582129316460353e+00 9.356022550666422077e+00
4.558967278613375242e+02 -9.558692421311796750e+00 9.344975050520288207e+00
4.553737446019588333e+02 -9.545025986145095231e+00 9.333839730987181227e+00
4.548532761820558221e+02 -9.531564934270413403e+00 9.322638439724707737e+00
4.543342558674522706e+02 -9.518408022407713887e+00 9.311403749090706228e+00
4.538171473787903665e+02 -9.505463382822838980e+00 9.300128269722401697e+00
4.533015076384082818e+02 -9.492681831689839811e+00 9.288815814073469568e+00
4.527865251490834453e+02 -9.480067788646552529e+00 9.277478300465817895e+00
4.522729910447782800e+02 -9.467608349729340844e+00 9.266129091375610471e+00
4.517601173573327742e+02 -9.455292991229557131e+00 9.254781312287331474e+00
4.512481398589498554e+02 -9.443102005289828682e+00 9.243438898588845376e+00
4.507369992177182780e+02 -9.431032836317237766e+00 9.232117473805839580e+00
4.502268699229569506e+02 -9.419072725105783306e+00 9.220816489240005964e+00
4.497170385376841750e+02 -9.407207972164609799e+00 9.209549137238159489e+00
4.492075482984188852e+02 -9.395432467804083032e+00 9.198328888673957593e+00
4.486988906513355460e+02 -9.383742097275424854e+00 9.187155296740137089e+00
4.481907488140624878e+02 -9.372133869989619726e+00 9.176038773349509015e+00
4.476828140905641931e+02 -9.360597710003251137e+00 9.164983005407341565e+00
4.471753498871169086e+02 -9.349122047495269427e+00 9.153994825618459785e+00
4.466677170825548728e+02 -9.337709130109050903e+00 9.143071292444956200e+00
4.461606952835679749e+02 -9.326350747921043904e+00 9.132226892415747699e+00
4.456536881521758460e+02 -9.315049433034616300e+00 9.121457117098703549e+00
4.451462878429295529e+02 -9.303803244399590611e+00 9.110756921715355006e+00
4.446389906588789813e+02 -9.292657381558209195e+00 9.100150452391210010e+00
4.441316611200239777e+02 -9.281662988353859944e+00 9.089632504167127536e+00
4.436247381522389901e+02 -9.270708521132599245e+00 9.079193004586525007e+00
4.431173849347455871e+02 -9.259791643809645478e+00 9.068833332150900262e+00
4.426100698653517043e+02 -9.248910491128564004e+00 9.058548611319242383e+00
4.421027806921633783e+02 -9.238063615551999064e+00 9.048338255667406571e+00
4.415956855981427225e+02 -9.227248244482478157e+00 9.038196935714593039e+00
4.410885679498804848e+02 -9.216456792329264402e+00 9.028127657156840513e+00
4.405816827482791496e+02 -9.205680635180851112e+00 9.018125866353182474e+00
4.400745587844293709e+02 -9.194912603832888109e+00 9.008182581759777818e+00
4.395679514846561915e+02 -9.184146726060422594e+00 8.998301429298802390e+00
4.390612662436731739e+02 -9.173378002334297676e+00 8.988475808880801665e+00
4.385549039282511785e+02 -9.162601355440196826e+00 8.978693303687474980e+00
4.380489088027905495e+02 -9.151810206655403235e+00 8.968948358471019233e+00
4.375433819129521567e+02 -9.140994740959738962e+00 8.959239740593488932e+00
4.370384691081103483e+02 -9.130147066765195163e+00 8.949556586792116519e+00
4.365340529286249307e+02 -9.119258872598209109e+00 8.939884631625860223e+00
4.360300248995194465e+02 -9.108322890453640852e+00 8.930215541178226246e+00
4.355269852934961250e+02 -9.097332845405581736e+00 8.920542251869742145e+00
4.350249630854832503e+02 -9.086279318679656214e+00 8.910849627870991441e+00
4.345240434111795480e+02 -9.075275559809774961e+00 8.901135165573045072e+00
4.340240829515597625e+02 -9.064186645362944716e+00 8.891374709784544805e+00
4.335256317361121887e+02 -9.052973581405520775e+00 8.881571115918564630e+00
4.330282215074953456e+02 -9.041616393519447570e+00 8.871702591804417892e+00
4.325329630272283907e+02 -9.030094180390685565e+00 8.861767571652995557e+00
4.320394107622521460e+02 -9.018388491895771963e+00 8.851743657863261561e+00
4.315480843190472910e+02 -9.006487277701429761e+00 8.841626021388899304e+00
4.310587276610773984e+02 -8.994413484701716754e+00 8.831418383272026773e+00
4.305710461905018178e+02 -8.982197475001280296e+00 8.821137245098912061e+00
4.300847541218882384e+02 -8.969870271577347509e+00 8.810792263595823570e+00
4.295999898060984492e+02 -8.957462780454161333e+00 8.800390432106183880e+00
4.291168888585286822e+02 -8.945005337878367158e+00 8.789942219717142180e+00
4.286346999485131164e+02 -8.932527462779642491e+00 8.779454220172427270e+00
4.281539046191451234e+02 -8.920053328099188050e+00 8.768935969250133411e+00
4.276742709450304574e+02 -8.907602751945166375e+00 8.758401970553423510e+00
4.271959204762283662e+02 -8.895194624950171658e+00 8.747856780357560424e+00
4.267181962581714174e+02 -8.882847851334529921e+00 8.737305668142848702e+00
4.262413895928839338e+02 -8.870579638035664516e+00 8.726762150597457079e+00
4.257661494935132964e+02 -8.858408598089795305e+00 8.716226364409315863e+00
4.252910192083552374e+02 -8.846402895649207565e+00 8.705703003403513662e+00
4.248173366021314337e+02 -8.834591376703587073e+00 8.695186845862595604e+00
4.243446503678879935e+02 -8.822920066663167304e+00 8.684703240625266218e+00
4.238721893527911107e+02 -8.811404623717308482e+00 8.674237503111180914e+00
4.234004742300734279e+02 -8.800056490331552794e+00 8.663809388540547829e+00
4.229291379486918458e+02 -8.788889594066329636e+00 8.653409771040218246e+00
4.224579078944062758e+02 -8.777915435386612231e+00 8.643045888261340792e+00
4.219877873005711990e+02 -8.767140240946382335e+00 8.632718180293604604e+00
4.215183177174584443e+02 -8.756565981115079111e+00 8.622429633009071281e+00
4.210488729296598081e+02 -8.746189366278558808e+00 8.612184316568116671e+00
4.205797298006775122e+02 -8.736009432203454494e+00 8.601984648807212253e+00
4.201111950120191523e+02 -8.726025680955254771e+00 8.591832614864429729e+00
4.196431615897543566e+02 -8.716235532429944755e+00 8.581730087321442824e+00
4.191755296551900756e+02 -8.706627573123537189e+00 8.571676990154021070e+00
4.187082063049995213e+02 -8.697200965311981946e+00 8.561674675615980945e+00
4.182416948744076421e+02 -8.687948262568349733e+00 8.551721032498640795e+00
4.177755183022163692e+02 -8.678859036182377196e+00 8.541816919738508318e+00
4.173094122069034597e+02 -8.669937217079692005e+00 8.531964876886148019e+00
4.168440143150579047e+02 -8.661168157142590474e+00 8.522152753182567153e+00
4.163786377342193532e+02 -8.652538697818123126e+00 8.512379570162432074e+00
4.159143828433431054e+02 -8.644107216660044557e+00 8.502617134781731423e+00
4.154507218878404160e+02 -8.635783108971955002e+00 8.492893268200813139e+00
4.149869759037363792e+02 -8.627541477939443482e+00 8.483208022498660128e+00
4.145238141116123529e+02 -8.619361607026208461e+00 8.473557352063204817e+00
4.140612060685033953e+02 -8.611212885106143133e+00 8.463932064131965305e+00
4.135988982095271922e+02 -8.603078609295799595e+00 8.454344339022512145e+00
4.131368137494681605e+02 -8.594925268447196842e+00 8.444779707296428128e+00
4.126757380896030440e+02 -8.586721001071850878e+00 8.435238029987031538e+00
4.122151474301946905e+02 -8.578438601523645346e+00 8.425720737958751982e+00
4.117546556752575952e+02 -8.570041413566089616e+00 8.416223606489618092e+00
4.112946641238032726e+02 -8.561500624048321129e+00 8.406746103835176953e+00
4.108355187657365377e+02 -8.552781137436920034e+00 8.397282428223835637e+00
4.103768669953272479e+02 -8.543837171783863482e+00 8.387828222596558803e+00
4.099192560466428290e+02 -8.534633602114636730e+00 8.378385887205404003e+00
4.094618432249425268e+02 -8.525126050565686953e+00 8.368945913428042616e+00
4.090053787185541978e+02 -8.515292609231218890e+00 8.359499402625857556e+00
4.085490154305271631e+02 -8.505155504213135487e+00 8.350055080560261800e+00
4.080938250223434807e+02 -8.494757103350121241e+00 8.340598592431597069e+00
4.076393886337364165e+02 -8.484141320117801754e+00 8.331137358405031890e+00
4.071851614684628657e+02 -8.473346854184509169e+00 8.321649069887367745e+00
4.067326418781504458e+02 -8.462406891297259648e+00 8.312131269307702297e+00
4.062809266137666100e+02 -8.451340763971254333e+00 8.302603301948284553e+00
4.058299342805740366e+02 -8.440183403857488997e+00 8.293066402652378599e+00
4.053793839721643053e+02 -8.428960573088925656e+00 8.283519428099500814e+00
4.049302029802583434e+02 -8.417696073045211946e+00 8.273972947622590723e+00
4.044817366329055517e+02 -8.406411731567272838e+00 8.264421355401697866e+00
4.040346109494149687e+02 -8.395133151147270212e+00 8.254871510910279042e+00
4.035881547115009766e+02 -8.383885541056388391e+00 8.245320235612389581e+00
4.031425634019208246e+02 -8.372683455524995821e+00 8.235767084700222895e+00
4.026982558706649229e+02 -8.361553321019254525e+00 8.226210834561202390e+00
4.022548129072703205e+02 -8.350510865732953647e+00 8.216650832679894378e+00
4.018121285095925828e+02 -8.339571660047321089e+00 8.207080331077891699e+00
4.013709555745896296e+02 -8.328745075962059374e+00 8.197507473912793330e+00
4.009308121451900888e+02 -8.318050455605526139e+00 8.187923510523290815e+00
4.004915087294964451e+02 -8.307493433907902514e+00 8.178322282387080477e+00
4.000531203839843215e+02 -8.297092319461532028e+00 8.168715337317912883e+00
3.996157227442794806e+02 -8.286845596588413798e+00 8.159105141400004868e+00
3.991793918808423882e+02 -8.276756368437219180e+00 8.149483149372366952e+00
3.987442437005601619e+02 -8.266841085692789193e+00 8.139850705418741228e+00
3.983106958561526767e+02 -8.257063703806462485e+00 8.130178018166834164e+00
3.978783641857613134e+02 -8.247453398762376153e+00 8.120502666001309322e+00
3.974465858435831933e+02 -8.238008072368144141e+00 8.110816382500146915e+00
3.970155933633021732e+02 -8.228726715388811286e+00 8.101125570235682360e+00
3.965857360893235182e+02 -8.219614466681919751e+00 8.091430690698969030e+00
3.961563055678326464e+02 -8.210661535621186502e+00 8.081721542883409271e+00
3.957282781627133659e+02 -8.201866717912817961e+00 8.072007413840751155e+00
3.953011793625873906e+02 -8.193218478050965814e+00 8.062285797971165735e+00
3.948747345304128089e+02 -8.184712772438558659e+00 8.052557612662727848e+00
3.944489291840762917e+02 -8.176337215832450767e+00 8.042828837165593825e+00
3.940242674685393354e+02 -8.168082153822323832e+00 8.033101186881872025e+00
3.936003565637510064e+02 -8.159940575712827382e+00 8.023385888934072341e+00
3.931764067877901994e+02 -8.151897455487349120e+00 8.013696028119378312e+00
3.927532421839738959e+02 -8.143934054746134521e+00 8.004026788688829441e+00
3.923309122306912968e+02 -8.136032886038764289e+00 7.994390064946576224e+00
3.919092370014409994e+02 -8.128211427046021953e+00 7.984784427385901218e+00
3.914876241972172011e+02 -8.120382254360956509e+00 7.975224913573558894e+00
3.910659662996998236e+02 -8.112571330710879991e+00 7.965707149495663941e+00
3.906450492583336427e+02 -8.104729887865637750e+00 7.956242070659008014e+00
3.902244479310172665e+02 -8.096896963366170041e+00 7.946816763990856458e+00
3.898040711385983741e+02 -8.088951179367844802e+00 7.937432010860613119e+00
3.893838610299479228e+02 -8.080926206824498692e+00 7.928113593357093869e+00
3.889637248102334297e+02 -8.072818545295135095e+00 7.918872520973445184e+00
3.885430265303915007e+02 -8.064568868941188740e+00 7.909707277307622242e+00
3.881220590543579760e+02 -8.056190807082685978e+00 7.900638791682562001e+00
3.877011359373981350e+02 -8.047697794779262281e+00 7.891650255826573535e+00
3.872796701335320790e+02 -8.039077165357454646e+00 7.882733661206703601e+00
3.868584366044941021e+02 -8.030371074573196211e+00 7.873887265084426268e+00
3.864376800033766699e+02 -8.021583139128813045e+00 7.865094223402334883e+00
3.860172347401766615e+02 -8.012666443661165872e+00 7.856344420431446984e+00
3.855969261561438088e+02 -8.003661454351476578e+00 7.847632291272254257e+00
3.851765051414595291e+02 -7.994641191589732188e+00 7.838950367963993138e+00
3.847569090218383394e+02 -7.985535390754914253e+00 7.830285403728395544e+00
3.843378407071987795e+02 -7.976372933650525354e+00 7.821627754687861867e+00
3.839196015913006477e+02 -7.967150947294160623e+00 7.812974008544570914e+00
3.835019957359098157e+02 -7.957940356884641631e+00 7.804323611911254233e+00
3.830850545991056606e+02 -7.948652621388733408e+00 7.795656056460544825e+00
3.826689886494835946e+02 -7.939356544429635676e+00 7.786988368319913256e+00
3.822540354051541271e+02 -7.929994879149937503e+00 7.778297297582356329e+00
3.818397440782895274e+02 -7.920606960237130956e+00 7.769577555299797211e+00
3.814268492019508017e+02 -7.911202361052024123e+00 7.760840470219316778e+00
3.810148086897168014e+02 -7.901753168539484840e+00 7.752092167662391731e+00
3.806038108752604217e+02 -7.892370366107813062e+00 7.743318656892268947e+00
3.801938405891955881e+02 -7.882914700734361624e+00 7.734517228328082972e+00
3.797846934134945514e+02 -7.873503884691651855e+00 7.725691577726771619e+00
3.793768504321537307e+02 -7.864123369872434210e+00 7.716832646536373019e+00
3.789702503636576694e+02 -7.854779855959894697e+00 7.707940246317202870e+00
3.785648600253398399e+02 -7.845386051423949958e+00 7.699012633603836697e+00
3.781602934285763240e+02 -7.836032704346771460e+00 7.690045701680453760e+00
3.777571342411300179e+02 -7.826688996800282183e+00 7.681043497576484747e+00
3.773545991182398325e+02 -7.817388152881039609e+00 7.672004321133266913e+00
3.769536395004594738e+02 -7.808094443595936518e+00 7.662927488760460371e+00
3.765537105356369239e+02 -7.798830733356001410e+00 7.653821413382087435e+00
3.761546969204324569e+02 -7.789602100315836886e+00 7.644680153194662431e+00
3.757569652887723919e+02 -7.780391677727824806e+00 7.635511223644892098e+00
3.753599812959009796e+02 -7.771205592881799795e+00 7.626316568596148038e+00
3.749637005338615836e+02 -7.762049166083685670e+00 7.617094557006661049e+00
3.745689688398535395e+02 -7.753000314925164282e+00 7.607858665483398397e+00
3.741752066255182285e+02 -7.743915800190202425e+00 7.598595738913911823e+00
3.737817249718984272e+02 -7.734780145539546403e+00 7.589325567959946284e+00
3.733893625133865157e+02 -7.725770016239188465e+00 7.580046222049308113e+00
3.729980659008677435e+02 -7.716858517220583025e+00 7.570776832539085177e+00
3.726072443419636784e+02 -7.707948152098292205e+00 7.561508574189032217e+00
3.722169771090058816e+02 -7.699145092785383504e+00 7.552257907476144005e+00
3.718273379437509902e+02 -7.690389610631763517e+00 7.543030220626929960e+00
3.714380985879653849e+02 -7.681711067315881714e+00 7.533825318092460144e+00
3.710491336003485685e+02 -7.673161018735527250e+00 7.524654697985080354e+00
3.706606118164751251e+02 -7.664701056465546003e+00 7.515526607087066324e+00
3.702721384647936134e+02 -7.656326166535341926e+00 7.506453148295546995e+00
3.698842088947910725e+02 -7.648075356157157501e+00 7.497442356898785576e+00
3.694962586783211123e+02 -7.639946527173885116e+00 7.488505133244363066e+00
3.691081850303434635e+02 -7.631989897734534622e+00 7.479653451167834532e+00
3.687197769165356362e+02 -7.624170665508952283e+00 7.470900985946935968e+00
3.683315537303968199e+02 -7.616434525128012112e+00 7.462235988911885443e+00
3.679432892744329138e+02 -7.608875417208037284e+00 7.453661724712000058e+00
3.675556746067257450e+02 -7.601427060246996881e+00 7.445156714758297767e+00
3.671676032233689284e+02 -7.594041086291337450e+00 7.436726863741595750e+00
3.667797815807589359e+02 -7.586729711625991079e+00 7.428349072287266708e+00
3.663924213149566640e+02 -7.579356966353942404e+00 7.420027537466069134e+00
3.660056564105374832e+02 -7.572025584138878607e+00 7.411743221079746036e+00
3.656189210121833639e+02 -7.564701345666001053e+00 7.403499949296423743e+00
3.652323748317032255e+02 -7.557366624186902193e+00 7.395285782578741696e+00
3.648463754911360866e+02 -7.550052882310640534e+00 7.387090476882631762e+00
3.644612060333336672e+02 -7.542702191516228005e+00 7.378918396867123697e+00
3.640761343696814833e+02 -7.535279057339445252e+00 7.370754775125218039e+00
3.636918396000665439e+02 -7.527858078037810152e+00 7.362605282131482021e+00
3.633081002101549188e+02 -7.520370583947816101e+00 7.354463568065400025e+00
3.629249763868854188e+02 -7.512776872092530311e+00 7.346321627320659964e+00
3.625425855899801491e+02 -7.505130247673325705e+00 7.338181213456791419e+00
3.621606606640344808e+02 -7.497437335221465382e+00 7.330035160427174290e+00
3.617793166620118086e+02 -7.489615594422422085e+00 7.321884312253945204e+00
3.613992108535603620e+02 -7.481712109941822675e+00 7.313718585474332734e+00
3.610195511338091023e+02 -7.473692060605254817e+00 7.305539362380842228e+00
3.606405937251149680e+02 -7.465564073688006452e+00 7.297340700772927846e+00
3.602619697694754564e+02 -7.457317973914961762e+00 7.289123342405889439e+00
3.598843135294295621e+02 -7.448994512164904158e+00 7.280892422761017890e+00
3.595078324725840275e+02 -7.440503208198689933e+00 7.272638790821509325e+00
3.591316677445641403e+02 -7.431903213754064375e+00 7.264372112981985374e+00
3.587559974309905328e+02 -7.423159653779828560e+00 7.256095582956028522e+00
3.583810311353209386e+02 -7.414381771718984382e+00 7.247798376925302044e+00
3.580072538732594580e+02 -7.405431178563416594e+00 7.239482335799332979e+00
3.576337623551438014e+02 -7.396435412788369135e+00 7.231156500583500346e+00
3.572614376221631005e+02 -7.387410758856251647e+00 7.222812477941778830e+00
3.568896742478502802e+02 -7.378300135062465515e+00 7.214457144370213904e+00
3.565190400482181872e+02 -7.369106100173008045e+00 7.206083038151220421e+00
3.561488888699264521e+02 -7.359856238391193628e+00 7.197693055842768750e+00
3.557793723789148430e+02 -7.350597838868481837e+00 7.189291465010046345e+00
3.554105086442709194e+02 -7.341305004918571520e+00 7.180880754783272479e+00
3.550422895510151307e+02 -7.331993528395197579e+00 7.172455217053438581e+00
3.546748791710676869e+02 -7.322706442002921534e+00 7.164022552072188965e+00
3.543086398482650452e+02 -7.313438454995529803e+00 7.155589225106073314e+00
3.539424669680015541e+02 -7.304200593132803121e+00 7.147147464742746870e+00
3.535770994202782731e+02 -7.295002089551229751e+00 7.138708360649827611e+00
3.532129885237182521e+02 -7.285956963631837091e+00 7.130274100581397434e+00
3.528487913623442864e+02 -7.276949744694879207e+00 7.121847694264329398e+00
3.524856964282069498e+02 -7.268084479482942228e+00 7.113434274563109838e+00
3.521230766549217037e+02 -7.259354385499505291e+00 7.105041039830405580e+00
3.517615464126159281e+02 -7.250823434231917552e+00 7.096677544376090552e+00
3.513999046880009018e+02 -7.242503917952804571e+00 7.088342606296165194e+00
3.510394827776548823e+02 -7.234400419360995649e+00 7.080023616803347686e+00
3.506794276484167767e+02 -7.226564420543964751e+00 7.071738766418611988e+00
3.503194967095417951e+02 -7.218952268232103897e+00 7.063482744660457335e+00
3.499606567233519172e+02 -7.211550505971480618e+00 7.055252226977805741e+00
3.496026039281166504e+02 -7.204341178148988334e+00 7.047050327887428800e+00
3.492452142217724145e+02 -7.197292825544751693e+00 7.038874035803190488e+00
3.488878353047688847e+02 -7.190373439475736816e+00 7.030720736653725211e+00
3.485309066601811310e+02 -7.183561186246316232e+00 7.022595066540075592e+00
3.481744068671819718e+02 -7.176831324740138740e+00 7.014497133312565857e+00
3.478187875422379989e+02 -7.170161434406944423e+00 7.006422040566118170e+00
3.474633426404681700e+02 -7.163532876245202630e+00 6.998367769145163564e+00
3.471079844634629126e+02 -7.156935856560585840e+00 6.990339455137354996e+00
3.467535428428358841e+02 -7.150356199786028988e+00 6.982336598065543853e+00
3.463995912260693331e+02 -7.143775656736943702e+00 6.974362540236841213e+00
3.460452420294049034e+02 -7.137177276142756099e+00 6.966409848454635956e+00
3.456917183707591903e+02 -7.130559492112290343e+00 6.958481566071817781e+00
3.453392185587470067e+02 -7.123910280389530669e+00 6.950584029835220612e+00
3.449859611224269997e+02 -7.117206953379900725e+00 6.942733317120271863e+00
3.446335797051713143e+02 -7.110443068467464656e+00 6.934910738276045983e+00
3.442814147416781907e+02 -7.103615776586456043e+00 6.927113079102610982e+00
3.439299839998436141e+02 -7.096714548859085703e+00 6.919334898869771600e+00
3.435785843767287702e+02 -7.089726952668426563e+00 6.911586387186193114e+00
3.432274079656489221e+02 -7.082650673816210052e+00 6.903860176832215423e+00
3.428767419707025397e+02 -7.075477503451127248e+00 6.896155352540378480e+00
3.425259968386229730e+02 -7.068209348784223245e+00 6.888471153005215619e+00
3.421758216347226949e+02 -7.060840512728164597e+00 6.880806962047300246e+00
3.418259873053709725e+02 -7.053372947628636425e+00 6.873162299756256033e+00
3.414764015191155409e+02 -7.045807459558925956e+00 6.865536813617762135e+00
3.411273108010823307e+02 -7.038142421373338564e+00 6.857934847031842196e+00
3.407784512189724637e+02 -7.030379626868561438e+00 6.850349971740646637e+00
3.404301095143657676e+02 -7.022525668688221145e+00 6.842781039582691349e+00
3.400816771988308460e+02 -7.014577777305278872e+00 6.835225246156346302e+00
3.397340928530629185e+02 -7.006538179373678510e+00 6.827680273603530914e+00
3.393864413226626766e+02 -6.998421859805116441e+00 6.820152834558144583e+00
3.390397212200919057e+02 -6.990226608739238401e+00 6.812631185016993385e+00
3.386927132588876361e+02 -6.981960925333338785e+00 6.805113025871388999e+00
3.383466207136917774e+02 -6.973652046727525367e+00 6.797619521840716494e+00
3.380007363526350446e+02 -6.965306017011462458e+00 6.790134396011456630e+00
3.376551971989519529e+02 -6.956924729834809362e+00 6.782653080632512932e+00
3.373105609690074971e+02 -6.948517308477625498e+00 6.775168836385430104e+00
3.369662886808405347e+02 -6.940101376205790373e+00 6.767680426114424108e+00
3.366227878159698435e+02 -6.931691591689223664e+00 6.760184006194846162e+00
3.362799246955324293e+02 -6.923295945264031026e+00 6.752678656544046198e+00
3.359382384652246287e+02 -6.914930065333962261e+00 6.745153532935650453e+00
3.355969703106991346e+02 -6.906609205240664906e+00 6.737613198234854828e+00
3.352569569738338373e+02 -6.898351200576901654e+00 6.730048220172294648e+00
3.349178292894707738e+02 -6.890167443655177415e+00 6.722454964078288242e+00
3.345796182776463183e+02 -6.882079755669231247e+00 6.714834014459543532e+00
3.342425867429133177e+02 -6.874102176527515873e+00 6.707175075947612974e+00
3.339063560589762574e+02 -6.866246455140888827e+00 6.699475306024644361e+00
3.335713448062767270e+02 -6.858509536303705190e+00 6.691742171649512905e+00
3.332376570890031076e+02 -6.850884655714209792e+00 6.683984923540156053e+00
3.329045035734960152e+02 -6.843353526244661644e+00 6.676202728294222233e+00
3.325722114727494159e+02 -6.835921242079814775e+00 6.668403543107420894e+00
3.322407771140643717e+02 -6.828573148270109527e+00 6.660598971494509080e+00
3.319100428841658186e+02 -6.821309248107633394e+00 6.652787491232023065e+00
3.315804995817905478e+02 -6.814161925657507446e+00 6.644995823749141550e+00
3.312507105762522883e+02 -6.807078348784573407e+00 6.637214901854319393e+00
3.309218933869324815e+02 -6.800057999530052300e+00 6.629439873626629343e+00
3.305933630145675579e+02 -6.793092393381718885e+00 6.621676266698535152e+00
3.302654502434377832e+02 -6.786170897389987466e+00 6.613935700736247369e+00
3.299376283634346692e+02 -6.779294761426022831e+00 6.606212435571112707e+00
3.296103518928134122e+02 -6.772459922233335483e+00 6.598517428085855840e+00
3.292834917348104682e+02 -6.765660139569642517e+00 6.590850055571580768e+00
3.289565743422492119e+02 -6.758888059453902919e+00 6.583213538539322229e+00
3.286297757556325791e+02 -6.752142304703912856e+00 6.575608425664036361e+00
3.283038431017070025e+02 -6.745422354646966490e+00 6.568044515002417150e+00
3.279777352607571288e+02 -6.738719286003648890e+00 6.560517550955202282e+00
3.276521241383258598e+02 -6.732037090250144296e+00 6.553031220218075603e+00
3.273267792007003436e+02 -6.725367927817172742e+00 6.545587142042974982e+00
3.270010309110759295e+02 -6.718711846408123911e+00 6.538182916856888127e+00
3.266760042114501630e+02 -6.712062441790775047e+00 6.530824882997582570e+00
3.263507006330610238e+02 -6.705419826608767231e+00 6.523508521414775885e+00
3.260260718859631197e+02 -6.698775095431427573e+00 6.516231906014767539e+00
3.257008203999550346e+02 -6.692138595662863843e+00 6.509001831917982983e+00
3.253761853172679253e+02 -6.685550445643040796e+00 6.501827124119966328e+00
3.250514501402010978e+02 -6.678975600190295125e+00 6.494694149208887879e+00
3.247272862169937753e+02 -6.672397434093918278e+00 6.487597709139945046e+00
3.244034726098224155e+02 -6.665809778181596812e+00 6.480542099630214992e+00
3.240792512520336572e+02 -6.659217865507350176e+00 6.473520545946694682e+00
3.237549788870035172e+02 -6.652613902572902305e+00 6.466535290414252124e+00
3.234315370773090308e+02 -6.645993185166586770e+00 6.459580552064158709e+00
3.231080003998112034e+02 -6.639357571751800968e+00 6.452656502006806960e+00
3.227847683811447723e+02 -6.632702819473133893e+00 6.445755031985680006e+00
3.224621407324112283e+02 -6.626022000309174764e+00 6.438876708304807295e+00
3.221395213794123151e+02 -6.619314357914745095e+00 6.432018564377930403e+00
3.218172360148403186e+02 -6.612575069455827403e+00 6.425172780874517819e+00
3.214953428028093185e+02 -6.605799729713066171e+00 6.418335369942871793e+00
3.211741304713482350e+02 -6.598984328410052669e+00 6.411507261183269968e+00
3.208535551550408513e+02 -6.592125227330025261e+00 6.404675657030437286e+00
3.205329786447143192e+02 -6.585219137210950535e+00 6.397842433616648172e+00
3.202134145468072575e+02 -6.578256734406561002e+00 6.390994106906193295e+00
3.198945216288948927e+02 -6.571233524990572228e+00 6.384128252696587680e+00
3.195761247973044306e+02 -6.564147125741906841e+00 6.377240508553844833e+00
3.192582129854909567e+02 -6.557001040941722536e+00 6.370318407980014364e+00
3.189415511543090247e+02 -6.549837938009798854e+00 6.363365648231531502e+00
3.186254000400536484e+02 -6.542588697897667949e+00 6.356370062200343618e+00
3.183104580876342879e+02 -6.535248134314472601e+00 6.349319680006465738e+00
3.179966109645544634e+02 -6.527830061401630246e+00 6.342221014865160100e+00
3.176835286667958371e+02 -6.520344127317161842e+00 6.335085711065258529e+00
3.173709368926921570e+02 -6.512807996349152972e+00 6.327916654081837677e+00
3.170596004905020777e+02 -6.505224902400524201e+00 6.320723307654364298e+00
3.167488543129651930e+02 -6.497620533656133013e+00 6.313509430287578716e+00
3.164385806022049223e+02 -6.489998845904008995e+00 6.306282300225650950e+00
3.161290547269950935e+02 -6.482371594692970973e+00 6.299042646684851476e+00
3.158205950018106591e+02 -6.474751306231515180e+00 6.291799824431487664e+00
3.155126273841158877e+02 -6.467146532005376258e+00 6.284553164929010727e+00
3.152051986812501809e+02 -6.459574706012348067e+00 6.277310106966532466e+00
3.148979797919054704e+02 -6.452040414343147567e+00 6.270075600123226955e+00
3.145911768051423678e+02 -6.444550288608575705e+00 6.262844816705927187e+00
3.142855522676316582e+02 -6.437116341276956533e+00 6.255631167237116763e+00
3.139799002424447281e+02 -6.429743835099852589e+00 6.248435166337564795e+00
3.136745035381104572e+02 -6.422442781599449368e+00 6.241257944413727721e+00
3.133697673338248251e+02 -6.415209911239614371e+00 6.234109257105217239e+00
3.130654419213746564e+02 -6.408096119806045543e+00 6.226974873304203406e+00
3.127615980671794773e+02 -6.401081972196979386e+00 6.219871647508397494e+00
3.124580768263979280e+02 -6.394149730214005345e+00 6.212795188316306394e+00
3.121549333353070210e+02 -6.387308194323686905e+00 6.205750864889809648e+00
3.118520660798561153e+02 -6.380558673415265503e+00 6.198729576903420302e+00
3.115495351621171949e+02 -6.373902099266323340e+00 6.191742324554008192e+00
3.112473019051336678e+02 -6.367339002968374295e+00 6.184783243683121157e+00
3.109453607626746248e+02 -6.360872455881675158e+00 6.177852140884145804e+00
3.106436863542834317e+02 -6.354504000865834001e+00 6.170951849164399761e+00
3.103423083477444493e+02 -6.348224255422641349e+00 6.164086383954759718e+00
3.100411769285159380e+02 -6.342035677136510508e+00 6.157250488676883293e+00
3.097403353618943811e+02 -6.335931143576745583e+00 6.150443113683946805e+00
3.094397978611135045e+02 -6.329906960180145425e+00 6.143671062929174198e+00
3.091394857750743768e+02 -6.323961612224483275e+00 6.136930319563729697e+00
3.088394689305642942e+02 -6.318083058797733464e+00 6.130215563141268476e+00
3.085397579493593980e+02 -6.312270709140411107e+00 6.123536147248064054e+00
3.082403788200548433e+02 -6.306509265040602052e+00 6.116880624503248320e+00
3.079411780916436783e+02 -6.300796639058549253e+00 6.110248915599866493e+00
3.076423092460470912e+02 -6.295121138213049861e+00 6.103646017874053697e+00
3.073438236036079161e+02 -6.289479481995630117e+00 6.097066088115778548e+00
3.070456789916910338e+02 -6.283876799601282315e+00 6.090493494948852948e+00
3.067478102978318475e+02 -6.278277792626683507e+00 6.083938400331582841e+00
3.064502055016105260e+02 -6.272665226048607323e+00 6.077403395630176064e+00
3.061529111958883504e+02 -6.267022796389767336e+00 6.070881839926865808e+00
3.058559066590522661e+02 -6.261338366890290885e+00 6.064365984716640234e+00
3.055591971742987880e+02 -6.255594927472542643e+00 6.057862621685269566e+00
3.052627955773479016e+02 -6.249775289051610727e+00 6.051368748450155266e+00
3.049666643744069461e+02 -6.243856291406292947e+00 6.044880530436202548e+00
3.046708757139432464e+02 -6.237821238844682981e+00 6.038390197876275067e+00
3.043754245474564186e+02 -6.231647636671548085e+00 6.031895821694822857e+00
3.040802579077794121e+02 -6.225316520815295185e+00 6.025399236684764404e+00
3.037854636106395105e+02 -6.218815088644819689e+00 6.018897155333153393e+00
3.034910156366051979e+02 -6.212150428493857568e+00 6.012387531245240169e+00
3.031969165294748336e+02 -6.205349144842667641e+00 6.005875790047704221e+00
3.029032047591203991e+02 -6.198428787004732321e+00 5.999361278617977078e+00
3.026098927338958902e+02 -6.191404136962206373e+00 5.992840396412283610e+00
3.023169939666572077e+02 -6.184298099368132462e+00 5.986315938830607308e+00
3.020245929665135804e+02 -6.177120706471916023e+00 5.979792447543572642e+00
3.017325696208546333e+02 -6.169900126246512073e+00 5.973259498445045779e+00
3.014411611245979543e+02 -6.162650177516553640e+00 5.966715392843551236e+00
3.011503205374210097e+02 -6.155384464927265320e+00 5.960165806074814832e+00
3.008599037946603971e+02 -6.148106513335640955e+00 5.953609836226239516e+00
3.005700004466506812e+02 -6.140833126041372658e+00 5.947055172631358744e+00
3.002806296712492440e+02 -6.133569769892194934e+00 5.940495475101410072e+00
2.999917887380639741e+02 -6.126332229060353463e+00 5.933939870471029110e+00
2.997034907718320369e+02 -6.119129083968185334e+00 5.927381399907215354e+00
2.994158075115034308e+02 -6.111968040199386998e+00 5.920830599559136154e+00
2.991286560456542247e+02 -6.104855925485646928e+00 5.914281378963716307e+00
2.988420951163031418e+02 -6.097798686801208845e+00 5.907738340041547964e+00
2.985561486137274301e+02 -6.090805540059146317e+00 5.901199176616713338e+00
2.982707520799822873e+02 -6.083884702208831818e+00 5.894665634863135217e+00
2.979859394100969894e+02 -6.077034544720382847e+00 5.888136159103330769e+00
2.977017116382561994e+02 -6.070259486737040078e+00 5.881612718539472873e+00
2.974180609754390616e+02 -6.063569604803209501e+00 5.875091474479183340e+00
2.971350083920338534e+02 -6.056955890692579558e+00 5.868571635540861919e+00
2.968525101681020146e+02 -6.050433124888109582e+00 5.862054806352601233e+00
2.965705692456777456e+02 -6.043991701313267129e+00 5.855542481563209556e+00
2.962892056735215647e+02 -6.037633997219757909e+00 5.849028842927177507e+00
2.960083603352294404e+02 -6.031363144286421729e+00 5.842522721806409081e+00
2.957282834733833283e+02 -6.025172792665585142e+00 5.836008774223790496e+00
2.954486140263614971e+02 -6.019055882604184227e+00 5.829504326441249162e+00
2.951695152689402448e+02 -6.013025855204815251e+00 5.823009102343815968e+00
2.948909537705903290e+02 -6.007063978272801918e+00 5.816518866085418793e+00
2.946127924817964754e+02 -6.001173326999279745e+00 5.810038935683964567e+00
2.943351204804245072e+02 -5.995352741688547482e+00 5.803566471527178194e+00
2.940578379414544656e+02 -5.989587009618266400e+00 5.797105143506115610e+00
2.937809267158475564e+02 -5.983876511101442475e+00 5.790650313336808352e+00
2.935043501545310392e+02 -5.978209992855323840e+00 5.784206254008513071e+00
2.932281203450594376e+02 -5.972579261721501886e+00 5.777774207708922027e+00
2.929522046746901651e+02 -5.966979793531043796e+00 5.771359293873437935e+00
2.926765747958791053e+02 -5.961406141500404487e+00 5.764960246849402559e+00
2.924011369078519920e+02 -5.955846808056771025e+00 5.758580983665580355e+00
2.921259475219688397e+02 -5.950291439718472297e+00 5.752228166936388831e+00
2.918508898011171482e+02 -5.944731827180643968e+00 5.745896429466884392e+00
2.915759625167002014e+02 -5.939152568892716033e+00 5.739596543084784841e+00
2.913011885043335951e+02 -5.933548362618100036e+00 5.733332866726848387e+00
2.910263588586551577e+02 -5.927902751944116311e+00 5.727098893134495938e+00
2.907515882074267211e+02 -5.922202722563542743e+00 5.720908855852997910e+00
2.904767808281249017e+02 -5.916410788005307175e+00 5.714735397065584976e+00
2.902018958566052902e+02 -5.910532623146774078e+00 5.708607007450443582e+00
2.899269409078625586e+02 -5.904581814224931335e+00 5.702518226503292098e+00
2.896519442578381245e+02 -5.898565683877435184e+00 5.696462065641850536e+00
2.893769515359701359e+02 -5.892487428468823119e+00 5.690433481053625009e+00
2.891020733715301958e+02 -5.886358148759328834e+00 5.684431863593220946e+00
2.888273652976361632e+02 -5.880183505675213418e+00 5.678453034297365143e+00
2.885528238643955206e+02 -5.873976886098253303e+00 5.672492682966575828e+00
2.882785199796937832e+02 -5.867741121350467104e+00 5.666545804477005177e+00
2.880044712251456644e+02 -5.861477062841357721e+00 5.660615268322152893e+00
2.877307771474331162e+02 -5.855191434929822414e+00 5.654690300565063943e+00
2.874574856052992118e+02 -5.848893748981963903e+00 5.648769558152482162e+00
2.871845225164860835e+02 -5.842586654378833622e+00 5.642853857884625235e+00
2.869120253810316967e+02 -5.836268574760371308e+00 5.636942216485123502e+00
2.866399727967883564e+02 -5.829947876041080335e+00 5.631025533324574894e+00
2.863683818032677664e+02 -5.823622420144989320e+00 5.625095209764912951e+00
2.860973413509482839e+02 -5.817294907966608086e+00 5.619164682435671132e+00
2.858268007992006687e+02 -5.810971506016434418e+00 5.613219414625880255e+00
2.855568181729640855e+02 -5.804650438598231155e+00 5.607265461088556613e+00
2.852874362019446721e+02 -5.798322931586580076e+00 5.601293085369578151e+00
2.850186440906796861e+02 -5.791987808938784177e+00 5.595305539882356349e+00
2.847504760002116200e+02 -5.785664815211580603e+00 5.589303681274983227e+00
2.844829348406414056e+02 -5.779350980263044946e+00 5.583289434244736782e+00
2.842160413522412341e+02 -5.773053722634594820e+00 5.577261101723454573e+00
2.839497143185325285e+02 -5.766770435433818065e+00 5.571226580358940694e+00
2.836840681735573071e+02 -5.760508383164215651e+00 5.565178495057917729e+00
2.834190261190543652e+02 -5.754262465488026557e+00 5.559112178128867932e+00
2.831546061989371879e+02 -5.748031987845759083e+00 5.553033678497943271e+00
2.828907570695218965e+02 -5.741820478955107276e+00 5.546942216777003942e+00
2.826275415528377266e+02 -5.735621539151025239e+00 5.540842104307798444e+00
2.823649288656976069e+02 -5.729437851853437458e+00 5.534729001146135197e+00
2.821028855857616122e+02 -5.723273543999320978e+00 5.528599976792249571e+00
2.818414273412819284e+02 -5.717128185420325970e+00 5.522465012010572494e+00
2.815804900522711591e+02 -5.711001863325792627e+00 5.516321004208593060e+00
2.813200652173269418e+02 -5.704900349772982437e+00 5.510167832756351913e+00
2.810601312356765220e+02 -5.698816445374514927e+00 5.504017151417351705e+00
2.808007081973383379e+02 -5.692751517752354218e+00 5.497862955176627153e+00
2.805417613915079187e+02 -5.686717469338001152e+00 5.491707959956121599e+00
2.802831651859678459e+02 -5.680701051620799191e+00 5.485557461954882363e+00
2.800250181892242836e+02 -5.674676923070580692e+00 5.479411814663641245e+00
2.797671902846621492e+02 -5.668681274769612699e+00 5.473269584116692066e+00
2.795097450208130567e+02 -5.662717930189660187e+00 5.467150841129043037e+00
2.792525099481027269e+02 -5.656790508190475464e+00 5.461052109609971339e+00
2.789955319423877427e+02 -5.650902439809827982e+00 5.454970880722226134e+00
2.787387260264670772e+02 -5.645054657408690169e+00 5.448922055750499815e+00
2.784820835009905409e+02 -5.639249817123169528e+00 5.442901167181123157e+00
2.782254819182753636e+02 -5.633492574591159041e+00 5.436918773753356859e+00
2.779689459281964901e+02 -5.627777407682190258e+00 5.430977231228323099e+00
2.777123568361096204e+02 -5.622116477519335298e+00 5.425077973729754532e+00
2.774556904002627107e+02 -5.616510274641454359e+00 5.419231760168478296e+00
2.771989341362243522e+02 -5.610946054307595965e+00 5.413429470678108757e+00
2.769421819631392054e+02 -5.605419912852665831e+00 5.407665429366653953e+00
2.766854884044687424e+02 -5.599933219309139787e+00 5.401943130281361860e+00
2.764288929311107950e+02 -5.594478333647138868e+00 5.396252177460048038e+00
2.761723655550625836e+02 -5.589044764673505306e+00 5.390592405175869573e+00
2.759160862406120600e+02 -5.583628518697925536e+00 5.384964616478049138e+00
2.756599685273270666e+02 -5.578227625112504917e+00 5.379360875615541104e+00
2.754041318960219655e+02 -5.572840100808215347e+00 5.373779095628099967e+00
2.751484894801893120e+02 -5.567421678604500102e+00 5.368210520252507223e+00
2.748931836116958038e+02 -5.561989620485478625e+00 5.362661918166652164e+00
2.746380996437996487e+02 -5.556548366934830341e+00 5.357119567206551913e+00
2.743834140410020836e+02 -5.551088794237982071e+00 5.351589329848424725e+00
2.741290126838302967e+02 -5.545608992199993814e+00 5.346062927202301474e+00
2.738749862066664491e+02 -5.540107091645523951e+00 5.340536616255135982e+00
2.736212810373360185e+02 -5.534578734064000471e+00 5.335014631687081454e+00
2.733679618612111994e+02 -5.529019427130702269e+00 5.329489359534455239e+00
2.731150909452197197e+02 -5.523429446433270940e+00 5.323960014159281329e+00
2.728626176076103320e+02 -5.517805973411872067e+00 5.318429203320678589e+00
2.726105454990203611e+02 -5.512147920425435110e+00 5.312894045364165763e+00
2.723589233208082874e+02 -5.506454181773000833e+00 5.307351937627275973e+00
2.721077774131582601e+02 -5.500722347090404973e+00 5.301801204636266363e+00
2.718570356028647552e+02 -5.494953065634378575e+00 5.296244134392439129e+00
2.716067128561575714e+02 -5.489142648176551731e+00 5.290677639338122518e+00
2.713568215448097476e+02 -5.483287567242202343e+00 5.285095872148968255e+00
2.711073835233533487e+02 -5.477399766069613207e+00 5.279505922960369801e+00
2.708583732406357854e+02 -5.471462078034616816e+00 5.273906046414999160e+00
2.706097447094630297e+02 -5.465491094609504330e+00 5.268291048032849311e+00
2.703615079374600327e+02 -5.459467908249201251e+00 5.262671655080806588e+00
2.701136439052792184e+02 -5.453394072460268305e+00 5.257039556220821197e+00
2.698661843909353024e+02 -5.447285197617195429e+00 5.251402618712484482e+00
2.696192101073917797e+02 -5.441161337829325539e+00 5.245756503579474206e+00
2.693726274569510224e+02 -5.435014076485850332e+00 5.240100293029938960e+00
2.691265301405674677e+02 -5.428862168544551281e+00 5.234441254457125048e+00
2.688808967352438799e+02 -5.422705421755501298e+00 5.228774209507110804e+00
2.686356349150487404e+02 -5.416551564487049220e+00 5.223107297835412943e+00
2.683907983552599035e+02 -5.410401029665026229e+00 5.217437216847906178e+00
2.681464230750494835e+02 -5.404267741826028981e+00 5.211764381278978675e+00
2.679024421939618037e+02 -5.398157449651234785e+00 5.206094464680764311e+00
2.676588299438832337e+02 -5.392073201729711940e+00 5.200424779302910139e+00
2.674156018610366914e+02 -5.386024581377188092e+00 5.194758227624769020e+00
2.671727718750166787e+02 -5.380020988734693255e+00 5.189099556851469508e+00
2.669302980916874048e+02 -5.374074423669036094e+00 5.183446643177577862e+00
2.666881636759442245e+02 -5.368200991290242641e+00 5.177803358622403707e+00
2.664463779719704348e+02 -5.362402136712796974e+00 5.172170337989810740e+00
2.662049488753416426e+02 -5.356694756165611970e+00 5.166546014197066938e+00
2.659638133369464299e+02 -5.351095325533258062e+00 5.160949861349685364e+00
2.657230374482324464e+02 -5.345611908308128157e+00 5.155362378707226689e+00
2.654825505064287654e+02 -5.340245836063456153e+00 5.149808548539333231e+00
2.652422678074525493e+02 -5.334991289697637917e+00 5.144280913632785612e+00
2.650023501341258338e+02 -5.329832510666989265e+00 5.138767562198633954e+00
2.647626599334298589e+02 -5.324762681859993130e+00 5.133276949204389261e+00
2.645232194557581238e+02 -5.319766660793942670e+00 5.127799909406571821e+00
2.642840734244938972e+02 -5.314823194372339188e+00 5.122340949749682792e+00
2.640451638201424203e+02 -5.309919434808022309e+00 5.116902150550443729e+00
2.638065211735222420e+02 -5.305052296234079812e+00 5.111479750708914693e+00
2.635681307882011311e+02 -5.300205892195540613e+00 5.106070137063045244e+00
2.633299692877831149e+02 -5.295366535049164547e+00 5.100673568441919770e+00
2.630920830053117356e+02 -5.290528727060943126e+00 5.095295291204311461e+00
2.628544733397403661e+02 -5.285687606437799779e+00 5.089931705398051065e+00
2.626171250947587623e+02 -5.280831661259361987e+00 5.084580926336362161e+00
2.623800008901254159e+02 -5.275953811202824362e+00 5.079243344613432853e+00
2.621431522326915342e+02 -5.271047712036597055e+00 5.073921795678002944e+00
2.619065389725119530e+02 -5.266107759552796530e+00 5.068610134025363756e+00
2.616701333074231002e+02 -5.261122690401519364e+00 5.063310026609368464e+00
2.614339964725969025e+02 -5.256086596503074304e+00 5.058027599841008026e+00
2.611980638150393474e+02 -5.251003270376780385e+00 5.052754758728225326e+00
2.609623571790552319e+02 -5.245861408503952994e+00 5.047491473180711452e+00
2.607266886963457750e+02 -5.240656906935664772e+00 5.042247403646437753e+00
2.604913278734855453e+02 -5.235393862673436871e+00 5.037013695393164348e+00
2.602560849362588442e+02 -5.230071855495916466e+00 5.031789678454726911e+00
2.600211260335714769e+02 -5.224689544181047474e+00 5.026578787043833429e+00
2.597863316936296201e+02 -5.219245469627825429e+00 5.021374747900271274e+00
2.595517304315585534e+02 -5.213746460614276934e+00 5.016179636652754681e+00
2.593173112484556100e+02 -5.208183204463409766e+00 5.010991663520948158e+00
2.590831412722524760e+02 -5.202569634605645810e+00 5.005816928482902384e+00
2.588491968543960979e+02 -5.196902455562395495e+00 5.000645406505351609e+00
2.586154759603115281e+02 -5.191184771058068748e+00 4.995478959085073001e+00
2.583819704256167142e+02 -5.185421597955850004e+00 4.990324771121831482e+00
2.581487573118878345e+02 -5.179620408488790240e+00 4.985172173938966722e+00
2.579157613257618209e+02 -5.173784451887542879e+00 4.980023156750666757e+00
2.576830761820799012e+02 -5.167914585073630107e+00 4.974882778740727929e+00
2.574506587395162569e+02 -5.162024341590129239e+00 4.969749933872161130e+00
2.572185169521745252e+02 -5.156118116790972650e+00 4.964611096176144933e+00
2.569866633139562282e+02 -5.150196210043077372e+00 4.959481164947403542e+00
2.567550911645661245e+02 -5.144266493532910545e+00 4.954349898013255427e+00
2.565238681178798856e+02 -5.138346360841715033e+00 4.949213949955063363e+00
2.562928361559826840e+02 -5.132438641336225515e+00 4.944089445408756944e+00
2.560621448171041266e+02 -5.126556527805782970e+00 4.938960610237414173e+00
2.558318775348113263e+02 -5.120703279448181711e+00 4.933831491707898920e+00
2.556020453152208063e+02 -5.114891061641595904e+00 4.928695612116475111e+00
2.553726936338275948e+02 -5.109130692818564690e+00 4.923556981631302065e+00
2.551438016682086811e+02 -5.103429023129302244e+00 4.918408433712784245e+00
2.549154868720500815e+02 -5.097802356041339245e+00 4.913249141419787414e+00
2.546877485017790832e+02 -5.092261412060036463e+00 4.908078281234737439e+00
2.544606205433462094e+02 -5.086812061546845065e+00 4.902895029477035038e+00
2.542341392627276377e+02 -5.081471882992657285e+00 4.897699358477296983e+00
2.540082427171884092e+02 -5.076226789558631936e+00 4.892494432260406256e+00
2.537829024880751660e+02 -5.071068952568365873e+00 4.887279669743156418e+00
2.535580823892922240e+02 -5.065993302871595105e+00 4.882055351085919703e+00
2.533337106725863634e+02 -5.060993221866297631e+00 4.876830694999981120e+00
2.531097734446919958e+02 -5.056054476225413374e+00 4.871601134863436044e+00
2.528862262203265061e+02 -5.051175700129893364e+00 4.866377644589180207e+00
2.526630649495034788e+02 -5.046350647817188673e+00 4.861155442327127041e+00
2.524402397709424690e+02 -5.041569286763536439e+00 4.855934845517508869e+00
2.522177566004436073e+02 -5.036822061389250038e+00 4.850719632721224528e+00
2.519955344213473438e+02 -5.032123171024662334e+00 4.845525180705594792e+00
2.517735744702075920e+02 -5.027453831505389381e+00 4.840341845370330631e+00
2.515517937492383282e+02 -5.022810012523033052e+00 4.835174982682034717e+00
2.513302764242744729e+02 -5.018184109991818964e+00 4.830025579085665655e+00
2.511089626530616385e+02 -5.013567330972275471e+00 4.824885105353484249e+00
2.508878146623825103e+02 -5.008952793118314872e+00 4.819763557523214281e+00
2.506668365390844997e+02 -5.004345412601370668e+00 4.814659461661407569e+00
2.504459725690162486e+02 -4.999728082522032935e+00 4.809570384402036325e+00
2.502252006483186904e+02 -4.995106476558773601e+00 4.804507125360737874e+00
2.500045536921277289e+02 -4.990476086237181974e+00 4.799464345522330255e+00
2.497839864541313091e+02 -4.985828956766350295e+00 4.794436632943671839e+00
2.495635379154739724e+02 -4.981161810026506487e+00 4.789431591939548483e+00
2.493432271519972687e+02 -4.976475587091162112e+00 4.784450393344029884e+00
2.491229729485232269e+02 -4.971767949164028089e+00 4.779489068710374156e+00
2.489028403374387608e+02 -4.967037108516516142e+00 4.774555966284516728e+00
2.486828393937861108e+02 -4.962275937991023511e+00 4.769638840265788104e+00
2.484629909200262716e+02 -4.957487730453534525e+00 4.764745995408071089e+00
2.482432072439329431e+02 -4.952667619607987071e+00 4.759870516457811007e+00
2.480235047708277989e+02 -4.947821531280353291e+00 4.755018832355272451e+00
2.478039323220013728e+02 -4.942936751099000325e+00 4.750187038110237125e+00
2.475844362265044936e+02 -4.938047986007978452e+00 4.745376297304695790e+00
2.473650237594824546e+02 -4.933124651937089489e+00 4.740588476483057256e+00
2.471458011081919324e+02 -4.928173922368232596e+00 4.735816889389742990e+00
2.469266829888119048e+02 -4.923186319524257115e+00 4.731056408622190901e+00
2.467077269957874819e+02 -4.918168335038774153e+00 4.726308845605325715e+00
2.464889696911609462e+02 -4.913111513370870043e+00 4.721575893693568560e+00
2.462704132222557973e+02 -4.908023133681063577e+00 4.716853793228901637e+00
2.460520901770599949e+02 -4.902907711823873527e+00 4.712135989795529056e+00
2.458340140392522528e+02 -4.897757072178802851e+00 4.707425521648085365e+00
2.456162134793181053e+02 -4.892576246876506829e+00 4.702718823352388000e+00
2.453987133694368765e+02 -4.887367629108309686e+00 4.698012767484131658e+00
2.451815385101234028e+02 -4.882130023475968805e+00 4.693304290957058811e+00
2.449647252047772668e+02 -4.876865649477847953e+00 4.688589236536558680e+00
2.447482944216754959e+02 -4.871573464436178114e+00 4.683865035579161784e+00
2.445322367037971958e+02 -4.866264200058119549e+00 4.679132215957938712e+00
2.443166055591099735e+02 -4.860930178442658622e+00 4.674385061910649952e+00
2.441015459847212412e+02 -4.855580065533902534e+00 4.669621733416357223e+00
2.438869510445047695e+02 -4.850203655879480102e+00 4.664835467699695926e+00
2.436729245590539392e+02 -4.844813991917303220e+00 4.660026170918995625e+00
2.434595052531892634e+02 -4.839426226698521738e+00 4.655194613593717001e+00
2.432466220347544379e+02 -4.834044084929010943e+00 4.650347224491449438e+00
2.430342134439813435e+02 -4.828666656990046491e+00 4.645487242884118295e+00
2.428223386679705982e+02 -4.823296135773286863e+00 4.640609905004130731e+00
2.426108594054800278e+02 -4.817934531765548201e+00 4.635730533437810941e+00
2.423997711121504324e+02 -4.812590375235232365e+00 4.630840662449737799e+00
2.421891401252520950e+02 -4.807269238356712826e+00 4.625951494966991540e+00
2.419788171171248337e+02 -4.801976719986110531e+00 4.621058085016319872e+00
2.417688255168127114e+02 -4.796717573292557546e+00 4.616167513854590787e+00
2.415591906162214570e+02 -4.791497024084401701e+00 4.611278353656777185e+00
2.413498590669846919e+02 -4.786319006806895260e+00 4.606397587247209380e+00
2.411407764855267146e+02 -4.781186864040777529e+00 4.601522659042332819e+00
2.409319736651740982e+02 -4.776103683166285307e+00 4.596659197748777181e+00
2.407234314950128748e+02 -4.771072675857573664e+00 4.591802339446966919e+00
2.405151541343751092e+02 -4.766096451335003259e+00 4.586962471337606928e+00
2.403070590338103614e+02 -4.761178010135814986e+00 4.582132243850735698e+00
2.400991389249507506e+02 -4.756319409341036142e+00 4.577322540469309864e+00
2.398915004070657915e+02 -4.751520021642097191e+00 4.572521889854700206e+00
2.396839873143911746e+02 -4.746781960749621554e+00 4.567744695000882871e+00
2.394766887320916169e+02 -4.742108163186042447e+00 4.562982861486871933e+00
2.392696921556420477e+02 -4.737520833762643768e+00 4.558232655266740707e+00
2.390627733924307847e+02 -4.732994121999971604e+00 4.553510813212179542e+00
2.388560543011420521e+02 -4.728527273284302446e+00 4.548800461175729559e+00
2.386495375218129880e+02 -4.724119101271060828e+00 4.544112591209112040e+00
2.384431141324831742e+02 -4.719767635184351384e+00 4.539447147801058513e+00
2.382369151981934579e+02 -4.715471056498654612e+00 4.534795322699219255e+00
2.380308504808327257e+02 -4.711226645121565859e+00 4.530160658375880445e+00
2.378249208128412135e+02 -4.707031407162570069e+00 4.525543462426778518e+00
2.376191138975394495e+02 -4.702882426731034293e+00 4.520941887694293726e+00
2.374134710487221582e+02 -4.698775878477289503e+00 4.516359046224423857e+00
2.372080119815305750e+02 -4.694705417873859865e+00 4.511793671655161653e+00
2.370026795022784825e+02 -4.690664971102293634e+00 4.507240018967442197e+00
2.367975364897440329e+02 -4.686647413107067450e+00 4.502702204570149469e+00
2.365925395478576263e+02 -4.682646653602938080e+00 4.498180587841877909e+00
2.363877557489686865e+02 -4.678655100044761816e+00 4.493669006641620278e+00
2.361831533933093681e+02 -4.674665395317022742e+00 4.489173455223493647e+00
2.359788251377692063e+02 -4.670670719250892056e+00 4.484685060540870793e+00
2.357746498786951292e+02 -4.666662690847779515e+00 4.480209409940157705e+00
2.355706600402067181e+02 -4.662633159783099224e+00 4.475742361625585808e+00
2.353669746034629782e+02 -4.658588570056099165e+00 4.471283026588806386e+00
2.351634972957920411e+02 -4.654514198041876050e+00 4.466825729253139698e+00
2.349603209659446463e+02 -4.650392598109623243e+00 4.462372755481595732e+00
2.347573199307841776e+02 -4.646214628849693717e+00 4.457922662842395134e+00
2.345546214896056938e+02 -4.641971413494935028e+00 4.453466614791674161e+00
2.343521965657478745e+02 -4.637650976391696211e+00 4.449014219362495304e+00
2.341500038493597629e+02 -4.633244208033589828e+00 4.444554364107542455e+00
2.339480946929855918e+02 -4.628740437478722214e+00 4.440090803124666863e+00
2.337464952810748571e+02 -4.624131557213991606e+00 4.435623484352968049e+00
2.335452376008734916e+02 -4.619424347889847127e+00 4.431146078259640575e+00
2.333442623843227182e+02 -4.614628052476942521e+00 4.426662485469413433e+00
2.331435553534352891e+02 -4.609750499598898266e+00 4.422176485925199074e+00
2.329431375067785268e+02 -4.604801935002907243e+00 4.417686909384138438e+00
2.327430455912419802e+02 -4.599794778992888133e+00 4.413193936955108754e+00
2.325432391084307824e+02 -4.594728507303596388e+00 4.408700994802921436e+00
2.323436787570540218e+02 -4.589619567514474419e+00 4.404205417166706660e+00
2.321444157991013526e+02 -4.584475628743248876e+00 4.399708186301586998e+00
2.319453898098848015e+02 -4.579304352446505355e+00 4.395205647139071914e+00
2.317466471126272154e+02 -4.574107995733999843e+00 4.390713570054250781e+00
2.315482073469774775e+02 -4.568905082395292361e+00 4.386220954284121731e+00
2.313501865395419941e+02 -4.563705060931206425e+00 4.381726213380373380e+00
2.311523689403193202e+02 -4.558498912297068273e+00 4.377235132254278405e+00
2.309548703250075334e+02 -4.553306429569750513e+00 4.372744135513360497e+00
2.307575934745447341e+02 -4.548118466585353126e+00 4.368262645671818767e+00
2.305606911148616973e+02 -4.542954537282223093e+00 4.363789043461058448e+00
2.303640347418751446e+02 -4.537814141014536951e+00 4.359317913447843473e+00
2.301676207057266481e+02 -4.532702001900937638e+00 4.354857565049885082e+00
2.299714773952870246e+02 -4.527627922221385326e+00 4.350399187571984072e+00
2.297756531412614720e+02 -4.522597520877279287e+00 4.345944764170037722e+00
2.295801073500925327e+02 -4.517614487215442232e+00 4.341500088250347389e+00
2.293847960467098233e+02 -4.512680929368846350e+00 4.337062709678209060e+00
2.291897653861480819e+02 -4.507802105999585862e+00 4.332626532526321128e+00
2.289950003234991982e+02 -4.502985093018947893e+00 4.328198252070443175e+00
2.288005241727932741e+02 -4.498227284174412866e+00 4.323782594068879881e+00
2.286063075384110164e+02 -4.493533549129195670e+00 4.319369447762606562e+00
2.284123279707610266e+02 -4.488910346597179135e+00 4.314961664976474154e+00
2.282186529433831765e+02 -4.484354629155800076e+00 4.310562615343853210e+00
2.280252312140071922e+02 -4.479867724903033199e+00 4.306173601235788517e+00
2.278320527363727024e+02 -4.475451985534471433e+00 4.301788528983668591e+00
2.276391865190202850e+02 -4.471104892404459186e+00 4.297410531756709062e+00
2.274465903003546146e+02 -4.466831472107334555e+00 4.293036441683367066e+00
2.272542350043521537e+02 -4.462623520134259003e+00 4.288668827463183675e+00
2.270620809020393267e+02 -4.458480797675687946e+00 4.284307284215098655e+00
2.268702298103143562e+02 -4.454400561298123229e+00 4.279949673752949657e+00
2.266785572213846081e+02 -4.450377008944406576e+00 4.275605292879755659e+00
2.264870918946301970e+02 -4.446408638207892672e+00 4.271265641601230456e+00
2.262958335352313384e+02 -4.442487104060698577e+00 4.266937202299363463e+00
2.261047471683912988e+02 -4.438612408388164177e+00 4.262620814471905106e+00
2.259138949954997031e+02 -4.434774097604977428e+00 4.258317289409743189e+00
2.257232346614746348e+02 -4.430971433410870297e+00 4.254023304346018719e+00
2.255327232833134588e+02 -4.427189516871711028e+00 4.249740031833959542e+00
2.253423742990216283e+02 -4.423424069536913805e+00 4.245471919341225586e+00
2.251521697187813800e+02 -4.419663901576218912e+00 4.241214442602058377e+00
2.249620811544232595e+02 -4.415906412458334707e+00 4.236976657680654235e+00
2.247721091678025971e+02 -4.412136006165646052e+00 4.232752346155812972e+00
2.245822538647935858e+02 -4.408339019354829524e+00 4.228537865474320867e+00
2.243925215805813878e+02 -4.404514712221600625e+00 4.224347038335887206e+00
2.242028016950933704e+02 -4.400658890127164824e+00 4.220166829717892476e+00
2.240132872744325425e+02 -4.396779929481899885e+00 4.215998626177459130e+00
2.238239739999327469e+02 -4.392864094813329068e+00 4.211831594489924058e+00
2.236347762438725795e+02 -4.388930839814152662e+00 4.207682754775377454e+00
2.234457915181131398e+02 -4.384973418934318801e+00 4.203541592635756885e+00
2.232569869806244469e+02 -4.380989564635621392e+00 4.199402548363540433e+00
2.230683781151419112e+02 -4.376989244196332507e+00 4.195274772536447649e+00
2.228799866164068817e+02 -4.372965491605918409e+00 4.191150209207330946e+00
2.226918787324057405e+02 -4.368924458589068749e+00 4.187026986129480655e+00
2.225039897149288208e+02 -4.364858369819708983e+00 4.182906428924315634e+00
2.223163817809088982e+02 -4.360775354608935395e+00 4.178791729927804788e+00
2.221290339260254427e+02 -4.356671466118352321e+00 4.174677151815813225e+00
2.219420202695547459e+02 -4.352545913184743043e+00 4.170560993468559907e+00
2.217552776111669459e+02 -4.348395913292848469e+00 4.166445387312746718e+00
2.215688171652612937e+02 -4.344223383010910489e+00 4.162328627100720269e+00
2.213826994198543616e+02 -4.340027666493959657e+00 4.158209040735405537e+00
2.211968360800957782e+02 -4.335810388948880600e+00 4.154084991928765902e+00
2.210113328856140811e+02 -4.331566094367774511e+00 4.149961113230448362e+00
2.208261240374349086e+02 -4.327297825623569238e+00 4.145824578732161036e+00
2.206412044912520116e+02 -4.323005534191028509e+00 4.141691697476347578e+00
2.204566000692865657e+02 -4.318680219145463184e+00 4.137549827474129138e+00
2.202723855646645177e+02 -4.314331814983471958e+00 4.133398696141622253e+00
2.200885290712919016e+02 -4.309946314071467555e+00 4.129241551748984662e+00
2.199049080461471704e+02 -4.305543932302175136e+00 4.125078908016474699e+00
2.197216164811897556e+02 -4.301111989918349643e+00 4.120915087926906750e+00
2.195386581151320229e+02 -4.296662550831651828e+00 4.116745846439835432e+00
2.193559912639361755e+02 -4.292194327498932260e+00 4.112578168271387113e+00
2.191736368933731569e+02 -4.287706113338982661e+00 4.108404249987344770e+00
2.189915852367944353e+02 -4.283196781832474542e+00 4.104231128454356003e+00
2.188098040339866373e+02 -4.278672057409053764e+00 4.100055961516061664e+00
2.186283122184613035e+02 -4.274136799517914476e+00 4.095882566209366971e+00
2.184470865318825190e+02 -4.269589814975898179e+00 4.091710010382030305e+00
2.182660588067365097e+02 -4.265034269940866984e+00 4.087532885472027644e+00
2.180853076576968590e+02 -4.260469321243197882e+00 4.083356546844738588e+00
2.179048088774791552e+02 -4.255904734631368314e+00 4.079186791216471875e+00
2.177245200791062416e+02 -4.251345464265727792e+00 4.075022922499348610e+00
2.175444560693176186e+02 -4.246790646064201979e+00 4.070864306950367606e+00
2.173645665047422142e+02 -4.242245806884959336e+00 4.066710374565765562e+00
2.171848472641657395e+02 -4.237711700240099688e+00 4.062560620505519360e+00
2.170053109743175810e+02 -4.233194432725135847e+00 4.058429021887416610e+00
2.168259065167951860e+02 -4.228694405758424146e+00 4.054307813634482116e+00
2.166466491436949298e+02 -4.224208271558940631e+00 4.050195439839132661e+00
2.164675802349755713e+02 -4.219751355719783881e+00 4.046095949597436459e+00
2.162885174224199432e+02 -4.215324457413626824e+00 4.042021105683828885e+00
2.161095732755708241e+02 -4.210937587903060830e+00 4.037958745634463220e+00
2.159306462507339006e+02 -4.206586034622706194e+00 4.033919509513251178e+00
2.157517799399065836e+02 -4.202279374510994536e+00 4.029908350628270242e+00
2.155729024407182521e+02 -4.198017114421905838e+00 4.025915849328608687e+00
2.153940365982621472e+02 -4.193802839594410692e+00 4.021954004029745455e+00
2.152152832692777338e+02 -4.189635819977085340e+00 4.018014364915279302e+00
2.150366129387585943e+02 -4.185517898203596765e+00 4.014091555223374463e+00
2.148579904883525273e+02 -4.181455302101964477e+00 4.010189470267662593e+00
2.146795114241367628e+02 -4.177444847507929993e+00 4.006307347866050250e+00
2.145012059096181360e+02 -4.173484177583032029e+00 4.002435559260687725e+00
2.143230340687257183e+02 -4.169579407190157738e+00 3.998572139954248872e+00
2.141450727278691488e+02 -4.165721545865015862e+00 3.994727239872879476e+00
2.139672629952505076e+02 -4.161911874728966509e+00 3.990882417695546192e+00
2.137896754480309482e+02 -4.158151416082283447e+00 3.987047760001941832e+00
2.136123666350133306e+02 -4.154438768717419350e+00 3.983223849765562541e+00
2.134352281096895751e+02 -4.150772030349584973e+00 3.979399339778404432e+00
2.132583686067948179e+02 -4.147123447793559237e+00 3.975568136948786968e+00
2.130818070443887962e+02 -4.143508419044314550e+00 3.971743589379730377e+00
2.129054534006265271e+02 -4.139937734427435956e+00 3.967916965704892274e+00
2.127294532092981285e+02 -4.136399025195707679e+00 3.964095820368841672e+00
2.125537065265122294e+02 -4.132885201088181581e+00 3.960265299117832427e+00
2.123782455379449630e+02 -4.129401938778227255e+00 3.956432956473471485e+00
2.122030744393446184e+02 -4.125938337063646877e+00 3.952602082590417343e+00
2.120281979562708443e+02 -4.122492112539147158e+00 3.948761584047004281e+00
2.118536957141608639e+02 -4.119059346050690351e+00 3.944917056527618815e+00
2.116794802041261505e+02 -4.115633188067085335e+00 3.941066581632151511e+00
2.115055713355400826e+02 -4.112211897261383697e+00 3.937211406766952582e+00
2.113319759884982147e+02 -4.108784595991443744e+00 3.933352303875812694e+00
2.111586581327305225e+02 -4.105351147212892293e+00 3.929483117018335303e+00
2.109856717122860061e+02 -4.101906157094507677e+00 3.925606756808500020e+00
2.108129798351976945e+02 -4.098445933655682438e+00 3.921723756463414201e+00
2.106405768743550482e+02 -4.094966397671570668e+00 3.917838010191104559e+00
2.104685455440214241e+02 -4.091467547477409816e+00 3.913949505939380735e+00
2.102967135301772998e+02 -4.087937846976893219e+00 3.910049383785053845e+00
2.101252740974705091e+02 -4.084377011018720083e+00 3.906148935199688754e+00
2.099540348170248478e+02 -4.080779063431902109e+00 3.902240839585516152e+00
2.097831414826571290e+02 -4.077139895478060438e+00 3.898331439976857826e+00
2.096124631053738767e+02 -4.073462545798824053e+00 3.894425809295662066e+00
2.094420244004530787e+02 -4.069747828695565950e+00 3.890515260547620979e+00
2.092718867285598208e+02 -4.065987708804152057e+00 3.886601897393045846e+00
2.091019948149572372e+02 -4.062190898193133393e+00 3.882693154578763739e+00
2.089323321593822698e+02 -4.058356170705330612e+00 3.878780707142712725e+00
2.087628494287248202e+02 -4.054483147440098634e+00 3.874874886672699414e+00
2.085935860779664779e+02 -4.050567134420647086e+00 3.870974727784215919e+00
2.084245611424211404e+02 -4.046614655491579171e+00 3.867079359505983582e+00
2.082557345691903947e+02 -4.042628825943974213e+00 3.863192027391620265e+00
2.080870671232710265e+02 -4.038617660546856669e+00 3.859311806278973300e+00
2.079185251868284467e+02 -4.034579015584832895e+00 3.855439098842954326e+00
2.077501641772698235e+02 -4.030522122334698309e+00 3.851576797470372071e+00
2.075819620337518643e+02 -4.026451706348727733e+00 3.847730027045464851e+00
2.074138951532447379e+02 -4.022372957261589832e+00 3.843901083658258333e+00
2.072459676564889719e+02 -4.018301230970162230e+00 3.840089238171930042e+00
2.070781231772389219e+02 -4.014219564819764940e+00 3.836291977324881586e+00
2.069104295932877733e+02 -4.010130368194698924e+00 3.832506399044271816e+00
2.067428327894833444e+02 -4.006041571526027134e+00 3.828737341379402803e+00
2.065753851020467664e+02 -4.001921944204807957e+00 3.824984666884742257e+00
2.064079861355874925e+02 -3.997791792247689546e+00 3.821244401503469668e+00
2.062407713365266488e+02 -3.993651085537267331e+00 3.817520146582494611e+00
2.060736114679264119e+02 -3.989491817235334192e+00 3.813803905953946582e+00
2.059065368654411259e+02 -3.985324841795022000e+00 3.810097886537983758e+00
2.057396208131648905e+02 -3.981137659363711556e+00 3.806398076629322613e+00
2.055728469511766150e+02 -3.976940510037540566e+00 3.802711148682833997e+00
2.054061401894119854e+02 -3.972735088928971425e+00 3.799032417335749034e+00
2.052395295437050322e+02 -3.968521445243674339e+00 3.795364753956964599e+00
2.050730814289265993e+02 -3.964305049981319939e+00 3.791702132171169914e+00
2.049067629644272870e+02 -3.960091645006797556e+00 3.788046571108904637e+00
2.047405384245885500e+02 -3.955882575223034436e+00 3.784399306822032738e+00
2.045744824755155378e+02 -3.951680400207797206e+00 3.780759762192675844e+00
2.044085616663579401e+02 -3.947491373979233664e+00 3.777123798668676535e+00
2.042427877164591052e+02 -3.943316056097464717e+00 3.773498239452331759e+00
2.040771336471045743e+02 -3.939164508416520327e+00 3.769873806191251120e+00
2.039117196694799361e+02 -3.935038563996043237e+00 3.766257672983580829e+00
2.037463817525593868e+02 -3.930935887896500613e+00 3.762644519138911292e+00
2.035812371434705312e+02 -3.926868609081313632e+00 3.759038667140643053e+00
2.034162864946727325e+02 -3.922831726627979521e+00 3.755434411411883389e+00
2.032514028719019166e+02 -3.918832972278844196e+00 3.751843293538979829e+00
2.030867490405144338e+02 -3.914878286822192965e+00 3.748248432842746780e+00
2.029222622890380023e+02 -3.910961329414714527e+00 3.744656915221805882e+00
2.027579692213927558e+02 -3.907098864480405442e+00 3.741072327252498830e+00
2.025938994863643074e+02 -3.903286928816485091e+00 3.737486859573639464e+00
2.024299914108912617e+02 -3.899523750371060249e+00 3.733901707550703275e+00
2.022663368435185873e+02 -3.895816150912782216e+00 3.730321230598967919e+00
2.021028906806438954e+02 -3.892169628693982641e+00 3.726744181535405431e+00
2.019396601719141984e+02 -3.888578758568265403e+00 3.723166044669746544e+00
2.017766521777799085e+02 -3.885041802254431964e+00 3.719586895854463116e+00
2.016139176341735038e+02 -3.881561155051596046e+00 3.716009658156908202e+00
2.014514034055769685e+02 -3.878143678089846169e+00 3.712432147966736373e+00
2.012891520903801563e+02 -3.874778778099434273e+00 3.708854392892093621e+00
2.011271724925325373e+02 -3.871470056723054221e+00 3.705276018995578458e+00
2.009653835604610492e+02 -3.868217783717182279e+00 3.701697295832734103e+00
2.008039581222228378e+02 -3.865020520693566830e+00 3.698117148485807970e+00
2.006427527619781017e+02 -3.861872067575708112e+00 3.694535901943747813e+00
2.004818696957419775e+02 -3.858778437699007302e+00 3.690953048484629573e+00
2.003213255867776184e+02 -3.855733233287131689e+00 3.687369471926945863e+00
2.001610210445609823e+02 -3.852735848262473617e+00 3.683787302117642160e+00
2.000010024322089066e+02 -3.849786388281163152e+00 3.680203742783922038e+00
1.998413939834214545e+02 -3.846878751002401398e+00 3.676617659279671546e+00
1.996820896432445522e+02 -3.844016781977999120e+00 3.673029515823472924e+00
1.995231823703458645e+02 -3.841189490427318720e+00 3.669437617642564486e+00
1.993645679263501904e+02 -3.838399443467262806e+00 3.665842260989567780e+00
1.992063103371787633e+02 -3.835635950675577277e+00 3.662244581219891160e+00
1.990483750161550631e+02 -3.832889227376859331e+00 3.658645872888432127e+00
1.988907045057578102e+02 -3.830144069279272756e+00 3.655046333062427877e+00
1.987333267218477317e+02 -3.827393085140266216e+00 3.651447309844961797e+00
1.985762147250891019e+02 -3.824624293297572031e+00 3.647849703731016024e+00
1.984193342579479236e+02 -3.821825894679653057e+00 3.644254432826383283e+00
1.982626736628737376e+02 -3.818987823701192053e+00 3.640662430159392393e+00
1.981062377652843054e+02 -3.816109631504426059e+00 3.637074098447418358e+00
1.979500000432840636e+02 -3.813177312018095844e+00 3.633491276652612623e+00
1.977939341906476614e+02 -3.810187882464825204e+00 3.629914164999575199e+00
1.976380141819539631e+02 -3.807126611704835462e+00 3.626343326807756728e+00
1.974822838648164520e+02 -3.803994461064336363e+00 3.622779726414862012e+00
1.973266570248784717e+02 -3.800783469354257260e+00 3.619224325304734258e+00
1.971710801153155330e+02 -3.797488143913149816e+00 3.615679966765947828e+00
1.970156235064038697e+02 -3.794120121944805746e+00 3.612146671540120035e+00
1.968602710625208090e+02 -3.790656742325740236e+00 3.608622773038877796e+00
1.967049998254636591e+02 -3.787101342236551371e+00 3.605109189899927014e+00
1.965497875715707323e+02 -3.783461739320264972e+00 3.601606458929405008e+00
1.963946128707957541e+02 -3.779733208314421500e+00 3.598114183410603406e+00
1.962394809479037292e+02 -3.775914570762301192e+00 3.594633217181903095e+00
1.960844282449729974e+02 -3.772011595125995154e+00 3.591164090243049056e+00
1.959294360375399719e+02 -3.768024293867591190e+00 3.587707075398651302e+00
1.957744865993467442e+02 -3.763958032646546048e+00 3.584262189896495698e+00
1.956196043295891513e+02 -3.759822008163747231e+00 3.580829267230888568e+00
1.954647246434129215e+02 -3.755612879463406273e+00 3.577408546554668334e+00
1.953099051820617831e+02 -3.751341924913006221e+00 3.573999330510161165e+00
1.951550745302006078e+02 -3.747012802154358280e+00 3.570602084823810696e+00
1.950003014451238244e+02 -3.742636803589321826e+00 3.567216534873968392e+00
1.948455913706968943e+02 -3.738216601838841413e+00 3.563842079360663995e+00
1.946909127121756171e+02 -3.733760561913188170e+00 3.560478963598274760e+00
1.945362567980340884e+02 -3.729281884945508718e+00 3.557125564777260163e+00
1.943816877899418785e+02 -3.724787023303981481e+00 3.553782536407403825e+00
1.942271294479901087e+02 -3.720284085165025179e+00 3.550449232251595699e+00
1.940726436595202813e+02 -3.715789981251051088e+00 3.547127140317261951e+00
1.939182484310943835e+02 -3.711305623989615388e+00 3.543812911726921033e+00
1.937640013429221142e+02 -3.706844252635387971e+00 3.540505576777968066e+00
1.936098313377992497e+02 -3.702413463196017496e+00 3.537203305824453192e+00
1.934557579830810425e+02 -3.698023661004561369e+00 3.533906171957664544e+00
1.933018432190479530e+02 -3.693676839241668119e+00 3.530612054939200828e+00
1.931481162526493733e+02 -3.689387097819528893e+00 3.527320289419082933e+00
1.929945697982523996e+02 -3.685161889493997922e+00 3.524029778835738647e+00
1.928411777264385023e+02 -3.681008165771060714e+00 3.520738461381116124e+00
1.926880366665849067e+02 -3.676935672339495031e+00 3.517445222578205133e+00
1.925351513026152759e+02 -3.672944059114885640e+00 3.514148892326898643e+00
1.923825270273046613e+02 -3.669041360752941738e+00 3.510847775340433241e+00
1.922301698810880453e+02 -3.665238854716211137e+00 3.507539226601278148e+00
1.920780864895874913e+02 -3.661536204445126064e+00 3.504222385707425058e+00
1.919263374425768234e+02 -3.657934488006708840e+00 3.500895798671491921e+00
1.917748662394926669e+02 -3.654439749135547810e+00 3.497559713664841752e+00
1.916237632460302223e+02 -3.651054564178167983e+00 3.494216440924549083e+00
1.914728982078363515e+02 -3.647779707128189663e+00 3.490866535692381145e+00
1.913224468133207381e+02 -3.644616588314105066e+00 3.487511507137249112e+00
1.911721826029969975e+02 -3.641574722682142884e+00 3.484154695385585310e+00
1.910222984586589519e+02 -3.638643772658890274e+00 3.480796204238646663e+00
1.908726465110524089e+02 -3.635821149805567920e+00 3.477435137091828832e+00
1.907233328047949499e+02 -3.633103560011586186e+00 3.474073625836544998e+00
1.905742876380597579e+02 -3.630487236886654312e+00 3.470712526723194635e+00
1.904255307741856029e+02 -3.627966513669689697e+00 3.467352654321332217e+00
1.902770339195128884e+02 -3.625535874346559773e+00 3.463994194391345705e+00
1.901288270348975402e+02 -3.623188494824647332e+00 3.460638766733322491e+00
1.899808526467149647e+02 -3.620916704450325430e+00 3.457286522427200914e+00
1.898331475708411915e+02 -3.618713089836183006e+00 3.453938518777782019e+00
1.896856458063853665e+02 -3.616568483658704647e+00 3.450595163896118311e+00
1.895384160785695542e+02 -3.614474118888973297e+00 3.447256806552375430e+00
1.893914111735802805e+02 -3.612419539624000198e+00 3.443924424380975680e+00
1.892446492146990238e+02 -3.610394142441178733e+00 3.440598996079189842e+00
1.890981088976164415e+02 -3.608387421920779659e+00 3.437279671478769671e+00
1.889517425301550304e+02 -3.606389333581695222e+00 3.433968013922145346e+00
1.888055918719118722e+02 -3.604388737396463149e+00 3.430664227737157290e+00
1.886596516617882742e+02 -3.602374779792937964e+00 3.427367625547979468e+00
1.885138990979426978e+02 -3.600335460212430228e+00 3.424079642095587239e+00
1.883683161964832777e+02 -3.598265734143627714e+00 3.420800399515189216e+00
1.882228874297999823e+02 -3.596156539577949118e+00 3.417530742026710033e+00
1.880776507317791015e+02 -3.593990895138237995e+00 3.414269252260997867e+00
1.879325239666134166e+02 -3.591759340138749756e+00 3.411016949883066474e+00
1.877875536674351906e+02 -3.589451848871468620e+00 3.407772356425242677e+00
1.876427177830695143e+02 -3.587059779849365082e+00 3.404537315298445943e+00
1.874979945997088748e+02 -3.584573977919878640e+00 3.401310293814831187e+00
1.873533628099129658e+02 -3.581987043130641979e+00 3.398092200959466957e+00
1.872088337536827396e+02 -3.579291006450676882e+00 3.394882743778096401e+00
1.870644369039305559e+02 -3.576480040626794032e+00 3.391681573207683265e+00
1.869201526017616288e+02 -3.573549451485389827e+00 3.388488680083103777e+00
1.867759182519003787e+02 -3.570494164373720025e+00 3.385303581614193202e+00
1.866317722661414962e+02 -3.567310639142182271e+00 3.382126313806367079e+00
1.864877149577412467e+02 -3.563996106222485860e+00 3.378956458703578747e+00
1.863437543107524164e+02 -3.560548151376954795e+00 3.375793048379843952e+00
1.861998427612332137e+02 -3.556966588864022505e+00 3.372635352679998366e+00
1.860559428466070244e+02 -3.553251561318217622e+00 3.369483825357625140e+00
1.859121743132729989e+02 -3.549405115226279772e+00 3.366337311197593607e+00
1.857684149451285407e+02 -3.545427876205949680e+00 3.363194708543176592e+00
1.856247048137898616e+02 -3.541323800687248724e+00 3.360055735304472435e+00
1.854810679771057380e+02 -3.537105377019088781e+00 3.356919329872972035e+00
1.853375371831432403e+02 -3.532767620887820925e+00 3.353784348070656396e+00
1.851939900478153618e+02 -3.528315651862287350e+00 3.350650788356828613e+00
1.850505867809451956e+02 -3.523755580049894753e+00 3.347516201645279743e+00
1.849071786585501229e+02 -3.519095464089740943e+00 3.344380842941876431e+00
1.847639004722832397e+02 -3.514349576067358427e+00 3.341244926386989889e+00
1.846206527324011688e+02 -3.509534611689629546e+00 3.338109193910455907e+00
1.844774840965678777e+02 -3.504666820055070353e+00 3.334974286053393300e+00
1.843343892738564591e+02 -3.499763389598365748e+00 3.331840683941331260e+00
1.841913642723076237e+02 -3.494841311596657452e+00 3.328709567711205075e+00
1.840484063656522267e+02 -3.489917840525534665e+00 3.325580663890903121e+00
1.839055140518330802e+02 -3.485009809852519513e+00 3.322454552761067159e+00
1.837627365765524985e+02 -3.480133723581954275e+00 3.319331943364737025e+00
1.836200536875074647e+02 -3.475306708870490979e+00 3.316213277180765751e+00
1.834774959101599734e+02 -3.470544201924728789e+00 3.313099242830680691e+00
1.833350297442724468e+02 -3.465861838732190670e+00 3.309989844183748087e+00
1.831927028787623328e+02 -3.461274742589468989e+00 3.306884765787748925e+00
1.830505369253905315e+02 -3.456797109553280123e+00 3.303784995888630505e+00
1.829085371521381660e+02 -3.452441583064948194e+00 3.300690347096641553e+00
1.827666493935786320e+02 -3.448224140906563040e+00 3.297599693322755154e+00
1.826249526637217002e+02 -3.444154775950561742e+00 3.294514015088219949e+00
1.824834509665320468e+02 -3.440241042766558177e+00 3.291433213125069202e+00
1.823421967424368120e+02 -3.436490698887367135e+00 3.288356866708133541e+00
1.822010778219945166e+02 -3.432912033913985805e+00 3.285285429653090450e+00
1.820601662965479477e+02 -3.429510610124036241e+00 3.282217889304718472e+00
